warning_t,confirmation_t,confirm_age,label,gap_prev_gt,gap_next_gt,gap_prev_det,norm_before,norm_after,norm_delta,direction,raw_before,raw_after,raw_rel_change,discord,swap_gap,swap_within,dataset,config,stage3
2471,2503,32,orphan,,3279.0,,0.4451,0.443,-0.0021,flat,2.4467,2.2759,-0.0698,masked_fall,,0,reg_gradual_20k.csv,htr/error,"{""buffer_len"": 33, ""merged"": [], ""collection_size"": 2, ""current_idx"": 1, ""best_idx"": 0, ""acc_current_on_warning"": 0.5611054046872337, ""acc_best_on_warning"": 0.5611054046872337, ""acc_new_on_warning"": 0.379725570386081, ""winner_initial"": ""reused_copy"", ""acc_on_buffer"": {""0"": 0.5611054046872337}, ""similarity_metric"": ""residual_pearson"", ""merge_pairs"": [], ""slot_eras"": {""0"": 0, ""1"": 1}, ""score_semanti"
5991,6023,32,hit,241.0,6759.0,3520.0,0.4948,0.6274,0.1326,rise,2.8589,5.3189,0.8605,,3486.0,0,reg_gradual_20k.csv,htr/error,"{""buffer_len"": 33, ""merged"": [0], ""collection_size"": 2, ""current_idx"": 2, ""best_idx"": 1, ""acc_current_on_warning"": 0.3262473144234983, ""acc_best_on_warning"": 0.3262473144234983, ""acc_new_on_warning"": 0.3306656053864244, ""winner_initial"": ""reused_copy"", ""acc_on_buffer"": {""1"": 0.3262473144234983}, ""similarity_metric"": ""residual_pearson"", ""merge_pairs"": [[1, 0]], ""slot_eras"": {""0"": 0, ""1"": 1, ""2"": 2}"
6535,6535,0,echo_inwin,785.0,6215.0,544.0,0.623,0.5257,-0.0973,fall,5.258,3.2511,-0.3817,,323.0,1,reg_gradual_20k.csv,htr/error,"{""buffer_len"": 1, ""merged"": [], ""collection_size"": 3, ""current_idx"": 3, ""best_idx"": 2, ""acc_current_on_warning"": 0.43287269293141173, ""acc_best_on_warning"": 0.43287269293141173, ""acc_new_on_warning"": 0.0, ""winner_initial"": ""reused_copy"", ""acc_on_buffer"": {""1"": 0.0, ""2"": 0.43287269293141173}, ""similarity_metric"": ""residual_pearson"", ""merge_pairs"": [], ""slot_eras"": {""0"": 0, ""1"": 1, ""2"": 2, ""3"": 3}, "
7303,9799,2496,echo,1553.0,5447.0,768.0,0.5082,0.4214,-0.0868,fall,2.945,1.627,-0.4475,,726.0,0,reg_gradual_20k.csv,htr/error,"{""buffer_len"": 2497, ""merged"": [2], ""collection_size"": 3, ""current_idx"": 4, ""best_idx"": 3, ""acc_current_on_warning"": 0.5056145541303029, ""acc_best_on_warning"": 0.5056145541303029, ""acc_new_on_warning"": 0.582610232329633, ""winner_initial"": ""reused_copy"", ""acc_on_buffer"": {""1"": 0.19515695352949547, ""3"": 0.5056145541303029}, ""similarity_metric"": ""residual_pearson"", ""merge_pairs"": [[1, 2]], ""slot_eras"
12967,12967,0,hit,217.0,,5664.0,0.4604,0.7211,0.2607,rise,2.43,6.469,1.6622,,3166.0,0,reg_gradual_20k.csv,htr/error,"{""buffer_len"": 1, ""merged"": [], ""collection_size"": 4, ""current_idx"": 5, ""best_idx"": 1, ""acc_current_on_warning"": 0.0, ""acc_best_on_warning"": 0.0, ""acc_new_on_warning"": 0.4509887811975448, ""winner_initial"": ""reused_copy"", ""acc_on_buffer"": {""1"": 0.0, ""3"": 0.0, ""4"": 0.0}, ""similarity_metric"": ""residual_pearson"", ""merge_pairs"": [], ""slot_eras"": {""0"": 0, ""1"": 1, ""2"": 2, ""3"": 3, ""4"": 4, ""5"": 5}, ""score_"
13767,13831,64,echo_inwin,1017.0,,800.0,0.6681,0.5349,-0.1332,fall,5.4905,3.4759,-0.3669,,799.0,0,reg_gradual_20k.csv,htr/error,"{""buffer_len"": 65, ""merged"": [1, 3, 5], ""collection_size"": 2, ""current_idx"": 6, ""best_idx"": 4, ""acc_current_on_warning"": 0.1465508619358019, ""acc_best_on_warning"": 0.1465508619358019, ""acc_new_on_warning"": 0.30563097813672435, ""winner_initial"": ""reused_copy"", ""acc_on_buffer"": {""4"": 0.1465508619358019}, ""similarity_metric"": ""residual_pearson"", ""merge_pairs"": [[4, 1], [4, 3], [4, 5]], ""slot_eras"": {"
14311,14599,288,echo,1561.0,,544.0,0.5373,0.4735,-0.0638,fall,3.5134,2.3136,-0.3415,,479.0,1,reg_gradual_20k.csv,htr/error,"{""buffer_len"": 289, ""merged"": [], ""collection_size"": 3, ""current_idx"": 7, ""best_idx"": 6, ""acc_current_on_warning"": 0.48349005266548983, ""acc_best_on_warning"": 0.48349005266548983, ""acc_new_on_warning"": 0.40842893107807243, ""winner_initial"": ""reused_copy"", ""acc_on_buffer"": {""4"": 0.16458590847494037, ""6"": 0.48349005266548983}, ""similarity_metric"": ""residual_pearson"", ""merge_pairs"": [], ""slot_eras"": "
17415,17479,64,orphan,4665.0,,3104.0,0.4445,0.4377,-0.0068,flat,1.8063,1.6741,-0.0732,masked_fall,3583.0,0,reg_gradual_20k.csv,htr/error,"{""buffer_len"": 65, ""merged"": [], ""collection_size"": 4, ""current_idx"": 8, ""best_idx"": 7, ""acc_current_on_warning"": 0.5703412123263887, ""acc_best_on_warning"": 0.5703412123263887, ""acc_new_on_warning"": 0.3182243603096909, ""winner_initial"": ""reused_copy"", ""acc_on_buffer"": {""4"": 0.18935860533820248, ""6"": 0.49011914917149013, ""7"": 0.5703412123263887}, ""similarity_metric"": ""residual_pearson"", ""merge_pair"
6055,6055,0,hit,305.0,6695.0,,0.5498,0.6388,0.0889,rise,3.5166,5.123,0.4568,,,0,reg_gradual_20k.csv,hfr/error,"{""buffer_len"": 1, ""merged"": [], ""collection_size"": 2, ""current_idx"": 1, ""best_idx"": 0, ""acc_current_on_warning"": 0.0, ""acc_best_on_warning"": 0.0, ""acc_new_on_warning"": 0.7075071351148314, ""winner_initial"": ""reused_copy"", ""acc_on_buffer"": {""0"": 0.0}, ""similarity_metric"": ""residual_pearson"", ""merge_pairs"": [], ""slot_eras"": {""0"": 0, ""1"": 1}, ""score_semantics"": ""1_minus_mean_normalized_residual""}"
6567,6567,0,echo_inwin,817.0,6183.0,512.0,0.6343,0.5354,-0.0989,fall,5.0315,3.2449,-0.3551,,324.0,1,reg_gradual_20k.csv,hfr/error,"{""buffer_len"": 1, ""merged"": [], ""collection_size"": 3, ""current_idx"": 2, ""best_idx"": 1, ""acc_current_on_warning"": 0.17605440086513724, ""acc_best_on_warning"": 0.17605440086513724, ""acc_new_on_warning"": 0.688674898734843, ""winner_initial"": ""reused_copy"", ""acc_on_buffer"": {""0"": 0.0, ""1"": 0.17605440086513724}, ""similarity_metric"": ""residual_pearson"", ""merge_pairs"": [], ""slot_eras"": {""0"": 0, ""1"": 1, ""2"""
10151,10151,0,orphan,4401.0,2599.0,3584.0,0.5034,0.4946,-0.0088,flat,2.8411,2.7206,-0.0424,,3908.0,0,reg_gradual_20k.csv,hfr/error,"{""buffer_len"": 1, ""merged"": [], ""collection_size"": 4, ""current_idx"": 3, ""best_idx"": 2, ""acc_current_on_warning"": 0.3694994275839363, ""acc_best_on_warning"": 0.3694994275839363, ""acc_new_on_warning"": 0.7041882411463047, ""winner_initial"": ""reused_copy"", ""acc_on_buffer"": {""0"": 0.0, ""1"": 0.06369336028612216, ""2"": 0.3694994275839363}, ""similarity_metric"": ""residual_pearson"", ""merge_pairs"": [], ""slot_era"
13063,13063,0,hit,313.0,,2912.0,0.5604,0.6099,0.0496,rise,4.3646,4.8294,0.1065,,6820.0,0,reg_gradual_20k.csv,hfr/error,"{""buffer_len"": 1, ""merged"": [], ""collection_size"": 5, ""current_idx"": 4, ""best_idx"": 2, ""acc_current_on_warning"": 0.608406242117419, ""acc_best_on_warning"": 0.6695946677085469, ""acc_new_on_warning"": 0.6989353610772207, ""winner_initial"": ""reused_copy"", ""acc_on_buffer"": {""0"": 0.6177488158044757, ""1"": 0.6623991876623623, ""2"": 0.6695946677085469, ""3"": 0.608406242117419}, ""similarity_metric"": ""residual_p"
13511,13511,0,echo_inwin,761.0,,448.0,0.6085,0.5315,-0.077,fall,4.9249,3.485,-0.2924,,427.0,1,reg_gradual_20k.csv,hfr/error,"{""buffer_len"": 1, ""merged"": [], ""collection_size"": 6, ""current_idx"": 5, ""best_idx"": 0, ""acc_current_on_warning"": 0.4567456875376297, ""acc_best_on_warning"": 0.5480353718745459, ""acc_new_on_warning"": 0.6969819892030344, ""winner_initial"": ""reused_copy"", ""acc_on_buffer"": {""0"": 0.5480353718745459, ""1"": 0.4495704898860978, ""2"": 0.2454553575279319, ""3"": 0.19068360657493755, ""4"": 0.4567456875376297}, ""sim"
13767,13991,224,echo_inwin,1017.0,,256.0,0.5472,0.4938,-0.0534,fall,3.71,2.8486,-0.2322,,255.0,1,reg_gradual_20k.csv,hfr/error,"{""buffer_len"": 225, ""merged"": [1, 2, 3, 4, 5], ""collection_size"": 2, ""current_idx"": 6, ""best_idx"": 0, ""acc_current_on_warning"": 0.09458203160098955, ""acc_best_on_warning"": 0.09458203160098955, ""acc_new_on_warning"": 0.4903751832912314, ""winner_initial"": ""reused_copy"", ""acc_on_buffer"": {""0"": 0.09458203160098955}, ""similarity_metric"": ""residual_pearson"", ""merge_pairs"": [[0, 1], [0, 2], [0, 3], [0, 4]"
16327,17063,736,orphan,3577.0,,2560.0,0.4594,0.4567,-0.0027,flat,2.2986,2.2224,-0.0331,,2334.0,0,reg_gradual_20k.csv,hfr/error,"{""buffer_len"": 737, ""merged"": [0], ""collection_size"": 2, ""current_idx"": 7, ""best_idx"": 6, ""acc_current_on_warning"": 0.5454522978284735, ""acc_best_on_warning"": 0.5454522978284735, ""acc_new_on_warning"": 0.5207050960020592, ""winner_initial"": ""reused_copy"", ""acc_on_buffer"": {""6"": 0.5454522978284735}, ""similarity_metric"": ""residual_pearson"", ""merge_pairs"": [[6, 0]], ""slot_eras"": {""0"": 0, ""1"": 1, ""2"": 2"
1991,1991,0,orphan,,1342.0,,0.4564,0.4513,-0.0051,flat,2.5249,2.2869,-0.0943,masked_fall,,0,reg_recurring_20k.csv,htr/error,"{""buffer_len"": 1, ""merged"": [], ""collection_size"": 2, ""current_idx"": 1, ""best_idx"": 0, ""acc_current_on_warning"": 0.5945925561127641, ""acc_best_on_warning"": 0.5945925561127641, ""acc_new_on_warning"": 0.0, ""winner_initial"": ""reused_copy"", ""acc_on_buffer"": {""0"": 0.5945925561127641}, ""similarity_metric"": ""residual_pearson"", ""merge_pairs"": [], ""slot_eras"": {""0"": 0, ""1"": 1}, ""score_semantics"": ""1_minus_m"
3399,3431,32,hit,66.0,3267.0,1408.0,0.5191,0.5956,0.0765,rise,3.662,4.9971,0.3646,,,0,reg_recurring_20k.csv,htr/error,"{""buffer_len"": 33, ""merged"": [1], ""collection_size"": 2, ""current_idx"": 2, ""best_idx"": 0, ""acc_current_on_warning"": 0.18410891660820927, ""acc_best_on_warning"": 0.18410891660820927, ""acc_new_on_warning"": 0.33924234951090027, ""winner_initial"": ""reused_copy"", ""acc_on_buffer"": {""0"": 0.18410891660820927}, ""similarity_metric"": ""residual_pearson"", ""merge_pairs"": [[0, 1]], ""slot_eras"": {""0"": 0, ""1"": 1, ""2"""
3751,3879,128,echo_inwin,418.0,2915.0,352.0,0.6232,0.5515,-0.0717,fall,5.8323,4.2675,-0.2683,,315.0,1,reg_recurring_20k.csv,htr/error,"{""buffer_len"": 129, ""merged"": [2], ""collection_size"": 2, ""current_idx"": 3, ""best_idx"": 0, ""acc_current_on_warning"": 0.2604634412504232, ""acc_best_on_warning"": 0.2604634412504232, ""acc_new_on_warning"": 0.30628795080578897, ""winner_initial"": ""reused_copy"", ""acc_on_buffer"": {""0"": 0.2604634412504232}, ""similarity_metric"": ""residual_pearson"", ""merge_pairs"": [[0, 2]], ""slot_eras"": {""0"": 0, ""1"": 1, ""2"": "
4103,4103,0,echo_inwin,770.0,2563.0,352.0,0.5459,0.5063,-0.0396,fall,4.0912,3.4389,-0.1595,,222.0,1,reg_recurring_20k.csv,htr/error,"{""buffer_len"": 1, ""merged"": [], ""collection_size"": 3, ""current_idx"": 4, ""best_idx"": 3, ""acc_current_on_warning"": 0.5255945657312067, ""acc_best_on_warning"": 0.5255945657312067, ""acc_new_on_warning"": 0.5731117311131346, ""winner_initial"": ""reused_copy"", ""acc_on_buffer"": {""0"": 0.1527226155121314, ""3"": 0.5255945657312067}, ""similarity_metric"": ""residual_pearson"", ""merge_pairs"": [], ""slot_eras"": {""0"": 0"
4679,4711,32,echo,1346.0,1987.0,576.0,0.4967,0.4697,-0.0271,fall,3.264,2.7428,-0.1597,,572.0,1,reg_recurring_20k.csv,htr/error,"{""buffer_len"": 33, ""merged"": [3], ""collection_size"": 3, ""current_idx"": 5, ""best_idx"": 4, ""acc_current_on_warning"": 0.5376819981308391, ""acc_best_on_warning"": 0.5376819981308391, ""acc_new_on_warning"": 0.3648096904372994, ""winner_initial"": ""reused_copy"", ""acc_on_buffer"": {""0"": 0.30262547111567917, ""4"": 0.5376819981308391}, ""similarity_metric"": ""residual_pearson"", ""merge_pairs"": [[4, 3]], ""slot_eras"""
5735,5799,64,echo,2402.0,931.0,1056.0,0.4362,0.4325,-0.0037,flat,2.0997,1.9551,-0.0689,masked_fall,1016.0,0,reg_recurring_20k.csv,htr/error,"{""buffer_len"": 65, ""merged"": [4], ""collection_size"": 3, ""current_idx"": 6, ""best_idx"": 5, ""acc_current_on_warning"": 0.557390895484005, ""acc_best_on_warning"": 0.557390895484005, ""acc_new_on_warning"": 0.33585739619215826, ""winner_initial"": ""reused_copy"", ""acc_on_buffer"": {""0"": 0.2504659577379248, ""5"": 0.557390895484005}, ""similarity_metric"": ""residual_pearson"", ""merge_pairs"": [[0, 4]], ""slot_eras"": {"
6727,6727,0,hit,61.0,3272.0,992.0,0.4734,0.5625,0.0891,rise,2.9826,4.3286,0.4513,,2008.0,0,reg_recurring_20k.csv,htr/error,"{""buffer_len"": 1, ""merged"": [], ""collection_size"": 4, ""current_idx"": 7, ""best_idx"": 0, ""acc_current_on_warning"": 0.0, ""acc_best_on_warning"": 0.0, ""acc_new_on_warning"": 0.0, ""winner_initial"": ""reused_copy"", ""acc_on_buffer"": {""0"": 0.0, ""5"": 0.0, ""6"": 0.0}, ""similarity_metric"": ""residual_pearson"", ""merge_pairs"": [], ""slot_eras"": {""0"": 0, ""1"": 1, ""2"": 2, ""3"": 3, ""4"": 4, ""5"": 5, ""6"": 6, ""7"": 7}, ""score"
7207,7239,32,echo_inwin,541.0,2792.0,480.0,0.5736,0.4973,-0.0763,fall,4.5951,3.1025,-0.3248,,479.0,1,reg_recurring_20k.csv,htr/error,"{""buffer_len"": 33, ""merged"": [0, 6], ""collection_size"": 3, ""current_idx"": 8, ""best_idx"": 7, ""acc_current_on_warning"": 0.5219156124760906, ""acc_best_on_warning"": 0.5219156124760906, ""acc_new_on_warning"": 0.34349863962022875, ""winner_initial"": ""reused_copy"", ""acc_on_buffer"": {""5"": 0.1461668544349889, ""7"": 0.5219156124760906}, ""similarity_metric"": ""residual_pearson"", ""merge_pairs"": [[6, 0], [5, 6]], "
9031,9031,0,echo,2365.0,968.0,1824.0,0.4481,0.4802,0.0321,rise,2.1609,2.6866,0.2433,,2303.0,0,reg_recurring_20k.csv,htr/error,"{""buffer_len"": 1, ""merged"": [], ""collection_size"": 4, ""current_idx"": 9, ""best_idx"": 7, ""acc_current_on_warning"": 0.6338782330849669, ""acc_best_on_warning"": 0.6431439882686947, ""acc_new_on_warning"": 0.4866683923117281, ""winner_initial"": ""reused_copy"", ""acc_on_buffer"": {""5"": 0.0048393313701023954, ""7"": 0.6431439882686947, ""8"": 0.6338782330849669}, ""similarity_metric"": ""residual_pearson"", ""merge_pair"
10055,10055,0,hit,56.0,3277.0,1024.0,0.5268,0.5988,0.072,rise,3.8492,5.1135,0.3284,,3327.0,0,reg_recurring_20k.csv,htr/error,"{""buffer_len"": 1, ""merged"": [], ""collection_size"": 5, ""current_idx"": 10, ""best_idx"": 5, ""acc_current_on_warning"": 0.0, ""acc_best_on_warning"": 0.4603480485734116, ""acc_new_on_warning"": 0.6597357104609028, ""winner_initial"": ""reused_copy"", ""acc_on_buffer"": {""5"": 0.4603480485734116, ""7"": 0.02439275079899561, ""8"": 0.0, ""9"": 0.0}, ""similarity_metric"": ""residual_pearson"", ""merge_pairs"": [], ""slot_eras"": "
10439,10439,0,echo_inwin,440.0,2893.0,384.0,0.6064,0.5679,-0.0385,fall,5.4381,4.5569,-0.1621,,375.0,1,reg_recurring_20k.csv,htr/error,"{""buffer_len"": 1, ""merged"": [], ""collection_size"": 6, ""current_idx"": 11, ""best_idx"": 9, ""acc_current_on_warning"": 0.5890930008643012, ""acc_best_on_warning"": 0.6242568201860779, ""acc_new_on_warning"": 0.0, ""winner_initial"": ""reused_copy"", ""acc_on_buffer"": {""5"": 0.0, ""7"": 0.0, ""8"": 0.0, ""9"": 0.6242568201860779, ""10"": 0.5890930008643012}, ""similarity_metric"": ""residual_pearson"", ""merge_pairs"": [], ""sl"
10887,10887,0,echo_inwin,888.0,2445.0,448.0,0.5605,0.5644,0.0039,flat,4.3983,4.454,0.0127,,436.0,1,reg_recurring_20k.csv,htr/error,"{""buffer_len"": 1, ""merged"": [], ""collection_size"": 7, ""current_idx"": 12, ""best_idx"": 9, ""acc_current_on_warning"": 0.3501682340239811, ""acc_best_on_warning"": 0.4286511075119328, ""acc_new_on_warning"": 0.5089960922723646, ""winner_initial"": ""reused_copy"", ""acc_on_buffer"": {""5"": 0.0, ""7"": 0.24818305806073793, ""8"": 0.11186462600530789, ""9"": 0.4286511075119328, ""10"": 0.36788641078617057, ""11"": 0.35016823"
11399,11399,0,echo,1400.0,1933.0,512.0,0.5618,0.5,-0.0618,fall,4.3936,3.2354,-0.2636,,511.0,1,reg_recurring_20k.csv,htr/error,"{""buffer_len"": 1, ""merged"": [], ""collection_size"": 8, ""current_idx"": 13, ""best_idx"": 11, ""acc_current_on_warning"": 0.5385832981587747, ""acc_best_on_warning"": 0.6428087099461675, ""acc_new_on_warning"": 0.0, ""winner_initial"": ""reused_copy"", ""acc_on_buffer"": {""5"": 0.36804232087069455, ""7"": 0.0, ""8"": 0.2599645204322737, ""9"": 0.08158235049905871, ""10"": 0.6252240236503952, ""11"": 0.6428087099461675, ""12"":"
13127,13191,64,orphan,3128.0,205.0,1728.0,0.4589,0.4904,0.0315,rise,2.4507,3.3366,0.3615,,1696.0,0,reg_recurring_20k.csv,htr/error,"{""buffer_len"": 65, ""merged"": [10, 11, 12, 7, 9], ""collection_size"": 4, ""current_idx"": 14, ""best_idx"": 13, ""acc_current_on_warning"": 0.5442452365185729, ""acc_best_on_warning"": 0.5442452365185729, ""acc_new_on_warning"": 0.34717125383487535, ""winner_initial"": ""reused_copy"", ""acc_on_buffer"": {""5"": 0.191204845110866, ""8"": 0.15020101307531464, ""13"": 0.5442452365185729}, ""similarity_metric"": ""residual_pea"
13415,13415,0,hit,83.0,3250.0,288.0,0.5031,0.4355,-0.0676,fall,3.5618,2.015,-0.4343,,1984.0,0,reg_recurring_20k.csv,htr/error,"{""buffer_len"": 1, ""merged"": [], ""collection_size"": 5, ""current_idx"": 15, ""best_idx"": 5, ""acc_current_on_warning"": 0.0, ""acc_best_on_warning"": 0.6342635973275326, ""acc_new_on_warning"": 0.6517121462262574, ""winner_initial"": ""reused_copy"", ""acc_on_buffer"": {""5"": 0.6342635973275326, ""8"": 0.6105687316996349, ""13"": 0.0, ""14"": 0.0}, ""similarity_metric"": ""residual_pearson"", ""merge_pairs"": [], ""slot_eras"":"
16711,16711,0,hit,46.0,,3296.0,0.4476,0.6088,0.1613,rise,2.4811,5.078,1.0467,,5280.0,0,reg_recurring_20k.csv,htr/error,"{""buffer_len"": 1, ""merged"": [], ""collection_size"": 6, ""current_idx"": 16, ""best_idx"": 5, ""acc_current_on_warning"": 0.5362082831941348, ""acc_best_on_warning"": 0.6198279511902629, ""acc_new_on_warning"": 0.43435866227546416, ""winner_initial"": ""reused_copy"", ""acc_on_buffer"": {""5"": 0.6198279511902629, ""8"": 0.5555749268624317, ""13"": 0.2858430910899381, ""14"": 0.28357648276633374, ""15"": 0.5362082831941348},"
17095,17223,128,echo_inwin,430.0,,384.0,0.6044,0.4482,-0.1562,fall,5.4253,2.055,-0.6212,,378.0,1,reg_recurring_20k.csv,htr/error,"{""buffer_len"": 129, ""merged"": [13, 14, 5, 16], ""collection_size"": 3, ""current_idx"": 17, ""best_idx"": 8, ""acc_current_on_warning"": 0.5579971607087149, ""acc_best_on_warning"": 0.5579971607087149, ""acc_new_on_warning"": 0.3286486033956394, ""winner_initial"": ""reused_copy"", ""acc_on_buffer"": {""8"": 0.5579971607087149, ""15"": 0.1364690833315071}, ""similarity_metric"": ""residual_pearson"", ""merge_pairs"": [[5, 13"
3399,3431,32,hit,66.0,3267.0,,0.5426,0.5413,-0.0013,flat,3.6027,3.3701,-0.0646,masked_fall,,0,reg_recurring_20k.csv,hfr/error,"{""buffer_len"": 33, ""merged"": [], ""collection_size"": 2, ""current_idx"": 1, ""best_idx"": 0, ""acc_current_on_warning"": 0.22557177103299353, ""acc_best_on_warning"": 0.22557177103299353, ""acc_new_on_warning"": 0.37905487172090013, ""winner_initial"": ""reused_copy"", ""acc_on_buffer"": {""0"": 0.22557177103299353}, ""similarity_metric"": ""residual_pearson"", ""merge_pairs"": [], ""slot_eras"": {""0"": 0, ""1"": 1}, ""score_se"
4647,5223,576,echo,1314.0,2019.0,1248.0,0.5047,0.5145,0.0098,flat,2.8705,3.0154,0.0505,,1215.0,0,reg_recurring_20k.csv,hfr/error,"{""buffer_len"": 577, ""merged"": [1], ""collection_size"": 2, ""current_idx"": 2, ""best_idx"": 0, ""acc_current_on_warning"": 0.22804591110690264, ""acc_best_on_warning"": 0.22804591110690264, ""acc_new_on_warning"": 0.48932932737895796, ""winner_initial"": ""reused_copy"", ""acc_on_buffer"": {""0"": 0.22804591110690264}, ""similarity_metric"": ""residual_pearson"", ""merge_pairs"": [[0, 1]], ""slot_eras"": {""0"": 0, ""1"": 1, ""2"
6727,6759,32,hit,61.0,3272.0,2080.0,0.5379,0.5294,-0.0085,flat,3.6931,3.447,-0.0666,masked_fall,1503.0,0,reg_recurring_20k.csv,hfr/error,"{""buffer_len"": 33, ""merged"": [2], ""collection_size"": 2, ""current_idx"": 3, ""best_idx"": 0, ""acc_current_on_warning"": 0.05699723410316604, ""acc_best_on_warning"": 0.05699723410316604, ""acc_new_on_warning"": 0.41610686010403963, ""winner_initial"": ""reused_copy"", ""acc_on_buffer"": {""0"": 0.05699723410316604}, ""similarity_metric"": ""residual_pearson"", ""merge_pairs"": [[0, 2]], ""slot_eras"": {""0"": 0, ""1"": 1, ""2"""
7527,7527,0,echo_inwin,861.0,2472.0,800.0,0.4977,0.4776,-0.0201,fall,2.9323,2.6121,-0.1092,,767.0,0,reg_recurring_20k.csv,hfr/error,"{""buffer_len"": 1, ""merged"": [], ""collection_size"": 3, ""current_idx"": 4, ""best_idx"": 3, ""acc_current_on_warning"": 0.5875969007972681, ""acc_best_on_warning"": 0.5875969007972681, ""acc_new_on_warning"": 0.6928799442057236, ""winner_initial"": ""reused_copy"", ""acc_on_buffer"": {""0"": 0.0, ""3"": 0.5875969007972681}, ""similarity_metric"": ""residual_pearson"", ""merge_pairs"": [], ""slot_eras"": {""0"": 0, ""1"": 1, ""2"": "
10055,10055,0,hit,56.0,3277.0,2528.0,0.5247,0.5183,-0.0064,flat,3.5781,3.2069,-0.1038,masked_fall,3295.0,0,reg_recurring_20k.csv,hfr/error,"{""buffer_len"": 1, ""merged"": [], ""collection_size"": 4, ""current_idx"": 5, ""best_idx"": 4, ""acc_current_on_warning"": 0.18201545483341253, ""acc_best_on_warning"": 0.18201545483341253, ""acc_new_on_warning"": 0.6907366608807417, ""winner_initial"": ""reused_copy"", ""acc_on_buffer"": {""0"": 0.1623962507893394, ""3"": 0.0, ""4"": 0.18201545483341253}, ""similarity_metric"": ""residual_pearson"", ""merge_pairs"": [], ""slot_e"
10471,13447,2976,echo_inwin,472.0,2861.0,416.0,0.5648,0.6924,0.1276,rise,4.2404,7.3087,0.7236,,413.0,1,reg_recurring_20k.csv,hfr/error,"{""buffer_len"": 2977, ""merged"": [3, 0, 5], ""collection_size"": 2, ""current_idx"": 6, ""best_idx"": 4, ""acc_current_on_warning"": 0.13685964716654297, ""acc_best_on_warning"": 0.13685964716654297, ""acc_new_on_warning"": 0.4915726706529143, ""winner_initial"": ""reused_copy"", ""acc_on_buffer"": {""4"": 0.13685964716654297}, ""similarity_metric"": ""residual_pearson"", ""merge_pairs"": [[0, 3], [4, 0], [4, 5]], ""slot_eras"
14983,14983,0,orphan,1651.0,1682.0,4512.0,0.6237,0.5054,-0.1184,fall,5.92,3.5203,-0.4054,,1529.0,0,reg_recurring_20k.csv,hfr/error,"{""buffer_len"": 1, ""merged"": [], ""collection_size"": 3, ""current_idx"": 7, ""best_idx"": 6, ""acc_current_on_warning"": 0.2568947011470406, ""acc_best_on_warning"": 0.2568947011470406, ""acc_new_on_warning"": 0.6788211309873851, ""winner_initial"": ""reused_copy"", ""acc_on_buffer"": {""4"": 0.0, ""6"": 0.2568947011470406}, ""similarity_metric"": ""residual_pearson"", ""merge_pairs"": [], ""slot_eras"": {""0"": 0, ""1"": 1, ""2"": "
15431,15431,0,orphan,2099.0,1234.0,448.0,0.5215,0.4678,-0.0537,fall,3.8397,2.7785,-0.2764,,406.0,1,reg_recurring_20k.csv,hfr/error,"{""buffer_len"": 1, ""merged"": [], ""collection_size"": 4, ""current_idx"": 8, ""best_idx"": 7, ""acc_current_on_warning"": 0.4970225842363307, ""acc_best_on_warning"": 0.4970225842363307, ""acc_new_on_warning"": 0.6798211940626953, ""winner_initial"": ""reused_copy"", ""acc_on_buffer"": {""4"": 0.13964559823991474, ""6"": 0.0, ""7"": 0.4970225842363307}, ""similarity_metric"": ""residual_pearson"", ""merge_pairs"": [], ""slot_era"
16743,16743,0,hit,78.0,,1312.0,0.5069,0.4555,-0.0514,fall,3.8086,2.5377,-0.3337,,1718.0,0,reg_recurring_20k.csv,hfr/error,"{""buffer_len"": 1, ""merged"": [], ""collection_size"": 5, ""current_idx"": 9, ""best_idx"": 4, ""acc_current_on_warning"": 0.0, ""acc_best_on_warning"": 0.5598935415015347, ""acc_new_on_warning"": 0.6790095609086724, ""winner_initial"": ""reused_copy"", ""acc_on_buffer"": {""4"": 0.5598935415015347, ""6"": 0.0, ""7"": 0.0, ""8"": 0.0}, ""similarity_metric"": ""residual_pearson"", ""merge_pairs"": [], ""slot_eras"": {""0"": 0, ""1"": 1, "
1575,1639,64,orphan,,3425.0,,0.4583,0.4502,-0.0081,flat,2.807,2.3052,-0.1788,masked_fall,,0,reg_sudden_20k.csv,htr/error,"{""buffer_len"": 65, ""merged"": [], ""collection_size"": 2, ""current_idx"": 1, ""best_idx"": 0, ""acc_current_on_warning"": 0.5912406421676539, ""acc_best_on_warning"": 0.5912406421676539, ""acc_new_on_warning"": 0.3323663922062111, ""winner_initial"": ""reused_copy"", ""acc_on_buffer"": {""0"": 0.5912406421676539}, ""similarity_metric"": ""residual_pearson"", ""merge_pairs"": [], ""slot_eras"": {""0"": 0, ""1"": 1}, ""score_semant"
4199,4199,0,orphan,,801.0,2624.0,0.4694,0.4456,-0.0237,fall,1.976,1.5812,-0.1998,,,0,reg_sudden_20k.csv,htr/error,"{""buffer_len"": 1, ""merged"": [], ""collection_size"": 3, ""current_idx"": 2, ""best_idx"": 1, ""acc_current_on_warning"": 0.43990477857070387, ""acc_best_on_warning"": 0.43990477857070387, ""acc_new_on_warning"": 0.0, ""winner_initial"": ""reused_copy"", ""acc_on_buffer"": {""0"": 0.18361776037267397, ""1"": 0.43990477857070387}, ""similarity_metric"": ""residual_pearson"", ""merge_pairs"": [], ""slot_eras"": {""0"": 0, ""1"": 1, """
5063,5063,0,hit,63.0,4937.0,864.0,0.4918,0.6248,0.133,rise,2.4932,6.5109,1.6114,,,0,reg_sudden_20k.csv,htr/error,"{""buffer_len"": 1, ""merged"": [], ""collection_size"": 4, ""current_idx"": 3, ""best_idx"": 2, ""acc_current_on_warning"": 0.6594709008091777, ""acc_best_on_warning"": 0.6594709008091777, ""acc_new_on_warning"": 0.48001654726475007, ""winner_initial"": ""reused_copy"", ""acc_on_buffer"": {""0"": 0.6545332635685612, ""1"": 0.6486110053040622, ""2"": 0.6594709008091777}, ""similarity_metric"": ""residual_pearson"", ""merge_pairs"""
5863,5927,64,echo_inwin,863.0,4137.0,800.0,0.5645,0.5832,0.0187,flat,4.608,4.8089,0.0436,,193.0,1,reg_sudden_20k.csv,htr/error,"{""buffer_len"": 65, ""merged"": [0, 2, 3], ""collection_size"": 2, ""current_idx"": 4, ""best_idx"": 1, ""acc_current_on_warning"": 0.22392209444956346, ""acc_best_on_warning"": 0.22392209444956346, ""acc_new_on_warning"": 0.3031715156529242, ""winner_initial"": ""reused_copy"", ""acc_on_buffer"": {""1"": 0.22392209444956346}, ""similarity_metric"": ""residual_pearson"", ""merge_pairs"": [[1, 0], [1, 2], [1, 3]], ""slot_eras"":"
6215,6215,0,echo,1215.0,3785.0,352.0,0.5786,0.5144,-0.0642,fall,4.6369,3.2452,-0.3001,,102.0,1,reg_sudden_20k.csv,htr/error,"{""buffer_len"": 1, ""merged"": [], ""collection_size"": 3, ""current_idx"": 5, ""best_idx"": 4, ""acc_current_on_warning"": 0.43635212181633176, ""acc_best_on_warning"": 0.43635212181633176, ""acc_new_on_warning"": 0.4869378809927908, ""winner_initial"": ""reused_copy"", ""acc_on_buffer"": {""1"": 0.0, ""4"": 0.43635212181633176}, ""similarity_metric"": ""residual_pearson"", ""merge_pairs"": [], ""slot_eras"": {""0"": 0, ""1"": 1, ""2"
7111,7143,32,echo,2111.0,2889.0,896.0,0.4825,0.4697,-0.0128,flat,2.5543,2.2499,-0.1191,masked_fall,998.0,0,reg_sudden_20k.csv,htr/error,"{""buffer_len"": 33, ""merged"": [4], ""collection_size"": 3, ""current_idx"": 6, ""best_idx"": 5, ""acc_current_on_warning"": 0.5446720761845327, ""acc_best_on_warning"": 0.5446720761845327, ""acc_new_on_warning"": 0.3547927655537627, ""winner_initial"": ""reused_copy"", ""acc_on_buffer"": {""1"": 0.26055665864366284, ""5"": 0.5446720761845327}, ""similarity_metric"": ""residual_pearson"", ""merge_pairs"": [[5, 4]], ""slot_eras"""
8391,8871,480,orphan,3391.0,1609.0,1280.0,0.4511,0.4452,-0.0059,flat,1.8306,1.6097,-0.1207,masked_fall,2278.0,0,reg_sudden_20k.csv,htr/error,"{""buffer_len"": 481, ""merged"": [], ""collection_size"": 4, ""current_idx"": 7, ""best_idx"": 6, ""acc_current_on_warning"": 0.5681902933164329, ""acc_best_on_warning"": 0.5681902933164329, ""acc_new_on_warning"": 0.4429929541002061, ""winner_initial"": ""reused_copy"", ""acc_on_buffer"": {""1"": 0.2024386240170587, ""5"": 0.5592923135289025, ""6"": 0.5681902933164329}, ""similarity_metric"": ""residual_pearson"", ""merge_pairs"
10055,10055,0,hit,55.0,4945.0,1664.0,0.4841,0.614,0.1299,rise,2.7361,5.0483,0.8451,,3942.0,0,reg_sudden_20k.csv,htr/error,"{""buffer_len"": 1, ""merged"": [], ""collection_size"": 5, ""current_idx"": 8, ""best_idx"": 6, ""acc_current_on_warning"": 0.5309748010018345, ""acc_best_on_warning"": 0.5429650435218456, ""acc_new_on_warning"": 0.5137847787314545, ""winner_initial"": ""reused_copy"", ""acc_on_buffer"": {""1"": 0.0, ""5"": 0.42850830161016495, ""6"": 0.5429650435218456, ""7"": 0.5309748010018345}, ""similarity_metric"": ""residual_pearson"", ""me"
10823,10855,32,echo_inwin,823.0,4177.0,768.0,0.5766,0.6163,0.0397,rise,4.2634,5.3344,0.2512,,763.0,0,reg_sudden_20k.csv,htr/error,"{""buffer_len"": 33, ""merged"": [7, 8], ""collection_size"": 4, ""current_idx"": 9, ""best_idx"": 5, ""acc_current_on_warning"": 0.11902766756023664, ""acc_best_on_warning"": 0.2064571727105502, ""acc_new_on_warning"": 0.38397108063859464, ""winner_initial"": ""reused_copy"", ""acc_on_buffer"": {""1"": 0.11902766756023664, ""5"": 0.2064571727105502, ""6"": 0.20098544194340384}, ""similarity_metric"": ""residual_pearson"", ""merg"
11431,11623,192,echo,1431.0,3569.0,608.0,0.6034,0.5256,-0.0778,fall,4.9976,3.4378,-0.3121,,570.0,1,reg_sudden_20k.csv,htr/error,"{""buffer_len"": 193, ""merged"": [], ""collection_size"": 5, ""current_idx"": 10, ""best_idx"": 9, ""acc_current_on_warning"": 0.46605106680961994, ""acc_best_on_warning"": 0.46605106680961994, ""acc_new_on_warning"": 0.36550039523520317, ""winner_initial"": ""reused_copy"", ""acc_on_buffer"": {""1"": 0.12441922140218242, ""5"": 0.15252951175741725, ""6"": 0.16143822297693378, ""9"": 0.46605106680961994}, ""similarity_metric"":"
13415,13415,0,orphan,3415.0,1585.0,1984.0,0.4883,0.466,-0.0223,fall,2.6986,2.2541,-0.1647,,2554.0,0,reg_sudden_20k.csv,htr/error,"{""buffer_len"": 1, ""merged"": [], ""collection_size"": 6, ""current_idx"": 11, ""best_idx"": 10, ""acc_current_on_warning"": 0.586987708694152, ""acc_best_on_warning"": 0.586987708694152, ""acc_new_on_warning"": 0.44157741896455815, ""winner_initial"": ""reused_copy"", ""acc_on_buffer"": {""1"": 0.5642086278142298, ""5"": 0.23050856465415215, ""6"": 0.17284616231380134, ""9"": 0.38724119306970994, ""10"": 0.586987708694152}, """
15047,15047,0,hit,47.0,,1632.0,0.5023,0.4557,-0.0466,fall,3.2514,2.0281,-0.3762,,4186.0,0,reg_sudden_20k.csv,htr/error,"{""buffer_len"": 1, ""merged"": [], ""collection_size"": 7, ""current_idx"": 12, ""best_idx"": 1, ""acc_current_on_warning"": 0.215880077951786, ""acc_best_on_warning"": 0.49030589541635683, ""acc_new_on_warning"": 0.0, ""winner_initial"": ""reused_copy"", ""acc_on_buffer"": {""1"": 0.49030589541635683, ""5"": 0.0, ""6"": 0.0, ""9"": 0.0, ""10"": 0.16114896969115577, ""11"": 0.215880077951786}, ""similarity_metric"": ""residual_pears"
16071,16071,0,echo,1071.0,,1024.0,0.4292,0.4765,0.0473,rise,1.5,2.3826,0.5885,,5210.0,0,reg_sudden_20k.csv,htr/error,"{""buffer_len"": 1, ""merged"": [], ""collection_size"": 8, ""current_idx"": 13, ""best_idx"": 1, ""acc_current_on_warning"": 0.5007745025649031, ""acc_best_on_warning"": 0.6211480724973638, ""acc_new_on_warning"": 0.16482787636650098, ""winner_initial"": ""reused_copy"", ""acc_on_buffer"": {""1"": 0.6211480724973638, ""5"": 0.07605223723110699, ""6"": 0.16727172310954086, ""9"": 0.21106692301852426, ""10"": 0.30135729029355574,"
16519,16519,0,echo,1519.0,,448.0,0.4544,0.5803,0.1258,rise,1.9478,4.371,1.2441,,5658.0,0,reg_sudden_20k.csv,htr/error,"{""buffer_len"": 1, ""merged"": [], ""collection_size"": 9, ""current_idx"": 14, ""best_idx"": 5, ""acc_current_on_warning"": 0.4252773722758313, ""acc_best_on_warning"": 0.4807561970912526, ""acc_new_on_warning"": 0.0, ""winner_initial"": ""reused_copy"", ""acc_on_buffer"": {""1"": 0.42590339926768517, ""5"": 0.4807561970912526, ""6"": 0.4707673218739421, ""9"": 0.0, ""10"": 0.0, ""11"": 0.0, ""12"": 0.4253522210692886, ""13"": 0.425"
16967,16967,0,echo,1967.0,,448.0,0.5895,0.4466,-0.1428,fall,4.5373,1.8431,-0.5938,,442.0,1,reg_sudden_20k.csv,htr/error,"{""buffer_len"": 1, ""merged"": [], ""collection_size"": 10, ""current_idx"": 15, ""best_idx"": 13, ""acc_current_on_warning"": 0.5200209203511493, ""acc_best_on_warning"": 0.6311855713869794, ""acc_new_on_warning"": 0.0, ""winner_initial"": ""reused_copy"", ""acc_on_buffer"": {""1"": 0.5599777329244362, ""5"": 0.23462014301999945, ""6"": 0.18236165091629442, ""9"": 0.0, ""10"": 0.0, ""11"": 0.0, ""12"": 0.5413694235225885, ""13"": 0."
5095,5095,0,hit,95.0,4905.0,,0.5562,0.5677,0.0115,flat,3.4707,3.5129,0.0121,,,0,reg_sudden_20k.csv,hfr/error,"{""buffer_len"": 1, ""merged"": [], ""collection_size"": 2, ""current_idx"": 1, ""best_idx"": 0, ""acc_current_on_warning"": 0.25698840645400467, ""acc_best_on_warning"": 0.25698840645400467, ""acc_new_on_warning"": 0.7083946698182206, ""winner_initial"": ""reused_copy"", ""acc_on_buffer"": {""0"": 0.25698840645400467}, ""similarity_metric"": ""residual_pearson"", ""merge_pairs"": [], ""slot_eras"": {""0"": 0, ""1"": 1}, ""score_sema"
5383,5479,96,echo_inwin,383.0,4617.0,288.0,0.6086,0.531,-0.0777,fall,4.3623,2.9478,-0.3242,,284.0,1,reg_sudden_20k.csv,hfr/error,"{""buffer_len"": 97, ""merged"": [1], ""collection_size"": 2, ""current_idx"": 2, ""best_idx"": 0, ""acc_current_on_warning"": 0.18821761489538846, ""acc_best_on_warning"": 0.18821761489538846, ""acc_new_on_warning"": 0.4509182900381785, ""winner_initial"": ""reused_copy"", ""acc_on_buffer"": {""0"": 0.18821761489538846}, ""similarity_metric"": ""residual_pearson"", ""merge_pairs"": [[0, 1]], ""slot_eras"": {""0"": 0, ""1"": 1, ""2"":"
10119,10151,32,hit,119.0,4881.0,4736.0,0.5709,0.532,-0.0388,fall,4.5065,3.2788,-0.2724,,4639.0,0,reg_sudden_20k.csv,hfr/error,"{""buffer_len"": 33, ""merged"": [2], ""collection_size"": 2, ""current_idx"": 3, ""best_idx"": 0, ""acc_current_on_warning"": 0.11472066133073389, ""acc_best_on_warning"": 0.11472066133073389, ""acc_new_on_warning"": 0.31112163790189495, ""winner_initial"": ""reused_copy"", ""acc_on_buffer"": {""0"": 0.11472066133073389}, ""similarity_metric"": ""residual_pearson"", ""merge_pairs"": [[0, 2]], ""slot_eras"": {""0"": 0, ""1"": 1, ""2"""
11079,11207,128,echo,1079.0,3921.0,960.0,0.4973,0.5202,0.0228,rise,2.7597,3.0882,0.1191,,927.0,0,reg_sudden_20k.csv,hfr/error,"{""buffer_len"": 129, ""merged"": [3], ""collection_size"": 2, ""current_idx"": 4, ""best_idx"": 0, ""acc_current_on_warning"": 0.10347993387236576, ""acc_best_on_warning"": 0.10347993387236576, ""acc_new_on_warning"": 0.4559082544096196, ""winner_initial"": ""reused_copy"", ""acc_on_buffer"": {""0"": 0.10347993387236576}, ""similarity_metric"": ""residual_pearson"", ""merge_pairs"": [[0, 3]], ""slot_eras"": {""0"": 0, ""1"": 1, ""2"""
12871,14375,1504,echo,2871.0,2129.0,1792.0,0.4917,0.4833,-0.0085,flat,2.6819,2.5419,-0.0522,masked_fall,1660.0,0,reg_sudden_20k.csv,hfr/error,"{""buffer_len"": 1505, ""merged"": [4], ""collection_size"": 2, ""current_idx"": 5, ""best_idx"": 0, ""acc_current_on_warning"": 0.10113402567956542, ""acc_best_on_warning"": 0.10113402567956542, ""acc_new_on_warning"": 0.5098869831936268, ""winner_initial"": ""reused_copy"", ""acc_on_buffer"": {""0"": 0.10113402567956542}, ""similarity_metric"": ""residual_pearson"", ""merge_pairs"": [[0, 4]], ""slot_eras"": {""0"": 0, ""1"": 1, ""2"
15047,15079,32,hit,47.0,,2176.0,0.5166,0.4769,-0.0397,fall,3.3067,2.4812,-0.2496,,669.0,0,reg_sudden_20k.csv,hfr/error,"{""buffer_len"": 33, ""merged"": [], ""collection_size"": 3, ""current_idx"": 6, ""best_idx"": 0, ""acc_current_on_warning"": 0.20845358364123567, ""acc_best_on_warning"": 0.5025675645989981, ""acc_new_on_warning"": 0.3623495561355815, ""winner_initial"": ""reused_copy"", ""acc_on_buffer"": {""0"": 0.5025675645989981, ""5"": 0.20845358364123567}, ""similarity_metric"": ""residual_pearson"", ""merge_pairs"": [], ""slot_eras"": {""0"""
5511,9415,3904,orphan,,2609.0,,0.4894,0.4875,-0.0019,flat,1.8887,1.7909,-0.0518,masked_fall,,0,sudden/low/recurring_sudden_friedman_100k_g00.csv,htr/error,"{""buffer_len"": 3905, ""merged"": [], ""collection_size"": 2, ""current_idx"": 1, ""best_idx"": 0, ""acc_current_on_warning"": 0.5136336077578978, ""acc_best_on_warning"": 0.5136336077578978, ""acc_new_on_warning"": 0.48083656215070913, ""winner_initial"": ""reused_copy"", ""acc_on_buffer"": {""0"": 0.5136336077578978}, ""similarity_metric"": ""residual_pearson"", ""merge_pairs"": [], ""slot_eras"": {""0"": 0, ""1"": 1}, ""score_sem"
46023,46119,96,hit,665.0,28923.0,40512.0,0.5515,0.5371,-0.0144,flat,2.1185,2.0458,-0.0343,,36526.0,0,sudden/low/recurring_sudden_friedman_100k_g00.csv,htr/error,"{""buffer_len"": 97, ""merged"": [1], ""collection_size"": 2, ""current_idx"": 2, ""best_idx"": 0, ""acc_current_on_warning"": 0.45699770443607934, ""acc_best_on_warning"": 0.45699770443607934, ""acc_new_on_warning"": 0.3350100489563418, ""winner_initial"": ""reused_copy"", ""acc_on_buffer"": {""0"": 0.45699770443607934}, ""similarity_metric"": ""residual_pearson"", ""merge_pairs"": [[0, 1]], ""slot_eras"": {""0"": 0, ""1"": 1, ""2"":"
50471,54535,4064,orphan,5113.0,24475.0,4448.0,0.5091,0.5197,0.0107,flat,1.7829,1.9273,0.081,,40974.0,0,sudden/low/recurring_sudden_friedman_100k_g00.csv,htr/error,"{""buffer_len"": 4065, ""merged"": [2], ""collection_size"": 2, ""current_idx"": 3, ""best_idx"": 0, ""acc_current_on_warning"": 0.44468119159240893, ""acc_best_on_warning"": 0.44468119159240893, ""acc_new_on_warning"": 0.4746325482607122, ""winner_initial"": ""reused_copy"", ""acc_on_buffer"": {""0"": 0.44468119159240893}, ""similarity_metric"": ""residual_pearson"", ""merge_pairs"": [[0, 2]], ""slot_eras"": {""0"": 0, ""1"": 1, ""2"
63111,63719,608,orphan,17753.0,11835.0,12640.0,0.4941,0.5344,0.0403,rise,1.6837,2.0668,0.2276,,8575.0,0,sudden/low/recurring_sudden_friedman_100k_g00.csv,htr/error,"{""buffer_len"": 609, ""merged"": [3], ""collection_size"": 2, ""current_idx"": 4, ""best_idx"": 0, ""acc_current_on_warning"": 0.44137317228812867, ""acc_best_on_warning"": 0.44137317228812867, ""acc_new_on_warning"": 0.4146933729503337, ""winner_initial"": ""reused_copy"", ""acc_on_buffer"": {""0"": 0.44137317228812867}, ""similarity_metric"": ""residual_pearson"", ""merge_pairs"": [[0, 3]], ""slot_eras"": {""0"": 0, ""1"": 1, ""2"""
71399,72615,1216,orphan,26041.0,3547.0,8288.0,0.4966,0.522,0.0254,rise,1.7204,1.9651,0.1422,,7641.0,0,sudden/low/recurring_sudden_friedman_100k_g00.csv,htr/error,"{""buffer_len"": 1217, ""merged"": [4], ""collection_size"": 2, ""current_idx"": 5, ""best_idx"": 0, ""acc_current_on_warning"": 0.44666899949868144, ""acc_best_on_warning"": 0.44666899949868144, ""acc_new_on_warning"": 0.4473918854934248, ""winner_initial"": ""reused_copy"", ""acc_on_buffer"": {""0"": 0.44666899949868144}, ""similarity_metric"": ""residual_pearson"", ""merge_pairs"": [[0, 4]], ""slot_eras"": {""0"": 0, ""1"": 1, ""2"
76455,76455,0,orphan,1509.0,,5056.0,0.4899,0.5141,0.0242,rise,1.6784,1.8862,0.1238,,3814.0,0,sudden/low/recurring_sudden_friedman_100k_g00.csv,htr/error,"{""buffer_len"": 1, ""merged"": [], ""collection_size"": 3, ""current_idx"": 6, ""best_idx"": 0, ""acc_current_on_warning"": 0.5558872832711108, ""acc_best_on_warning"": 0.5904266682849211, ""acc_new_on_warning"": 0.0, ""winner_initial"": ""reused_copy"", ""acc_on_buffer"": {""0"": 0.5904266682849211, ""5"": 0.5558872832711108}, ""similarity_metric"": ""residual_pearson"", ""merge_pairs"": [], ""slot_eras"": {""0"": 0, ""1"": 1, ""2"": "
46567,46695,128,orphan,1209.0,28379.0,,0.5424,0.5322,-0.0103,flat,3.3486,3.234,-0.0342,,,0,sudden/low/recurring_sudden_friedman_100k_g00.csv,hfr/error,"{""buffer_len"": 129, ""merged"": [], ""collection_size"": 2, ""current_idx"": 1, ""best_idx"": 0, ""acc_current_on_warning"": 0.45618096596559843, ""acc_best_on_warning"": 0.45618096596559843, ""acc_new_on_warning"": 0.46844416630391206, ""winner_initial"": ""reused_copy"", ""acc_on_buffer"": {""0"": 0.45618096596559843}, ""similarity_metric"": ""residual_pearson"", ""merge_pairs"": [], ""slot_eras"": {""0"": 0, ""1"": 1}, ""score_s"
59687,66631,6944,orphan,14329.0,15259.0,13120.0,0.524,0.5286,0.0046,flat,3.2476,3.3371,0.0275,,12765.0,0,sudden/low/recurring_sudden_friedman_100k_g00.csv,hfr/error,"{""buffer_len"": 6945, ""merged"": [1], ""collection_size"": 2, ""current_idx"": 2, ""best_idx"": 0, ""acc_current_on_warning"": 0.4698975803164219, ""acc_best_on_warning"": 0.4698975803164219, ""acc_new_on_warning"": 0.47535280761157594, ""winner_initial"": ""reused_copy"", ""acc_on_buffer"": {""0"": 0.4698975803164219}, ""similarity_metric"": ""residual_pearson"", ""merge_pairs"": [[0, 1]], ""slot_eras"": {""0"": 0, ""1"": 1, ""2"":"
68231,76039,7808,orphan,22873.0,6715.0,8544.0,0.527,0.4719,-0.0551,fall,3.3258,2.6258,-0.2105,,182.0,1,sudden/low/recurring_sudden_friedman_100k_g00.csv,hfr/error,"{""buffer_len"": 7809, ""merged"": [2], ""collection_size"": 2, ""current_idx"": 3, ""best_idx"": 0, ""acc_current_on_warning"": 0.48003674249322315, ""acc_best_on_warning"": 0.48003674249322315, ""acc_new_on_warning"": 0.4645396177829261, ""winner_initial"": ""reused_copy"", ""acc_on_buffer"": {""0"": 0.48003674249322315}, ""similarity_metric"": ""residual_pearson"", ""merge_pairs"": [[0, 2]], ""slot_eras"": {""0"": 0, ""1"": 1, ""2"
16583,16583,0,orphan,,2371.0,,0.4822,0.4892,0.007,flat,1.6938,1.7528,0.0348,,,0,sudden/low/recurring_sudden_friedman_100k_g01.csv,htr/error,"{""buffer_len"": 1, ""merged"": [], ""collection_size"": 2, ""current_idx"": 1, ""best_idx"": 0, ""acc_current_on_warning"": 0.46027440835323685, ""acc_best_on_warning"": 0.46027440835323685, ""acc_new_on_warning"": 0.0, ""winner_initial"": ""reused_copy"", ""acc_on_buffer"": {""0"": 0.46027440835323685}, ""similarity_metric"": ""residual_pearson"", ""merge_pairs"": [], ""slot_eras"": {""0"": 0, ""1"": 1}, ""score_semantics"": ""1_minu"
19111,19271,160,hit,157.0,10397.0,2528.0,0.5167,0.5195,0.0029,flat,2.0017,2.031,0.0146,,,0,sudden/low/recurring_sudden_friedman_100k_g01.csv,htr/error,"{""buffer_len"": 161, ""merged"": [1], ""collection_size"": 2, ""current_idx"": 2, ""best_idx"": 0, ""acc_current_on_warning"": 0.39599029822870246, ""acc_best_on_warning"": 0.39599029822870246, ""acc_new_on_warning"": 0.3193120349091173, ""winner_initial"": ""reused_copy"", ""acc_on_buffer"": {""0"": 0.39599029822870246}, ""similarity_metric"": ""residual_pearson"", ""merge_pairs"": [[0, 1]], ""slot_eras"": {""0"": 0, ""1"": 1, ""2"""
20935,20935,0,echo,1981.0,8573.0,1824.0,0.4883,0.5098,0.0214,rise,1.748,1.9388,0.1092,,1661.0,0,sudden/low/recurring_sudden_friedman_100k_g01.csv,htr/error,"{""buffer_len"": 1, ""merged"": [], ""collection_size"": 3, ""current_idx"": 3, ""best_idx"": 0, ""acc_current_on_warning"": 0.659205277730631, ""acc_best_on_warning"": 0.6608676721360589, ""acc_new_on_warning"": 0.0, ""winner_initial"": ""reused_copy"", ""acc_on_buffer"": {""0"": 0.6608676721360589, ""2"": 0.659205277730631}, ""similarity_metric"": ""residual_pearson"", ""merge_pairs"": [], ""slot_eras"": {""0"": 0, ""1"": 1, ""2"": 2,"
30759,30919,160,orphan,1251.0,57905.0,9824.0,0.5171,0.6015,0.0844,rise,2.0248,2.8612,0.4131,,11485.0,0,sudden/low/recurring_sudden_friedman_100k_g01.csv,htr/error,"{""buffer_len"": 161, ""merged"": [2, 3], ""collection_size"": 2, ""current_idx"": 4, ""best_idx"": 0, ""acc_current_on_warning"": 0.2864670011826581, ""acc_best_on_warning"": 0.2864670011826581, ""acc_new_on_warning"": 0.37897552514914445, ""winner_initial"": ""reused_copy"", ""acc_on_buffer"": {""0"": 0.2864670011826581}, ""similarity_metric"": ""residual_pearson"", ""merge_pairs"": [[0, 2], [0, 3]], ""slot_eras"": {""0"": 0, ""1"
31463,31687,224,orphan,1955.0,57201.0,704.0,0.5883,0.5973,0.009,flat,2.7351,2.9092,0.0636,,489.0,1,sudden/low/recurring_sudden_friedman_100k_g01.csv,htr/error,"{""buffer_len"": 225, ""merged"": [4], ""collection_size"": 2, ""current_idx"": 5, ""best_idx"": 0, ""acc_current_on_warning"": 0.28340867397835257, ""acc_best_on_warning"": 0.28340867397835257, ""acc_new_on_warning"": 0.3547320283055433, ""winner_initial"": ""reused_copy"", ""acc_on_buffer"": {""0"": 0.28340867397835257}, ""similarity_metric"": ""residual_pearson"", ""merge_pairs"": [[0, 4]], ""slot_eras"": {""0"": 0, ""1"": 1, ""2"""
32199,32263,64,orphan,2691.0,56465.0,736.0,0.5938,0.6121,0.0183,flat,2.8757,3.0419,0.0578,,216.0,1,sudden/low/recurring_sudden_friedman_100k_g01.csv,htr/error,"{""buffer_len"": 65, ""merged"": [5], ""collection_size"": 2, ""current_idx"": 6, ""best_idx"": 0, ""acc_current_on_warning"": 0.2716320434976369, ""acc_best_on_warning"": 0.2716320434976369, ""acc_new_on_warning"": 0.29086509634428226, ""winner_initial"": ""reused_copy"", ""acc_on_buffer"": {""0"": 0.2716320434976369}, ""similarity_metric"": ""residual_pearson"", ""merge_pairs"": [[0, 5]], ""slot_eras"": {""0"": 0, ""1"": 1, ""2"": 2"
32775,32775,0,orphan,3267.0,55889.0,576.0,0.6102,0.5262,-0.084,fall,3.0203,2.1998,-0.2717,,291.0,1,sudden/low/recurring_sudden_friedman_100k_g01.csv,htr/error,"{""buffer_len"": 1, ""merged"": [], ""collection_size"": 3, ""current_idx"": 7, ""best_idx"": 6, ""acc_current_on_warning"": 0.6358682130821119, ""acc_best_on_warning"": 0.6358682130821119, ""acc_new_on_warning"": 0.0, ""winner_initial"": ""reused_copy"", ""acc_on_buffer"": {""0"": 0.4644461922329721, ""6"": 0.6358682130821119}, ""similarity_metric"": ""residual_pearson"", ""merge_pairs"": [], ""slot_eras"": {""0"": 0, ""1"": 1, ""2"": "
36871,36871,0,orphan,7363.0,51793.0,4096.0,0.4949,0.5161,0.0211,rise,1.8709,2.0944,0.1195,,4387.0,0,sudden/low/recurring_sudden_friedman_100k_g01.csv,htr/error,"{""buffer_len"": 1, ""merged"": [], ""collection_size"": 4, ""current_idx"": 8, ""best_idx"": 6, ""acc_current_on_warning"": 0.6589402836564999, ""acc_best_on_warning"": 0.6932977588421816, ""acc_new_on_warning"": 0.0, ""winner_initial"": ""reused_copy"", ""acc_on_buffer"": {""0"": 0.3843227808255989, ""6"": 0.6932977588421816, ""7"": 0.6589402836564999}, ""similarity_metric"": ""residual_pearson"", ""merge_pairs"": [], ""slot_eras"
46599,46599,0,orphan,17091.0,42065.0,9728.0,0.502,0.4967,-0.0052,flat,1.9583,1.9543,-0.0021,,14115.0,0,sudden/low/recurring_sudden_friedman_100k_g01.csv,htr/error,"{""buffer_len"": 1, ""merged"": [], ""collection_size"": 5, ""current_idx"": 9, ""best_idx"": 8, ""acc_current_on_warning"": 0.37695091138775194, ""acc_best_on_warning"": 0.37695091138775194, ""acc_new_on_warning"": 0.0, ""winner_initial"": ""reused_copy"", ""acc_on_buffer"": {""0"": 0.0, ""6"": 0.07150484603740648, ""7"": 0.3048470911339738, ""8"": 0.37695091138775194}, ""similarity_metric"": ""residual_pearson"", ""merge_pairs"": "
77543,89319,11776,orphan,48035.0,11121.0,30944.0,0.4755,0.5063,0.0308,rise,1.6849,2.0173,0.1973,,45059.0,0,sudden/low/recurring_sudden_friedman_100k_g01.csv,htr/error,"{""buffer_len"": 11777, ""merged"": [6, 7, 8, 9], ""collection_size"": 2, ""current_idx"": 10, ""best_idx"": 0, ""acc_current_on_warning"": 0.294989038646295, ""acc_best_on_warning"": 0.294989038646295, ""acc_new_on_warning"": 0.41027255042327226, ""winner_initial"": ""reused_copy"", ""acc_on_buffer"": {""0"": 0.294989038646295}, ""similarity_metric"": ""residual_pearson"", ""merge_pairs"": [[0, 6], [0, 7], [0, 8], [0, 9]], ""s"
19655,19655,0,hit,701.0,9853.0,,0.5494,0.5223,-0.0271,fall,3.5873,3.2383,-0.0973,,,0,sudden/low/recurring_sudden_friedman_100k_g01.csv,hfr/error,"{""buffer_len"": 1, ""merged"": [], ""collection_size"": 2, ""current_idx"": 1, ""best_idx"": 0, ""acc_current_on_warning"": 0.0, ""acc_best_on_warning"": 0.0, ""acc_new_on_warning"": 0.7276785094006365, ""winner_initial"": ""reused_copy"", ""acc_on_buffer"": {""0"": 0.0}, ""similarity_metric"": ""residual_pearson"", ""merge_pairs"": [], ""slot_eras"": {""0"": 0, ""1"": 1}, ""score_semantics"": ""1_minus_mean_normalized_residual""}"
31943,31975,32,orphan,2435.0,56721.0,12288.0,0.5418,0.5592,0.0174,flat,3.6499,3.9615,0.0854,,,0,sudden/low/recurring_sudden_friedman_100k_g01.csv,hfr/error,"{""buffer_len"": 33, ""merged"": [1], ""collection_size"": 2, ""current_idx"": 2, ""best_idx"": 0, ""acc_current_on_warning"": 0.31496438979834385, ""acc_best_on_warning"": 0.31496438979834385, ""acc_new_on_warning"": 0.3301197735528387, ""winner_initial"": ""reused_copy"", ""acc_on_buffer"": {""0"": 0.31496438979834385}, ""similarity_metric"": ""residual_pearson"", ""merge_pairs"": [[0, 1]], ""slot_eras"": {""0"": 0, ""1"": 1, ""2"":"
40391,40615,224,orphan,10883.0,48273.0,8448.0,0.5169,0.5566,0.0398,rise,3.4408,4.0046,0.1639,,5589.0,0,sudden/low/recurring_sudden_friedman_100k_g01.csv,hfr/error,"{""buffer_len"": 225, ""merged"": [2], ""collection_size"": 2, ""current_idx"": 3, ""best_idx"": 0, ""acc_current_on_warning"": 0.44385348287021087, ""acc_best_on_warning"": 0.44385348287021087, ""acc_new_on_warning"": 0.46715443693346426, ""winner_initial"": ""reused_copy"", ""acc_on_buffer"": {""0"": 0.44385348287021087}, ""similarity_metric"": ""residual_pearson"", ""merge_pairs"": [[0, 2]], ""slot_eras"": {""0"": 0, ""1"": 1, ""2"
49831,56583,6752,orphan,20323.0,38833.0,9440.0,0.5125,0.5199,0.0073,flat,3.4497,3.6003,0.0437,,7171.0,0,sudden/low/recurring_sudden_friedman_100k_g01.csv,hfr/error,"{""buffer_len"": 6753, ""merged"": [3], ""collection_size"": 2, ""current_idx"": 4, ""best_idx"": 0, ""acc_current_on_warning"": 0.4325386335667831, ""acc_best_on_warning"": 0.4325386335667831, ""acc_new_on_warning"": 0.485787521900952, ""winner_initial"": ""reused_copy"", ""acc_on_buffer"": {""0"": 0.4325386335667831}, ""similarity_metric"": ""residual_pearson"", ""merge_pairs"": [[0, 3]], ""slot_eras"": {""0"": 0, ""1"": 1, ""2"": 2"
75015,75015,0,orphan,45507.0,13649.0,25184.0,0.4994,0.5345,0.0351,rise,3.3555,3.8816,0.1568,,18431.0,0,sudden/low/recurring_sudden_friedman_100k_g01.csv,hfr/error,"{""buffer_len"": 1, ""merged"": [], ""collection_size"": 3, ""current_idx"": 5, ""best_idx"": 0, ""acc_current_on_warning"": 0.5420470485922169, ""acc_best_on_warning"": 0.7239301479626764, ""acc_new_on_warning"": 0.7274671914833244, ""winner_initial"": ""reused_copy"", ""acc_on_buffer"": {""0"": 0.7239301479626764, ""4"": 0.5420470485922169}, ""similarity_metric"": ""residual_pearson"", ""merge_pairs"": [], ""slot_eras"": {""0"": 0"
80039,89863,9824,orphan,50531.0,8625.0,5024.0,0.4996,0.4928,-0.0067,flat,3.3784,3.2818,-0.0286,,1946.0,0,sudden/low/recurring_sudden_friedman_100k_g01.csv,hfr/error,"{""buffer_len"": 9825, ""merged"": [4, 5], ""collection_size"": 2, ""current_idx"": 6, ""best_idx"": 0, ""acc_current_on_warning"": 0.444588930267817, ""acc_best_on_warning"": 0.444588930267817, ""acc_new_on_warning"": 0.46082952323441484, ""winner_initial"": ""reused_copy"", ""acc_on_buffer"": {""0"": 0.444588930267817}, ""similarity_metric"": ""residual_pearson"", ""merge_pairs"": [[0, 4], [0, 5]], ""slot_eras"": {""0"": 0, ""1"":"
16615,18631,2016,orphan,,2819.0,,0.4921,0.4838,-0.0083,flat,1.7919,1.7101,-0.0457,,,0,sudden/medium/recurring_sudden_friedman_100k_g00.csv,htr/error,"{""buffer_len"": 2017, ""merged"": [], ""collection_size"": 2, ""current_idx"": 1, ""best_idx"": 0, ""acc_current_on_warning"": 0.5103380942836622, ""acc_best_on_warning"": 0.5103380942836622, ""acc_new_on_warning"": 0.48875495781379863, ""winner_initial"": ""reused_copy"", ""acc_on_buffer"": {""0"": 0.5103380942836622}, ""similarity_metric"": ""residual_pearson"", ""merge_pairs"": [], ""slot_eras"": {""0"": 0, ""1"": 1}, ""score_sem"
19495,19527,32,hit,61.0,20080.0,2880.0,0.5112,0.6299,0.1187,rise,2.0126,3.2691,0.6243,,842.0,0,sudden/medium/recurring_sudden_friedman_100k_g00.csv,htr/error,"{""buffer_len"": 33, ""merged"": [1], ""collection_size"": 2, ""current_idx"": 2, ""best_idx"": 0, ""acc_current_on_warning"": 0.29509643495844784, ""acc_best_on_warning"": 0.29509643495844784, ""acc_new_on_warning"": 0.1952610501151778, ""winner_initial"": ""reused_copy"", ""acc_on_buffer"": {""0"": 0.29509643495844784}, ""similarity_metric"": ""residual_pearson"", ""merge_pairs"": [[0, 1]], ""slot_eras"": {""0"": 0, ""1"": 1, ""2"":"
20295,20327,32,echo_inwin,861.0,19280.0,800.0,0.5647,0.6162,0.0515,rise,2.5616,3.1504,0.2299,,695.0,0,sudden/medium/recurring_sudden_friedman_100k_g00.csv,htr/error,"{""buffer_len"": 33, ""merged"": [2], ""collection_size"": 2, ""current_idx"": 3, ""best_idx"": 0, ""acc_current_on_warning"": 0.30781242506647566, ""acc_best_on_warning"": 0.30781242506647566, ""acc_new_on_warning"": 0.18411032229662494, ""winner_initial"": ""reused_copy"", ""acc_on_buffer"": {""0"": 0.30781242506647566}, ""similarity_metric"": ""residual_pearson"", ""merge_pairs"": [[0, 2]], ""slot_eras"": {""0"": 0, ""1"": 1, ""2"""
21223,21223,0,echo,1789.0,18352.0,928.0,0.5603,0.6198,0.0595,rise,2.5816,3.2445,0.2568,,1623.0,0,sudden/medium/recurring_sudden_friedman_100k_g00.csv,htr/error,"{""buffer_len"": 1, ""merged"": [], ""collection_size"": 3, ""current_idx"": 4, ""best_idx"": 0, ""acc_current_on_warning"": 0.5361976868073068, ""acc_best_on_warning"": 0.5960949930002666, ""acc_new_on_warning"": 0.0, ""winner_initial"": ""reused_copy"", ""acc_on_buffer"": {""0"": 0.5960949930002666, ""3"": 0.5361976868073068}, ""similarity_metric"": ""residual_pearson"", ""merge_pairs"": [], ""slot_eras"": {""0"": 0, ""1"": 1, ""2"": "
21607,21735,128,echo,2173.0,17968.0,384.0,0.6135,0.6138,0.0002,flat,3.1865,3.3271,0.0441,,2007.0,0,sudden/medium/recurring_sudden_friedman_100k_g00.csv,htr/error,"{""buffer_len"": 129, ""merged"": [3, 4], ""collection_size"": 2, ""current_idx"": 5, ""best_idx"": 0, ""acc_current_on_warning"": 0.28191080550795633, ""acc_best_on_warning"": 0.28191080550795633, ""acc_new_on_warning"": 0.29232579033322426, ""winner_initial"": ""reused_copy"", ""acc_on_buffer"": {""0"": 0.28191080550795633}, ""similarity_metric"": ""residual_pearson"", ""merge_pairs"": [[0, 3], [0, 4]], ""slot_eras"": {""0"": 0,"
22311,22343,32,echo,2877.0,17264.0,704.0,0.5966,0.5939,-0.0027,flat,3.0824,3.1121,0.0096,,289.0,1,sudden/medium/recurring_sudden_friedman_100k_g00.csv,htr/error,"{""buffer_len"": 33, ""merged"": [5], ""collection_size"": 2, ""current_idx"": 6, ""best_idx"": 0, ""acc_current_on_warning"": 0.308751108890266, ""acc_best_on_warning"": 0.308751108890266, ""acc_new_on_warning"": 0.25688402677676725, ""winner_initial"": ""reused_copy"", ""acc_on_buffer"": {""0"": 0.308751108890266}, ""similarity_metric"": ""residual_pearson"", ""merge_pairs"": [[0, 5]], ""slot_eras"": {""0"": 0, ""1"": 1, ""2"": 2, """
23143,23207,64,orphan,3709.0,16432.0,832.0,0.5566,0.6045,0.0479,rise,2.6505,3.2371,0.2213,,785.0,0,sudden/medium/recurring_sudden_friedman_100k_g00.csv,htr/error,"{""buffer_len"": 65, ""merged"": [6], ""collection_size"": 2, ""current_idx"": 7, ""best_idx"": 0, ""acc_current_on_warning"": 0.3002204076308084, ""acc_best_on_warning"": 0.3002204076308084, ""acc_new_on_warning"": 0.31575342336953527, ""winner_initial"": ""reused_copy"", ""acc_on_buffer"": {""0"": 0.3002204076308084}, ""similarity_metric"": ""residual_pearson"", ""merge_pairs"": [[0, 6]], ""slot_eras"": {""0"": 0, ""1"": 1, ""2"": 2"
23815,24103,288,orphan,4381.0,15760.0,672.0,0.5741,0.6032,0.029,rise,2.8896,3.264,0.1296,,595.0,1,sudden/medium/recurring_sudden_friedman_100k_g00.csv,htr/error,"{""buffer_len"": 289, ""merged"": [7], ""collection_size"": 2, ""current_idx"": 8, ""best_idx"": 0, ""acc_current_on_warning"": 0.2901899443558774, ""acc_best_on_warning"": 0.2901899443558774, ""acc_new_on_warning"": 0.32960046689176203, ""winner_initial"": ""reused_copy"", ""acc_on_buffer"": {""0"": 0.2901899443558774}, ""similarity_metric"": ""residual_pearson"", ""merge_pairs"": [[0, 7]], ""slot_eras"": {""0"": 0, ""1"": 1, ""2"": "
24871,24871,0,orphan,5437.0,14704.0,1056.0,0.5527,0.5854,0.0327,rise,2.6811,3.137,0.17,,377.0,1,sudden/medium/recurring_sudden_friedman_100k_g00.csv,htr/error,"{""buffer_len"": 1, ""merged"": [], ""collection_size"": 3, ""current_idx"": 9, ""best_idx"": 0, ""acc_current_on_warning"": 0.39712798467959987, ""acc_best_on_warning"": 0.6577871370568609, ""acc_new_on_warning"": 0.0, ""winner_initial"": ""reused_copy"", ""acc_on_buffer"": {""0"": 0.6577871370568609, ""8"": 0.39712798467959987}, ""similarity_metric"": ""residual_pearson"", ""merge_pairs"": [], ""slot_eras"": {""0"": 0, ""1"": 1, ""2"""
25415,25639,224,orphan,5981.0,14160.0,544.0,0.5721,0.5698,-0.0023,flat,2.9548,2.9828,0.0095,,537.0,1,sudden/medium/recurring_sudden_friedman_100k_g00.csv,htr/error,"{""buffer_len"": 225, ""merged"": [8, 9], ""collection_size"": 2, ""current_idx"": 10, ""best_idx"": 0, ""acc_current_on_warning"": 0.32682779051243094, ""acc_best_on_warning"": 0.32682779051243094, ""acc_new_on_warning"": 0.37811243450156695, ""winner_initial"": ""reused_copy"", ""acc_on_buffer"": {""0"": 0.32682779051243094}, ""similarity_metric"": ""residual_pearson"", ""merge_pairs"": [[0, 8], [0, 9]], ""slot_eras"": {""0"": 0"
26823,26887,64,orphan,7389.0,12752.0,1408.0,0.5254,0.5766,0.0512,rise,2.4655,3.0726,0.2462,,168.0,1,sudden/medium/recurring_sudden_friedman_100k_g00.csv,htr/error,"{""buffer_len"": 65, ""merged"": [10], ""collection_size"": 2, ""current_idx"": 11, ""best_idx"": 0, ""acc_current_on_warning"": 0.3599910924446871, ""acc_best_on_warning"": 0.3599910924446871, ""acc_new_on_warning"": 0.3141829701951203, ""winner_initial"": ""reused_copy"", ""acc_on_buffer"": {""0"": 0.3599910924446871}, ""similarity_metric"": ""residual_pearson"", ""merge_pairs"": [[0, 10]], ""slot_eras"": {""0"": 0, ""1"": 1, ""2"":"
27399,27655,256,orphan,7965.0,12176.0,576.0,0.5771,0.5998,0.0227,rise,3.0735,3.3737,0.0977,,744.0,0,sudden/medium/recurring_sudden_friedman_100k_g00.csv,htr/error,"{""buffer_len"": 257, ""merged"": [11], ""collection_size"": 2, ""current_idx"": 12, ""best_idx"": 0, ""acc_current_on_warning"": 0.30988125629386865, ""acc_best_on_warning"": 0.30988125629386865, ""acc_new_on_warning"": 0.35631928601752694, ""winner_initial"": ""reused_copy"", ""acc_on_buffer"": {""0"": 0.30988125629386865}, ""similarity_metric"": ""residual_pearson"", ""merge_pairs"": [[0, 11]], ""slot_eras"": {""0"": 0, ""1"": 1,"
28487,28551,64,orphan,9053.0,11088.0,1088.0,0.5348,0.5782,0.0435,rise,2.5891,3.1526,0.2176,,633.0,0,sudden/medium/recurring_sudden_friedman_100k_g00.csv,htr/error,"{""buffer_len"": 65, ""merged"": [12], ""collection_size"": 2, ""current_idx"": 13, ""best_idx"": 0, ""acc_current_on_warning"": 0.3356133396746174, ""acc_best_on_warning"": 0.3356133396746174, ""acc_new_on_warning"": 0.29528559939949084, ""winner_initial"": ""reused_copy"", ""acc_on_buffer"": {""0"": 0.3356133396746174}, ""similarity_metric"": ""residual_pearson"", ""merge_pairs"": [[0, 12]], ""slot_eras"": {""0"": 0, ""1"": 1, ""2"""
29127,29159,32,orphan,9693.0,10448.0,640.0,0.5706,0.5774,0.0068,flat,3.0538,3.1662,0.0368,,570.0,1,sudden/medium/recurring_sudden_friedman_100k_g00.csv,htr/error,"{""buffer_len"": 33, ""merged"": [13], ""collection_size"": 2, ""current_idx"": 14, ""best_idx"": 0, ""acc_current_on_warning"": 0.35773882728940243, ""acc_best_on_warning"": 0.35773882728940243, ""acc_new_on_warning"": 0.2658405323973433, ""winner_initial"": ""reused_copy"", ""acc_on_buffer"": {""0"": 0.35773882728940243}, ""similarity_metric"": ""residual_pearson"", ""merge_pairs"": [[0, 13]], ""slot_eras"": {""0"": 0, ""1"": 1, """
29607,29671,64,orphan,10173.0,9968.0,480.0,0.5823,0.5841,0.0017,flat,3.2218,3.2877,0.0205,,1050.0,0,sudden/medium/recurring_sudden_friedman_100k_g00.csv,htr/error,"{""buffer_len"": 65, ""merged"": [14], ""collection_size"": 2, ""current_idx"": 15, ""best_idx"": 0, ""acc_current_on_warning"": 0.3437957550221571, ""acc_best_on_warning"": 0.3437957550221571, ""acc_new_on_warning"": 0.3391263423758041, ""winner_initial"": ""reused_copy"", ""acc_on_buffer"": {""0"": 0.3437957550221571}, ""similarity_metric"": ""residual_pearson"", ""merge_pairs"": [[0, 14]], ""slot_eras"": {""0"": 0, ""1"": 1, ""2"":"
30183,30183,0,orphan,10749.0,9392.0,576.0,0.5796,0.5614,-0.0182,flat,3.2278,3.0019,-0.07,masked_fall,506.0,1,sudden/medium/recurring_sudden_friedman_100k_g00.csv,htr/error,"{""buffer_len"": 1, ""merged"": [], ""collection_size"": 3, ""current_idx"": 16, ""best_idx"": 0, ""acc_current_on_warning"": 0.6433286873403486, ""acc_best_on_warning"": 0.6755374369246898, ""acc_new_on_warning"": 0.15957938553600626, ""winner_initial"": ""reused_copy"", ""acc_on_buffer"": {""0"": 0.6755374369246898, ""15"": 0.6433286873403486}, ""similarity_metric"": ""residual_pearson"", ""merge_pairs"": [], ""slot_eras"": {""0"""
31079,31079,0,orphan,11645.0,8496.0,896.0,0.5112,0.5126,0.0014,flat,2.3922,2.409,0.007,,1402.0,0,sudden/medium/recurring_sudden_friedman_100k_g00.csv,htr/error,"{""buffer_len"": 1, ""merged"": [], ""collection_size"": 4, ""current_idx"": 17, ""best_idx"": 15, ""acc_current_on_warning"": 0.6593102423350967, ""acc_best_on_warning"": 0.6680515888778856, ""acc_new_on_warning"": 0.0, ""winner_initial"": ""reused_copy"", ""acc_on_buffer"": {""0"": 0.6116674280946659, ""15"": 0.6680515888778856, ""16"": 0.6593102423350967}, ""similarity_metric"": ""residual_pearson"", ""merge_pairs"": [], ""slot_"
40679,40743,64,orphan,1104.0,24121.0,9600.0,0.469,0.4571,-0.0119,flat,1.8769,1.7352,-0.0755,masked_fall,11002.0,0,sudden/medium/recurring_sudden_friedman_100k_g00.csv,htr/error,"{""buffer_len"": 65, ""merged"": [17, 15], ""collection_size"": 3, ""current_idx"": 18, ""best_idx"": 0, ""acc_current_on_warning"": 0.5539457266163634, ""acc_best_on_warning"": 0.5539457266163634, ""acc_new_on_warning"": 0.43030319004533213, ""winner_initial"": ""reused_copy"", ""acc_on_buffer"": {""0"": 0.5539457266163634, ""16"": 0.41089778284895784}, ""similarity_metric"": ""residual_pearson"", ""merge_pairs"": [[0, 17], [16"
65159,65223,64,hit,359.0,,24480.0,0.5491,0.5297,-0.0195,flat,2.5685,2.3665,-0.0786,masked_fall,35482.0,0,sudden/medium/recurring_sudden_friedman_100k_g00.csv,htr/error,"{""buffer_len"": 65, ""merged"": [0, 16], ""collection_size"": 2, ""current_idx"": 19, ""best_idx"": 18, ""acc_current_on_warning"": 0.4386454133780847, ""acc_best_on_warning"": 0.4386454133780847, ""acc_new_on_warning"": 0.30462318538795874, ""winner_initial"": ""reused_copy"", ""acc_on_buffer"": {""18"": 0.4386454133780847}, ""similarity_metric"": ""residual_pearson"", ""merge_pairs"": [[18, 0], [18, 16]], ""slot_eras"": {""0"":"
67335,67399,64,echo,2535.0,,2176.0,0.4901,0.5249,0.0348,rise,1.9344,2.3072,0.1927,,37658.0,0,sudden/medium/recurring_sudden_friedman_100k_g00.csv,htr/error,"{""buffer_len"": 65, ""merged"": [19], ""collection_size"": 2, ""current_idx"": 20, ""best_idx"": 18, ""acc_current_on_warning"": 0.4767153275414092, ""acc_best_on_warning"": 0.4767153275414092, ""acc_new_on_warning"": 0.3224151215540334, ""winner_initial"": ""reused_copy"", ""acc_on_buffer"": {""18"": 0.4767153275414092}, ""similarity_metric"": ""residual_pearson"", ""merge_pairs"": [[18, 19]], ""slot_eras"": {""0"": 0, ""1"": 1, """
69575,70471,896,orphan,4775.0,,2240.0,0.4897,0.536,0.0463,rise,1.9425,2.4875,0.2805,,39898.0,0,sudden/medium/recurring_sudden_friedman_100k_g00.csv,htr/error,"{""buffer_len"": 897, ""merged"": [20], ""collection_size"": 2, ""current_idx"": 21, ""best_idx"": 18, ""acc_current_on_warning"": 0.4553359445662487, ""acc_best_on_warning"": 0.4553359445662487, ""acc_new_on_warning"": 0.47836245083584583, ""winner_initial"": ""reused_copy"", ""acc_on_buffer"": {""18"": 0.4553359445662487}, ""similarity_metric"": ""residual_pearson"", ""merge_pairs"": [[18, 20]], ""slot_eras"": {""0"": 0, ""1"": 1,"
72263,72359,96,orphan,7463.0,,2688.0,0.4946,0.5244,0.0298,rise,1.9923,2.3198,0.1644,,1355.0,0,sudden/medium/recurring_sudden_friedman_100k_g00.csv,htr/error,"{""buffer_len"": 97, ""merged"": [21], ""collection_size"": 2, ""current_idx"": 22, ""best_idx"": 18, ""acc_current_on_warning"": 0.4512753629920103, ""acc_best_on_warning"": 0.4512753629920103, ""acc_new_on_warning"": 0.31261342301134043, ""winner_initial"": ""reused_copy"", ""acc_on_buffer"": {""18"": 0.4512753629920103}, ""similarity_metric"": ""residual_pearson"", ""merge_pairs"": [[18, 21]], ""slot_eras"": {""0"": 0, ""1"": 1, "
74567,75431,864,orphan,9767.0,,2304.0,0.4779,0.5238,0.0459,rise,1.8048,2.3245,0.2879,,2199.0,0,sudden/medium/recurring_sudden_friedman_100k_g00.csv,htr/error,"{""buffer_len"": 865, ""merged"": [22], ""collection_size"": 2, ""current_idx"": 23, ""best_idx"": 18, ""acc_current_on_warning"": 0.44574794708502385, ""acc_best_on_warning"": 0.44574794708502385, ""acc_new_on_warning"": 0.47982217561386653, ""winner_initial"": ""reused_copy"", ""acc_on_buffer"": {""18"": 0.44574794708502385}, ""similarity_metric"": ""residual_pearson"", ""merge_pairs"": [[18, 22]], ""slot_eras"": {""0"": 0, ""1"":"
77479,77479,0,orphan,12679.0,,2912.0,0.4851,0.4821,-0.003,flat,1.8965,1.8472,-0.026,,840.0,0,sudden/medium/recurring_sudden_friedman_100k_g00.csv,htr/error,"{""buffer_len"": 1, ""merged"": [], ""collection_size"": 3, ""current_idx"": 24, ""best_idx"": 23, ""acc_current_on_warning"": 0.6604431790732193, ""acc_best_on_warning"": 0.6604431790732193, ""acc_new_on_warning"": 0.0, ""winner_initial"": ""reused_copy"", ""acc_on_buffer"": {""18"": 0.5737756348859991, ""23"": 0.6604431790732193}, ""similarity_metric"": ""residual_pearson"", ""merge_pairs"": [], ""slot_eras"": {""0"": 0, ""1"": 1, """
19751,19783,32,hit,317.0,19824.0,,0.586,0.6086,0.0225,rise,4.2589,4.5554,0.0696,,,0,sudden/medium/recurring_sudden_friedman_100k_g00.csv,hfr/error,"{""buffer_len"": 33, ""merged"": [], ""collection_size"": 2, ""current_idx"": 1, ""best_idx"": 0, ""acc_current_on_warning"": 0.32817534692345485, ""acc_best_on_warning"": 0.32817534692345485, ""acc_new_on_warning"": 0.39010660010419507, ""winner_initial"": ""reused_copy"", ""acc_on_buffer"": {""0"": 0.32817534692345485}, ""similarity_metric"": ""residual_pearson"", ""merge_pairs"": [], ""slot_eras"": {""0"": 0, ""1"": 1}, ""score_se"
24583,24743,160,orphan,5149.0,14992.0,4832.0,0.563,0.5846,0.0216,rise,4.1772,4.5734,0.0948,,4678.0,0,sudden/medium/recurring_sudden_friedman_100k_g00.csv,hfr/error,"{""buffer_len"": 161, ""merged"": [1], ""collection_size"": 2, ""current_idx"": 2, ""best_idx"": 0, ""acc_current_on_warning"": 0.4166666375111744, ""acc_best_on_warning"": 0.4166666375111744, ""acc_new_on_warning"": 0.45129674091083516, ""winner_initial"": ""reused_copy"", ""acc_on_buffer"": {""0"": 0.4166666375111744}, ""similarity_metric"": ""residual_pearson"", ""merge_pairs"": [[0, 1]], ""slot_eras"": {""0"": 0, ""1"": 1, ""2"": "
31911,31911,0,orphan,12477.0,7664.0,7328.0,0.5375,0.5531,0.0156,flat,4.0596,4.31,0.0617,,7114.0,0,sudden/medium/recurring_sudden_friedman_100k_g00.csv,hfr/error,"{""buffer_len"": 1, ""merged"": [], ""collection_size"": 3, ""current_idx"": 3, ""best_idx"": 2, ""acc_current_on_warning"": 0.6036600021730678, ""acc_best_on_warning"": 0.6036600021730678, ""acc_new_on_warning"": 0.7207224241409548, ""winner_initial"": ""reused_copy"", ""acc_on_buffer"": {""0"": 0.5312391828774143, ""2"": 0.6036600021730678}, ""similarity_metric"": ""residual_pearson"", ""merge_pairs"": [], ""slot_eras"": {""0"": 0"
40295,40359,64,hit,720.0,24505.0,8384.0,0.4752,0.4737,-0.0015,flat,3.1962,3.162,-0.0107,,15498.0,0,sudden/medium/recurring_sudden_friedman_100k_g00.csv,hfr/error,"{""buffer_len"": 65, ""merged"": [2, 3], ""collection_size"": 2, ""current_idx"": 4, ""best_idx"": 0, ""acc_current_on_warning"": 0.5190446463895197, ""acc_best_on_warning"": 0.5190446463895197, ""acc_new_on_warning"": 0.5014370281298661, ""winner_initial"": ""reused_copy"", ""acc_on_buffer"": {""0"": 0.5190446463895197}, ""similarity_metric"": ""residual_pearson"", ""merge_pairs"": [[0, 2], [0, 3]], ""slot_eras"": {""0"": 0, ""1"":"
58983,65415,6432,orphan,19408.0,5817.0,18688.0,0.49,0.5169,0.027,rise,3.2771,3.6701,0.1199,,34186.0,0,sudden/medium/recurring_sudden_friedman_100k_g00.csv,hfr/error,"{""buffer_len"": 6433, ""merged"": [0], ""collection_size"": 2, ""current_idx"": 5, ""best_idx"": 4, ""acc_current_on_warning"": 0.5140924081372961, ""acc_best_on_warning"": 0.5140924081372961, ""acc_new_on_warning"": 0.49811814843437163, ""winner_initial"": ""reused_copy"", ""acc_on_buffer"": {""4"": 0.5140924081372961}, ""similarity_metric"": ""residual_pearson"", ""merge_pairs"": [[4, 0]], ""slot_eras"": {""0"": 0, ""1"": 1, ""2"":"
17319,17479,160,hit,967.0,24710.0,,0.4589,0.4537,-0.0053,flat,1.4707,1.3965,-0.0504,masked_fall,,0,sudden/medium/recurring_sudden_friedman_100k_g01.csv,htr/error,"{""buffer_len"": 161, ""merged"": [], ""collection_size"": 2, ""current_idx"": 1, ""best_idx"": 0, ""acc_current_on_warning"": 0.5438542995362812, ""acc_best_on_warning"": 0.5438542995362812, ""acc_new_on_warning"": 0.3962403562010012, ""winner_initial"": ""reused_copy"", ""acc_on_buffer"": {""0"": 0.5438542995362812}, ""similarity_metric"": ""residual_pearson"", ""merge_pairs"": [], ""slot_eras"": {""0"": 0, ""1"": 1}, ""score_seman"
30791,31047,256,orphan,14439.0,11238.0,13472.0,0.4821,0.4563,-0.0258,fall,1.4988,1.2743,-0.1498,,,0,sudden/medium/recurring_sudden_friedman_100k_g01.csv,htr/error,"{""buffer_len"": 257, ""merged"": [0], ""collection_size"": 2, ""current_idx"": 2, ""best_idx"": 1, ""acc_current_on_warning"": 0.5267051657902582, ""acc_best_on_warning"": 0.5267051657902582, ""acc_new_on_warning"": 0.43279961837344594, ""winner_initial"": ""reused_copy"", ""acc_on_buffer"": {""1"": 0.5267051657902582}, ""similarity_metric"": ""residual_pearson"", ""merge_pairs"": [[1, 0]], ""slot_eras"": {""0"": 0, ""1"": 1, ""2"": "
42151,42151,0,hit,122.0,28186.0,11360.0,0.5655,0.7539,0.1884,rise,2.8222,4.741,0.6799,,11102.0,0,sudden/medium/recurring_sudden_friedman_100k_g01.csv,htr/error,"{""buffer_len"": 1, ""merged"": [], ""collection_size"": 3, ""current_idx"": 3, ""best_idx"": 1, ""acc_current_on_warning"": 0.0, ""acc_best_on_warning"": 0.0, ""acc_new_on_warning"": 0.0, ""winner_initial"": ""reused_copy"", ""acc_on_buffer"": {""1"": 0.0, ""2"": 0.0}, ""similarity_metric"": ""residual_pearson"", ""merge_pairs"": [], ""slot_eras"": {""0"": 0, ""1"": 1, ""2"": 2, ""3"": 3}, ""score_semantics"": ""1_minus_mean_normalized_resi"
42983,43047,64,echo_inwin,954.0,27354.0,832.0,0.6787,0.6321,-0.0466,fall,3.5984,3.0406,-0.155,,830.0,0,sudden/medium/recurring_sudden_friedman_100k_g01.csv,htr/error,"{""buffer_len"": 65, ""merged"": [2], ""collection_size"": 3, ""current_idx"": 4, ""best_idx"": 3, ""acc_current_on_warning"": 0.3540277291616325, ""acc_best_on_warning"": 0.3540277291616325, ""acc_new_on_warning"": 0.2506082374807237, ""winner_initial"": ""reused_copy"", ""acc_on_buffer"": {""1"": 0.10379349812977501, ""3"": 0.3540277291616325}, ""similarity_metric"": ""residual_pearson"", ""merge_pairs"": [[1, 2]], ""slot_eras"""
46119,46119,0,orphan,4090.0,24218.0,3136.0,0.589,0.5815,-0.0075,flat,2.6204,2.6767,0.0215,,3060.0,0,sudden/medium/recurring_sudden_friedman_100k_g01.csv,htr/error,"{""buffer_len"": 1, ""merged"": [], ""collection_size"": 4, ""current_idx"": 5, ""best_idx"": 4, ""acc_current_on_warning"": 0.663676040464054, ""acc_best_on_warning"": 0.663676040464054, ""acc_new_on_warning"": 0.0, ""winner_initial"": ""reused_copy"", ""acc_on_buffer"": {""1"": 0.0, ""3"": 0.4215164481695184, ""4"": 0.663676040464054}, ""similarity_metric"": ""residual_pearson"", ""merge_pairs"": [], ""slot_eras"": {""0"": 0, ""1"": 1"
50247,53287,3040,orphan,8218.0,20090.0,4128.0,0.5535,0.5638,0.0103,flat,2.4071,2.629,0.0922,,7188.0,0,sudden/medium/recurring_sudden_friedman_100k_g01.csv,htr/error,"{""buffer_len"": 3041, ""merged"": [3, 4, 5], ""collection_size"": 2, ""current_idx"": 6, ""best_idx"": 1, ""acc_current_on_warning"": 0.13685641005143223, ""acc_best_on_warning"": 0.13685641005143223, ""acc_new_on_warning"": 0.43797806629124336, ""winner_initial"": ""reused_copy"", ""acc_on_buffer"": {""1"": 0.13685641005143223}, ""similarity_metric"": ""residual_pearson"", ""merge_pairs"": [[1, 3], [1, 4], [1, 5]], ""slot_era"
63015,66535,3520,orphan,20986.0,7322.0,12768.0,0.5372,0.5607,0.0235,rise,2.3958,2.7358,0.1419,,9727.0,0,sudden/medium/recurring_sudden_friedman_100k_g01.csv,htr/error,"{""buffer_len"": 3521, ""merged"": [6], ""collection_size"": 2, ""current_idx"": 7, ""best_idx"": 1, ""acc_current_on_warning"": 0.141724740498143, ""acc_best_on_warning"": 0.141724740498143, ""acc_new_on_warning"": 0.4481956736099584, ""winner_initial"": ""reused_copy"", ""acc_on_buffer"": {""1"": 0.141724740498143}, ""similarity_metric"": ""residual_pearson"", ""merge_pairs"": [[1, 6]], ""slot_eras"": {""0"": 0, ""1"": 1, ""2"": 2, "
71143,71143,0,hit,806.0,,8128.0,0.4816,0.4728,-0.0088,flat,1.8036,1.7024,-0.0561,masked_fall,4604.0,0,sudden/medium/recurring_sudden_friedman_100k_g01.csv,htr/error,"{""buffer_len"": 1, ""merged"": [], ""collection_size"": 3, ""current_idx"": 8, ""best_idx"": 7, ""acc_current_on_warning"": 0.5858287513593414, ""acc_best_on_warning"": 0.5858287513593414, ""acc_new_on_warning"": 0.0, ""winner_initial"": ""reused_copy"", ""acc_on_buffer"": {""1"": 0.4708118488770646, ""7"": 0.5858287513593414}, ""similarity_metric"": ""residual_pearson"", ""merge_pairs"": [], ""slot_eras"": {""0"": 0, ""1"": 1, ""2"": "
42535,42567,32,hit,506.0,27802.0,,0.7541,0.6096,-0.1445,fall,7.7114,4.6951,-0.3911,,,0,sudden/medium/recurring_sudden_friedman_100k_g01.csv,hfr/error,"{""buffer_len"": 33, ""merged"": [], ""collection_size"": 2, ""current_idx"": 1, ""best_idx"": 0, ""acc_current_on_warning"": 0.24861238139534658, ""acc_best_on_warning"": 0.24861238139534658, ""acc_new_on_warning"": 0.40354842842455185, ""winner_initial"": ""reused_copy"", ""acc_on_buffer"": {""0"": 0.24861238139534658}, ""similarity_metric"": ""residual_pearson"", ""merge_pairs"": [], ""slot_eras"": {""0"": 0, ""1"": 1}, ""score_se"
50439,50759,320,orphan,8410.0,19898.0,7904.0,0.5666,0.6138,0.0472,rise,4.2827,5.0473,0.1785,,7866.0,0,sudden/medium/recurring_sudden_friedman_100k_g01.csv,hfr/error,"{""buffer_len"": 321, ""merged"": [1], ""collection_size"": 2, ""current_idx"": 2, ""best_idx"": 0, ""acc_current_on_warning"": 0.32338915785985445, ""acc_best_on_warning"": 0.32338915785985445, ""acc_new_on_warning"": 0.40181937439341087, ""winner_initial"": ""reused_copy"", ""acc_on_buffer"": {""0"": 0.32338915785985445}, ""similarity_metric"": ""residual_pearson"", ""merge_pairs"": [[0, 1]], ""slot_eras"": {""0"": 0, ""1"": 1, ""2"
53223,65095,11872,orphan,11194.0,17114.0,2784.0,0.5594,0.5436,-0.0158,flat,4.2666,4.298,0.0074,,2449.0,0,sudden/medium/recurring_sudden_friedman_100k_g01.csv,hfr/error,"{""buffer_len"": 11873, ""merged"": [2], ""collection_size"": 2, ""current_idx"": 3, ""best_idx"": 0, ""acc_current_on_warning"": 0.34259618627133603, ""acc_best_on_warning"": 0.34259618627133603, ""acc_new_on_warning"": 0.44757883736190607, ""winner_initial"": ""reused_copy"", ""acc_on_buffer"": {""0"": 0.34259618627133603}, ""similarity_metric"": ""residual_pearson"", ""merge_pairs"": [[0, 2]], ""slot_eras"": {""0"": 0, ""1"": 1, "
71303,71367,64,hit,966.0,,18080.0,0.4967,0.495,-0.0017,flat,3.5393,3.5119,-0.0077,,6207.0,0,sudden/medium/recurring_sudden_friedman_100k_g01.csv,hfr/error,"{""buffer_len"": 65, ""merged"": [3], ""collection_size"": 2, ""current_idx"": 4, ""best_idx"": 0, ""acc_current_on_warning"": 0.49021363356285685, ""acc_best_on_warning"": 0.49021363356285685, ""acc_new_on_warning"": 0.49314910814738666, ""winner_initial"": ""reused_copy"", ""acc_on_buffer"": {""0"": 0.49021363356285685}, ""similarity_metric"": ""residual_pearson"", ""merge_pairs"": [[0, 3]], ""slot_eras"": {""0"": 0, ""1"": 1, ""2"""
16807,18631,1824,orphan,,4203.0,,0.4858,0.486,0.0002,flat,1.7021,1.6649,-0.0218,,,0,sudden/high/recurring_sudden_friedman_100k_g00.csv,htr/error,"{""buffer_len"": 1825, ""merged"": [], ""collection_size"": 2, ""current_idx"": 1, ""best_idx"": 0, ""acc_current_on_warning"": 0.5119848388122201, ""acc_best_on_warning"": 0.5119848388122201, ""acc_new_on_warning"": 0.4748063304185094, ""winner_initial"": ""reused_copy"", ""acc_on_buffer"": {""0"": 0.5119848388122201}, ""similarity_metric"": ""residual_pearson"", ""merge_pairs"": [], ""slot_eras"": {""0"": 0, ""1"": 1}, ""score_sema"
21351,21383,32,hit,341.0,12820.0,4544.0,0.5521,0.5636,0.0115,flat,2.3072,2.4285,0.0526,,2711.0,0,sudden/high/recurring_sudden_friedman_100k_g00.csv,htr/error,"{""buffer_len"": 33, ""merged"": [1], ""collection_size"": 2, ""current_idx"": 2, ""best_idx"": 0, ""acc_current_on_warning"": 0.3273897337030519, ""acc_best_on_warning"": 0.3273897337030519, ""acc_new_on_warning"": 0.2590476169507676, ""winner_initial"": ""reused_copy"", ""acc_on_buffer"": {""0"": 0.3273897337030519}, ""similarity_metric"": ""residual_pearson"", ""merge_pairs"": [[0, 1]], ""slot_eras"": {""0"": 0, ""1"": 1, ""2"": 2}"
26247,26375,128,orphan,5237.0,7924.0,4896.0,0.5297,0.5622,0.0325,rise,2.2139,2.5198,0.1382,,7607.0,0,sudden/high/recurring_sudden_friedman_100k_g00.csv,htr/error,"{""buffer_len"": 129, ""merged"": [2], ""collection_size"": 2, ""current_idx"": 3, ""best_idx"": 0, ""acc_current_on_warning"": 0.4030264114306905, ""acc_best_on_warning"": 0.4030264114306905, ""acc_new_on_warning"": 0.3234176056514598, ""winner_initial"": ""reused_copy"", ""acc_on_buffer"": {""0"": 0.4030264114306905}, ""similarity_metric"": ""residual_pearson"", ""merge_pairs"": [[0, 2]], ""slot_eras"": {""0"": 0, ""1"": 1, ""2"": 2"
30471,30631,160,orphan,9461.0,3700.0,4224.0,0.5243,0.5622,0.0379,rise,2.261,2.622,0.1597,,11831.0,0,sudden/high/recurring_sudden_friedman_100k_g00.csv,htr/error,"{""buffer_len"": 161, ""merged"": [3], ""collection_size"": 2, ""current_idx"": 4, ""best_idx"": 0, ""acc_current_on_warning"": 0.4401521719477438, ""acc_best_on_warning"": 0.4401521719477438, ""acc_new_on_warning"": 0.35027319438213833, ""winner_initial"": ""reused_copy"", ""acc_on_buffer"": {""0"": 0.4401521719477438}, ""similarity_metric"": ""residual_pearson"", ""merge_pairs"": [[0, 3]], ""slot_eras"": {""0"": 0, ""1"": 1, ""2"": "
33703,34375,672,orphan,12693.0,468.0,3232.0,0.5201,0.5484,0.0283,rise,2.2676,2.5762,0.1361,,3068.0,0,sudden/high/recurring_sudden_friedman_100k_g00.csv,htr/error,"{""buffer_len"": 673, ""merged"": [4], ""collection_size"": 2, ""current_idx"": 5, ""best_idx"": 0, ""acc_current_on_warning"": 0.3960344459123557, ""acc_best_on_warning"": 0.3960344459123557, ""acc_new_on_warning"": 0.3780467103885411, ""winner_initial"": ""reused_copy"", ""acc_on_buffer"": {""0"": 0.3960344459123557}, ""similarity_metric"": ""residual_pearson"", ""merge_pairs"": [[0, 4]], ""slot_eras"": {""0"": 0, ""1"": 1, ""2"": 2"
34983,35143,160,hit,812.0,35143.0,1280.0,0.5212,0.5339,0.0127,flat,2.2777,2.404,0.0554,,10.0,1,sudden/high/recurring_sudden_friedman_100k_g00.csv,htr/error,"{""buffer_len"": 161, ""merged"": [5], ""collection_size"": 2, ""current_idx"": 6, ""best_idx"": 0, ""acc_current_on_warning"": 0.39715926885826347, ""acc_best_on_warning"": 0.39715926885826347, ""acc_new_on_warning"": 0.39412315668404174, ""winner_initial"": ""reused_copy"", ""acc_on_buffer"": {""0"": 0.39715926885826347}, ""similarity_metric"": ""residual_pearson"", ""merge_pairs"": [[0, 5]], ""slot_eras"": {""0"": 0, ""1"": 1, ""2"
35719,35911,192,echo,1548.0,34407.0,736.0,0.5164,0.4604,-0.056,fall,2.2115,1.6327,-0.2617,,574.0,1,sudden/high/recurring_sudden_friedman_100k_g00.csv,htr/error,"{""buffer_len"": 193, ""merged"": [], ""collection_size"": 3, ""current_idx"": 7, ""best_idx"": 6, ""acc_current_on_warning"": 0.5245966747436607, ""acc_best_on_warning"": 0.5245966747436607, ""acc_new_on_warning"": 0.4044377973462614, ""winner_initial"": ""reused_copy"", ""acc_on_buffer"": {""0"": 0.37828348115737487, ""6"": 0.5245966747436607}, ""similarity_metric"": ""residual_pearson"", ""merge_pairs"": [], ""slot_eras"": {""0"""
42055,42343,288,orphan,7884.0,28071.0,6336.0,0.4269,0.425,-0.0019,flat,1.2277,1.1988,-0.0235,,6910.0,0,sudden/high/recurring_sudden_friedman_100k_g00.csv,htr/error,"{""buffer_len"": 289, ""merged"": [6], ""collection_size"": 3, ""current_idx"": 8, ""best_idx"": 7, ""acc_current_on_warning"": 0.5691914479025753, ""acc_best_on_warning"": 0.5691914479025753, ""acc_new_on_warning"": 0.42045840785272803, ""winner_initial"": ""reused_copy"", ""acc_on_buffer"": {""0"": 0.40599167395640867, ""7"": 0.5691914479025753}, ""similarity_metric"": ""residual_pearson"", ""merge_pairs"": [[7, 6]], ""slot_era"
58375,58727,352,orphan,24204.0,11751.0,16320.0,0.4416,0.4404,-0.0011,flat,1.2074,1.1907,-0.0138,,23230.0,0,sudden/high/recurring_sudden_friedman_100k_g00.csv,htr/error,"{""buffer_len"": 353, ""merged"": [7], ""collection_size"": 3, ""current_idx"": 9, ""best_idx"": 8, ""acc_current_on_warning"": 0.5651355582642194, ""acc_best_on_warning"": 0.5651355582642194, ""acc_new_on_warning"": 0.410520024519882, ""winner_initial"": ""reused_copy"", ""acc_on_buffer"": {""0"": 0.3503483033742153, ""8"": 0.5651355582642194}, ""similarity_metric"": ""residual_pearson"", ""merge_pairs"": [[8, 7]], ""slot_eras"":"
70247,70247,0,hit,121.0,,11872.0,0.5108,0.6399,0.1291,rise,1.8776,3.0589,0.6291,,35102.0,0,sudden/high/recurring_sudden_friedman_100k_g00.csv,htr/error,"{""buffer_len"": 1, ""merged"": [], ""collection_size"": 4, ""current_idx"": 10, ""best_idx"": 0, ""acc_current_on_warning"": 0.15701494512805336, ""acc_best_on_warning"": 0.6320724879149758, ""acc_new_on_warning"": 0.0, ""winner_initial"": ""reused_copy"", ""acc_on_buffer"": {""0"": 0.6320724879149758, ""8"": 0.05188582224883709, ""9"": 0.15701494512805336}, ""similarity_metric"": ""residual_pearson"", ""merge_pairs"": [], ""slot_"
70823,71143,320,echo_inwin,697.0,,576.0,0.6209,0.5704,-0.0505,fall,2.8366,2.3598,-0.1681,,35678.0,0,sudden/high/recurring_sudden_friedman_100k_g00.csv,htr/error,"{""buffer_len"": 321, ""merged"": [0, 9], ""collection_size"": 3, ""current_idx"": 11, ""best_idx"": 10, ""acc_current_on_warning"": 0.4078104095588686, ""acc_best_on_warning"": 0.4078104095588686, ""acc_new_on_warning"": 0.35960735574015124, ""winner_initial"": ""reused_copy"", ""acc_on_buffer"": {""8"": 0.2478660147145495, ""10"": 0.4078104095588686}, ""similarity_metric"": ""residual_pearson"", ""merge_pairs"": [[9, 0], [8, 9"
78663,79079,416,orphan,8537.0,,7840.0,0.5406,0.5628,0.0222,rise,2.1213,2.3669,0.1158,,43518.0,0,sudden/high/recurring_sudden_friedman_100k_g00.csv,htr/error,"{""buffer_len"": 417, ""merged"": [10], ""collection_size"": 3, ""current_idx"": 12, ""best_idx"": 11, ""acc_current_on_warning"": 0.46245709605678065, ""acc_best_on_warning"": 0.46245709605678065, ""acc_new_on_warning"": 0.3613431852296596, ""winner_initial"": ""reused_copy"", ""acc_on_buffer"": {""8"": 0.2541688169016574, ""11"": 0.46245709605678065}, ""similarity_metric"": ""residual_pearson"", ""merge_pairs"": [[8, 10]], ""sl"
82471,84903,2432,orphan,12345.0,,3808.0,0.5382,0.5437,0.0055,flat,2.1524,2.2099,0.0267,,3388.0,0,sudden/high/recurring_sudden_friedman_100k_g00.csv,htr/error,"{""buffer_len"": 2433, ""merged"": [11], ""collection_size"": 3, ""current_idx"": 13, ""best_idx"": 12, ""acc_current_on_warning"": 0.4572296240520456, ""acc_best_on_warning"": 0.4572296240520456, ""acc_new_on_warning"": 0.4370224225878956, ""winner_initial"": ""reused_copy"", ""acc_on_buffer"": {""8"": 0.27043530615983424, ""12"": 0.4572296240520456}, ""similarity_metric"": ""residual_pearson"", ""merge_pairs"": [[12, 11]], ""sl"
21799,21895,96,hit,789.0,12372.0,,0.5761,0.567,-0.009,flat,3.9686,3.8986,-0.0176,,,0,sudden/high/recurring_sudden_friedman_100k_g00.csv,hfr/error,"{""buffer_len"": 97, ""merged"": [], ""collection_size"": 2, ""current_idx"": 1, ""best_idx"": 0, ""acc_current_on_warning"": 0.43134461050214445, ""acc_best_on_warning"": 0.43134461050214445, ""acc_new_on_warning"": 0.436894610444022, ""winner_initial"": ""reused_copy"", ""acc_on_buffer"": {""0"": 0.43134461050214445}, ""similarity_metric"": ""residual_pearson"", ""merge_pairs"": [], ""slot_eras"": {""0"": 0, ""1"": 1}, ""score_sema"
28999,30087,1088,orphan,7989.0,5172.0,7200.0,0.5314,0.5269,-0.0044,flat,3.5809,3.5609,-0.0056,,6027.0,0,sudden/high/recurring_sudden_friedman_100k_g00.csv,hfr/error,"{""buffer_len"": 1089, ""merged"": [1], ""collection_size"": 2, ""current_idx"": 2, ""best_idx"": 0, ""acc_current_on_warning"": 0.4597964332571488, ""acc_best_on_warning"": 0.4597964332571488, ""acc_new_on_warning"": 0.4769884459710948, ""winner_initial"": ""reused_copy"", ""acc_on_buffer"": {""0"": 0.4597964332571488}, ""similarity_metric"": ""residual_pearson"", ""merge_pairs"": [[0, 1]], ""slot_eras"": {""0"": 0, ""1"": 1, ""2"": "
35719,35719,0,orphan,1548.0,34407.0,6720.0,0.4862,0.4982,0.012,flat,3.0438,3.2141,0.0559,,813.0,0,sudden/high/recurring_sudden_friedman_100k_g00.csv,hfr/error,"{""buffer_len"": 1, ""merged"": [], ""collection_size"": 3, ""current_idx"": 3, ""best_idx"": 0, ""acc_current_on_warning"": 0.47161989055916187, ""acc_best_on_warning"": 0.6244633640525923, ""acc_new_on_warning"": 0.7280427226268471, ""winner_initial"": ""reused_copy"", ""acc_on_buffer"": {""0"": 0.6244633640525923, ""2"": 0.47161989055916187}, ""similarity_metric"": ""residual_pearson"", ""merge_pairs"": [], ""slot_eras"": {""0"":"
70375,70407,32,hit,249.0,,34656.0,0.5597,0.5764,0.0166,flat,3.8552,4.1326,0.072,,34625.0,0,sudden/high/recurring_sudden_friedman_100k_g00.csv,hfr/error,"{""buffer_len"": 33, ""merged"": [2, 0], ""collection_size"": 2, ""current_idx"": 4, ""best_idx"": 3, ""acc_current_on_warning"": 0.3412982266115677, ""acc_best_on_warning"": 0.3412982266115677, ""acc_new_on_warning"": 0.34493527526385204, ""winner_initial"": ""reused_copy"", ""acc_on_buffer"": {""3"": 0.3412982266115677}, ""similarity_metric"": ""residual_pearson"", ""merge_pairs"": [[0, 2], [3, 0]], ""slot_eras"": {""0"": 0, ""1"""
80103,84743,4640,orphan,9977.0,,9728.0,0.5416,0.55,0.0084,flat,3.7436,3.9155,0.0459,,9694.0,0,sudden/high/recurring_sudden_friedman_100k_g00.csv,hfr/error,"{""buffer_len"": 4641, ""merged"": [4], ""collection_size"": 2, ""current_idx"": 5, ""best_idx"": 3, ""acc_current_on_warning"": 0.41736029483880466, ""acc_best_on_warning"": 0.41736029483880466, ""acc_new_on_warning"": 0.46132383749921557, ""winner_initial"": ""reused_copy"", ""acc_on_buffer"": {""3"": 0.41736029483880466}, ""similarity_metric"": ""residual_pearson"", ""merge_pairs"": [[3, 4]], ""slot_eras"": {""0"": 0, ""1"": 1, """
15559,15591,32,hit,7.0,23582.0,,0.4887,0.6837,0.195,rise,1.7752,4.2158,1.3748,,,0,sudden/high/recurring_sudden_friedman_100k_g01.csv,htr/error,"{""buffer_len"": 33, ""merged"": [], ""collection_size"": 2, ""current_idx"": 1, ""best_idx"": 0, ""acc_current_on_warning"": 0.2380022921802306, ""acc_best_on_warning"": 0.2380022921802306, ""acc_new_on_warning"": 0.11090809291868775, ""winner_initial"": ""reused_copy"", ""acc_on_buffer"": {""0"": 0.2380022921802306}, ""similarity_metric"": ""residual_pearson"", ""merge_pairs"": [], ""slot_eras"": {""0"": 0, ""1"": 1}, ""score_seman"
15975,16039,64,echo_inwin,423.0,23166.0,416.0,0.6527,0.6594,0.0067,flat,3.9011,3.9609,0.0153,,305.0,1,sudden/high/recurring_sudden_friedman_100k_g01.csv,htr/error,"{""buffer_len"": 65, ""merged"": [1], ""collection_size"": 2, ""current_idx"": 2, ""best_idx"": 0, ""acc_current_on_warning"": 0.22026592608746554, ""acc_best_on_warning"": 0.22026592608746554, ""acc_new_on_warning"": 0.20040540151628983, ""winner_initial"": ""reused_copy"", ""acc_on_buffer"": {""0"": 0.22026592608746554}, ""similarity_metric"": ""residual_pearson"", ""merge_pairs"": [[0, 1]], ""slot_eras"": {""0"": 0, ""1"": 1, ""2"""
16487,16487,0,echo_inwin,935.0,22654.0,512.0,0.6666,0.5887,-0.0778,fall,4.0125,3.0518,-0.2394,,387.0,1,sudden/high/recurring_sudden_friedman_100k_g01.csv,htr/error,"{""buffer_len"": 1, ""merged"": [], ""collection_size"": 3, ""current_idx"": 3, ""best_idx"": 2, ""acc_current_on_warning"": 0.568875883132768, ""acc_best_on_warning"": 0.568875883132768, ""acc_new_on_warning"": 0.0, ""winner_initial"": ""reused_copy"", ""acc_on_buffer"": {""0"": 0.0, ""2"": 0.568875883132768}, ""similarity_metric"": ""residual_pearson"", ""merge_pairs"": [], ""slot_eras"": {""0"": 0, ""1"": 1, ""2"": 2, ""3"": 3}, ""score"
20039,20295,256,orphan,4487.0,19102.0,3552.0,0.5323,0.6104,0.0781,rise,2.5518,3.6129,0.4158,,3939.0,0,sudden/high/recurring_sudden_friedman_100k_g01.csv,htr/error,"{""buffer_len"": 257, ""merged"": [2, 3], ""collection_size"": 2, ""current_idx"": 4, ""best_idx"": 0, ""acc_current_on_warning"": 0.2229001693522339, ""acc_best_on_warning"": 0.2229001693522339, ""acc_new_on_warning"": 0.3377710239596814, ""winner_initial"": ""reused_copy"", ""acc_on_buffer"": {""0"": 0.2229001693522339}, ""similarity_metric"": ""residual_pearson"", ""merge_pairs"": [[0, 2], [0, 3]], ""slot_eras"": {""0"": 0, ""1"""
20839,20903,64,orphan,5287.0,18302.0,800.0,0.5992,0.6249,0.0257,rise,3.4712,3.9227,0.1301,,543.0,1,sudden/high/recurring_sudden_friedman_100k_g01.csv,htr/error,"{""buffer_len"": 65, ""merged"": [4], ""collection_size"": 2, ""current_idx"": 5, ""best_idx"": 0, ""acc_current_on_warning"": 0.29557212311588654, ""acc_best_on_warning"": 0.29557212311588654, ""acc_new_on_warning"": 0.2516696484351346, ""winner_initial"": ""reused_copy"", ""acc_on_buffer"": {""0"": 0.29557212311588654}, ""similarity_metric"": ""residual_pearson"", ""merge_pairs"": [[0, 4]], ""slot_eras"": {""0"": 0, ""1"": 1, ""2"":"
21671,21799,128,orphan,6119.0,17470.0,832.0,0.5902,0.6449,0.0547,rise,3.3819,4.1954,0.2405,,765.0,0,sudden/high/recurring_sudden_friedman_100k_g01.csv,htr/error,"{""buffer_len"": 129, ""merged"": [5], ""collection_size"": 2, ""current_idx"": 6, ""best_idx"": 0, ""acc_current_on_warning"": 0.2402875819576794, ""acc_best_on_warning"": 0.2402875819576794, ""acc_new_on_warning"": 0.2725613597821148, ""winner_initial"": ""reused_copy"", ""acc_on_buffer"": {""0"": 0.2402875819576794}, ""similarity_metric"": ""residual_pearson"", ""merge_pairs"": [[0, 5]], ""slot_eras"": {""0"": 0, ""1"": 1, ""2"": 2"
22311,22311,0,orphan,6759.0,16830.0,640.0,0.6429,0.618,-0.0249,fall,4.1671,4.0381,-0.031,fake_fall,317.0,1,sudden/high/recurring_sudden_friedman_100k_g01.csv,htr/error,"{""buffer_len"": 1, ""merged"": [], ""collection_size"": 3, ""current_idx"": 7, ""best_idx"": 0, ""acc_current_on_warning"": 0.0, ""acc_best_on_warning"": 0.46548854658712, ""acc_new_on_warning"": 0.0, ""winner_initial"": ""reused_copy"", ""acc_on_buffer"": {""0"": 0.46548854658712, ""6"": 0.0}, ""similarity_metric"": ""residual_pearson"", ""merge_pairs"": [], ""slot_eras"": {""0"": 0, ""1"": 1, ""2"": 2, ""3"": 3, ""4"": 4, ""5"": 5, ""6"": 6,"
22855,22919,64,orphan,7303.0,16286.0,544.0,0.6007,0.6303,0.0296,rise,3.7606,4.2696,0.1354,,861.0,0,sudden/high/recurring_sudden_friedman_100k_g01.csv,htr/error,"{""buffer_len"": 65, ""merged"": [6, 7], ""collection_size"": 2, ""current_idx"": 8, ""best_idx"": 0, ""acc_current_on_warning"": 0.250180928522873, ""acc_best_on_warning"": 0.250180928522873, ""acc_new_on_warning"": 0.25582643696145735, ""winner_initial"": ""reused_copy"", ""acc_on_buffer"": {""0"": 0.250180928522873}, ""similarity_metric"": ""residual_pearson"", ""merge_pairs"": [[0, 6], [0, 7]], ""slot_eras"": {""0"": 0, ""1"": 1"
23367,23367,0,orphan,7815.0,15774.0,512.0,0.6302,0.5515,-0.0787,fall,4.2592,3.0904,-0.2744,,314.0,1,sudden/high/recurring_sudden_friedman_100k_g01.csv,htr/error,"{""buffer_len"": 1, ""merged"": [], ""collection_size"": 3, ""current_idx"": 9, ""best_idx"": 8, ""acc_current_on_warning"": 0.011279336917695004, ""acc_best_on_warning"": 0.011279336917695004, ""acc_new_on_warning"": 0.0, ""winner_initial"": ""reused_copy"", ""acc_on_buffer"": {""0"": 0.0, ""8"": 0.011279336917695004}, ""similarity_metric"": ""residual_pearson"", ""merge_pairs"": [], ""slot_eras"": {""0"": 0, ""1"": 1, ""2"": 2, ""3"": 3"
26951,26951,0,orphan,11399.0,12190.0,3584.0,0.5111,0.5597,0.0486,rise,2.6037,3.3545,0.2883,,3898.0,0,sudden/high/recurring_sudden_friedman_100k_g01.csv,htr/error,"{""buffer_len"": 1, ""merged"": [], ""collection_size"": 4, ""current_idx"": 10, ""best_idx"": 8, ""acc_current_on_warning"": 0.4206023786888362, ""acc_best_on_warning"": 0.4911879460696489, ""acc_new_on_warning"": 0.0, ""winner_initial"": ""reused_copy"", ""acc_on_buffer"": {""0"": 0.0, ""8"": 0.4911879460696489, ""9"": 0.4206023786888362}, ""similarity_metric"": ""residual_pearson"", ""merge_pairs"": [], ""slot_eras"": {""0"": 0, ""1"
28743,28839,96,orphan,13191.0,10398.0,1792.0,0.5185,0.5047,-0.0138,flat,2.7307,2.5621,-0.0617,masked_fall,5690.0,0,sudden/high/recurring_sudden_friedman_100k_g01.csv,htr/error,"{""buffer_len"": 97, ""merged"": [8, 10], ""collection_size"": 3, ""current_idx"": 11, ""best_idx"": 9, ""acc_current_on_warning"": 0.2732234174817041, ""acc_best_on_warning"": 0.4891450164708899, ""acc_new_on_warning"": 0.2916312731179902, ""winner_initial"": ""reused_copy"", ""acc_on_buffer"": {""0"": 0.2732234174817041, ""9"": 0.4891450164708899}, ""similarity_metric"": ""residual_pearson"", ""merge_pairs"": [[0, 8], [0, 10]]"
37703,39303,1600,orphan,22151.0,1438.0,8960.0,0.4855,0.5168,0.0313,rise,2.2881,2.7053,0.1823,,14650.0,0,sudden/high/recurring_sudden_friedman_100k_g01.csv,htr/error,"{""buffer_len"": 1601, ""merged"": [9, 11], ""collection_size"": 2, ""current_idx"": 12, ""best_idx"": 0, ""acc_current_on_warning"": 0.2925334790946367, ""acc_best_on_warning"": 0.2925334790946367, ""acc_new_on_warning"": 0.30588889118695683, ""winner_initial"": ""reused_copy"", ""acc_on_buffer"": {""0"": 0.2925334790946367}, ""similarity_metric"": ""residual_pearson"", ""merge_pairs"": [[0, 9], [0, 11]], ""slot_eras"": {""0"": 0"
40551,42247,1696,orphan,1410.0,27518.0,2848.0,0.4795,0.4927,0.0133,flat,2.1985,2.3688,0.0775,,1165.0,0,sudden/high/recurring_sudden_friedman_100k_g01.csv,htr/error,"{""buffer_len"": 1697, ""merged"": [12], ""collection_size"": 2, ""current_idx"": 13, ""best_idx"": 0, ""acc_current_on_warning"": 0.4620647417650907, ""acc_best_on_warning"": 0.4620647417650907, ""acc_new_on_warning"": 0.508847206107613, ""winner_initial"": ""reused_copy"", ""acc_on_buffer"": {""0"": 0.4620647417650907}, ""similarity_metric"": ""residual_pearson"", ""merge_pairs"": [[0, 12]], ""slot_eras"": {""0"": 0, ""1"": 1, ""2"""
49415,49415,0,orphan,10274.0,18654.0,8864.0,0.4752,0.4687,-0.0065,flat,2.1056,2.0212,-0.0401,,7109.0,0,sudden/high/recurring_sudden_friedman_100k_g01.csv,htr/error,"{""buffer_len"": 1, ""merged"": [], ""collection_size"": 3, ""current_idx"": 14, ""best_idx"": 13, ""acc_current_on_warning"": 0.6629237278139679, ""acc_best_on_warning"": 0.6629237278139679, ""acc_new_on_warning"": 0.0, ""winner_initial"": ""reused_copy"", ""acc_on_buffer"": {""0"": 0.5406233700512981, ""13"": 0.6629237278139679}, ""similarity_metric"": ""residual_pearson"", ""merge_pairs"": [], ""slot_eras"": {""0"": 0, ""1"": 1, ""2"
65575,67655,2080,orphan,26434.0,2494.0,16160.0,0.446,0.5057,0.0597,rise,1.6332,2.4401,0.4941,,23269.0,0,sudden/high/recurring_sudden_friedman_100k_g01.csv,htr/error,"{""buffer_len"": 2081, ""merged"": [13], ""collection_size"": 3, ""current_idx"": 15, ""best_idx"": 14, ""acc_current_on_warning"": 0.5474456199272579, ""acc_best_on_warning"": 0.5474456199272579, ""acc_new_on_warning"": 0.49651081566523847, ""winner_initial"": ""reused_copy"", ""acc_on_buffer"": {""0"": 0.44409477225642946, ""14"": 0.5474456199272579}, ""similarity_metric"": ""residual_pearson"", ""merge_pairs"": [[0, 13]], ""sl"
68103,68135,32,hit,34.0,,2528.0,0.4783,0.5873,0.109,rise,2.0835,3.423,0.6429,,441.0,1,sudden/high/recurring_sudden_friedman_100k_g01.csv,htr/error,"{""buffer_len"": 33, ""merged"": [15], ""collection_size"": 3, ""current_idx"": 16, ""best_idx"": 0, ""acc_current_on_warning"": 0.2955793237019485, ""acc_best_on_warning"": 0.2955793237019485, ""acc_new_on_warning"": 0.15206619532287347, ""winner_initial"": ""reused_copy"", ""acc_on_buffer"": {""0"": 0.2955793237019485, ""14"": 0.279063152960784}, ""similarity_metric"": ""residual_pearson"", ""merge_pairs"": [[0, 15]], ""slot_er"
69383,69927,544,echo,1314.0,,1280.0,0.543,0.5449,0.0019,flat,2.9182,2.9173,-0.0003,,1721.0,0,sudden/high/recurring_sudden_friedman_100k_g01.csv,htr/error,"{""buffer_len"": 545, ""merged"": [16], ""collection_size"": 3, ""current_idx"": 17, ""best_idx"": 0, ""acc_current_on_warning"": 0.33363167425070683, ""acc_best_on_warning"": 0.33363167425070683, ""acc_new_on_warning"": 0.4543807455845398, ""winner_initial"": ""reused_copy"", ""acc_on_buffer"": {""0"": 0.33363167425070683, ""14"": 0.29962349457546655}, ""similarity_metric"": ""residual_pearson"", ""merge_pairs"": [[0, 16]], ""sl"
73511,73511,0,orphan,5442.0,,4128.0,0.509,0.6513,0.1423,rise,2.4617,4.3912,0.7839,,3572.0,0,sudden/high/recurring_sudden_friedman_100k_g01.csv,htr/error,"{""buffer_len"": 1, ""merged"": [], ""collection_size"": 4, ""current_idx"": 18, ""best_idx"": 14, ""acc_current_on_warning"": 0.20633446321581406, ""acc_best_on_warning"": 0.49948101162538194, ""acc_new_on_warning"": 0.0, ""winner_initial"": ""reused_copy"", ""acc_on_buffer"": {""0"": 0.4722414558829302, ""14"": 0.49948101162538194, ""17"": 0.20633446321581406}, ""similarity_metric"": ""residual_pearson"", ""merge_pairs"": [], ""s"
74407,74439,32,orphan,6338.0,,896.0,0.5993,0.4852,-0.1142,fall,3.6878,2.183,-0.4081,,99.0,1,sudden/high/recurring_sudden_friedman_100k_g01.csv,htr/error,"{""buffer_len"": 33, ""merged"": [18], ""collection_size"": 4, ""current_idx"": 19, ""best_idx"": 17, ""acc_current_on_warning"": 0.3337206875566411, ""acc_best_on_warning"": 0.4807747295984789, ""acc_new_on_warning"": 0.2272466531908065, ""winner_initial"": ""reused_copy"", ""acc_on_buffer"": {""0"": 0.3337206875566411, ""14"": 0.27104437843187257, ""17"": 0.4807747295984789}, ""similarity_metric"": ""residual_pearson"", ""merge"
79047,79527,480,orphan,10978.0,,4640.0,0.4729,0.4657,-0.0072,flat,1.9945,1.9176,-0.0386,,4739.0,0,sudden/high/recurring_sudden_friedman_100k_g01.csv,htr/error,"{""buffer_len"": 481, ""merged"": [0, 17], ""collection_size"": 3, ""current_idx"": 20, ""best_idx"": 19, ""acc_current_on_warning"": 0.5328021679994289, ""acc_best_on_warning"": 0.5328021679994289, ""acc_new_on_warning"": 0.39974422402345455, ""winner_initial"": ""reused_copy"", ""acc_on_buffer"": {""14"": 0.2970915904752234, ""19"": 0.5328021679994289}, ""similarity_metric"": ""residual_pearson"", ""merge_pairs"": [[14, 0], [1"
93863,93863,0,orphan,25794.0,,14816.0,0.4492,0.4478,-0.0014,flat,1.6334,1.601,-0.0198,,19555.0,0,sudden/high/recurring_sudden_friedman_100k_g01.csv,htr/error,"{""buffer_len"": 1, ""merged"": [], ""collection_size"": 4, ""current_idx"": 21, ""best_idx"": 20, ""acc_current_on_warning"": 0.579117828393549, ""acc_best_on_warning"": 0.579117828393549, ""acc_new_on_warning"": 0.0, ""winner_initial"": ""reused_copy"", ""acc_on_buffer"": {""14"": 0.2914405730330293, ""19"": 0.537124748953691, ""20"": 0.579117828393549}, ""similarity_metric"": ""residual_pearson"", ""merge_pairs"": [], ""slot_era"
15751,15751,0,hit,199.0,23390.0,,0.5829,0.6658,0.0829,rise,4.5979,5.7567,0.252,,,0,sudden/high/recurring_sudden_friedman_100k_g01.csv,hfr/error,"{""buffer_len"": 1, ""merged"": [], ""collection_size"": 2, ""current_idx"": 1, ""best_idx"": 0, ""acc_current_on_warning"": 0.0, ""acc_best_on_warning"": 0.0, ""acc_new_on_warning"": 0.7211188274783886, ""winner_initial"": ""reused_copy"", ""acc_on_buffer"": {""0"": 0.0}, ""similarity_metric"": ""residual_pearson"", ""merge_pairs"": [], ""slot_eras"": {""0"": 0, ""1"": 1}, ""score_semantics"": ""1_minus_mean_normalized_residual""}"
18279,19143,864,echo,2727.0,20862.0,2528.0,0.6084,0.597,-0.0114,flat,5.1157,5.2026,0.017,,2452.0,0,sudden/high/recurring_sudden_friedman_100k_g01.csv,hfr/error,"{""buffer_len"": 865, ""merged"": [1], ""collection_size"": 2, ""current_idx"": 2, ""best_idx"": 0, ""acc_current_on_warning"": 0.3283052515739264, ""acc_best_on_warning"": 0.3283052515739264, ""acc_new_on_warning"": 0.39121247779166934, ""winner_initial"": ""reused_copy"", ""acc_on_buffer"": {""0"": 0.3283052515739264}, ""similarity_metric"": ""residual_pearson"", ""merge_pairs"": [[0, 1]], ""slot_eras"": {""0"": 0, ""1"": 1, ""2"": "
26311,26311,0,orphan,10759.0,12830.0,8032.0,0.5702,0.5791,0.0089,flat,5.3025,5.5002,0.0373,,7166.0,0,sudden/high/recurring_sudden_friedman_100k_g01.csv,hfr/error,"{""buffer_len"": 1, ""merged"": [], ""collection_size"": 3, ""current_idx"": 3, ""best_idx"": 2, ""acc_current_on_warning"": 0.5505774411848374, ""acc_best_on_warning"": 0.5505774411848374, ""acc_new_on_warning"": 0.7088056525576809, ""winner_initial"": ""reused_copy"", ""acc_on_buffer"": {""0"": 0.40693128341075524, ""2"": 0.5505774411848374}, ""similarity_metric"": ""residual_pearson"", ""merge_pairs"": [], ""slot_eras"": {""0"": "
36167,36359,192,orphan,20615.0,2974.0,9856.0,0.5447,0.5543,0.0096,flat,5.2107,5.4274,0.0416,,9851.0,0,sudden/high/recurring_sudden_friedman_100k_g01.csv,hfr/error,"{""buffer_len"": 193, ""merged"": [2, 3], ""collection_size"": 2, ""current_idx"": 4, ""best_idx"": 0, ""acc_current_on_warning"": 0.36851390434262554, ""acc_best_on_warning"": 0.36851390434262554, ""acc_new_on_warning"": 0.4593766574737972, ""winner_initial"": ""reused_copy"", ""acc_on_buffer"": {""0"": 0.36851390434262554}, ""similarity_metric"": ""residual_pearson"", ""merge_pairs"": [[0, 2], [0, 3]], ""slot_eras"": {""0"": 0, "
39559,39559,0,hit,418.0,28510.0,3392.0,0.4753,0.4398,-0.0355,fall,3.8817,3.1488,-0.1888,,3192.0,0,sudden/high/recurring_sudden_friedman_100k_g01.csv,hfr/error,"{""buffer_len"": 1, ""merged"": [], ""collection_size"": 3, ""current_idx"": 5, ""best_idx"": 4, ""acc_current_on_warning"": 0.4583949540704768, ""acc_best_on_warning"": 0.4583949540704768, ""acc_new_on_warning"": 0.7159335568716756, ""winner_initial"": ""reused_copy"", ""acc_on_buffer"": {""0"": 0.34878483506412106, ""4"": 0.4583949540704768}, ""similarity_metric"": ""residual_pearson"", ""merge_pairs"": [], ""slot_eras"": {""0"": "
54247,54983,736,orphan,15106.0,13822.0,14688.0,0.434,0.4335,-0.0005,flat,2.6949,2.6643,-0.0114,,14130.0,0,sudden/high/recurring_sudden_friedman_100k_g01.csv,hfr/error,"{""buffer_len"": 737, ""merged"": [4, 0], ""collection_size"": 2, ""current_idx"": 6, ""best_idx"": 5, ""acc_current_on_warning"": 0.5606201744223691, ""acc_best_on_warning"": 0.5606201744223691, ""acc_new_on_warning"": 0.5591591089069685, ""winner_initial"": ""reused_copy"", ""acc_on_buffer"": {""5"": 0.5606201744223691}, ""similarity_metric"": ""residual_pearson"", ""merge_pairs"": [[0, 4], [5, 0]], ""slot_eras"": {""0"": 0, ""1"""
68135,68167,32,hit,66.0,,13888.0,0.4834,0.5896,0.1062,rise,3.4177,5.4006,0.5802,,13137.0,0,sudden/high/recurring_sudden_friedman_100k_g01.csv,hfr/error,"{""buffer_len"": 33, ""merged"": [6], ""collection_size"": 2, ""current_idx"": 7, ""best_idx"": 5, ""acc_current_on_warning"": 0.3691216508053029, ""acc_best_on_warning"": 0.3691216508053029, ""acc_new_on_warning"": 0.3544527141882339, ""winner_initial"": ""reused_copy"", ""acc_on_buffer"": {""5"": 0.3691216508053029}, ""similarity_metric"": ""residual_pearson"", ""merge_pairs"": [[5, 6]], ""slot_eras"": {""0"": 0, ""1"": 1, ""2"": 2,"
84679,85479,800,orphan,16610.0,,16544.0,0.5549,0.5539,-0.001,flat,5.0587,5.0535,-0.001,,16425.0,0,sudden/high/recurring_sudden_friedman_100k_g01.csv,hfr/error,"{""buffer_len"": 801, ""merged"": [7], ""collection_size"": 2, ""current_idx"": 8, ""best_idx"": 5, ""acc_current_on_warning"": 0.38284831359382354, ""acc_best_on_warning"": 0.38284831359382354, ""acc_new_on_warning"": 0.4560758914624933, ""winner_initial"": ""reused_copy"", ""acc_on_buffer"": {""5"": 0.38284831359382354}, ""similarity_metric"": ""residual_pearson"", ""merge_pairs"": [[5, 7]], ""slot_eras"": {""0"": 0, ""1"": 1, ""2"""
