x0,x1,x2,x3,x4,x5,y
2.0,298.8,309.6,1309.0,57.4,185.0,0
0.0,298.9,310.1,1523.0,39.1,53.0,0
1.0,299.9,309.3,1389.0,52.8,0.0,0
0.0,297.3,308.2,1446.0,53.5,7.0,0
0.0,297.4,308.6,1439.0,51.9,188.0,0
0.0,300.4,311.1,2013.0,20.1,195.0,0
1.0,302.2,310.4,1456.0,47.5,167.0,0
0.0,299.4,309.3,1596.0,31.8,40.0,0
0.0,298.8,308.9,1852.0,25.0,57.0,0
1.0,302.3,311.2,1454.0,43.8,112.0,0
1.0,302.0,310.9,1352.0,55.5,59.0,0
2.0,300.5,309.3,1471.0,45.2,223.0,0
0.0,300.6,311.8,1652.0,27.2,52.0,0
1.0,303.5,312.7,2116.0,16.7,45.0,0
1.0,298.2,309.0,1353.0,50.3,150.0,0
1.0,297.4,308.2,1536.0,34.6,4.0,0
1.0,298.1,308.7,1547.0,38.9,0.0,0
2.0,303.4,311.9,1534.0,33.2,210.0,0
0.0,297.5,308.7,1456.0,44.7,29.0,0
1.0,303.1,312.3,1623.0,31.6,101.0,0
0.0,296.8,307.8,1565.0,39.5,124.0,0
1.0,297.6,308.1,1379.0,57.4,122.0,0
0.0,301.8,310.7,2092.0,18.6,51.0,0
1.0,296.9,307.5,1556.0,31.2,116.0,0
0.0,301.7,310.5,1377.0,43.1,183.0,0
1.0,300.7,310.7,1347.0,46.5,183.0,0
2.0,300.8,310.9,1425.0,44.0,33.0,0
0.0,298.8,309.8,1485.0,42.4,74.0,0
1.0,298.2,308.9,1614.0,35.5,15.0,0
0.0,301.8,310.7,1644.0,33.4,68.0,0
1.0,300.6,311.7,1389.0,52.1,210.0,0
1.0,299.0,309.0,1575.0,35.3,47.0,0
2.0,304.1,313.2,1590.0,43.4,52.0,0
1.0,299.7,311.2,1560.0,43.9,126.0,0
0.0,302.2,311.4,1510.0,44.9,33.0,0
2.0,297.9,307.9,1406.0,58.5,93.0,0
1.0,297.4,308.4,1478.0,46.2,95.0,0
0.0,299.5,309.3,1422.0,49.2,179.0,0
2.0,300.7,312.1,1490.0,43.1,159.0,0
0.0,301.8,311.0,1322.0,53.0,166.0,0
1.0,297.4,308.5,1412.0,45.5,49.0,0
0.0,296.9,307.9,1626.0,29.9,177.0,0
1.0,298.9,309.8,1353.0,53.7,71.0,0
0.0,298.3,309.6,1420.0,44.1,197.0,0
1.0,297.6,308.4,1611.0,31.0,48.0,0
0.0,300.8,310.7,1589.0,34.3,144.0,0
1.0,298.1,307.9,1759.0,28.6,176.0,0
2.0,297.5,308.1,1548.0,38.2,117.0,0
0.0,297.0,307.7,1502.0,39.4,126.0,0
1.0,300.7,311.0,1413.0,44.3,72.0,0
1.0,299.6,309.0,1539.0,36.1,76.0,0
2.0,298.0,307.4,1606.0,35.2,195.0,0
0.0,299.0,310.2,1682.0,28.8,49.0,0
0.0,301.2,310.8,1233.0,64.6,45.0,0
0.0,300.7,310.6,1654.0,34.2,89.0,0
0.0,302.7,310.6,1690.0,26.7,4.0,0
0.0,301.9,310.5,1892.0,21.8,177.0,0
2.0,300.7,310.8,1346.0,52.0,193.0,0
1.0,300.1,310.3,1350.0,48.8,50.0,0
0.0,298.3,309.4,1356.0,45.4,96.0,0
0.0,297.4,308.3,1347.0,45.8,43.0,0
0.0,301.8,311.0,1606.0,33.3,4.0,0
0.0,299.1,308.5,1371.0,55.5,159.0,0
2.0,300.2,311.6,1662.0,28.8,162.0,0
0.0,302.5,311.9,1452.0,47.4,77.0,0
0.0,300.9,311.0,1316.0,56.5,120.0,0
0.0,302.2,311.3,1570.0,36.1,0.0,0
0.0,297.9,308.5,1472.0,45.1,70.0,0
0.0,300.8,310.6,1577.0,37.9,227.0,1
2.0,297.3,308.8,1499.0,44.2,134.0,0
2.0,298.8,310.2,1663.0,30.4,209.0,0
1.0,298.0,308.6,1453.0,44.1,165.0,0
1.0,299.5,310.7,1364.0,49.5,0.0,0
0.0,301.0,310.9,1679.0,29.8,64.0,0
1.0,304.0,313.2,1437.0,53.9,7.0,0
1.0,303.7,312.7,1316.0,51.8,197.0,0
0.0,298.6,309.6,1386.0,48.6,25.0,0
0.0,300.9,309.7,1460.0,42.1,181.0,0
0.0,304.4,313.6,1585.0,38.9,9.0,0
0.0,300.1,311.3,1305.0,64.7,66.0,0
0.0,303.7,312.6,1396.0,44.1,136.0,0
0.0,298.6,309.6,1423.0,42.7,82.0,0
0.0,302.2,311.3,1602.0,32.8,120.0,0
1.0,303.4,312.2,1615.0,35.7,56.0,0
2.0,297.9,307.7,1618.0,35.9,92.0,0
0.0,302.3,311.8,1574.0,42.8,215.0,0
0.0,300.0,311.5,1349.0,48.6,113.0,0
2.0,301.9,310.9,1590.0,34.3,106.0,0
0.0,300.7,311.1,1427.0,50.3,137.0,0
1.0,300.3,311.7,1447.0,36.8,0.0,0
0.0,299.8,309.4,1609.0,32.5,27.0,0
1.0,298.4,309.1,1525.0,39.3,86.0,0
0.0,300.1,309.7,1351.0,58.2,155.0,0
0.0,299.2,309.0,1615.0,33.7,193.0,0
1.0,299.1,310.4,1422.0,49.3,69.0,0
0.0,297.2,308.1,1689.0,31.2,145.0,0
1.0,300.4,310.8,1491.0,35.9,148.0,0
0.0,297.4,308.5,1761.0,27.2,76.0,0
0.0,302.7,310.6,1686.0,26.3,9.0,0
0.0,298.9,308.7,1438.0,51.7,64.0,0
0.0,303.3,312.2,1506.0,40.0,50.0,0
1.0,298.3,307.8,1457.0,52.5,98.0,0
1.0,297.5,308.5,1496.0,42.2,22.0,0
0.0,303.6,313.0,1593.0,31.6,52.0,0
1.0,299.5,308.7,1321.0,51.9,114.0,0
0.0,299.2,308.7,1514.0,41.9,196.0,0
1.0,299.8,310.0,1397.0,48.1,164.0,0
0.0,300.3,309.2,1649.0,32.4,50.0,0
0.0,300.2,309.3,1532.0,43.2,53.0,0
1.0,300.0,311.4,1864.0,23.3,2.0,0
0.0,302.3,310.9,1379.0,49.3,34.0,1
0.0,297.9,307.9,1426.0,43.6,89.0,0
0.0,300.4,309.9,1681.0,28.6,206.0,0
1.0,296.9,307.4,1521.0,37.9,27.0,0
1.0,300.8,310.5,1409.0,50.6,141.0,0
0.0,297.5,309.4,1357.0,50.1,137.0,0
0.0,298.5,308.9,1725.0,31.9,205.0,0
0.0,304.1,313.3,1732.0,28.5,132.0,0
0.0,297.8,309.7,1547.0,37.3,25.0,0
0.0,299.5,308.9,1520.0,38.3,122.0,0
0.0,296.9,308.1,1435.0,45.3,62.0,0
0.0,298.3,309.4,1568.0,35.8,140.0,0
1.0,300.4,310.5,1500.0,43.0,9.0,0
1.0,298.7,310.1,1506.0,50.7,53.0,0
0.0,297.9,307.7,1593.0,34.9,83.0,0
1.0,300.2,309.1,1406.0,42.2,40.0,0
1.0,300.3,309.9,1611.0,29.0,177.0,0
1.0,298.9,310.0,1323.0,52.9,106.0,0
1.0,299.1,310.6,1397.0,49.5,165.0,0
0.0,300.3,309.6,1537.0,37.1,187.0,0
0.0,298.9,309.9,1517.0,36.6,117.0,0
1.0,301.9,310.7,1511.0,37.6,70.0,0
0.0,300.8,310.7,1339.0,59.1,203.0,1
1.0,300.6,309.6,1588.0,37.0,50.0,0
1.0,300.5,312.0,1867.0,23.0,103.0,0
0.0,300.1,310.5,1356.0,45.8,126.0,0
0.0,297.9,308.1,1393.0,50.3,193.0,0
0.0,301.0,310.9,1492.0,44.6,15.0,0
2.0,302.4,311.9,1366.0,47.3,162.0,0
0.0,296.3,307.1,1419.0,48.6,142.0,0
1.0,297.6,308.8,1453.0,39.7,69.0,0
1.0,298.5,309.6,1438.0,44.5,124.0,0
1.0,297.4,308.2,1424.0,53.9,120.0,0
0.0,303.4,311.5,1424.0,50.8,128.0,0
1.0,297.5,308.5,1662.0,30.3,26.0,0
0.0,300.4,309.3,1413.0,50.3,101.0,0
0.0,298.2,308.2,1436.0,50.2,43.0,0
1.0,298.9,310.0,1561.0,45.3,58.0,0
0.0,300.3,309.6,1600.0,34.6,177.0,0
0.0,296.3,307.4,1465.0,47.1,215.0,0
0.0,300.5,311.2,1270.0,67.5,208.0,1
2.0,298.1,308.3,1530.0,42.0,184.0,0
0.0,298.9,308.9,1450.0,47.5,9.0,0
1.0,302.3,311.4,1500.0,40.2,30.0,0
0.0,302.8,311.1,1563.0,32.2,78.0,0
0.0,299.3,309.0,1491.0,38.4,115.0,0
2.0,300.5,309.8,1324.0,72.8,159.0,1
0.0,302.6,312.1,1502.0,47.3,171.0,0
0.0,302.3,310.8,1511.0,48.1,24.0,0
0.0,298.3,308.1,1528.0,33.9,82.0,0
0.0,299.7,309.2,1326.0,64.8,71.0,0
1.0,303.6,312.5,1607.0,33.7,14.0,0
0.0,302.2,311.1,1394.0,53.7,140.0,0
0.0,295.6,306.2,1446.0,49.9,133.0,0
1.0,300.4,310.5,1540.0,33.4,32.0,0
0.0,299.8,309.1,1772.0,24.8,113.0,0
0.0,301.6,311.1,1907.0,21.5,102.0,0
0.0,295.7,306.5,1737.0,26.2,97.0,0
0.0,299.8,309.1,1546.0,35.6,93.0,0
0.0,300.1,309.5,1660.0,32.7,57.0,0
0.0,297.7,307.2,1392.0,43.0,197.0,0
1.0,298.7,308.6,1722.0,24.7,64.0,0
1.0,300.8,309.4,1342.0,62.4,113.0,1
0.0,297.7,307.4,1643.0,36.5,55.0,0
0.0,297.3,308.4,1488.0,37.4,69.0,0
1.0,298.0,307.5,1427.0,43.6,101.0,0
0.0,297.4,308.2,1533.0,37.4,115.0,0
0.0,300.5,310.0,1451.0,48.6,208.0,0
0.0,299.1,308.3,1431.0,52.3,38.0,0
1.0,299.0,310.3,1662.0,33.6,67.0,0
0.0,298.3,309.4,1546.0,36.1,94.0,0
0.0,298.2,308.9,1278.0,54.0,18.0,0
0.0,301.1,310.2,1496.0,43.4,54.0,0
0.0,298.7,308.5,1469.0,39.9,67.0,0
1.0,302.4,311.9,1313.0,55.7,102.0,0
1.0,301.3,310.7,1819.0,25.5,46.0,0
0.0,300.7,310.8,1597.0,30.5,38.0,0
0.0,300.0,309.3,1473.0,46.0,35.0,0
0.0,301.1,312.3,1595.0,31.9,134.0,0
1.0,300.7,310.7,1377.0,46.7,36.0,0
2.0,299.3,308.8,1636.0,35.5,180.0,0
0.0,300.6,310.9,1471.0,37.9,86.0,0
1.0,299.9,309.2,1539.0,43.2,132.0,0
0.0,298.2,308.3,1230.0,59.6,162.0,0
1.0,302.3,311.5,1445.0,44.8,65.0,0
0.0,303.5,312.1,1674.0,30.8,0.0,0
0.0,300.3,309.6,1624.0,32.6,175.0,0
0.0,300.6,309.9,1480.0,43.7,153.0,0
0.0,300.7,310.2,1569.0,32.8,31.0,0
1.0,301.0,309.8,1594.0,31.1,143.0,0
1.0,299.6,309.1,1435.0,48.4,143.0,0
1.0,296.2,307.0,1516.0,37.6,25.0,0
0.0,300.1,311.4,1356.0,45.7,149.0,0
1.0,301.4,310.6,1464.0,37.4,74.0,0
1.0,301.4,310.6,1464.0,48.6,96.0,0
0.0,297.4,308.8,1529.0,41.3,165.0,0
0.0,297.8,307.5,1388.0,40.0,159.0,0
0.0,296.5,307.5,1566.0,35.1,206.0,0
1.0,300.2,310.3,1704.0,29.4,221.0,0
2.0,299.1,310.1,1421.0,41.2,149.0,0
1.0,300.1,310.3,1345.0,57.1,71.0,0
1.0,302.3,311.7,1341.0,46.3,194.0,0
1.0,297.2,308.2,1678.0,28.1,133.0,0
1.0,297.1,308.4,1880.0,23.5,155.0,0
0.0,297.0,308.1,1429.0,54.0,138.0,0
0.0,301.7,311.2,1589.0,37.9,75.0,0
0.0,297.4,308.5,1471.0,43.9,45.0,0
0.0,300.7,311.9,1486.0,35.8,32.0,0
0.0,303.5,312.0,1366.0,54.5,30.0,1
0.0,299.0,310.3,1475.0,42.4,93.0,0
0.0,300.1,311.3,1479.0,39.5,133.0,0
0.0,302.1,310.7,1314.0,52.8,8.0,1
1.0,302.8,311.0,1507.0,33.4,82.0,0
0.0,300.3,311.7,1452.0,41.5,172.0,0
1.0,299.3,308.5,1386.0,42.2,30.0,0
0.0,298.6,308.4,1559.0,36.6,188.0,0
0.0,300.6,310.0,1455.0,40.4,172.0,0
0.0,301.1,310.1,1489.0,45.8,42.0,0
0.0,296.6,307.7,1556.0,37.7,110.0,0
2.0,298.7,310.1,1435.0,45.6,37.0,0
0.0,297.7,308.7,1688.0,27.2,125.0,0
1.0,303.9,312.7,1485.0,43.3,174.0,0
1.0,300.8,310.4,1288.0,64.0,3.0,0
2.0,298.2,307.9,1462.0,45.5,171.0,0
0.0,301.0,312.2,1776.0,28.8,138.0,0
1.0,304.1,313.6,1441.0,43.7,131.0,0
0.0,300.6,310.0,1658.0,34.7,88.0,0
0.0,300.7,312.3,1715.0,26.8,146.0,0
2.0,302.3,310.2,1443.0,54.6,120.0,0
1.0,302.1,310.7,1376.0,46.3,210.0,1
1.0,302.2,311.3,1521.0,40.6,52.0,0
1.0,302.9,312.5,1903.0,21.2,23.0,0
0.0,299.1,308.9,1617.0,32.3,223.0,0
0.0,300.3,310.4,1672.0,29.2,39.0,0
0.0,303.5,312.8,1607.0,38.4,92.0,0
0.0,300.5,311.6,1497.0,40.5,180.0,0
2.0,298.2,307.9,1491.0,39.7,181.0,0
0.0,303.2,311.4,1351.0,53.8,8.0,1
1.0,300.5,312.0,1985.0,19.3,143.0,0
0.0,298.6,309.8,1561.0,32.6,201.0,0
1.0,301.5,310.4,1378.0,55.3,109.0,0
0.0,300.0,311.2,1418.0,47.3,60.0,0
1.0,303.9,313.2,1422.0,48.0,215.0,1
0.0,302.8,310.8,1516.0,39.5,23.0,0
0.0,299.2,308.4,1509.0,39.4,0.0,0
1.0,300.7,309.6,1421.0,49.8,165.0,0
1.0,299.3,308.9,1767.0,24.8,196.0,0
1.0,301.9,310.9,1641.0,33.2,3.0,0
0.0,297.4,308.8,1640.0,34.2,142.0,0
1.0,303.4,312.2,1972.0,23.5,59.0,0
0.0,299.5,309.3,1442.0,46.2,5.0,0
0.0,299.1,310.6,1602.0,39.7,144.0,0
1.0,303.3,312.1,1693.0,30.0,80.0,0
0.0,300.5,310.5,1373.0,47.4,56.0,0
0.0,299.2,308.5,1445.0,45.2,222.0,0
0.0,301.4,310.8,1362.0,53.2,4.0,0
0.0,301.3,310.7,1594.0,34.1,172.0,0
0.0,299.3,310.4,1629.0,32.6,177.0,0
0.0,297.3,308.3,1471.0,38.2,37.0,0
0.0,297.4,308.8,1538.0,41.2,126.0,0
1.0,299.5,309.3,1902.0,24.0,151.0,0
0.0,298.3,309.6,1527.0,30.9,189.0,0
2.0,296.9,307.9,1547.0,32.6,79.0,0
0.0,298.2,308.3,1304.0,49.8,45.0,0
1.0,301.8,310.3,1465.0,46.5,60.0,0
1.0,298.0,308.6,1507.0,37.3,217.0,0
0.0,298.4,309.2,1583.0,35.4,112.0,0
0.0,302.5,312.0,1673.0,29.9,42.0,0
1.0,297.6,308.9,1479.0,38.1,182.0,0
0.0,298.7,309.8,1469.0,38.4,62.0,0
2.0,300.6,309.6,1888.0,20.5,133.0,0
1.0,299.7,310.7,1498.0,37.8,146.0,0
0.0,299.1,310.2,1598.0,33.4,20.0,0
0.0,298.7,310.1,1676.0,33.5,70.0,0
0.0,302.8,310.6,2016.0,19.9,199.0,0
0.0,301.5,310.7,1408.0,47.3,79.0,0
0.0,301.5,310.8,1350.0,58.5,13.0,0
1.0,298.2,309.5,1478.0,36.5,182.0,0
0.0,301.0,312.0,1447.0,36.8,31.0,0
0.0,297.6,308.3,1424.0,53.9,132.0,0
1.0,302.0,311.5,1366.0,52.3,54.0,0
0.0,300.2,309.7,1448.0,36.8,14.0,0
1.0,298.0,308.1,1403.0,44.8,148.0,0
1.0,299.7,309.1,1603.0,38.5,170.0,0
2.0,298.5,309.4,1417.0,41.2,155.0,0
1.0,298.1,308.7,1527.0,43.0,56.0,0
0.0,300.9,312.2,1811.0,23.2,72.0,0
1.0,298.8,310.1,1719.0,28.8,206.0,0
0.0,298.8,309.7,1505.0,39.0,131.0,0
0.0,298.6,309.3,1677.0,31.2,180.0,0
1.0,300.1,311.3,1523.0,34.1,135.0,0
0.0,300.3,309.2,1587.0,31.4,43.0,0
0.0,301.0,312.2,1264.0,59.0,57.0,0
0.0,298.7,309.7,1293.0,59.1,125.0,0
0.0,297.5,308.8,1312.0,50.3,159.0,0
0.0,301.8,311.0,1529.0,41.6,12.0,0
1.0,297.8,309.8,1676.0,29.0,178.0,0
0.0,296.8,308.0,1371.0,54.5,86.0,0
1.0,300.2,310.1,1474.0,44.0,198.0,0
0.0,302.7,312.2,1611.0,34.1,186.0,0
1.0,303.0,311.2,1460.0,43.9,103.0,0
0.0,299.8,309.2,1479.0,44.4,214.0,0
0.0,299.2,310.3,1440.0,47.0,21.0,0
2.0,300.8,310.4,1419.0,46.4,200.0,0
0.0,298.0,308.5,1429.0,37.7,220.0,1
0.0,301.1,310.5,1529.0,38.7,91.0,0
0.0,300.3,311.6,1709.0,29.5,27.0,0
1.0,300.8,311.9,1356.0,44.3,214.0,0
0.0,301.4,310.7,1568.0,35.2,23.0,0
0.0,298.7,309.9,1617.0,33.0,203.0,0
2.0,299.9,309.2,1525.0,33.2,0.0,0
1.0,296.8,307.5,1443.0,39.2,13.0,0
0.0,296.5,307.2,1481.0,38.2,160.0,0
0.0,300.4,309.7,1685.0,31.3,152.0,0
0.0,301.6,311.2,1408.0,42.9,89.0,0
0.0,299.1,308.3,1601.0,31.4,121.0,0
0.0,298.9,310.0,1378.0,49.3,18.0,0
0.0,304.1,313.1,1550.0,30.9,9.0,0
0.0,298.6,309.1,1537.0,35.7,198.0,0
0.0,301.3,310.6,1376.0,47.6,45.0,0
0.0,298.1,309.0,1559.0,34.0,54.0,0
0.0,300.2,311.3,1487.0,36.9,71.0,0
0.0,302.0,310.6,1361.0,46.7,182.0,0
1.0,302.9,311.0,1556.0,36.5,44.0,0
0.0,301.0,311.3,1349.0,47.0,71.0,0
0.0,302.3,311.6,1784.0,26.4,79.0,0
0.0,302.4,311.0,2211.0,15.4,203.0,0
1.0,302.2,311.7,1584.0,36.2,63.0,0
0.0,301.0,310.4,2204.0,16.6,175.0,0
0.0,297.9,309.0,1583.0,36.7,104.0,0
0.0,298.9,309.6,1589.0,34.2,197.0,0
0.0,300.2,309.4,1526.0,35.3,46.0,0
0.0,299.7,309.1,1347.0,55.3,139.0,0
1.0,298.1,307.8,1514.0,43.5,78.0,0
0.0,300.9,311.0,1432.0,48.1,59.0,0
0.0,303.7,313.0,1457.0,44.1,40.0,0
0.0,302.7,312.3,1858.0,25.4,2.0,0
1.0,299.0,310.0,1667.0,30.0,53.0,0
1.0,297.9,307.4,1610.0,34.6,219.0,0
0.0,304.0,313.1,1404.0,47.1,90.0,0
0.0,298.0,309.6,1403.0,51.3,122.0,0
0.0,297.3,308.4,1430.0,45.7,15.0,0
0.0,300.3,309.9,1540.0,39.9,203.0,0
0.0,297.6,308.6,1326.0,62.4,173.0,0
1.0,303.7,312.7,1669.0,31.7,120.0,0
0.0,297.3,308.2,1896.0,24.4,47.0,0
1.0,297.6,309.5,1709.0,32.2,65.0,0
0.0,298.2,308.8,1616.0,33.7,16.0,0
0.0,298.3,308.4,1490.0,41.7,170.0,0
0.0,296.3,307.1,1662.0,32.9,190.0,0
1.0,300.5,309.5,1320.0,49.9,59.0,0
1.0,299.5,309.1,1422.0,45.3,103.0,0
0.0,300.4,309.6,1356.0,45.9,64.0,0
0.0,303.3,311.7,1508.0,35.5,217.0,0
0.0,303.0,311.2,1382.0,50.5,203.0,0
0.0,296.6,307.4,1389.0,42.7,48.0,0
0.0,304.4,313.7,1509.0,35.0,205.0,1
1.0,303.3,312.4,1505.0,38.9,68.0,0
0.0,297.3,308.3,1519.0,37.7,45.0,0
1.0,298.8,310.6,1640.0,33.8,9.0,0
1.0,299.0,309.8,2240.0,15.9,144.0,0
2.0,298.2,308.8,1837.0,28.4,34.0,0
0.0,302.6,311.0,1424.0,38.0,144.0,0
2.0,298.5,308.4,1612.0,36.1,174.0,0
1.0,298.1,308.8,1378.0,53.5,65.0,0
2.0,299.8,309.2,1435.0,42.6,111.0,0
0.0,299.1,308.6,1611.0,31.4,161.0,0
0.0,302.2,311.2,1630.0,36.0,169.0,0
2.0,296.9,307.9,1557.0,36.5,63.0,0
1.0,298.5,308.7,1615.0,33.3,41.0,0
0.0,302.5,312.0,1411.0,44.2,177.0,0
0.0,302.7,312.4,1954.0,24.8,13.0,0
0.0,300.6,309.4,1442.0,43.2,96.0,0
0.0,298.0,308.1,1877.0,24.3,0.0,0
0.0,296.7,307.8,1646.0,34.6,238.0,0
0.0,297.1,307.9,1456.0,50.0,166.0,0
0.0,300.8,310.9,1748.0,29.9,140.0,0
1.0,304.1,313.4,1518.0,42.4,105.0,0
0.0,302.6,311.5,1885.0,27.5,147.0,0
0.0,297.5,308.7,1407.0,42.5,145.0,0
1.0,299.1,310.8,1517.0,38.4,185.0,0
0.0,302.2,311.5,1427.0,43.8,88.0,0
1.0,300.5,311.5,1378.0,48.2,82.0,0
0.0,302.3,311.6,1398.0,49.1,119.0,0
2.0,301.7,311.2,1639.0,30.0,161.0,0
1.0,304.1,313.5,1470.0,45.8,85.0,0
1.0,301.7,311.1,1489.0,41.4,108.0,0
0.0,297.5,308.4,1433.0,50.0,218.0,0
0.0,301.4,311.3,2323.0,15.9,50.0,0
0.0,303.4,311.9,1531.0,37.9,203.0,0
0.0,301.6,310.6,1506.0,43.4,222.0,0
0.0,301.9,311.0,1541.0,38.9,193.0,0
0.0,298.3,309.2,1456.0,45.5,75.0,0
0.0,297.0,307.9,1479.0,39.2,151.0,0
0.0,299.3,310.6,1443.0,45.7,97.0,0
0.0,298.3,307.9,1551.0,33.8,72.0,0
1.0,296.9,307.7,2008.0,17.5,3.0,0
1.0,296.9,307.8,1544.0,40.3,150.0,0
0.0,303.5,312.6,1496.0,39.0,21.0,0
1.0,300.9,312.1,1297.0,48.6,76.0,0
1.0,300.1,309.0,1612.0,33.0,34.0,0
1.0,300.7,309.5,1470.0,48.7,21.0,0
0.0,300.1,311.4,1729.0,29.3,71.0,0
0.0,297.4,309.2,1584.0,42.8,186.0,0
1.0,299.6,310.1,1646.0,29.6,73.0,0
0.0,299.1,308.1,1479.0,40.7,10.0,0
1.0,297.6,307.2,1470.0,42.6,44.0,0
0.0,300.8,312.6,1376.0,53.6,119.0,0
0.0,300.7,310.8,1653.0,31.6,111.0,0
0.0,297.6,308.3,1410.0,47.0,191.0,0
1.0,299.4,310.9,1446.0,47.3,12.0,0
1.0,298.1,308.5,1382.0,54.5,17.0,0
1.0,299.4,309.0,1381.0,44.9,88.0,0
0.0,302.5,310.2,1329.0,50.6,148.0,1
0.0,300.6,310.0,1511.0,36.9,105.0,0
0.0,298.0,308.7,1619.0,40.1,45.0,0
1.0,300.4,309.8,1430.0,43.4,198.0,0
0.0,300.8,312.0,1496.0,40.0,175.0,0
2.0,301.6,310.4,1330.0,49.5,30.0,0
0.0,303.9,313.0,1759.0,28.4,74.0,0
1.0,302.2,311.4,1539.0,35.1,24.0,0
0.0,301.7,310.6,1486.0,38.5,78.0,0
0.0,300.7,310.9,1723.0,31.0,73.0,0
1.0,298.3,308.0,1463.0,42.5,190.0,0
0.0,297.4,308.8,1462.0,49.7,132.0,0
1.0,299.5,310.7,1488.0,39.5,95.0,0
0.0,299.8,311.2,1369.0,46.2,146.0,0
0.0,297.8,308.4,1512.0,39.9,181.0,0
0.0,303.7,313.1,1423.0,41.2,124.0,0
0.0,297.8,308.4,2129.0,19.2,148.0,0
0.0,304.0,313.2,1481.0,42.6,213.0,0
0.0,297.6,308.6,1553.0,40.5,135.0,0
1.0,302.4,311.0,1464.0,44.2,106.0,0
1.0,301.2,310.1,2280.0,15.7,11.0,0
0.0,302.0,309.8,1456.0,58.1,145.0,0
2.0,300.6,310.6,1448.0,44.7,55.0,0
0.0,300.7,311.0,1336.0,53.3,68.0,0
0.0,300.9,311.0,2235.0,15.8,156.0,0
1.0,302.0,310.5,1425.0,44.7,76.0,0
1.0,297.5,308.5,1401.0,50.5,6.0,0
0.0,297.3,308.0,1420.0,46.5,73.0,0
1.0,295.5,306.0,1641.0,36.6,21.0,0
0.0,298.9,309.9,1590.0,31.3,98.0,0
0.0,299.2,310.7,1737.0,27.0,225.0,1
1.0,297.8,307.6,1352.0,49.4,102.0,0
1.0,300.2,309.5,1630.0,28.3,51.0,0
0.0,296.8,307.9,1420.0,45.4,70.0,0
0.0,300.6,311.7,1448.0,49.1,206.0,0
1.0,298.0,308.5,1585.0,33.0,24.0,0
0.0,300.3,309.9,1601.0,31.7,180.0,0
1.0,301.5,311.0,1577.0,39.7,118.0,0
1.0,299.0,310.4,1625.0,37.1,131.0,0
1.0,297.3,308.8,1469.0,44.1,150.0,0
0.0,301.5,310.7,1426.0,46.1,81.0,0
0.0,298.4,308.3,1433.0,62.3,20.0,1
0.0,300.8,309.9,1312.0,65.3,192.0,1
0.0,300.2,311.5,1549.0,37.2,67.0,0
0.0,298.9,309.0,1410.0,65.7,191.0,1
0.0,297.9,307.6,1298.0,52.7,132.0,0
0.0,301.4,310.4,1496.0,35.2,153.0,0
1.0,304.1,313.5,1587.0,33.6,108.0,0
0.0,299.6,309.2,1422.0,39.8,219.0,0
1.0,301.4,310.6,1565.0,36.1,110.0,0
1.0,296.7,307.8,1375.0,51.4,108.0,0
2.0,298.9,310.6,1519.0,38.8,213.0,0
0.0,301.0,311.3,1472.0,35.3,73.0,0
0.0,301.6,309.8,1472.0,42.5,91.0,0
0.0,296.8,308.2,1361.0,53.8,193.0,0
0.0,298.9,309.9,1365.0,46.5,75.0,0
1.0,301.5,310.7,1454.0,39.4,17.0,0
2.0,300.6,309.4,1463.0,49.2,235.0,0
1.0,299.6,308.9,1685.0,27.8,161.0,0
0.0,299.8,311.2,2142.0,16.6,144.0,0
0.0,299.7,309.2,1631.0,35.1,177.0,0
0.0,298.8,309.6,1890.0,24.0,173.0,0
0.0,302.7,312.0,1501.0,37.0,77.0,0
1.0,297.5,308.0,1560.0,39.0,141.0,0
1.0,299.0,310.0,1337.0,57.4,146.0,0
1.0,302.4,311.8,1358.0,50.6,133.0,0
0.0,297.2,307.9,1580.0,35.8,140.0,0
0.0,298.8,309.8,1334.0,49.3,42.0,0
0.0,300.0,310.2,1675.0,29.7,64.0,0
0.0,301.4,310.5,1647.0,33.3,85.0,0
1.0,297.6,308.4,1569.0,38.3,93.0,0
2.0,301.7,310.5,1388.0,50.5,176.0,0
1.0,298.9,310.5,1525.0,38.5,27.0,0
1.0,300.3,309.5,1448.0,42.4,145.0,0
0.0,297.4,309.2,1420.0,45.6,193.0,0
0.0,303.3,311.8,1315.0,62.0,42.0,1
0.0,296.2,306.9,1526.0,34.9,140.0,0
0.0,298.2,307.9,1847.0,23.6,69.0,0
0.0,300.4,311.8,1405.0,47.9,58.0,0
0.0,296.3,307.4,1760.0,28.4,56.0,0
1.0,299.9,309.2,1548.0,35.7,97.0,0
0.0,301.8,311.1,1495.0,36.9,197.0,0
1.0,300.2,311.3,1587.0,31.2,73.0,0
0.0,298.5,309.5,1428.0,43.5,87.0,0
0.0,303.8,312.9,1589.0,37.2,203.0,0
1.0,300.1,311.7,1400.0,48.5,205.0,0
0.0,300.6,310.2,1447.0,45.9,17.0,0
0.0,297.4,308.4,1378.0,39.9,63.0,0
0.0,300.3,310.3,1629.0,34.1,52.0,0
0.0,297.1,308.3,1403.0,54.1,179.0,0
2.0,298.9,308.4,1632.0,31.8,17.0,0
0.0,302.3,312.0,1354.0,52.2,165.0,0
1.0,298.5,309.3,1552.0,36.8,133.0,0
0.0,300.6,311.0,1563.0,40.7,87.0,0
1.0,300.9,310.5,1444.0,43.2,27.0,0
0.0,299.9,309.2,1761.0,25.6,115.0,0
0.0,298.4,309.4,1540.0,43.2,141.0,0
1.0,302.3,311.6,1608.0,39.9,136.0,0
0.0,302.6,312.1,1288.0,68.5,0.0,1
1.0,301.8,310.7,1309.0,43.3,68.0,0
1.0,302.4,311.1,1721.0,30.1,210.0,0
0.0,297.4,307.9,1557.0,35.5,174.0,0
2.0,297.0,308.1,2540.0,13.3,98.0,0
0.0,296.9,307.8,1466.0,45.7,153.0,0
2.0,297.5,309.3,1459.0,49.7,201.0,0
0.0,297.6,309.6,1501.0,49.8,222.0,1
1.0,298.0,307.9,1750.0,26.6,67.0,0
1.0,298.9,308.2,2022.0,20.0,23.0,0
1.0,301.7,310.7,1442.0,41.1,89.0,0
1.0,302.3,311.0,1421.0,41.3,182.0,0
0.0,302.7,310.5,1551.0,35.9,6.0,0
0.0,300.6,309.4,1552.0,36.4,113.0,0
1.0,299.2,308.7,1401.0,47.0,198.0,0
0.0,299.2,308.9,1430.0,39.1,117.0,0
0.0,302.1,311.2,1460.0,46.9,198.0,0
0.0,297.2,308.3,1419.0,39.7,115.0,0
1.0,300.9,310.0,1416.0,46.6,201.0,0
2.0,299.7,309.2,1302.0,55.5,87.0,0
0.0,303.9,313.0,1403.0,48.3,10.0,0
0.0,298.8,308.6,1501.0,35.0,55.0,0
1.0,299.6,309.3,1387.0,48.3,25.0,0
0.0,301.0,311.9,1889.0,23.5,198.0,0
0.0,295.8,306.4,1356.0,48.0,99.0,0
0.0,303.9,312.6,1642.0,32.3,127.0,0
0.0,300.5,311.5,1302.0,49.6,80.0,0
2.0,299.0,308.2,1662.0,30.4,55.0,0
1.0,302.6,310.2,1631.0,31.0,100.0,0
0.0,299.0,308.5,1886.0,23.0,198.0,0
2.0,298.2,308.4,1678.0,34.6,81.0,0
0.0,298.3,308.0,1363.0,50.1,96.0,0
1.0,297.3,308.4,1665.0,28.9,17.0,0
0.0,299.6,310.1,2057.0,20.4,60.0,0
2.0,298.0,308.1,1440.0,43.7,37.0,0
1.0,303.4,311.4,1606.0,29.6,122.0,0
0.0,297.9,309.1,1442.0,50.3,24.0,0
0.0,302.2,311.3,1382.0,46.4,94.0,0
0.0,296.5,307.5,1443.0,41.8,87.0,0
0.0,300.8,312.0,1374.0,50.2,154.0,0
0.0,297.9,309.0,1382.0,43.9,116.0,0
0.0,302.7,312.4,1453.0,47.3,62.0,0
0.0,302.2,311.3,1389.0,46.9,106.0,0
0.0,297.1,308.3,1763.0,25.7,139.0,0
2.0,301.5,310.7,1394.0,46.7,130.0,0
0.0,298.7,310.2,1717.0,27.3,26.0,0
0.0,298.8,308.4,1369.0,53.0,138.0,0
0.0,302.3,311.5,1384.0,50.8,13.0,0
0.0,299.2,308.9,1588.0,41.5,150.0,0
0.0,299.0,310.0,1582.0,31.9,51.0,0
2.0,299.2,308.6,1462.0,55.0,163.0,0
0.0,302.3,311.4,1535.0,41.8,77.0,0
0.0,301.5,310.5,2297.0,15.8,191.0,0
1.0,298.9,309.3,1632.0,32.5,55.0,0
0.0,297.1,308.5,1483.0,46.9,203.0,0
0.0,297.4,308.4,1603.0,34.6,65.0,0
0.0,298.4,309.4,1461.0,46.3,121.0,0
0.0,297.0,307.7,1867.0,22.8,118.0,0
2.0,303.7,312.6,1514.0,35.5,138.0,0
0.0,303.8,312.9,1573.0,34.6,14.0,0
1.0,300.6,309.8,1659.0,28.9,127.0,0
1.0,298.0,308.7,1436.0,48.2,201.0,0
0.0,301.2,309.9,1382.0,52.4,13.0,0
2.0,298.1,308.4,1515.0,43.8,6.0,0
0.0,300.7,310.2,1348.0,54.8,50.0,0
2.0,297.6,309.0,1413.0,40.2,51.0,0
0.0,300.9,310.4,1536.0,34.2,45.0,0
0.0,301.1,310.4,1874.0,24.8,47.0,0
0.0,303.7,312.4,1702.0,31.2,144.0,0
0.0,297.4,308.5,1496.0,36.4,126.0,0
0.0,300.7,310.8,1814.0,21.4,59.0,0
0.0,300.6,310.1,1485.0,49.9,19.0,0
2.0,298.6,308.3,1377.0,52.1,181.0,0
0.0,302.7,312.2,1572.0,34.4,228.0,0
1.0,298.4,309.5,1344.0,45.3,122.0,0
0.0,302.2,310.6,1348.0,48.4,161.0,1
1.0,301.5,310.1,1468.0,40.8,32.0,0
0.0,300.7,309.3,1425.0,45.3,100.0,0
1.0,302.9,311.0,1437.0,49.9,55.0,0
1.0,303.2,311.5,1336.0,58.2,2.0,1
0.0,299.1,308.8,1429.0,50.1,84.0,0
0.0,300.6,311.8,1539.0,37.0,187.0,0
0.0,297.5,308.3,1544.0,40.8,37.0,0
2.0,302.3,311.8,1475.0,42.8,38.0,0
1.0,303.3,311.5,1384.0,54.8,48.0,0
0.0,301.3,310.6,1560.0,36.8,113.0,0
0.0,302.4,310.2,2224.0,16.0,154.0,0
1.0,297.4,309.0,1685.0,30.7,177.0,0
0.0,298.3,309.0,1408.0,45.4,98.0,0
0.0,298.4,308.1,1395.0,44.0,92.0,0
1.0,297.2,308.5,1425.0,45.8,109.0,0
1.0,303.5,313.0,1902.0,21.6,60.0,0
0.0,301.3,311.2,1668.0,30.1,18.0,0
1.0,296.8,307.4,1455.0,49.9,102.0,0
0.0,300.0,309.7,1586.0,37.8,103.0,0
0.0,302.5,311.9,1437.0,46.7,65.0,0
0.0,303.7,313.0,1753.0,29.0,42.0,0
1.0,302.3,310.8,1762.0,27.8,127.0,0
1.0,300.7,311.0,1559.0,42.8,121.0,0
1.0,300.6,312.1,1293.0,52.3,49.0,0
0.0,298.2,308.7,1780.0,27.9,35.0,0
0.0,299.1,310.2,1317.0,54.8,231.0,1
1.0,301.3,311.1,1581.0,30.9,31.0,0
0.0,302.3,311.0,1442.0,43.7,152.0,0
1.0,301.5,310.5,1600.0,32.8,205.0,0
2.0,304.1,313.2,1586.0,34.6,139.0,0
1.0,298.9,310.1,1655.0,31.5,172.0,0
0.0,298.8,309.8,1895.0,22.0,134.0,0
0.0,301.5,310.6,1587.0,33.7,122.0,0
0.0,302.7,312.2,1369.0,51.8,174.0,0
0.0,298.0,307.6,1509.0,41.6,33.0,0
1.0,295.8,306.5,1641.0,32.2,101.0,0
0.0,302.1,310.9,1666.0,30.7,203.0,0
0.0,301.0,310.8,1475.0,35.3,19.0,0
0.0,302.0,310.4,1336.0,58.2,110.0,1
1.0,298.2,308.0,1577.0,35.9,151.0,0
2.0,301.3,310.1,1455.0,44.1,188.0,0
1.0,300.1,309.2,1457.0,44.3,98.0,0
0.0,300.3,311.3,1525.0,40.7,105.0,0
0.0,299.0,308.6,1661.0,32.2,106.0,0
0.0,297.3,308.7,1506.0,39.3,187.0,0
0.0,300.7,311.7,1524.0,43.5,222.0,0
0.0,298.8,309.8,1508.0,36.3,69.0,0
1.0,300.4,310.4,1544.0,36.3,21.0,0
0.0,297.6,308.3,1502.0,43.2,139.0,0
0.0,300.1,309.7,1601.0,35.8,160.0,0
0.0,298.2,308.8,1666.0,31.5,30.0,0
0.0,302.7,311.9,1389.0,46.5,15.0,0
0.0,300.0,309.1,1882.0,23.8,84.0,0
1.0,300.6,310.0,1486.0,41.2,127.0,0
0.0,302.1,310.5,1696.0,30.9,107.0,0
0.0,297.9,307.3,1502.0,36.7,12.0,0
1.0,297.9,307.6,1202.0,67.0,129.0,0
2.0,298.1,308.0,1570.0,35.3,159.0,0
0.0,296.5,307.5,1340.0,59.1,89.0,0
0.0,298.1,309.5,1467.0,41.8,48.0,0
2.0,302.6,311.7,1471.0,48.3,25.0,0
1.0,303.9,313.2,1350.0,47.2,2.0,0
2.0,298.1,308.9,1388.0,53.5,83.0,0
0.0,297.5,308.9,1581.0,30.4,155.0,0
1.0,297.8,307.3,1804.0,26.0,222.0,0
1.0,297.4,308.7,1798.0,23.0,135.0,0
0.0,303.1,312.4,1404.0,61.5,127.0,1
0.0,301.2,310.7,1644.0,31.6,166.0,0
1.0,300.5,309.4,1347.0,50.1,213.0,0
0.0,297.8,307.4,1418.0,41.2,155.0,0
1.0,300.4,309.3,1411.0,41.6,160.0,0
2.0,298.0,307.6,1593.0,32.2,118.0,0
2.0,295.6,306.3,1509.0,35.8,60.0,0
0.0,302.3,310.1,1388.0,49.9,48.0,0
0.0,299.2,309.0,1515.0,48.9,228.0,1
2.0,298.0,308.0,1479.0,50.7,70.0,0
0.0,301.3,311.0,1582.0,35.6,202.0,0
1.0,300.2,309.7,1413.0,43.0,137.0,0
0.0,299.0,309.9,1630.0,34.0,92.0,0
0.0,300.6,310.6,1497.0,38.2,83.0,0
2.0,299.8,310.6,1423.0,44.6,116.0,0
0.0,301.5,310.9,1891.0,23.2,122.0,0
1.0,297.4,308.3,1444.0,44.0,18.0,0
2.0,302.9,311.0,1452.0,58.3,123.0,0
0.0,298.9,310.2,1445.0,40.0,129.0,0
0.0,298.2,308.3,2216.0,16.8,139.0,0
1.0,298.1,308.9,1323.0,51.7,88.0,0
1.0,297.6,308.5,1552.0,40.9,90.0,0
1.0,301.6,310.4,1452.0,45.7,164.0,0
1.0,303.6,311.8,1659.0,34.7,94.0,0
1.0,300.7,311.0,1378.0,41.2,93.0,0
0.0,299.1,310.6,1326.0,49.7,78.0,0
1.0,300.5,309.3,1881.0,25.5,98.0,0
0.0,299.7,309.5,1352.0,49.7,184.0,0
1.0,297.9,309.1,1614.0,38.1,62.0,0
2.0,304.2,313.3,1625.0,37.3,27.0,0
0.0,302.1,311.3,1415.0,44.1,43.0,0
0.0,302.4,310.1,1906.0,21.2,110.0,0
1.0,298.9,308.5,1534.0,42.9,121.0,0
0.0,300.0,309.3,1395.0,56.5,122.0,0
0.0,300.1,309.2,1441.0,42.9,148.0,0
0.0,302.9,311.2,1634.0,36.9,71.0,0
1.0,299.1,308.2,1435.0,45.2,45.0,0
1.0,297.9,309.1,1558.0,39.2,59.0,0
0.0,300.1,309.3,1616.0,32.0,199.0,0
1.0,300.9,311.3,1603.0,31.8,190.0,0
1.0,302.3,311.0,1541.0,36.6,143.0,0
2.0,300.3,309.9,1509.0,46.6,125.0,0
0.0,300.6,310.3,1794.0,24.4,211.0,0
1.0,298.7,309.9,1654.0,29.1,195.0,0
0.0,299.0,310.2,1533.0,43.5,159.0,0
0.0,295.5,306.1,1488.0,40.7,31.0,0
1.0,300.3,311.7,1646.0,28.9,198.0,0
1.0,300.7,311.0,1334.0,53.9,150.0,0
0.0,300.8,312.6,1422.0,50.0,117.0,0
0.0,300.0,309.5,1675.0,30.2,11.0,0
0.0,299.3,308.8,1772.0,25.2,89.0,0
1.0,298.3,309.1,1488.0,40.6,176.0,0
0.0,299.7,309.2,1478.0,38.8,199.0,0
0.0,300.9,312.4,1372.0,51.0,142.0,0
0.0,302.6,311.4,1738.0,25.8,128.0,0
2.0,295.6,306.0,1396.0,52.4,0.0,0
0.0,301.0,309.7,1468.0,42.0,141.0,0
0.0,302.7,312.2,1405.0,51.4,157.0,0
1.0,302.5,312.0,1445.0,54.8,0.0,0
0.0,297.8,309.0,1340.0,56.9,6.0,0
1.0,302.3,311.5,1316.0,47.2,4.0,0
1.0,298.1,307.8,1525.0,35.9,132.0,0
0.0,298.1,309.0,1787.0,27.6,47.0,0
0.0,297.2,308.1,1431.0,49.7,210.0,1
0.0,298.8,310.0,1412.0,46.3,107.0,0
0.0,300.5,309.5,1255.0,62.1,138.0,0
2.0,297.3,308.0,1384.0,49.1,206.0,0
1.0,298.4,309.4,1429.0,41.8,203.0,0
0.0,300.0,309.5,1728.0,26.0,37.0,0
0.0,301.0,310.5,1601.0,33.2,77.0,0
1.0,301.4,310.4,1553.0,44.7,173.0,0
1.0,298.9,309.0,1812.0,25.9,174.0,0
0.0,297.5,308.6,1388.0,48.2,203.0,0
1.0,300.4,311.7,1832.0,24.2,179.0,0
2.0,297.4,308.9,1645.0,30.8,196.0,0
1.0,296.9,307.5,1332.0,51.1,121.0,0
1.0,301.7,309.9,1457.0,39.2,192.0,0
2.0,301.5,310.5,1587.0,33.8,57.0,0
0.0,303.9,313.1,1639.0,29.0,95.0,0
0.0,298.9,309.9,1500.0,44.2,115.0,0
1.0,297.9,307.7,1517.0,39.5,69.0,0
1.0,298.1,309.2,1460.0,45.8,80.0,0
1.0,298.9,310.1,1555.0,40.6,176.0,0
0.0,301.8,310.7,1523.0,43.3,60.0,0
2.0,300.7,310.2,1479.0,52.3,9.0,0
1.0,299.3,309.2,1440.0,37.5,111.0,0
0.0,301.9,311.0,1376.0,44.9,186.0,0
1.0,302.5,312.0,1642.0,29.1,46.0,0
1.0,299.3,308.4,1468.0,42.2,83.0,0
0.0,297.9,308.6,1468.0,36.0,168.0,0
1.0,298.3,307.9,1609.0,32.4,151.0,0
1.0,296.3,307.2,1286.0,51.1,177.0,0
0.0,298.6,309.9,1615.0,28.8,199.0,0
1.0,301.9,311.1,1417.0,52.5,171.0,0
1.0,298.9,308.9,1487.0,39.5,30.0,0
0.0,300.3,310.6,1806.0,24.4,88.0,0
0.0,301.8,310.2,1457.0,40.4,213.0,0
1.0,297.4,309.0,1520.0,37.0,147.0,0
0.0,298.6,308.4,1397.0,46.4,36.0,0
1.0,303.9,313.4,1464.0,49.1,171.0,0
0.0,296.8,307.9,1611.0,35.4,72.0,0
0.0,303.9,313.2,1393.0,46.5,9.0,0
1.0,302.3,311.7,1423.0,44.6,93.0,0
0.0,299.8,311.1,1588.0,38.0,183.0,0
0.0,301.5,310.7,1423.0,44.0,222.0,0
0.0,297.4,308.2,1639.0,33.8,39.0,0
1.0,299.3,308.8,1648.0,28.4,188.0,0
0.0,300.4,309.8,1513.0,32.9,117.0,0
0.0,298.6,309.4,1315.0,55.5,28.0,0
0.0,299.0,310.5,1755.0,27.9,56.0,0
1.0,301.2,310.9,1460.0,46.7,166.0,0
0.0,301.8,310.7,1597.0,30.8,74.0,0
1.0,298.0,307.6,1301.0,58.5,155.0,0
0.0,296.8,307.6,1304.0,48.7,142.0,0
0.0,300.7,310.5,1536.0,47.4,192.0,0
1.0,303.5,312.3,1624.0,34.8,121.0,0
0.0,298.4,309.3,1806.0,27.6,64.0,0
0.0,300.4,311.8,1589.0,42.0,201.0,0
1.0,298.6,308.3,1589.0,34.1,174.0,0
0.0,301.8,310.8,1557.0,33.3,190.0,0
0.0,302.3,311.8,1487.0,43.2,206.0,0
0.0,297.4,309.2,1459.0,37.9,191.0,0
2.0,298.5,309.4,2011.0,21.0,59.0,0
0.0,298.8,308.6,1631.0,32.4,38.0,0
0.0,298.8,308.9,1461.0,47.9,206.0,0
1.0,298.6,309.5,1684.0,27.8,44.0,0
1.0,297.7,309.0,1636.0,29.7,32.0,0
1.0,302.0,309.7,1386.0,62.7,142.0,1
0.0,299.7,309.2,1401.0,54.1,118.0,0
0.0,297.4,308.3,1431.0,43.0,113.0,0
0.0,298.7,310.3,1451.0,40.0,86.0,0
0.0,301.7,310.1,1424.0,50.2,54.0,0
2.0,303.1,311.3,2056.0,19.7,167.0,0
1.0,303.6,311.9,1617.0,36.0,95.0,0
2.0,300.6,310.0,1483.0,44.0,97.0,0
1.0,297.0,307.8,1579.0,34.1,94.0,0
1.0,297.7,308.9,1530.0,39.1,108.0,0
1.0,303.3,311.5,1569.0,36.6,47.0,0
0.0,301.5,310.6,1962.0,20.2,124.0,0
1.0,302.1,311.1,1450.0,51.6,86.0,0
0.0,300.8,311.1,1480.0,41.1,176.0,0
2.0,300.7,311.3,1374.0,53.1,66.0,0
0.0,298.9,310.6,1406.0,43.8,12.0,0
1.0,301.8,310.3,1409.0,52.5,26.0,0
1.0,298.2,308.9,1326.0,54.4,75.0,0
1.0,301.7,310.7,1861.0,21.8,84.0,0
0.0,298.2,308.9,1444.0,53.1,83.0,0
0.0,299.2,310.7,1477.0,44.0,19.0,0
1.0,300.3,311.7,1319.0,51.4,170.0,0
0.0,301.9,310.4,1603.0,37.6,69.0,0
1.0,298.1,307.7,1633.0,30.7,145.0,0
1.0,300.9,310.7,1268.0,56.3,161.0,0
0.0,300.5,311.9,1710.0,28.4,158.0,0
0.0,295.7,306.3,1490.0,34.3,97.0,0
0.0,298.9,309.1,2861.0,4.6,143.0,1
0.0,298.9,308.7,1564.0,34.1,99.0,0
2.0,298.4,309.3,1984.0,19.2,132.0,0
0.0,300.0,309.2,1610.0,32.1,150.0,0
2.0,298.9,310.1,1452.0,49.9,187.0,0
0.0,302.6,311.6,1638.0,29.6,160.0,0
2.0,300.5,311.6,1351.0,53.5,78.0,0
0.0,302.6,310.4,1359.0,57.2,67.0,1
0.0,300.6,310.5,1509.0,43.1,31.0,0
1.0,302.2,311.1,1640.0,32.8,77.0,0
0.0,297.8,308.8,1621.0,36.1,68.0,0
0.0,301.3,310.9,1596.0,33.9,157.0,0
0.0,300.1,309.2,1599.0,30.1,216.0,0
1.0,300.7,311.7,1499.0,38.9,3.0,0
1.0,298.8,310.2,1595.0,33.1,34.0,0
2.0,297.3,308.8,1564.0,38.0,191.0,0
0.0,300.7,310.7,1450.0,43.4,80.0,0
0.0,300.2,310.2,1440.0,42.9,191.0,0
1.0,300.9,310.6,1709.0,29.2,158.0,0
0.0,303.9,313.2,1499.0,37.4,7.0,0
2.0,298.7,309.5,1453.0,40.4,108.0,0
2.0,298.7,308.4,1432.0,42.8,197.0,0
1.0,299.0,309.0,1419.0,45.2,27.0,0
1.0,301.9,310.9,1421.0,46.2,26.0,0
0.0,303.6,313.1,1405.0,38.3,58.0,0
0.0,299.8,311.3,1727.0,30.0,24.0,0
2.0,298.6,309.5,1584.0,31.8,27.0,0
1.0,302.6,311.4,1757.0,29.5,151.0,0
1.0,301.3,310.5,1481.0,39.7,85.0,0
0.0,297.4,309.1,1380.0,41.1,152.0,0
0.0,303.8,313.2,1531.0,39.4,159.0,0
2.0,299.1,310.4,1369.0,54.5,104.0,0
2.0,299.5,309.1,1548.0,44.3,40.0,0
0.0,300.5,310.3,1435.0,43.3,31.0,0
1.0,301.0,311.0,1423.0,38.6,199.0,0
0.0,300.0,311.4,1590.0,33.6,5.0,0
0.0,302.1,310.9,1658.0,30.3,186.0,0
0.0,300.3,309.6,1597.0,31.8,73.0,0
1.0,297.5,308.1,1334.0,72.0,151.0,1
0.0,298.4,309.2,1425.0,45.5,11.0,0
0.0,301.6,311.1,1408.0,44.4,106.0,0
0.0,295.6,306.2,1426.0,48.6,124.0,0
0.0,301.3,310.6,1426.0,40.7,54.0,0
0.0,301.3,310.0,1550.0,41.5,197.0,0
1.0,298.4,308.7,1584.0,31.7,117.0,0
0.0,300.6,309.6,1726.0,30.0,147.0,0
0.0,299.5,309.1,1336.0,42.1,217.0,0
1.0,299.9,309.1,1345.0,56.8,10.0,0
0.0,303.2,311.4,1349.0,51.1,9.0,1
0.0,303.0,311.2,1341.0,51.0,174.0,1
1.0,298.8,308.6,1486.0,41.9,92.0,0
1.0,298.8,309.9,1495.0,35.2,214.0,0
0.0,300.3,311.6,1607.0,33.5,109.0,0
0.0,300.6,312.0,1490.0,42.2,3.0,0
0.0,297.0,307.8,1683.0,32.3,197.0,0
1.0,299.1,310.1,1412.0,44.4,24.0,0
0.0,301.5,311.2,1700.0,28.8,39.0,0
1.0,300.7,309.4,1589.0,35.0,52.0,0
0.0,300.9,310.9,1749.0,26.4,40.0,0
1.0,302.3,311.3,1444.0,43.1,115.0,0
0.0,298.2,307.9,1769.0,27.2,188.0,0
1.0,299.7,310.4,1410.0,44.5,105.0,0
0.0,301.9,310.7,1717.0,26.8,27.0,0
2.0,302.1,311.0,1729.0,26.1,210.0,0
0.0,301.3,311.0,1539.0,36.9,206.0,0
0.0,300.5,310.5,1695.0,26.7,28.0,0
0.0,303.1,311.2,1628.0,35.2,23.0,0
1.0,301.7,311.1,1618.0,36.7,115.0,0
0.0,297.9,309.5,1390.0,47.9,127.0,0
0.0,302.6,312.0,1674.0,32.2,70.0,0
0.0,303.6,313.0,1575.0,38.3,54.0,0
0.0,299.8,309.7,1429.0,42.6,127.0,0
0.0,301.3,311.1,1560.0,35.3,55.0,0
1.0,297.5,308.0,1429.0,45.8,148.0,0
0.0,300.6,311.6,1455.0,48.0,203.0,0
2.0,300.1,309.1,1560.0,35.4,14.0,0
0.0,297.7,309.1,1562.0,36.8,172.0,0
1.0,300.5,312.0,1263.0,60.8,146.0,0
0.0,298.1,307.7,2567.0,12.8,125.0,1
1.0,297.2,308.5,1364.0,54.0,43.0,0
0.0,301.4,310.7,1584.0,32.2,17.0,0
0.0,302.3,311.0,1528.0,43.1,30.0,0
0.0,298.3,309.1,1593.0,40.1,18.0,0
1.0,301.0,311.3,1454.0,41.5,57.0,0
0.0,299.1,309.0,1450.0,43.0,40.0,0
0.0,298.1,309.9,1563.0,32.8,51.0,0
1.0,302.3,311.3,1625.0,33.1,137.0,0
0.0,302.6,312.1,1344.0,51.0,206.0,0
0.0,298.3,308.5,1538.0,32.2,173.0,0
1.0,300.6,309.4,1521.0,37.2,90.0,0
0.0,300.2,309.6,1359.0,51.5,66.0,0
0.0,301.0,311.2,1412.0,42.1,64.0,0
0.0,298.8,309.4,1387.0,54.1,171.0,0
0.0,301.5,310.4,1918.0,21.8,9.0,0
0.0,297.0,308.1,1455.0,43.5,122.0,0
0.0,298.4,308.3,1318.0,59.1,22.0,0
1.0,298.5,308.3,1440.0,43.6,5.0,0
1.0,297.4,308.7,1392.0,46.4,174.0,0
2.0,300.3,311.9,1390.0,49.0,194.0,0
0.0,297.5,308.7,1429.0,44.3,201.0,0
0.0,298.2,308.4,1478.0,42.9,183.0,0
0.0,296.9,308.0,1332.0,53.9,7.0,0
2.0,301.0,310.9,1916.0,22.0,42.0,0
0.0,299.9,311.3,1504.0,40.7,20.0,0
0.0,300.5,310.5,1536.0,36.2,12.0,0
0.0,300.8,311.2,1397.0,48.7,111.0,0
0.0,302.6,311.9,1598.0,35.5,69.0,0
0.0,298.2,309.0,1341.0,43.8,171.0,0
1.0,302.1,311.0,1574.0,34.1,215.0,0
0.0,303.8,312.6,1735.0,25.9,154.0,0
0.0,303.8,312.7,1664.0,29.3,178.0,0
2.0,298.0,309.1,1557.0,36.4,65.0,0
0.0,303.7,312.4,1404.0,46.6,119.0,0
0.0,298.3,308.1,1412.0,52.3,218.0,1
1.0,300.9,312.0,1447.0,41.4,193.0,0
0.0,299.6,309.1,1476.0,45.3,166.0,0
0.0,302.4,310.1,1556.0,32.9,132.0,0
1.0,301.6,310.9,1575.0,40.1,139.0,0
0.0,299.0,310.3,1428.0,46.3,175.0,0
1.0,300.5,311.7,1269.0,64.0,87.0,0
1.0,298.3,309.5,1543.0,49.9,199.0,0
1.0,297.5,308.6,1327.0,52.1,24.0,0
0.0,298.0,307.8,1414.0,51.7,140.0,0
0.0,302.3,311.7,1611.0,38.6,143.0,0
1.0,295.9,306.6,1532.0,38.6,104.0,0
0.0,296.4,307.5,1549.0,36.1,58.0,0
1.0,300.0,311.4,1791.0,24.1,213.0,0
0.0,304.2,313.3,1464.0,45.9,48.0,0
0.0,297.4,308.6,1276.0,53.6,103.0,0
1.0,297.6,307.1,1471.0,44.9,14.0,0
0.0,300.4,311.1,1405.0,54.1,193.0,0
0.0,299.0,308.6,1653.0,31.7,100.0,0
0.0,297.4,308.8,1353.0,49.4,188.0,0
2.0,301.1,311.0,1339.0,52.8,194.0,0
0.0,298.4,308.1,1367.0,57.8,92.0,0
0.0,301.8,310.6,1295.0,62.3,91.0,0
1.0,297.5,309.4,1678.0,34.4,148.0,0
1.0,301.9,310.8,1557.0,35.3,65.0,0
0.0,297.9,307.8,1499.0,37.5,78.0,0
0.0,302.3,311.9,1434.0,51.9,173.0,0
1.0,297.5,309.2,1347.0,55.8,188.0,0
0.0,297.4,308.6,1680.0,32.8,200.0,0
0.0,298.0,309.2,1527.0,32.4,99.0,0
0.0,301.4,310.7,1487.0,44.6,88.0,0
0.0,299.9,309.2,1333.0,50.8,61.0,0
1.0,298.9,309.9,1501.0,37.1,70.0,0
1.0,303.6,313.0,1396.0,38.2,117.0,0
0.0,298.6,309.6,1390.0,50.3,196.0,0
0.0,301.0,310.9,1568.0,38.2,172.0,0
0.0,303.6,313.0,1522.0,35.8,133.0,0
0.0,298.8,309.7,1424.0,49.6,129.0,0
0.0,301.5,310.6,1374.0,46.7,32.0,0
0.0,300.3,310.6,1433.0,53.8,86.0,0
1.0,298.5,308.3,1381.0,50.5,22.0,0
0.0,298.1,307.7,1523.0,37.7,80.0,0
0.0,298.3,309.4,1618.0,31.5,108.0,0
0.0,301.0,311.9,1454.0,41.9,33.0,0
1.0,303.5,312.7,1402.0,47.0,23.0,0
1.0,299.7,310.5,1492.0,39.3,131.0,0
2.0,301.6,310.6,1555.0,40.4,139.0,0
0.0,299.3,308.8,1603.0,33.9,203.0,0
0.0,300.8,309.7,1481.0,38.1,153.0,0
2.0,303.3,311.8,1649.0,29.4,49.0,0
0.0,299.9,309.6,1294.0,49.7,126.0,0
0.0,302.4,310.2,1642.0,28.3,88.0,0
0.0,301.2,310.8,1711.0,28.9,38.0,0
0.0,296.4,307.4,1512.0,36.8,46.0,0
0.0,300.9,309.7,2355.0,14.4,201.0,0
2.0,298.9,308.4,1449.0,42.4,149.0,0
0.0,303.7,312.4,1525.0,43.9,188.0,0
0.0,299.1,308.5,1455.0,39.8,145.0,0
0.0,298.7,310.1,1401.0,45.3,67.0,0
0.0,298.4,309.2,1651.0,28.5,141.0,0
0.0,298.0,307.6,1694.0,29.1,169.0,0
1.0,301.2,310.3,1357.0,54.5,49.0,0
0.0,302.5,310.4,1415.0,48.2,117.0,0
0.0,300.5,309.9,1503.0,37.4,175.0,0
1.0,298.0,308.2,2090.0,19.0,143.0,0
0.0,299.6,309.1,1641.0,35.8,81.0,0
0.0,300.3,311.7,1579.0,33.6,59.0,0
0.0,296.5,307.4,1292.0,52.5,62.0,0
1.0,300.8,309.7,1258.0,54.9,168.0,0
1.0,301.0,312.2,1499.0,41.5,140.0,0
0.0,297.0,307.9,1635.0,31.6,147.0,0
0.0,298.2,308.4,1512.0,34.9,181.0,0
0.0,301.5,310.9,1451.0,40.6,0.0,0
1.0,297.7,307.2,1372.0,52.8,33.0,0
1.0,302.0,311.1,1769.0,26.0,10.0,0
0.0,301.8,310.6,1452.0,48.4,110.0,0
0.0,298.5,309.4,1517.0,40.2,45.0,0
1.0,304.2,313.4,1411.0,54.8,44.0,0
1.0,297.6,308.9,1433.0,43.2,206.0,0
1.0,304.0,313.1,1450.0,42.8,101.0,0
0.0,301.8,311.3,1551.0,35.8,61.0,0
0.0,303.5,312.9,1504.0,44.8,111.0,0
0.0,301.0,312.1,1585.0,32.3,50.0,0
0.0,300.5,310.5,2633.0,12.2,17.0,1
0.0,298.3,308.9,1348.0,55.5,102.0,0
1.0,302.1,310.9,1916.0,23.1,51.0,0
0.0,297.5,308.9,1427.0,44.7,135.0,0
0.0,300.0,311.4,1634.0,31.9,0.0,0
0.0,300.0,309.5,1869.0,22.7,49.0,0
1.0,298.5,309.5,1366.0,61.9,130.0,0
0.0,297.6,308.6,1382.0,47.1,11.0,0
1.0,298.0,307.6,1508.0,41.8,89.0,0
2.0,299.7,310.3,1462.0,40.4,19.0,0
2.0,296.6,307.4,1406.0,41.5,189.0,0
1.0,302.0,311.2,1625.0,30.7,189.0,0
0.0,300.1,311.4,1660.0,31.4,38.0,0
0.0,298.1,307.7,1705.0,29.1,109.0,0
2.0,300.8,311.9,1431.0,48.5,25.0,0
0.0,302.4,311.8,1476.0,46.6,110.0,0
1.0,301.5,310.6,1492.0,43.0,100.0,0
0.0,300.2,311.7,1640.0,30.8,191.0,0
1.0,302.2,311.5,1734.0,25.0,116.0,0
0.0,297.8,308.5,1699.0,27.8,199.0,0
0.0,301.4,310.6,1634.0,31.1,171.0,0
0.0,301.7,311.0,1474.0,42.6,164.0,0
0.0,298.1,307.9,1665.0,32.0,7.0,0
0.0,303.5,313.0,1465.0,41.0,56.0,0
2.0,299.3,310.0,1373.0,44.8,221.0,0
0.0,300.8,311.7,1753.0,29.0,8.0,0
0.0,303.3,311.2,1763.0,27.3,27.0,0
0.0,297.7,308.9,1838.0,27.3,99.0,0
2.0,299.6,311.0,1714.0,30.2,128.0,0
1.0,298.0,307.7,1487.0,41.3,160.0,0
0.0,300.0,311.5,1601.0,36.9,35.0,0
0.0,299.5,309.4,1563.0,41.5,183.0,0
0.0,299.9,310.2,1288.0,69.6,62.0,1
1.0,302.4,310.5,1500.0,36.7,164.0,0
2.0,299.3,309.0,1425.0,40.6,123.0,0
0.0,299.7,309.6,1512.0,36.2,172.0,0
0.0,298.9,310.1,1944.0,23.4,192.0,0
1.0,299.5,311.0,1451.0,43.3,136.0,0
1.0,301.4,310.8,1738.0,30.3,104.0,0
1.0,300.7,309.5,1622.0,30.5,14.0,0
1.0,300.7,309.5,1445.0,46.4,24.0,0
1.0,300.8,310.8,1461.0,41.3,53.0,0
0.0,300.5,309.3,1465.0,46.0,89.0,0
0.0,297.4,308.5,1410.0,43.9,47.0,0
1.0,303.5,312.3,1593.0,35.2,29.0,0
1.0,300.5,311.9,1875.0,22.1,100.0,0
1.0,300.1,311.1,1616.0,35.2,183.0,0
0.0,302.5,311.4,1759.0,24.6,124.0,0
1.0,297.5,308.6,1486.0,45.9,78.0,0
1.0,301.8,310.8,1619.0,31.0,76.0,0
0.0,297.2,308.3,1569.0,31.2,63.0,0
0.0,300.5,310.7,1606.0,33.5,121.0,0
1.0,299.2,308.4,1476.0,32.7,101.0,0
0.0,300.4,311.3,1608.0,35.1,114.0,0
0.0,299.2,308.3,1410.0,43.0,26.0,0
0.0,300.4,311.0,1802.0,26.0,197.0,0
0.0,302.8,312.1,1418.0,51.4,54.0,0
0.0,301.8,310.2,2825.0,5.8,215.0,1
0.0,298.6,309.4,1440.0,48.2,136.0,0
0.0,300.7,312.1,1498.0,44.0,155.0,0
0.0,300.9,310.8,1708.0,29.1,14.0,0
0.0,300.7,311.1,2478.0,13.4,170.0,1
0.0,300.9,312.4,1364.0,52.5,125.0,0
0.0,301.4,310.6,1347.0,53.3,104.0,0
1.0,303.8,312.5,1366.0,45.1,143.0,0
0.0,303.4,311.6,1712.0,30.1,182.0,0
1.0,298.9,310.1,1313.0,56.8,171.0,0
0.0,302.0,311.2,1434.0,44.9,15.0,0
0.0,302.9,312.2,1571.0,40.6,139.0,0
0.0,299.9,311.0,1747.0,27.6,177.0,0
0.0,302.6,310.3,1642.0,33.2,82.0,0
2.0,300.8,310.6,1465.0,44.1,136.0,0
1.0,298.9,308.9,1727.0,27.1,37.0,0
0.0,302.4,310.6,1445.0,40.3,162.0,0
0.0,301.0,310.0,1480.0,43.5,21.0,0
0.0,303.7,312.3,1922.0,23.1,193.0,0
0.0,300.4,311.4,1936.0,23.9,131.0,0
0.0,303.7,312.7,1572.0,37.2,192.0,0
1.0,303.4,312.9,1307.0,54.3,68.0,0
0.0,302.2,310.6,1386.0,50.0,132.0,0
0.0,298.0,308.6,1430.0,57.0,43.0,0
1.0,298.8,308.5,1711.0,28.5,140.0,0
0.0,298.9,310.5,1640.0,29.2,195.0,0
0.0,298.3,309.0,1519.0,40.0,96.0,0
0.0,299.2,308.6,1582.0,38.8,156.0,0
0.0,298.4,310.1,1533.0,35.2,92.0,0
0.0,301.4,310.5,1633.0,39.5,0.0,0
0.0,302.4,311.8,1648.0,30.0,122.0,0
0.0,296.9,307.8,1605.0,37.0,84.0,0
0.0,301.4,310.7,1657.0,28.7,108.0,0
0.0,298.3,308.1,1672.0,41.3,0.0,0
1.0,304.3,313.3,1540.0,39.0,14.0,0
0.0,297.4,309.2,1274.0,54.3,121.0,0
2.0,303.1,312.6,1404.0,40.6,152.0,0
0.0,299.2,308.9,1342.0,50.8,195.0,0
0.0,297.8,307.4,1355.0,45.8,60.0,0
0.0,299.3,310.5,1281.0,59.8,15.0,0
0.0,300.3,309.6,1568.0,39.6,85.0,0
0.0,302.7,312.4,1444.0,48.7,9.0,0
1.0,303.7,312.8,1634.0,33.8,63.0,0
0.0,298.6,310.0,1517.0,39.0,4.0,0
1.0,295.7,306.3,1347.0,50.4,46.0,0
0.0,298.5,309.5,1738.0,25.2,49.0,0
0.0,300.7,309.6,1505.0,34.9,7.0,0
1.0,298.2,307.8,1583.0,36.6,185.0,0
0.0,303.2,311.5,1544.0,42.5,227.0,0
0.0,302.3,310.9,1587.0,36.6,20.0,0
0.0,301.5,310.8,1382.0,52.4,165.0,0
0.0,301.9,311.0,1642.0,33.1,126.0,0
0.0,297.4,308.4,1394.0,50.1,213.0,0
1.0,298.5,309.6,1364.0,58.7,123.0,0
0.0,301.5,310.8,1785.0,25.5,120.0,0
1.0,298.9,309.0,1924.0,22.6,193.0,0
0.0,297.6,308.9,1449.0,47.7,209.0,0
1.0,302.6,311.0,1329.0,48.6,111.0,1
0.0,297.3,308.0,1447.0,49.0,61.0,0
2.0,299.0,309.0,1436.0,43.9,20.0,0
0.0,298.2,307.9,1399.0,54.9,139.0,0
1.0,302.6,311.6,2041.0,19.2,174.0,0
1.0,300.4,310.6,1545.0,35.6,16.0,0
0.0,298.4,307.9,1981.0,23.2,16.0,0
0.0,298.4,308.6,1304.0,45.0,158.0,0
1.0,298.6,309.1,1487.0,43.2,206.0,0
2.0,299.7,309.3,1494.0,37.8,214.0,0
0.0,301.5,310.7,1618.0,35.5,218.0,0
0.0,299.1,308.3,1533.0,42.4,48.0,0
0.0,303.4,312.7,1589.0,34.0,116.0,0
0.0,301.1,311.1,1508.0,41.5,184.0,0
2.0,300.1,309.3,1448.0,45.8,163.0,0
1.0,297.6,308.5,1466.0,39.7,34.0,0
0.0,298.8,308.8,1991.0,20.7,59.0,0
1.0,298.8,309.7,2098.0,19.0,133.0,0
0.0,302.9,312.2,1605.0,33.9,86.0,0
0.0,303.3,311.4,1510.0,37.3,36.0,0
0.0,297.2,308.7,1463.0,49.9,146.0,0
0.0,301.3,310.8,1450.0,46.9,59.0,0
0.0,300.3,309.2,1572.0,32.0,173.0,0
0.0,298.1,307.8,1432.0,49.8,198.0,0
0.0,302.4,310.2,1503.0,36.2,166.0,0
1.0,300.0,309.6,1618.0,36.2,53.0,0
1.0,302.4,310.1,1577.0,35.8,136.0,0
1.0,300.7,309.6,1473.0,48.1,87.0,0
0.0,298.1,307.8,1379.0,49.1,135.0,0
1.0,298.1,308.9,1804.0,25.1,118.0,0
0.0,297.4,309.3,1332.0,53.2,115.0,0
0.0,300.7,309.6,1661.0,30.3,129.0,0
2.0,299.6,310.9,1679.0,31.2,120.0,0
2.0,297.5,308.5,1557.0,39.1,47.0,0
0.0,301.9,310.9,1567.0,39.0,214.0,1
0.0,297.3,308.1,1642.0,36.9,206.0,0
0.0,297.3,308.6,1297.0,45.9,184.0,0
0.0,301.6,310.9,1492.0,45.2,155.0,0
0.0,301.0,311.0,1581.0,37.0,127.0,0
0.0,303.3,312.5,1968.0,20.6,130.0,0
0.0,300.6,309.5,1471.0,49.6,29.0,0
1.0,300.8,311.4,1521.0,39.9,15.0,0
0.0,300.9,310.8,1571.0,39.9,51.0,0
2.0,298.8,309.8,1563.0,38.8,65.0,0
1.0,298.8,308.7,1446.0,45.5,49.0,0
1.0,298.2,308.7,1599.0,36.2,28.0,0
0.0,299.2,310.3,1352.0,48.9,238.0,1
0.0,298.7,309.5,1673.0,30.8,141.0,0
0.0,301.4,310.8,1490.0,38.0,168.0,0
0.0,300.1,309.6,1565.0,34.8,32.0,0
0.0,298.3,309.2,1562.0,37.6,137.0,0
1.0,303.1,312.4,1378.0,50.1,104.0,0
0.0,298.2,308.4,1666.0,34.6,74.0,0
0.0,299.3,309.2,1511.0,37.2,129.0,0
0.0,302.8,310.9,1312.0,52.2,40.0,1
1.0,301.5,310.4,2639.0,12.0,21.0,1
0.0,298.7,309.9,1541.0,38.5,208.0,0
0.0,301.1,311.3,1498.0,37.6,11.0,0
0.0,298.0,307.5,1644.0,32.8,215.0,0
0.0,300.4,309.7,1488.0,35.7,177.0,0
2.0,301.0,311.3,1597.0,39.2,66.0,0
0.0,297.7,309.2,1365.0,58.6,170.0,0
0.0,303.0,311.2,1511.0,45.7,184.0,0
0.0,298.8,308.1,1472.0,53.5,28.0,0
1.0,301.7,310.6,1691.0,27.7,105.0,0
0.0,301.2,312.3,1528.0,38.4,85.0,0
0.0,301.7,310.8,1385.0,50.7,133.0,0
0.0,299.9,311.3,1371.0,52.3,167.0,0
0.0,299.2,310.3,1429.0,40.1,23.0,0
0.0,301.5,310.4,1543.0,34.0,55.0,0
0.0,298.8,308.7,1450.0,43.4,66.0,0
1.0,300.2,310.2,1438.0,51.5,7.0,0
0.0,297.6,309.0,1491.0,43.2,7.0,0
0.0,302.3,311.0,1428.0,47.9,174.0,0
1.0,301.1,310.7,2636.0,12.2,100.0,1
0.0,296.2,307.1,1441.0,41.7,3.0,0
0.0,298.7,309.2,1396.0,44.8,178.0,0
0.0,304.1,313.4,1399.0,43.7,111.0,0
0.0,298.1,310.0,1534.0,33.7,47.0,0
2.0,298.5,309.4,1573.0,36.0,97.0,0
1.0,303.0,312.7,1426.0,46.8,99.0,0
1.0,297.6,308.4,1398.0,48.9,63.0,0
0.0,301.3,310.6,1521.0,36.3,166.0,0
0.0,297.4,308.5,1569.0,34.2,72.0,0
0.0,303.2,312.6,1601.0,35.3,148.0,0
1.0,299.6,310.6,1633.0,34.2,151.0,0
0.0,301.0,310.9,1570.0,34.0,192.0,0
2.0,300.1,311.5,1383.0,49.1,33.0,0
0.0,300.8,311.9,1486.0,45.1,30.0,0
1.0,297.6,308.3,1467.0,36.7,68.0,0
0.0,301.8,310.9,1609.0,31.7,202.0,0
0.0,300.2,311.7,1603.0,30.5,176.0,0
0.0,301.8,311.0,1771.0,27.2,162.0,0
2.0,297.7,308.2,1526.0,40.1,165.0,0
1.0,303.6,312.8,2659.0,11.4,26.0,1
0.0,297.9,307.8,1459.0,46.9,85.0,0
0.0,303.8,312.9,1619.0,35.7,182.0,0
0.0,298.1,307.6,1460.0,46.5,143.0,0
0.0,300.7,310.1,1721.0,32.3,170.0,0
0.0,300.7,309.3,1580.0,38.3,102.0,0
1.0,302.4,310.9,1469.0,41.6,124.0,0
1.0,297.3,308.8,1447.0,57.4,134.0,0
0.0,297.9,309.1,1595.0,32.0,32.0,0
0.0,298.8,309.1,1489.0,49.1,128.0,0
0.0,298.5,309.8,1593.0,35.1,203.0,0
1.0,302.4,310.1,1520.0,36.6,97.0,0
2.0,299.6,309.1,1630.0,32.3,194.0,0
0.0,299.6,309.1,2266.0,15.3,79.0,0
0.0,299.0,310.2,1575.0,37.8,42.0,0
0.0,302.7,310.5,1263.0,67.8,197.0,1
0.0,299.1,308.3,1305.0,61.4,17.0,0
0.0,302.4,310.2,1445.0,46.4,125.0,0
0.0,300.6,309.5,1516.0,39.0,142.0,0
0.0,296.9,307.7,1424.0,43.3,120.0,0
0.0,302.8,312.4,1523.0,39.7,239.0,0
1.0,303.0,311.2,1387.0,41.4,100.0,0
1.0,302.6,312.1,2000.0,21.9,200.0,0
0.0,297.0,307.9,1595.0,31.7,170.0,0
0.0,303.8,312.9,1514.0,34.3,180.0,0
1.0,302.3,311.7,1486.0,39.6,147.0,0
0.0,298.0,308.2,1611.0,30.6,195.0,0
0.0,300.7,310.1,1542.0,35.5,191.0,0
0.0,297.4,308.6,1532.0,38.7,136.0,0
2.0,299.0,310.4,1677.0,30.8,73.0,0
1.0,298.6,309.6,1397.0,54.1,47.0,0
0.0,303.7,312.3,1375.0,46.2,98.0,0
0.0,303.6,312.9,1588.0,31.9,53.0,0
2.0,300.9,312.0,2129.0,17.8,173.0,0
0.0,299.4,309.1,1464.0,40.5,215.0,0
1.0,303.0,311.1,1372.0,54.3,117.0,1
0.0,299.2,308.8,1405.0,51.4,183.0,0
1.0,301.5,310.5,1503.0,38.2,200.0,0
0.0,300.0,309.9,1608.0,33.4,76.0,0
0.0,298.3,308.5,1362.0,53.8,164.0,0
1.0,298.8,309.3,1618.0,35.1,173.0,0
0.0,301.4,310.5,1380.0,48.4,131.0,0
0.0,303.6,313.0,1534.0,39.7,115.0,0
0.0,300.0,309.4,2010.0,20.0,55.0,0
0.0,302.4,310.2,1331.0,45.5,53.0,1
0.0,300.5,311.9,1431.0,49.4,37.0,0
1.0,299.3,309.0,1496.0,43.4,67.0,0
1.0,303.9,313.3,1567.0,35.0,168.0,0
1.0,300.2,311.6,1510.0,47.5,146.0,0
2.0,297.4,308.7,1349.0,48.9,120.0,0
0.0,302.5,311.6,1400.0,54.0,196.0,0
0.0,301.6,310.7,1457.0,40.4,213.0,0
0.0,297.8,307.5,1448.0,51.2,107.0,0
0.0,300.3,311.7,1571.0,31.2,123.0,0
0.0,299.0,310.4,1483.0,41.5,96.0,0
2.0,303.4,312.3,1522.0,42.1,62.0,0
1.0,299.7,308.9,1478.0,41.0,87.0,0
0.0,297.3,308.7,1556.0,36.7,114.0,0
2.0,297.2,308.4,2182.0,17.3,119.0,0
2.0,300.8,310.5,1582.0,31.1,193.0,0
0.0,302.0,310.4,1357.0,58.0,108.0,1
0.0,300.5,312.0,1478.0,39.0,153.0,0
0.0,301.0,312.1,1675.0,30.7,200.0,0
1.0,297.4,308.7,1582.0,31.9,161.0,0
1.0,302.2,311.5,1479.0,39.5,36.0,0
2.0,302.2,311.1,1476.0,39.6,96.0,0
0.0,300.3,311.1,1676.0,28.6,158.0,0
2.0,296.4,307.5,1403.0,52.8,94.0,0
2.0,301.9,311.0,1430.0,49.8,174.0,0
0.0,301.0,310.8,1549.0,41.4,121.0,0
0.0,300.7,311.0,1312.0,52.1,107.0,0
1.0,298.0,308.7,1392.0,53.4,104.0,0
2.0,302.5,311.8,2370.0,14.7,198.0,0
0.0,302.6,311.6,1453.0,37.0,135.0,0
0.0,303.6,312.6,1606.0,33.6,184.0,0
0.0,297.6,308.3,1595.0,34.3,41.0,0
0.0,297.2,308.5,2182.0,16.5,127.0,0
2.0,297.4,308.7,1429.0,37.6,118.0,0
0.0,300.4,310.5,2424.0,14.5,12.0,0
0.0,302.4,310.8,1686.0,28.8,150.0,0
1.0,301.8,311.1,1395.0,44.6,171.0,0
0.0,301.0,310.9,1296.0,54.9,69.0,0
1.0,296.0,306.6,1392.0,51.3,124.0,0
0.0,299.2,310.3,1507.0,41.3,158.0,0
0.0,301.6,310.4,1517.0,41.1,167.0,0
0.0,297.4,308.7,1510.0,36.2,92.0,0
2.0,302.0,309.9,1447.0,42.8,185.0,0
0.0,303.5,312.7,1393.0,49.3,82.0,0
1.0,299.9,309.2,1389.0,51.2,185.0,0
0.0,300.8,310.9,1732.0,25.7,109.0,0
1.0,298.4,308.2,1584.0,41.0,191.0,0
2.0,300.6,309.4,1555.0,37.9,24.0,0
1.0,300.2,310.3,1704.0,29.2,42.0,0
0.0,301.6,310.5,1397.0,49.4,104.0,0
0.0,299.8,309.2,1504.0,38.7,212.0,0
0.0,298.5,309.4,1911.0,21.5,164.0,0
1.0,297.7,308.9,1573.0,35.1,9.0,0
1.0,299.7,309.3,1399.0,41.9,221.0,1
1.0,303.5,312.9,1883.0,23.3,100.0,0
0.0,300.5,309.8,1367.0,54.0,129.0,0
0.0,301.9,310.4,1376.0,54.9,126.0,1
0.0,299.8,311.1,1820.0,24.9,174.0,0
0.0,302.5,311.9,1265.0,59.8,119.0,0
1.0,299.0,309.7,1489.0,40.7,212.0,0
0.0,298.4,308.5,1741.0,32.8,112.0,0
1.0,300.9,310.0,1600.0,36.0,204.0,0
1.0,300.5,311.8,1331.0,55.3,167.0,0
0.0,297.7,307.2,1518.0,35.8,195.0,0
2.0,300.7,309.6,1403.0,51.3,174.0,0
0.0,299.3,308.6,1474.0,49.6,191.0,0
0.0,298.3,309.5,1542.0,36.7,134.0,0
0.0,298.2,307.8,1528.0,31.1,194.0,0
0.0,299.0,308.6,1378.0,47.8,163.0,0
2.0,297.9,308.9,1416.0,39.6,45.0,0
0.0,297.2,308.6,1500.0,37.1,161.0,0
0.0,301.7,310.9,1636.0,31.3,42.0,0
0.0,298.9,308.7,1356.0,50.7,185.0,0
1.0,303.2,311.2,1688.0,31.9,33.0,0
2.0,301.2,310.7,1656.0,26.2,64.0,0
0.0,299.8,311.1,1300.0,64.2,165.0,0
0.0,303.5,312.4,1390.0,47.3,164.0,0
1.0,301.7,310.8,1594.0,32.4,204.0,0
0.0,299.6,310.9,1658.0,28.0,76.0,0
1.0,296.9,307.8,1840.0,24.6,157.0,0
1.0,302.8,310.8,1451.0,44.7,32.0,0
0.0,298.8,309.9,1525.0,39.7,77.0,0
0.0,302.3,311.3,1652.0,32.8,108.0,0
0.0,296.8,307.6,1588.0,37.6,126.0,0
0.0,300.2,309.5,1729.0,28.4,131.0,0
0.0,300.0,311.1,1425.0,47.8,179.0,0
1.0,296.2,306.8,1526.0,42.3,129.0,0
0.0,300.6,310.9,1472.0,47.6,75.0,0
0.0,297.9,309.0,1456.0,46.5,52.0,0
1.0,299.7,309.1,1576.0,36.4,149.0,0
1.0,300.2,311.6,1751.0,28.0,162.0,0
2.0,301.0,312.2,1489.0,40.3,117.0,0
0.0,300.4,311.2,1673.0,28.9,171.0,0
0.0,302.4,311.1,1448.0,44.8,195.0,0
0.0,300.8,310.7,1525.0,39.4,175.0,0
1.0,297.4,308.5,1497.0,36.4,56.0,0
0.0,303.9,312.7,1800.0,24.3,158.0,0
0.0,303.4,311.8,1499.0,45.0,16.0,0
0.0,301.5,310.6,1394.0,46.5,206.0,0
0.0,303.5,312.0,1756.0,29.7,28.0,0
1.0,302.6,311.1,1520.0,43.0,88.0,0
0.0,297.7,308.5,1373.0,56.7,203.0,1
0.0,300.7,309.5,1685.0,31.1,27.0,0
2.0,299.9,309.6,1410.0,51.2,98.0,0
1.0,300.2,309.5,1642.0,28.8,92.0,0
1.0,301.5,310.4,1593.0,36.8,50.0,0
0.0,296.2,307.0,1414.0,48.3,162.0,0
1.0,297.7,309.0,1656.0,33.2,20.0,0
0.0,298.2,307.8,1355.0,51.3,70.0,0
0.0,298.4,308.0,1380.0,47.6,130.0,0
0.0,297.5,308.7,1761.0,26.2,164.0,0
1.0,297.3,308.6,1584.0,29.4,141.0,0
0.0,302.1,311.2,1422.0,50.3,146.0,0
0.0,297.3,308.3,1333.0,55.2,11.0,0
1.0,298.8,309.0,1592.0,38.2,169.0,0
0.0,299.3,310.9,1669.0,32.4,5.0,0
1.0,303.8,313.2,1732.0,29.6,147.0,0
0.0,300.6,310.7,1455.0,40.6,82.0,0
1.0,301.0,310.7,1657.0,29.9,148.0,0
1.0,299.6,311.1,1649.0,33.8,133.0,0
1.0,299.8,309.4,1423.0,42.9,124.0,0
0.0,300.7,311.7,1910.0,19.7,13.0,0
2.0,300.8,310.3,1777.0,30.1,38.0,0
2.0,298.2,309.0,1371.0,55.7,23.0,0
0.0,303.8,312.9,1367.0,49.9,192.0,0
2.0,300.9,312.0,1720.0,27.9,202.0,0
1.0,302.5,312.0,1436.0,43.5,184.0,0
0.0,299.1,308.3,1325.0,46.9,28.0,0
1.0,303.0,312.5,1524.0,42.1,76.0,0
0.0,302.3,311.2,1401.0,49.7,118.0,0
0.0,302.6,310.5,1596.0,32.8,193.0,0
0.0,300.5,309.3,1417.0,51.5,231.0,1
0.0,301.7,311.3,1421.0,45.9,85.0,0
1.0,298.8,309.9,1331.0,61.6,46.0,0
1.0,300.8,310.3,1458.0,43.4,0.0,0
0.0,300.1,309.3,1340.0,56.0,130.0,0
0.0,299.5,309.1,1357.0,47.3,106.0,0
0.0,302.9,312.2,1367.0,55.1,50.0,0
0.0,301.1,311.2,1910.0,20.2,41.0,0
1.0,300.2,311.7,1597.0,39.5,68.0,0
0.0,303.2,311.2,1404.0,50.9,31.0,0
0.0,303.1,311.2,1452.0,52.9,11.0,0
0.0,297.3,308.1,1615.0,35.4,217.0,1
0.0,303.6,312.3,1451.0,43.4,119.0,0
0.0,303.9,313.2,1540.0,44.4,119.0,0
1.0,300.7,311.7,1504.0,36.9,229.0,0
2.0,298.4,307.9,1948.0,21.4,136.0,0
1.0,300.7,310.5,1863.0,22.2,111.0,0
0.0,300.7,311.8,1486.0,47.3,19.0,0
0.0,301.2,311.1,1550.0,39.7,20.0,0
2.0,300.5,311.7,1454.0,50.3,175.0,0
1.0,297.9,307.6,1505.0,40.1,166.0,0
0.0,299.9,309.2,1491.0,44.3,214.0,0
0.0,301.1,310.1,1457.0,39.6,215.0,0
1.0,297.3,308.5,1524.0,49.3,176.0,0
0.0,298.4,308.1,1598.0,32.7,94.0,0
0.0,300.1,309.8,1532.0,39.8,115.0,0
0.0,302.2,311.4,2080.0,19.2,31.0,0
0.0,303.1,311.2,1626.0,32.3,21.0,0
0.0,299.5,309.3,1941.0,22.5,18.0,0
0.0,300.6,309.7,1593.0,32.4,76.0,0
0.0,298.9,309.8,1390.0,49.9,21.0,0
1.0,297.5,309.5,1553.0,42.4,60.0,0
1.0,301.0,309.6,1397.0,48.0,135.0,0
1.0,298.8,310.2,1581.0,37.5,75.0,0
0.0,301.8,311.2,1334.0,52.3,68.0,0
0.0,300.1,309.7,1362.0,49.1,23.0,0
2.0,304.2,313.0,1442.0,40.9,23.0,0
0.0,301.8,310.8,1576.0,38.6,38.0,0
0.0,303.0,311.2,1601.0,32.9,69.0,0
0.0,299.1,310.6,1796.0,26.0,90.0,0
0.0,300.5,311.6,1447.0,45.4,204.0,0
0.0,302.8,312.4,1651.0,27.0,200.0,0
0.0,300.3,309.6,1593.0,38.1,140.0,0
2.0,297.5,308.7,1416.0,39.2,74.0,0
2.0,300.7,312.4,1457.0,47.2,74.0,0
1.0,302.3,311.8,1879.0,23.0,124.0,0
0.0,300.6,309.6,1426.0,53.6,66.0,0
0.0,300.3,309.4,1705.0,29.4,190.0,0
2.0,300.5,311.4,1679.0,27.5,59.0,0
0.0,301.1,310.2,1657.0,34.1,52.0,0
1.0,300.9,309.5,1758.0,26.8,116.0,0
1.0,303.0,311.2,1614.0,35.7,207.0,0
0.0,301.4,310.3,1639.0,32.7,171.0,0
1.0,296.9,307.9,2010.0,18.9,86.0,0
0.0,298.2,309.4,1443.0,45.4,187.0,0
0.0,302.7,310.5,1520.0,39.3,73.0,0
1.0,299.8,311.0,1948.0,20.0,185.0,0
0.0,298.2,307.9,1551.0,34.1,190.0,0
1.0,300.5,310.0,1580.0,37.0,181.0,0
0.0,303.8,312.5,1619.0,30.9,142.0,0
0.0,301.9,310.7,1480.0,47.1,68.0,0
1.0,302.2,310.5,1507.0,40.4,111.0,0
0.0,297.0,307.8,1500.0,39.9,175.0,0
0.0,296.9,307.8,1285.0,52.1,100.0,0
0.0,302.1,311.5,1987.0,20.1,21.0,0
0.0,299.3,310.8,1483.0,43.5,15.0,0
1.0,302.4,311.9,1439.0,36.6,212.0,0
1.0,300.8,311.9,1621.0,28.3,211.0,0
1.0,298.8,309.6,1692.0,31.9,167.0,0
1.0,297.9,307.5,1642.0,32.4,126.0,0
0.0,298.0,308.2,1348.0,58.8,202.0,1
0.0,298.1,309.4,1397.0,48.2,63.0,0
0.0,298.1,308.4,1592.0,38.2,211.0,0
1.0,299.0,310.6,1587.0,34.2,141.0,0
1.0,300.5,309.4,1877.0,23.8,31.0,0
2.0,301.9,310.8,1455.0,42.7,85.0,0
1.0,298.5,308.7,1367.0,47.3,47.0,0
1.0,297.2,307.9,1456.0,44.9,85.0,0
1.0,300.3,311.5,1540.0,41.5,151.0,0
1.0,297.6,308.7,1419.0,41.7,81.0,0
0.0,299.5,309.1,1502.0,44.6,13.0,0
1.0,297.8,309.8,1798.0,25.5,203.0,0
0.0,297.8,307.2,1351.0,56.3,174.0,0
2.0,301.6,311.2,1395.0,46.8,95.0,0
0.0,300.3,310.5,1522.0,39.1,217.0,0
0.0,302.4,310.3,1374.0,51.2,163.0,1
1.0,299.4,308.6,1455.0,42.7,183.0,0
0.0,299.2,308.5,1488.0,40.3,148.0,0
0.0,301.9,311.0,1455.0,46.0,29.0,0
0.0,301.8,309.6,1443.0,42.7,231.0,0
1.0,302.3,310.1,1731.0,33.4,112.0,0
2.0,298.4,308.2,1987.0,19.8,198.0,0
0.0,300.7,310.8,1563.0,33.8,104.0,0
0.0,300.7,309.5,1592.0,29.0,17.0,0
1.0,296.6,307.5,1566.0,35.0,201.0,0
1.0,298.9,309.9,1645.0,31.4,86.0,0
1.0,300.5,311.4,1312.0,51.4,60.0,0
2.0,298.4,308.2,1612.0,32.6,10.0,0
0.0,303.7,312.8,1543.0,38.3,61.0,0
0.0,301.0,311.0,1634.0,31.2,182.0,0
1.0,299.5,309.2,1495.0,41.6,17.0,0
0.0,300.7,310.2,1286.0,64.9,160.0,0
0.0,302.2,311.1,1418.0,47.0,61.0,0
0.0,301.8,310.0,1393.0,44.9,208.0,0
0.0,303.8,312.5,1372.0,45.7,180.0,0
0.0,302.4,311.7,1495.0,36.8,215.0,0
1.0,300.3,309.3,1391.0,57.9,204.0,0
1.0,300.7,311.0,1740.0,25.6,176.0,0
2.0,300.1,309.4,1563.0,40.8,28.0,0
0.0,298.5,309.5,1294.0,66.7,12.0,1
0.0,300.1,311.5,1471.0,47.2,201.0,0
2.0,302.0,309.8,1280.0,57.3,147.0,1
0.0,303.5,313.0,1322.0,59.5,71.0,0
1.0,303.9,313.0,1901.0,22.5,110.0,0
0.0,302.5,312.0,1383.0,51.3,190.0,0
0.0,300.9,310.5,2288.0,16.1,85.0,0
2.0,298.6,309.8,1279.0,55.9,152.0,0
0.0,303.9,312.8,1419.0,47.9,196.0,0
1.0,298.7,309.8,1475.0,40.5,59.0,0
0.0,301.8,310.7,1751.0,29.3,133.0,0
1.0,300.5,311.6,1577.0,36.5,4.0,0
0.0,299.3,309.1,1551.0,39.1,147.0,0
0.0,303.7,312.8,1627.0,31.7,40.0,0
2.0,302.0,309.9,1606.0,34.5,156.0,0
0.0,299.1,310.5,1329.0,54.9,58.0,0
0.0,297.5,308.7,1371.0,46.5,121.0,0
2.0,302.2,311.6,1534.0,37.2,41.0,0
0.0,300.0,309.4,1308.0,50.2,32.0,0
2.0,303.4,312.2,1554.0,36.8,85.0,0
0.0,302.1,311.3,1758.0,24.4,200.0,0
0.0,298.9,310.2,1498.0,50.2,160.0,0
0.0,301.4,311.0,1334.0,53.3,157.0,0
0.0,300.1,311.3,2579.0,12.5,64.0,1
0.0,303.1,312.6,1514.0,42.1,138.0,0
0.0,298.7,309.9,1371.0,51.3,201.0,0
0.0,302.0,310.8,1948.0,19.7,66.0,0
0.0,302.7,312.1,1543.0,37.5,33.0,0
0.0,298.2,308.0,1411.0,42.4,48.0,0
0.0,298.0,308.9,1390.0,53.9,88.0,0
1.0,302.0,310.4,1828.0,26.3,82.0,0
0.0,296.9,308.1,1422.0,48.7,215.0,0
0.0,298.2,307.7,1688.0,32.4,91.0,0
0.0,302.5,310.5,1507.0,39.5,147.0,0
1.0,297.1,308.1,1823.0,24.3,219.0,0
1.0,298.5,308.2,1564.0,37.5,15.0,0
1.0,302.3,310.8,1721.0,28.4,215.0,0
0.0,297.1,307.8,1406.0,60.4,133.0,0
1.0,301.1,311.2,1384.0,49.4,48.0,0
0.0,300.6,312.0,1670.0,29.4,134.0,0
0.0,298.2,308.9,1605.0,32.0,79.0,0
1.0,304.1,313.2,1510.0,46.9,152.0,0
0.0,300.0,309.5,1506.0,38.8,87.0,0
0.0,297.8,308.4,1737.0,27.5,146.0,0
1.0,300.8,310.9,1557.0,31.6,52.0,0
1.0,297.1,307.9,1609.0,38.9,166.0,0
1.0,301.3,311.1,1438.0,43.0,137.0,0
0.0,299.2,309.9,1516.0,41.4,219.0,0
0.0,297.1,308.5,1425.0,40.0,35.0,0
1.0,303.5,312.5,1353.0,51.0,172.0,0
0.0,302.3,311.1,1589.0,29.9,141.0,0
2.0,299.3,309.0,1508.0,35.0,70.0,0
0.0,299.2,308.5,1442.0,46.5,11.0,0
2.0,299.8,310.9,1427.0,47.2,168.0,0
0.0,297.5,308.9,1390.0,47.4,187.0,0
1.0,301.7,310.5,1625.0,35.9,121.0,0
0.0,301.4,310.7,1675.0,30.7,92.0,0
0.0,303.9,313.2,1481.0,40.0,100.0,0
0.0,300.4,309.7,1692.0,27.4,115.0,0
0.0,297.2,308.5,1446.0,43.7,171.0,0
0.0,298.2,309.1,1569.0,35.2,199.0,0
0.0,299.1,308.3,1524.0,34.1,128.0,0
0.0,300.8,309.8,1657.0,31.1,151.0,0
0.0,298.2,308.3,1400.0,48.7,194.0,0
0.0,303.8,312.7,1596.0,36.6,134.0,0
1.0,297.4,308.0,1601.0,34.6,181.0,0
0.0,300.8,309.6,1498.0,45.8,47.0,0
0.0,300.7,309.7,1507.0,52.4,163.0,0
1.0,296.8,307.8,1551.0,38.9,112.0,0
0.0,299.3,308.7,1536.0,38.9,94.0,0
2.0,302.4,311.1,1578.0,32.3,196.0,0
0.0,298.7,309.9,1483.0,32.8,142.0,0
1.0,298.9,308.7,1772.0,28.4,177.0,0
1.0,300.0,309.1,1474.0,45.2,152.0,0
1.0,298.4,308.5,1636.0,35.7,107.0,0
1.0,301.3,311.0,1495.0,40.8,148.0,0
0.0,297.8,309.3,2015.0,20.1,161.0,0
0.0,295.6,306.2,1823.0,25.8,29.0,0
1.0,298.2,308.9,1592.0,35.2,142.0,0
2.0,301.6,310.6,1400.0,49.5,211.0,0
0.0,302.6,311.6,1953.0,22.4,180.0,0
0.0,297.6,308.3,1478.0,42.3,193.0,0
0.0,300.3,311.7,1635.0,31.8,156.0,0
0.0,298.9,310.1,1602.0,38.2,58.0,0
0.0,303.3,311.3,1393.0,47.4,18.0,0
0.0,297.5,308.3,2564.0,12.8,127.0,1
0.0,298.7,308.4,1750.0,25.8,72.0,0
1.0,299.7,309.1,1508.0,41.2,152.0,0
0.0,297.6,308.6,1528.0,40.0,123.0,0
0.0,304.0,313.2,1584.0,38.7,104.0,0
0.0,298.4,309.7,1419.0,41.3,159.0,0
0.0,298.1,308.0,1697.0,31.0,164.0,0
1.0,302.2,310.6,1570.0,34.6,163.0,0
0.0,302.6,312.2,1377.0,45.5,54.0,0
0.0,301.5,310.9,1600.0,39.0,160.0,0
0.0,297.3,308.7,1592.0,34.4,158.0,0
1.0,298.4,309.7,1870.0,22.5,170.0,0
0.0,299.9,309.2,1436.0,52.0,107.0,0
0.0,297.8,308.4,1685.0,28.4,179.0,0
1.0,298.6,309.4,1407.0,45.1,176.0,0
0.0,299.7,310.2,1633.0,36.5,24.0,0
2.0,299.4,309.2,1513.0,36.1,212.0,0
0.0,303.6,312.2,1696.0,30.7,5.0,0
0.0,301.7,310.7,2023.0,20.9,5.0,0
0.0,298.8,309.5,1374.0,48.1,159.0,0
0.0,301.3,310.6,1387.0,53.6,94.0,0
1.0,301.1,310.6,1479.0,41.1,72.0,0
0.0,302.4,310.3,1480.0,45.8,123.0,0
0.0,296.9,307.9,1435.0,41.6,139.0,0
0.0,302.4,311.4,1564.0,35.0,122.0,0
0.0,299.0,308.6,1648.0,30.8,98.0,0
0.0,298.2,308.3,2051.0,19.2,90.0,0
1.0,298.0,309.0,1409.0,49.1,85.0,0
2.0,302.6,310.4,1409.0,53.3,52.0,0
0.0,297.4,308.5,1418.0,51.2,52.0,0
2.0,304.1,313.3,1689.0,32.5,134.0,0
0.0,298.4,309.3,1716.0,28.4,66.0,0
0.0,300.0,311.4,1487.0,41.2,22.0,0
1.0,296.8,307.4,1472.0,43.9,30.0,0
0.0,303.7,312.8,1448.0,44.5,55.0,0
2.0,296.9,307.8,1345.0,54.5,172.0,0
1.0,300.8,311.4,1852.0,22.2,53.0,0
2.0,300.9,310.7,1656.0,30.7,200.0,0
0.0,298.8,310.5,1384.0,52.8,200.0,0
0.0,299.8,310.4,1694.0,30.3,204.0,0
0.0,301.3,310.8,1432.0,54.4,51.0,0
0.0,298.4,309.3,1512.0,35.8,18.0,0
0.0,296.8,307.6,1398.0,46.7,144.0,0
0.0,301.6,310.1,1326.0,48.2,77.0,1
0.0,303.9,313.2,1481.0,44.1,197.0,0
0.0,300.9,310.9,1370.0,52.5,107.0,0
1.0,300.7,309.7,1435.0,44.7,76.0,0
1.0,298.3,309.0,1526.0,36.9,20.0,0
2.0,297.7,309.4,1608.0,30.2,135.0,0
0.0,298.4,309.3,1504.0,39.3,192.0,0
1.0,298.9,310.0,1456.0,43.8,15.0,0
1.0,299.7,310.5,1594.0,35.4,134.0,0
1.0,301.0,310.8,1533.0,39.3,194.0,0
2.0,299.5,310.8,1600.0,32.4,67.0,0
0.0,301.7,309.9,1524.0,46.6,104.0,0
0.0,303.9,313.0,1483.0,45.0,78.0,0
0.0,297.7,308.1,1734.0,30.7,177.0,0
2.0,302.2,311.6,1357.0,44.2,142.0,0
0.0,301.9,310.7,1370.0,50.3,20.0,0
0.0,298.6,309.8,1332.0,46.4,76.0,0
0.0,301.6,309.9,1397.0,43.7,102.0,0
0.0,302.5,311.9,1401.0,44.9,203.0,0
2.0,301.3,310.8,1434.0,39.5,18.0,0
1.0,299.8,309.4,1401.0,48.1,143.0,0
1.0,300.1,309.2,1732.0,33.7,218.0,0
0.0,303.4,312.3,1479.0,42.8,92.0,0
0.0,297.3,308.8,1554.0,36.1,70.0,0
1.0,297.8,309.7,1700.0,31.3,200.0,0
0.0,298.7,309.5,1446.0,40.0,160.0,0
1.0,298.3,309.1,1632.0,32.7,0.0,0
1.0,298.1,308.6,1551.0,42.8,0.0,0
2.0,302.3,310.2,1506.0,33.8,43.0,0
0.0,300.8,311.7,1490.0,46.4,217.0,0
1.0,300.2,310.3,1478.0,38.1,45.0,0
1.0,301.9,310.9,1441.0,43.7,0.0,0
0.0,301.3,310.8,1628.0,32.2,43.0,0
0.0,298.4,309.6,1477.0,35.6,101.0,0
1.0,297.9,307.7,1527.0,42.8,125.0,0
0.0,301.1,311.1,1889.0,23.8,170.0,0
1.0,296.1,307.1,1433.0,38.5,14.0,0
0.0,300.5,309.3,1373.0,48.8,211.0,0
1.0,298.8,310.5,1678.0,32.8,4.0,0
0.0,300.6,309.6,1409.0,42.4,57.0,0
0.0,297.5,308.2,1563.0,38.2,15.0,0
0.0,295.9,306.6,1679.0,30.4,117.0,0
0.0,297.8,307.2,1880.0,23.0,176.0,0
0.0,300.4,309.5,1711.0,29.2,215.0,0
0.0,300.5,311.9,1546.0,39.4,203.0,0
0.0,301.5,310.6,1565.0,43.9,142.0,0
2.0,300.8,312.1,1527.0,35.1,164.0,0
0.0,298.9,310.2,1359.0,56.9,166.0,0
1.0,302.4,310.7,1521.0,40.4,152.0,0
0.0,300.0,311.5,1812.0,28.3,94.0,0
0.0,303.5,311.9,1493.0,38.7,14.0,0
0.0,300.3,311.1,1606.0,30.9,156.0,0
0.0,303.7,312.7,1540.0,44.8,196.0,0
1.0,297.6,308.6,1482.0,38.3,39.0,0
1.0,298.8,309.7,1499.0,40.3,154.0,0
1.0,298.3,308.4,1539.0,43.4,69.0,0
0.0,303.6,311.7,1491.0,39.8,92.0,0
2.0,298.2,309.0,1524.0,39.1,100.0,0
0.0,300.9,310.9,1601.0,34.0,181.0,0
0.0,299.5,309.4,1390.0,58.8,195.0,1
0.0,301.4,310.6,1555.0,43.3,212.0,0
1.0,297.0,307.9,1414.0,46.2,165.0,0
0.0,298.8,309.9,1486.0,40.3,126.0,0
0.0,300.7,311.1,1688.0,30.7,161.0,0
1.0,297.2,308.3,1326.0,57.2,100.0,0
1.0,300.8,310.7,1572.0,36.2,167.0,0
1.0,303.5,312.6,1405.0,51.6,62.0,0
2.0,297.5,309.3,1525.0,41.7,235.0,0
0.0,297.1,308.0,1348.0,58.0,162.0,0
0.0,303.8,313.1,1256.0,58.7,213.0,1
1.0,299.8,309.2,1372.0,58.2,65.0,0
0.0,301.4,310.1,1937.0,21.8,205.0,0
0.0,302.9,312.4,1383.0,51.4,160.0,0
1.0,303.4,311.9,1419.0,50.9,39.0,0
2.0,302.3,311.4,1443.0,44.1,51.0,0
0.0,295.9,306.4,1575.0,28.5,74.0,0
0.0,298.7,308.4,1373.0,46.9,60.0,0
0.0,298.8,309.1,1477.0,42.4,158.0,0
0.0,297.4,307.9,1606.0,33.4,176.0,0
2.0,300.9,311.9,2140.0,16.5,43.0,0
0.0,297.7,307.5,1379.0,43.3,111.0,0
0.0,302.4,310.2,1539.0,37.7,29.0,0
1.0,298.0,307.5,1387.0,45.5,166.0,0
0.0,302.3,310.9,2034.0,19.7,190.0,0
1.0,298.3,308.9,1363.0,46.1,5.0,0
0.0,300.3,311.7,1365.0,53.3,113.0,0
0.0,298.1,308.2,1654.0,32.1,25.0,0
1.0,297.4,308.9,1376.0,39.0,181.0,0
1.0,296.3,307.3,1368.0,49.5,10.0,0
0.0,301.3,311.0,1542.0,35.1,204.0,0
1.0,301.2,312.4,1505.0,39.6,102.0,0
0.0,299.1,310.3,1619.0,35.2,240.0,0
0.0,298.9,308.5,1467.0,44.7,136.0,0
0.0,297.4,308.7,1638.0,31.9,131.0,0
1.0,300.2,311.3,1491.0,37.3,102.0,0
0.0,299.0,308.3,1441.0,44.0,48.0,0
1.0,300.1,311.4,1913.0,21.9,15.0,0
0.0,300.5,310.5,1515.0,36.6,54.0,0
0.0,303.4,312.9,1389.0,54.1,109.0,0
1.0,303.7,312.4,1642.0,32.3,206.0,0
1.0,298.2,307.8,1599.0,31.2,173.0,0
0.0,299.1,310.3,1449.0,40.7,40.0,0
0.0,298.5,309.3,1590.0,33.9,107.0,0
0.0,297.1,308.4,1693.0,29.5,100.0,0
0.0,296.8,307.6,1368.0,52.0,140.0,0
2.0,298.9,309.3,1375.0,42.7,58.0,0
0.0,298.6,309.7,1356.0,54.0,6.0,0
2.0,302.9,312.3,1417.0,48.7,26.0,0
0.0,299.2,308.4,1350.0,51.3,96.0,0
0.0,298.6,308.4,1485.0,42.9,38.0,0
1.0,297.3,308.9,1799.0,24.5,137.0,0
0.0,298.6,309.8,1496.0,37.7,134.0,0
1.0,300.6,310.7,1705.0,31.2,181.0,0
0.0,302.0,311.3,1509.0,39.9,25.0,0
0.0,302.8,312.2,1682.0,30.9,58.0,0
0.0,301.7,311.2,1521.0,36.7,130.0,0
0.0,298.1,309.0,1557.0,36.0,56.0,0
1.0,299.8,310.5,1375.0,53.9,110.0,0
0.0,301.1,310.1,1666.0,27.2,40.0,0
1.0,299.6,310.1,1357.0,48.7,96.0,0
0.0,299.0,310.4,1365.0,49.1,226.0,1
0.0,297.8,307.3,1859.0,24.0,178.0,0
0.0,297.0,307.8,1396.0,50.0,96.0,0
0.0,299.8,311.3,1560.0,35.4,178.0,0
1.0,300.0,309.6,1491.0,42.0,29.0,0
1.0,295.5,305.9,1380.0,52.4,202.0,0
0.0,297.4,308.5,1495.0,37.8,211.0,0
0.0,301.9,311.2,1435.0,44.2,16.0,0
0.0,300.7,310.6,1288.0,47.2,216.0,0
0.0,298.5,308.2,1444.0,40.5,170.0,0
0.0,303.6,312.7,1418.0,44.1,118.0,0
1.0,300.9,312.6,1555.0,40.6,109.0,0
0.0,297.2,308.5,1550.0,41.5,125.0,0
0.0,300.3,311.8,1548.0,33.0,16.0,0
2.0,297.8,307.3,1516.0,40.1,166.0,0
0.0,297.5,308.6,1596.0,37.1,30.0,0
1.0,303.5,312.9,1572.0,44.7,84.0,0
0.0,298.6,309.7,1294.0,59.4,104.0,0
0.0,299.3,309.0,1422.0,47.3,25.0,0
2.0,300.6,309.4,1380.0,47.6,246.0,1
0.0,299.1,310.2,1425.0,52.7,154.0,0
0.0,298.9,308.8,1530.0,38.3,23.0,0
2.0,297.6,309.6,1419.0,48.2,215.0,0
0.0,296.8,307.8,1373.0,42.9,74.0,0
0.0,301.6,310.8,1564.0,34.1,150.0,0
0.0,298.9,310.2,1411.0,46.5,202.0,0
0.0,301.5,310.6,1453.0,44.0,208.0,0
0.0,298.3,308.1,1505.0,46.1,80.0,0
0.0,299.1,310.4,1505.0,46.1,176.0,0
0.0,300.5,311.9,1887.0,21.7,56.0,0
0.0,303.6,312.9,1381.0,57.8,27.0,0
0.0,300.4,310.6,1429.0,46.9,19.0,0
0.0,298.0,308.6,1313.0,50.8,170.0,0
0.0,299.8,309.1,1612.0,35.4,205.0,0
2.0,297.2,308.0,1435.0,43.0,202.0,0
0.0,300.4,310.0,1581.0,30.3,42.0,0
1.0,300.5,309.9,1466.0,53.2,172.0,0
1.0,301.5,310.7,1744.0,28.2,61.0,0
0.0,300.2,311.6,1322.0,50.9,215.0,0
0.0,301.0,310.7,1464.0,45.8,184.0,0
2.0,302.6,312.0,1657.0,29.3,37.0,0
1.0,299.2,310.8,1502.0,39.8,177.0,0
1.0,301.1,310.6,1310.0,48.8,103.0,0
1.0,301.2,310.9,1359.0,50.8,118.0,0
0.0,303.7,313.1,1721.0,34.8,50.0,0
0.0,302.5,310.5,1436.0,36.5,43.0,0
1.0,297.5,308.4,1403.0,44.3,25.0,0
0.0,299.4,309.0,1613.0,32.2,178.0,0
0.0,300.4,311.4,1424.0,44.6,127.0,0
0.0,299.2,310.5,1705.0,29.5,95.0,0
0.0,300.8,312.4,1825.0,23.8,127.0,0
1.0,300.7,310.6,1484.0,38.0,84.0,0
0.0,298.1,308.4,1335.0,40.2,109.0,0
2.0,302.3,311.7,1456.0,45.4,130.0,0
1.0,297.1,308.4,1432.0,53.4,199.0,0
0.0,297.4,308.4,1531.0,41.5,213.0,0
0.0,301.4,310.4,1301.0,51.2,112.0,0
0.0,302.9,312.4,1561.0,34.8,150.0,0
0.0,298.4,309.7,1518.0,39.8,165.0,0
1.0,298.0,307.5,1784.0,27.8,163.0,0
0.0,301.3,311.2,1675.0,32.1,12.0,0
0.0,302.6,310.4,1638.0,36.2,84.0,0
2.0,301.4,310.7,1516.0,36.4,83.0,0
1.0,300.5,309.9,1343.0,63.7,124.0,0
1.0,300.5,311.9,1670.0,26.3,89.0,0
0.0,301.7,311.0,1700.0,28.7,19.0,0
0.0,300.0,309.6,1526.0,46.4,150.0,0
0.0,298.0,308.4,1472.0,42.0,15.0,0
0.0,303.9,313.1,1440.0,41.1,12.0,0
0.0,297.5,308.9,1459.0,48.5,193.0,0
2.0,298.3,310.0,1419.0,47.1,105.0,0
0.0,297.1,307.8,1536.0,40.4,92.0,0
0.0,302.3,311.4,1845.0,21.9,27.0,0
0.0,301.0,310.9,1392.0,52.9,173.0,0
0.0,298.9,308.7,1433.0,44.7,108.0,0
0.0,301.7,310.1,1402.0,50.1,3.0,0
0.0,301.4,310.7,1376.0,50.6,25.0,0
0.0,302.7,312.2,1447.0,47.5,166.0,0
1.0,300.8,312.6,1588.0,35.6,114.0,0
0.0,296.2,307.1,1413.0,53.4,203.0,0
1.0,298.8,310.1,1585.0,31.3,147.0,0
0.0,298.4,309.7,1457.0,44.2,175.0,0
1.0,298.3,308.4,1486.0,44.2,196.0,0
0.0,297.9,308.1,1585.0,33.5,212.0,0
1.0,303.5,312.3,1532.0,41.7,32.0,0
1.0,301.0,310.4,1793.0,25.0,142.0,0
1.0,299.7,309.0,1465.0,49.0,158.0,0
0.0,297.4,308.1,1348.0,53.7,68.0,0
0.0,300.5,311.9,1511.0,41.8,205.0,0
1.0,300.5,311.5,1370.0,56.1,7.0,0
0.0,298.8,310.1,1653.0,30.3,119.0,0
1.0,300.5,311.3,1468.0,41.1,34.0,0
0.0,298.8,308.6,1331.0,62.8,81.0,0
0.0,302.4,311.4,1475.0,40.4,126.0,0
1.0,299.4,309.1,1326.0,62.0,142.0,0
0.0,297.4,308.3,1465.0,42.0,13.0,0
0.0,297.8,308.9,1506.0,33.5,26.0,0
1.0,302.4,310.2,1392.0,55.8,143.0,0
0.0,299.4,308.7,1525.0,39.0,90.0,0
0.0,300.7,310.6,1407.0,40.5,87.0,0
2.0,297.3,308.7,1478.0,47.6,98.0,0
1.0,300.9,310.4,1576.0,40.4,92.0,0
0.0,301.8,309.7,1598.0,30.4,124.0,0
0.0,298.4,308.9,1391.0,48.4,100.0,0
0.0,300.7,310.1,1351.0,46.9,165.0,0
0.0,300.8,310.3,1537.0,33.3,52.0,0
1.0,298.3,308.1,1722.0,28.6,89.0,0
0.0,298.8,309.1,1378.0,54.4,165.0,0
0.0,299.0,310.2,1494.0,40.6,67.0,0
0.0,298.5,309.2,1504.0,33.7,182.0,0
0.0,300.2,311.5,1495.0,38.5,69.0,0
0.0,296.6,307.6,1809.0,25.1,86.0,0
1.0,300.7,311.7,1701.0,30.8,44.0,0
0.0,301.5,310.5,1466.0,48.1,189.0,0
0.0,297.9,307.7,1567.0,34.7,74.0,0
0.0,299.8,309.6,1598.0,31.0,139.0,0
1.0,301.0,312.2,1629.0,32.6,69.0,0
0.0,297.1,307.8,1681.0,27.6,181.0,0
0.0,297.7,309.7,1591.0,37.7,196.0,0
0.0,300.5,311.6,1509.0,47.2,202.0,0
0.0,300.9,310.4,2021.0,18.8,30.0,0
0.0,298.4,308.1,1279.0,53.1,9.0,0
0.0,298.4,309.9,1725.0,27.8,21.0,0
0.0,297.6,308.3,1438.0,47.8,84.0,0
1.0,298.7,309.6,1254.0,57.1,124.0,0
0.0,302.3,311.0,1609.0,31.0,190.0,0
1.0,298.1,308.7,1581.0,47.4,51.0,0
0.0,297.3,308.7,1549.0,36.1,218.0,0
0.0,300.3,309.6,1404.0,44.6,87.0,0
1.0,296.9,307.8,1477.0,37.2,160.0,0
1.0,303.6,311.8,1432.0,42.5,150.0,0
1.0,304.1,313.2,1427.0,46.9,123.0,0
1.0,299.7,311.1,1649.0,32.7,185.0,0
0.0,297.8,309.9,1351.0,49.0,181.0,0
0.0,302.9,312.3,1515.0,40.8,183.0,0
0.0,297.3,308.2,1754.0,29.4,123.0,0
0.0,302.0,310.7,1698.0,28.1,39.0,0
0.0,301.0,311.0,1399.0,58.0,190.0,1
0.0,298.6,309.4,1525.0,37.8,54.0,0
0.0,302.3,311.3,1324.0,47.8,131.0,0
0.0,302.6,311.5,1442.0,59.8,169.0,1
0.0,299.6,310.9,1472.0,40.9,137.0,0
0.0,300.9,310.1,2090.0,17.8,133.0,0
2.0,301.9,311.2,1474.0,41.8,18.0,0
2.0,303.5,311.5,1629.0,33.5,73.0,0
0.0,299.8,309.0,1567.0,36.1,95.0,0
0.0,300.1,311.6,1530.0,36.6,74.0,0
0.0,300.7,311.0,1596.0,36.9,174.0,0
0.0,299.3,308.7,1408.0,48.7,85.0,0
0.0,302.2,311.5,1489.0,38.3,35.0,0
0.0,297.6,309.1,1503.0,38.9,157.0,0
0.0,299.3,309.0,1511.0,47.8,148.0,0
2.0,300.6,311.1,1452.0,40.2,28.0,0
0.0,302.7,310.4,1542.0,35.7,38.0,0
0.0,301.6,311.1,1325.0,49.2,104.0,0
1.0,298.8,309.7,1459.0,47.3,141.0,0
0.0,299.4,308.7,1681.0,30.8,171.0,0
0.0,303.7,312.0,1892.0,22.5,79.0,0
1.0,303.4,312.6,2706.0,9.8,65.0,1
0.0,297.4,308.5,1462.0,42.8,68.0,0
0.0,303.6,312.4,1781.0,28.7,124.0,0
1.0,303.8,313.0,1514.0,45.0,113.0,0
0.0,298.8,308.5,1444.0,42.2,83.0,0
2.0,296.7,307.9,1424.0,53.8,133.0,0
2.0,301.5,310.7,1790.0,26.2,8.0,0
0.0,303.3,311.3,1592.0,33.7,14.0,0
0.0,298.2,308.7,1991.0,20.5,36.0,0
2.0,301.4,310.1,1623.0,32.3,39.0,0
1.0,301.9,310.6,1260.0,65.9,29.0,0
0.0,299.9,309.8,1477.0,47.7,112.0,0
1.0,298.9,309.8,1392.0,43.1,218.0,0
0.0,297.9,307.6,1344.0,54.3,151.0,0
0.0,297.5,308.6,1514.0,36.9,134.0,0
0.0,297.6,308.6,1415.0,47.3,169.0,0
0.0,300.8,312.3,1435.0,44.8,134.0,0
0.0,300.6,310.4,1608.0,39.2,221.0,0
0.0,298.0,308.2,1357.0,48.2,7.0,0
2.0,297.7,309.7,1440.0,51.1,191.0,0
1.0,300.3,310.0,1409.0,43.2,9.0,0
2.0,298.2,308.8,1436.0,51.9,153.0,0
1.0,298.1,308.8,1433.0,48.2,62.0,0
1.0,297.1,308.0,1690.0,25.6,159.0,0
0.0,297.1,308.4,1583.0,31.9,2.0,0
0.0,300.3,311.4,1526.0,38.5,101.0,0
0.0,299.0,308.9,1511.0,35.9,16.0,0
2.0,301.5,310.5,1551.0,34.3,166.0,0
0.0,298.2,308.8,1498.0,36.0,39.0,0
1.0,299.3,310.7,1440.0,45.5,146.0,0
0.0,297.1,307.9,1507.0,38.3,170.0,0
1.0,298.3,309.6,1469.0,54.8,191.0,0
0.0,300.6,311.7,1553.0,39.8,0.0,0
0.0,297.6,309.1,1449.0,49.1,174.0,0
0.0,298.2,308.8,1442.0,47.0,18.0,0
0.0,298.8,309.6,1613.0,27.7,143.0,0
1.0,295.7,306.4,1387.0,40.1,81.0,0
1.0,297.5,309.4,1391.0,58.2,34.0,0
2.0,299.6,309.2,1597.0,36.3,35.0,0
0.0,299.4,309.2,1564.0,39.0,26.0,0
1.0,300.4,309.6,1675.0,35.5,164.0,0
0.0,299.7,309.6,1720.0,27.1,146.0,0
0.0,298.1,309.9,1634.0,30.0,53.0,0
1.0,298.8,309.1,1559.0,34.7,95.0,0
0.0,298.0,308.5,1713.0,25.3,124.0,0
1.0,300.5,310.0,1406.0,50.2,119.0,0
0.0,298.1,308.9,1313.0,50.6,108.0,0
0.0,298.6,309.8,1842.0,20.1,142.0,0
0.0,304.1,313.2,1452.0,48.0,126.0,0
0.0,302.6,311.0,1660.0,38.0,99.0,0
0.0,302.0,309.7,1414.0,36.3,209.0,0
0.0,298.9,309.8,1616.0,36.5,110.0,0
1.0,300.3,309.6,1488.0,41.3,172.0,0
2.0,300.3,311.6,1801.0,23.6,97.0,0
0.0,300.8,312.4,1493.0,39.1,79.0,0
0.0,299.5,310.9,1496.0,38.5,162.0,0
0.0,298.8,309.8,1509.0,36.2,57.0,0
0.0,298.8,310.1,1574.0,36.2,181.0,0
0.0,298.3,308.4,1585.0,30.6,127.0,0
0.0,299.3,309.1,1493.0,38.0,151.0,0
0.0,297.3,307.9,1417.0,41.8,186.0,0
1.0,303.5,312.7,1420.0,49.1,42.0,0
1.0,300.2,309.6,1528.0,35.1,44.0,0
0.0,300.8,311.7,1426.0,45.5,16.0,0
0.0,296.8,308.0,1510.0,39.4,29.0,0
1.0,300.9,310.7,1420.0,43.0,133.0,0
0.0,297.4,308.8,1620.0,33.4,186.0,0
2.0,297.7,307.3,1249.0,62.8,47.0,0
0.0,297.7,308.4,1510.0,38.6,72.0,0
0.0,299.3,308.6,1422.0,48.9,83.0,0
1.0,299.7,309.2,1597.0,32.9,135.0,0
0.0,300.9,310.9,1615.0,32.0,183.0,0
1.0,300.8,309.9,1444.0,46.0,180.0,0
0.0,300.8,310.3,1538.0,36.1,198.0,0
0.0,300.5,309.6,1760.0,30.6,213.0,0
0.0,301.8,310.6,1403.0,46.8,151.0,0
0.0,298.9,308.6,1771.0,24.1,213.0,0
0.0,296.1,307.1,1651.0,35.7,167.0,0
0.0,298.5,308.3,1458.0,44.0,44.0,0
0.0,299.3,310.5,1505.0,38.8,30.0,0
2.0,297.0,308.1,1517.0,41.4,222.0,0
2.0,301.2,310.5,1505.0,43.6,78.0,0
1.0,303.8,312.7,1500.0,41.7,125.0,0
1.0,301.1,310.5,1646.0,30.7,76.0,0
0.0,297.1,308.4,1550.0,37.0,167.0,0
0.0,299.8,309.3,1299.0,65.1,212.0,1
0.0,301.6,310.6,1455.0,43.9,0.0,0
0.0,303.5,312.8,1524.0,39.4,96.0,0
2.0,298.8,309.8,1490.0,35.9,171.0,0
0.0,302.8,312.2,1433.0,50.0,216.0,0
0.0,301.3,310.3,1555.0,41.2,131.0,0
0.0,300.5,309.9,1443.0,48.3,122.0,0
1.0,299.8,309.1,1268.0,58.0,90.0,0
0.0,299.6,311.0,1430.0,38.3,124.0,0
1.0,299.9,309.4,1399.0,54.8,3.0,0
0.0,302.6,310.2,1325.0,62.4,92.0,1
1.0,299.0,309.7,1418.0,44.7,209.0,0
1.0,300.9,311.2,1472.0,40.0,93.0,0
0.0,299.2,310.1,1534.0,37.7,10.0,0
0.0,298.2,308.2,1667.0,30.6,59.0,0
0.0,297.6,308.6,1522.0,37.0,106.0,0
1.0,298.1,308.0,1924.0,20.8,29.0,0
0.0,300.2,309.8,1418.0,49.3,16.0,0
0.0,302.6,310.4,1514.0,42.7,75.0,0
1.0,298.6,308.2,1488.0,44.0,43.0,0
0.0,297.2,307.9,1493.0,38.4,146.0,0
0.0,298.3,308.0,2886.0,3.8,57.0,1
0.0,300.5,309.5,1542.0,38.5,108.0,0
1.0,300.6,310.0,1542.0,33.9,100.0,0
1.0,300.1,311.5,1343.0,46.2,28.0,0
2.0,298.3,309.5,1427.0,54.3,89.0,0
1.0,301.8,311.0,1393.0,49.5,168.0,0
0.0,300.3,311.7,1707.0,33.6,158.0,0
2.0,303.9,313.0,1517.0,36.0,142.0,0
0.0,300.7,310.9,1356.0,65.3,66.0,1
0.0,299.0,310.2,1372.0,48.0,174.0,0
0.0,297.5,308.5,1446.0,41.9,32.0,0
1.0,297.7,309.5,2027.0,19.8,39.0,0
0.0,302.3,310.9,1620.0,30.3,112.0,0
1.0,300.7,311.7,1412.0,49.1,219.0,0
0.0,298.1,307.7,1289.0,48.3,42.0,0
2.0,298.9,309.9,1376.0,51.0,32.0,0
0.0,302.0,311.0,1686.0,32.5,25.0,0
1.0,304.0,313.1,1694.0,31.4,116.0,0
0.0,298.0,308.3,1362.0,56.8,216.0,1
2.0,298.7,309.8,1582.0,33.4,121.0,0
1.0,297.9,308.1,1627.0,31.4,209.0,0
0.0,302.4,311.1,1634.0,34.2,184.0,0
0.0,301.4,310.4,1334.0,43.2,133.0,0
0.0,300.7,311.2,1399.0,47.9,80.0,0
0.0,297.7,309.0,1538.0,43.2,30.0,0
1.0,301.8,311.1,1663.0,31.6,199.0,0
1.0,298.9,308.6,1425.0,49.6,35.0,0
1.0,300.3,309.2,1490.0,47.9,163.0,0
1.0,297.6,308.6,1389.0,49.0,34.0,0
0.0,299.1,310.3,1411.0,42.1,74.0,0
0.0,299.0,310.3,1501.0,43.0,91.0,0
0.0,296.9,307.8,1400.0,57.1,202.0,1
2.0,298.5,309.4,1573.0,33.6,143.0,0
1.0,297.2,308.5,1584.0,40.0,4.0,0
0.0,295.8,306.5,1358.0,49.2,63.0,0
1.0,299.0,310.1,1487.0,47.5,123.0,0
1.0,299.9,309.5,1582.0,38.2,160.0,0
2.0,299.9,309.6,1462.0,51.0,119.0,0
2.0,299.4,308.6,1542.0,41.8,166.0,0
2.0,300.5,310.0,1495.0,47.4,184.0,0
1.0,298.1,308.9,1479.0,43.4,105.0,0
0.0,301.2,310.3,1499.0,38.1,61.0,0
0.0,300.9,310.8,1490.0,38.1,125.0,0
0.0,303.9,313.0,1433.0,48.4,178.0,0
1.0,302.2,310.1,1368.0,51.6,12.0,1
0.0,299.8,309.7,1431.0,40.3,101.0,0
2.0,300.0,310.1,1714.0,28.7,55.0,0
1.0,302.2,311.4,1432.0,45.3,33.0,0
0.0,298.1,308.7,1671.0,28.8,41.0,0
0.0,300.5,311.6,1744.0,26.8,94.0,0
0.0,302.2,311.5,1346.0,52.4,157.0,0
0.0,300.2,311.6,1999.0,21.0,19.0,0
0.0,301.8,311.3,1471.0,44.2,148.0,0
0.0,299.4,309.0,1391.0,58.2,135.0,0
0.0,303.3,312.2,1457.0,40.7,48.0,0
0.0,295.5,306.0,1621.0,29.5,176.0,0
0.0,298.5,309.4,1578.0,36.3,71.0,0
0.0,299.3,309.0,1415.0,47.6,156.0,0
2.0,302.2,311.1,1426.0,50.6,101.0,0
0.0,298.7,309.9,1372.0,54.7,44.0,0
0.0,302.4,310.3,1520.0,31.6,121.0,0
0.0,298.1,308.0,1426.0,46.0,61.0,0
0.0,298.8,309.8,1557.0,37.2,139.0,0
2.0,298.3,308.0,1553.0,41.0,52.0,0
1.0,299.2,308.6,1586.0,35.7,138.0,0
0.0,300.9,310.4,1445.0,41.7,180.0,0
0.0,297.5,308.5,1597.0,36.4,112.0,0
1.0,301.5,310.7,1416.0,53.2,69.0,0
0.0,299.1,310.0,1394.0,46.6,27.0,0
1.0,300.3,309.6,1524.0,38.4,54.0,0
0.0,304.0,313.0,1541.0,45.9,64.0,0
0.0,302.5,310.3,1551.0,37.3,168.0,0
0.0,301.2,310.8,1479.0,41.2,155.0,0
1.0,298.7,310.3,1481.0,41.5,83.0,0
2.0,303.4,311.8,1693.0,28.3,175.0,0
1.0,301.6,310.6,1599.0,36.1,208.0,0
0.0,302.2,311.1,1630.0,34.6,94.0,0
1.0,298.9,309.9,1357.0,54.5,121.0,0
0.0,297.8,307.8,1573.0,37.9,33.0,0
0.0,301.0,310.7,1391.0,45.0,123.0,0
0.0,296.0,306.6,1511.0,35.2,119.0,0
0.0,298.4,308.2,1850.0,27.0,194.0,0
0.0,301.1,311.3,1630.0,29.5,51.0,0
0.0,297.2,308.3,1805.0,25.6,103.0,0
2.0,298.4,307.9,1700.0,28.2,120.0,0
0.0,303.7,312.6,1466.0,42.5,183.0,0
0.0,298.5,310.2,1676.0,32.7,18.0,0
0.0,297.5,308.6,1552.0,44.9,77.0,0
2.0,297.6,308.7,1659.0,32.1,49.0,0
0.0,298.8,309.9,1428.0,42.4,132.0,0
1.0,303.9,313.0,1475.0,41.0,11.0,0
0.0,300.8,311.7,1655.0,32.2,12.0,0
0.0,298.8,309.1,1368.0,50.8,115.0,0
0.0,300.3,311.3,1505.0,39.6,107.0,0
0.0,300.1,310.1,1306.0,64.7,57.0,0
0.0,300.6,310.7,1543.0,39.6,60.0,0
0.0,300.0,309.1,1465.0,40.6,9.0,0
0.0,300.5,311.8,1368.0,57.9,191.0,1
1.0,298.1,308.6,1415.0,46.3,27.0,0
1.0,301.1,311.1,1470.0,40.6,159.0,0
1.0,300.5,310.4,1548.0,37.3,65.0,0
1.0,297.9,307.6,1519.0,44.0,37.0,0
0.0,300.1,309.4,1434.0,47.3,127.0,0
0.0,297.9,307.3,1824.0,26.3,5.0,0
2.0,301.2,310.6,1457.0,50.5,114.0,0
0.0,297.4,308.4,1434.0,39.9,2.0,0
0.0,299.7,310.3,1386.0,46.6,2.0,0
0.0,302.2,311.8,1981.0,21.8,36.0,0
0.0,297.9,309.9,1542.0,33.8,33.0,0
0.0,301.5,311.1,1469.0,49.5,107.0,0
0.0,297.6,308.3,1617.0,31.7,39.0,0
0.0,303.7,312.3,1511.0,38.9,117.0,0
0.0,298.2,308.9,1683.0,31.7,74.0,0
0.0,301.9,310.4,1610.0,34.8,71.0,0
0.0,300.0,309.8,1474.0,40.6,78.0,0
0.0,299.4,308.7,1459.0,47.6,96.0,0
1.0,298.1,308.9,1459.0,50.3,115.0,0
0.0,298.5,308.1,1564.0,31.1,34.0,0
1.0,301.2,310.8,1734.0,31.3,64.0,0
0.0,300.9,310.7,1412.0,57.5,16.0,0
0.0,300.0,311.3,1484.0,53.2,158.0,0
0.0,301.8,310.8,1736.0,26.5,56.0,0
0.0,299.0,310.0,1672.0,33.2,144.0,0
0.0,302.5,311.5,1521.0,44.1,37.0,0
0.0,298.8,308.5,1395.0,44.4,33.0,0
0.0,304.0,313.2,1615.0,37.8,127.0,0
0.0,297.7,308.7,1829.0,24.9,17.0,0
2.0,298.5,309.4,1671.0,31.8,108.0,0
2.0,300.4,309.6,1571.0,33.6,126.0,0
2.0,297.6,309.0,1885.0,25.2,24.0,0
0.0,301.6,310.6,1613.0,42.5,97.0,0
0.0,302.6,310.4,1743.0,26.3,191.0,0
0.0,296.9,308.0,1343.0,44.5,15.0,0
0.0,301.0,309.5,1430.0,48.5,122.0,0
0.0,297.9,309.9,1472.0,45.0,183.0,0
0.0,296.8,307.4,1549.0,48.3,105.0,0
0.0,301.4,310.4,1436.0,49.7,108.0,0
0.0,299.4,309.2,1444.0,48.2,24.0,0
1.0,298.9,309.8,2450.0,13.9,89.0,0
0.0,300.7,309.9,1412.0,45.3,155.0,0
0.0,298.9,308.8,1529.0,32.7,53.0,0
1.0,297.5,308.5,1447.0,41.6,118.0,0
0.0,299.4,308.6,1492.0,40.5,181.0,0
1.0,299.4,309.1,1500.0,43.3,10.0,0
1.0,297.7,308.9,1531.0,48.3,84.0,0
0.0,299.0,310.3,1929.0,24.4,180.0,0
1.0,297.3,308.3,1301.0,39.6,5.0,0
0.0,297.9,309.4,1558.0,35.7,39.0,0
1.0,299.2,308.4,1415.0,43.5,53.0,0
1.0,300.0,311.4,1692.0,29.0,216.0,1
1.0,299.3,310.9,1826.0,25.1,2.0,0
0.0,300.7,310.9,1650.0,29.4,102.0,0
0.0,301.2,310.9,1416.0,53.3,66.0,0
0.0,301.6,310.7,1683.0,29.7,131.0,0
0.0,298.9,310.6,1387.0,52.7,2.0,0
2.0,302.3,311.8,1804.0,25.0,43.0,0
0.0,297.9,307.9,1476.0,45.2,91.0,0
1.0,298.5,309.3,1488.0,43.7,189.0,0
0.0,297.6,309.2,1611.0,33.1,155.0,0
0.0,301.3,310.5,1365.0,47.7,70.0,0
0.0,301.4,310.3,1374.0,47.6,176.0,0
0.0,303.0,311.3,1466.0,43.0,210.0,0
0.0,298.1,308.5,1676.0,30.5,22.0,0
1.0,301.4,310.7,1368.0,63.7,92.0,1
1.0,296.0,306.6,1628.0,36.8,121.0,0
1.0,301.7,310.8,1671.0,31.6,137.0,0
0.0,302.0,311.1,1406.0,50.5,187.0,0
0.0,298.5,309.7,1634.0,37.8,78.0,0
0.0,298.3,309.5,1711.0,30.3,148.0,0
0.0,302.4,311.9,1867.0,25.9,121.0,0
1.0,301.0,310.7,1497.0,37.6,116.0,0
1.0,302.4,311.8,1557.0,31.5,49.0,0
0.0,299.1,308.4,1543.0,37.9,130.0,0
0.0,300.7,312.0,1550.0,32.4,5.0,0
0.0,303.8,313.2,1525.0,41.9,145.0,0
0.0,297.1,307.9,1342.0,49.1,179.0,0
1.0,300.8,310.3,1868.0,24.5,95.0,0
1.0,300.9,310.8,1519.0,34.9,73.0,0
2.0,295.6,306.2,1632.0,32.2,76.0,0
1.0,300.7,311.5,1441.0,40.6,33.0,0
0.0,300.7,312.4,1470.0,38.6,56.0,0
1.0,300.1,308.9,1548.0,38.4,31.0,0
0.0,303.3,311.3,1350.0,48.1,32.0,1
2.0,304.0,313.1,1472.0,45.5,166.0,0
1.0,300.8,310.4,1518.0,36.0,59.0,0
0.0,298.7,309.7,1510.0,40.6,162.0,0
0.0,300.0,309.0,1454.0,51.7,2.0,0
0.0,302.2,311.6,1416.0,54.1,48.0,0
0.0,299.9,311.3,1522.0,45.7,153.0,0
1.0,297.9,309.0,1530.0,40.9,42.0,0
0.0,297.9,307.8,1397.0,45.0,104.0,0
1.0,297.5,308.8,1471.0,52.3,152.0,0
2.0,302.6,310.4,1614.0,36.0,74.0,0
0.0,298.4,307.9,2381.0,14.2,164.0,0
0.0,302.3,311.7,1281.0,48.8,0.0,0
1.0,299.3,310.5,1404.0,47.5,12.0,0
0.0,302.3,311.5,1543.0,33.1,39.0,0
0.0,299.2,310.4,1472.0,43.3,32.0,0
0.0,299.0,308.6,1587.0,38.6,124.0,0
0.0,298.0,308.7,1268.0,69.4,189.0,1
0.0,298.6,309.8,1497.0,41.6,118.0,0
0.0,298.4,307.9,1446.0,45.3,23.0,0
0.0,300.6,310.8,1378.0,51.2,119.0,0
0.0,300.2,309.8,1827.0,23.0,6.0,0
0.0,300.9,310.7,1479.0,43.3,201.0,0
1.0,300.2,309.9,1569.0,31.2,176.0,0
0.0,298.4,308.7,1386.0,44.9,135.0,0
0.0,302.3,310.9,1403.0,47.2,173.0,0
1.0,301.5,310.6,1424.0,47.0,26.0,0
0.0,301.5,310.6,1490.0,48.1,81.0,0
2.0,298.4,308.1,1891.0,24.7,158.0,0
0.0,298.9,310.6,1363.0,52.6,190.0,0
1.0,300.5,311.1,1296.0,61.3,202.0,1
1.0,300.7,309.5,1393.0,43.9,81.0,0
1.0,297.4,308.3,1483.0,41.9,47.0,0
1.0,302.6,312.3,1566.0,36.6,46.0,0
0.0,298.6,310.2,1569.0,36.3,10.0,0
0.0,298.7,310.0,1637.0,31.8,42.0,0
1.0,297.3,308.3,1657.0,31.1,8.0,0
0.0,303.8,313.1,1422.0,42.4,152.0,0
2.0,299.7,309.5,1375.0,46.8,86.0,0
2.0,300.5,310.8,1631.0,30.5,132.0,0
0.0,297.4,308.6,1494.0,42.6,161.0,0
1.0,301.8,310.3,1666.0,32.7,19.0,0
0.0,301.1,311.2,1564.0,37.0,165.0,0
0.0,299.1,310.5,1739.0,27.4,72.0,0
1.0,299.9,310.4,1576.0,34.3,188.0,0
0.0,301.5,310.6,1522.0,41.0,114.0,0
0.0,298.2,308.1,1462.0,49.9,69.0,0
0.0,300.2,309.5,1417.0,41.1,129.0,0
0.0,299.8,309.4,1408.0,45.6,156.0,0
0.0,300.8,310.8,1634.0,29.2,149.0,0
1.0,300.1,309.2,1385.0,46.1,120.0,0
1.0,303.9,313.1,1514.0,41.1,121.0,0
0.0,301.2,310.9,1413.0,50.1,141.0,0
0.0,302.0,310.4,1568.0,39.2,112.0,0
0.0,302.2,311.4,1609.0,32.1,41.0,0
0.0,301.5,310.7,1466.0,43.6,56.0,0
0.0,300.5,310.5,1646.0,34.5,63.0,0
0.0,299.6,309.5,1453.0,41.4,168.0,0
0.0,300.0,309.5,1717.0,28.3,48.0,0
0.0,299.6,310.1,1553.0,38.0,83.0,0
0.0,296.7,308.0,1451.0,50.7,197.0,0
1.0,297.4,308.4,1675.0,29.5,59.0,0
0.0,298.2,309.0,1489.0,40.6,89.0,0
1.0,299.5,309.2,1497.0,40.9,169.0,0
1.0,302.0,310.6,1563.0,41.0,184.0,0
0.0,299.0,308.6,1429.0,37.7,126.0,0
2.0,300.9,310.4,1457.0,43.8,69.0,0
0.0,301.3,311.1,1303.0,49.2,212.0,0
1.0,298.0,307.5,1524.0,36.3,98.0,0
0.0,302.6,311.9,1354.0,48.0,67.0,0
1.0,299.4,310.0,1512.0,43.2,47.0,0
0.0,301.4,310.4,1639.0,28.9,94.0,0
0.0,302.2,311.4,1390.0,48.1,40.0,0
0.0,298.4,309.5,1357.0,50.1,125.0,0
0.0,300.5,311.4,1442.0,47.0,53.0,0
1.0,297.2,308.5,1364.0,55.6,163.0,0
0.0,301.6,310.8,1355.0,57.8,195.0,1
0.0,300.5,309.8,1305.0,51.7,202.0,0
0.0,301.6,310.7,1679.0,29.5,10.0,0
0.0,300.8,312.1,1505.0,41.3,173.0,0
0.0,302.3,311.5,1448.0,49.6,28.0,0
1.0,297.8,309.0,1576.0,45.0,17.0,0
1.0,298.5,308.0,1713.0,25.8,154.0,0
0.0,300.8,310.8,1486.0,45.7,146.0,0
0.0,300.4,310.1,1544.0,41.9,184.0,0
0.0,301.3,310.5,1406.0,47.1,83.0,0
1.0,300.8,312.4,1811.0,25.1,136.0,0
1.0,299.9,310.4,1367.0,53.3,201.0,0
0.0,302.4,310.3,1923.0,23.3,172.0,0
0.0,298.7,309.9,1465.0,39.7,72.0,0
0.0,302.6,311.5,1599.0,37.0,211.0,0
0.0,299.4,309.0,1660.0,28.4,139.0,0
0.0,299.9,311.3,1429.0,58.2,103.0,0
0.0,302.2,310.7,1769.0,24.9,91.0,0
0.0,302.7,312.1,1601.0,35.2,31.0,0
1.0,299.3,308.9,1577.0,34.9,160.0,0
1.0,301.1,310.6,1410.0,43.9,73.0,0
0.0,298.1,308.2,1390.0,47.5,33.0,0
1.0,299.9,309.2,1574.0,36.5,177.0,0
1.0,297.3,308.3,1501.0,38.2,2.0,0
0.0,298.8,308.5,1527.0,36.2,3.0,0
0.0,302.3,310.8,1650.0,32.4,26.0,0
1.0,300.7,310.9,1468.0,41.8,112.0,0
0.0,300.9,311.1,1417.0,40.7,24.0,0
0.0,301.0,310.5,1379.0,57.3,204.0,1
0.0,298.5,309.9,1482.0,42.1,15.0,0
0.0,300.7,310.2,1642.0,32.6,26.0,0
0.0,298.1,307.8,1606.0,33.0,130.0,0
0.0,297.3,309.0,1548.0,37.4,171.0,0
1.0,300.4,310.1,1457.0,35.1,193.0,0
2.0,299.9,309.8,1400.0,48.7,119.0,0
1.0,301.9,309.6,1439.0,41.7,201.0,0
0.0,303.2,311.5,1507.0,39.2,225.0,0
0.0,300.6,309.5,1437.0,40.0,55.0,0
0.0,303.4,312.7,1363.0,45.5,26.0,0
1.0,302.3,311.4,1571.0,32.7,17.0,0
0.0,298.7,308.5,1444.0,54.2,62.0,0
0.0,299.2,308.9,1526.0,37.9,177.0,0
1.0,297.6,308.5,1431.0,52.6,26.0,0
0.0,298.2,308.0,1538.0,38.2,59.0,0
0.0,302.4,311.9,1671.0,29.9,204.0,0
1.0,297.5,309.4,1433.0,48.3,139.0,0
0.0,297.4,308.3,1632.0,33.5,39.0,0
0.0,298.9,310.0,1776.0,25.7,51.0,0
0.0,302.5,312.2,1738.0,25.3,14.0,0
0.0,299.0,310.2,1477.0,37.9,60.0,0
1.0,299.8,309.1,1456.0,39.4,209.0,0
2.0,298.8,308.8,1445.0,49.9,4.0,0
2.0,297.9,309.1,1435.0,44.7,8.0,0
1.0,300.8,310.3,1494.0,42.2,35.0,0
0.0,300.4,311.8,1320.0,57.9,168.0,0
0.0,297.4,309.0,1568.0,33.7,175.0,0
0.0,298.6,309.6,1533.0,40.7,106.0,0
0.0,298.9,310.2,1362.0,53.0,185.0,0
0.0,302.2,311.4,1477.0,41.7,15.0,0
0.0,301.0,311.7,1670.0,31.3,150.0,0
0.0,299.2,308.4,1580.0,32.6,142.0,0
1.0,297.1,308.1,1352.0,44.4,0.0,0
0.0,302.3,310.2,1548.0,35.3,170.0,0
0.0,298.2,308.6,1433.0,39.5,7.0,0
1.0,300.4,311.7,1478.0,39.9,185.0,0
0.0,301.3,311.3,1474.0,50.7,10.0,0
2.0,296.1,306.8,1645.0,31.0,41.0,0
1.0,302.2,311.5,1443.0,47.0,90.0,0
0.0,299.1,310.3,1459.0,46.7,84.0,0
1.0,302.3,311.7,1504.0,37.3,107.0,0
1.0,296.0,306.7,2044.0,22.3,48.0,0
0.0,298.8,308.6,1535.0,41.2,40.0,0
0.0,300.5,311.5,1316.0,49.7,55.0,0
1.0,297.5,308.7,1363.0,53.6,194.0,0
0.0,297.8,309.2,1683.0,30.9,163.0,0
1.0,300.2,311.6,1533.0,46.4,24.0,0
1.0,304.2,313.4,1329.0,54.5,75.0,0
0.0,304.1,313.6,1611.0,31.4,144.0,0
0.0,299.0,308.6,1734.0,32.4,161.0,0
2.0,302.3,310.9,1366.0,48.4,130.0,1
0.0,299.4,309.1,1957.0,22.1,55.0,0
0.0,299.0,310.0,1360.0,48.1,37.0,0
0.0,301.2,309.9,1643.0,32.9,171.0,0
0.0,299.0,309.0,1544.0,31.8,25.0,0
0.0,300.7,310.2,1807.0,24.2,77.0,0
0.0,302.2,310.6,1632.0,30.5,122.0,0
1.0,297.5,308.0,1430.0,44.5,178.0,0
1.0,298.8,309.9,1495.0,35.2,60.0,0
0.0,303.8,313.1,2497.0,13.0,5.0,1
0.0,299.7,310.8,1589.0,36.0,190.0,0
2.0,300.5,309.4,1642.0,36.2,103.0,0
0.0,296.6,307.4,1616.0,28.0,175.0,0
1.0,297.8,308.5,1488.0,41.9,196.0,0
1.0,303.0,312.7,1553.0,35.8,122.0,0
2.0,297.8,309.0,1410.0,48.8,23.0,0
0.0,298.2,308.1,1622.0,34.9,67.0,0
1.0,301.3,311.0,1641.0,33.0,145.0,0
0.0,300.6,310.3,1484.0,41.0,213.0,0
0.0,303.4,312.2,1656.0,32.7,195.0,0
0.0,303.9,313.0,1408.0,47.5,76.0,0
1.0,297.9,309.0,1970.0,21.6,37.0,0
0.0,298.6,309.6,1387.0,57.6,50.0,0
1.0,302.2,310.8,1422.0,47.0,3.0,0
0.0,299.3,308.8,1550.0,45.8,170.0,0
0.0,302.4,310.2,1351.0,45.1,168.0,1
1.0,304.2,313.1,1608.0,31.1,20.0,0
1.0,299.3,310.7,1374.0,48.9,222.0,0
0.0,296.7,307.8,1505.0,39.4,236.0,0
0.0,300.3,309.4,1470.0,33.5,148.0,0
0.0,298.6,309.6,1353.0,62.5,9.0,0
0.0,300.8,310.8,1460.0,53.8,41.0,0
0.0,301.3,310.7,1504.0,47.2,74.0,0
0.0,297.5,309.4,1443.0,45.4,70.0,0
2.0,302.6,311.0,1438.0,51.0,106.0,0
0.0,297.5,309.4,1650.0,34.6,142.0,0
0.0,301.5,310.5,1611.0,33.8,144.0,0
0.0,297.8,308.9,1282.0,58.1,108.0,0
1.0,297.5,309.5,1448.0,43.7,46.0,0
2.0,297.3,308.6,1431.0,42.0,109.0,0
2.0,302.3,311.3,1744.0,30.3,116.0,0
0.0,298.8,308.6,1730.0,25.9,59.0,0
2.0,298.9,310.1,1491.0,45.3,133.0,0
2.0,302.8,312.3,1483.0,47.2,223.0,0
0.0,296.8,307.5,1347.0,54.8,43.0,0
0.0,303.1,311.3,1403.0,55.6,150.0,0
1.0,300.7,309.5,1439.0,43.8,41.0,0
0.0,297.7,309.1,1435.0,38.8,165.0,0
0.0,303.2,311.2,1427.0,45.6,25.0,0
1.0,301.1,311.1,1436.0,41.8,156.0,0
0.0,299.0,310.3,1437.0,47.8,99.0,0
1.0,303.8,312.9,1815.0,27.8,66.0,0
0.0,297.7,308.1,1697.0,29.1,179.0,0
0.0,298.4,307.9,1544.0,35.9,132.0,0
1.0,302.2,311.7,1466.0,49.0,66.0,0
2.0,301.9,310.5,1472.0,39.7,187.0,0
1.0,301.6,310.7,1421.0,44.4,94.0,0
0.0,301.2,310.8,1479.0,38.2,139.0,0
2.0,300.9,310.8,1477.0,38.4,31.0,0
0.0,301.6,310.6,1431.0,37.5,137.0,0
1.0,301.2,311.5,1498.0,49.5,3.0,0
0.0,297.5,309.4,1809.0,24.3,110.0,0
0.0,298.8,310.2,1461.0,46.7,105.0,0
0.0,302.8,310.9,1708.0,29.8,42.0,0
1.0,298.6,309.7,1314.0,49.7,136.0,0
0.0,300.4,311.7,1444.0,51.2,174.0,0
0.0,298.3,308.5,1606.0,33.6,67.0,0
0.0,298.9,309.8,1287.0,61.9,216.0,1
0.0,301.3,310.5,1337.0,52.7,106.0,0
0.0,302.1,311.3,1477.0,43.6,196.0,0
1.0,297.9,308.7,1751.0,26.6,111.0,0
0.0,298.1,307.6,1364.0,53.8,129.0,0
1.0,298.7,309.7,1622.0,34.6,8.0,0
0.0,301.6,310.9,1559.0,40.2,191.0,0
0.0,300.5,309.7,1580.0,42.8,196.0,0
1.0,303.7,312.6,1429.0,43.3,189.0,0
0.0,297.9,309.7,2194.0,16.8,27.0,0
2.0,303.3,311.8,1806.0,27.7,44.0,0
0.0,300.6,310.1,1495.0,42.3,132.0,0
1.0,298.2,308.7,1361.0,44.2,0.0,0
0.0,298.0,308.2,1514.0,37.9,9.0,0
1.0,300.8,311.2,1488.0,40.1,87.0,0
2.0,298.1,309.5,1530.0,40.2,65.0,0
1.0,303.9,313.1,1473.0,42.8,97.0,0
0.0,299.4,309.4,1701.0,31.2,199.0,0
0.0,300.9,310.8,1517.0,44.3,4.0,0
2.0,298.8,309.0,1497.0,43.8,147.0,0
1.0,300.6,309.4,1432.0,44.2,84.0,0
0.0,299.3,308.5,1589.0,32.7,74.0,0
1.0,304.1,313.2,1586.0,41.1,129.0,0
0.0,301.1,311.2,1555.0,35.3,172.0,0
1.0,297.7,309.2,1732.0,28.8,152.0,0
0.0,297.1,308.5,1578.0,35.6,46.0,0
1.0,304.0,313.3,1844.0,27.1,88.0,0
1.0,300.5,311.4,1743.0,27.6,46.0,0
0.0,302.1,310.8,1622.0,36.8,45.0,0
1.0,303.8,312.7,1488.0,41.3,175.0,0
0.0,302.8,310.8,1402.0,50.5,30.0,0
0.0,296.3,307.3,1372.0,57.7,33.0,0
1.0,300.8,310.9,1522.0,41.7,115.0,0
0.0,301.7,310.2,1311.0,57.4,40.0,1
0.0,301.7,311.1,1399.0,55.1,156.0,0
0.0,297.6,308.3,1658.0,34.3,59.0,0
1.0,300.0,309.2,1635.0,32.4,4.0,0
0.0,298.1,307.6,1488.0,39.4,157.0,0
0.0,299.2,308.5,1821.0,26.1,69.0,0
1.0,299.8,309.6,1331.0,50.2,98.0,0
2.0,298.3,309.1,1646.0,30.2,125.0,0
2.0,301.0,310.0,1212.0,67.9,30.0,0
1.0,302.2,311.2,1873.0,24.0,99.0,0
0.0,304.2,313.4,1434.0,42.5,175.0,0
0.0,298.3,307.9,1399.0,47.8,99.0,0
1.0,297.2,308.1,1340.0,61.3,207.0,1
1.0,302.3,311.7,1483.0,40.5,8.0,0
1.0,297.6,308.6,1414.0,45.4,138.0,0
0.0,300.7,311.1,1324.0,52.2,85.0,0
2.0,298.8,310.1,1567.0,36.8,197.0,0
1.0,301.0,311.6,1357.0,45.6,137.0,0
0.0,303.7,312.7,1468.0,43.3,168.0,0
0.0,303.7,312.4,1535.0,38.6,107.0,0
2.0,302.3,311.9,1374.0,52.4,154.0,0
0.0,302.4,311.9,1578.0,29.9,44.0,0
0.0,300.1,311.4,1467.0,35.7,45.0,0
1.0,297.4,308.9,1348.0,59.1,201.0,0
1.0,300.4,311.2,1366.0,56.1,177.0,0
0.0,300.9,310.8,1493.0,45.8,57.0,0
0.0,299.9,310.9,1292.0,51.1,173.0,0
0.0,297.0,307.8,1385.0,56.4,202.0,1
0.0,302.5,310.2,1454.0,43.0,108.0,0
2.0,298.3,309.3,1529.0,41.7,5.0,0
0.0,301.6,311.1,1680.0,29.2,111.0,0
0.0,300.2,310.3,1445.0,50.9,34.0,0
1.0,300.7,310.9,1369.0,51.2,63.0,0
0.0,302.1,310.7,1325.0,45.1,208.0,1
0.0,298.5,308.7,1609.0,35.3,117.0,0
1.0,302.0,310.8,1445.0,46.3,17.0,0
0.0,297.9,309.1,1521.0,36.1,15.0,0
0.0,302.0,309.8,1701.0,27.2,4.0,0
0.0,299.3,310.4,1365.0,53.9,171.0,0
0.0,303.9,313.0,1626.0,31.4,209.0,0
0.0,300.1,309.4,1559.0,39.7,24.0,0
0.0,300.6,310.0,1313.0,52.9,93.0,0
0.0,298.6,309.6,1715.0,28.4,90.0,0
0.0,297.5,309.3,1732.0,29.9,32.0,0
0.0,298.2,308.4,1477.0,49.9,72.0,0
0.0,300.6,310.6,1454.0,39.7,67.0,0
2.0,300.8,311.1,1698.0,24.8,156.0,0
2.0,300.3,309.7,1452.0,41.5,139.0,0
1.0,300.8,310.8,1520.0,38.0,45.0,0
0.0,300.3,309.8,1450.0,55.0,135.0,0
0.0,300.8,310.4,1570.0,35.2,23.0,0
0.0,302.3,311.0,1329.0,51.5,154.0,0
2.0,303.3,311.2,1607.0,31.7,34.0,0
0.0,297.4,308.5,1475.0,47.2,69.0,0
1.0,300.8,310.6,1505.0,36.2,0.0,0
2.0,296.8,308.0,1311.0,58.6,19.0,0
2.0,298.3,309.5,1521.0,37.1,84.0,0
0.0,298.4,309.4,1392.0,50.1,117.0,0
0.0,302.4,311.7,1721.0,26.9,112.0,0
1.0,297.0,308.1,1507.0,43.1,51.0,0
1.0,297.4,308.0,1440.0,42.4,190.0,0
0.0,297.0,307.6,1680.0,35.8,20.0,0
0.0,300.6,310.7,1440.0,52.5,200.0,0
0.0,302.1,311.5,1444.0,44.9,97.0,0
0.0,299.4,309.2,1607.0,31.7,145.0,0
0.0,298.4,309.7,1581.0,34.6,150.0,0
0.0,304.1,313.2,1412.0,47.5,150.0,0
0.0,301.8,309.5,1525.0,39.6,227.0,0
0.0,303.5,312.3,1681.0,29.8,25.0,0
1.0,301.1,311.6,1266.0,55.5,210.0,0
0.0,300.7,310.5,1357.0,52.6,199.0,0
1.0,298.3,308.5,1629.0,37.1,170.0,0
0.0,301.6,310.8,1392.0,42.4,3.0,0
0.0,300.2,310.3,1514.0,38.7,48.0,0
0.0,297.5,308.2,1419.0,48.5,108.0,0
0.0,303.5,312.4,1340.0,44.5,76.0,0
1.0,298.3,307.8,1392.0,50.4,101.0,0
1.0,298.4,310.2,1725.0,32.0,80.0,0
0.0,297.8,308.8,1559.0,35.2,66.0,0
1.0,303.5,313.0,1403.0,51.9,77.0,0
0.0,298.3,309.1,1421.0,47.4,33.0,0
1.0,300.5,311.6,1454.0,41.4,108.0,0
0.0,298.6,308.2,1390.0,51.4,168.0,0
0.0,297.6,309.3,1543.0,34.3,8.0,0
1.0,297.8,309.1,1432.0,42.6,17.0,0
0.0,299.5,309.1,1852.0,22.6,77.0,0
0.0,302.3,310.1,1487.0,46.0,184.0,0
0.0,297.6,309.5,2001.0,20.5,220.0,0
0.0,296.9,308.0,1521.0,34.5,84.0,0
0.0,299.3,310.8,1426.0,42.4,0.0,0
0.0,301.5,310.5,2289.0,16.4,112.0,0
0.0,302.0,311.0,1632.0,34.2,18.0,0
1.0,301.0,311.6,1609.0,35.8,156.0,0
0.0,302.5,311.8,1335.0,52.7,135.0,0
0.0,301.6,310.6,1478.0,36.6,218.0,0
0.0,302.0,310.1,1361.0,45.4,174.0,1
1.0,298.3,309.1,1404.0,47.0,15.0,0
0.0,299.5,309.2,1393.0,47.3,20.0,0
1.0,303.8,312.7,1507.0,38.5,180.0,0
1.0,300.1,309.4,1569.0,31.6,124.0,0
1.0,295.6,306.3,1426.0,45.5,53.0,0
1.0,302.5,311.9,1532.0,38.8,96.0,0
0.0,296.3,307.2,1637.0,31.6,27.0,0
2.0,299.0,310.0,1387.0,45.2,110.0,0
0.0,303.5,313.0,1482.0,38.5,82.0,0
1.0,298.9,310.6,1720.0,25.3,197.0,0
1.0,303.3,311.8,1489.0,49.4,64.0,0
1.0,303.4,311.8,1341.0,47.0,210.0,1
2.0,302.1,310.1,1844.0,24.6,171.0,0
0.0,303.4,311.5,1879.0,21.3,78.0,0
1.0,298.1,307.9,1377.0,55.1,42.0,0
0.0,299.6,309.3,1558.0,34.8,115.0,0
0.0,300.0,309.1,1431.0,45.4,90.0,0
0.0,302.2,310.1,1458.0,45.1,15.0,0
0.0,298.4,309.7,1530.0,38.6,161.0,0
0.0,301.9,311.3,1366.0,55.6,57.0,0
1.0,298.9,310.1,1484.0,40.4,61.0,0
0.0,300.5,311.6,1425.0,42.4,102.0,0
0.0,298.0,308.0,1524.0,37.0,49.0,0
0.0,302.7,311.8,1461.0,46.1,10.0,0
0.0,302.4,311.3,1503.0,38.2,120.0,0
1.0,298.8,309.0,1661.0,29.5,162.0,0
1.0,299.8,309.3,1640.0,31.1,211.0,0
0.0,297.4,308.1,1729.0,31.7,204.0,0
1.0,299.2,308.4,1538.0,38.0,98.0,0
0.0,298.3,309.9,1463.0,43.9,116.0,0
0.0,299.3,310.4,1725.0,26.8,167.0,0
0.0,303.0,311.2,1456.0,44.0,142.0,0
1.0,303.9,313.2,1630.0,29.3,104.0,0
1.0,298.4,310.1,1335.0,57.8,96.0,0
0.0,304.0,313.0,1397.0,42.4,113.0,0
2.0,297.2,308.5,1482.0,39.3,187.0,0
1.0,299.3,308.5,1422.0,45.4,37.0,0
1.0,301.4,310.8,1782.0,26.5,6.0,0
1.0,301.5,310.8,1452.0,44.1,157.0,0
0.0,303.3,311.7,1539.0,38.5,221.0,0
0.0,298.3,309.4,1668.0,27.1,136.0,0
1.0,302.4,311.8,1453.0,42.1,105.0,0
1.0,296.5,307.4,1350.0,55.6,69.0,0
1.0,298.1,307.4,1335.0,56.2,190.0,0
0.0,298.7,310.1,1786.0,27.7,114.0,0
0.0,297.1,308.7,1474.0,42.3,64.0,0
0.0,299.5,309.1,1415.0,49.2,8.0,0
0.0,301.2,310.8,1392.0,52.6,23.0,0
0.0,300.7,312.0,1401.0,51.1,50.0,0
0.0,296.8,307.9,1372.0,49.0,140.0,0
1.0,301.6,310.6,1553.0,38.9,0.0,0
0.0,299.8,309.4,1480.0,40.9,2.0,0
1.0,300.7,312.4,1371.0,61.7,102.0,0
0.0,302.2,311.4,1754.0,26.9,33.0,0
0.0,297.9,307.8,1665.0,33.9,102.0,0
0.0,297.3,308.7,1551.0,40.0,125.0,0
2.0,302.2,311.8,1330.0,62.4,31.0,0
0.0,302.1,310.1,1543.0,35.8,164.0,0
0.0,301.9,309.7,1424.0,42.8,140.0,0
0.0,299.1,309.8,1398.0,55.4,217.0,1
0.0,300.0,309.3,1972.0,22.0,175.0,0
0.0,301.6,310.9,1706.0,29.5,193.0,0
1.0,298.9,309.6,1567.0,34.5,204.0,0
0.0,301.0,312.2,1602.0,35.9,67.0,0
0.0,295.9,306.6,1414.0,50.2,51.0,0
0.0,303.8,312.9,1819.0,23.7,16.0,0
1.0,303.8,313.0,1789.0,23.5,215.0,0
0.0,302.1,310.7,1359.0,49.3,41.0,1
0.0,298.5,310.1,1809.0,28.9,20.0,0
0.0,300.4,311.4,1728.0,31.7,133.0,0
0.0,302.7,312.1,1728.0,24.4,146.0,0
0.0,301.7,310.9,1705.0,31.2,146.0,0
0.0,300.0,309.6,1452.0,46.0,51.0,0
0.0,298.9,308.9,1830.0,24.9,35.0,0
0.0,298.9,308.2,1686.0,30.4,53.0,0
0.0,300.2,309.6,1430.0,52.7,47.0,0
1.0,297.5,308.3,1521.0,38.2,74.0,0
0.0,297.1,308.5,1733.0,28.7,50.0,0
0.0,298.2,308.2,1478.0,50.1,166.0,0
0.0,300.8,311.2,1481.0,38.5,181.0,0
0.0,298.1,309.0,1497.0,40.5,58.0,0
0.0,301.2,310.6,1437.0,51.2,112.0,0
1.0,298.5,307.9,1640.0,33.1,146.0,0
0.0,302.7,312.4,1360.0,47.8,11.0,0
0.0,297.5,308.9,1466.0,43.0,15.0,0
0.0,301.0,312.3,1550.0,34.9,111.0,0
0.0,300.6,311.7,1497.0,43.6,198.0,0
1.0,298.7,309.9,2083.0,18.2,205.0,0
0.0,299.3,309.1,1399.0,52.1,27.0,0
0.0,296.9,308.0,1546.0,31.1,11.0,0
0.0,297.9,309.0,1528.0,37.5,54.0,0
2.0,300.1,311.6,1674.0,29.6,85.0,0
0.0,302.5,310.3,1592.0,32.6,174.0,0
2.0,300.8,311.7,1468.0,38.7,39.0,0
1.0,300.3,310.4,1293.0,49.7,37.0,0
1.0,297.0,307.9,1569.0,33.3,141.0,0
2.0,299.4,309.1,1547.0,40.9,50.0,0
0.0,300.1,311.5,1549.0,34.7,189.0,0
1.0,298.1,307.8,1384.0,43.7,200.0,0
0.0,300.6,310.3,1920.0,22.3,223.0,0
1.0,298.9,308.9,1750.0,29.9,50.0,0
1.0,301.5,310.4,1350.0,54.9,153.0,0
1.0,300.7,311.1,1373.0,49.9,96.0,0
0.0,297.6,308.7,1552.0,42.3,27.0,0
2.0,303.7,312.9,1460.0,49.8,2.0,0
1.0,298.8,308.5,1577.0,33.2,0.0,0
0.0,300.3,311.6,1515.0,44.9,69.0,0
1.0,297.8,309.0,1675.0,30.0,110.0,0
0.0,301.6,310.7,1380.0,51.8,216.0,1
2.0,300.7,310.3,1369.0,50.7,12.0,0
0.0,300.4,310.0,1423.0,44.2,189.0,0
1.0,303.4,311.6,1425.0,45.4,184.0,0
0.0,301.3,310.6,1556.0,39.0,72.0,0
0.0,303.0,311.2,1361.0,47.6,106.0,1
1.0,298.0,309.2,1438.0,42.9,101.0,0
1.0,302.4,311.4,1508.0,41.2,60.0,0
0.0,303.9,312.7,1602.0,33.9,165.0,0
1.0,297.6,308.6,1509.0,39.7,166.0,0
1.0,301.6,310.6,1309.0,65.8,75.0,1
0.0,297.8,307.6,1607.0,30.3,62.0,0
0.0,298.6,309.3,1449.0,46.5,26.0,0
0.0,299.0,310.3,1472.0,36.1,97.0,0
0.0,298.6,309.8,1704.0,28.3,64.0,0
2.0,297.5,308.6,1355.0,58.9,138.0,0
0.0,297.6,309.0,1487.0,45.4,64.0,0
1.0,302.0,310.4,1608.0,33.1,97.0,0
0.0,298.3,309.1,1386.0,45.3,212.0,0
1.0,298.1,308.2,1342.0,48.1,54.0,0
0.0,300.6,310.2,1489.0,47.8,21.0,0
1.0,298.2,309.1,1651.0,28.8,186.0,0
1.0,300.5,309.9,1735.0,27.0,107.0,0
0.0,299.0,310.1,1886.0,21.2,13.0,0
0.0,298.3,308.9,1862.0,27.0,172.0,0
2.0,298.4,308.7,1344.0,52.9,130.0,0
1.0,304.2,313.8,1481.0,44.9,136.0,0
0.0,297.0,307.9,1493.0,46.1,173.0,0
0.0,298.9,310.1,1495.0,42.9,175.0,0
0.0,302.1,310.7,1491.0,42.8,98.0,0
1.0,302.3,311.8,1355.0,50.1,104.0,0
0.0,299.3,308.7,1802.0,26.0,130.0,0
1.0,298.9,308.2,1411.0,51.3,43.0,0
0.0,303.4,312.3,1502.0,36.0,69.0,0
1.0,303.4,312.2,1561.0,38.2,45.0,0
1.0,302.9,312.6,1394.0,46.4,82.0,0
0.0,301.4,310.6,1381.0,46.1,70.0,0
0.0,302.2,311.4,1449.0,46.5,60.0,0
0.0,302.6,310.6,1549.0,37.5,199.0,0
0.0,301.1,310.1,1417.0,46.9,35.0,0
0.0,302.0,310.9,1539.0,34.2,13.0,0
0.0,303.5,312.0,1441.0,56.8,88.0,0
1.0,296.2,307.2,1389.0,48.6,7.0,0
0.0,297.6,308.3,1816.0,28.8,106.0,0
1.0,300.5,310.6,1621.0,32.0,184.0,0
0.0,300.0,309.5,1925.0,21.9,9.0,0
0.0,304.2,313.4,1740.0,23.7,86.0,0
1.0,300.8,310.4,1450.0,39.4,62.0,0
1.0,298.3,309.5,1560.0,36.9,131.0,0
0.0,298.9,310.2,1705.0,32.5,63.0,0
1.0,297.2,308.0,1765.0,31.1,191.0,0
0.0,303.3,311.4,1511.0,43.4,65.0,0
0.0,298.7,310.1,1558.0,37.6,44.0,0
1.0,302.3,311.8,1363.0,54.0,119.0,1
0.0,300.9,310.8,1476.0,39.0,10.0,0
0.0,298.0,308.4,1911.0,22.0,13.0,0
0.0,298.9,310.0,1633.0,31.2,76.0,0
0.0,299.6,308.9,1422.0,53.2,120.0,0
0.0,300.0,310.4,1333.0,49.1,131.0,0
0.0,300.6,310.2,1648.0,31.7,46.0,0
2.0,297.4,308.7,1726.0,26.8,158.0,0
1.0,300.1,309.1,1533.0,38.0,26.0,0
1.0,304.0,313.2,1500.0,40.6,124.0,0
0.0,300.9,310.4,1544.0,36.0,148.0,0
0.0,297.9,307.6,1977.0,20.2,182.0,0
1.0,296.8,307.5,1470.0,45.9,132.0,0
1.0,298.3,309.6,1681.0,27.1,194.0,0
1.0,299.2,308.3,1755.0,26.4,19.0,0
0.0,298.8,308.9,1379.0,46.7,204.0,0
0.0,300.1,311.4,1438.0,42.2,139.0,0
2.0,304.0,313.2,1612.0,31.7,206.0,0
1.0,300.6,310.5,1462.0,41.3,68.0,0
0.0,300.7,311.0,1462.0,41.9,126.0,0
1.0,301.4,310.5,1563.0,39.9,83.0,0
1.0,301.5,310.6,1382.0,58.1,67.0,0
1.0,303.4,312.7,1399.0,48.4,34.0,0
0.0,300.6,309.4,1549.0,43.4,233.0,0
0.0,299.8,309.1,1578.0,42.1,191.0,0
1.0,298.5,308.8,1557.0,36.0,21.0,0
0.0,300.9,310.2,1382.0,50.4,131.0,0
0.0,300.4,311.8,1433.0,42.2,14.0,0
0.0,301.5,310.9,1318.0,50.6,11.0,0
2.0,298.6,309.5,1523.0,34.2,119.0,0
0.0,300.2,311.6,1446.0,47.3,66.0,0
0.0,298.2,309.0,1610.0,31.7,155.0,0
0.0,300.2,309.5,1436.0,48.8,135.0,0
0.0,303.5,312.4,1481.0,43.7,20.0,0
0.0,297.0,307.8,1553.0,33.3,155.0,0
1.0,302.4,311.0,1580.0,36.5,64.0,0
1.0,304.2,313.5,1739.0,28.1,80.0,0
2.0,300.6,311.7,1427.0,44.6,87.0,0
2.0,298.5,309.7,1561.0,35.3,208.0,0
1.0,297.4,309.3,1564.0,36.0,126.0,0
0.0,301.5,310.1,1541.0,42.2,52.0,0
2.0,303.9,313.1,1790.0,26.7,17.0,0
0.0,302.6,311.7,1254.0,54.1,19.0,0
0.0,299.0,308.5,1604.0,34.7,159.0,0
0.0,302.3,311.3,1682.0,34.4,127.0,0
0.0,302.3,312.0,1746.0,28.1,167.0,0
1.0,300.0,309.6,1573.0,39.7,162.0,0
0.0,303.9,313.1,1586.0,31.9,108.0,0
0.0,298.4,308.6,1609.0,35.0,103.0,0
1.0,298.1,308.5,1372.0,51.1,116.0,0
0.0,297.3,308.5,1384.0,39.6,144.0,0
0.0,301.0,311.6,1461.0,40.6,154.0,0
0.0,300.2,311.6,1827.0,27.0,22.0,0
0.0,302.7,312.4,1433.0,44.2,17.0,0
0.0,298.0,308.7,1506.0,47.0,208.0,0
1.0,300.7,309.6,1439.0,43.0,61.0,0
0.0,300.5,311.7,1811.0,26.8,47.0,0
1.0,301.3,311.2,1438.0,42.4,7.0,0
1.0,297.5,309.2,1530.0,40.0,206.0,0
2.0,297.6,308.8,1385.0,44.4,181.0,0
0.0,301.9,310.8,1567.0,39.3,9.0,0
1.0,297.1,308.2,1529.0,37.9,183.0,0
0.0,298.2,308.4,1497.0,37.7,207.0,0
0.0,299.2,308.7,1650.0,30.5,93.0,0
0.0,301.4,311.0,1701.0,28.4,127.0,0
2.0,298.9,308.5,1415.0,54.0,6.0,0
0.0,303.8,312.9,1442.0,48.3,52.0,0
1.0,297.8,308.3,1567.0,35.6,131.0,0
0.0,298.0,307.6,1654.0,28.9,123.0,0
1.0,297.5,308.4,1505.0,37.2,215.0,0
0.0,298.3,308.4,1408.0,43.1,177.0,0
2.0,300.9,310.6,1686.0,27.7,176.0,0
0.0,299.0,310.1,1447.0,42.8,104.0,0
0.0,299.2,309.0,1408.0,47.2,0.0,0
0.0,302.3,310.7,1402.0,50.9,157.0,0
1.0,301.3,311.1,1492.0,41.2,223.0,0
0.0,300.1,309.6,1546.0,36.7,77.0,0
0.0,297.9,307.8,1365.0,46.9,73.0,0
2.0,298.8,310.3,1708.0,27.1,78.0,0
0.0,298.2,308.0,1499.0,44.1,166.0,0
1.0,299.1,310.1,1649.0,31.6,41.0,0
0.0,302.8,312.3,1494.0,37.5,198.0,0
0.0,299.0,310.2,1516.0,35.3,102.0,0
0.0,301.9,310.8,1540.0,37.6,83.0,0
0.0,297.5,308.8,1603.0,36.7,184.0,0
2.0,300.2,309.8,1374.0,47.7,8.0,0
0.0,304.1,313.2,1366.0,46.6,35.0,0
0.0,298.2,309.4,1447.0,47.1,185.0,0
0.0,304.0,313.0,1350.0,61.1,88.0,0
2.0,300.3,311.5,1464.0,41.0,29.0,0
0.0,297.5,308.6,1437.0,43.3,34.0,0
0.0,300.9,310.4,1561.0,32.7,67.0,0
1.0,302.7,311.6,2709.0,9.7,2.0,1
2.0,299.9,311.4,1497.0,37.0,162.0,0
0.0,301.5,310.8,1413.0,44.6,166.0,0
0.0,300.3,311.5,1663.0,33.6,38.0,0
0.0,299.0,310.1,1664.0,29.7,89.0,0
2.0,301.6,309.9,1423.0,53.6,95.0,0
0.0,297.0,307.7,1731.0,28.5,186.0,0
2.0,303.7,312.5,1520.0,35.6,154.0,0
0.0,298.0,309.1,1820.0,23.6,120.0,0
0.0,300.5,312.0,1415.0,44.6,23.0,0
0.0,298.7,308.5,1375.0,46.4,48.0,0
0.0,303.5,311.8,1451.0,45.2,173.0,0
2.0,298.4,308.2,1478.0,43.5,206.0,0
0.0,299.6,310.8,1644.0,30.9,114.0,0
0.0,303.7,312.5,1632.0,36.6,186.0,0
1.0,298.1,307.7,1419.0,47.4,142.0,0
0.0,301.2,310.4,1515.0,38.4,51.0,0
0.0,302.5,310.2,1477.0,41.6,16.0,0
0.0,299.1,308.8,1329.0,53.6,207.0,1
0.0,296.8,308.0,1675.0,29.7,46.0,0
1.0,301.0,310.4,1665.0,30.9,177.0,0
0.0,298.9,310.0,1470.0,45.9,109.0,0
0.0,300.2,309.8,1650.0,29.6,13.0,0
0.0,299.6,309.2,1601.0,33.3,33.0,0
1.0,302.7,312.0,1538.0,36.7,74.0,0
1.0,297.6,309.3,1464.0,46.2,218.0,0
0.0,299.3,308.6,1437.0,48.1,67.0,0
0.0,302.3,310.9,1720.0,28.1,178.0,0
0.0,298.7,309.8,1322.0,57.0,140.0,0
0.0,298.8,310.0,1403.0,45.6,185.0,0
0.0,298.4,308.6,1477.0,44.0,124.0,0
1.0,297.5,309.4,1482.0,39.3,112.0,0
1.0,297.9,308.8,1602.0,32.1,59.0,0
0.0,298.0,307.7,1387.0,50.8,204.0,0
0.0,299.6,310.2,1473.0,42.7,81.0,0
0.0,301.7,311.0,1546.0,43.0,23.0,0
0.0,298.0,307.7,1643.0,32.3,200.0,0
1.0,301.7,311.0,1505.0,37.1,190.0,0
0.0,298.6,308.2,1705.0,26.3,177.0,0
0.0,300.2,311.8,1798.0,23.2,210.0,0
0.0,298.2,307.8,1388.0,48.6,76.0,0
0.0,298.2,308.1,1306.0,58.3,35.0,0
0.0,300.5,309.8,1345.0,62.7,153.0,0
2.0,298.8,309.7,1461.0,55.1,118.0,0
1.0,298.7,309.7,1868.0,23.8,118.0,0
0.0,302.7,312.2,1450.0,52.1,213.0,1
2.0,298.3,308.0,1637.0,30.8,2.0,0
1.0,300.9,310.7,1452.0,47.3,25.0,0
0.0,300.5,309.3,1470.0,40.8,219.0,0
0.0,302.1,311.5,1727.0,27.7,50.0,0
0.0,300.9,310.9,1995.0,20.2,105.0,0
1.0,297.2,308.5,1353.0,46.5,185.0,0
0.0,298.0,308.8,1790.0,27.2,193.0,0
0.0,300.1,310.5,1532.0,36.0,109.0,0
1.0,302.0,310.4,1595.0,32.9,135.0,0
0.0,299.8,310.1,1553.0,42.0,177.0,0
0.0,298.8,310.0,1423.0,42.1,154.0,0
1.0,303.7,312.8,1366.0,47.3,49.0,0
0.0,297.4,308.5,1369.0,53.2,43.0,0
0.0,300.8,312.4,1365.0,44.5,129.0,0
1.0,297.4,308.5,1465.0,55.9,153.0,0
0.0,303.7,312.8,1523.0,40.7,59.0,0
0.0,302.4,310.4,1521.0,38.5,142.0,0
0.0,298.7,308.5,1467.0,40.7,106.0,0
0.0,298.4,309.3,1531.0,37.4,16.0,0
0.0,301.2,310.6,1811.0,24.0,84.0,0
0.0,299.8,310.9,1545.0,40.7,166.0,0
0.0,300.5,309.7,1384.0,48.6,141.0,0
0.0,302.2,310.9,1506.0,34.0,49.0,0
0.0,299.3,308.5,1485.0,44.7,78.0,0
0.0,302.2,310.0,1483.0,48.7,20.0,0
0.0,301.7,310.6,1471.0,43.8,80.0,0
0.0,298.4,308.8,1458.0,40.1,111.0,0
0.0,303.2,311.4,1324.0,54.2,228.0,1
1.0,298.7,310.1,1693.0,31.9,51.0,0
0.0,300.5,309.8,1441.0,48.8,200.0,0
1.0,300.6,309.4,1452.0,39.4,78.0,0
0.0,298.4,310.1,1455.0,42.2,94.0,0
0.0,299.1,308.6,1260.0,57.8,152.0,0
1.0,303.5,312.4,1606.0,30.1,98.0,0
0.0,299.9,310.4,1328.0,49.9,206.0,0
1.0,303.7,312.9,1406.0,41.9,48.0,0
0.0,301.4,310.8,1740.0,29.2,110.0,0
0.0,298.3,308.6,1548.0,40.3,140.0,0
0.0,297.0,307.7,1447.0,46.4,8.0,0
1.0,298.8,310.1,1243.0,74.5,194.0,1
0.0,298.0,307.7,1430.0,47.3,49.0,0
0.0,303.5,313.0,1393.0,51.6,80.0,0
2.0,302.1,310.1,1615.0,29.9,176.0,0
1.0,299.1,310.2,1456.0,48.4,101.0,0
1.0,301.3,311.0,1402.0,47.5,197.0,0
1.0,300.9,310.8,1452.0,43.6,185.0,0
0.0,296.2,306.9,1516.0,39.1,138.0,0
0.0,302.0,310.0,1664.0,28.6,190.0,0
1.0,298.8,310.2,1583.0,35.7,116.0,0
0.0,300.3,311.8,1418.0,45.9,53.0,0
2.0,303.3,312.5,1328.0,49.8,120.0,0
1.0,296.2,307.3,1477.0,35.2,53.0,0
1.0,299.8,309.7,1705.0,28.5,103.0,0
1.0,298.8,309.9,1415.0,53.2,194.0,0
0.0,301.4,310.8,1610.0,34.6,187.0,0
1.0,297.5,308.3,1476.0,45.6,31.0,0
2.0,295.6,306.1,1256.0,62.3,142.0,0
0.0,302.6,311.0,1506.0,37.2,95.0,0
1.0,301.6,310.8,1664.0,32.0,58.0,0
1.0,298.8,308.6,1486.0,41.1,13.0,0
1.0,301.2,311.6,1423.0,48.0,199.0,0
0.0,298.8,309.6,1442.0,50.0,104.0,0
0.0,300.3,311.0,1613.0,34.7,142.0,0
0.0,298.9,308.3,1855.0,23.8,33.0,0
0.0,297.6,308.5,1574.0,37.1,121.0,0
0.0,301.1,311.4,1531.0,38.7,55.0,0
0.0,302.3,310.1,1321.0,52.7,134.0,1
2.0,302.2,311.1,1553.0,34.1,89.0,0
2.0,297.8,307.9,1600.0,33.5,13.0,0
0.0,300.2,309.2,1431.0,51.3,57.0,0
2.0,299.9,310.3,1535.0,43.9,154.0,0
0.0,301.9,310.8,1427.0,47.7,92.0,0
1.0,300.1,311.4,1617.0,39.3,47.0,0
2.0,302.6,311.5,1629.0,34.4,228.0,1
0.0,302.5,311.0,1548.0,38.4,188.0,0
0.0,300.4,309.7,1740.0,31.1,113.0,0
0.0,301.6,311.0,1431.0,42.6,158.0,0
0.0,299.5,310.7,1589.0,33.5,5.0,0
0.0,304.3,313.5,1590.0,29.8,17.0,0
0.0,297.7,308.5,1501.0,41.4,201.0,0
1.0,300.5,310.0,1415.0,43.5,98.0,0
0.0,298.2,308.0,1535.0,38.0,179.0,0
0.0,295.6,306.1,1372.0,55.6,215.0,1
0.0,296.0,306.7,1416.0,44.2,46.0,0
0.0,302.5,310.4,1487.0,42.0,152.0,0
1.0,302.1,311.3,1497.0,38.4,28.0,0
2.0,297.5,308.6,1440.0,46.1,84.0,0
0.0,301.8,310.7,1441.0,49.3,58.0,0
1.0,297.2,308.2,1405.0,42.5,204.0,0
0.0,302.2,310.8,1438.0,41.4,66.0,0
1.0,300.7,311.2,1769.0,26.5,63.0,0
0.0,300.6,309.3,1409.0,38.7,115.0,0
0.0,297.7,308.7,1694.0,29.1,102.0,0
0.0,303.5,311.9,1405.0,45.6,10.0,0
2.0,302.5,311.5,1496.0,43.8,218.0,0
0.0,296.8,308.1,1356.0,48.3,201.0,0
0.0,304.2,313.5,1438.0,50.1,100.0,0
0.0,298.8,308.6,1872.0,22.5,82.0,0
1.0,298.9,309.2,1581.0,36.7,101.0,0
0.0,299.7,311.1,1554.0,41.0,192.0,0
0.0,299.8,309.2,1572.0,35.4,158.0,0
0.0,301.1,310.8,1608.0,32.9,119.0,0
1.0,300.4,311.4,1604.0,31.7,119.0,0
1.0,298.2,307.9,1462.0,38.8,124.0,0
0.0,297.6,308.6,1393.0,40.4,127.0,0
1.0,301.1,310.2,1850.0,27.7,44.0,0
0.0,300.3,309.8,1466.0,41.2,156.0,0
0.0,300.7,309.6,1541.0,34.6,131.0,0
0.0,297.5,309.4,1517.0,36.7,233.0,0
0.0,302.0,310.8,1454.0,36.6,0.0,0
1.0,300.5,309.9,1780.0,26.5,101.0,0
2.0,302.3,310.1,1688.0,30.4,115.0,0
0.0,298.2,307.8,1804.0,25.1,108.0,0
0.0,296.5,307.6,1512.0,43.6,92.0,0
0.0,297.5,308.5,1691.0,33.1,9.0,0
1.0,298.5,309.3,1692.0,26.7,118.0,0
1.0,296.8,307.9,1683.0,31.8,76.0,0
1.0,300.4,310.2,1671.0,30.5,234.0,1
0.0,300.4,309.6,1536.0,34.5,154.0,0
0.0,297.2,308.1,1712.0,30.9,204.0,0
1.0,297.8,307.3,1315.0,54.0,180.0,0
0.0,302.4,310.9,1560.0,31.8,172.0,0
1.0,300.3,311.7,1551.0,36.4,84.0,0
0.0,297.4,308.4,1525.0,38.7,62.0,0
1.0,301.0,310.9,1359.0,53.4,180.0,0
1.0,298.1,308.8,1628.0,37.6,12.0,0
0.0,302.3,311.8,1433.0,50.3,183.0,0
0.0,298.4,309.3,1545.0,36.9,3.0,0
0.0,301.0,311.2,1511.0,42.9,26.0,0
1.0,300.4,309.3,1467.0,40.3,166.0,0
0.0,300.6,312.3,1532.0,37.2,54.0,0
0.0,300.6,310.1,1337.0,45.8,62.0,0
0.0,298.3,309.0,1519.0,36.9,41.0,0
2.0,298.0,308.6,1526.0,41.8,160.0,0
0.0,301.2,310.7,1951.0,21.3,44.0,0
0.0,304.1,313.3,1415.0,50.0,184.0,0
0.0,298.0,308.3,1405.0,56.2,218.0,1
0.0,297.4,308.9,1809.0,23.8,131.0,0
1.0,297.4,308.2,1401.0,51.9,117.0,0
2.0,301.7,310.2,1620.0,30.8,42.0,0
1.0,301.5,310.4,1486.0,39.6,144.0,0
2.0,297.6,308.2,2071.0,18.5,144.0,0
1.0,302.3,311.7,1453.0,42.5,56.0,0
0.0,298.4,308.3,1473.0,39.9,184.0,0
0.0,300.1,311.4,1910.0,23.0,153.0,0
0.0,300.8,309.7,1461.0,44.3,158.0,0
2.0,296.7,307.9,1579.0,33.4,50.0,0
0.0,303.0,311.0,1359.0,44.2,115.0,1
0.0,303.6,311.8,1567.0,31.7,97.0,0
0.0,300.2,310.1,1649.0,30.5,43.0,0
0.0,304.0,313.3,1294.0,54.6,102.0,0
0.0,302.8,312.1,1520.0,39.9,48.0,0
1.0,299.0,310.3,1582.0,33.3,177.0,0
0.0,301.2,310.6,1385.0,49.2,105.0,0
0.0,297.1,308.4,1543.0,39.6,205.0,0
0.0,298.0,308.9,1406.0,40.9,77.0,0
1.0,299.0,310.1,1593.0,35.4,5.0,0
0.0,298.2,307.8,1375.0,46.6,188.0,0
1.0,303.7,313.0,1469.0,39.9,137.0,0
0.0,300.6,311.3,1531.0,38.5,0.0,0
0.0,300.8,310.1,1405.0,61.2,189.0,1
0.0,298.8,308.6,1511.0,36.1,157.0,0
0.0,299.8,309.4,1555.0,34.8,122.0,0
0.0,298.0,308.5,1664.0,28.3,196.0,0
0.0,302.3,311.0,1446.0,37.6,75.0,0
0.0,303.7,313.0,1694.0,28.0,44.0,0
1.0,298.1,309.6,1549.0,38.7,43.0,0
1.0,298.5,309.4,1521.0,37.5,94.0,0
1.0,297.4,308.2,1530.0,32.6,22.0,0
0.0,298.7,308.6,1297.0,55.3,148.0,0
0.0,302.8,312.5,1462.0,43.4,68.0,0
0.0,298.8,308.7,1445.0,48.5,70.0,0
0.0,300.7,309.6,1733.0,24.8,85.0,0
1.0,303.0,312.4,1645.0,29.6,129.0,0
0.0,303.4,312.2,1337.0,69.4,52.0,1
0.0,302.8,312.3,1366.0,49.1,221.0,0
0.0,299.9,309.5,1349.0,51.3,176.0,0
2.0,299.2,308.8,1908.0,21.3,104.0,0
1.0,297.5,308.4,1350.0,52.2,157.0,0
2.0,299.1,308.3,1521.0,36.5,40.0,0
0.0,301.1,312.3,1587.0,34.5,115.0,0
1.0,297.9,308.9,1547.0,44.0,72.0,0
2.0,297.4,308.3,1771.0,27.4,100.0,0
1.0,300.4,311.7,1511.0,33.0,200.0,0
0.0,298.4,308.3,1422.0,42.7,186.0,0
2.0,299.1,308.3,1424.0,43.4,16.0,0
0.0,302.4,312.0,1457.0,45.5,206.0,0
0.0,300.3,311.7,1545.0,43.5,160.0,0
2.0,300.4,311.8,2496.0,13.5,5.0,0
0.0,302.3,311.5,1565.0,35.6,41.0,0
2.0,301.4,310.7,1536.0,44.4,96.0,0
0.0,301.6,310.7,1494.0,39.5,24.0,0
1.0,303.5,312.3,1543.0,33.3,71.0,0
1.0,298.3,308.3,1379.0,48.0,181.0,0
0.0,303.0,311.2,1755.0,30.4,205.0,0
0.0,301.7,311.0,1585.0,35.9,185.0,0
0.0,301.1,310.7,1334.0,48.2,106.0,0
0.0,299.0,308.6,1297.0,54.2,110.0,0
0.0,297.4,308.4,1341.0,52.2,49.0,0
0.0,301.7,310.8,1622.0,37.8,0.0,0
0.0,298.1,309.0,1502.0,40.9,153.0,0
0.0,299.2,308.5,1487.0,41.2,140.0,0
0.0,300.2,310.2,1415.0,49.6,21.0,0
1.0,301.4,311.0,1427.0,43.2,13.0,0
1.0,298.7,309.1,1423.0,49.5,200.0,0
0.0,298.3,309.0,1471.0,48.3,91.0,0
2.0,301.8,311.1,1543.0,36.4,120.0,0
0.0,301.3,310.8,1560.0,38.5,52.0,0
0.0,299.6,311.1,1679.0,30.7,129.0,0
0.0,300.1,309.7,1481.0,37.9,34.0,0
0.0,298.3,307.9,1435.0,39.9,143.0,0
2.0,297.3,308.2,1653.0,31.4,9.0,0
0.0,298.8,309.9,1351.0,47.2,73.0,0
1.0,296.8,307.5,1516.0,36.7,135.0,0
0.0,297.9,308.8,1613.0,31.4,57.0,0
0.0,297.9,309.1,1507.0,36.9,13.0,0
1.0,298.5,309.2,1721.0,29.4,170.0,0
0.0,301.3,310.0,1438.0,40.9,7.0,0
1.0,297.6,308.7,1475.0,46.6,54.0,0
0.0,299.9,310.4,1470.0,50.0,148.0,0
1.0,298.2,309.0,1410.0,47.6,76.0,0
0.0,302.9,312.2,1729.0,23.6,96.0,0
1.0,299.8,310.0,1460.0,37.1,169.0,0
1.0,302.2,311.5,1863.0,25.7,85.0,0
0.0,299.3,308.6,1314.0,48.2,65.0,0
1.0,300.9,310.7,1362.0,51.6,212.0,0
0.0,300.5,311.0,2074.0,18.9,9.0,0
0.0,304.2,313.4,1740.0,28.2,78.0,0
0.0,299.2,308.4,1393.0,48.4,35.0,0
1.0,298.6,309.7,1635.0,32.2,110.0,0
0.0,300.3,311.5,1548.0,32.2,25.0,0
1.0,300.0,310.2,1393.0,51.2,190.0,0
1.0,301.8,310.2,1609.0,34.2,217.0,0
1.0,299.4,309.1,1461.0,48.6,70.0,0
0.0,297.2,308.6,1652.0,32.1,52.0,0
0.0,298.5,308.0,1379.0,49.6,152.0,0
1.0,297.8,308.5,1466.0,44.7,88.0,0
0.0,299.7,309.3,1417.0,54.6,131.0,0
1.0,298.0,309.0,1562.0,39.2,155.0,0
1.0,302.4,310.4,1586.0,34.3,149.0,0
0.0,299.9,311.4,1596.0,28.9,160.0,0
0.0,298.7,310.2,1566.0,33.1,68.0,0
1.0,298.3,309.1,1296.0,58.7,201.0,0
2.0,298.3,310.1,1509.0,37.6,85.0,0
0.0,302.4,311.9,1541.0,37.9,192.0,0
0.0,298.8,308.6,1584.0,34.4,42.0,0
0.0,295.6,306.3,1636.0,32.7,56.0,0
0.0,297.4,308.2,1402.0,49.7,41.0,0
0.0,301.4,311.0,1634.0,32.6,155.0,0
0.0,301.0,311.0,1553.0,35.8,26.0,0
0.0,296.9,308.0,1658.0,41.0,74.0,0
2.0,298.9,308.8,1621.0,32.7,75.0,0
1.0,298.4,309.0,1544.0,38.8,97.0,0
0.0,298.7,309.6,1364.0,44.9,106.0,0
0.0,303.5,312.9,1501.0,44.0,128.0,0
0.0,301.5,310.4,1488.0,41.1,151.0,0
0.0,300.4,309.3,1671.0,35.0,209.0,0
2.0,300.4,309.9,1513.0,38.7,76.0,0
0.0,299.3,308.5,1510.0,45.4,72.0,0
0.0,300.7,311.9,1335.0,57.1,194.0,1
2.0,299.1,310.0,1431.0,49.5,205.0,0
0.0,297.4,308.3,1801.0,26.9,11.0,0
0.0,302.5,310.4,1349.0,55.1,187.0,1
0.0,299.7,310.6,1616.0,35.1,142.0,0
0.0,299.0,310.4,1524.0,39.8,120.0,0
1.0,302.2,311.2,1360.0,52.8,176.0,0
2.0,298.4,308.5,1398.0,47.1,122.0,0
2.0,300.0,309.7,1529.0,42.4,107.0,0
0.0,300.3,310.2,1471.0,45.2,48.0,0
0.0,301.0,310.6,1641.0,33.4,12.0,0
0.0,297.4,308.4,1369.0,50.6,220.0,1
0.0,297.5,308.8,1309.0,57.3,0.0,0
0.0,298.2,309.0,1413.0,55.0,145.0,0
1.0,297.5,308.5,1612.0,30.0,163.0,0
0.0,300.6,309.6,1684.0,32.8,53.0,0
1.0,297.5,309.4,1831.0,26.6,105.0,0
1.0,299.6,310.9,1530.0,38.8,198.0,0
0.0,302.3,311.4,1333.0,66.7,205.0,1
0.0,301.6,310.7,1638.0,33.8,196.0,0
0.0,301.9,311.0,2691.0,12.1,31.0,1
1.0,298.0,307.8,1483.0,50.9,26.0,0
0.0,302.5,311.5,1677.0,29.2,49.0,0
1.0,304.3,313.5,1416.0,48.1,167.0,0
2.0,301.8,311.2,1451.0,39.4,70.0,0
1.0,301.1,310.7,1367.0,43.4,111.0,0
0.0,301.9,310.9,1542.0,36.7,101.0,0
2.0,302.6,310.3,1721.0,27.4,79.0,0
1.0,302.5,311.8,2023.0,19.1,74.0,0
1.0,297.6,309.3,1529.0,41.9,3.0,0
2.0,296.4,307.4,1586.0,35.5,0.0,0
1.0,298.9,310.1,1442.0,42.9,153.0,0
0.0,298.4,309.2,1345.0,52.7,196.0,0
0.0,296.8,308.0,1536.0,40.4,217.0,0
1.0,303.9,313.1,1483.0,47.2,71.0,0
0.0,302.0,310.8,1615.0,29.0,235.0,1
1.0,299.5,308.9,1448.0,42.9,74.0,0
1.0,298.3,308.6,1589.0,37.1,137.0,0
0.0,303.7,312.1,1363.0,51.8,90.0,1
0.0,299.1,310.6,1818.0,24.1,173.0,0
1.0,299.5,309.3,1506.0,41.5,77.0,0
2.0,298.5,309.0,1531.0,30.8,212.0,0
2.0,298.9,310.2,1771.0,26.8,216.0,0
2.0,301.6,310.8,1435.0,47.2,152.0,0
2.0,300.3,309.9,1394.0,46.7,210.0,1
0.0,301.6,310.0,1869.0,22.9,18.0,0
1.0,300.5,312.0,1779.0,27.7,46.0,0
1.0,302.1,311.0,1351.0,60.3,207.0,1
2.0,299.2,310.7,1636.0,29.4,23.0,0
0.0,297.6,309.0,1528.0,33.8,22.0,0
1.0,298.3,307.7,1520.0,41.4,10.0,0
0.0,297.9,307.6,1968.0,20.4,171.0,0
0.0,302.6,310.5,1450.0,43.2,68.0,0
1.0,302.2,310.8,1356.0,48.3,36.0,0
0.0,300.0,311.4,1604.0,38.7,185.0,0
2.0,299.1,310.0,1657.0,33.1,187.0,0
2.0,300.6,312.1,1354.0,46.9,138.0,0
0.0,298.1,308.2,1482.0,37.9,17.0,0
1.0,301.7,310.8,1502.0,34.4,157.0,0
0.0,299.9,311.4,1627.0,36.7,118.0,0
2.0,297.4,308.7,1522.0,46.3,146.0,0
2.0,300.6,310.4,1510.0,42.8,124.0,0
0.0,299.0,310.3,1431.0,39.9,157.0,0
0.0,300.8,312.5,1423.0,47.3,123.0,0
0.0,298.4,309.5,2153.0,15.3,98.0,1
0.0,298.9,310.0,1422.0,43.6,78.0,0
1.0,297.8,307.9,1726.0,27.3,35.0,0
0.0,304.0,313.1,1720.0,28.7,106.0,0
0.0,299.7,311.0,1827.0,25.4,194.0,0
0.0,300.2,311.6,1529.0,35.5,21.0,0
0.0,303.5,313.1,1897.0,23.6,75.0,0
0.0,302.2,311.6,1658.0,31.4,89.0,0
0.0,300.3,311.8,1746.0,26.3,187.0,0
0.0,300.5,311.5,1499.0,37.6,73.0,0
0.0,298.6,309.9,1593.0,37.4,47.0,0
0.0,297.2,308.6,1392.0,41.5,108.0,0
1.0,300.8,310.3,1270.0,61.0,54.0,0
0.0,298.4,308.7,1588.0,35.0,99.0,0
0.0,295.6,306.1,1389.0,46.2,113.0,0
1.0,298.9,309.6,1472.0,46.0,199.0,0
0.0,303.7,312.2,1487.0,34.0,94.0,0
0.0,302.4,311.8,1416.0,46.1,202.0,0
2.0,297.3,308.3,1935.0,19.3,24.0,0
1.0,298.7,309.4,1375.0,48.3,157.0,0
0.0,302.0,309.7,1551.0,34.8,207.0,0
1.0,299.0,308.2,1358.0,42.7,50.0,0
2.0,303.9,312.7,1401.0,50.0,129.0,0
0.0,300.5,309.8,1461.0,52.5,146.0,0
0.0,297.9,308.5,1683.0,28.5,63.0,0
1.0,301.0,312.1,1664.0,28.4,168.0,0
0.0,297.4,309.4,1620.0,35.4,51.0,0
1.0,298.2,309.1,1411.0,45.8,157.0,0
0.0,303.1,311.2,1394.0,45.3,144.0,0
0.0,298.9,310.2,1696.0,30.2,214.0,0
1.0,300.9,311.8,1843.0,24.5,25.0,0
2.0,302.2,310.9,1522.0,35.9,61.0,0
0.0,301.3,310.6,1436.0,44.2,76.0,0
0.0,302.7,310.5,1725.0,29.0,209.0,0
1.0,300.8,311.0,1580.0,36.6,109.0,0
1.0,297.2,308.1,1554.0,41.3,147.0,0
0.0,302.3,311.5,1395.0,54.2,198.0,0
0.0,301.3,311.1,1454.0,40.3,191.0,0
2.0,300.6,311.7,1500.0,36.7,17.0,0
1.0,297.6,309.0,1427.0,45.6,179.0,0
2.0,298.5,308.9,1500.0,40.3,207.0,0
2.0,301.5,310.8,1474.0,38.7,58.0,0
0.0,299.0,308.1,1242.0,60.9,117.0,0
1.0,298.1,309.0,1661.0,38.2,82.0,0
0.0,298.6,309.4,1698.0,33.2,147.0,0
0.0,302.4,310.9,1349.0,46.1,148.0,1
1.0,300.0,310.2,1443.0,58.7,68.0,0
0.0,300.9,310.7,1658.0,28.5,18.0,0
0.0,303.7,312.4,1512.0,39.2,184.0,0
1.0,297.7,309.2,1700.0,27.4,176.0,0
2.0,297.4,308.6,1420.0,45.8,120.0,0
0.0,302.0,311.0,1550.0,35.2,184.0,0
1.0,300.4,311.6,1518.0,36.4,53.0,0
1.0,298.1,308.6,1716.0,30.7,119.0,0
1.0,296.6,307.5,1734.0,27.0,50.0,0
0.0,298.6,309.0,1469.0,46.0,4.0,0
0.0,298.4,308.5,1490.0,37.9,110.0,0
1.0,300.7,309.5,1733.0,26.7,108.0,0
0.0,301.4,310.9,1414.0,38.8,162.0,0
1.0,297.7,309.7,1680.0,30.2,168.0,0
0.0,299.1,310.2,1352.0,52.8,41.0,0
0.0,297.4,308.6,1678.0,32.3,180.0,0
0.0,300.9,310.5,1616.0,33.5,25.0,0
0.0,301.3,310.3,1460.0,41.5,197.0,0
0.0,298.1,307.5,1493.0,43.7,153.0,0
1.0,297.8,309.0,1434.0,43.3,96.0,0
1.0,299.6,309.4,1605.0,29.8,142.0,0
0.0,298.0,309.0,1679.0,32.4,90.0,0
2.0,298.8,310.2,1455.0,44.9,107.0,0
0.0,301.3,310.0,1344.0,54.8,186.0,0
0.0,297.3,308.3,1484.0,43.9,13.0,0
0.0,297.8,307.5,1631.0,29.9,144.0,0
1.0,302.3,311.8,1557.0,34.1,185.0,0
0.0,302.1,311.3,1521.0,31.5,202.0,0
0.0,298.0,308.6,1532.0,42.6,54.0,0
1.0,300.0,309.7,1652.0,28.6,112.0,0
2.0,300.4,309.4,1487.0,38.9,185.0,0
0.0,298.2,309.0,1651.0,31.5,197.0,0
0.0,299.3,308.6,1744.0,26.4,33.0,0
0.0,302.5,310.3,1688.0,31.6,66.0,0
0.0,303.7,313.0,1456.0,45.5,51.0,0
1.0,302.3,311.9,1508.0,42.3,159.0,0
2.0,302.4,310.1,1597.0,28.9,179.0,0
0.0,299.7,309.3,1574.0,35.8,6.0,0
1.0,299.2,308.9,1447.0,39.6,22.0,0
1.0,297.3,308.3,1341.0,51.9,51.0,0
0.0,296.2,307.3,1881.0,24.3,40.0,0
0.0,298.7,309.6,1502.0,46.7,198.0,0
1.0,297.6,308.5,1848.0,23.7,37.0,0
1.0,298.7,308.4,1507.0,45.7,192.0,0
2.0,298.3,309.6,1546.0,36.2,177.0,0
0.0,299.8,309.2,1439.0,36.1,203.0,0
0.0,297.9,309.8,1461.0,50.5,38.0,0
0.0,297.3,308.4,1339.0,52.1,36.0,0
0.0,300.1,309.1,1400.0,46.7,77.0,0
0.0,300.6,311.7,1428.0,52.6,208.0,0
1.0,298.9,309.8,1836.0,22.8,18.0,0
0.0,301.3,311.1,1647.0,28.2,140.0,0
1.0,300.2,309.6,1491.0,41.8,41.0,0
1.0,302.9,312.2,1292.0,54.4,136.0,0
0.0,303.7,312.5,1397.0,45.7,187.0,0
2.0,297.9,308.5,1383.0,44.6,184.0,0
1.0,298.8,309.6,1384.0,48.2,39.0,0
2.0,298.8,309.2,1306.0,54.5,50.0,0
0.0,302.2,311.5,1567.0,33.1,168.0,0
2.0,297.9,308.0,1800.0,24.8,44.0,0
1.0,304.2,313.5,1437.0,47.2,102.0,0
2.0,299.4,309.3,1743.0,28.2,0.0,0
1.0,297.6,308.6,1444.0,48.2,46.0,0
0.0,301.6,310.6,1321.0,60.8,73.0,0
0.0,303.3,311.5,1601.0,35.2,10.0,0
0.0,298.1,308.7,1568.0,32.9,10.0,0
0.0,298.3,308.0,1242.0,62.0,98.0,0
0.0,298.9,310.0,1482.0,41.1,82.0,0
0.0,297.1,308.2,1347.0,50.8,49.0,0
1.0,302.6,311.6,1227.0,68.2,187.0,1
0.0,302.4,311.1,1446.0,42.9,5.0,0
0.0,302.6,310.8,1470.0,41.2,156.0,0
0.0,298.3,307.9,1507.0,41.2,149.0,0
0.0,297.4,308.5,1295.0,52.1,130.0,0
0.0,300.6,309.6,1423.0,49.1,74.0,0
0.0,300.7,311.0,1403.0,48.3,70.0,0
0.0,300.6,309.6,1411.0,41.6,140.0,0
2.0,297.7,308.2,1489.0,43.0,151.0,0
1.0,300.4,311.6,1401.0,49.9,79.0,0
0.0,300.7,310.8,2113.0,18.5,95.0,0
1.0,297.5,308.2,1624.0,30.9,186.0,0
1.0,301.6,310.6,1691.0,30.1,40.0,0
0.0,299.0,310.3,1577.0,40.0,181.0,0
1.0,304.0,312.7,1456.0,51.2,160.0,0
1.0,301.8,310.7,1465.0,35.8,82.0,0
2.0,299.7,309.6,1553.0,41.0,179.0,0
0.0,300.0,310.4,1505.0,44.9,133.0,0
0.0,298.7,309.8,1402.0,54.3,128.0,0
0.0,303.1,312.6,1548.0,36.4,150.0,0
0.0,301.2,310.0,1618.0,37.6,32.0,0
2.0,304.0,313.2,1271.0,68.6,161.0,1
0.0,297.4,309.2,1620.0,33.2,28.0,0
1.0,303.7,312.8,1685.0,31.8,203.0,0
0.0,303.5,312.3,1946.0,21.1,112.0,0
2.0,302.5,310.9,1356.0,55.5,101.0,1
1.0,303.0,312.2,1257.0,71.3,122.0,1
0.0,301.0,312.3,1488.0,42.6,107.0,0
1.0,301.8,311.1,1597.0,29.8,177.0,0
1.0,300.7,309.6,1996.0,19.8,203.0,1
0.0,297.1,308.2,2267.0,15.7,181.0,0
2.0,297.3,308.6,1688.0,29.4,166.0,0
2.0,302.0,309.9,1735.0,27.2,192.0,0
0.0,300.0,311.5,1445.0,41.6,81.0,0
0.0,303.7,312.4,1718.0,26.5,130.0,0
0.0,297.6,307.2,1486.0,40.6,42.0,0
1.0,300.0,311.4,1352.0,61.8,10.0,0
0.0,303.7,313.1,1355.0,49.1,188.0,0
1.0,302.2,311.6,1379.0,42.9,13.0,0
0.0,299.0,309.4,1693.0,30.1,84.0,0
1.0,299.0,310.3,1689.0,29.7,101.0,0
0.0,298.8,309.5,1645.0,32.8,157.0,0
0.0,302.4,310.1,1401.0,48.8,177.0,0
0.0,299.4,309.0,1436.0,47.9,75.0,0
1.0,300.2,311.4,1960.0,20.9,20.0,0
0.0,300.5,310.4,1761.0,26.5,12.0,0
0.0,300.7,309.5,1541.0,37.2,48.0,0
0.0,298.3,309.1,1395.0,49.8,133.0,0
0.0,297.7,309.3,1893.0,24.6,15.0,0
1.0,301.1,311.2,1591.0,35.0,208.0,0
1.0,300.7,310.9,1486.0,38.9,106.0,0
0.0,302.7,312.2,1336.0,46.8,179.0,0
1.0,297.9,309.0,1525.0,38.5,113.0,0
1.0,297.4,308.7,1481.0,48.0,117.0,0
0.0,298.6,309.6,1563.0,35.0,21.0,0
0.0,303.7,312.7,1359.0,56.8,194.0,1
0.0,300.9,310.8,1482.0,37.0,5.0,0
0.0,303.5,312.5,1457.0,46.4,168.0,0
1.0,303.4,312.8,1526.0,30.8,37.0,0
0.0,299.9,309.2,1624.0,34.6,105.0,0
2.0,298.3,308.1,2636.0,12.8,84.0,0
0.0,300.9,312.1,1359.0,51.7,146.0,0
1.0,301.8,311.5,1416.0,49.0,136.0,0
0.0,297.1,308.4,1304.0,53.5,153.0,0
0.0,300.8,309.6,1680.0,28.7,22.0,0
0.0,298.2,308.3,1475.0,49.9,47.0,0
0.0,298.9,310.4,1546.0,37.7,159.0,0
0.0,298.2,308.3,2057.0,18.0,168.0,0
0.0,302.8,311.0,1564.0,38.5,85.0,0
2.0,298.3,309.4,1631.0,29.8,0.0,0
1.0,301.0,310.7,1455.0,46.1,103.0,0
2.0,304.2,313.5,1684.0,29.8,156.0,0
0.0,297.7,308.9,1516.0,33.7,92.0,0
0.0,302.2,310.8,1340.0,47.8,54.0,0
0.0,298.9,308.6,1413.0,46.5,122.0,0
0.0,298.9,309.9,1404.0,39.8,62.0,0
0.0,302.0,310.7,1453.0,42.7,92.0,0
1.0,300.3,309.1,1458.0,44.3,175.0,0
0.0,298.9,310.1,1361.0,51.7,192.0,0
1.0,298.9,308.2,1335.0,47.8,40.0,0
1.0,298.0,307.7,1621.0,34.9,194.0,0
0.0,300.4,312.0,1366.0,43.0,117.0,0
1.0,302.1,310.6,1517.0,38.9,2.0,0
0.0,298.0,308.2,1442.0,44.1,204.0,0
0.0,302.0,310.5,1635.0,39.8,99.0,0
0.0,300.1,311.4,1572.0,36.2,199.0,0
1.0,301.3,311.1,1678.0,30.7,34.0,0
1.0,302.2,311.2,1561.0,34.9,106.0,0
0.0,297.2,308.4,1833.0,25.2,117.0,0
1.0,298.2,309.0,1694.0,28.0,5.0,0
0.0,299.3,308.6,1605.0,37.0,78.0,0
0.0,297.5,308.9,1443.0,43.5,0.0,0
1.0,298.8,309.1,1368.0,49.1,117.0,0
1.0,299.9,311.4,1337.0,54.8,32.0,0
0.0,302.1,310.5,1389.0,49.6,169.0,0
1.0,300.3,311.1,1477.0,44.2,166.0,0
0.0,301.9,309.7,1719.0,31.9,0.0,0
0.0,298.9,310.0,2231.0,17.4,151.0,0
0.0,299.7,310.4,1614.0,36.2,108.0,0
0.0,302.0,310.6,1325.0,55.3,192.0,0
0.0,298.5,309.8,1468.0,40.9,157.0,0
1.0,300.2,311.6,1513.0,40.8,157.0,0
0.0,298.6,310.0,1334.0,48.0,42.0,0
0.0,297.6,308.6,2384.0,14.4,171.0,0
2.0,297.7,308.4,1288.0,49.5,91.0,0
0.0,300.7,310.7,1416.0,40.4,214.0,0
1.0,295.6,306.1,1418.0,46.2,24.0,0
2.0,295.6,306.2,1329.0,55.3,135.0,0
1.0,301.9,309.6,1551.0,34.6,211.0,0
0.0,301.5,310.6,1579.0,28.0,220.0,0
2.0,302.5,310.4,1422.0,41.9,156.0,0
1.0,300.0,309.6,1423.0,48.7,67.0,0
0.0,301.3,311.0,1418.0,41.9,208.0,0
2.0,300.3,311.8,2141.0,18.5,204.0,0
0.0,298.2,308.9,1737.0,25.5,26.0,0
0.0,298.2,308.8,1302.0,60.4,34.0,0
0.0,299.3,309.1,1495.0,44.0,55.0,0
1.0,302.3,311.0,1450.0,45.7,175.0,0
0.0,301.0,310.9,1578.0,38.4,49.0,0
2.0,300.3,309.5,1438.0,44.0,59.0,0
0.0,298.6,309.5,1547.0,44.8,36.0,0
1.0,298.2,309.0,1723.0,26.6,168.0,0
0.0,300.6,310.6,1931.0,22.0,24.0,0
2.0,298.4,308.9,1577.0,37.1,0.0,0
0.0,298.8,310.0,1389.0,49.6,149.0,0
0.0,303.6,312.6,1699.0,27.9,160.0,0
1.0,303.4,311.9,1510.0,42.2,36.0,0
0.0,300.0,311.3,1520.0,39.2,43.0,0
0.0,298.2,308.7,1408.0,46.3,3.0,0
1.0,297.9,309.2,1529.0,38.1,96.0,0
0.0,303.7,312.7,1335.0,51.1,161.0,0
1.0,297.5,308.9,1436.0,44.8,2.0,0
1.0,298.6,309.9,1517.0,34.0,215.0,0
1.0,301.7,309.9,1434.0,47.9,189.0,0
0.0,298.9,310.1,1466.0,43.4,50.0,0
0.0,298.7,309.6,1516.0,38.5,61.0,0
0.0,299.3,309.0,1419.0,46.6,158.0,0
0.0,300.3,311.8,1551.0,37.2,9.0,0
1.0,301.4,310.6,1630.0,30.3,2.0,0
2.0,299.3,309.1,1552.0,40.7,120.0,0
1.0,300.0,309.3,2293.0,16.3,170.0,0
1.0,302.1,310.0,1531.0,38.0,161.0,0
0.0,298.6,309.5,1450.0,44.3,7.0,0
0.0,299.8,309.7,1483.0,39.6,87.0,0
1.0,299.2,308.6,1631.0,35.4,64.0,0
0.0,298.8,309.1,1439.0,39.2,104.0,0
1.0,300.3,311.4,1554.0,34.3,99.0,0
0.0,302.1,310.8,1596.0,37.1,43.0,0
0.0,297.8,308.4,1518.0,32.5,190.0,0
1.0,298.6,309.5,1580.0,33.9,70.0,0
0.0,298.6,310.0,1522.0,40.3,32.0,0
1.0,299.2,310.4,1504.0,43.3,37.0,0
0.0,300.7,311.0,1969.0,20.7,109.0,0
0.0,297.8,307.5,1391.0,48.6,109.0,0
1.0,296.3,307.2,1446.0,45.9,180.0,0
0.0,295.8,306.4,1339.0,53.2,67.0,0
0.0,298.8,309.7,1582.0,45.0,11.0,0
0.0,300.3,311.8,1413.0,46.0,182.0,0
0.0,300.4,311.8,1367.0,57.2,10.0,0
1.0,300.3,311.8,1592.0,32.1,11.0,0
0.0,299.5,310.8,1283.0,52.4,112.0,0
2.0,297.6,309.6,1669.0,32.1,155.0,0
0.0,297.5,308.9,1596.0,30.7,5.0,0
0.0,301.4,310.4,1388.0,45.3,188.0,0
0.0,302.4,310.9,1469.0,39.6,86.0,0
1.0,300.5,309.7,1341.0,50.9,137.0,0
1.0,298.5,309.7,1552.0,34.0,205.0,0
1.0,304.3,313.5,2245.0,15.1,172.0,0
1.0,300.2,310.1,1619.0,31.3,38.0,0
2.0,299.5,309.4,1386.0,44.4,154.0,0
0.0,300.4,311.9,1476.0,48.7,189.0,0
0.0,302.8,312.4,1368.0,49.5,10.0,0
0.0,296.2,307.3,1711.0,29.9,42.0,0
0.0,299.1,308.6,1408.0,46.7,196.0,0
0.0,300.7,310.2,1493.0,35.9,10.0,0
0.0,303.4,311.8,1438.0,58.9,22.0,0
1.0,299.8,311.1,1562.0,35.7,170.0,0
0.0,296.5,307.6,1415.0,44.2,106.0,0
1.0,298.7,309.2,1423.0,48.9,187.0,0
0.0,297.3,308.5,1528.0,44.5,140.0,0
1.0,296.6,307.4,1790.0,25.8,72.0,0
2.0,298.9,308.7,1500.0,41.6,187.0,0
1.0,302.8,312.2,1615.0,32.9,159.0,0
1.0,297.4,308.9,1500.0,46.3,137.0,0
0.0,298.4,308.0,1508.0,47.9,25.0,0
0.0,300.5,311.6,1365.0,53.0,85.0,0
0.0,298.3,308.6,1499.0,38.3,142.0,0
1.0,300.6,310.7,1457.0,36.7,193.0,0
1.0,300.3,310.2,1442.0,39.5,4.0,0
0.0,298.6,309.4,1375.0,55.4,145.0,0
0.0,299.1,310.1,1416.0,41.2,185.0,0
0.0,301.7,311.0,1441.0,44.3,208.0,1
0.0,299.7,311.1,1574.0,36.4,135.0,0
0.0,303.8,313.0,1452.0,38.6,72.0,0
0.0,298.6,309.5,1483.0,43.2,92.0,0
1.0,301.9,311.1,1380.0,51.6,184.0,0
2.0,298.6,309.5,1420.0,50.4,82.0,0
0.0,298.1,307.9,1502.0,41.8,79.0,0
0.0,300.8,311.9,1414.0,41.1,171.0,0
0.0,302.0,310.7,1348.0,58.1,83.0,0
0.0,297.4,308.0,1356.0,51.9,184.0,0
0.0,299.2,308.5,1378.0,53.4,100.0,0
0.0,297.5,309.3,1675.0,29.8,72.0,0
1.0,300.4,311.7,1398.0,42.6,176.0,0
2.0,302.4,310.2,1435.0,44.9,127.0,0
0.0,298.0,309.2,1665.0,36.6,22.0,0
0.0,298.3,309.1,1437.0,38.0,93.0,0
0.0,299.5,310.8,1374.0,48.3,154.0,0
1.0,300.6,310.4,1407.0,51.1,157.0,0
0.0,300.0,309.7,1542.0,47.1,25.0,0
0.0,297.5,308.5,1722.0,30.4,178.0,0
0.0,304.1,313.6,1556.0,37.4,129.0,0
1.0,300.2,309.4,1501.0,40.0,48.0,0
1.0,298.1,307.4,1363.0,60.1,187.0,0
0.0,300.3,310.3,1483.0,51.6,50.0,0
2.0,301.5,310.5,1453.0,48.0,124.0,0
1.0,298.2,308.8,1626.0,40.4,20.0,0
0.0,301.7,310.6,1545.0,42.1,68.0,0
1.0,298.9,310.7,1638.0,33.6,218.0,0
0.0,302.1,311.0,1351.0,49.5,196.0,0
1.0,302.1,310.6,1421.0,52.0,95.0,0
0.0,298.1,308.6,1558.0,42.4,14.0,0
1.0,299.1,308.3,1506.0,38.0,125.0,0
1.0,298.5,308.0,1363.0,49.2,149.0,0
0.0,298.0,307.8,1386.0,57.3,147.0,0
1.0,300.4,311.8,1553.0,33.1,209.0,1
1.0,303.7,312.4,1474.0,38.8,139.0,0
0.0,297.7,309.6,1529.0,35.2,153.0,0
0.0,298.4,309.6,1479.0,37.8,144.0,0
0.0,299.9,310.0,1447.0,45.9,162.0,0
1.0,298.5,309.4,1522.0,47.4,20.0,0
1.0,302.7,311.1,1297.0,60.7,125.0,1
0.0,300.9,310.7,1389.0,50.0,214.0,0
2.0,300.4,311.2,1489.0,45.3,180.0,0
0.0,300.0,311.4,1476.0,39.0,92.0,0
0.0,302.4,311.0,1610.0,33.1,161.0,0
0.0,295.6,306.0,1419.0,51.1,7.0,0
1.0,300.0,309.1,1624.0,30.8,155.0,0
2.0,297.7,307.6,1538.0,38.3,63.0,0
0.0,304.3,313.6,1409.0,56.0,19.0,0
1.0,297.0,308.1,1363.0,45.3,196.0,0
0.0,300.5,310.6,1540.0,46.7,206.0,0
0.0,299.5,309.3,1523.0,41.5,181.0,0
2.0,300.4,311.6,1715.0,30.8,203.0,0
2.0,300.5,310.6,1411.0,47.2,201.0,0
2.0,297.7,308.8,1404.0,50.3,97.0,0
0.0,302.4,312.0,1545.0,36.4,12.0,0
0.0,301.6,310.1,1687.0,26.6,16.0,0
0.0,301.4,311.3,1674.0,33.3,46.0,0
1.0,298.4,309.0,1507.0,36.1,191.0,0
0.0,302.5,312.2,1775.0,27.9,56.0,0
0.0,297.0,307.9,1296.0,69.1,153.0,1
0.0,295.6,306.0,1363.0,50.0,14.0,0
1.0,299.1,308.8,1491.0,41.0,209.0,0
0.0,300.9,311.1,1457.0,37.4,96.0,0
1.0,300.4,311.7,1508.0,45.4,164.0,0
0.0,300.1,309.8,1430.0,56.7,44.0,0
0.0,298.0,307.7,1479.0,42.5,47.0,0
0.0,302.4,312.0,1508.0,36.9,5.0,0
0.0,297.0,307.7,1315.0,60.1,128.0,0
1.0,302.6,311.0,1589.0,39.0,122.0,0
0.0,295.8,306.5,1534.0,37.9,88.0,0
1.0,296.1,306.9,1951.0,23.3,38.0,0
0.0,301.4,311.1,1952.0,22.7,131.0,0
0.0,299.0,309.1,1523.0,38.6,177.0,0
0.0,299.0,310.1,1470.0,40.3,83.0,0
0.0,301.3,310.1,1531.0,41.6,9.0,0
0.0,303.3,311.4,1732.0,25.6,232.0,0
0.0,303.9,313.1,1665.0,29.6,0.0,0
1.0,301.4,310.5,1495.0,52.5,201.0,0
1.0,303.6,312.8,1400.0,43.2,23.0,0
1.0,300.6,309.5,1557.0,33.8,84.0,0
0.0,300.0,311.5,1455.0,41.7,130.0,0
0.0,301.7,310.7,1542.0,40.0,188.0,0
1.0,301.7,310.6,1505.0,44.5,146.0,0
0.0,298.8,310.0,1487.0,41.4,152.0,0
0.0,297.9,307.5,1574.0,35.8,153.0,0
1.0,300.5,309.7,1347.0,54.3,136.0,0
1.0,299.4,308.7,1289.0,60.5,104.0,0
0.0,300.2,310.0,1389.0,53.6,184.0,0
1.0,298.8,309.8,1477.0,46.7,59.0,0
1.0,298.8,308.6,1598.0,35.1,52.0,0
0.0,301.5,311.0,1494.0,45.3,99.0,0
2.0,299.0,308.5,1623.0,33.5,154.0,0
0.0,300.6,311.7,1744.0,26.9,111.0,0
0.0,303.5,311.6,1577.0,38.1,112.0,0
1.0,298.7,309.7,1362.0,50.5,34.0,0
1.0,302.1,310.7,1364.0,47.8,213.0,1
0.0,301.5,310.4,1270.0,54.2,26.0,0
1.0,297.4,308.8,1359.0,48.7,220.0,0
2.0,300.9,310.7,1609.0,28.7,39.0,0
1.0,298.7,309.6,1382.0,48.1,186.0,0
0.0,298.9,309.9,1592.0,32.0,60.0,0
0.0,301.9,310.9,1616.0,34.5,46.0,0
0.0,300.4,310.1,1503.0,42.2,196.0,0
1.0,298.5,309.6,1572.0,33.0,127.0,0
0.0,302.4,311.1,1520.0,42.2,143.0,0
2.0,297.4,309.3,1516.0,43.0,83.0,0
0.0,302.5,310.2,1547.0,36.9,103.0,0
0.0,300.8,310.2,1520.0,37.7,193.0,0
1.0,301.4,310.7,1459.0,37.7,40.0,0
1.0,302.3,310.1,1563.0,37.8,31.0,0
0.0,300.1,310.1,1650.0,31.6,19.0,0
1.0,302.3,310.9,1360.0,44.0,67.0,1
0.0,298.9,310.0,1791.0,27.6,166.0,0
1.0,301.7,310.9,1644.0,32.5,201.0,0
0.0,299.2,310.7,1535.0,42.6,17.0,0
0.0,301.6,311.3,1706.0,29.9,93.0,0
0.0,297.2,308.5,1574.0,35.8,95.0,0
1.0,297.2,308.6,1404.0,43.7,160.0,0
0.0,296.9,307.9,1535.0,39.2,133.0,0
1.0,301.2,310.3,1379.0,43.2,56.0,0
1.0,299.4,308.6,1541.0,39.1,109.0,0
0.0,301.5,310.7,1942.0,20.5,155.0,0
2.0,301.0,310.9,1495.0,37.3,21.0,0
0.0,300.9,310.9,1228.0,66.4,109.0,0
0.0,297.5,308.3,1435.0,40.3,197.0,0
0.0,302.6,311.6,1311.0,53.2,0.0,0
0.0,303.9,312.7,1339.0,62.3,156.0,0
0.0,301.3,310.4,1504.0,47.2,193.0,0
0.0,297.8,308.5,1448.0,40.0,192.0,0
1.0,298.6,310.1,1596.0,33.0,15.0,0
0.0,297.3,308.3,2358.0,14.9,49.0,0
1.0,302.1,310.8,1409.0,41.3,39.0,0
1.0,300.7,310.6,1439.0,41.7,184.0,0
1.0,301.4,310.7,1617.0,34.3,101.0,0
0.0,303.9,313.0,1551.0,36.8,140.0,0
2.0,299.2,309.1,1410.0,47.1,9.0,0
2.0,299.9,311.2,1364.0,49.6,50.0,0
1.0,301.7,310.5,1458.0,41.4,153.0,0
0.0,301.1,310.1,1540.0,36.6,28.0,0
0.0,298.9,310.4,1739.0,26.3,30.0,0
2.0,297.6,308.3,1400.0,44.3,43.0,0
0.0,300.6,310.4,1446.0,49.7,155.0,0
0.0,303.2,312.6,1281.0,57.0,144.0,0
0.0,302.4,311.0,1329.0,54.6,176.0,0
0.0,300.6,310.2,1622.0,34.1,3.0,0
0.0,298.8,308.9,1527.0,32.4,189.0,0
1.0,300.6,311.9,1629.0,35.3,0.0,0
0.0,301.0,310.8,1527.0,45.3,8.0,0
0.0,301.8,310.7,1461.0,44.2,49.0,0
0.0,302.4,311.0,1338.0,67.6,194.0,1
0.0,301.9,310.3,1972.0,21.3,67.0,0
1.0,300.6,309.4,1541.0,35.2,105.0,0
1.0,296.9,307.6,1685.0,32.0,10.0,0
0.0,297.2,308.5,1588.0,40.4,190.0,0
0.0,302.6,312.3,1647.0,31.8,52.0,0
1.0,297.7,308.3,1547.0,36.8,74.0,0
1.0,300.2,309.6,1556.0,35.8,36.0,0
0.0,297.5,308.5,1462.0,52.3,148.0,0
1.0,297.4,308.8,1325.0,62.4,204.0,1
0.0,302.0,310.0,1832.0,22.9,178.0,0
0.0,302.5,311.9,1520.0,44.9,94.0,0
0.0,300.1,309.2,1326.0,55.9,55.0,0
0.0,300.2,311.6,1540.0,37.7,71.0,0
1.0,299.9,310.5,1335.0,52.9,180.0,0
0.0,297.4,308.5,1477.0,40.7,74.0,0
0.0,304.0,313.0,1407.0,42.1,5.0,0
1.0,300.7,310.6,1609.0,27.6,108.0,0
0.0,297.7,308.9,1458.0,41.1,14.0,0
0.0,301.7,310.7,1318.0,55.0,194.0,0
0.0,297.3,308.5,1497.0,47.5,27.0,0
0.0,302.6,310.4,1415.0,52.1,12.0,0
0.0,298.0,308.8,1610.0,33.7,212.0,0
1.0,301.1,311.3,1389.0,53.3,8.0,0
0.0,298.6,309.9,1564.0,37.1,30.0,0
1.0,297.1,307.9,1662.0,26.9,183.0,0
0.0,300.2,309.3,1366.0,49.3,59.0,0
1.0,297.1,308.5,1515.0,42.1,81.0,0
2.0,302.5,311.3,1393.0,47.5,130.0,0
1.0,297.9,307.9,1540.0,39.8,38.0,0
0.0,297.6,308.5,1678.0,34.2,114.0,0
0.0,300.9,310.3,1321.0,48.8,150.0,0
1.0,298.7,309.8,1501.0,44.7,48.0,0
0.0,297.6,309.5,1574.0,30.9,151.0,0
0.0,300.9,310.5,1565.0,35.9,81.0,0
0.0,297.9,308.6,1757.0,27.5,118.0,0
0.0,302.9,311.0,1820.0,24.6,128.0,0
0.0,302.7,312.0,1828.0,24.0,63.0,0
1.0,299.5,310.9,1577.0,34.6,159.0,0
0.0,296.8,307.8,1394.0,47.7,155.0,0
0.0,297.4,308.1,1348.0,57.4,66.0,0
0.0,303.5,312.6,1602.0,34.2,108.0,0
0.0,300.1,309.2,1427.0,37.6,73.0,0
1.0,300.2,311.6,1608.0,35.0,212.0,0
0.0,299.2,310.6,1675.0,33.3,28.0,0
0.0,298.6,309.8,1637.0,34.6,207.0,0
1.0,300.7,309.6,1525.0,36.5,71.0,0
0.0,297.2,308.5,1447.0,47.9,188.0,0
2.0,303.6,312.5,1375.0,54.0,186.0,0
1.0,297.6,308.5,1490.0,43.4,154.0,0
0.0,301.2,310.6,1389.0,45.3,64.0,0
0.0,300.7,311.8,1441.0,38.1,34.0,0
0.0,303.1,312.4,1407.0,41.2,107.0,0
1.0,297.7,309.6,1596.0,35.2,173.0,0
0.0,302.3,311.4,1504.0,38.7,65.0,0
0.0,302.5,310.2,1716.0,29.9,156.0,0
0.0,299.9,309.5,2008.0,20.4,165.0,0
0.0,303.3,311.3,1389.0,53.9,39.0,0
0.0,298.3,308.3,1452.0,45.5,63.0,0
0.0,298.7,309.8,1539.0,33.4,2.0,0
0.0,297.8,308.8,1421.0,49.6,101.0,0
0.0,302.8,310.6,1470.0,41.1,205.0,0
0.0,298.1,308.1,1791.0,27.3,63.0,0
0.0,300.4,309.3,1766.0,28.2,207.0,0
1.0,297.4,307.9,1627.0,34.3,166.0,0
2.0,300.2,311.5,1454.0,42.8,88.0,0
1.0,301.5,310.8,1628.0,36.4,167.0,0
0.0,302.4,311.8,1433.0,42.2,134.0,0
0.0,301.2,309.9,1449.0,45.5,23.0,0
0.0,301.7,310.8,1559.0,44.5,135.0,0
2.0,297.2,308.5,1524.0,41.4,192.0,0
0.0,302.2,311.5,1482.0,45.6,87.0,0
0.0,299.4,309.0,1404.0,47.3,86.0,0
1.0,297.8,309.4,1495.0,36.5,132.0,0
1.0,298.1,309.1,1572.0,37.5,126.0,0
1.0,297.8,307.4,1438.0,43.6,141.0,0
0.0,300.5,310.6,1950.0,20.3,208.0,0
1.0,298.2,308.9,1512.0,38.5,28.0,0
0.0,302.5,310.3,1584.0,35.5,158.0,0
1.0,298.0,307.5,1431.0,52.9,92.0,0
2.0,300.7,309.5,2007.0,19.7,2.0,0
1.0,302.9,311.2,1467.0,37.7,73.0,0
1.0,297.1,307.9,1980.0,20.3,159.0,0
0.0,297.4,308.6,1439.0,46.4,114.0,0
1.0,298.9,308.5,1456.0,50.0,156.0,0
1.0,300.5,311.9,1511.0,44.5,30.0,0
1.0,298.1,309.1,1448.0,52.5,150.0,0
0.0,297.7,307.2,1444.0,40.0,17.0,0
0.0,299.2,310.6,1370.0,61.9,42.0,0
0.0,302.4,311.8,1255.0,59.0,138.0,0
0.0,298.2,308.1,1462.0,50.8,27.0,0
0.0,297.7,308.7,1449.0,40.2,95.0,0
1.0,299.3,309.1,1376.0,46.7,49.0,0
1.0,298.1,308.8,1811.0,25.4,147.0,0
0.0,296.5,307.3,1579.0,34.5,166.0,0
0.0,299.3,308.5,1413.0,38.5,57.0,0
0.0,301.6,310.0,1566.0,30.3,79.0,0
2.0,302.7,310.8,1275.0,55.0,25.0,1
2.0,297.8,308.9,1650.0,32.2,195.0,0
0.0,299.9,309.4,1348.0,52.8,31.0,0
0.0,297.4,308.6,1524.0,43.1,73.0,0
0.0,302.1,310.8,1786.0,25.7,47.0,0
1.0,302.2,311.1,1728.0,34.0,179.0,0
1.0,300.6,309.5,1530.0,40.2,93.0,0
1.0,299.3,309.3,1523.0,37.9,204.0,0
0.0,301.9,311.3,1501.0,40.8,59.0,0
0.0,298.8,309.8,1599.0,33.6,131.0,0
1.0,302.6,311.0,1591.0,33.9,119.0,0
0.0,298.7,310.1,1433.0,54.6,66.0,0
2.0,298.6,309.6,1593.0,33.3,95.0,0
0.0,302.0,310.5,1809.0,27.1,175.0,0
1.0,298.0,309.9,1445.0,45.2,55.0,0
0.0,300.2,311.8,1436.0,48.2,175.0,0
0.0,299.0,310.4,1512.0,38.8,109.0,0
0.0,295.8,306.5,1505.0,35.2,86.0,0
0.0,300.3,310.3,1704.0,29.5,0.0,0
1.0,300.4,309.8,1725.0,30.4,195.0,0
0.0,297.2,307.9,1469.0,48.2,144.0,0
2.0,298.8,309.2,1372.0,48.5,120.0,0
0.0,302.4,310.2,1633.0,28.0,164.0,0
1.0,299.7,310.2,1440.0,42.8,30.0,0
1.0,300.8,309.7,1751.0,27.9,183.0,0
2.0,297.5,308.6,1481.0,38.8,14.0,0
0.0,302.3,311.4,1609.0,32.3,49.0,0
0.0,299.9,309.1,1412.0,48.3,198.0,0
0.0,301.7,311.0,1548.0,40.3,21.0,0
1.0,297.2,308.0,1478.0,42.5,56.0,0
2.0,300.4,309.7,1500.0,35.2,112.0,0
2.0,299.0,310.5,1336.0,56.8,136.0,0
2.0,301.6,310.6,1821.0,26.2,171.0,0
2.0,300.6,311.7,1535.0,33.3,92.0,0
0.0,298.4,308.8,1352.0,56.7,24.0,0
1.0,302.4,311.1,1887.0,22.4,197.0,0
2.0,302.9,312.3,1754.0,26.9,209.0,0
2.0,300.3,309.7,1582.0,30.8,144.0,0
0.0,301.1,309.7,1668.0,30.8,158.0,0
0.0,298.5,309.0,1450.0,40.5,199.0,0
0.0,300.6,310.9,1433.0,42.6,101.0,0
0.0,300.6,310.5,1644.0,33.8,148.0,0
0.0,302.4,311.9,1290.0,70.0,139.0,1
1.0,298.8,309.8,1490.0,38.6,127.0,0
0.0,298.2,309.1,1429.0,48.5,164.0,0
1.0,298.6,309.7,1280.0,64.1,71.0,0
1.0,302.0,311.3,1530.0,36.4,27.0,0
0.0,298.1,308.0,1638.0,35.1,38.0,0
0.0,296.7,308.0,1535.0,36.8,210.0,0
2.0,301.3,310.6,1605.0,32.5,59.0,0
0.0,300.8,311.2,1430.0,54.4,85.0,0
1.0,300.1,309.2,1418.0,39.8,221.0,0
1.0,300.9,309.7,1394.0,48.8,192.0,0
0.0,296.8,307.9,1698.0,30.8,48.0,0
0.0,298.2,307.9,1785.0,23.4,181.0,0
0.0,302.4,310.0,1426.0,46.6,102.0,0
0.0,298.1,309.9,1642.0,30.4,58.0,0
1.0,298.0,308.2,1395.0,49.1,206.0,0
0.0,301.8,310.7,1547.0,41.7,72.0,0
1.0,301.6,310.7,2012.0,20.7,178.0,0
0.0,300.3,309.2,1412.0,44.8,200.0,0
1.0,295.6,306.2,1477.0,45.0,40.0,0
2.0,299.3,308.8,1397.0,45.4,191.0,0
1.0,302.0,310.6,1479.0,40.5,24.0,0
2.0,302.7,310.5,1568.0,36.9,28.0,0
1.0,298.9,310.0,1520.0,35.6,48.0,0
1.0,301.9,310.6,1412.0,46.5,89.0,0
0.0,300.6,311.9,1413.0,41.3,43.0,0
1.0,303.7,312.7,1612.0,36.3,200.0,0
1.0,299.5,309.1,1420.0,49.5,5.0,0
2.0,299.1,308.2,1450.0,46.1,112.0,0
0.0,299.2,308.5,1457.0,44.7,195.0,0
0.0,297.8,307.9,1447.0,48.6,46.0,0
1.0,297.1,307.8,1538.0,34.3,181.0,0
0.0,297.4,309.4,1473.0,45.5,94.0,0
0.0,300.1,311.4,1446.0,40.6,147.0,0
1.0,300.2,309.7,1183.0,61.4,170.0,0
0.0,300.8,311.8,1928.0,21.8,209.0,0
0.0,297.2,308.8,1451.0,43.1,68.0,0
0.0,297.7,307.4,1764.0,29.0,139.0,0
0.0,301.1,310.5,1324.0,52.4,171.0,0
1.0,300.5,309.4,1655.0,32.1,37.0,0
2.0,303.4,311.9,1402.0,50.0,54.0,0
0.0,298.8,308.6,1268.0,55.8,155.0,0
0.0,296.2,307.2,1356.0,43.6,22.0,0
1.0,300.9,311.3,1801.0,24.6,100.0,0
0.0,299.1,308.9,1686.0,29.6,108.0,0
2.0,300.9,311.2,1518.0,35.0,90.0,0
0.0,302.9,312.4,2030.0,19.1,192.0,0
0.0,298.1,307.9,1425.0,58.2,57.0,0
1.0,298.4,308.1,1495.0,46.0,203.0,0
0.0,298.3,309.1,1403.0,45.1,138.0,0
1.0,301.5,310.6,2432.0,14.2,126.0,0
0.0,297.8,309.0,1456.0,41.2,0.0,0
2.0,303.2,311.2,1475.0,43.1,20.0,0
0.0,300.2,310.1,1523.0,42.3,25.0,0
0.0,299.4,309.3,1377.0,43.6,28.0,0
0.0,300.1,311.5,1454.0,52.4,90.0,0
1.0,302.4,311.3,1312.0,61.5,85.0,0
0.0,298.4,308.9,1496.0,37.9,194.0,0
1.0,300.6,310.5,2156.0,18.0,16.0,0
1.0,300.8,311.9,1761.0,29.0,113.0,0
0.0,302.6,311.0,2001.0,20.7,137.0,0
0.0,299.5,309.1,1863.0,22.5,79.0,0
0.0,301.0,310.8,1375.0,57.2,20.0,0
0.0,302.4,311.5,1505.0,37.9,79.0,0
1.0,298.2,308.0,1591.0,33.7,32.0,0
1.0,302.5,311.9,1414.0,51.6,205.0,0
2.0,297.4,307.9,1390.0,52.0,131.0,0
0.0,301.0,312.1,1377.0,49.9,48.0,0
0.0,300.4,309.5,1525.0,51.3,4.0,0
2.0,298.2,307.6,1460.0,48.6,204.0,0
1.0,297.6,308.7,1408.0,51.5,4.0,0
0.0,302.6,310.8,1486.0,36.4,160.0,0
1.0,300.9,311.5,1836.0,21.8,12.0,0
0.0,300.6,312.0,1566.0,30.1,128.0,0
0.0,300.2,309.8,1506.0,41.8,161.0,0
0.0,298.5,309.4,1360.0,60.9,187.0,1
0.0,300.1,309.5,1450.0,40.1,100.0,0
0.0,303.0,311.2,1374.0,48.2,65.0,1
1.0,301.9,310.4,1373.0,48.0,73.0,1
0.0,297.8,309.2,1372.0,47.3,15.0,0
0.0,296.8,307.6,1547.0,36.5,179.0,0
1.0,299.8,309.5,1453.0,43.2,153.0,0
0.0,298.2,307.8,1515.0,46.7,74.0,0
0.0,297.5,308.4,1723.0,27.3,67.0,0
0.0,304.4,313.6,1569.0,38.4,11.0,0
0.0,298.5,308.4,1513.0,33.6,172.0,0
0.0,297.3,308.3,1590.0,35.5,59.0,0
0.0,300.9,310.6,1538.0,36.7,3.0,0
1.0,302.2,310.7,1601.0,33.0,166.0,0
1.0,302.2,311.7,1576.0,34.0,28.0,0
2.0,300.5,311.6,1476.0,41.7,97.0,0
0.0,303.8,312.8,1503.0,40.0,154.0,0
1.0,296.9,308.0,1641.0,33.3,67.0,0
2.0,302.3,311.6,1441.0,53.9,74.0,0
0.0,299.8,310.8,1376.0,48.6,159.0,0
0.0,300.2,310.4,1808.0,25.8,35.0,0
0.0,297.6,309.5,1569.0,36.2,63.0,0
0.0,298.6,309.9,1356.0,59.5,34.0,0
0.0,297.4,308.2,1419.0,50.0,52.0,0
2.0,297.3,308.7,1569.0,33.9,93.0,0
1.0,297.8,308.4,1479.0,43.5,143.0,0
1.0,301.6,311.2,1415.0,46.5,82.0,0
2.0,298.4,307.7,1626.0,31.1,166.0,0
0.0,299.6,310.2,1743.0,24.8,99.0,0
2.0,300.2,311.4,1319.0,54.6,15.0,0
0.0,298.6,309.4,1667.0,35.6,185.0,0
1.0,303.0,311.2,1592.0,38.9,188.0,0
2.0,302.0,310.6,1438.0,43.2,12.0,0
2.0,300.2,311.5,1432.0,43.6,127.0,0
0.0,297.6,308.5,1572.0,35.9,71.0,0
1.0,300.1,309.3,1443.0,50.3,196.0,0
0.0,299.6,310.8,1498.0,46.9,116.0,0
0.0,300.0,311.4,1374.0,41.9,96.0,0
1.0,299.1,310.3,1233.0,59.0,81.0,0
1.0,299.5,310.8,1507.0,40.2,156.0,0
0.0,300.5,309.8,1663.0,29.1,145.0,1
2.0,303.7,312.8,1488.0,42.8,54.0,0
0.0,298.2,309.1,1467.0,44.5,80.0,0
0.0,298.5,308.8,1332.0,59.1,115.0,0
1.0,304.3,313.4,1624.0,32.1,53.0,0
1.0,303.5,312.6,1642.0,29.4,18.0,0
0.0,299.7,309.4,1399.0,39.9,91.0,0
0.0,298.7,309.7,1462.0,46.8,4.0,0
0.0,299.6,309.0,1472.0,48.8,72.0,0
0.0,298.9,310.3,1436.0,39.0,32.0,0
2.0,300.6,310.6,1419.0,39.6,3.0,0
0.0,302.3,310.2,1394.0,55.4,57.0,0
1.0,299.9,309.5,1372.0,56.2,133.0,0
1.0,303.1,311.2,1489.0,44.5,27.0,0
0.0,299.2,308.4,1667.0,29.0,199.0,0
1.0,298.5,309.6,1492.0,41.7,100.0,0
2.0,300.0,309.6,1629.0,32.3,89.0,0
1.0,298.2,308.3,1448.0,43.3,199.0,0
0.0,297.2,307.9,1326.0,75.4,172.0,1
1.0,300.4,309.6,1614.0,30.3,161.0,0
0.0,303.1,312.8,2329.0,15.1,113.0,0
0.0,298.7,309.9,1593.0,42.5,146.0,0
0.0,298.9,308.3,1432.0,48.9,38.0,0
0.0,300.1,311.5,1334.0,54.0,26.0,0
0.0,301.5,310.8,1593.0,34.5,162.0,0
0.0,301.6,310.8,1961.0,21.8,148.0,0
0.0,300.0,309.6,1571.0,33.1,65.0,0
0.0,300.2,310.1,1440.0,51.1,41.0,0
0.0,300.8,310.6,1551.0,34.5,153.0,0
0.0,298.5,309.5,1548.0,44.5,132.0,0
1.0,303.3,311.5,1373.0,47.3,60.0,1
0.0,297.2,308.1,1446.0,38.5,164.0,0
2.0,303.3,312.6,1827.0,24.2,132.0,0
0.0,302.6,311.8,1427.0,50.1,21.0,0
0.0,300.9,311.3,1449.0,40.2,168.0,0
0.0,301.0,312.3,1424.0,43.5,136.0,0
0.0,298.4,309.3,1395.0,47.6,24.0,0
0.0,300.9,310.4,1427.0,47.0,65.0,0
1.0,299.5,309.4,1387.0,56.2,32.0,0
0.0,302.5,310.9,1477.0,39.2,144.0,0
0.0,298.6,309.8,1544.0,30.2,113.0,0
0.0,304.2,313.3,1668.0,35.7,180.0,0
2.0,304.2,313.5,1546.0,41.4,58.0,0
0.0,296.8,307.7,1565.0,40.1,89.0,0
1.0,302.3,311.0,1546.0,35.5,70.0,0
0.0,302.6,310.4,1478.0,47.7,189.0,0
1.0,296.7,307.8,1672.0,32.4,113.0,0
1.0,301.2,310.7,1426.0,46.1,67.0,0
0.0,303.4,312.8,1513.0,35.8,92.0,0
0.0,298.8,309.6,1523.0,41.9,165.0,0
1.0,300.8,312.0,1274.0,67.3,159.0,0
2.0,301.0,311.2,1602.0,32.7,19.0,0
0.0,296.6,307.4,1436.0,42.8,156.0,0
1.0,301.2,310.1,1295.0,56.6,39.0,0
0.0,300.7,310.7,1314.0,42.4,198.0,0
1.0,304.1,313.2,2028.0,18.9,45.0,0
1.0,297.4,308.1,1734.0,27.7,70.0,0
0.0,302.7,310.7,1369.0,47.5,11.0,1
1.0,301.5,310.7,1336.0,65.6,0.0,1
1.0,297.5,308.6,1842.0,27.0,133.0,0
1.0,302.2,311.7,1393.0,42.5,53.0,0
1.0,299.6,309.1,1366.0,55.2,95.0,0
1.0,303.4,311.7,1515.0,44.2,168.0,0
1.0,298.9,310.2,1603.0,36.1,126.0,0
2.0,298.0,308.0,1520.0,39.6,51.0,0
1.0,299.9,309.2,1683.0,30.5,13.0,0
1.0,298.6,309.9,1668.0,32.3,6.0,0
0.0,301.9,310.3,1398.0,44.0,65.0,0
0.0,303.4,311.8,1564.0,35.9,171.0,0
1.0,296.7,307.8,1537.0,36.3,233.0,0
0.0,300.8,310.2,1514.0,40.0,155.0,0
0.0,297.3,308.2,1490.0,41.0,16.0,0
0.0,302.4,312.1,1455.0,40.4,28.0,0
0.0,302.2,311.0,1463.0,46.8,150.0,0
0.0,299.4,310.8,1391.0,48.9,139.0,0
0.0,300.1,309.4,1694.0,27.4,44.0,0
1.0,304.1,313.3,1494.0,39.0,49.0,0
0.0,300.4,311.6,1674.0,33.0,172.0,0
1.0,300.1,311.4,1524.0,40.6,98.0,0
2.0,298.6,309.4,1439.0,47.1,149.0,0
1.0,301.9,311.0,1638.0,35.4,116.0,0
1.0,300.8,311.2,1365.0,51.7,111.0,0
0.0,299.2,309.1,1578.0,38.1,109.0,0
0.0,298.4,308.2,1364.0,45.9,63.0,0
1.0,299.2,310.3,1551.0,44.8,18.0,0
1.0,301.4,310.6,1431.0,40.6,101.0,0
0.0,299.4,308.7,1381.0,56.7,102.0,0
0.0,301.5,310.6,1357.0,42.1,212.0,0
1.0,302.3,311.7,1540.0,28.9,149.0,0
0.0,302.4,311.8,1543.0,31.1,96.0,0
0.0,301.2,311.0,1761.0,29.1,195.0,0
0.0,298.7,309.8,1589.0,31.8,217.0,0
1.0,300.9,310.4,1375.0,44.7,87.0,0
0.0,300.9,311.5,1505.0,41.1,129.0,0
0.0,299.8,309.7,1707.0,29.1,94.0,0
0.0,298.4,308.0,1540.0,37.8,7.0,0
0.0,301.7,310.6,1303.0,59.7,42.0,0
0.0,300.5,312.0,1453.0,45.1,151.0,0
0.0,298.1,308.4,1438.0,45.6,105.0,0
0.0,300.9,312.0,1493.0,38.7,217.0,0
0.0,301.5,311.1,1426.0,52.1,121.0,0
1.0,302.7,312.4,1422.0,44.5,49.0,0
0.0,299.5,309.2,1499.0,41.5,175.0,0
2.0,299.6,309.1,1588.0,41.3,0.0,0
1.0,298.5,308.6,1344.0,53.0,114.0,0
1.0,301.3,310.0,1696.0,32.4,202.0,0
2.0,299.0,310.0,1569.0,34.3,132.0,0
0.0,298.5,308.1,1662.0,28.6,48.0,0
1.0,297.5,308.4,1369.0,54.8,145.0,0
0.0,299.1,308.5,1415.0,43.4,0.0,0
0.0,298.9,309.8,1411.0,56.3,84.0,0
1.0,300.9,311.4,1532.0,41.5,126.0,0
0.0,297.7,309.4,1392.0,44.1,140.0,0
1.0,302.3,311.0,1521.0,34.8,72.0,0
0.0,301.8,311.0,1651.0,32.5,195.0,0
1.0,304.0,313.5,1732.0,26.2,126.0,0
0.0,300.2,309.8,1398.0,54.8,39.0,0
0.0,299.6,310.9,1853.0,26.3,166.0,0
0.0,303.6,312.5,1286.0,62.4,101.0,0
1.0,301.7,311.0,1298.0,58.1,168.0,0
0.0,303.8,312.5,1523.0,47.0,152.0,0
0.0,297.4,308.7,2874.0,4.2,118.0,1
0.0,300.2,311.7,1286.0,55.1,42.0,0
0.0,298.8,308.4,1473.0,41.1,128.0,0
0.0,303.8,312.7,1461.0,38.2,188.0,0
0.0,301.0,310.7,1300.0,57.2,174.0,0
0.0,299.1,310.4,1452.0,39.7,151.0,0
0.0,297.6,308.5,1452.0,42.6,116.0,0
2.0,302.1,311.6,1701.0,26.2,46.0,0
0.0,301.5,310.5,1389.0,54.9,187.0,0
0.0,300.5,309.7,1616.0,34.5,155.0,0
1.0,300.0,309.3,1413.0,40.7,117.0,0
0.0,300.4,311.6,1517.0,39.0,45.0,0
2.0,298.9,309.7,1407.0,48.6,161.0,0
0.0,301.4,310.5,1571.0,33.9,208.0,0
0.0,297.9,309.1,1619.0,34.7,33.0,0
0.0,301.0,310.9,1492.0,36.7,199.0,0
0.0,300.6,311.6,1964.0,21.4,15.0,0
0.0,297.7,308.2,1446.0,43.9,172.0,0
0.0,301.1,310.8,1724.0,27.5,101.0,0
0.0,303.4,312.3,1287.0,54.8,54.0,0
2.0,298.5,309.2,1568.0,40.6,39.0,0
2.0,302.2,310.8,1397.0,47.6,11.0,0
1.0,299.3,309.2,1334.0,46.3,31.0,0
2.0,297.1,307.9,1365.0,54.0,174.0,0
0.0,300.6,309.4,1556.0,36.0,98.0,0
1.0,303.1,311.1,1594.0,35.5,13.0,0
0.0,302.3,311.6,1309.0,57.6,77.0,0
0.0,295.5,305.9,1542.0,36.2,12.0,0
0.0,298.9,310.0,1693.0,28.8,56.0,0
0.0,299.0,310.0,1509.0,38.0,168.0,0
0.0,300.2,311.0,1255.0,71.8,149.0,1
0.0,298.2,307.8,1429.0,46.9,117.0,0
1.0,300.8,311.1,1583.0,32.1,116.0,0
0.0,300.7,310.4,1234.0,51.7,160.0,0
0.0,301.4,310.4,1689.0,30.6,110.0,0
0.0,300.7,310.2,1387.0,50.6,83.0,0
0.0,300.8,311.2,1376.0,48.1,172.0,0
0.0,298.8,310.1,1607.0,39.5,105.0,0
1.0,297.6,308.7,1376.0,59.9,74.0,0
2.0,298.3,308.6,1432.0,49.5,91.0,0
0.0,297.3,308.5,1456.0,54.2,179.0,0
0.0,301.3,310.4,1507.0,39.1,194.0,0
0.0,304.0,313.2,1416.0,46.0,128.0,0
1.0,302.3,311.4,1909.0,23.2,25.0,0
2.0,302.3,311.7,1449.0,44.5,152.0,0
1.0,300.4,309.4,1362.0,42.1,182.0,0
0.0,297.5,308.4,1441.0,44.5,4.0,0
0.0,298.4,309.2,1692.0,29.8,137.0,0
0.0,301.9,309.7,1595.0,31.4,133.0,0
1.0,303.1,312.5,1667.0,30.0,160.0,0
0.0,299.8,311.1,1412.0,42.5,181.0,0
1.0,299.4,308.9,1457.0,41.5,201.0,0
0.0,295.9,306.7,1547.0,40.9,107.0,0
2.0,297.4,309.3,1365.0,52.4,76.0,0
0.0,300.7,311.8,1564.0,36.8,11.0,0
0.0,301.1,311.1,1711.0,29.1,170.0,0
2.0,298.6,309.1,1423.0,44.3,29.0,0
0.0,299.7,309.4,1445.0,42.9,55.0,0
2.0,297.2,307.9,1450.0,37.2,151.0,0
1.0,300.5,309.8,1473.0,42.3,121.0,0
2.0,299.0,308.7,1408.0,48.5,25.0,0
0.0,297.5,308.6,1793.0,26.7,70.0,0
0.0,298.1,308.7,1642.0,30.3,3.0,0
0.0,297.7,308.7,1731.0,28.4,104.0,0
0.0,298.0,308.3,1662.0,32.7,0.0,0
1.0,298.9,308.6,1524.0,40.4,131.0,0
2.0,300.2,309.3,1506.0,35.6,63.0,0
0.0,298.4,309.0,1474.0,52.7,95.0,0
0.0,300.5,309.6,1366.0,50.2,219.0,0
2.0,297.6,309.6,1428.0,46.6,13.0,0
0.0,299.1,310.5,1485.0,37.8,46.0,0
0.0,300.3,310.2,1492.0,52.3,2.0,0
2.0,297.3,308.8,1419.0,42.4,139.0,0
0.0,300.0,309.2,1759.0,27.9,5.0,0
2.0,297.6,308.6,1463.0,46.7,85.0,0
1.0,303.6,312.4,1504.0,49.5,109.0,0
1.0,300.4,309.8,1435.0,43.6,203.0,0
1.0,301.8,310.0,1781.0,23.9,198.0,0
0.0,299.5,309.3,1409.0,44.7,46.0,0
1.0,300.6,311.6,1669.0,29.2,200.0,0
0.0,298.0,309.9,1403.0,47.7,43.0,0
2.0,302.3,311.1,1543.0,37.5,73.0,0
1.0,299.1,308.9,1325.0,48.4,220.0,0
1.0,300.7,311.1,1608.0,35.3,167.0,0
0.0,300.0,310.1,1762.0,28.0,202.0,0
0.0,302.4,312.0,1562.0,37.9,10.0,0
0.0,299.7,309.1,1713.0,33.5,141.0,0
1.0,299.3,309.2,1586.0,37.9,129.0,0
1.0,300.3,311.7,1374.0,47.9,222.0,1
0.0,299.0,308.6,1329.0,60.5,120.0,0
1.0,299.6,309.0,1245.0,64.0,120.0,0
0.0,302.0,310.4,1448.0,43.4,167.0,0
1.0,301.5,310.5,1737.0,29.3,114.0,0
1.0,297.2,307.9,1632.0,37.5,156.0,0
0.0,297.6,308.0,1258.0,57.4,139.0,0
2.0,301.6,310.5,1786.0,27.1,35.0,0
0.0,297.3,308.2,1396.0,52.7,212.0,1
0.0,302.0,311.2,1270.0,65.3,182.0,1
0.0,301.3,310.4,1695.0,30.9,108.0,0
0.0,300.9,310.4,1454.0,43.1,43.0,0
0.0,300.9,312.0,1533.0,44.0,162.0,0
2.0,297.3,308.3,1506.0,37.0,54.0,0
0.0,297.8,308.4,1374.0,47.1,150.0,0
1.0,296.9,307.8,1828.0,24.6,91.0,0
1.0,299.7,309.6,1534.0,39.1,176.0,0
2.0,301.2,310.6,1352.0,52.0,69.0,0
0.0,298.9,308.5,1503.0,40.6,145.0,0
1.0,298.7,309.8,1343.0,53.6,134.0,0
0.0,299.1,310.5,1496.0,35.2,60.0,0
1.0,296.3,307.1,1534.0,33.8,151.0,0
0.0,300.3,311.7,1445.0,47.3,15.0,0
1.0,301.7,310.8,1524.0,41.3,147.0,0
2.0,300.2,309.9,1906.0,22.9,165.0,0
2.0,298.3,309.2,1486.0,42.4,16.0,0
1.0,297.1,308.4,1583.0,38.2,150.0,0
1.0,302.6,310.5,1420.0,56.4,57.0,0
0.0,299.7,310.2,1458.0,43.4,28.0,0
1.0,296.4,307.2,2071.0,19.4,183.0,0
1.0,300.7,310.6,1349.0,54.5,19.0,0
1.0,300.9,312.0,1375.0,56.1,182.0,0
0.0,299.3,309.1,1795.0,24.7,187.0,0
1.0,300.6,311.0,1401.0,54.6,94.0,0
0.0,300.4,311.1,1487.0,37.4,162.0,0
0.0,302.6,312.3,1512.0,34.2,44.0,0
0.0,297.8,307.3,1438.0,44.5,3.0,0
1.0,299.7,309.2,1412.0,45.3,205.0,0
0.0,297.9,307.6,1550.0,39.0,35.0,0
0.0,300.7,309.5,1479.0,43.6,240.0,0
0.0,301.0,310.9,1822.0,21.6,168.0,0
0.0,302.9,310.8,1610.0,32.2,17.0,0
1.0,303.5,311.6,1562.0,34.2,107.0,0
0.0,300.3,311.5,1634.0,31.9,36.0,0
0.0,302.6,312.1,1439.0,52.3,35.0,0
0.0,300.0,309.1,1489.0,40.3,7.0,0
0.0,297.7,308.8,1616.0,34.2,114.0,0
0.0,300.7,312.3,1548.0,37.9,58.0,0
1.0,297.3,308.4,1370.0,50.5,71.0,0
0.0,302.6,312.0,1781.0,28.5,196.0,0
0.0,298.2,308.4,1452.0,43.5,158.0,0
0.0,302.7,312.1,1763.0,26.5,184.0,0
0.0,299.4,309.2,1569.0,40.8,73.0,0
1.0,302.2,311.1,1434.0,58.6,102.0,0
1.0,298.6,309.4,1465.0,41.1,30.0,0
0.0,302.4,311.8,1465.0,40.2,143.0,0
1.0,302.2,311.4,1626.0,31.6,62.0,0
0.0,300.2,309.8,1481.0,41.9,106.0,0
1.0,300.9,310.7,1485.0,41.0,181.0,0
0.0,299.6,310.9,1487.0,42.5,164.0,0
0.0,300.7,310.6,1491.0,43.2,187.0,0
0.0,298.7,309.7,1601.0,35.7,176.0,0
0.0,295.7,306.1,1408.0,47.9,117.0,0
0.0,303.8,312.5,1368.0,52.6,123.0,0
1.0,300.9,311.9,1480.0,40.9,28.0,0
0.0,298.9,310.2,1562.0,42.5,179.0,0
0.0,298.0,307.7,1529.0,34.1,11.0,0
0.0,299.8,311.2,1564.0,40.0,172.0,0
1.0,302.6,312.0,1363.0,45.7,91.0,0
2.0,302.8,312.3,1336.0,57.5,187.0,0
0.0,301.7,310.1,1500.0,39.6,56.0,0
0.0,299.9,310.4,1419.0,45.7,178.0,0
0.0,297.3,308.7,1467.0,36.8,216.0,0
0.0,299.3,308.8,1636.0,29.9,201.0,0
0.0,295.5,306.2,1448.0,48.9,65.0,0
0.0,298.4,309.4,1385.0,43.2,119.0,0
0.0,296.9,308.4,1390.0,41.8,184.0,0
2.0,297.4,308.2,1585.0,46.2,37.0,0
0.0,298.9,309.3,1665.0,32.5,93.0,0
1.0,299.5,309.2,1590.0,35.9,22.0,0
1.0,300.1,309.1,1731.0,30.4,92.0,0
0.0,301.6,310.5,1593.0,34.5,102.0,0
0.0,302.0,311.2,1845.0,27.3,45.0,0
1.0,301.8,311.3,1542.0,40.1,142.0,0
1.0,300.6,310.9,1702.0,30.3,91.0,0
2.0,299.2,310.8,1761.0,30.4,180.0,0
0.0,302.6,311.9,1397.0,46.9,82.0,0
0.0,302.2,311.6,1545.0,35.9,152.0,0
0.0,297.3,308.4,1472.0,41.3,67.0,0
1.0,302.0,310.4,1567.0,36.4,114.0,0
1.0,298.2,309.0,1446.0,45.8,80.0,0
1.0,303.7,312.9,1566.0,32.6,9.0,0
1.0,297.6,308.3,1538.0,40.2,0.0,0
1.0,301.0,311.5,1550.0,34.9,162.0,0
0.0,301.8,310.9,1899.0,24.7,31.0,0
0.0,299.2,308.6,1381.0,50.0,193.0,0
0.0,298.4,308.9,1402.0,44.8,201.0,0
1.0,300.3,311.2,1381.0,65.2,136.0,1
0.0,303.0,311.3,2194.0,16.5,148.0,0
0.0,301.3,311.0,1348.0,44.5,78.0,0
1.0,299.9,309.1,1513.0,43.8,188.0,0
1.0,301.9,310.6,1475.0,47.8,179.0,0
0.0,298.4,309.1,1467.0,42.5,139.0,0
0.0,299.9,310.5,1539.0,32.8,213.0,0
0.0,300.4,311.7,1513.0,40.0,51.0,0
0.0,300.2,311.6,1375.0,56.9,155.0,0
0.0,297.6,308.7,1622.0,37.9,79.0,0
1.0,298.1,308.0,2129.0,18.4,45.0,0
1.0,303.8,312.6,1768.0,23.9,149.0,0
2.0,298.7,309.7,1697.0,29.8,74.0,0
1.0,302.9,311.1,1926.0,21.8,58.0,0
2.0,301.7,311.0,2016.0,19.3,180.0,0
0.0,301.1,310.4,1312.0,73.6,49.0,1
1.0,302.2,310.9,1302.0,53.4,58.0,0
0.0,298.9,310.1,1466.0,42.5,187.0,0
1.0,299.8,309.4,1439.0,47.4,57.0,0
0.0,296.9,308.4,1557.0,32.4,173.0,0
0.0,299.4,308.6,1746.0,26.8,107.0,0
1.0,299.8,309.1,1355.0,56.7,7.0,0
0.0,301.8,310.6,1372.0,54.7,95.0,0
0.0,298.0,307.8,1266.0,60.5,81.0,0
0.0,300.0,311.4,1383.0,49.6,101.0,0
0.0,302.4,311.8,1493.0,38.4,132.0,0
0.0,300.4,309.6,1432.0,44.7,192.0,0
0.0,297.2,308.0,1869.0,25.4,163.0,0
0.0,298.2,307.8,1749.0,26.1,66.0,0
0.0,299.2,310.2,1697.0,30.6,12.0,0
0.0,302.0,310.9,1378.0,53.1,212.0,1
0.0,301.7,310.5,1354.0,50.0,169.0,0
1.0,301.9,311.1,1605.0,40.0,179.0,0
0.0,297.5,309.2,1715.0,28.0,30.0,0
0.0,298.1,308.3,1301.0,56.0,63.0,0
0.0,298.3,307.8,1906.0,22.1,104.0,0
1.0,301.9,309.6,1385.0,45.8,217.0,0
0.0,300.4,311.4,1552.0,28.8,135.0,0
0.0,298.4,309.3,1549.0,40.8,139.0,0
1.0,301.4,311.2,1476.0,36.5,25.0,0
0.0,298.7,309.0,1565.0,35.1,152.0,0
1.0,301.1,310.7,2219.0,16.7,79.0,0
2.0,297.4,308.2,1359.0,46.9,199.0,0
0.0,303.7,313.1,1496.0,47.4,48.0,0
0.0,300.7,311.9,1462.0,39.7,181.0,0
1.0,299.1,308.6,1491.0,38.5,166.0,0
0.0,299.0,308.9,1622.0,31.9,42.0,0
0.0,300.1,309.7,1485.0,45.9,100.0,0
0.0,302.8,312.5,1694.0,28.4,66.0,0
0.0,302.5,310.3,1539.0,39.0,119.0,0
0.0,298.6,309.3,1702.0,27.6,143.0,0
0.0,300.6,311.8,1501.0,44.8,226.0,0
1.0,299.7,310.9,1620.0,37.2,203.0,0
0.0,302.1,310.1,1753.0,28.9,176.0,0
2.0,300.7,310.6,1505.0,40.6,179.0,0
1.0,301.6,310.8,1548.0,34.2,143.0,0
0.0,301.3,310.6,1576.0,30.4,92.0,0
0.0,299.7,309.6,1419.0,45.1,170.0,0
1.0,303.0,311.1,1428.0,39.8,181.0,0
1.0,299.9,309.9,1639.0,42.1,159.0,0
0.0,300.2,309.5,1343.0,50.2,98.0,0
2.0,300.2,309.6,1442.0,49.2,61.0,0
0.0,301.0,310.8,1558.0,34.9,196.0,0
0.0,296.6,308.0,1978.0,22.3,208.0,0
0.0,302.8,312.3,1386.0,57.8,172.0,0
0.0,302.3,311.6,1488.0,41.8,75.0,0
2.0,299.9,311.3,1413.0,41.8,153.0,0
1.0,298.0,308.6,1376.0,55.7,214.0,0
2.0,298.8,309.8,1437.0,48.2,164.0,0
0.0,299.1,310.4,1550.0,43.9,79.0,0
1.0,302.0,310.5,1639.0,32.9,94.0,0
1.0,301.4,311.2,1541.0,36.3,28.0,0
0.0,299.0,310.4,1339.0,49.6,94.0,0
0.0,298.0,307.8,1453.0,37.7,119.0,0
0.0,301.5,310.5,1927.0,22.4,149.0,0
2.0,301.8,310.8,1470.0,37.6,204.0,0
0.0,298.4,308.2,1282.0,60.7,216.0,1
0.0,298.9,310.1,1750.0,25.0,156.0,0
0.0,299.0,308.9,1615.0,30.6,14.0,0
0.0,301.0,311.6,1440.0,43.3,131.0,0
0.0,298.6,309.8,1505.0,45.7,144.0,0
1.0,301.1,310.7,1583.0,40.7,2.0,0
0.0,299.3,308.9,1376.0,60.3,163.0,0
1.0,298.3,308.5,1434.0,46.2,148.0,0
0.0,300.1,310.4,1554.0,39.4,115.0,0
0.0,299.6,309.2,1602.0,37.3,31.0,0
0.0,298.8,309.8,1634.0,33.6,27.0,0
0.0,299.9,309.4,1858.0,22.5,22.0,0
1.0,300.7,311.9,1366.0,55.1,36.0,0
0.0,303.6,312.4,1418.0,46.0,128.0,0
2.0,299.2,308.5,1342.0,47.5,147.0,0
0.0,302.1,310.7,1465.0,40.7,13.0,0
0.0,302.3,311.8,1435.0,44.8,98.0,0
0.0,297.2,308.5,1518.0,44.3,163.0,0
1.0,298.1,308.8,1394.0,47.9,70.0,0
0.0,302.5,310.3,1405.0,57.4,152.0,0
0.0,299.7,311.2,1352.0,52.1,176.0,0
0.0,302.3,311.6,1544.0,34.3,0.0,0
0.0,299.3,308.6,1482.0,37.6,132.0,0
0.0,300.4,311.5,1704.0,29.7,103.0,0
0.0,301.4,310.1,1502.0,46.6,37.0,0
0.0,301.0,310.9,1450.0,45.9,35.0,0
0.0,297.4,308.3,1548.0,46.6,7.0,0
0.0,295.8,306.3,1337.0,54.6,87.0,0
0.0,303.9,313.4,1442.0,48.5,174.0,0
0.0,298.3,308.8,1767.0,27.3,168.0,0
1.0,302.0,311.4,1587.0,35.9,30.0,0
0.0,296.5,307.6,1431.0,45.2,90.0,0
1.0,303.7,312.3,1756.0,26.4,190.0,0
1.0,297.4,309.3,1775.0,25.8,91.0,0
2.0,300.0,309.5,1735.0,28.9,82.0,0
0.0,300.3,309.1,1699.0,30.3,178.0,0
1.0,299.3,310.6,1609.0,31.4,99.0,0
1.0,301.3,310.4,1501.0,39.8,187.0,0
0.0,302.2,311.2,1381.0,49.4,207.0,0
0.0,299.2,308.5,1490.0,43.2,158.0,0
1.0,300.7,310.8,1469.0,46.4,75.0,0
0.0,297.4,308.5,1643.0,33.8,132.0,0
2.0,296.8,308.0,1453.0,51.0,24.0,0
0.0,299.1,309.5,1512.0,39.0,75.0,0
0.0,301.2,311.0,1567.0,35.1,64.0,0
0.0,297.3,308.6,1358.0,47.6,110.0,0
2.0,297.3,308.7,1430.0,42.8,153.0,0
1.0,299.1,308.6,1441.0,36.2,169.0,0
0.0,303.4,311.9,1377.0,41.6,34.0,1
0.0,297.3,308.5,1398.0,60.4,12.0,0
1.0,303.9,313.0,1620.0,36.6,80.0,0
0.0,302.2,310.7,1567.0,36.4,100.0,0
0.0,298.7,309.8,1181.0,65.9,203.0,1
1.0,298.7,308.3,1349.0,46.6,74.0,0
0.0,300.5,310.6,1543.0,36.2,30.0,0
0.0,298.1,307.8,1565.0,35.3,119.0,0
2.0,302.5,312.0,1579.0,35.7,167.0,0
0.0,302.7,310.9,1395.0,48.3,80.0,0
2.0,298.5,309.4,1414.0,46.7,102.0,0
1.0,298.7,309.8,1570.0,42.1,200.0,0
0.0,299.5,308.6,1672.0,30.5,177.0,0
0.0,300.3,311.7,1406.0,47.5,14.0,0
0.0,297.9,309.0,1629.0,29.0,26.0,0
0.0,298.0,307.8,1623.0,29.9,24.0,0
0.0,301.8,311.2,1822.0,26.2,204.0,0
1.0,302.1,311.5,1383.0,53.6,108.0,0
0.0,298.9,308.5,1559.0,34.3,126.0,0
1.0,301.7,310.3,1787.0,26.7,33.0,0
0.0,299.8,309.5,1545.0,32.2,18.0,0
0.0,304.2,313.4,1639.0,32.7,63.0,0
0.0,300.9,311.2,1353.0,60.4,139.0,0
1.0,300.7,310.8,1465.0,45.2,92.0,0
0.0,304.1,313.3,1470.0,39.9,70.0,0
2.0,298.9,309.6,1546.0,35.3,190.0,0
0.0,303.8,313.0,1633.0,32.9,207.0,0
1.0,300.7,309.6,1536.0,37.2,19.0,0
0.0,301.6,310.6,1222.0,70.0,62.0,0
0.0,297.7,308.2,1500.0,39.9,158.0,0
0.0,303.7,312.5,1670.0,26.1,139.0,0
0.0,301.0,311.1,1615.0,35.6,158.0,0
1.0,301.8,311.1,1413.0,42.2,9.0,0
2.0,303.5,312.0,1397.0,52.9,80.0,0
0.0,297.3,308.6,1586.0,37.7,155.0,0
1.0,301.9,311.0,1467.0,48.1,43.0,0
0.0,300.3,310.3,2158.0,16.8,32.0,0
0.0,297.3,308.0,1527.0,35.1,165.0,0
0.0,298.0,308.2,1469.0,45.5,214.0,0
0.0,303.0,312.7,1551.0,41.8,111.0,0
1.0,302.3,310.9,1762.0,24.5,73.0,0
0.0,296.2,306.8,1655.0,31.1,136.0,0
0.0,302.2,311.6,1872.0,20.4,202.0,0
1.0,298.7,309.6,1452.0,42.7,180.0,0
0.0,295.7,306.2,1464.0,46.2,92.0,0
1.0,297.4,308.3,1405.0,51.7,108.0,0
2.0,297.3,308.5,1435.0,55.0,104.0,0
0.0,299.8,309.8,1542.0,39.4,155.0,0
0.0,300.0,309.3,1397.0,51.2,173.0,0
2.0,304.1,313.3,1397.0,49.6,34.0,0
1.0,295.4,305.9,1518.0,40.6,178.0,0
1.0,297.3,308.8,1548.0,41.3,140.0,0
2.0,298.9,310.2,1532.0,37.7,166.0,0
1.0,298.6,309.8,1419.0,44.9,115.0,0
2.0,296.7,307.5,1607.0,33.6,38.0,0
0.0,297.5,309.3,1404.0,43.5,195.0,0
0.0,298.6,309.5,1325.0,52.2,127.0,0
0.0,299.5,309.3,1382.0,61.0,140.0,0
1.0,302.2,311.6,1592.0,37.7,79.0,0
1.0,300.5,309.3,1589.0,34.9,91.0,0
0.0,300.5,311.4,1709.0,32.3,64.0,0
0.0,299.5,310.0,1481.0,43.1,90.0,0
0.0,300.7,309.5,1479.0,34.5,197.0,0
0.0,298.2,309.4,1398.0,52.9,79.0,0
1.0,297.6,307.1,1526.0,39.1,39.0,0
2.0,299.7,309.6,1433.0,49.6,129.0,0
0.0,302.4,310.3,1900.0,24.4,113.0,0
2.0,299.0,310.1,2053.0,19.7,137.0,0
0.0,301.8,310.3,1765.0,27.3,29.0,0
0.0,297.4,308.3,1490.0,42.6,164.0,0
2.0,300.1,309.3,1520.0,38.2,158.0,0
1.0,302.3,311.8,1475.0,48.0,180.0,0
1.0,298.6,309.5,1404.0,43.3,33.0,0
0.0,296.7,307.6,1516.0,37.4,146.0,0
1.0,298.2,309.0,1508.0,40.5,192.0,0
0.0,298.4,308.9,1628.0,34.9,93.0,0
0.0,299.9,309.2,1598.0,34.6,111.0,0
1.0,298.6,309.9,1818.0,24.9,9.0,0
0.0,298.9,309.0,1601.0,32.3,202.0,0
1.0,302.3,311.7,1368.0,53.6,165.0,0
0.0,299.4,309.3,1544.0,36.0,197.0,0
0.0,298.0,309.2,1378.0,49.7,94.0,0
1.0,299.2,308.3,1364.0,51.8,104.0,0
0.0,302.2,310.6,1334.0,53.2,159.0,1
1.0,301.4,310.0,1689.0,32.1,207.0,0
1.0,299.5,309.0,1602.0,31.3,210.0,0
0.0,297.0,307.9,1455.0,49.0,204.0,0
1.0,299.0,308.6,1645.0,33.4,22.0,0
0.0,301.1,310.0,1513.0,38.0,17.0,0
1.0,297.2,308.3,1794.0,27.5,38.0,0
0.0,302.5,311.2,1545.0,40.1,165.0,0
0.0,300.7,310.6,1447.0,40.7,82.0,0
1.0,300.7,311.0,1378.0,51.6,130.0,0
1.0,295.6,306.1,1490.0,42.7,171.0,0
1.0,297.3,308.4,1434.0,44.8,21.0,0
0.0,303.8,313.0,1427.0,43.0,0.0,0
0.0,301.9,310.8,1525.0,43.2,62.0,0
2.0,296.4,307.5,1556.0,38.0,62.0,0
0.0,298.3,310.0,1858.0,23.9,114.0,0
0.0,302.0,310.8,1447.0,42.7,229.0,0
0.0,300.4,310.1,1614.0,33.5,191.0,0
1.0,298.1,308.7,1315.0,56.8,59.0,0
0.0,299.0,310.2,1690.0,30.7,244.0,0
0.0,301.4,310.7,1605.0,34.2,94.0,0
0.0,299.8,311.1,1603.0,35.1,179.0,0
0.0,302.9,312.2,1513.0,37.8,92.0,0
1.0,303.8,312.5,2344.0,15.2,146.0,0
0.0,304.1,313.1,1327.0,54.1,57.0,0
0.0,295.8,306.6,1621.0,31.6,95.0,0
2.0,303.5,311.6,1466.0,47.0,80.0,0
1.0,297.9,309.1,1338.0,49.6,56.0,0
0.0,301.0,310.9,1473.0,44.2,116.0,0
0.0,302.1,310.1,1447.0,46.6,169.0,0
0.0,299.5,310.0,1594.0,35.1,54.0,0
0.0,298.9,310.1,1442.0,48.0,181.0,0
0.0,300.1,309.7,1410.0,48.3,118.0,0
0.0,303.3,311.6,1301.0,45.1,219.0,1
0.0,302.2,311.5,1588.0,30.6,39.0,0
1.0,302.5,311.0,1563.0,35.6,190.0,0
1.0,300.1,311.6,1433.0,51.4,76.0,0
0.0,301.3,311.0,1856.0,21.9,189.0,0
0.0,300.2,311.4,1568.0,41.0,32.0,0
0.0,296.1,307.2,1615.0,30.8,18.0,0
0.0,298.8,308.4,1401.0,47.3,10.0,0
0.0,300.7,311.9,1399.0,50.2,222.0,1
0.0,298.1,308.6,1439.0,44.9,205.0,0
0.0,300.6,309.7,1617.0,33.2,185.0,0
0.0,299.0,310.1,1362.0,59.5,46.0,0
0.0,300.0,309.4,1499.0,35.7,46.0,0
1.0,299.3,308.7,1420.0,50.3,208.0,0
0.0,301.1,312.4,1430.0,37.9,124.0,0
0.0,298.8,309.7,1374.0,58.6,123.0,0
2.0,301.3,310.6,1527.0,44.0,114.0,0
1.0,300.4,311.5,1750.0,27.3,116.0,0
1.0,301.3,310.4,2093.0,18.7,190.0,0
0.0,300.9,310.0,1671.0,26.8,199.0,0
0.0,299.8,309.5,1476.0,44.4,14.0,0
0.0,296.7,307.6,1540.0,38.6,53.0,0
0.0,300.5,309.6,1390.0,48.4,194.0,0
0.0,301.1,309.8,1493.0,38.9,149.0,0
0.0,297.3,308.7,1587.0,35.8,148.0,0
0.0,302.5,310.4,1488.0,48.4,134.0,0
1.0,302.5,311.4,1629.0,31.7,225.0,0
0.0,297.2,307.9,1989.0,20.3,186.0,0
1.0,299.0,310.0,1338.0,56.4,29.0,0
2.0,300.0,309.0,1622.0,31.8,103.0,0
0.0,300.3,309.6,1468.0,44.7,179.0,0
0.0,299.3,309.2,1465.0,41.5,127.0,0
1.0,300.6,310.0,1478.0,36.3,95.0,0
0.0,298.8,309.7,1740.0,28.5,152.0,0
0.0,302.6,312.3,1554.0,42.0,58.0,0
0.0,301.4,310.3,1492.0,41.4,195.0,0
0.0,300.5,311.3,1475.0,46.3,49.0,0
2.0,297.0,307.9,1448.0,45.6,172.0,0
0.0,301.2,311.0,1544.0,39.3,217.0,0
0.0,295.6,306.2,1569.0,35.1,140.0,0
0.0,300.0,309.7,1326.0,61.9,80.0,0
1.0,302.3,311.4,1484.0,39.5,22.0,0
0.0,297.4,308.3,1475.0,40.5,222.0,1
0.0,300.2,311.4,1425.0,44.2,84.0,0
0.0,299.6,311.1,1521.0,37.2,131.0,0
0.0,298.2,308.3,1688.0,32.0,202.0,0
0.0,299.4,309.3,1448.0,48.6,44.0,0
1.0,301.1,310.5,1309.0,60.7,100.0,0
0.0,296.8,307.9,1718.0,25.2,148.0,0
0.0,303.6,313.1,1395.0,44.1,120.0,0
1.0,297.8,307.4,1488.0,36.1,57.0,0
0.0,300.7,310.6,1720.0,30.3,96.0,0
1.0,296.7,307.7,1597.0,32.1,114.0,0
1.0,297.0,307.7,1498.0,47.1,199.0,0
1.0,303.9,313.1,1343.0,61.4,14.0,0
0.0,300.4,312.0,1631.0,34.9,115.0,0
0.0,300.6,311.5,1459.0,47.0,63.0,0
0.0,300.8,311.7,1578.0,31.4,219.0,0
0.0,298.6,309.4,2312.0,15.5,44.0,0
0.0,300.3,311.4,1346.0,51.1,147.0,0
0.0,300.8,311.4,1322.0,67.2,18.0,1
0.0,302.8,312.2,1481.0,40.2,230.0,0
2.0,300.6,309.4,1691.0,28.0,36.0,0
0.0,299.9,309.8,1716.0,28.2,117.0,0
0.0,302.0,309.8,1649.0,31.0,152.0,0
0.0,299.4,310.5,1749.0,28.1,179.0,0
0.0,302.6,311.5,1427.0,38.9,213.0,0
0.0,303.6,312.5,1431.0,49.0,162.0,0
0.0,300.5,311.7,1619.0,32.7,85.0,0
0.0,300.6,309.4,1471.0,44.1,244.0,0
2.0,298.1,309.3,1332.0,51.0,72.0,0
0.0,301.5,311.1,2076.0,18.7,103.0,0
0.0,300.1,310.0,1511.0,41.7,186.0,0
0.0,301.9,311.1,1448.0,46.3,14.0,0
0.0,299.0,309.9,1411.0,44.7,94.0,0
2.0,299.8,310.2,1537.0,36.6,191.0,0
1.0,302.2,311.5,1360.0,53.0,36.0,0
0.0,298.2,308.7,1407.0,45.1,49.0,0
2.0,300.8,311.4,1453.0,44.6,38.0,0
2.0,300.3,309.9,1405.0,52.1,205.0,0
1.0,297.0,307.9,1882.0,24.2,97.0,0
1.0,298.4,308.2,1499.0,40.0,211.0,0
0.0,301.7,310.2,1435.0,48.1,12.0,0
1.0,303.7,312.7,1469.0,48.5,147.0,0
0.0,298.3,308.4,1528.0,37.3,160.0,0
0.0,302.5,311.9,1354.0,49.4,117.0,0
1.0,300.2,311.6,1467.0,40.7,23.0,0
1.0,298.5,309.2,1449.0,46.4,83.0,0
0.0,299.2,308.5,1366.0,49.7,74.0,0
0.0,297.9,307.6,1515.0,40.5,118.0,0
0.0,299.0,308.4,1571.0,38.6,5.0,0
1.0,303.0,311.1,1490.0,43.0,108.0,0
0.0,300.1,309.6,1649.0,33.6,168.0,0
0.0,300.1,309.2,1421.0,42.5,61.0,0
1.0,301.8,310.6,1459.0,40.2,128.0,0
0.0,298.3,308.0,1361.0,56.9,81.0,0
2.0,303.6,311.7,1476.0,40.1,85.0,0
2.0,297.0,307.9,1846.0,27.3,179.0,0
1.0,296.1,307.1,1485.0,36.0,169.0,0
0.0,301.3,310.8,1381.0,47.9,33.0,0
0.0,298.3,308.3,1597.0,32.4,69.0,0
1.0,301.1,310.5,1603.0,32.6,121.0,0
0.0,299.0,310.2,1412.0,44.1,246.0,0
1.0,297.2,308.5,1487.0,46.9,173.0,0
0.0,299.5,308.8,1965.0,20.4,164.0,0
0.0,299.6,310.2,1468.0,48.0,9.0,0
0.0,297.3,308.3,1504.0,36.3,45.0,0
0.0,297.2,308.4,1677.0,26.4,146.0,0
0.0,301.9,310.8,1519.0,39.0,90.0,0
2.0,298.6,308.2,1555.0,36.8,36.0,0
0.0,300.8,311.4,1316.0,57.6,43.0,0
1.0,300.0,311.3,1629.0,32.1,55.0,0
0.0,300.8,312.4,1465.0,59.1,91.0,1
1.0,302.1,311.3,1453.0,45.1,174.0,0
1.0,298.7,309.6,1424.0,50.4,32.0,0
0.0,304.2,313.6,1469.0,40.0,154.0,0
0.0,298.8,309.8,1463.0,40.0,90.0,0
0.0,302.5,312.0,1456.0,46.3,208.0,0
0.0,295.9,306.6,1678.0,26.7,53.0,0
2.0,300.5,311.6,1506.0,36.2,10.0,0
1.0,301.0,309.7,1288.0,58.4,162.0,0
0.0,300.4,309.5,1349.0,50.4,30.0,0
0.0,298.2,308.8,1362.0,57.3,28.0,0
1.0,299.6,309.4,1283.0,62.1,83.0,0
0.0,303.7,312.4,1513.0,40.1,135.0,0
1.0,296.6,307.4,1544.0,42.3,170.0,0
2.0,300.4,311.9,1438.0,46.7,41.0,0
0.0,298.8,309.0,1829.0,22.9,172.0,0
0.0,300.1,311.3,1470.0,45.2,40.0,0
0.0,299.1,308.3,1489.0,38.1,32.0,0
0.0,299.1,310.5,1419.0,48.8,76.0,0
0.0,299.5,309.0,1498.0,44.6,101.0,0
0.0,297.5,309.0,1320.0,54.7,179.0,0
0.0,300.7,309.6,1810.0,26.0,195.0,0
0.0,302.3,310.9,1891.0,22.7,135.0,0
1.0,302.0,310.6,1535.0,38.6,34.0,0
0.0,298.9,308.6,1522.0,46.4,2.0,0
0.0,300.6,309.4,1425.0,40.3,103.0,0
1.0,302.0,311.1,1406.0,48.8,159.0,0
1.0,299.3,308.8,1442.0,49.0,165.0,0
1.0,296.2,307.0,2119.0,18.3,159.0,0
0.0,300.1,310.5,1494.0,44.2,117.0,0
0.0,298.5,309.5,1370.0,52.4,113.0,0
0.0,303.3,312.1,1418.0,44.7,83.0,0
1.0,297.7,309.0,1504.0,40.4,35.0,0
1.0,298.2,308.0,1969.0,21.7,32.0,0
0.0,300.5,311.5,1487.0,43.0,78.0,0
0.0,301.9,311.0,1289.0,54.9,128.0,0
2.0,296.9,307.8,1549.0,35.8,206.0,1
0.0,303.5,312.9,1275.0,64.4,113.0,0
1.0,299.1,308.6,1499.0,45.1,185.0,0
0.0,298.9,310.0,1515.0,42.9,170.0,0
2.0,300.8,311.2,2237.0,17.0,95.0,0
2.0,298.3,308.2,1534.0,33.2,75.0,0
0.0,301.3,310.6,1529.0,41.8,176.0,0
2.0,296.9,307.7,1656.0,30.8,181.0,0
1.0,298.7,310.1,1549.0,42.5,61.0,0
0.0,297.4,308.2,1297.0,52.1,211.0,0
0.0,301.7,310.3,1397.0,44.6,57.0,0
0.0,300.1,311.5,1659.0,31.1,203.0,0
0.0,296.3,307.3,1567.0,31.4,5.0,0
0.0,300.9,310.7,1392.0,44.2,97.0,0
0.0,296.8,307.9,1271.0,61.4,125.0,0
0.0,301.5,310.5,1479.0,34.2,147.0,0
0.0,297.3,308.4,1513.0,40.5,25.0,0
0.0,302.6,311.9,1633.0,30.9,89.0,0
1.0,300.9,312.0,1402.0,50.7,185.0,0
1.0,300.4,311.4,1352.0,57.3,116.0,0
0.0,300.0,309.4,1395.0,44.5,181.0,0
0.0,299.2,308.5,1515.0,39.8,141.0,0
0.0,298.6,309.8,2271.0,16.2,218.0,1
2.0,298.8,309.9,1439.0,45.2,40.0,1
0.0,302.0,310.6,1467.0,44.9,86.0,0
1.0,296.6,307.7,1474.0,52.6,101.0,0
0.0,304.0,313.3,1519.0,36.7,117.0,0
1.0,300.2,309.4,1752.0,27.8,208.0,0
0.0,298.0,307.6,1683.0,32.8,122.0,0
0.0,300.3,309.2,1398.0,54.4,198.0,0
0.0,304.2,313.4,1644.0,31.7,23.0,0
1.0,302.2,311.6,1386.0,50.5,69.0,0
1.0,301.1,312.4,1809.0,25.1,126.0,0
0.0,300.5,310.5,1564.0,38.2,199.0,0
1.0,301.7,310.1,1743.0,27.3,210.0,0
0.0,301.4,310.4,1579.0,36.9,133.0,0
2.0,298.7,308.5,1420.0,45.7,143.0,0
0.0,300.5,311.9,1576.0,31.1,149.0,0
0.0,300.3,309.2,1532.0,40.2,194.0,0
0.0,297.1,307.8,1428.0,43.7,179.0,0
0.0,300.2,310.2,1530.0,48.5,15.0,0
0.0,297.5,308.7,1443.0,46.2,110.0,0
0.0,300.0,309.1,1791.0,28.2,108.0,0
0.0,299.7,309.1,1483.0,41.1,208.0,0
0.0,300.3,311.5,1466.0,46.2,62.0,0
1.0,300.8,310.6,1669.0,28.4,79.0,0
0.0,302.3,310.9,1545.0,36.7,18.0,0
0.0,302.2,310.9,1604.0,40.5,68.0,0
1.0,300.4,310.2,1613.0,36.9,231.0,0
1.0,302.0,310.6,1539.0,37.4,96.0,0
0.0,301.9,309.6,1410.0,49.0,223.0,0
2.0,300.4,311.3,2026.0,20.3,26.0,0
0.0,302.9,312.2,1340.0,57.8,90.0,0
0.0,301.4,310.8,1698.0,29.6,99.0,0
0.0,303.6,312.5,1710.0,31.4,180.0,0
1.0,299.3,309.1,1600.0,35.3,52.0,0
0.0,300.5,311.9,1432.0,43.1,16.0,0
0.0,302.3,311.6,1665.0,34.3,139.0,0
0.0,298.6,309.9,1393.0,45.5,38.0,0
0.0,299.6,308.9,1613.0,30.8,80.0,0
0.0,302.2,311.5,1543.0,38.5,37.0,0
0.0,300.6,309.8,1688.0,28.6,135.0,0
1.0,298.9,309.8,1947.0,21.7,105.0,0
2.0,297.4,308.3,1502.0,43.6,169.0,0
0.0,299.1,308.3,1559.0,33.7,30.0,0
1.0,297.8,309.2,1295.0,61.2,12.0,0
0.0,302.7,310.4,1489.0,42.7,33.0,0
0.0,301.6,310.5,1809.0,25.5,40.0,0
1.0,298.4,308.2,1468.0,43.8,2.0,0
1.0,301.9,310.8,1563.0,39.2,39.0,0
0.0,299.6,310.8,1393.0,49.9,78.0,0
0.0,300.4,311.6,1815.0,23.5,49.0,0
0.0,297.0,307.9,1529.0,42.2,157.0,0
0.0,300.7,310.8,1534.0,41.3,69.0,0
0.0,298.3,308.5,1416.0,52.7,151.0,0
0.0,302.4,311.0,1317.0,59.4,179.0,0
0.0,299.0,308.7,1449.0,38.9,18.0,0
0.0,300.9,311.2,1789.0,25.5,114.0,0
1.0,301.9,311.0,1432.0,41.5,51.0,0
0.0,302.3,310.8,1465.0,43.8,7.0,0
0.0,301.0,311.5,1444.0,39.8,197.0,0
1.0,300.7,311.0,1263.0,52.3,104.0,0
2.0,299.7,309.2,1554.0,41.6,62.0,0
1.0,300.4,311.4,1355.0,56.2,122.0,0
0.0,301.9,310.5,1340.0,55.7,204.0,1
2.0,301.1,312.2,1491.0,42.6,52.0,0
1.0,298.1,308.9,1335.0,50.4,110.0,0
1.0,301.8,310.8,1691.0,33.4,62.0,0
0.0,300.6,310.3,1414.0,50.6,25.0,0
0.0,298.2,308.1,1618.0,34.7,39.0,0
0.0,298.8,308.6,1593.0,35.5,175.0,0
0.0,301.7,310.6,1660.0,28.7,66.0,0
0.0,300.2,311.6,1606.0,31.0,199.0,0
0.0,297.3,307.8,1385.0,44.4,169.0,0
0.0,297.8,308.3,1477.0,44.8,170.0,0
0.0,303.7,312.1,1443.0,45.9,74.0,0
0.0,300.6,310.3,1648.0,30.5,217.0,1
0.0,298.5,309.3,1630.0,33.3,116.0,0
0.0,297.6,308.7,1455.0,48.2,145.0,0
1.0,296.9,307.9,1441.0,47.6,60.0,0
0.0,296.3,307.3,1398.0,52.7,31.0,0
0.0,300.6,309.6,1290.0,57.4,119.0,0
0.0,297.9,307.8,1505.0,37.3,100.0,0
1.0,295.6,306.1,1462.0,49.2,158.0,0
0.0,302.4,310.1,2009.0,18.9,59.0,0
1.0,299.2,310.5,1548.0,33.5,35.0,0
1.0,297.6,308.4,1391.0,51.9,218.0,0
0.0,298.4,308.0,1571.0,37.4,50.0,0
0.0,299.4,309.1,1645.0,28.6,57.0,0
0.0,300.6,310.8,1533.0,38.5,117.0,0
0.0,302.8,312.1,1441.0,52.1,79.0,0
0.0,298.2,308.3,1458.0,41.8,132.0,0
1.0,297.3,308.3,1544.0,41.7,6.0,0
1.0,300.6,310.7,1388.0,42.9,190.0,0
1.0,303.6,312.3,1698.0,31.3,100.0,0
0.0,297.9,307.6,1589.0,37.8,120.0,0
1.0,298.1,309.0,2042.0,17.8,129.0,0
0.0,298.5,309.6,1421.0,53.6,122.0,0
0.0,302.1,311.2,1519.0,39.3,155.0,0
1.0,298.7,310.1,1368.0,56.8,72.0,0
1.0,301.1,311.1,1592.0,35.7,174.0,0
2.0,301.2,310.9,1798.0,22.3,59.0,0
1.0,303.6,312.0,1435.0,37.9,98.0,0
0.0,299.8,310.8,1553.0,32.2,161.0,0
1.0,299.9,309.6,1489.0,41.7,56.0,0
0.0,301.1,312.2,1397.0,54.9,81.0,0
0.0,299.4,309.0,1507.0,41.0,213.0,0
0.0,298.3,308.9,1708.0,27.3,170.0,0
0.0,298.4,309.4,1385.0,50.0,201.0,0
0.0,302.5,312.1,1534.0,38.6,3.0,0
1.0,300.8,310.7,1483.0,40.8,28.0,0
0.0,297.3,308.1,1763.0,28.4,54.0,0
1.0,298.6,309.6,1344.0,59.4,200.0,0
0.0,300.6,309.7,1639.0,30.4,121.0,0
0.0,302.3,311.7,1414.0,47.0,11.0,0
0.0,300.2,310.3,1202.0,59.5,40.0,0
0.0,299.1,310.3,1727.0,28.7,43.0,0
0.0,299.3,308.7,1393.0,54.2,80.0,0
0.0,297.7,308.2,2007.0,19.3,181.0,0
0.0,301.9,311.0,1669.0,32.2,191.0,0
1.0,300.5,311.2,1551.0,36.6,205.0,0
1.0,299.7,309.6,1313.0,60.0,186.0,0
1.0,301.1,311.0,1413.0,46.6,30.0,0
1.0,298.3,309.4,1509.0,34.2,141.0,0
2.0,302.2,310.9,1415.0,48.4,185.0,0
0.0,302.9,312.4,1446.0,41.7,196.0,0
0.0,297.2,307.9,1337.0,58.1,184.0,0
0.0,297.5,308.5,1448.0,54.3,83.0,0
1.0,297.6,309.6,1592.0,35.8,57.0,0
2.0,302.3,311.1,1455.0,40.3,145.0,0
2.0,298.8,310.2,1707.0,27.6,56.0,0
1.0,296.9,307.9,1385.0,44.8,144.0,0
0.0,298.5,308.2,1451.0,47.5,18.0,0
0.0,303.5,311.7,1959.0,22.3,157.0,0
0.0,300.3,309.1,1368.0,46.0,171.0,0
2.0,300.7,310.2,1364.0,65.3,208.0,1
0.0,298.8,309.3,1450.0,44.8,63.0,0
0.0,301.1,311.7,1816.0,24.5,7.0,0
1.0,303.6,312.8,1689.0,33.1,16.0,0
0.0,304.2,313.3,1410.0,51.6,47.0,0
0.0,302.5,310.9,1624.0,34.4,146.0,0
0.0,299.3,308.5,1772.0,26.1,52.0,0
1.0,299.8,310.8,1463.0,43.5,156.0,0
1.0,298.9,310.2,1331.0,49.0,121.0,0
1.0,301.1,311.2,1407.0,53.0,165.0,0
0.0,303.1,311.3,1336.0,52.6,172.0,1
0.0,299.1,308.9,1680.0,27.2,110.0,0
0.0,300.9,309.5,1612.0,35.2,124.0,0
0.0,301.3,311.3,1509.0,42.5,213.0,0
1.0,298.8,308.5,1510.0,38.7,66.0,0
0.0,297.4,308.4,1392.0,49.7,174.0,0
0.0,303.2,311.2,1439.0,43.9,30.0,0
0.0,298.9,309.8,1534.0,42.1,23.0,0
1.0,298.7,310.1,1402.0,69.7,64.0,1
0.0,299.8,311.1,1452.0,47.3,188.0,0
1.0,300.3,311.3,1377.0,53.8,125.0,0
0.0,301.5,310.6,1522.0,36.6,202.0,0
0.0,297.0,307.6,1575.0,37.4,98.0,0
1.0,298.6,310.0,1512.0,37.5,27.0,0
0.0,303.6,311.9,1473.0,50.1,84.0,0
0.0,302.3,311.7,1793.0,25.3,200.0,0
0.0,299.4,309.2,1427.0,41.5,29.0,0
1.0,297.0,308.1,1573.0,34.9,93.0,0
0.0,299.8,309.3,1386.0,49.4,116.0,0
0.0,300.4,309.4,1412.0,51.6,153.0,0
0.0,298.3,309.1,1904.0,20.3,140.0,0
0.0,300.2,311.7,1448.0,54.2,173.0,0
1.0,297.5,308.3,1459.0,45.2,34.0,0
2.0,297.9,307.6,1418.0,43.0,207.0,0
1.0,304.2,313.2,1396.0,50.5,11.0,0
0.0,296.6,307.6,1542.0,37.4,88.0,0
0.0,297.2,308.4,1460.0,42.1,41.0,0
1.0,300.4,311.8,1442.0,45.1,0.0,0
0.0,301.2,311.4,1757.0,28.0,6.0,0
0.0,302.2,311.4,1430.0,43.1,29.0,0
0.0,301.2,309.9,1687.0,29.7,30.0,0
0.0,299.4,308.9,1440.0,42.5,87.0,0
0.0,300.5,311.9,1330.0,59.5,33.0,0
0.0,299.0,308.6,1466.0,46.4,112.0,0
0.0,301.5,310.5,1636.0,28.7,106.0,0
0.0,296.3,307.4,1648.0,34.0,60.0,0
0.0,300.8,310.7,1633.0,27.8,0.0,0
1.0,303.6,312.1,1967.0,20.9,2.0,0
0.0,299.8,309.4,1510.0,42.5,146.0,0
0.0,299.3,309.1,1634.0,36.8,62.0,0
0.0,300.1,311.4,1629.0,31.3,41.0,0
0.0,301.7,311.1,1455.0,39.8,118.0,0
1.0,302.2,311.5,1449.0,44.5,113.0,0
1.0,303.5,312.8,1375.0,45.7,89.0,0
0.0,299.5,309.1,1476.0,47.8,223.0,0
0.0,297.7,309.1,1563.0,39.3,56.0,0
1.0,300.7,311.3,1487.0,39.8,50.0,0
1.0,303.4,312.8,1518.0,38.7,103.0,0
2.0,299.7,309.2,1355.0,44.8,127.0,0
0.0,296.4,307.4,1403.0,48.4,70.0,0
0.0,301.1,310.2,1455.0,55.3,9.0,0
0.0,300.2,311.6,1372.0,49.2,195.0,0
1.0,297.4,308.4,1517.0,41.0,18.0,0
0.0,298.0,308.1,1819.0,23.4,78.0,0
1.0,297.3,308.7,1466.0,38.4,27.0,0
1.0,298.1,308.1,1452.0,40.8,56.0,0
1.0,301.2,310.1,1558.0,32.6,34.0,0
0.0,298.0,308.8,1581.0,36.1,73.0,0
0.0,300.0,310.5,1606.0,33.5,135.0,0
0.0,300.8,311.8,1417.0,43.4,223.0,0
0.0,295.4,305.8,1407.0,50.7,192.0,0
0.0,299.2,308.4,1841.0,22.8,40.0,0
0.0,302.4,310.4,1666.0,29.7,125.0,0
0.0,298.0,309.6,1633.0,34.8,41.0,0
0.0,297.1,308.2,1402.0,51.2,186.0,0
2.0,297.5,308.8,1824.0,24.0,179.0,0
2.0,300.5,310.6,1378.0,51.5,166.0,0
1.0,303.4,311.8,1391.0,42.7,197.0,0
0.0,299.5,309.3,1462.0,46.7,7.0,0
1.0,301.8,310.9,1346.0,44.6,142.0,0
0.0,301.5,310.5,1453.0,44.2,129.0,0
1.0,299.6,310.9,1630.0,29.8,206.0,0
1.0,298.9,308.2,1328.0,49.2,11.0,0
0.0,299.6,309.0,1378.0,51.9,162.0,0
1.0,298.6,309.4,1464.0,36.9,179.0,0
0.0,301.9,311.0,1353.0,43.8,130.0,0
0.0,295.6,306.1,1474.0,41.2,156.0,0
0.0,300.6,310.4,2007.0,19.8,116.0,0
0.0,300.7,311.0,1436.0,44.9,119.0,0
0.0,299.8,310.0,1361.0,53.8,167.0,0
0.0,300.4,311.7,1515.0,47.4,170.0,0
1.0,300.2,311.4,1427.0,39.7,196.0,0
1.0,302.2,311.2,1627.0,33.2,74.0,0
1.0,297.7,307.2,1405.0,43.7,2.0,0
0.0,300.8,310.0,1468.0,52.7,178.0,0
0.0,299.2,309.1,1468.0,45.6,2.0,0
1.0,298.5,308.0,1519.0,37.3,29.0,0
2.0,303.6,312.4,1460.0,53.7,214.0,0
0.0,296.8,308.0,1391.0,54.4,17.0,0
0.0,297.7,307.2,1668.0,32.7,31.0,0
1.0,302.1,311.4,1467.0,43.4,33.0,0
1.0,303.6,312.5,1459.0,48.2,17.0,0
1.0,299.8,309.7,1556.0,37.7,124.0,0
1.0,304.2,313.4,1713.0,23.5,50.0,0
1.0,301.9,310.9,1419.0,47.7,20.0,1
1.0,302.4,310.5,1372.0,45.7,144.0,1
1.0,299.4,308.7,1487.0,52.6,205.0,0
0.0,296.8,308.2,1643.0,34.7,191.0,0
0.0,297.5,308.9,1729.0,28.1,189.0,0
0.0,301.2,311.7,1463.0,48.3,204.0,0
1.0,295.4,305.8,1526.0,38.2,181.0,0
0.0,302.3,311.5,1794.0,26.1,7.0,0
1.0,302.1,310.1,1379.0,48.2,166.0,1
0.0,302.8,312.1,1958.0,20.3,56.0,0
0.0,301.4,310.4,1543.0,40.9,190.0,0
0.0,297.2,308.6,1413.0,49.8,12.0,0
1.0,298.1,307.8,1608.0,32.6,57.0,0
2.0,299.0,310.1,1555.0,38.6,118.0,0
0.0,299.7,310.9,1384.0,48.2,188.0,0
2.0,300.4,309.4,1530.0,40.4,112.0,0
0.0,296.7,307.9,1420.0,50.1,138.0,0
0.0,302.8,311.1,1550.0,32.3,76.0,0
0.0,301.3,310.7,1608.0,31.4,86.0,0
1.0,295.8,306.3,1235.0,76.2,89.0,1
0.0,302.5,311.9,1306.0,59.7,172.0,0
1.0,302.6,311.4,1718.0,31.2,154.0,0
0.0,300.6,311.9,1425.0,44.9,224.0,0
0.0,303.6,311.8,1222.0,66.8,148.0,1
1.0,300.3,311.3,1506.0,40.7,98.0,0
0.0,301.9,310.9,1486.0,40.3,6.0,0
0.0,300.5,310.6,1448.0,46.3,173.0,0
1.0,298.3,309.3,1376.0,57.0,198.0,0
1.0,300.3,311.8,1607.0,33.7,199.0,0
0.0,299.7,310.3,1505.0,37.7,4.0,0
1.0,295.6,306.2,1584.0,33.6,81.0,0
1.0,300.6,310.8,1389.0,48.1,88.0,0
1.0,299.0,308.3,1377.0,47.2,35.0,0
0.0,302.0,310.3,1648.0,29.6,157.0,0
2.0,303.8,313.2,1381.0,52.4,140.0,0
2.0,302.7,312.5,1527.0,36.4,26.0,0
2.0,301.6,310.4,1369.0,45.4,156.0,0
0.0,298.4,308.7,1523.0,36.1,126.0,0
2.0,297.9,307.8,1635.0,34.0,142.0,0
1.0,302.5,310.4,1580.0,35.6,176.0,0
0.0,301.7,309.8,1491.0,39.3,114.0,0
1.0,300.0,309.9,1651.0,28.1,114.0,0
0.0,301.6,310.9,1385.0,51.2,132.0,0
1.0,298.2,308.7,1426.0,42.6,23.0,0
2.0,297.9,307.6,1493.0,36.0,161.0,0
0.0,302.1,310.8,1772.0,27.1,233.0,0
0.0,300.7,309.8,1363.0,53.1,183.0,0
0.0,300.4,311.8,2261.0,14.9,5.0,0
2.0,300.8,309.4,1474.0,40.7,104.0,0
0.0,303.1,312.7,1353.0,51.8,97.0,0
0.0,301.0,309.9,1507.0,41.8,19.0,0
0.0,299.2,308.5,1378.0,50.4,220.0,1
0.0,302.3,311.2,1386.0,53.5,59.0,0
2.0,300.5,312.0,1375.0,43.2,108.0,0
1.0,298.0,308.1,1339.0,51.6,197.0,0
0.0,299.0,310.0,1484.0,39.6,212.0,0
1.0,303.1,312.6,1567.0,32.9,132.0,0
1.0,302.2,311.4,1372.0,55.1,9.0,0
1.0,301.3,310.4,1635.0,32.5,110.0,0
0.0,300.3,310.7,1539.0,32.3,123.0,0
0.0,300.9,312.1,1423.0,40.2,63.0,0
2.0,303.6,312.7,1403.0,46.2,57.0,0
1.0,301.2,310.0,1445.0,45.6,18.0,0
1.0,299.0,308.9,1449.0,39.6,105.0,0
0.0,298.4,308.9,1706.0,29.5,107.0,0
0.0,298.3,309.1,1417.0,60.5,143.0,0
0.0,298.9,310.2,1623.0,37.2,177.0,0
1.0,298.8,308.5,1425.0,47.4,90.0,0
2.0,297.9,307.5,1880.0,23.3,146.0,0
0.0,300.3,310.4,1493.0,37.5,219.0,0
0.0,302.4,311.2,1450.0,47.9,154.0,0
0.0,301.0,310.5,1317.0,50.9,75.0,0
1.0,295.8,306.4,1335.0,51.7,69.0,0
1.0,303.5,312.9,1618.0,30.4,130.0,0
1.0,301.5,310.8,1385.0,47.5,30.0,0
1.0,301.0,310.9,1765.0,24.2,179.0,0
0.0,303.7,312.4,1316.0,59.3,137.0,0
1.0,298.6,309.6,1525.0,42.4,2.0,0
0.0,299.1,308.8,1502.0,38.3,88.0,0
0.0,298.0,308.8,1496.0,44.9,179.0,0
0.0,299.3,310.2,1495.0,49.2,16.0,0
0.0,298.9,310.1,1571.0,36.8,78.0,0
1.0,301.7,310.6,1492.0,42.2,85.0,0
1.0,302.2,311.5,1562.0,38.0,162.0,0
1.0,298.8,309.7,1448.0,44.8,31.0,0
0.0,302.0,310.6,1583.0,38.9,94.0,0
0.0,300.5,309.5,1777.0,23.6,0.0,0
0.0,299.9,311.3,1535.0,38.1,160.0,0
1.0,302.9,311.0,1402.0,40.7,52.0,0
1.0,298.5,309.5,1501.0,40.2,114.0,0
0.0,299.3,308.9,1258.0,69.4,119.0,1
1.0,298.7,309.0,1843.0,25.8,130.0,0
0.0,300.1,309.4,1560.0,47.7,26.0,0
0.0,297.5,308.2,1610.0,33.6,115.0,0
0.0,299.0,308.8,1405.0,55.2,103.0,0
1.0,300.0,310.1,1314.0,53.5,199.0,0
0.0,301.6,310.9,1532.0,43.6,15.0,0
0.0,295.9,306.4,1892.0,21.7,72.0,0
0.0,302.8,312.3,1764.0,29.9,162.0,0
0.0,298.2,308.7,2186.0,17.8,31.0,0
0.0,302.5,310.8,1577.0,36.9,158.0,0
1.0,302.3,311.1,1338.0,53.3,63.0,0
0.0,301.3,310.1,1355.0,53.6,193.0,0
1.0,299.0,308.7,1620.0,35.4,199.0,0
0.0,302.9,312.1,1334.0,54.7,88.0,0
2.0,297.5,308.6,1536.0,38.7,7.0,0
1.0,297.6,309.3,1415.0,41.3,17.0,0
0.0,297.6,309.1,1394.0,50.0,62.0,0
1.0,298.1,307.6,1565.0,36.3,140.0,0
2.0,300.0,311.4,1641.0,34.5,155.0,0
1.0,299.9,311.2,1579.0,35.5,162.0,0
1.0,300.8,310.5,1511.0,35.8,54.0,0
1.0,298.1,307.8,1316.0,57.2,191.0,0
1.0,301.0,311.6,1301.0,55.0,9.0,0
0.0,298.9,309.9,1526.0,35.4,96.0,0
1.0,301.2,310.7,1527.0,41.1,53.0,0
0.0,300.5,310.8,1354.0,51.8,157.0,0
1.0,300.0,309.5,1879.0,22.4,79.0,0
1.0,302.3,311.7,1535.0,38.3,5.0,0
1.0,301.7,309.9,1533.0,40.9,106.0,0
1.0,302.5,310.3,1447.0,39.2,172.0,0
0.0,297.8,308.9,1871.0,25.6,200.0,1
0.0,301.9,310.9,1574.0,31.4,27.0,0
0.0,299.6,310.6,1642.0,35.1,149.0,0
0.0,297.4,308.6,1459.0,41.3,196.0,0
0.0,299.4,310.9,1751.0,27.8,10.0,0
0.0,300.4,311.1,1589.0,35.5,191.0,0
1.0,297.3,308.0,1598.0,29.4,148.0,0
0.0,301.5,310.5,1380.0,48.7,160.0,0
0.0,298.5,309.5,1547.0,33.1,68.0,0
2.0,302.4,311.5,1540.0,43.7,81.0,0
1.0,302.1,311.3,1511.0,45.0,204.0,0
0.0,298.6,308.2,1325.0,54.0,41.0,0
0.0,298.8,309.7,1225.0,63.4,37.0,0
2.0,298.8,310.1,1483.0,45.4,192.0,0
1.0,297.5,308.6,1347.0,57.0,132.0,0
1.0,300.4,310.0,1560.0,42.3,186.0,0
1.0,301.1,311.3,1654.0,30.7,28.0,0
0.0,297.8,307.2,1498.0,38.1,188.0,0
0.0,300.7,310.2,1639.0,31.4,48.0,0
0.0,298.9,308.6,1400.0,49.5,79.0,0
1.0,302.2,311.3,1375.0,47.0,98.0,0
0.0,303.7,312.7,1989.0,22.4,166.0,0
0.0,298.1,308.2,1521.0,39.3,151.0,0
1.0,298.6,309.0,1481.0,40.8,6.0,0
0.0,297.9,307.8,1538.0,38.5,123.0,0
1.0,301.0,310.7,1517.0,40.2,171.0,0
1.0,299.9,309.4,1889.0,26.0,6.0,0
2.0,297.7,307.2,1429.0,44.1,26.0,0
2.0,299.3,308.7,1408.0,44.4,82.0,0
2.0,299.2,310.6,1704.0,30.6,160.0,0
0.0,302.5,310.9,1330.0,56.9,97.0,1
0.0,300.5,310.0,1521.0,45.1,86.0,0
2.0,298.0,307.6,1420.0,45.8,150.0,0
0.0,303.4,311.9,1491.0,38.2,26.0,0
1.0,297.6,308.6,1254.0,45.8,31.0,0
1.0,300.6,311.6,1630.0,31.8,52.0,0
1.0,300.4,310.2,1380.0,47.3,5.0,0
1.0,297.0,308.2,1702.0,30.7,124.0,0
0.0,302.9,312.2,1469.0,42.0,214.0,0
0.0,302.0,309.8,1532.0,39.4,2.0,0
0.0,296.8,308.0,1666.0,29.8,41.0,0
2.0,301.1,311.6,1417.0,53.4,0.0,0
1.0,301.0,309.7,1511.0,39.3,146.0,0
2.0,297.3,308.1,1554.0,42.4,158.0,0
0.0,298.2,307.8,1530.0,35.9,68.0,0
0.0,296.2,307.3,1475.0,37.0,44.0,0
0.0,302.3,311.7,1465.0,43.5,117.0,0
0.0,302.3,310.9,1459.0,35.0,32.0,0
0.0,299.4,310.5,1372.0,46.3,173.0,0
1.0,298.0,308.7,1479.0,58.5,176.0,1
0.0,298.4,308.2,1618.0,33.0,61.0,0
0.0,302.6,310.5,1748.0,28.2,2.0,0
1.0,302.0,310.5,1381.0,58.4,201.0,0
1.0,300.4,309.7,1547.0,38.0,181.0,0
1.0,298.4,309.5,1484.0,41.7,119.0,0
0.0,300.8,311.9,1498.0,39.3,23.0,0
1.0,300.7,310.6,1778.0,27.1,215.0,0
0.0,298.5,309.5,1385.0,46.3,203.0,1
1.0,300.1,310.1,1402.0,46.6,10.0,0
0.0,301.0,310.6,1588.0,33.7,114.0,0
0.0,301.7,311.0,1343.0,49.2,25.0,0
1.0,302.6,312.3,1454.0,54.8,253.0,1
0.0,302.2,311.7,1488.0,44.6,178.0,0
0.0,300.5,311.9,1403.0,45.7,54.0,0
0.0,299.4,308.7,1512.0,37.2,126.0,0
0.0,299.8,311.1,2144.0,17.7,190.0,0
0.0,300.1,309.0,1314.0,58.2,114.0,0
1.0,301.1,311.1,2089.0,19.8,162.0,0
0.0,298.1,309.2,1802.0,26.9,83.0,0
1.0,301.9,311.3,1522.0,35.6,63.0,0
1.0,302.4,310.3,1375.0,52.5,161.0,1
1.0,297.6,308.2,1995.0,20.5,10.0,0
0.0,300.0,309.9,1507.0,41.4,74.0,0
0.0,299.6,310.1,1487.0,42.9,42.0,0
0.0,295.6,306.2,1428.0,44.5,51.0,0
0.0,299.3,309.0,1447.0,50.4,140.0,0
0.0,301.2,310.2,1385.0,42.3,42.0,0
1.0,298.2,307.7,1681.0,31.0,84.0,0
0.0,298.6,309.7,1703.0,26.1,5.0,0
0.0,298.5,308.2,1654.0,27.1,13.0,0
0.0,298.7,309.8,1394.0,40.3,11.0,0
1.0,300.1,311.3,1518.0,40.2,130.0,0
0.0,299.1,310.6,1380.0,44.7,170.0,0
1.0,299.2,309.0,1881.0,23.9,137.0,0
0.0,300.8,310.7,1586.0,33.4,142.0,0
0.0,300.3,311.7,1682.0,27.8,178.0,0
0.0,298.3,309.0,1657.0,32.2,179.0,0
1.0,300.9,311.4,1434.0,45.4,118.0,0
0.0,300.3,311.8,1488.0,38.4,51.0,0
1.0,299.7,311.0,1506.0,42.7,85.0,0
1.0,302.4,310.1,1358.0,54.6,61.0,1
0.0,300.1,309.4,1858.0,23.6,26.0,0
1.0,300.4,309.7,1539.0,37.7,156.0,0
1.0,302.6,311.7,1430.0,51.7,32.0,0
0.0,300.2,311.4,1433.0,37.9,36.0,0
0.0,298.4,309.5,1376.0,50.4,202.0,0
0.0,299.4,309.1,1207.0,66.5,66.0,0
2.0,302.7,312.1,1478.0,36.0,191.0,0
0.0,300.4,311.2,1705.0,28.7,20.0,0
2.0,302.3,310.1,1383.0,42.9,24.0,0
0.0,300.1,311.4,1418.0,47.7,73.0,0
1.0,302.6,310.2,1563.0,39.0,97.0,0
0.0,299.7,309.3,1779.0,25.5,129.0,0
1.0,299.3,309.1,1571.0,38.3,59.0,0
0.0,299.0,310.3,1507.0,36.7,173.0,0
0.0,298.9,308.7,1504.0,41.8,165.0,0
1.0,303.8,313.2,1710.0,26.5,190.0,0
0.0,297.9,307.6,1481.0,38.0,40.0,0
0.0,303.5,313.0,1547.0,40.3,73.0,0
1.0,300.5,311.6,1456.0,51.1,193.0,0
1.0,301.2,310.7,1543.0,32.9,40.0,0
0.0,298.1,307.9,1614.0,35.8,196.0,0
1.0,298.1,308.8,1434.0,41.8,93.0,0
0.0,300.1,309.1,1353.0,58.7,86.0,0
0.0,300.5,310.5,1409.0,60.9,73.0,0
0.0,301.7,309.9,1317.0,49.0,187.0,1
0.0,300.6,311.9,1372.0,60.1,212.0,1
0.0,302.0,311.1,1635.0,36.0,23.0,0
1.0,298.8,308.4,1604.0,29.5,14.0,0
0.0,299.8,309.7,1624.0,34.2,96.0,0
0.0,298.8,309.8,1363.0,44.0,25.0,0
0.0,303.9,313.1,1310.0,62.9,130.0,0
2.0,296.6,307.4,1333.0,50.2,177.0,0
0.0,303.9,313.3,1526.0,40.7,164.0,0
0.0,297.9,308.8,1681.0,31.7,94.0,0
1.0,299.9,309.8,1625.0,41.2,109.0,0
1.0,300.6,310.0,1302.0,62.9,87.0,0
1.0,300.4,311.5,1476.0,32.6,144.0,0
0.0,299.0,308.4,1356.0,52.6,188.0,0
1.0,299.1,310.6,1449.0,43.2,80.0,0
2.0,303.0,312.5,1698.0,30.0,89.0,0
1.0,297.3,308.6,1431.0,53.0,160.0,0
1.0,298.3,309.6,1531.0,40.1,81.0,0
0.0,301.8,310.5,1548.0,34.1,93.0,0
0.0,299.2,308.4,1386.0,54.1,26.0,0
0.0,297.7,308.9,1575.0,39.9,12.0,0
1.0,298.0,308.7,1494.0,42.6,96.0,0
1.0,298.0,307.9,1479.0,47.6,76.0,0
0.0,300.3,311.4,1471.0,37.0,114.0,0
1.0,298.3,308.1,1630.0,32.7,83.0,0
0.0,298.4,309.2,1610.0,32.4,194.0,0
0.0,301.1,311.1,1799.0,21.7,206.0,0
0.0,300.5,309.8,1421.0,49.6,211.0,0
0.0,297.4,308.5,1486.0,48.6,75.0,0
1.0,300.6,312.2,2174.0,18.5,95.0,0
1.0,298.7,309.8,1528.0,36.7,197.0,0
1.0,297.3,308.4,1686.0,34.5,97.0,0
1.0,300.1,309.2,1438.0,51.0,211.0,0
1.0,302.3,311.7,1685.0,30.8,130.0,0
0.0,299.3,308.8,1647.0,32.9,172.0,0
1.0,296.2,307.2,1552.0,34.8,8.0,0
0.0,302.1,311.4,1549.0,44.6,31.0,0
0.0,300.2,311.8,1464.0,44.5,179.0,0
1.0,299.9,309.4,1487.0,42.2,198.0,0
2.0,299.0,310.2,1637.0,38.0,68.0,0
2.0,298.4,308.9,1782.0,23.9,24.0,0
1.0,299.3,309.1,1385.0,45.6,34.0,0
1.0,299.5,309.0,1399.0,49.7,207.0,0
0.0,297.2,308.5,1494.0,39.6,181.0,0
2.0,302.5,311.5,1626.0,36.0,44.0,0
0.0,297.6,309.5,1924.0,20.6,37.0,0
0.0,298.1,308.0,1704.0,30.9,61.0,0
0.0,298.9,310.1,1587.0,30.2,162.0,0
1.0,300.8,310.7,1452.0,43.0,139.0,0
0.0,297.3,308.4,1469.0,46.7,65.0,0
0.0,296.7,307.4,1535.0,34.6,114.0,0
0.0,301.3,310.6,1416.0,45.2,88.0,0
1.0,302.5,310.5,1507.0,40.2,201.0,0
0.0,300.6,310.2,1519.0,44.6,69.0,0
2.0,301.4,310.7,1329.0,52.0,160.0,0
1.0,302.2,311.2,1544.0,43.6,63.0,0
0.0,300.1,309.3,1712.0,28.5,141.0,0
0.0,298.2,308.3,1805.0,31.6,96.0,0
1.0,302.0,310.7,2157.0,17.8,17.0,0
0.0,302.7,310.5,1511.0,37.7,60.0,0
2.0,298.0,307.8,1588.0,35.4,114.0,0
1.0,298.5,308.6,1384.0,54.4,44.0,0
1.0,302.5,310.5,1918.0,21.6,131.0,0
0.0,299.2,308.4,1620.0,34.1,89.0,0
0.0,297.4,309.0,1570.0,37.9,154.0,0
0.0,298.7,310.2,1436.0,47.5,32.0,0
0.0,297.5,309.3,1564.0,37.5,20.0,0
0.0,300.3,309.2,1650.0,35.2,196.0,0
1.0,302.2,311.2,1347.0,49.8,94.0,0
0.0,299.2,308.5,1438.0,46.6,63.0,0
1.0,296.2,307.2,1633.0,31.1,0.0,0
1.0,300.6,310.2,1478.0,40.1,5.0,0
1.0,302.2,311.7,1653.0,31.4,2.0,0
0.0,302.4,311.2,1448.0,50.5,53.0,0
0.0,299.0,310.3,1483.0,39.2,153.0,0
0.0,301.0,311.4,1478.0,39.5,75.0,0
0.0,302.1,311.5,1533.0,39.4,26.0,0
0.0,298.8,310.3,1553.0,36.8,97.0,0
1.0,303.8,312.7,1374.0,53.6,136.0,0
0.0,298.2,308.2,1466.0,42.4,164.0,0
0.0,300.2,311.4,1452.0,47.8,34.0,0
0.0,300.4,310.4,1486.0,46.3,48.0,0
0.0,300.8,310.6,1402.0,53.7,93.0,0
0.0,302.2,310.6,1462.0,43.6,0.0,0
1.0,300.3,309.4,1612.0,33.1,150.0,0
2.0,302.8,312.5,1422.0,46.1,4.0,0
1.0,297.3,308.3,1697.0,27.4,121.0,0
2.0,297.1,308.2,1790.0,30.3,128.0,0
0.0,303.0,311.2,1383.0,44.6,198.0,0
0.0,300.4,311.2,1472.0,37.3,187.0,0
0.0,297.5,309.1,1515.0,35.1,213.0,0
0.0,299.0,310.4,1565.0,36.1,127.0,0
0.0,299.0,309.0,1469.0,40.1,13.0,0
0.0,300.0,309.3,1887.0,22.6,120.0,0
0.0,298.2,307.5,1470.0,51.3,180.0,0
0.0,299.0,310.1,1463.0,37.4,56.0,0
1.0,300.1,310.1,1501.0,39.3,195.0,0
0.0,297.3,308.1,1468.0,49.8,0.0,0
0.0,300.6,310.7,1397.0,53.7,80.0,0
0.0,300.2,309.7,1656.0,34.3,120.0,0
1.0,302.1,310.6,1326.0,59.1,88.0,1
0.0,298.9,308.7,1546.0,43.4,114.0,0
0.0,297.5,308.2,1327.0,56.5,189.0,0
1.0,302.8,312.3,1416.0,42.7,241.0,0
0.0,297.3,308.6,1486.0,42.6,105.0,0
0.0,302.0,310.6,1392.0,50.0,84.0,0
1.0,298.9,309.6,1434.0,43.8,180.0,0
0.0,300.3,311.8,1360.0,48.0,119.0,0
0.0,300.6,310.1,1656.0,32.7,44.0,0
0.0,298.5,308.8,1305.0,58.7,26.0,0
0.0,302.4,311.0,1486.0,40.4,192.0,0
0.0,300.9,311.3,1953.0,19.4,107.0,0
0.0,298.3,309.0,1339.0,58.8,35.0,0
0.0,300.5,309.8,1428.0,43.8,119.0,0
0.0,298.4,308.2,1528.0,36.2,196.0,0
0.0,299.8,310.3,1687.0,30.4,33.0,0
0.0,303.1,311.1,1420.0,55.8,113.0,0
0.0,301.1,312.3,1486.0,34.9,122.0,0
2.0,300.9,311.9,1513.0,38.0,38.0,0
2.0,303.3,311.4,1651.0,30.6,50.0,0
0.0,299.7,310.6,1675.0,31.3,129.0,0
0.0,300.3,311.7,1317.0,56.5,7.0,0
0.0,297.6,309.0,1822.0,25.4,202.0,0
2.0,301.3,311.0,1580.0,36.6,184.0,0
0.0,301.3,310.6,1451.0,47.5,42.0,0
0.0,298.5,309.7,1437.0,42.6,120.0,0
0.0,299.7,309.1,1417.0,50.1,187.0,0
1.0,298.8,309.7,1589.0,35.3,149.0,0
0.0,298.6,308.2,1361.0,68.2,172.0,1
1.0,301.4,311.2,1727.0,26.5,43.0,0
0.0,299.3,310.3,1396.0,47.4,14.0,0
0.0,298.9,308.5,1459.0,43.1,147.0,0
2.0,300.7,309.7,1623.0,32.7,0.0,0
2.0,300.5,309.9,1397.0,45.9,210.0,1
0.0,297.4,308.5,2100.0,16.9,176.0,0
0.0,299.7,309.2,1422.0,40.4,140.0,0
0.0,298.6,309.4,1471.0,48.0,141.0,0
0.0,302.3,311.1,1546.0,33.1,156.0,0
0.0,301.0,311.2,1363.0,46.3,62.0,0
1.0,298.0,307.6,1581.0,43.4,113.0,0
2.0,299.1,308.3,1451.0,42.8,21.0,0
0.0,301.4,311.2,1355.0,50.6,37.0,0
2.0,302.4,311.6,1544.0,39.1,70.0,0
0.0,301.4,310.9,1536.0,38.3,9.0,0
1.0,298.4,309.1,1467.0,39.6,78.0,0
2.0,300.2,311.5,1426.0,44.3,73.0,0
1.0,297.6,308.3,1567.0,34.6,71.0,0
1.0,301.7,310.6,1876.0,22.1,99.0,0
1.0,300.8,310.7,1371.0,44.7,205.0,0
1.0,298.5,309.6,1441.0,48.2,107.0,0
0.0,299.3,309.3,1325.0,62.0,47.0,0
0.0,301.9,310.4,1370.0,51.7,153.0,1
2.0,296.6,307.7,1654.0,31.0,91.0,0
1.0,300.9,310.3,1416.0,50.9,152.0,0
0.0,299.3,308.6,1520.0,33.7,76.0,0
1.0,299.2,308.9,1521.0,42.3,215.0,0
1.0,301.4,310.7,1375.0,42.0,168.0,0
0.0,300.5,311.4,1611.0,32.7,44.0,0
1.0,296.8,307.8,1664.0,32.8,142.0,0
0.0,302.3,310.7,1612.0,33.4,139.0,0
1.0,300.2,310.1,1550.0,38.7,45.0,0
0.0,303.9,313.3,1394.0,51.6,121.0,0
0.0,304.1,313.1,1556.0,36.3,86.0,0
0.0,302.1,311.5,1477.0,45.4,111.0,0
0.0,297.5,308.1,1631.0,30.6,146.0,0
2.0,302.0,310.5,1459.0,43.2,148.0,0
0.0,298.9,308.8,1281.0,53.9,77.0,0
0.0,299.6,310.2,1627.0,36.6,17.0,0
0.0,300.4,311.2,1406.0,43.6,22.0,0
1.0,301.5,310.6,1638.0,31.9,137.0,0
0.0,302.6,311.9,1448.0,49.5,72.0,0
0.0,303.5,312.4,1503.0,36.5,191.0,0
0.0,303.7,312.5,1462.0,46.2,165.0,0
0.0,301.4,310.4,1559.0,36.0,196.0,0
1.0,300.2,309.7,1408.0,44.0,144.0,0
1.0,300.6,310.6,1463.0,45.5,196.0,0
0.0,301.6,311.2,1525.0,43.7,91.0,0
0.0,300.3,310.1,1483.0,39.9,174.0,0
1.0,298.7,309.2,1437.0,45.7,195.0,0
1.0,304.0,313.1,1466.0,39.5,83.0,0
0.0,301.1,309.6,1502.0,48.9,160.0,0
1.0,300.7,309.8,1490.0,38.8,173.0,0
1.0,297.2,308.6,1513.0,39.0,78.0,0
0.0,299.2,308.7,1325.0,51.0,171.0,0
1.0,298.2,309.4,1693.0,34.4,73.0,0
0.0,300.1,311.4,1484.0,43.1,13.0,0
1.0,299.4,309.2,1470.0,44.4,135.0,0
1.0,303.3,311.8,1536.0,40.6,205.0,0
1.0,299.4,310.7,1492.0,45.7,219.0,0
0.0,297.5,308.9,1738.0,24.0,195.0,0
1.0,302.7,310.5,1398.0,47.3,70.0,0
0.0,301.8,310.7,1551.0,37.7,64.0,0
0.0,300.5,310.6,1368.0,49.6,10.0,0
0.0,297.4,308.2,1386.0,41.0,35.0,0
0.0,298.8,309.1,1418.0,46.3,133.0,0
2.0,300.3,311.6,1463.0,41.6,102.0,0
2.0,303.8,313.2,1379.0,50.2,178.0,0
1.0,301.9,310.9,1763.0,28.4,103.0,0
0.0,301.1,311.1,1429.0,42.5,123.0,0
0.0,298.0,308.5,1395.0,46.2,122.0,0
1.0,301.8,310.2,1437.0,42.3,0.0,0
0.0,297.4,308.1,1435.0,45.7,110.0,0
0.0,297.7,308.8,1896.0,24.5,186.0,0
0.0,297.4,308.6,1820.0,24.6,79.0,0
0.0,302.6,312.4,1398.0,41.6,40.0,0
1.0,297.1,307.8,1443.0,43.9,137.0,0
1.0,303.6,312.3,1630.0,32.4,223.0,0
0.0,300.6,310.2,1341.0,52.6,21.0,0
0.0,300.8,311.7,1432.0,45.8,6.0,0
1.0,301.8,310.9,1881.0,20.9,23.0,0
0.0,301.4,310.6,1445.0,43.9,210.0,0
0.0,300.2,309.4,1981.0,21.4,44.0,0
1.0,302.2,311.2,1377.0,43.0,91.0,0
0.0,302.7,312.1,1688.0,32.0,155.0,0
1.0,298.2,307.8,1578.0,34.5,127.0,0
0.0,297.4,308.3,1366.0,45.5,11.0,0
2.0,298.2,308.3,1824.0,24.2,49.0,0
0.0,299.3,309.2,2280.0,15.4,207.0,0
0.0,297.2,308.6,1437.0,52.4,37.0,0
0.0,301.6,310.9,1623.0,34.1,56.0,0
0.0,299.7,311.2,1835.0,23.7,183.0,0
1.0,301.8,311.0,1839.0,23.6,30.0,0
0.0,297.2,308.4,1605.0,30.0,183.0,0
1.0,299.9,311.3,1389.0,50.0,55.0,0
1.0,297.9,308.8,1538.0,37.6,54.0,0
1.0,302.3,310.9,1742.0,29.7,137.0,0
0.0,300.7,312.3,1590.0,36.3,93.0,0
0.0,296.3,307.4,1472.0,39.9,51.0,0
0.0,299.6,309.2,1713.0,26.5,167.0,0
0.0,300.3,311.5,1667.0,28.8,56.0,0
2.0,302.2,311.7,1413.0,46.5,147.0,0
0.0,298.1,307.6,1498.0,42.9,171.0,0
0.0,302.1,311.2,1550.0,34.8,177.0,0
0.0,300.2,311.7,1493.0,48.3,167.0,0
0.0,299.9,309.4,1322.0,53.9,33.0,0
0.0,297.2,308.6,1366.0,50.4,74.0,0
0.0,298.8,310.0,1528.0,36.7,147.0,0
1.0,298.8,309.6,1693.0,33.3,170.0,0
1.0,303.6,312.7,1699.0,31.5,105.0,0
0.0,298.3,308.9,1708.0,28.0,42.0,0
0.0,296.8,307.6,1434.0,48.3,138.0,0
2.0,299.7,309.2,1456.0,40.6,182.0,0
0.0,301.7,311.3,1584.0,38.8,132.0,0
0.0,300.2,311.6,1500.0,39.0,174.0,0
1.0,301.5,310.5,1308.0,60.5,139.0,0
0.0,302.5,311.4,1559.0,37.6,209.0,0
0.0,301.7,310.5,1567.0,39.1,114.0,0
0.0,299.4,308.7,1553.0,42.7,128.0,0
1.0,300.4,311.8,1362.0,47.6,188.0,0
1.0,299.0,310.3,1447.0,39.9,78.0,0
1.0,298.3,307.8,1330.0,55.4,114.0,0
0.0,300.8,310.6,1384.0,52.9,165.0,0
2.0,303.0,312.2,1624.0,28.8,117.0,0
0.0,299.4,309.0,1800.0,24.3,128.0,0
0.0,300.3,309.2,1807.0,26.4,169.0,0
0.0,302.0,310.4,1591.0,29.8,105.0,0
1.0,301.7,310.7,1659.0,29.9,73.0,0
1.0,300.2,310.2,1628.0,30.3,27.0,0
0.0,298.8,309.7,1953.0,20.6,25.0,0
0.0,300.9,311.0,2003.0,20.2,138.0,0
1.0,295.6,306.1,1669.0,29.0,161.0,0
0.0,298.1,307.8,1540.0,37.8,203.0,0
2.0,299.1,308.8,1566.0,46.6,192.0,0
1.0,298.5,309.7,1557.0,37.7,86.0,0
1.0,299.2,308.8,1523.0,38.9,112.0,0
0.0,300.7,310.0,1395.0,48.0,85.0,0
0.0,297.7,308.8,1354.0,50.2,103.0,0
0.0,297.2,308.0,1474.0,43.7,162.0,0
0.0,297.1,308.2,1351.0,56.6,126.0,0
0.0,298.0,307.6,1385.0,45.0,158.0,0
0.0,299.2,308.4,1445.0,43.5,224.0,0
0.0,302.8,310.9,1636.0,35.0,38.0,0
0.0,300.9,310.4,1788.0,27.8,90.0,0
1.0,297.1,308.4,1615.0,32.6,184.0,0
1.0,302.4,311.9,1422.0,46.4,194.0,0
1.0,297.5,308.7,1446.0,53.0,168.0,0
1.0,299.0,308.8,1418.0,45.7,204.0,0
2.0,300.7,309.6,1390.0,48.5,7.0,0
0.0,296.0,306.7,1917.0,21.0,127.0,0
0.0,302.2,311.7,1330.0,54.6,154.0,0
0.0,300.4,309.7,1314.0,50.2,179.0,0
1.0,302.5,310.4,1581.0,32.7,181.0,0
0.0,297.4,309.0,1324.0,56.9,173.0,0
0.0,301.3,310.8,1531.0,53.4,57.0,0
0.0,298.9,309.8,1396.0,49.0,13.0,0
1.0,298.0,307.5,1427.0,45.1,95.0,0
0.0,300.1,309.6,1760.0,25.4,55.0,0
1.0,302.3,311.4,1479.0,45.6,59.0,0
1.0,300.1,309.7,1420.0,48.4,36.0,0
2.0,297.8,307.5,1631.0,31.3,124.0,0
0.0,297.1,308.5,1323.0,44.4,207.0,1
0.0,302.7,311.2,1545.0,35.1,128.0,0
1.0,300.7,310.6,1505.0,35.6,105.0,0
1.0,298.6,309.5,1566.0,38.1,89.0,0
0.0,300.2,309.4,1558.0,38.3,51.0,0
0.0,302.3,310.9,1412.0,48.9,28.0,0
0.0,299.1,310.4,1527.0,44.0,149.0,0
0.0,297.2,308.6,1578.0,34.4,76.0,0
0.0,300.4,310.6,1384.0,48.7,24.0,0
2.0,300.3,311.6,1339.0,53.4,123.0,0
0.0,302.1,311.2,1369.0,50.8,164.0,0
0.0,300.4,309.2,1752.0,29.0,52.0,0
0.0,302.0,310.8,1445.0,49.1,2.0,0
0.0,297.9,307.7,1353.0,50.7,13.0,0
0.0,298.9,310.3,1496.0,36.3,161.0,0
0.0,300.4,310.8,1520.0,37.6,151.0,0
1.0,300.2,310.0,1664.0,30.7,179.0,0
0.0,303.9,313.0,1480.0,39.9,176.0,0
2.0,300.8,310.8,1618.0,32.8,40.0,0
0.0,296.6,307.6,1671.0,28.8,108.0,0
1.0,299.0,309.0,1351.0,52.2,44.0,0
1.0,301.6,310.2,1411.0,45.1,54.0,0
0.0,302.5,310.3,1326.0,58.5,55.0,1
1.0,299.0,310.1,1705.0,30.1,84.0,0
1.0,298.1,307.7,1498.0,38.3,81.0,0
1.0,300.5,309.9,1483.0,49.3,124.0,0
0.0,301.0,312.2,1510.0,39.9,61.0,0
0.0,298.3,308.1,1326.0,58.4,90.0,0
0.0,298.9,310.4,1831.0,25.4,81.0,0
0.0,297.8,308.3,1498.0,47.3,160.0,0
1.0,301.2,310.6,1576.0,39.6,109.0,0
0.0,298.3,310.1,1408.0,45.3,78.0,0
1.0,302.4,310.4,1463.0,42.2,139.0,0
1.0,302.5,312.0,1591.0,29.4,192.0,0
0.0,298.7,308.5,1616.0,30.2,34.0,0
0.0,298.0,308.7,1771.0,26.2,206.0,0
0.0,298.8,309.9,1550.0,38.8,53.0,0
1.0,300.1,311.2,1452.0,42.4,190.0,0
0.0,297.2,308.3,1796.0,23.8,61.0,0
0.0,300.2,309.5,1495.0,32.6,49.0,0
1.0,304.3,313.5,1525.0,42.0,2.0,0
1.0,301.9,310.5,1590.0,40.3,130.0,0
0.0,301.4,310.6,1578.0,33.0,181.0,0
0.0,300.2,310.6,1431.0,42.3,113.0,0
0.0,297.4,308.7,1545.0,36.9,125.0,0
1.0,298.6,309.1,1339.0,51.1,34.0,0
0.0,302.3,311.4,1434.0,40.3,133.0,0
0.0,298.2,309.0,1780.0,29.3,91.0,0
0.0,298.0,307.7,1435.0,45.6,184.0,0
0.0,299.1,310.5,1471.0,38.4,146.0,0
0.0,302.2,311.2,1451.0,41.8,66.0,0
1.0,302.3,311.7,1494.0,37.1,114.0,0
0.0,297.1,307.8,1636.0,30.3,90.0,0
2.0,303.8,312.9,1378.0,45.6,184.0,0
0.0,301.1,310.6,1417.0,47.6,10.0,0
0.0,298.9,310.2,1971.0,23.2,155.0,0
0.0,303.0,312.3,1932.0,21.9,132.0,0
0.0,301.4,310.6,2137.0,18.0,99.0,0
0.0,297.5,308.8,1417.0,49.8,177.0,0
1.0,299.3,309.3,1471.0,46.0,42.0,0
2.0,302.0,310.6,1346.0,54.7,196.0,0
0.0,297.7,309.1,1477.0,38.3,60.0,0
0.0,297.2,308.3,1379.0,52.1,21.0,0
1.0,297.2,307.9,1541.0,35.7,169.0,0
0.0,295.7,306.2,1397.0,52.0,101.0,0
0.0,300.8,311.0,1578.0,44.4,86.0,0
0.0,304.2,313.4,1735.0,28.9,192.0,0
1.0,296.7,307.8,1258.0,69.0,105.0,1
2.0,297.2,308.1,1770.0,27.2,140.0,0
2.0,300.6,310.4,1479.0,35.6,150.0,0
1.0,297.5,308.1,1480.0,42.4,112.0,0
0.0,299.8,309.6,1374.0,51.6,137.0,0
1.0,297.3,308.4,1521.0,38.2,87.0,0
0.0,303.8,313.1,1309.0,55.8,193.0,0
0.0,300.4,309.8,1314.0,63.1,146.0,0
0.0,299.1,310.1,1894.0,24.2,22.0,0
0.0,301.5,310.5,1351.0,52.9,116.0,0
0.0,301.6,309.9,1440.0,43.4,100.0,0
0.0,300.9,310.3,1440.0,47.6,140.0,0
0.0,299.2,308.5,1374.0,53.6,143.0,0
1.0,302.0,311.0,1980.0,21.5,20.0,0
1.0,298.9,308.9,1679.0,28.7,181.0,0
1.0,300.5,312.0,1382.0,54.1,27.0,0
1.0,297.9,307.8,1450.0,43.5,106.0,0
1.0,296.8,307.9,1418.0,47.9,127.0,0
0.0,302.1,311.4,1446.0,39.7,95.0,0
0.0,300.7,310.9,1637.0,37.2,115.0,0
0.0,303.5,311.9,1344.0,49.3,93.0,1
0.0,299.8,310.2,1911.0,23.5,166.0,0
0.0,298.3,310.0,1507.0,44.7,73.0,0
2.0,300.4,309.9,2563.0,12.8,81.0,1
2.0,298.7,309.6,1755.0,26.9,73.0,0
2.0,301.8,310.6,1441.0,46.3,100.0,0
0.0,301.5,310.6,1519.0,40.7,208.0,0
0.0,298.1,307.6,1354.0,43.3,155.0,0
0.0,300.0,311.4,1508.0,38.2,18.0,0
0.0,298.5,309.6,1582.0,40.3,103.0,0
0.0,300.2,309.7,1275.0,60.7,15.0,0
1.0,297.4,309.1,1463.0,35.0,183.0,0
0.0,300.1,311.3,1547.0,40.0,201.0,0
0.0,297.9,309.1,1543.0,36.6,20.0,0
0.0,304.3,313.5,2643.0,12.7,21.0,0
0.0,300.4,309.8,1342.0,52.5,68.0,0
1.0,298.2,309.1,1457.0,49.0,77.0,0
1.0,298.5,309.6,1509.0,47.3,2.0,0
2.0,297.3,308.3,1461.0,41.5,108.0,0
0.0,302.0,310.8,1902.0,23.4,188.0,0
0.0,300.3,311.6,1560.0,37.7,107.0,0
0.0,302.0,310.5,1978.0,22.0,106.0,0
0.0,299.0,308.6,1946.0,22.3,102.0,0
1.0,301.5,311.1,1402.0,40.0,94.0,0
1.0,299.4,309.4,1326.0,47.5,35.0,0
0.0,303.8,312.8,1416.0,58.7,156.0,0
0.0,296.9,307.6,1435.0,45.0,119.0,0
0.0,298.7,308.5,1668.0,35.2,77.0,0
0.0,297.5,308.5,1546.0,40.4,129.0,0
0.0,296.9,307.7,1464.0,41.4,6.0,0
0.0,300.9,310.6,1598.0,35.4,186.0,0
0.0,299.8,309.1,1485.0,39.9,207.0,0
0.0,301.6,310.6,1621.0,33.7,137.0,0
0.0,302.5,311.9,1481.0,42.9,52.0,0
0.0,301.9,311.2,1369.0,49.8,66.0,0
1.0,296.3,307.2,1454.0,42.5,35.0,0
0.0,300.6,309.8,1502.0,42.4,133.0,0
0.0,298.4,308.6,1569.0,34.4,160.0,0
0.0,301.5,310.7,1323.0,49.7,79.0,0
1.0,296.7,307.5,1515.0,42.1,55.0,0
0.0,296.6,307.3,1474.0,40.0,158.0,0
1.0,295.5,306.0,1326.0,50.8,18.0,0
0.0,298.8,308.9,1402.0,37.9,2.0,0
1.0,298.6,308.4,1778.0,28.2,161.0,0
1.0,303.7,312.8,1558.0,37.7,206.0,0
0.0,300.3,311.5,1446.0,45.0,82.0,0
0.0,300.8,311.4,1536.0,40.9,22.0,0
1.0,304.0,313.0,1575.0,34.5,92.0,0
0.0,300.9,312.1,1474.0,42.4,171.0,0
1.0,299.0,310.4,1394.0,45.2,122.0,0
1.0,300.6,309.7,1428.0,42.6,23.0,0
0.0,296.8,308.1,1289.0,62.0,199.0,1
1.0,298.3,307.8,1485.0,42.0,13.0,0
1.0,302.6,310.5,1542.0,39.9,184.0,0
0.0,297.0,307.8,1609.0,35.6,193.0,0
0.0,303.1,312.9,1511.0,40.1,107.0,0
1.0,297.6,309.0,1815.0,25.3,66.0,0
0.0,298.9,310.1,1577.0,41.4,80.0,0
2.0,298.3,309.0,1823.0,25.9,181.0,0
0.0,301.4,310.7,1673.0,27.8,181.0,0
1.0,298.0,307.9,1417.0,51.0,137.0,0
0.0,300.6,310.5,1642.0,29.9,100.0,0
1.0,301.3,310.1,1525.0,37.8,199.0,0
0.0,301.3,310.1,1662.0,31.0,37.0,0
1.0,303.0,311.2,1519.0,38.0,139.0,0
1.0,304.2,313.5,1532.0,41.3,161.0,0
2.0,298.8,310.5,1294.0,55.8,202.0,0
1.0,297.4,309.3,1499.0,36.8,88.0,0
2.0,300.0,309.4,1498.0,38.5,37.0,0
0.0,298.5,308.3,1811.0,24.7,27.0,0
0.0,298.2,308.7,1428.0,54.9,45.0,0
1.0,299.9,311.3,1445.0,41.2,169.0,0
0.0,297.7,308.8,1515.0,40.1,82.0,0
0.0,301.7,309.9,1607.0,37.7,93.0,0
0.0,298.7,309.9,1621.0,34.1,130.0,0
0.0,300.7,312.3,1420.0,53.8,67.0,0
0.0,297.3,308.5,1514.0,44.5,177.0,0
1.0,297.2,308.6,1498.0,44.4,9.0,0
1.0,299.8,309.1,1496.0,44.4,155.0,0
1.0,296.3,307.3,1498.0,41.6,15.0,0
1.0,303.8,312.8,1420.0,47.9,200.0,0
1.0,301.7,310.6,1380.0,45.8,70.0,0
2.0,300.6,309.8,1541.0,36.2,166.0,0
0.0,303.3,311.4,1958.0,21.5,0.0,0
2.0,300.7,309.5,1667.0,30.5,29.0,0
0.0,298.4,308.6,1591.0,36.7,122.0,0
0.0,298.3,309.1,1616.0,31.1,195.0,0
1.0,300.0,311.4,1537.0,35.4,120.0,0
2.0,297.8,308.4,1550.0,38.2,185.0,0
1.0,300.4,311.6,1359.0,55.4,160.0,0
0.0,302.4,311.8,1320.0,56.4,100.0,0
0.0,301.2,311.0,1670.0,33.0,200.0,0
1.0,301.1,310.6,1429.0,52.7,35.0,0
0.0,301.4,310.7,1989.0,21.8,19.0,0
2.0,303.5,312.3,1386.0,49.0,35.0,0
0.0,302.7,310.5,1351.0,41.8,10.0,1
0.0,303.4,311.6,1449.0,41.7,132.0,0
2.0,300.2,311.6,1547.0,37.7,217.0,0
0.0,300.9,310.7,1477.0,43.2,143.0,0
0.0,299.5,310.8,1356.0,54.9,72.0,0
0.0,303.7,312.4,1348.0,51.0,152.0,0
1.0,300.7,310.6,1418.0,46.3,84.0,0
0.0,298.9,309.7,1449.0,48.8,147.0,0
0.0,302.5,312.0,2052.0,18.9,40.0,0
0.0,295.7,306.2,1458.0,40.6,103.0,0
2.0,299.0,310.0,1458.0,44.9,221.0,0
0.0,298.2,308.4,1310.0,61.0,189.0,1
0.0,300.3,309.6,1326.0,52.4,57.0,0
0.0,302.3,311.5,1387.0,47.3,2.0,0
0.0,301.4,310.4,1430.0,50.9,178.0,0
0.0,300.4,309.7,1534.0,42.5,127.0,0
1.0,301.3,310.6,1378.0,49.4,173.0,0
2.0,300.2,311.0,1777.0,27.5,151.0,0
1.0,301.7,311.1,1506.0,39.5,158.0,0
1.0,299.2,308.9,1573.0,37.4,212.0,0
0.0,297.5,308.6,1596.0,36.0,141.0,0
0.0,302.3,311.1,1373.0,53.0,181.0,0
0.0,297.9,308.6,1691.0,29.6,116.0,0
0.0,300.7,309.5,1467.0,44.3,55.0,0
0.0,297.7,308.9,1662.0,28.1,19.0,0
0.0,297.5,309.6,1312.0,50.7,0.0,0
0.0,300.5,311.5,1651.0,36.9,65.0,0
1.0,302.5,310.3,1411.0,49.5,110.0,0
0.0,303.7,311.9,1561.0,33.3,153.0,0
0.0,301.5,310.8,1417.0,49.7,5.0,0
2.0,302.2,311.9,1597.0,35.8,160.0,0
1.0,302.5,311.1,1638.0,32.0,198.0,0
0.0,297.5,308.9,1427.0,50.4,17.0,0
0.0,301.4,310.4,1559.0,39.4,199.0,0
0.0,302.6,312.1,1668.0,28.7,180.0,0
1.0,297.3,308.2,1677.0,34.9,21.0,0
0.0,299.5,310.8,1447.0,41.0,93.0,0
0.0,298.2,308.8,1354.0,60.9,32.0,0
0.0,297.1,308.1,1487.0,34.6,208.0,0
0.0,302.6,311.0,1369.0,60.0,93.0,1
1.0,302.4,311.2,1330.0,58.6,201.0,0
0.0,300.6,310.1,1297.0,50.0,130.0,0
1.0,301.0,311.2,1394.0,41.3,16.0,0
2.0,299.3,310.4,1510.0,45.5,27.0,0
1.0,300.3,311.6,1617.0,32.5,115.0,0
1.0,298.2,308.3,1560.0,33.0,181.0,0
0.0,298.2,308.8,1540.0,34.8,32.0,0
2.0,297.1,308.3,1492.0,41.5,141.0,0
0.0,300.4,309.6,1553.0,43.9,75.0,0
0.0,303.6,312.9,1873.0,23.5,7.0,0
0.0,297.4,308.7,1584.0,38.2,154.0,0
1.0,299.6,309.2,1867.0,23.4,225.0,1
0.0,301.5,310.9,1671.0,31.1,170.0,0
1.0,297.7,309.0,1433.0,41.8,16.0,0
0.0,302.0,310.5,2197.0,15.8,133.0,0
1.0,300.7,310.6,1407.0,42.4,218.0,0
1.0,301.7,311.0,1537.0,33.5,146.0,0
0.0,299.7,309.3,1592.0,34.2,8.0,0
0.0,298.8,310.5,1464.0,46.4,207.0,0
1.0,299.9,311.3,1703.0,28.4,134.0,0
0.0,298.5,309.4,1364.0,44.5,162.0,0
0.0,303.8,313.1,1523.0,39.8,150.0,0
0.0,302.3,310.8,1377.0,47.3,22.0,1
0.0,301.4,310.8,1770.0,24.1,112.0,0
0.0,297.3,308.5,1350.0,57.6,186.0,0
0.0,301.7,310.7,1493.0,51.1,87.0,0
1.0,298.4,309.2,1399.0,45.2,125.0,0
1.0,297.9,307.5,1647.0,30.8,212.0,0
0.0,299.8,309.4,1460.0,37.4,25.0,0
0.0,301.0,310.4,1614.0,31.6,84.0,0
0.0,300.4,310.5,1402.0,54.3,44.0,0
1.0,303.9,313.3,1507.0,34.3,161.0,0
2.0,297.9,308.7,1545.0,35.9,120.0,0
1.0,298.2,308.4,1510.0,39.9,134.0,0
1.0,298.5,309.5,1315.0,48.9,127.0,0
2.0,297.3,308.4,1531.0,35.6,16.0,0
2.0,300.0,310.4,1881.0,21.9,102.0,0
0.0,301.1,311.1,1387.0,53.1,188.0,0
0.0,298.7,309.8,1695.0,29.0,145.0,0
0.0,299.1,310.4,1450.0,40.9,85.0,0
0.0,297.4,308.4,1328.0,61.8,98.0,0
0.0,301.3,310.3,1626.0,31.3,180.0,0
0.0,302.1,311.2,1492.0,45.0,162.0,0
0.0,298.9,310.2,1491.0,45.1,101.0,0
1.0,298.0,308.9,1339.0,51.4,68.0,0
1.0,302.3,311.8,1463.0,35.7,197.0,0
2.0,300.7,310.2,1877.0,24.8,64.0,0
1.0,297.4,308.3,1550.0,47.8,18.0,0
0.0,299.1,310.6,1921.0,23.9,158.0,0
1.0,300.3,311.2,1783.0,25.6,139.0,0
2.0,302.9,311.0,1469.0,48.7,130.0,0
0.0,299.8,309.1,1668.0,30.3,200.0,0
0.0,300.7,310.8,1486.0,37.1,186.0,0
0.0,299.2,310.4,1379.0,46.8,39.0,0
1.0,300.7,310.8,1486.0,41.2,71.0,0
0.0,300.2,309.7,1678.0,30.5,142.0,0
1.0,299.7,310.5,1490.0,41.2,126.0,0
0.0,302.0,310.9,1455.0,43.2,220.0,0
0.0,301.3,311.1,1624.0,40.9,0.0,0
0.0,301.8,310.7,1680.0,32.4,76.0,0
2.0,300.2,311.4,1506.0,36.1,141.0,0
0.0,300.1,309.4,1464.0,41.7,30.0,0
1.0,302.4,310.3,1378.0,54.3,165.0,1
2.0,296.9,308.3,1474.0,39.2,177.0,0
0.0,298.3,309.2,1383.0,52.1,26.0,0
2.0,298.5,308.2,1563.0,44.6,163.0,0
0.0,298.3,308.6,1570.0,34.8,175.0,0
0.0,300.4,310.4,1298.0,61.4,19.0,0
0.0,303.9,313.1,1425.0,49.3,199.0,0
1.0,301.3,310.8,1372.0,54.2,49.0,0
0.0,297.4,308.4,2151.0,17.7,0.0,0
0.0,304.1,313.3,1459.0,50.3,39.0,0
0.0,300.7,311.9,1485.0,38.8,9.0,0
0.0,298.9,308.7,1558.0,41.2,110.0,0
0.0,298.1,308.7,1691.0,30.3,49.0,0
0.0,300.1,309.3,1841.0,23.0,125.0,0
0.0,300.8,310.3,1383.0,46.6,19.0,0
1.0,300.7,311.9,1657.0,30.9,116.0,0
0.0,300.1,311.3,1535.0,42.3,92.0,0
1.0,300.7,309.5,1352.0,44.0,126.0,0
1304.0,118.0,1.0,300.3,62.8,311.6,0
0.0,298.1,308.8,1432.0,43.4,68.0,0
1.0,299.4,309.9,1567.0,40.6,87.0,0
0.0,301.7,310.9,1405.0,46.4,207.0,1
1.0,298.8,310.3,1573.0,41.8,91.0,0
0.0,300.9,311.4,2073.0,21.4,105.0,0
1.0,302.0,310.4,1212.0,55.6,79.0,1
0.0,301.3,310.6,1440.0,53.8,90.0,0
1414.0,68.0,1.0,298.2,44.3,308.9,0
0.0,299.3,309.0,1516.0,38.7,64.0,0
0.0,302.2,310.8,1744.0,29.7,16.0,0
0.0,299.8,310.8,1409.0,51.9,154.0,0
0.0,300.6,310.2,1318.0,51.0,8.0,0
0.0,297.3,308.3,1268.0,60.6,119.0,0
1364.0,16.0,0.0,300.0,45.9,309.6,0
0.0,302.4,310.1,1709.0,31.8,100.0,0
0.0,300.6,311.0,1543.0,34.7,89.0,0
0.0,297.8,307.3,1412.0,50.7,24.0,0
0.0,299.0,308.7,1706.0,28.6,206.0,0
1632.0,189.0,0.0,301.6,31.6,310.9,0
0.0,300.7,311.1,1478.0,46.8,165.0,0
0.0,299.2,308.2,1466.0,41.3,8.0,0
1.0,297.3,308.7,1447.0,44.5,105.0,0
1.0,300.2,309.8,1743.0,24.1,18.0,0
0.0,298.4,308.6,1433.0,47.1,101.0,0
0.0,302.2,311.3,1378.0,55.5,35.0,0
0.0,303.4,311.8,2268.0,15.8,20.0,0
1.0,302.1,311.0,1711.0,28.7,83.0,0
0.0,297.8,307.8,1597.0,38.2,11.0,0
1.0,301.0,310.1,1681.0,27.4,212.0,0
1465.0,173.0,1.0,298.5,42.4,309.3,0
1.0,301.1,311.3,1909.0,22.7,38.0,0
0.0,304.2,313.2,1464.0,44.9,37.0,0
1575.0,149.0,1.0,298.8,34.4,309.6,0
0.0,302.4,311.0,1475.0,47.9,79.0,0
0.0,299.7,309.1,1475.0,40.0,123.0,0
0.0,301.5,310.5,1589.0,36.7,118.0,0
0.0,302.5,310.2,1586.0,32.2,64.0,0
0.0,301.7,310.9,1608.0,33.0,160.0,0
1.0,300.4,311.9,1335.0,58.3,9.0,0
0.0,300.3,311.8,1547.0,39.7,121.0,0
1.0,301.1,311.1,1615.0,37.7,153.0,0
1.0,301.3,311.1,1834.0,25.4,22.0,0
1.0,298.7,310.1,1644.0,34.1,46.0,0
1.0,298.6,308.3,1717.0,28.7,29.0,0
2.0,297.0,307.8,1404.0,40.7,184.0,0
0.0,300.5,309.7,1560.0,30.2,139.0,0
0.0,299.3,309.0,1449.0,46.5,121.0,0
1584.0,162.0,0.0,298.3,29.3,308.6,0
1.0,298.6,309.4,1774.0,27.5,154.0,0
1800.0,208.0,0.0,295.5,27.6,306.0,0
0.0,300.2,311.4,1483.0,44.4,141.0,0
1.0,302.2,310.8,1562.0,38.1,78.0,0
0.0,297.4,308.6,1635.0,30.5,159.0,0
1.0,299.7,311.0,1448.0,49.8,80.0,0
1762.0,154.0,0.0,297.3,26.1,308.1,0
0.0,301.3,310.7,1516.0,46.0,119.0,0
0.0,300.1,309.4,2141.0,17.9,33.0,0
1.0,301.4,310.8,1530.0,39.9,107.0,0
0.0,303.0,311.2,1641.0,32.6,63.0,0
1.0,302.3,311.2,1405.0,47.7,88.0,0
1431.0,22.0,0.0,300.7,39.3,310.7,0
2.0,300.6,310.7,1501.0,45.3,175.0,0
1939.0,164.0,0.0,300.5,21.4,309.8,0
1555.0,35.0,1.0,302.7,36.1,310.8,0
1.0,301.4,311.2,1434.0,47.6,52.0,0
0.0,302.3,311.2,1386.0,50.3,110.0,0
2.0,297.5,308.9,1471.0,37.7,197.0,0
0.0,297.9,307.7,1492.0,43.7,59.0,0
2.0,299.0,308.7,1940.0,19.9,98.0,0
0.0,299.6,310.9,1229.0,65.2,209.0,1
1.0,303.0,311.1,1526.0,37.3,176.0,0
0.0,300.3,311.8,1567.0,37.7,180.0,0
1440.0,64.0,1.0,296.9,46.3,308.1,0
1809.0,180.0,1.0,302.9,25.0,312.3,0
1486.0,39.0,0.0,299.1,40.7,310.1,0
0.0,302.0,310.9,1564.0,39.0,15.0,0
1443.0,134.0,0.0,301.8,43.3,311.5,0
1601.0,0.0,0.0,300.4,36.1,311.8,0
1.0,302.3,311.3,1339.0,50.8,123.0,0
1.0,297.2,307.9,1530.0,35.9,197.0,0
1533.0,223.0,0.0,297.5,41.5,308.8,0
1.0,298.6,309.5,1568.0,36.7,182.0,0
1.0,299.3,310.5,1563.0,42.1,19.0,0
1571.0,61.0,1.0,298.8,33.7,308.6,0
0.0,299.2,309.1,1345.0,60.7,191.0,1
0.0,298.9,309.6,1663.0,33.7,195.0,0
0.0,304.2,313.4,1490.0,44.0,41.0,0
1664.0,144.0,0.0,298.3,31.6,308.5,0
2.0,303.9,313.2,1680.0,29.1,201.0,0
1.0,302.6,311.0,1542.0,39.7,141.0,0
1402.0,167.0,1.0,298.9,49.8,308.7,0
1728.0,12.0,1.0,302.7,30.0,311.8,0
0.0,296.8,307.6,1338.0,44.4,128.0,0
0.0,298.7,309.6,1442.0,55.6,194.0,0
1530.0,163.0,1.0,299.8,35.2,310.8,0
1353.0,26.0,0.0,300.2,59.4,309.8,0
0.0,296.3,307.3,1566.0,35.8,175.0,0
1523.0,164.0,1.0,296.1,42.0,307.0,0
0.0,299.8,311.2,1533.0,35.9,137.0,0
0.0,299.0,308.8,1310.0,50.7,112.0,0
1.0,297.1,308.6,1717.0,31.3,61.0,0
0.0,302.1,310.6,1439.0,40.0,7.0,0
0.0,302.2,311.3,1554.0,40.2,118.0,0
0.0,299.3,308.9,1623.0,31.1,152.0,0
1.0,303.7,312.4,1540.0,37.4,146.0,0
1582.0,180.0,1.0,297.4,35.9,309.1,0
0.0,301.0,310.8,1975.0,19.7,17.0,0
1510.0,199.0,1.0,304.4,38.9,313.6,0
1.0,297.4,308.4,1564.0,35.0,105.0,0
2.0,301.6,310.9,1419.0,50.2,51.0,0
1480.0,108.0,1.0,299.9,44.9,311.4,0
1.0,298.2,309.3,2056.0,18.7,144.0,0
0.0,300.0,311.5,1666.0,32.0,128.0,0
1798.0,89.0,0.0,299.0,25.5,309.4,0
0.0,300.7,310.3,1592.0,36.0,14.0,0
1472.0,150.0,1.0,297.4,42.0,308.5,0
1.0,300.1,309.6,1376.0,52.1,147.0,0
1.0,296.2,307.2,1385.0,44.0,5.0,0
0.0,301.4,310.6,1481.0,37.6,77.0,0
1.0,300.8,310.7,1886.0,21.1,44.0,0
1343.0,211.0,1.0,300.7,51.6,310.7,0
2.0,299.9,309.5,1547.0,38.5,148.0,0
2.0,297.9,307.4,1604.0,36.1,225.0,1
1661.0,110.0,0.0,300.5,35.9,311.5,0
1.0,300.6,309.7,1934.0,22.8,15.0,0
1.0,299.7,310.9,1685.0,32.1,88.0,0
1626.0,210.0,0.0,298.0,36.7,308.7,0
1476.0,225.0,1.0,299.1,42.7,308.9,0
0.0,301.8,311.2,1417.0,55.9,156.0,0
1776.0,43.0,1.0,297.2,28.0,308.3,0
1.0,298.2,307.9,1529.0,36.6,105.0,0
1640.0,199.0,1.0,302.3,31.5,311.7,0
1.0,297.1,308.4,1588.0,33.4,204.0,0
1491.0,156.0,0.0,298.4,50.0,308.1,0
1404.0,54.0,0.0,298.7,50.3,310.2,0
1723.0,210.0,0.0,301.3,27.6,311.1,0
1.0,298.6,309.7,1675.0,28.4,115.0,0
0.0,296.6,307.4,1631.0,35.0,168.0,0
0.0,302.0,310.1,1409.0,50.4,172.0,0
1304.0,153.0,0.0,299.4,50.5,309.1,0
1.0,300.6,310.2,1233.0,52.3,23.0,0
1.0,299.8,309.8,1427.0,45.2,106.0,0
1439.0,62.0,0.0,298.2,41.6,307.8,0
0.0,299.5,309.4,1602.0,31.5,193.0,0
0.0,298.6,308.4,1562.0,34.4,25.0,0
0.0,297.1,308.4,1422.0,42.1,148.0,0
1382.0,177.0,0.0,300.8,49.3,312.0,0
1.0,303.7,312.9,1511.0,41.0,33.0,0
1.0,296.3,307.4,1958.0,19.1,67.0,0
0.0,297.3,308.7,1491.0,40.2,112.0,0
1341.0,64.0,0.0,301.8,50.5,310.3,1
1525.0,209.0,2.0,303.8,38.0,312.5,0
0.0,298.6,309.7,1429.0,45.8,113.0,0
1.0,298.0,308.0,1555.0,37.0,111.0,0
0.0,298.9,310.1,1356.0,47.8,116.0,0
0.0,300.9,310.7,1573.0,31.2,2.0,0
1793.0,170.0,0.0,303.8,28.1,312.6,0
2.0,298.7,309.3,1402.0,45.3,190.0,0
1357.0,31.0,1.0,303.4,55.3,312.7,0
1.0,302.4,311.1,1480.0,45.7,200.0,0
0.0,299.2,310.3,1610.0,33.3,233.0,0
1.0,300.5,309.8,1370.0,55.9,143.0,0
0.0,297.4,308.1,1749.0,25.9,8.0,0
0.0,299.8,309.8,1749.0,33.4,153.0,0
0.0,299.1,310.7,1309.0,51.1,188.0,0
1425.0,135.0,2.0,298.8,53.9,309.2,0
1.0,302.1,311.1,1423.0,36.8,80.0,0
1.0,298.1,307.9,1463.0,47.3,206.0,0
0.0,300.6,311.9,1463.0,38.2,41.0,0
0.0,303.5,311.8,1927.0,21.9,195.0,0
0.0,301.4,310.4,1471.0,37.5,193.0,0
1660.0,9.0,0.0,298.9,34.4,308.3,0
1.0,303.6,311.8,1421.0,44.8,101.0,1
0.0,296.7,307.7,1502.0,43.9,84.0,0
1518.0,102.0,0.0,302.1,37.4,311.4,0
1383.0,45.0,0.0,302.2,46.9,310.8,0
0.0,302.6,312.4,1628.0,33.0,15.0,0
0.0,297.6,308.6,1576.0,32.7,83.0,0
0.0,299.5,310.8,1571.0,38.2,74.0,0
1.0,298.2,308.0,1411.0,47.2,168.0,0
1457.0,82.0,0.0,300.8,47.7,310.9,0
1373.0,108.0,0.0,298.9,52.1,309.9,0
1.0,298.2,307.8,1566.0,33.8,100.0,0
1.0,298.8,308.6,1707.0,28.1,103.0,0
0.0,302.8,312.2,1746.0,27.4,44.0,0
1579.0,152.0,1.0,297.8,36.6,308.4,0
1502.0,150.0,0.0,297.5,45.9,308.8,0
1448.0,218.0,0.0,300.7,38.2,310.5,0
1927.0,112.0,0.0,296.7,23.9,307.7,0
1.0,302.5,310.5,1527.0,38.8,136.0,0
1304.0,8.0,1.0,299.3,60.6,308.5,0
1.0,303.5,312.9,1438.0,42.8,106.0,0
2.0,297.7,308.3,1488.0,41.0,101.0,0
1.0,301.5,311.1,1660.0,33.8,115.0,0
1704.0,65.0,0.0,297.4,27.3,308.3,0
1702.0,141.0,0.0,303.7,29.1,312.6,0
0.0,297.5,308.3,1388.0,48.6,27.0,0
0.0,297.8,309.0,1403.0,64.2,0.0,1
1448.0,173.0,2.0,299.2,51.4,308.7,0
1510.0,10.0,1.0,302.2,37.1,311.3,0
0.0,301.2,310.4,1390.0,49.9,74.0,0
2.0,300.5,310.7,1654.0,28.6,161.0,0
1.0,297.4,308.3,1774.0,28.9,166.0,0
1781.0,201.0,0.0,299.7,29.6,309.2,0
0.0,298.2,308.1,1532.0,42.5,154.0,0
1314.0,144.0,0.0,304.0,47.1,313.2,0
2.0,298.9,310.1,1324.0,54.6,185.0,0
1518.0,184.0,1.0,302.6,39.0,311.6,0
0.0,299.8,309.4,1630.0,32.4,53.0,0
0.0,302.0,310.0,1449.0,48.8,181.0,0
1354.0,207.0,0.0,298.1,53.9,308.6,1
1336.0,61.0,0.0,297.4,53.7,308.3,0
1495.0,188.0,0.0,298.1,38.7,308.3,0
1544.0,146.0,0.0,299.2,41.6,308.5,0
1541.0,12.0,1.0,298.6,36.9,310.0,0
1.0,296.7,307.9,1874.0,21.3,130.0,0
0.0,297.2,308.6,1636.0,31.3,192.0,0
1.0,298.4,309.2,1491.0,51.2,13.0,0
1.0,299.2,308.2,1674.0,28.2,14.0,0
1336.0,44.0,0.0,298.8,50.3,309.7,0
1461.0,161.0,2.0,297.3,37.5,307.9,0
1.0,298.4,309.2,1414.0,46.4,128.0,0
1.0,295.8,306.5,1514.0,37.7,60.0,0
1740.0,129.0,0.0,301.0,28.9,310.9,0
0.0,298.6,309.0,1456.0,47.7,0.0,0
1.0,297.7,308.1,1469.0,48.8,183.0,0
1388.0,160.0,1.0,300.7,51.1,309.6,0
1.0,297.2,308.3,1578.0,37.8,3.0,0
1544.0,128.0,0.0,302.3,43.2,311.7,0
0.0,297.9,308.6,2262.0,15.7,125.0,0
1359.0,21.0,1.0,298.3,51.4,309.2,0
1475.0,104.0,0.0,302.2,48.6,311.3,0
1386.0,75.0,0.0,297.9,48.6,308.8,0
1336.0,189.0,0.0,300.7,58.4,311.8,1
0.0,302.9,312.3,1578.0,36.3,141.0,0
0.0,298.9,308.6,1481.0,40.7,124.0,0
0.0,299.5,310.7,1472.0,40.9,104.0,0
0.0,301.0,312.0,1518.0,39.3,196.0,0
1348.0,48.0,1.0,300.1,57.3,309.7,0
0.0,302.7,310.5,1563.0,35.0,8.0,0
0.0,300.6,310.2,1555.0,41.9,19.0,0
2.0,301.0,311.0,1640.0,37.6,118.0,0
1420.0,88.0,1.0,301.8,52.0,310.7,0
1827.0,178.0,1.0,299.0,28.0,310.3,0
1367.0,143.0,1.0,300.4,51.2,309.7,0
1379.0,122.0,0.0,300.4,54.5,309.6,0
0.0,299.1,308.2,1568.0,33.3,123.0,0
1634.0,50.0,0.0,302.1,30.6,311.3,0
1605.0,151.0,0.0,299.7,33.0,309.0,0
1775.0,149.0,0.0,300.7,26.6,309.9,0
0.0,298.4,309.1,1798.0,29.6,81.0,0
1903.0,55.0,0.0,302.3,22.9,311.2,0
1323.0,130.0,2.0,297.4,51.1,308.7,0
1609.0,4.0,1.0,302.0,35.2,310.8,0
1875.0,155.0,1.0,300.4,23.9,309.4,0
1367.0,168.0,1.0,299.2,47.6,308.6,0
1854.0,24.0,0.0,297.4,21.8,308.3,0
1.0,299.7,309.6,1540.0,34.4,91.0,0
1618.0,62.0,0.0,299.0,29.2,310.1,0
1.0,300.7,310.1,1367.0,52.6,167.0,0
0.0,298.4,309.5,1450.0,47.9,112.0,0
1680.0,95.0,0.0,298.8,29.4,308.6,0
1541.0,33.0,2.0,296.1,32.6,306.9,0
0.0,299.0,308.7,1583.0,32.5,25.0,0
0.0,301.8,310.0,1493.0,40.3,185.0,0
0.0,298.6,309.8,1469.0,42.8,205.0,0
1476.0,44.0,0.0,297.6,39.0,308.7,0
1445.0,105.0,2.0,300.4,52.4,311.4,0
0.0,300.4,309.9,1567.0,36.5,72.0,0
0.0,300.7,309.5,1850.0,24.5,19.0,0
1.0,297.3,308.4,1599.0,32.9,58.0,0
1830.0,78.0,2.0,300.6,26.2,310.6,0
1364.0,205.0,0.0,302.1,50.0,311.0,0
1533.0,91.0,0.0,299.6,31.8,310.9,0
1459.0,27.0,1.0,301.4,46.9,310.6,0
1844.0,61.0,0.0,297.7,21.9,307.6,0
0.0,299.5,309.2,1816.0,23.0,15.0,0
0.0,297.1,307.9,1496.0,44.7,88.0,0
2.0,295.5,305.9,1593.0,37.2,197.0,0
1507.0,163.0,2.0,303.0,37.9,312.5,0
1609.0,169.0,0.0,298.8,40.4,309.7,0
1585.0,2.0,0.0,297.5,37.6,308.6,0
2189.0,186.0,1.0,297.7,15.6,308.1,0
1617.0,148.0,1.0,300.9,31.0,312.1,0
1407.0,51.0,0.0,300.8,45.1,310.8,0
1351.0,102.0,0.0,298.1,52.4,308.9,0
1.0,301.0,311.5,1530.0,43.9,165.0,0
1.0,298.3,309.0,1802.0,27.5,71.0,0
1472.0,198.0,1.0,297.5,44.9,308.6,0
1642.0,201.0,0.0,301.8,32.6,310.0,0
0.0,298.1,307.7,1537.0,40.8,169.0,0
1626.0,83.0,0.0,298.1,36.5,308.0,0
2.0,301.9,311.0,1672.0,29.9,13.0,0
1311.0,136.0,1.0,301.7,46.8,311.0,0
2.0,295.6,306.1,1623.0,30.9,210.0,0
0.0,297.3,308.1,1506.0,36.0,150.0,0
1.0,299.3,308.5,1422.0,43.1,186.0,0
1324.0,118.0,0.0,297.4,59.1,308.6,0
1574.0,133.0,0.0,299.6,35.0,311.0,0
1404.0,84.0,2.0,303.5,55.8,312.8,0
0.0,300.6,309.8,1629.0,37.6,162.0,0
1474.0,148.0,0.0,296.7,41.7,307.6,0
0.0,298.4,308.6,1491.0,42.0,120.0,0
1444.0,176.0,0.0,298.3,43.8,308.3,0
1621.0,0.0,0.0,297.5,28.9,308.6,0
1742.0,117.0,0.0,298.9,34.5,308.5,0
0.0,300.7,310.1,1261.0,56.6,98.0,0
0.0,304.0,313.0,2354.0,15.0,117.0,0
1466.0,41.0,1.0,300.2,45.7,309.8,0
1549.0,65.0,1.0,298.9,40.2,310.1,0
1894.0,188.0,0.0,300.9,21.9,310.5,0
1843.0,116.0,1.0,296.8,25.2,307.9,0
1.0,296.1,307.1,1350.0,53.3,22.0,0
1.0,298.0,308.7,1614.0,30.7,106.0,0
0.0,303.3,311.4,1658.0,30.5,7.0,0
0.0,299.3,309.1,1531.0,37.9,127.0,0
1486.0,182.0,0.0,300.2,40.1,310.0,0
1766.0,96.0,1.0,298.3,26.0,308.0,0
0.0,300.2,309.7,1771.0,27.1,104.0,0
1802.0,43.0,1.0,297.8,25.8,307.9,0
1616.0,47.0,0.0,300.7,29.6,310.6,0
1524.0,66.0,1.0,299.1,51.4,310.4,0
1663.0,71.0,0.0,303.2,33.7,312.4,0
1667.0,18.0,1.0,298.3,28.6,308.7,0
1436.0,173.0,0.0,300.4,56.8,311.2,0
1451.0,18.0,0.0,299.9,39.4,309.5,0
1367.0,44.0,0.0,299.1,45.6,310.1,0
1452.0,168.0,0.0,299.0,46.2,310.4,0
1433.0,185.0,0.0,303.7,53.6,312.5,0
1509.0,95.0,0.0,301.4,38.3,310.7,0
2.0,299.3,308.6,1520.0,41.4,67.0,0
0.0,301.5,310.8,1500.0,41.0,118.0,0
0.0,302.0,311.1,1373.0,55.7,157.0,0
1528.0,177.0,0.0,303.9,38.4,312.7,0
1558.0,207.0,1.0,302.3,31.9,310.9,0
1648.0,104.0,1.0,303.0,32.1,312.8,0
1430.0,130.0,0.0,300.6,42.7,312.0,0
1522.0,22.0,1.0,298.2,49.1,308.3,0
1895.0,129.0,1.0,303.1,23.5,312.6,0
0.0,301.5,310.4,1425.0,54.4,7.0,0
1389.0,132.0,0.0,296.2,53.3,306.8,0
1304.0,157.0,1.0,300.8,52.5,310.2,0
1519.0,16.0,1.0,300.8,39.7,309.7,0
1629.0,191.0,0.0,298.0,34.3,308.7,0
1754.0,206.0,0.0,297.1,30.3,308.1,0
0.0,302.9,312.6,1328.0,59.9,24.0,0
1446.0,134.0,0.0,299.4,62.9,308.7,1
1823.0,87.0,1.0,302.0,25.1,310.5,0
1364.0,95.0,0.0,298.9,54.0,310.3,0
1679.0,136.0,0.0,300.4,30.1,309.7,0
1474.0,53.0,0.0,301.5,39.9,310.4,0
1711.0,197.0,0.0,299.2,28.9,308.4,0
1352.0,172.0,1.0,299.4,44.7,309.1,0
1840.0,88.0,0.0,298.3,21.5,308.1,0
1404.0,29.0,0.0,300.1,54.8,309.0,0
1733.0,8.0,0.0,298.5,26.0,308.4,0
1350.0,136.0,0.0,298.2,52.0,309.1,0
1473.0,125.0,0.0,299.7,39.4,309.1,0
1568.0,49.0,0.0,301.2,38.3,310.7,0
1747.0,35.0,2.0,301.2,27.3,310.7,0
1579.0,70.0,0.0,297.8,32.9,308.8,0
1491.0,231.0,0.0,297.6,40.2,309.4,0
2.0,300.5,310.9,1447.0,46.5,137.0,0
1585.0,32.0,0.0,297.5,32.9,308.3,0
1560.0,114.0,1.0,303.4,36.4,311.5,0
1414.0,10.0,0.0,300.8,49.0,311.7,0
1524.0,82.0,0.0,296.7,36.8,307.7,0
1570.0,138.0,0.0,298.3,35.6,309.4,0
1479.0,58.0,0.0,297.7,42.1,309.1,0
1318.0,13.0,0.0,300.3,52.7,311.4,0
1452.0,185.0,0.0,298.9,48.9,310.0,0
1532.0,130.0,1.0,300.6,42.5,309.8,0
1486.0,66.0,0.0,301.7,43.0,310.2,0
1568.0,194.0,0.0,297.3,34.4,308.1,0
1577.0,78.0,1.0,301.3,48.3,310.4,0
1402.0,98.0,0.0,301.0,55.3,311.0,0
2.0,298.5,309.1,2051.0,19.0,184.0,0
1508.0,62.0,0.0,300.6,34.8,310.6,0
1474.0,107.0,0.0,296.8,42.4,307.5,0
1403.0,77.0,1.0,297.3,45.0,308.0,0
1712.0,95.0,2.0,299.2,26.4,308.9,0
1577.0,134.0,0.0,303.8,41.3,312.6,0
1946.0,111.0,0.0,300.8,20.5,309.4,0
1517.0,210.0,0.0,300.9,41.7,310.7,0
1519.0,133.0,1.0,298.4,35.4,309.5,0
1476.0,107.0,0.0,297.4,42.3,308.6,0
1579.0,193.0,0.0,297.3,34.4,307.9,0
1469.0,143.0,1.0,302.8,36.9,312.2,0
1.0,298.9,308.4,1827.0,26.1,5.0,0
1627.0,99.0,0.0,298.6,33.4,309.7,0
1390.0,94.0,1.0,300.1,52.1,311.4,0
1387.0,116.0,1.0,302.5,52.1,311.0,0
1465.0,209.0,1.0,300.9,42.9,309.9,0
1492.0,137.0,0.0,297.0,48.1,308.3,0
1517.0,107.0,0.0,301.2,39.4,310.7,0
1362.0,179.0,1.0,299.9,56.3,310.1,0
1379.0,46.0,0.0,300.2,51.0,311.8,0
1.0,300.3,309.6,1398.0,53.7,82.0,0
1732.0,141.0,2.0,299.3,29.7,309.0,0
0.0,298.4,308.0,1526.0,41.1,162.0,0
1298.0,57.0,1.0,302.5,57.5,311.9,0
1708.0,57.0,0.0,300.5,31.2,311.5,0
1341.0,199.0,0.0,299.3,47.7,308.8,0
1449.0,182.0,2.0,298.7,42.3,309.2,0
1571.0,162.0,0.0,297.4,37.7,308.3,0
1359.0,151.0,0.0,300.9,46.0,310.7,0
1454.0,140.0,1.0,301.0,40.0,311.6,0
1316.0,52.0,0.0,298.6,51.4,309.4,0
1519.0,14.0,0.0,300.8,35.8,309.7,0
1438.0,16.0,2.0,297.3,46.2,308.7,0
1401.0,49.0,0.0,297.4,45.9,309.4,0
1353.0,89.0,0.0,298.2,57.8,309.0,0
1507.0,134.0,0.0,299.0,37.5,308.7,0
1433.0,68.0,2.0,298.2,44.2,310.0,0
1581.0,65.0,1.0,298.9,30.7,309.3,0
1383.0,145.0,0.0,298.9,54.9,309.1,0
1383.0,231.0,0.0,302.0,50.3,310.8,1
1735.0,194.0,0.0,303.0,26.1,311.2,0
0.0,297.8,307.5,1372.0,54.1,157.0,0
1276.0,50.0,1.0,298.0,65.9,309.4,0
1.0,302.6,312.1,1611.0,39.9,210.0,0
1327.0,9.0,0.0,298.6,58.8,308.9,0
1555.0,166.0,1.0,300.5,38.9,309.8,0
1706.0,111.0,0.0,296.8,30.8,307.9,0
1647.0,3.0,0.0,297.5,31.3,308.2,0
1446.0,163.0,1.0,303.4,50.0,311.6,0
1458.0,202.0,0.0,297.3,45.7,308.1,0
1531.0,38.0,1.0,297.7,42.4,309.0,0
1764.0,23.0,1.0,298.1,27.7,307.6,0
1362.0,56.0,2.0,298.6,45.3,309.4,0
1470.0,113.0,0.0,301.2,44.0,310.4,0
1747.0,136.0,0.0,297.9,25.3,307.6,0
1466.0,2.0,1.0,298.0,42.6,308.2,0
2218.0,123.0,0.0,300.1,17.0,311.5,0
1616.0,175.0,0.0,299.7,31.6,309.2,0
1593.0,155.0,0.0,301.5,32.9,310.5,0
1577.0,130.0,0.0,297.0,29.4,308.2,0
1633.0,90.0,1.0,300.7,31.3,309.5,0
1461.0,208.0,0.0,301.2,52.9,311.6,1
1539.0,72.0,0.0,297.6,40.2,308.8,0
1561.0,194.0,0.0,297.8,46.3,308.5,0
1363.0,200.0,0.0,304.0,62.5,312.9,1
1432.0,45.0,2.0,299.0,50.0,310.1,0
1552.0,114.0,0.0,299.0,39.9,310.3,0
1454.0,30.0,1.0,304.0,46.8,313.0,0
1481.0,182.0,0.0,303.7,33.3,312.5,0
1694.0,187.0,1.0,300.6,31.1,309.8,0
1433.0,206.0,0.0,301.2,49.3,311.7,0
1689.0,192.0,0.0,299.1,32.1,308.5,0
1407.0,85.0,0.0,299.6,50.6,309.1,0
1527.0,199.0,2.0,297.1,42.2,308.2,0
1469.0,164.0,0.0,301.5,44.7,310.9,0
1278.0,32.0,0.0,298.6,60.5,308.3,0
1633.0,114.0,0.0,302.3,36.4,311.2,0
1284.0,111.0,1.0,301.7,68.2,309.8,1
1467.0,131.0,0.0,300.4,36.9,309.7,0
1507.0,13.0,0.0,304.4,43.1,313.6,0
1325.0,88.0,1.0,300.9,61.4,311.1,0
1.0,300.5,309.8,1410.0,44.4,111.0,0
1280.0,163.0,0.0,299.9,59.3,309.6,0
1760.0,193.0,0.0,300.0,26.9,310.2,0
1227.0,167.0,0.0,302.5,60.1,311.2,0
1585.0,50.0,0.0,299.5,35.2,310.1,0
1366.0,65.0,1.0,298.6,55.0,309.5,0
1668.0,240.0,2.0,297.5,27.9,309.5,0
1521.0,13.0,1.0,301.0,35.8,311.2,0
1446.0,121.0,1.0,298.1,42.8,307.9,0
1745.0,98.0,1.0,302.9,25.5,312.2,0
1825.0,142.0,0.0,297.2,24.6,307.9,0
1654.0,159.0,0.0,299.8,32.7,310.2,0
1422.0,85.0,2.0,298.7,40.7,309.8,0
1517.0,113.0,0.0,301.7,42.4,311.2,0
1447.0,28.0,1.0,300.3,46.5,309.9,0
1451.0,189.0,1.0,302.5,43.2,312.0,0
1436.0,158.0,0.0,299.8,51.6,309.4,0
1390.0,144.0,0.0,300.4,52.5,310.8,0
1414.0,199.0,0.0,301.3,51.4,310.4,0
1423.0,135.0,0.0,298.4,48.0,309.1,0
1593.0,174.0,0.0,298.3,37.0,308.4,0
2372.0,205.0,1.0,301.8,13.9,310.1,1
1350.0,31.0,1.0,300.4,56.5,311.3,0
1397.0,137.0,1.0,303.3,47.1,312.6,0
1350.0,18.0,0.0,300.5,51.7,311.9,0
1422.0,134.0,2.0,300.1,46.2,311.5,0
1735.0,66.0,0.0,301.9,31.5,310.8,0
1352.0,102.0,1.0,299.7,46.1,309.1,0
1448.0,145.0,1.0,301.0,43.9,311.6,0
1429.0,96.0,0.0,297.4,57.4,308.7,0
1504.0,4.0,0.0,297.9,43.0,309.1,0
1384.0,68.0,0.0,301.6,57.1,310.2,0
1463.0,140.0,0.0,303.3,44.0,312.6,0
1451.0,55.0,0.0,300.3,41.0,311.8,0
1420.0,182.0,0.0,302.6,51.6,312.1,0
1382.0,37.0,0.0,298.2,43.5,308.1,0
1686.0,60.0,2.0,298.1,29.1,309.9,0
1491.0,165.0,0.0,301.0,42.9,309.7,0
1919.0,131.0,1.0,303.8,20.2,312.7,0
1714.0,177.0,0.0,297.8,33.2,308.4,0
1451.0,35.0,1.0,302.6,43.1,310.4,0
1409.0,145.0,1.0,296.8,44.3,307.9,0
1526.0,142.0,1.0,303.0,36.1,312.4,0
1576.0,182.0,0.0,302.6,34.7,311.6,0
1641.0,16.0,0.0,299.8,27.1,309.5,0
1607.0,43.0,2.0,303.2,36.6,311.4,0
1470.0,18.0,2.0,300.6,43.8,309.7,0
1636.0,153.0,1.0,300.9,35.3,310.9,0
1465.0,201.0,0.0,299.2,35.0,308.4,0
1522.0,53.0,0.0,298.5,36.9,308.6,0
1325.0,34.0,1.0,299.2,52.0,310.4,0
1774.0,154.0,2.0,296.3,25.9,307.1,0
1404.0,44.0,1.0,300.8,38.7,309.6,0
1340.0,60.0,1.0,302.5,59.4,311.9,0
1677.0,48.0,1.0,300.3,30.8,311.9,0
1548.0,59.0,0.0,301.2,38.6,310.3,0
1574.0,188.0,0.0,302.5,42.0,312.0,0
1495.0,193.0,1.0,300.1,41.0,311.3,0
1503.0,134.0,0.0,301.7,44.8,311.0,0
1442.0,127.0,1.0,302.3,41.7,311.7,0
1408.0,147.0,1.0,297.6,54.8,308.7,0
1632.0,121.0,0.0,304.0,30.6,313.2,0
1493.0,145.0,0.0,301.7,47.6,310.8,0
1696.0,65.0,2.0,304.1,29.6,313.4,0
1454.0,166.0,0.0,298.3,49.0,308.8,0
1394.0,113.0,1.0,298.7,46.0,309.5,0
1309.0,86.0,0.0,303.6,52.9,312.0,1
1435.0,71.0,1.0,298.7,48.8,309.8,0
1417.0,59.0,1.0,299.4,47.3,309.1,0
1563.0,150.0,0.0,302.5,34.8,310.2,0
1551.0,3.0,0.0,299.4,41.2,310.7,0
1546.0,7.0,0.0,302.0,34.4,310.9,0
1463.0,189.0,0.0,302.5,43.0,310.5,0
1430.0,102.0,0.0,300.2,55.0,309.8,0
1395.0,157.0,0.0,300.5,61.0,309.7,0
1452.0,73.0,0.0,298.4,48.5,308.3,0
1364.0,167.0,1.0,303.8,49.3,312.7,0
1494.0,144.0,1.0,299.0,46.6,310.3,0
1574.0,4.0,1.0,301.2,34.3,311.1,0
1583.0,142.0,0.0,299.0,35.8,310.1,0
1593.0,139.0,0.0,301.8,34.9,310.5,0
1639.0,31.0,0.0,300.2,31.1,311.5,0
1477.0,90.0,0.0,301.4,50.4,310.8,0
2143.0,227.0,0.0,302.0,17.3,310.8,0
1540.0,85.0,0.0,300.7,52.7,310.6,0
1603.0,141.0,0.0,299.7,31.4,311.1,0
1532.0,16.0,1.0,300.6,38.7,310.2,0
1985.0,190.0,0.0,302.5,18.8,311.5,0
1373.0,28.0,1.0,300.7,44.1,310.2,0
1452.0,198.0,2.0,302.1,42.5,310.9,0
1331.0,85.0,0.0,301.9,68.6,310.6,1
2168.0,219.0,0.0,303.6,17.7,312.3,0
1346.0,106.0,0.0,302.4,62.4,310.2,1
1627.0,147.0,0.0,300.2,33.7,311.0,0
1446.0,46.0,0.0,298.7,43.3,309.9,0
1599.0,57.0,0.0,300.9,40.5,310.5,0
1475.0,22.0,0.0,299.2,38.7,308.4,0
1438.0,103.0,1.0,300.7,46.6,311.1,0
1418.0,141.0,0.0,302.4,52.3,310.1,0
1461.0,127.0,0.0,303.0,40.2,312.5,0
1782.0,198.0,0.0,302.6,26.8,312.1,0
1452.0,77.0,1.0,300.7,47.9,310.8,0
1407.0,208.0,0.0,300.0,47.3,311.3,0
1774.0,121.0,1.0,301.5,25.5,310.5,0
1537.0,103.0,0.0,297.0,39.0,308.1,0
1754.0,114.0,1.0,299.5,31.3,310.8,0
1399.0,132.0,1.0,297.0,46.4,308.3,0
1406.0,162.0,1.0,303.8,47.1,312.6,0
1519.0,91.0,2.0,300.6,37.0,310.5,0
1487.0,122.0,1.0,300.2,39.2,309.8,0
1738.0,79.0,1.0,298.7,27.3,309.6,0
1439.0,96.0,0.0,302.3,41.8,311.3,0
1251.0,120.0,0.0,300.7,59.9,309.5,0
1691.0,203.0,2.0,299.7,27.7,309.2,0
1538.0,171.0,1.0,297.3,48.0,307.8,0
1673.0,210.0,0.0,302.4,30.1,311.8,0
1406.0,166.0,0.0,303.8,52.1,313.3,0
1397.0,90.0,1.0,300.6,55.2,310.0,0
1686.0,128.0,1.0,300.8,26.9,310.1,0
1362.0,37.0,0.0,298.4,46.1,309.1,0
1548.0,81.0,0.0,302.2,32.4,311.5,0
1373.0,81.0,2.0,299.4,44.1,309.1,0
1479.0,137.0,0.0,299.7,38.0,310.6,0
1408.0,9.0,0.0,298.2,40.0,308.7,0
1379.0,2.0,0.0,300.5,55.6,309.5,0
1421.0,9.0,1.0,302.2,45.4,310.1,0
1736.0,74.0,0.0,299.1,26.9,310.5,0
1555.0,61.0,0.0,298.8,40.6,308.8,0
1662.0,0.0,0.0,297.2,31.3,308.1,0
1347.0,33.0,1.0,298.5,48.5,308.7,0
1435.0,115.0,2.0,303.1,41.9,312.8,0
1725.0,23.0,1.0,302.0,27.7,311.3,0
1540.0,96.0,0.0,303.4,38.7,312.3,0
1382.0,117.0,1.0,301.2,41.6,310.4,0
1377.0,161.0,1.0,301.6,44.9,310.4,0
1281.0,122.0,0.0,298.0,50.8,307.6,0
1594.0,82.0,2.0,302.2,36.8,311.6,0
1436.0,191.0,0.0,297.0,47.7,307.9,0
1489.0,114.0,0.0,299.4,42.3,309.2,0
1388.0,59.0,2.0,299.2,53.2,308.4,0
1521.0,61.0,0.0,300.7,39.4,310.9,0
1393.0,99.0,0.0,298.7,45.7,309.7,0
1510.0,66.0,1.0,301.0,44.5,310.9,0
1507.0,209.0,0.0,300.7,46.1,310.7,0
1448.0,195.0,1.0,303.8,44.3,312.5,0
1679.0,25.0,0.0,303.1,34.8,311.2,0
1445.0,164.0,0.0,300.5,43.9,309.8,0
1622.0,107.0,1.0,303.4,35.1,312.8,0
1439.0,185.0,1.0,297.9,41.7,310.0,0
1389.0,75.0,1.0,298.3,49.6,310.1,0
1667.0,92.0,0.0,298.7,30.4,309.7,0
1546.0,123.0,1.0,297.5,38.0,308.7,0
1696.0,162.0,1.0,300.8,29.7,310.5,0
1499.0,65.0,0.0,300.1,43.4,311.5,0
1510.0,94.0,0.0,302.9,41.4,312.2,0
1633.0,213.0,0.0,297.5,33.3,308.4,0
2130.0,185.0,1.0,303.7,18.1,313.1,0
1451.0,24.0,1.0,297.3,43.8,308.7,0
2421.0,57.0,0.0,299.4,14.2,309.1,0
1480.0,125.0,0.0,303.0,41.4,312.3,0
1692.0,125.0,2.0,303.3,29.0,312.6,0
1507.0,51.0,1.0,297.6,46.0,308.4,0
1364.0,20.0,1.0,299.9,44.4,309.6,0
1648.0,134.0,1.0,297.6,29.1,308.3,0
1521.0,215.0,0.0,303.4,35.9,312.0,1
1431.0,61.0,1.0,301.7,44.0,310.1,0
1421.0,0.0,0.0,302.7,48.5,312.3,0
1476.0,20.0,0.0,302.3,37.3,311.4,0
1538.0,43.0,2.0,301.5,44.3,310.5,0
1661.0,109.0,2.0,296.7,34.2,307.4,0
1586.0,142.0,0.0,302.1,35.1,311.0,0
1456.0,127.0,0.0,302.4,47.6,310.4,0
1394.0,36.0,0.0,303.8,45.4,313.1,0
1653.0,62.0,0.0,300.5,27.6,309.5,0
1397.0,17.0,0.0,302.2,53.0,311.4,0
1384.0,38.0,0.0,301.7,50.5,310.1,0
1465.0,60.0,0.0,300.0,40.9,310.1,0
1637.0,19.0,0.0,303.6,32.9,312.7,0
1508.0,113.0,1.0,301.0,46.9,311.0,0
1396.0,54.0,2.0,300.4,51.2,309.3,0
1756.0,33.0,1.0,301.8,26.7,311.0,0
1554.0,59.0,1.0,301.0,32.7,310.9,0
1400.0,2.0,0.0,301.5,50.8,310.9,0
1762.0,91.0,2.0,299.4,29.3,308.9,0
1790.0,191.0,1.0,300.9,26.2,310.8,0
1594.0,79.0,1.0,303.4,32.8,312.7,0
1654.0,201.0,0.0,300.1,31.0,309.3,0
1452.0,86.0,1.0,301.7,41.5,309.9,0
1828.0,166.0,0.0,301.0,25.1,310.9,0
1415.0,62.0,2.0,299.4,51.7,309.0,0
1503.0,54.0,1.0,298.1,44.7,307.8,0
1546.0,139.0,0.0,297.5,33.8,308.6,0
1263.0,27.0,0.0,295.6,61.8,306.2,0
1397.0,189.0,0.0,300.4,50.8,311.1,0
1419.0,91.0,0.0,299.0,48.3,309.4,0
1623.0,102.0,0.0,303.3,34.6,312.6,0
1398.0,188.0,1.0,302.4,50.1,311.9,0
1590.0,23.0,0.0,299.8,28.5,309.5,0
1473.0,189.0,1.0,295.3,38.5,305.7,0
1376.0,8.0,0.0,302.8,57.1,312.4,0
1489.0,214.0,0.0,297.2,40.2,308.6,0
1474.0,64.0,1.0,299.6,39.7,310.9,0
1530.0,169.0,0.0,300.4,32.0,311.2,0
1599.0,72.0,2.0,301.5,40.4,310.7,0
1419.0,179.0,0.0,300.7,47.7,311.9,0
1569.0,146.0,0.0,304.1,35.8,313.2,0
1556.0,145.0,0.0,298.1,31.6,308.7,0
1562.0,58.0,1.0,300.7,37.1,311.3,0
1507.0,74.0,0.0,300.6,45.5,311.7,0
2377.0,135.0,0.0,300.7,14.3,311.1,0
1568.0,77.0,1.0,299.6,35.3,308.9,0
1495.0,88.0,1.0,298.7,38.7,310.3,0
1386.0,170.0,0.0,300.4,56.9,309.6,0
1708.0,17.0,0.0,301.9,24.8,310.4,0
1517.0,149.0,1.0,300.4,40.3,309.8,0
1420.0,192.0,2.0,297.1,39.8,307.9,0
1753.0,33.0,0.0,298.9,25.8,308.9,0
1663.0,81.0,0.0,302.0,31.5,310.9,0
1320.0,210.0,0.0,298.8,47.4,309.9,0
1458.0,61.0,1.0,298.6,41.9,310.1,0
1482.0,171.0,1.0,300.8,39.0,309.7,0
1544.0,141.0,1.0,302.3,39.7,310.7,0
1469.0,113.0,0.0,304.1,44.6,313.5,0
2179.0,59.0,1.0,300.5,16.3,309.4,0
1396.0,64.0,0.0,297.3,45.9,308.3,0
1594.0,55.0,2.0,295.9,33.2,306.5,0
1539.0,190.0,0.0,299.1,46.8,308.5,0
1449.0,131.0,1.0,299.3,47.9,309.1,0
1513.0,80.0,1.0,298.9,41.5,310.1,0
1407.0,207.0,0.0,298.9,41.9,309.7,0
1508.0,108.0,0.0,302.4,45.7,311.8,0
1578.0,153.0,0.0,298.0,35.6,308.9,0
1526.0,47.0,2.0,302.3,38.2,311.5,0
1618.0,59.0,1.0,301.8,37.8,310.8,0
1427.0,180.0,0.0,300.8,43.3,311.8,0
1524.0,196.0,0.0,299.8,34.2,310.3,0
1897.0,50.0,1.0,298.5,20.2,308.6,0
1553.0,157.0,0.0,299.8,36.6,309.9,0
1458.0,207.0,0.0,300.7,40.0,310.3,0
1742.0,37.0,1.0,298.6,30.0,309.2,0
1407.0,86.0,0.0,297.6,55.2,308.4,0
1427.0,98.0,1.0,299.6,50.4,310.8,0
1814.0,204.0,0.0,298.8,26.8,310.2,0
1200.0,3.0,0.0,300.4,76.6,311.6,1
1564.0,31.0,0.0,300.8,36.2,310.8,0
1410.0,71.0,0.0,298.1,45.8,308.1,0
1903.0,145.0,0.0,298.8,22.3,309.6,0
1774.0,30.0,0.0,297.2,23.0,308.6,0
1413.0,79.0,1.0,301.7,42.6,311.2,0
1330.0,56.0,1.0,299.2,51.2,308.4,0
1760.0,63.0,0.0,299.8,25.9,309.2,0
1910.0,141.0,1.0,299.8,21.8,309.7,0
1506.0,11.0,0.0,301.3,40.8,310.0,0
1554.0,103.0,0.0,298.4,37.3,310.0,0
1741.0,50.0,1.0,298.8,27.7,309.9,0
1652.0,81.0,1.0,302.7,31.0,312.0,0
1478.0,150.0,0.0,297.4,49.8,309.1,0
1323.0,155.0,1.0,300.5,57.9,311.9,0
1366.0,106.0,2.0,301.0,50.6,310.6,0
1695.0,43.0,0.0,300.3,25.6,311.5,0
1685.0,203.0,0.0,300.1,27.1,309.3,0
1793.0,161.0,0.0,303.4,25.8,311.7,0
1554.0,117.0,0.0,300.0,32.0,309.7,0
1383.0,72.0,0.0,302.2,44.3,311.6,0
1515.0,162.0,0.0,302.8,36.8,312.2,0
1273.0,182.0,0.0,297.3,59.8,308.6,0
1657.0,156.0,1.0,297.4,33.1,308.6,0
1594.0,147.0,0.0,299.1,33.3,310.4,0
1349.0,127.0,1.0,300.1,56.2,309.4,0
1431.0,199.0,0.0,300.9,41.4,309.7,0
1998.0,210.0,0.0,301.5,20.2,310.6,0
1476.0,196.0,0.0,300.7,42.0,311.9,0
1596.0,87.0,0.0,298.2,37.2,309.0,0
2136.0,78.0,0.0,298.1,15.9,308.9,0
1692.0,136.0,0.0,298.4,28.3,309.5,0
1988.0,136.0,1.0,300.9,19.7,310.8,0
1417.0,13.0,0.0,302.1,48.0,311.2,0
1359.0,115.0,1.0,301.5,47.1,310.7,0
1452.0,182.0,0.0,304.1,43.9,313.3,0
1335.0,168.0,0.0,298.4,53.5,309.2,0
1480.0,122.0,0.0,296.8,39.4,307.8,0
1597.0,16.0,0.0,295.5,37.2,306.0,0
2113.0,139.0,1.0,304.2,18.4,313.7,0
1650.0,60.0,0.0,299.7,32.4,311.1,0
1496.0,80.0,1.0,299.3,39.4,308.5,0
1489.0,196.0,1.0,304.3,40.3,313.6,0
1534.0,98.0,0.0,303.4,35.5,312.7,0
1337.0,187.0,0.0,303.3,56.8,311.6,1
1393.0,29.0,0.0,297.8,38.0,307.7,0
1397.0,71.0,1.0,300.2,50.2,311.7,0
1441.0,94.0,1.0,299.1,43.9,310.3,0
1655.0,146.0,0.0,298.4,30.2,309.6,0
1641.0,178.0,1.0,300.7,34.6,310.0,0
1436.0,110.0,2.0,303.6,42.0,312.6,0
1511.0,160.0,0.0,300.2,35.7,311.6,0
1405.0,83.0,0.0,301.5,42.3,310.6,0
1758.0,68.0,0.0,302.3,24.4,311.2,0
1424.0,179.0,0.0,298.2,47.6,308.4,0
1439.0,164.0,1.0,302.7,42.5,312.2,0
1411.0,110.0,1.0,298.2,53.4,307.8,0
1610.0,166.0,1.0,301.4,29.1,310.3,0
1471.0,109.0,0.0,299.9,41.8,309.3,0
1471.0,25.0,0.0,297.4,46.5,308.2,0
1842.0,111.0,1.0,302.3,23.9,311.2,0
1420.0,19.0,1.0,298.1,63.9,308.2,1
1553.0,18.0,1.0,298.5,34.9,308.8,0
1458.0,91.0,0.0,299.2,44.1,310.5,0
1615.0,221.0,2.0,298.9,33.0,310.6,0
1374.0,180.0,0.0,301.9,48.5,309.9,1
1374.0,115.0,0.0,304.1,56.6,313.4,0
1501.0,20.0,0.0,297.4,44.9,308.5,0
1530.0,80.0,1.0,300.2,35.7,310.4,0
1494.0,67.0,0.0,303.0,37.0,311.2,0
1433.0,14.0,1.0,301.1,48.1,310.0,0
1402.0,182.0,0.0,302.0,47.8,311.1,0
1482.0,154.0,0.0,301.7,43.6,311.2,0
1284.0,50.0,0.0,297.4,60.3,308.3,0
1489.0,96.0,0.0,297.5,39.5,308.4,0
1552.0,37.0,0.0,299.4,37.4,309.2,0
1480.0,72.0,1.0,304.1,38.4,313.3,0
1447.0,173.0,0.0,302.6,45.5,312.0,0
1443.0,217.0,0.0,300.7,43.7,311.8,0
1367.0,193.0,0.0,301.5,49.0,310.8,0
1585.0,90.0,1.0,297.6,42.0,308.6,0
1567.0,129.0,2.0,300.7,38.7,310.5,0
1654.0,155.0,1.0,298.1,35.3,308.2,0
1444.0,178.0,1.0,298.3,47.5,308.4,0
1298.0,229.0,0.0,301.7,65.5,309.5,1
1417.0,19.0,1.0,302.7,51.5,312.5,0
1459.0,93.0,0.0,302.1,47.6,310.6,0
1509.0,95.0,1.0,300.3,46.6,309.6,0
1424.0,101.0,1.0,299.5,41.3,310.7,0
1475.0,94.0,0.0,300.5,46.8,309.3,0
1513.0,124.0,0.0,297.0,42.4,307.6,0
1371.0,52.0,0.0,297.4,57.4,308.4,0
1390.0,131.0,2.0,300.9,40.6,310.8,0
1447.0,12.0,1.0,300.6,42.9,309.8,0
1440.0,29.0,1.0,297.5,38.8,308.6,0
1605.0,181.0,0.0,299.2,31.1,308.8,0
1653.0,177.0,0.0,296.9,35.9,307.7,0
1360.0,91.0,0.0,300.8,48.8,310.6,0
1698.0,202.0,0.0,302.9,33.8,312.4,0
1769.0,40.0,2.0,303.4,27.9,312.3,0
1813.0,197.0,0.0,301.0,28.5,310.9,0
1805.0,198.0,1.0,299.8,23.7,310.3,0
1651.0,163.0,0.0,297.4,34.1,308.8,0
1536.0,108.0,0.0,297.5,36.9,308.5,0
1424.0,109.0,0.0,299.4,47.7,310.8,0
1364.0,45.0,1.0,300.3,47.6,309.2,0
1438.0,61.0,0.0,300.9,49.0,311.0,0
1421.0,56.0,0.0,304.2,43.4,313.4,0
1392.0,133.0,1.0,298.8,48.7,309.7,0
1313.0,202.0,0.0,304.0,53.9,312.9,0
1530.0,106.0,0.0,297.8,37.6,308.9,0
1700.0,185.0,1.0,299.2,33.5,308.8,0
1551.0,15.0,1.0,298.8,36.6,309.8,0
1467.0,36.0,0.0,301.0,45.4,311.2,0
1506.0,182.0,0.0,296.8,45.9,308.3,0
1851.0,189.0,1.0,299.7,24.7,309.1,0
1485.0,188.0,1.0,300.2,40.5,310.1,0
1505.0,141.0,0.0,300.8,45.5,311.3,0
1627.0,64.0,0.0,298.2,31.5,307.8,0
1547.0,150.0,1.0,296.7,34.7,307.6,0
1452.0,122.0,0.0,296.9,45.7,307.6,0
1867.0,242.0,0.0,300.6,23.0,309.5,0
1623.0,109.0,0.0,298.5,33.1,309.3,0
1618.0,53.0,0.0,300.0,28.7,309.6,0
1500.0,188.0,0.0,300.9,44.2,312.0,0
1481.0,93.0,0.0,302.2,40.4,311.5,0
1609.0,64.0,1.0,297.9,30.3,307.6,0
1514.0,87.0,0.0,300.6,39.5,310.6,0
1523.0,73.0,1.0,300.7,38.2,309.7,0
1424.0,103.0,1.0,298.1,47.7,307.7,0
1456.0,167.0,0.0,295.5,39.2,306.0,0
1723.0,213.0,0.0,302.3,26.3,310.8,0
1743.0,170.0,0.0,302.2,28.1,310.4,0
1528.0,125.0,0.0,300.2,36.1,311.5,0
1685.0,179.0,1.0,299.7,28.9,309.2,1
1464.0,159.0,0.0,302.0,47.2,310.4,0
1401.0,208.0,0.0,303.4,53.0,311.8,1
1451.0,108.0,0.0,301.8,50.7,310.6,0
1420.0,144.0,0.0,302.0,45.9,311.0,0
1599.0,7.0,1.0,300.9,33.0,310.8,0
1683.0,79.0,1.0,297.6,31.6,308.8,0
1445.0,181.0,1.0,302.6,42.0,312.1,0
1588.0,89.0,0.0,301.6,33.9,309.8,0
1552.0,97.0,1.0,301.8,35.9,310.6,0
1249.0,143.0,0.0,297.7,60.4,308.7,0
1402.0,76.0,1.0,303.7,48.6,312.0,0
1503.0,87.0,0.0,298.2,38.3,307.7,0
1436.0,214.0,1.0,301.8,49.0,309.6,0
1329.0,121.0,2.0,300.7,59.2,311.9,0
1653.0,137.0,0.0,296.9,29.7,307.8,0
1452.0,21.0,0.0,297.8,39.8,307.8,0
1603.0,202.0,1.0,299.6,35.4,310.8,0
1474.0,175.0,2.0,300.9,35.7,310.9,0
1617.0,122.0,0.0,303.6,30.9,313.0,0
1568.0,92.0,0.0,298.2,36.0,308.3,0
1418.0,106.0,1.0,300.7,49.3,311.0,0
1384.0,185.0,1.0,301.1,42.5,311.1,0
1338.0,158.0,1.0,297.4,48.5,307.9,0
1604.0,106.0,0.0,297.5,38.1,308.4,0
1458.0,104.0,0.0,301.3,48.0,310.6,0
1286.0,55.0,0.0,297.9,59.5,307.8,0
1458.0,183.0,0.0,299.2,47.0,310.2,0
1989.0,121.0,0.0,300.3,22.3,311.7,0
1462.0,22.0,0.0,302.8,39.4,312.6,0
1416.0,198.0,1.0,298.4,38.2,308.0,1
1447.0,51.0,0.0,298.2,48.4,308.7,0
1510.0,35.0,2.0,298.8,44.2,309.8,0
1666.0,68.0,1.0,298.4,24.3,309.4,0
1451.0,194.0,1.0,302.5,53.6,310.4,0
1462.0,118.0,0.0,303.4,37.5,312.6,0
1748.0,184.0,1.0,300.2,28.5,311.8,0
1482.0,127.0,2.0,302.3,39.0,311.7,0
1441.0,62.0,0.0,298.8,41.6,309.9,0
1558.0,193.0,1.0,302.0,45.3,310.9,0
1453.0,105.0,2.0,297.2,45.8,308.3,0
1344.0,133.0,0.0,300.6,46.7,310.9,0
1490.0,71.0,0.0,298.8,33.6,308.7,0
1555.0,169.0,1.0,300.2,37.4,311.7,0
1428.0,26.0,2.0,300.7,43.4,310.7,0
1515.0,125.0,0.0,298.4,42.8,308.0,0
1479.0,22.0,0.0,297.5,39.4,309.3,0
1364.0,44.0,0.0,303.7,46.3,312.8,0
1365.0,146.0,0.0,303.0,56.2,311.3,1
1719.0,58.0,0.0,298.9,27.3,310.0,0
1749.0,83.0,0.0,300.0,28.3,311.5,0
1426.0,70.0,0.0,297.4,50.4,308.4,0
1659.0,152.0,1.0,302.9,33.1,312.4,0
1383.0,176.0,0.0,300.7,44.5,309.9,0
1569.0,17.0,0.0,300.1,43.5,310.1,0
1423.0,154.0,0.0,297.4,38.0,308.0,0
1450.0,28.0,2.0,298.5,43.9,308.7,0
1334.0,5.0,1.0,302.9,50.9,312.4,0
1445.0,73.0,1.0,298.1,48.0,307.7,0
1422.0,179.0,0.0,298.6,40.4,308.3,0
1597.0,15.0,0.0,302.7,41.9,310.7,0
1512.0,169.0,0.0,300.8,37.1,312.1,0
1400.0,79.0,0.0,301.9,58.2,310.8,0
1494.0,54.0,1.0,301.3,35.3,310.8,0
1495.0,95.0,0.0,300.2,43.6,311.4,0
1192.0,135.0,0.0,301.8,68.9,310.6,0
1353.0,79.0,2.0,298.9,48.1,308.7,0
1462.0,22.0,0.0,301.9,38.8,310.6,0
1526.0,205.0,1.0,300.8,36.3,310.3,0
1453.0,84.0,0.0,300.8,43.9,310.9,0
1701.0,98.0,1.0,299.5,28.6,309.0,0
1545.0,155.0,1.0,300.8,37.5,310.6,0
1684.0,13.0,0.0,300.1,30.8,310.1,0
1686.0,135.0,0.0,301.5,27.9,310.7,0
1353.0,173.0,1.0,298.1,46.2,308.9,0
1612.0,143.0,2.0,300.8,32.5,311.2,0
1467.0,20.0,0.0,299.9,41.2,309.4,0
1639.0,47.0,0.0,301.5,33.4,310.1,0
1437.0,33.0,0.0,301.0,56.0,311.0,0
1379.0,99.0,0.0,301.9,54.8,310.9,0
1484.0,80.0,1.0,298.8,44.9,310.0,0
1841.0,119.0,2.0,302.0,23.6,310.5,0
1428.0,53.0,1.0,299.1,43.0,310.5,0
1606.0,103.0,0.0,303.7,37.4,312.3,0
1856.0,86.0,1.0,299.2,22.7,308.4,0
1352.0,143.0,0.0,301.0,63.5,311.6,0
1333.0,18.0,0.0,300.3,55.2,311.7,0
1536.0,99.0,2.0,298.0,39.6,308.7,0
1716.0,9.0,0.0,298.0,26.6,307.8,0
1391.0,195.0,1.0,301.7,50.6,310.0,0
1497.0,62.0,0.0,300.9,43.2,310.9,0
1414.0,168.0,0.0,297.0,47.5,307.8,0
1445.0,144.0,2.0,301.4,41.4,311.1,0
1736.0,99.0,0.0,303.6,32.9,311.8,0
1441.0,63.0,1.0,298.8,40.5,308.8,0
1627.0,7.0,1.0,303.6,32.5,312.1,0
1372.0,105.0,0.0,300.0,39.6,309.8,0
1450.0,63.0,0.0,298.6,44.2,309.5,0
1280.0,106.0,0.0,301.4,61.0,310.7,0
2549.0,179.0,0.0,299.5,13.0,308.7,1
1623.0,74.0,0.0,297.5,33.4,309.3,0
1792.0,217.0,0.0,298.0,27.9,307.5,0
1634.0,178.0,1.0,300.8,31.9,311.2,0
1496.0,90.0,0.0,300.7,46.4,310.8,0
1689.0,196.0,0.0,300.4,30.8,311.8,0
1428.0,152.0,0.0,303.8,53.3,312.8,0
1445.0,155.0,0.0,300.5,46.6,310.8,0
1459.0,69.0,0.0,297.5,39.7,308.5,0
1446.0,64.0,0.0,302.0,44.0,310.9,0
1480.0,58.0,0.0,298.7,42.2,308.5,0
1482.0,153.0,1.0,296.6,39.9,307.5,0
1470.0,61.0,2.0,298.2,43.3,308.8,0
1295.0,74.0,1.0,298.8,52.7,310.0,0
1331.0,99.0,0.0,296.4,47.8,307.5,0
1489.0,96.0,0.0,297.0,44.1,308.1,0
1602.0,21.0,0.0,297.9,38.3,307.5,0
1471.0,164.0,0.0,300.4,46.5,311.2,0
1786.0,81.0,0.0,302.3,24.3,311.2,0
1620.0,75.0,1.0,298.0,29.4,308.0,0
1951.0,102.0,0.0,299.2,21.4,309.0,0
1596.0,154.0,0.0,300.4,32.5,311.5,0
1458.0,217.0,0.0,298.5,44.8,309.0,0
1861.0,130.0,0.0,298.5,26.9,309.6,0
1558.0,73.0,0.0,298.3,37.2,309.3,0
1454.0,19.0,0.0,297.5,45.0,308.7,0
1734.0,72.0,0.0,300.6,29.9,311.7,0
1645.0,58.0,1.0,298.2,28.2,308.8,0
1802.0,170.0,0.0,304.3,25.4,313.5,0
1658.0,3.0,0.0,298.2,30.0,308.0,0
1511.0,27.0,0.0,303.5,37.1,312.2,0
1622.0,43.0,1.0,300.1,36.1,309.6,0
1719.0,62.0,0.0,301.3,29.5,310.8,0
1671.0,148.0,0.0,300.9,33.5,311.6,0
1331.0,30.0,0.0,300.2,52.1,310.3,0
1355.0,209.0,0.0,298.2,49.4,308.4,0
1493.0,43.0,0.0,297.4,41.2,308.3,0
1456.0,54.0,1.0,302.0,47.2,310.9,0
1388.0,109.0,0.0,298.1,40.3,307.7,0
1618.0,160.0,2.0,301.1,29.5,311.1,0
1502.0,40.0,2.0,300.5,34.3,309.4,0
1804.0,215.0,1.0,297.5,27.4,309.2,0
2000.0,29.0,0.0,297.9,21.3,309.8,0
1309.0,71.0,0.0,300.4,55.5,311.4,0
1291.0,188.0,0.0,299.8,56.4,309.3,0
1314.0,45.0,1.0,299.5,61.8,309.2,0
1877.0,4.0,0.0,299.2,23.9,308.4,0
1377.0,61.0,1.0,304.0,56.0,313.0,0
1631.0,132.0,1.0,303.7,28.5,312.4,0
1617.0,42.0,0.0,297.6,36.2,309.5,0
1435.0,173.0,0.0,302.9,47.7,312.3,0
1605.0,18.0,2.0,298.4,31.0,307.9,0
1687.0,82.0,1.0,297.2,30.4,307.9,0
1543.0,44.0,1.0,298.8,38.2,308.7,0
1610.0,24.0,1.0,298.4,35.0,308.2,0
1520.0,148.0,0.0,302.6,42.8,311.0,0
1651.0,44.0,1.0,301.4,29.8,310.0,0
1485.0,117.0,1.0,298.3,42.0,307.9,0
1517.0,96.0,2.0,304.0,43.1,313.2,0
1541.0,156.0,0.0,300.5,47.8,311.6,0
1393.0,162.0,2.0,299.3,44.9,310.4,0
1931.0,101.0,1.0,302.2,21.9,311.3,0
1831.0,133.0,1.0,300.4,23.4,311.2,0
1654.0,57.0,0.0,300.6,32.8,309.4,0
2448.0,29.0,1.0,297.5,13.8,308.2,0
1404.0,203.0,0.0,302.8,43.2,310.6,0
1330.0,171.0,0.0,300.7,54.4,309.8,0
1697.0,120.0,1.0,301.2,30.0,310.4,0
1487.0,84.0,0.0,297.7,41.4,308.4,0
1501.0,156.0,0.0,301.1,36.1,309.6,0
1456.0,45.0,1.0,301.9,43.6,310.9,0
1604.0,158.0,1.0,297.2,40.7,308.5,0
1447.0,129.0,0.0,297.4,58.1,308.8,0
1595.0,29.0,1.0,297.3,32.2,308.3,0
1473.0,69.0,1.0,300.6,31.5,311.6,0
1484.0,172.0,0.0,298.3,43.4,308.4,0
1443.0,33.0,0.0,295.6,48.9,306.2,0
1495.0,111.0,0.0,298.1,48.1,307.7,0
1503.0,72.0,0.0,301.3,48.6,310.5,0
1566.0,204.0,1.0,300.5,35.9,309.8,0
2024.0,102.0,0.0,303.0,19.9,312.7,0
1403.0,58.0,0.0,300.3,60.1,311.5,0
1350.0,131.0,0.0,300.9,53.8,310.6,0
1384.0,131.0,0.0,300.9,42.4,309.6,0
1373.0,108.0,0.0,299.1,55.6,310.1,0
1386.0,170.0,1.0,300.8,42.1,310.7,0
1403.0,189.0,0.0,299.3,50.6,308.6,0
1969.0,59.0,0.0,304.1,20.8,313.1,0
1763.0,171.0,1.0,299.8,25.5,311.1,0
1534.0,119.0,0.0,301.5,39.3,310.5,0
1391.0,52.0,0.0,302.1,49.2,311.4,0
1923.0,244.0,0.0,302.9,23.9,312.4,0
1473.0,184.0,0.0,302.6,37.3,312.1,0
1325.0,65.0,0.0,295.8,56.2,306.4,0
1572.0,80.0,0.0,298.9,34.1,308.7,0
1432.0,51.0,0.0,300.5,47.5,311.4,0
1388.0,128.0,0.0,300.3,49.4,311.1,0
1355.0,126.0,1.0,302.2,51.5,310.6,1
1503.0,6.0,1.0,299.2,34.7,309.1,0
1399.0,135.0,0.0,297.0,59.0,308.3,0
1532.0,92.0,0.0,301.7,39.8,310.7,0
1602.0,135.0,1.0,303.0,33.7,312.5,0
1530.0,53.0,2.0,298.8,38.3,310.0,0
1409.0,138.0,2.0,300.4,47.5,309.8,0
1510.0,64.0,1.0,301.5,36.0,310.7,0
1710.0,163.0,0.0,298.4,27.3,309.6,1
2072.0,75.0,1.0,300.5,18.8,311.4,0
1522.0,56.0,1.0,300.8,46.2,310.9,0
1707.0,124.0,0.0,299.8,32.5,310.6,0
1260.0,141.0,2.0,298.5,54.2,307.9,0
1419.0,105.0,0.0,298.5,41.5,309.6,0
1474.0,152.0,0.0,297.2,44.3,308.1,0
1549.0,66.0,0.0,302.3,40.6,311.2,0
1573.0,134.0,1.0,303.5,34.0,311.6,0
1781.0,113.0,0.0,298.5,27.8,308.9,0
1350.0,2.0,1.0,302.7,58.6,312.2,0
1440.0,104.0,1.0,300.4,42.8,309.7,0
1385.0,128.0,1.0,300.0,52.1,310.4,0
1697.0,175.0,0.0,299.8,36.0,310.0,0
1507.0,41.0,1.0,300.5,43.4,311.3,0
1323.0,163.0,1.0,297.4,57.3,308.9,0
1348.0,22.0,0.0,299.4,54.5,310.6,0
1576.0,183.0,1.0,299.9,39.4,310.5,0
1439.0,17.0,0.0,298.6,49.9,310.1,0
1732.0,45.0,1.0,300.8,26.9,311.4,0
1445.0,197.0,0.0,299.1,43.4,308.9,0
1390.0,85.0,1.0,298.1,49.8,308.1,0
1746.0,83.0,1.0,301.6,31.1,309.9,0
2514.0,215.0,0.0,300.6,13.4,310.4,0
1521.0,197.0,0.0,301.8,39.3,310.9,0
1520.0,40.0,2.0,298.2,35.7,308.7,0
1573.0,193.0,0.0,302.4,36.5,311.0,0
1828.0,26.0,0.0,298.9,23.8,308.2,0
1558.0,35.0,1.0,298.0,41.7,309.2,0
1646.0,46.0,1.0,298.3,25.4,308.9,0
1376.0,98.0,0.0,303.4,53.4,312.8,0
1670.0,7.0,0.0,304.5,32.9,313.7,0
1360.0,190.0,0.0,297.5,50.7,308.8,0
1674.0,12.0,1.0,302.3,30.0,311.5,0
1412.0,140.0,1.0,298.9,44.1,309.2,0
1472.0,2.0,0.0,297.4,45.5,308.3,0
1403.0,193.0,1.0,298.2,45.1,307.9,0
1479.0,87.0,2.0,297.7,40.9,308.9,0
1569.0,153.0,0.0,298.5,41.0,309.5,0
1474.0,132.0,1.0,299.2,47.2,308.5,0
1546.0,72.0,0.0,297.9,37.6,307.7,0
1533.0,180.0,1.0,300.0,42.6,311.4,0
1484.0,65.0,2.0,302.7,41.5,312.0,0
1562.0,58.0,2.0,298.0,38.1,309.4,0
1561.0,9.0,0.0,296.8,38.3,308.0,0
1423.0,183.0,0.0,298.2,48.1,307.8,0
1400.0,0.0,1.0,300.3,43.8,311.5,0
1457.0,89.0,0.0,299.8,51.9,309.7,0
1603.0,104.0,0.0,302.1,35.9,311.4,0
1562.0,84.0,0.0,297.2,33.0,308.6,0
1556.0,75.0,0.0,299.4,35.7,309.2,0
1736.0,146.0,1.0,299.6,26.1,309.0,0
1509.0,52.0,0.0,302.8,36.5,312.2,0
1540.0,221.0,0.0,299.6,36.7,309.2,0
1591.0,182.0,1.0,300.5,42.0,311.8,0
1454.0,58.0,2.0,300.6,51.2,310.5,0
1740.0,136.0,0.0,297.7,27.1,308.4,0
1366.0,116.0,0.0,299.4,48.4,309.3,0
1680.0,185.0,0.0,301.4,31.4,310.8,0
1465.0,217.0,0.0,300.5,41.6,309.6,0
1582.0,181.0,0.0,299.4,31.7,310.4,0
1399.0,125.0,1.0,301.8,41.8,311.1,0
1572.0,50.0,1.0,300.7,38.5,310.6,0
1576.0,7.0,0.0,298.9,36.6,308.3,0
1556.0,127.0,1.0,300.9,38.8,311.0,0
1394.0,21.0,1.0,300.2,47.4,309.8,0
1378.0,176.0,1.0,302.7,46.9,312.1,0
1621.0,182.0,0.0,303.7,38.8,312.6,0
1609.0,116.0,0.0,297.4,36.2,308.6,0
1766.0,145.0,0.0,298.3,26.5,307.9,0
1562.0,36.0,2.0,298.2,37.7,309.0,0
1658.0,2.0,1.0,302.2,31.0,311.3,0
1532.0,62.0,0.0,299.1,36.6,310.5,0
1785.0,45.0,0.0,302.4,24.8,311.5,0
1850.0,203.0,2.0,302.5,23.3,311.1,0
1484.0,40.0,1.0,297.5,44.7,308.5,0
1380.0,192.0,0.0,297.5,53.5,308.6,0
2047.0,178.0,1.0,301.0,17.9,310.9,0
1481.0,193.0,0.0,301.0,37.5,311.4,0
1334.0,182.0,1.0,301.8,61.0,309.9,1
1534.0,90.0,0.0,300.5,37.7,311.6,0
1455.0,162.0,1.0,298.7,46.8,309.6,0
1493.0,131.0,0.0,302.5,35.1,311.5,0
1477.0,138.0,0.0,299.5,40.4,309.3,0
1492.0,149.0,0.0,300.4,44.6,311.5,0
1375.0,128.0,0.0,297.5,55.6,308.5,0
1313.0,127.0,0.0,301.3,55.6,310.3,0
1565.0,163.0,0.0,302.4,42.8,311.1,0
1435.0,189.0,0.0,297.8,50.1,308.3,0
1559.0,127.0,1.0,297.7,35.2,308.5,0
1457.0,7.0,1.0,301.6,47.8,310.7,0
1490.0,168.0,1.0,302.4,37.1,311.0,0
1368.0,148.0,2.0,299.8,47.4,309.7,0
1371.0,112.0,2.0,303.6,54.6,312.2,1
1395.0,90.0,2.0,301.2,47.8,312.4,0
1625.0,173.0,1.0,301.2,31.6,310.0,0
1533.0,198.0,0.0,297.8,36.8,309.8,0
1564.0,119.0,0.0,304.0,50.9,313.1,0
1477.0,163.0,1.0,299.7,42.7,309.6,0
1446.0,11.0,0.0,298.8,37.0,308.5,0
2678.0,86.0,1.0,298.2,10.7,308.5,1
1453.0,112.0,0.0,297.5,37.6,308.7,0
1443.0,85.0,1.0,299.2,50.9,310.6,0
1675.0,132.0,1.0,299.5,29.2,309.3,0
1395.0,123.0,0.0,303.7,53.9,312.7,0
1621.0,135.0,0.0,302.3,31.6,311.3,0
1359.0,161.0,0.0,299.7,50.7,309.6,0
1680.0,67.0,0.0,303.4,30.6,312.3,0
1419.0,90.0,2.0,300.6,42.4,310.0,0
1619.0,17.0,1.0,296.1,29.7,307.2,0
1370.0,61.0,0.0,299.2,52.4,308.5,0
1490.0,39.0,0.0,300.5,41.8,311.3,0
1605.0,47.0,0.0,298.2,29.4,308.7,0
1458.0,15.0,2.0,298.4,42.9,308.3,0
1739.0,94.0,1.0,295.7,25.9,306.2,0
1544.0,192.0,0.0,298.2,31.4,307.9,0
1641.0,125.0,0.0,303.7,36.0,312.5,0
1698.0,40.0,0.0,298.1,33.3,307.9,0
1691.0,154.0,0.0,298.7,30.1,309.0,0
1470.0,116.0,0.0,301.1,49.3,310.8,0
1764.0,27.0,0.0,300.5,25.9,310.2,0
1932.0,135.0,1.0,300.0,21.8,309.3,0
1434.0,189.0,1.0,300.2,51.5,309.5,0
2232.0,0.0,0.0,303.6,16.8,312.4,0
1639.0,24.0,0.0,300.4,34.6,311.3,0
1636.0,2.0,1.0,300.5,34.4,311.8,0
1596.0,150.0,0.0,301.5,35.4,310.7,0
1935.0,171.0,0.0,297.8,22.1,309.7,0
1616.0,180.0,1.0,299.7,42.3,311.2,0
1542.0,179.0,0.0,299.2,39.2,308.8,0
1596.0,219.0,0.0,301.2,37.2,311.0,0
1446.0,135.0,0.0,300.9,44.5,310.3,0
1386.0,119.0,1.0,300.3,48.1,311.4,0
1518.0,5.0,0.0,300.2,41.8,310.4,0
1489.0,179.0,1.0,301.4,38.9,310.9,0
1977.0,21.0,0.0,302.7,20.0,310.7,0
1434.0,144.0,1.0,298.7,53.0,309.9,0
1642.0,42.0,1.0,302.2,32.1,311.4,0
1818.0,109.0,1.0,303.5,23.6,312.2,0
1612.0,134.0,0.0,297.9,30.7,307.6,0
1605.0,154.0,0.0,298.4,32.4,308.0,0
1493.0,119.0,0.0,299.1,34.9,308.2,0
1593.0,210.0,1.0,301.3,30.8,310.0,0
1415.0,87.0,1.0,300.8,44.5,310.8,0
1782.0,116.0,0.0,300.8,26.9,311.3,0
1384.0,121.0,1.0,301.9,47.4,311.0,0
1556.0,48.0,0.0,301.5,39.1,310.5,0
1439.0,174.0,0.0,299.7,44.9,311.1,0
1491.0,216.0,0.0,299.8,47.5,309.2,0
1467.0,193.0,2.0,299.8,37.3,309.0,0
1534.0,83.0,0.0,299.2,39.7,310.6,0
1960.0,194.0,0.0,300.7,21.0,310.5,0
1645.0,81.0,1.0,303.6,35.7,312.0,0
1584.0,227.0,0.0,296.8,40.4,308.0,0
1377.0,4.0,0.0,300.3,55.3,309.9,0
1462.0,204.0,0.0,298.0,48.2,308.7,0
1524.0,161.0,1.0,298.2,34.6,309.2,0
1451.0,80.0,0.0,297.9,38.2,307.8,0
2109.0,61.0,0.0,298.9,18.0,310.1,0
1348.0,35.0,1.0,300.7,53.0,311.3,0
1671.0,201.0,0.0,302.8,30.5,310.6,0
1497.0,76.0,0.0,301.2,45.7,310.3,0
1446.0,88.0,0.0,297.4,48.1,308.6,0
1390.0,215.0,1.0,299.3,49.3,308.7,0
1424.0,68.0,1.0,301.2,45.2,310.9,0
1501.0,27.0,1.0,301.3,39.5,309.9,0
1439.0,199.0,0.0,296.6,45.5,307.5,0
1754.0,84.0,0.0,300.7,27.7,310.8,0
1530.0,93.0,0.0,297.5,38.5,308.5,0
1565.0,179.0,0.0,303.8,36.0,312.6,0
1372.0,59.0,0.0,301.0,47.0,312.2,0
1369.0,198.0,0.0,298.9,44.4,309.1,0
1695.0,32.0,0.0,302.6,27.1,312.2,0
1432.0,87.0,0.0,299.0,42.2,310.2,0
1580.0,161.0,2.0,301.5,35.7,310.4,0
1811.0,209.0,0.0,303.7,24.3,313.0,0
1559.0,23.0,0.0,298.4,44.2,310.0,0
1584.0,165.0,1.0,300.1,36.7,309.6,0
1697.0,210.0,2.0,297.7,32.2,309.6,0
1668.0,52.0,1.0,302.3,33.2,311.6,0
1677.0,46.0,0.0,302.9,30.5,312.2,0
1513.0,32.0,0.0,297.5,39.7,308.6,0
1740.0,164.0,0.0,300.9,25.3,310.7,0
1429.0,141.0,0.0,298.2,49.4,307.9,0
1523.0,24.0,0.0,300.3,39.2,309.8,0
1510.0,46.0,0.0,298.9,43.5,308.2,0
1426.0,60.0,0.0,299.1,40.1,308.3,0
1523.0,85.0,0.0,296.5,40.7,307.4,0
1500.0,116.0,1.0,298.7,38.8,309.5,0
2117.0,22.0,1.0,303.8,18.6,313.1,0
1296.0,96.0,0.0,297.4,52.3,309.4,0
1382.0,136.0,0.0,300.9,51.2,311.0,0
1491.0,11.0,0.0,300.5,42.6,311.1,0
1354.0,96.0,1.0,298.5,60.8,309.7,0
1596.0,80.0,1.0,297.5,36.6,308.4,0
1333.0,147.0,0.0,299.5,54.1,309.3,0
1523.0,141.0,1.0,299.3,40.9,310.8,0
1636.0,51.0,1.0,298.1,36.7,307.8,0
1550.0,54.0,0.0,297.3,37.0,308.3,0
1565.0,213.0,1.0,301.3,36.0,309.9,0
1393.0,12.0,0.0,300.3,56.1,309.9,0
1533.0,182.0,1.0,296.7,32.5,307.4,0
1512.0,146.0,1.0,304.2,33.4,313.6,0
1459.0,89.0,0.0,298.2,44.5,307.7,0
1596.0,123.0,0.0,300.7,31.5,309.8,0
1365.0,70.0,1.0,300.6,50.0,309.6,0
1510.0,177.0,1.0,298.6,40.8,309.3,0
1345.0,77.0,0.0,303.9,48.2,313.2,0
1318.0,0.0,2.0,298.2,55.7,307.6,0
1812.0,138.0,2.0,302.0,24.4,310.5,0
2103.0,12.0,0.0,301.6,19.7,310.6,0
1428.0,87.0,0.0,299.1,46.9,310.4,0
1393.0,28.0,1.0,299.6,47.7,309.2,0
1505.0,33.0,0.0,301.8,41.2,310.8,0
1437.0,40.0,0.0,299.1,43.1,310.5,0
1460.0,150.0,0.0,297.6,46.7,308.7,0
1664.0,174.0,1.0,297.3,28.9,308.5,0
1430.0,135.0,1.0,298.7,49.6,308.4,0
1508.0,57.0,0.0,300.3,43.1,311.8,0
1388.0,221.0,0.0,303.6,41.9,312.4,0
1555.0,96.0,0.0,302.9,33.9,311.1,0
1267.0,76.0,0.0,299.2,68.2,308.6,1
1597.0,203.0,1.0,303.8,33.4,312.4,0
1355.0,76.0,1.0,297.0,51.4,308.1,0
1418.0,87.0,0.0,298.2,44.2,309.0,0
1804.0,174.0,0.0,301.0,25.8,311.0,0
1853.0,122.0,2.0,300.9,23.6,311.0,0
1395.0,157.0,0.0,300.7,41.9,312.1,0
1518.0,59.0,0.0,297.3,36.0,308.0,0
1761.0,128.0,0.0,297.8,28.9,307.8,0
1441.0,116.0,1.0,297.4,46.8,308.4,0
1590.0,64.0,0.0,302.8,34.4,312.4,0
1553.0,187.0,0.0,302.5,40.1,311.9,0
1734.0,154.0,0.0,299.3,30.6,309.0,0
1573.0,168.0,2.0,299.8,33.3,310.2,0
1743.0,71.0,0.0,301.7,26.2,310.6,0
1429.0,206.0,1.0,300.1,42.0,310.2,0
1375.0,39.0,2.0,298.6,41.0,309.5,0
1553.0,174.0,0.0,299.7,36.8,309.6,0
1542.0,198.0,0.0,304.0,42.7,312.8,0
1524.0,71.0,0.0,298.1,40.8,307.8,0
1505.0,25.0,0.0,297.8,39.7,307.7,0
1576.0,113.0,0.0,297.2,35.3,308.3,0
1587.0,30.0,1.0,298.0,32.3,308.1,0
1437.0,110.0,1.0,303.9,48.3,313.1,0
1367.0,85.0,0.0,298.2,45.0,308.9,0
1410.0,99.0,0.0,300.6,40.6,309.4,0
1504.0,58.0,0.0,296.6,45.8,307.4,0
2066.0,150.0,1.0,298.1,19.2,307.6,0
2102.0,5.0,1.0,303.2,19.0,311.4,0
1512.0,143.0,2.0,301.5,39.0,310.6,0
1566.0,36.0,2.0,298.6,39.1,308.8,0
1502.0,34.0,1.0,299.2,39.8,310.4,0
1398.0,215.0,1.0,297.6,41.9,308.4,0
1595.0,154.0,0.0,300.3,38.8,311.6,0
1463.0,3.0,1.0,298.1,45.9,308.5,0
1635.0,168.0,1.0,299.0,34.5,310.3,0
1418.0,147.0,0.0,300.6,42.7,309.8,0
1622.0,121.0,0.0,298.0,33.3,307.8,0
1613.0,0.0,2.0,298.7,36.0,310.2,0
1359.0,85.0,2.0,298.8,47.6,308.5,0
1408.0,0.0,2.0,300.2,42.5,310.3,0
1686.0,189.0,1.0,298.7,26.2,309.6,0
1411.0,138.0,0.0,297.4,46.3,308.6,0
1868.0,92.0,0.0,300.4,21.3,311.9,0
1318.0,128.0,0.0,300.7,48.2,311.0,0
1515.0,170.0,1.0,301.0,41.8,310.9,0
1414.0,197.0,2.0,301.6,51.7,310.7,0
2595.0,207.0,0.0,300.9,13.7,310.0,0
1596.0,156.0,0.0,302.2,38.0,311.9,0
1528.0,163.0,0.0,300.5,42.4,311.6,0
1585.0,7.0,0.0,298.9,38.1,310.6,0
1412.0,130.0,1.0,299.8,47.8,309.4,0
1330.0,190.0,1.0,300.8,59.0,310.5,0
1450.0,63.0,0.0,298.8,43.1,309.7,0
1409.0,120.0,1.0,303.0,41.7,311.0,0
1692.0,55.0,2.0,303.3,27.9,311.4,0
1605.0,152.0,0.0,302.3,35.2,311.8,0
1654.0,136.0,2.0,298.7,34.3,309.6,0
1520.0,149.0,0.0,299.5,42.3,309.3,0
1423.0,60.0,0.0,302.7,51.9,312.4,0
2077.0,80.0,1.0,296.4,19.1,307.3,0
1383.0,75.0,0.0,297.6,47.5,308.6,0
1468.0,76.0,0.0,300.6,44.1,309.4,0
1510.0,16.0,1.0,303.1,47.6,311.0,0
1449.0,157.0,1.0,297.9,40.8,308.5,0
1560.0,129.0,0.0,301.3,36.3,310.3,0
1743.0,55.0,0.0,296.7,27.9,307.9,0
1487.0,83.0,0.0,296.4,37.5,307.3,0
1631.0,110.0,0.0,300.0,28.3,309.1,0
1498.0,80.0,0.0,296.6,41.1,307.6,0
1592.0,82.0,1.0,300.8,32.9,311.2,0
1438.0,188.0,0.0,304.1,45.5,313.3,0
1470.0,97.0,0.0,302.2,39.6,311.1,0
1339.0,0.0,1.0,300.6,52.9,310.7,0
1503.0,5.0,2.0,298.0,36.3,308.7,0
1748.0,42.0,1.0,300.1,26.6,311.3,0
1442.0,110.0,0.0,298.3,43.9,310.0,0
1291.0,29.0,0.0,296.3,58.6,307.2,0
1851.0,156.0,1.0,300.9,23.0,312.1,0
1895.0,161.0,0.0,302.0,23.2,310.4,0
1544.0,25.0,1.0,302.6,35.1,310.4,0
1493.0,57.0,1.0,297.0,34.7,307.9,0
1380.0,59.0,0.0,300.1,52.6,310.1,0
1369.0,36.0,0.0,300.3,48.8,310.2,0
1413.0,97.0,1.0,298.2,47.9,309.0,0
2099.0,98.0,1.0,298.9,20.0,310.2,0
1425.0,163.0,0.0,296.9,49.1,307.8,0
1950.0,202.0,0.0,298.1,20.3,307.6,0
1429.0,54.0,1.0,300.2,43.8,310.2,0
2440.0,166.0,2.0,297.2,14.0,308.5,0
1838.0,215.0,1.0,301.3,23.2,311.4,0
1519.0,92.0,0.0,299.1,45.3,310.4,0
1624.0,145.0,1.0,301.8,31.6,311.3,0
1420.0,136.0,2.0,299.8,46.7,309.5,0
1423.0,205.0,1.0,295.5,45.3,306.0,0
1288.0,79.0,1.0,298.8,61.9,309.8,0
1530.0,71.0,1.0,300.0,34.5,309.9,0
1375.0,78.0,2.0,299.2,55.1,308.7,0
1547.0,66.0,1.0,300.2,40.9,311.5,0
1475.0,85.0,1.0,303.5,42.9,312.0,0
1512.0,79.0,0.0,299.6,44.0,310.2,0
1493.0,132.0,0.0,298.8,38.5,309.8,0
1529.0,15.0,0.0,297.6,45.3,308.6,0
1411.0,173.0,0.0,299.7,46.1,309.2,0
1583.0,189.0,0.0,297.0,37.2,307.8,0
1641.0,192.0,0.0,301.7,31.9,310.7,0
1512.0,137.0,0.0,297.8,40.8,307.4,0
1452.0,197.0,1.0,297.4,41.2,308.6,0
1453.0,89.0,0.0,298.3,42.9,308.5,0
1465.0,113.0,1.0,300.8,43.2,311.3,0
1981.0,99.0,2.0,300.7,19.9,311.0,0
1421.0,0.0,1.0,300.4,47.2,309.8,0
1475.0,98.0,0.0,304.2,40.2,313.4,0
1490.0,94.0,1.0,300.6,39.8,312.0,0
1260.0,137.0,0.0,297.5,53.6,308.6,0
1438.0,0.0,1.0,299.3,42.3,308.4,0
1676.0,151.0,0.0,300.1,30.3,311.3,0
1395.0,21.0,0.0,297.4,48.7,308.3,0
1438.0,106.0,0.0,299.5,45.7,310.7,0
1463.0,182.0,1.0,298.0,46.5,307.4,0
1727.0,102.0,1.0,300.9,30.1,310.9,0
1336.0,111.0,2.0,301.9,63.6,311.0,0
1405.0,86.0,2.0,299.1,53.6,310.4,0
1362.0,155.0,0.0,302.4,54.8,310.7,1
1560.0,21.0,0.0,300.8,31.8,311.9,0
1671.0,158.0,2.0,297.5,28.0,308.5,0
1773.0,30.0,0.0,302.6,27.1,311.7,0
1383.0,60.0,0.0,300.2,42.1,311.5,0
1451.0,115.0,1.0,300.0,49.0,311.5,0
1614.0,0.0,1.0,300.6,32.7,310.3,0
1310.0,35.0,1.0,300.9,56.1,311.9,0
1458.0,87.0,0.0,298.0,39.8,309.2,0
1687.0,176.0,0.0,297.9,29.1,307.6,0
1715.0,0.0,0.0,297.7,30.2,307.1,0
1554.0,84.0,0.0,301.3,47.7,311.0,0
1553.0,49.0,0.0,298.1,40.9,310.0,0
1473.0,164.0,0.0,298.9,42.6,310.1,0
1687.0,95.0,1.0,300.1,27.7,309.2,0
1432.0,64.0,2.0,296.5,49.2,307.4,0
1658.0,69.0,2.0,299.0,27.6,310.3,0
1396.0,158.0,1.0,303.7,47.3,312.7,0
1759.0,34.0,0.0,300.3,24.8,311.4,0
1590.0,98.0,0.0,300.7,37.9,312.4,0
1335.0,62.0,2.0,300.7,49.0,312.2,0
1578.0,55.0,0.0,298.1,35.6,307.9,0
1444.0,13.0,0.0,296.3,49.0,307.3,0
1972.0,177.0,0.0,299.5,19.3,309.3,0
1412.0,109.0,0.0,295.9,41.0,306.6,0
1729.0,53.0,0.0,300.9,30.2,310.8,0
1362.0,117.0,0.0,299.7,51.9,309.4,0
1668.0,7.0,1.0,298.6,31.5,310.2,0
1627.0,91.0,2.0,304.2,32.2,313.5,0
1422.0,219.0,1.0,300.8,50.7,312.0,0
1437.0,23.0,0.0,298.8,42.8,309.8,0
1419.0,47.0,1.0,302.1,36.2,311.4,0
1628.0,111.0,1.0,299.4,40.2,310.8,0
1588.0,207.0,0.0,297.4,32.5,308.4,0
1561.0,0.0,0.0,297.4,38.3,308.3,0
1480.0,135.0,0.0,303.6,41.4,312.9,0
1568.0,82.0,1.0,300.7,35.2,309.6,0
2006.0,102.0,1.0,300.7,19.1,310.6,0
1547.0,0.0,0.0,298.7,37.4,309.7,0
1403.0,0.0,1.0,297.9,52.8,307.4,0
1709.0,151.0,2.0,301.2,27.0,309.8,0
1378.0,119.0,1.0,299.5,48.7,310.9,0
1662.0,48.0,2.0,297.8,30.7,307.8,0
2676.0,84.0,1.0,302.6,10.8,310.2,1
1551.0,186.0,0.0,298.2,36.0,307.9,0
1399.0,61.0,0.0,297.4,61.5,308.5,1
1319.0,24.0,1.0,296.3,68.3,307.2,1
1443.0,61.0,1.0,300.1,49.3,310.1,0
1305.0,16.0,0.0,302.4,49.1,312.0,0
1453.0,84.0,0.0,302.6,39.1,311.9,0
1742.0,150.0,1.0,299.2,28.9,308.5,0
1564.0,183.0,1.0,300.2,33.4,309.5,0
1372.0,203.0,0.0,301.5,44.0,310.5,0
1575.0,168.0,0.0,300.5,32.5,311.6,0
1452.0,137.0,0.0,302.4,43.1,311.9,0
1460.0,162.0,0.0,300.4,39.6,311.7,0
1353.0,182.0,1.0,299.9,49.8,309.2,0
1480.0,157.0,1.0,298.8,38.1,309.7,0
1390.0,23.0,1.0,298.3,49.7,308.9,0
1497.0,72.0,1.0,298.8,46.8,308.8,0
1537.0,15.0,0.0,297.9,37.7,307.7,0
1711.0,74.0,0.0,300.9,28.8,312.1,0
1439.0,34.0,1.0,298.0,38.5,309.0,0
1647.0,26.0,0.0,299.9,27.5,311.3,0
1382.0,89.0,0.0,299.0,53.0,310.4,0
1761.0,105.0,0.0,303.5,25.8,312.0,0
1421.0,124.0,2.0,298.5,50.3,309.3,0
1716.0,117.0,0.0,299.6,28.5,310.9,0
1483.0,108.0,2.0,300.2,43.8,309.7,0
1346.0,95.0,1.0,299.8,53.2,309.6,0
1570.0,79.0,0.0,300.9,40.1,310.5,0
1690.0,119.0,0.0,296.7,29.6,307.9,0
1492.0,197.0,1.0,298.0,40.2,307.8,0
1383.0,44.0,1.0,301.8,45.7,310.7,0
1537.0,202.0,0.0,299.0,42.8,308.7,0
1510.0,47.0,0.0,301.3,38.5,310.6,0
1596.0,75.0,2.0,296.4,35.1,307.5,0
1496.0,60.0,2.0,300.2,41.1,311.6,0
1607.0,104.0,0.0,296.5,33.5,307.6,0
1392.0,70.0,0.0,302.8,46.2,312.4,0
1517.0,114.0,1.0,298.9,39.8,308.6,0
1404.0,93.0,1.0,299.3,49.4,308.5,0
1281.0,61.0,0.0,302.3,51.7,311.8,0
1523.0,72.0,0.0,302.5,36.0,310.3,0
1702.0,71.0,0.0,300.5,33.1,310.4,0
1391.0,159.0,0.0,297.7,44.5,309.2,0
1502.0,38.0,2.0,303.3,39.5,311.3,0
1421.0,17.0,0.0,300.2,44.6,309.7,0
1732.0,167.0,1.0,297.7,28.1,309.1,0
1539.0,134.0,0.0,298.2,36.5,309.1,0
1492.0,109.0,0.0,300.8,39.0,311.2,0
1580.0,100.0,0.0,298.9,37.3,310.1,0
1663.0,139.0,0.0,300.8,30.6,310.6,0
1709.0,79.0,0.0,300.0,32.1,309.0,0
1495.0,79.0,2.0,300.6,36.5,309.5,0
1607.0,2.0,0.0,298.7,32.7,309.1,0
1429.0,140.0,0.0,298.9,55.1,308.5,0
1560.0,118.0,0.0,298.9,32.2,308.6,0
1397.0,155.0,1.0,300.7,51.3,309.7,0
1471.0,8.0,0.0,301.7,51.1,310.2,0
1479.0,194.0,0.0,301.0,44.3,310.9,0
1454.0,217.0,2.0,301.0,44.1,310.1,0
1480.0,199.0,0.0,302.0,40.0,309.8,0
1482.0,132.0,2.0,298.0,37.8,307.9,0
1657.0,217.0,0.0,303.1,31.8,311.3,0
1384.0,7.0,1.0,300.0,46.1,311.4,0
1475.0,53.0,0.0,300.1,54.2,310.2,0
1472.0,157.0,0.0,299.1,46.6,310.3,0
1438.0,119.0,2.0,302.3,43.8,310.8,0
1965.0,40.0,1.0,302.6,20.2,310.5,0
1604.0,45.0,2.0,300.6,30.5,311.9,0
1549.0,170.0,0.0,302.5,40.9,310.3,0
1838.0,181.0,0.0,303.8,27.8,312.7,0
1480.0,92.0,1.0,295.8,43.2,306.6,0
1373.0,130.0,0.0,297.9,50.2,307.8,0
1751.0,196.0,0.0,302.9,23.8,311.2,0
1740.0,182.0,0.0,302.1,30.8,311.0,0
1625.0,92.0,1.0,297.3,32.8,308.5,0
1647.0,6.0,1.0,301.8,31.6,311.1,0
1331.0,154.0,0.0,302.6,52.0,310.9,1
1404.0,62.0,0.0,297.8,44.2,308.7,0
1547.0,7.0,0.0,300.5,37.2,311.1,0
1852.0,131.0,1.0,301.1,25.9,312.3,0
1476.0,134.0,2.0,300.7,43.1,310.5,0
1557.0,59.0,0.0,300.1,40.6,309.5,0
1329.0,30.0,2.0,299.2,48.9,310.5,0
1478.0,10.0,0.0,297.9,39.7,309.2,0
1423.0,114.0,0.0,300.5,47.9,309.9,0
1375.0,179.0,0.0,300.6,53.2,310.8,0
1444.0,174.0,2.0,302.4,40.7,310.9,0
1414.0,190.0,0.0,303.8,41.7,312.7,0
1635.0,107.0,0.0,300.6,31.0,310.0,0
1460.0,195.0,0.0,297.6,40.3,308.4,0
1426.0,157.0,1.0,302.9,44.7,312.3,0
1485.0,24.0,0.0,301.9,46.3,310.3,0
1440.0,177.0,0.0,301.4,45.4,310.9,0
1336.0,31.0,0.0,297.9,71.6,309.8,1
1585.0,118.0,0.0,298.2,37.4,309.7,0
1391.0,164.0,0.0,301.6,49.4,310.6,0
1643.0,91.0,0.0,298.2,34.1,309.0,0
1425.0,11.0,1.0,298.1,41.9,308.6,0
1571.0,102.0,0.0,296.9,35.0,307.8,0
1418.0,10.0,0.0,299.4,53.1,310.6,0
1282.0,10.0,0.0,301.1,67.9,310.9,1
1461.0,49.0,0.0,298.6,45.7,309.9,0
1679.0,167.0,1.0,298.4,33.3,309.7,0
1462.0,102.0,0.0,297.2,51.2,308.4,0
1628.0,174.0,0.0,299.1,35.9,310.5,0
1441.0,14.0,0.0,297.3,43.4,308.4,0
1518.0,194.0,1.0,295.5,44.1,305.9,0
1540.0,182.0,1.0,299.0,38.1,310.3,0
1378.0,190.0,0.0,301.1,51.1,311.0,0
1396.0,12.0,1.0,301.1,45.1,310.9,0
1406.0,183.0,0.0,303.7,48.6,313.1,0
1444.0,76.0,1.0,295.8,45.5,306.3,0
1681.0,221.0,0.0,300.8,31.3,311.7,0
1434.0,82.0,1.0,300.8,39.1,311.2,0
2449.0,45.0,0.0,298.2,13.8,309.0,0
1966.0,161.0,0.0,301.3,22.6,310.6,0
1759.0,5.0,1.0,302.7,29.9,311.7,0
1504.0,180.0,0.0,297.9,42.4,307.6,0
2174.0,37.0,1.0,303.6,17.6,312.7,0
1534.0,41.0,1.0,302.4,40.1,311.4,0
1467.0,128.0,0.0,297.4,39.0,308.8,0
1512.0,9.0,0.0,301.5,38.9,310.8,0
1646.0,143.0,0.0,303.8,35.8,312.8,0
1450.0,168.0,0.0,301.1,43.3,311.1,0
1687.0,47.0,0.0,298.6,29.3,309.5,0
1380.0,17.0,1.0,304.2,48.7,313.2,0
1567.0,130.0,1.0,300.9,34.3,311.0,0
1505.0,187.0,1.0,301.7,44.0,311.0,0
1872.0,162.0,2.0,299.5,22.6,309.2,0
1556.0,145.0,0.0,302.2,38.6,311.7,0
1676.0,97.0,1.0,300.5,35.2,311.9,0
1641.0,41.0,0.0,300.1,30.4,309.7,0
1674.0,223.0,0.0,302.5,27.0,311.4,0
1540.0,113.0,0.0,301.0,34.1,312.2,0
1617.0,207.0,0.0,302.8,37.9,310.6,0
1777.0,200.0,0.0,298.0,24.3,308.1,0
1550.0,72.0,0.0,302.9,45.5,312.5,0
1571.0,228.0,1.0,300.5,34.6,310.2,0
1533.0,134.0,0.0,303.0,38.5,312.3,0
1448.0,21.0,1.0,300.4,44.9,310.6,0
1259.0,20.0,0.0,301.4,63.9,309.9,1
1409.0,126.0,0.0,302.5,53.1,311.4,0
1569.0,29.0,1.0,298.1,37.0,307.9,0
1629.0,45.0,0.0,298.1,32.5,309.9,0
1400.0,147.0,2.0,297.7,48.9,309.3,0
1947.0,137.0,0.0,301.9,25.0,310.7,0
1591.0,109.0,0.0,299.8,37.5,309.2,0
1731.0,38.0,0.0,298.0,28.7,309.2,0
1730.0,106.0,0.0,300.5,30.2,311.6,0
1372.0,86.0,2.0,302.3,46.0,311.4,0
1409.0,16.0,0.0,303.3,51.8,311.3,0
1466.0,184.0,1.0,300.4,39.8,309.7,0
1416.0,112.0,0.0,300.9,43.8,312.7,0
1373.0,110.0,0.0,297.5,39.9,308.5,0
1497.0,123.0,0.0,302.5,41.6,311.9,0
1411.0,149.0,0.0,304.2,46.0,313.6,0
1517.0,66.0,0.0,297.6,34.2,308.4,0
1481.0,215.0,1.0,302.5,41.1,311.5,0
1381.0,59.0,0.0,299.2,60.6,308.5,0
1692.0,18.0,0.0,303.3,30.6,311.8,0
1491.0,29.0,0.0,297.3,46.5,308.4,0
1353.0,143.0,2.0,299.7,47.1,311.1,0
1527.0,85.0,0.0,298.0,39.5,309.2,0
1766.0,7.0,0.0,297.2,25.8,308.5,0
1831.0,121.0,0.0,302.4,26.9,311.4,0
1823.0,131.0,0.0,298.9,26.1,310.1,0
1541.0,96.0,0.0,300.1,37.0,309.6,0
1523.0,205.0,0.0,300.9,35.8,310.7,0
1370.0,0.0,0.0,298.6,56.0,309.8,0
1411.0,246.0,2.0,302.8,53.8,312.4,1
1416.0,7.0,0.0,300.8,46.5,312.0,0
1508.0,92.0,0.0,298.0,37.1,308.9,0
1517.0,67.0,0.0,297.9,44.4,307.7,0
1488.0,146.0,0.0,297.1,42.5,308.4,0
1440.0,146.0,0.0,302.7,39.5,311.1,0
1495.0,10.0,0.0,299.8,39.6,309.5,0
1693.0,65.0,0.0,299.1,31.6,308.4,0
1787.0,192.0,1.0,299.0,22.2,310.6,0
1765.0,115.0,1.0,303.6,27.5,312.7,0
1544.0,87.0,0.0,303.5,36.9,312.9,0
1428.0,26.0,0.0,297.4,38.8,309.2,0
1612.0,158.0,0.0,300.3,36.0,309.3,0
1414.0,159.0,0.0,298.1,48.7,307.7,0
1568.0,13.0,0.0,298.8,33.7,309.9,0
1563.0,124.0,0.0,301.0,34.4,310.4,0
1346.0,170.0,0.0,302.7,61.2,312.3,0
1403.0,24.0,2.0,300.5,47.7,310.5,0
1357.0,179.0,2.0,302.5,42.0,312.0,0
1591.0,68.0,0.0,298.8,31.1,308.7,0
1455.0,76.0,1.0,299.6,46.1,310.1,0
1523.0,124.0,0.0,300.4,38.5,309.6,0
1475.0,187.0,0.0,295.3,51.0,305.7,0
1349.0,6.0,1.0,302.7,51.2,310.6,1
1703.0,205.0,2.0,297.6,31.4,308.4,0
1559.0,58.0,0.0,298.9,33.4,310.0,0
1610.0,63.0,0.0,303.2,35.5,311.4,0
1466.0,125.0,1.0,300.0,39.0,311.4,0
1811.0,183.0,2.0,303.8,24.9,312.6,0
1610.0,56.0,0.0,298.0,33.1,308.6,0
1488.0,30.0,1.0,297.9,37.3,309.1,0
1402.0,30.0,0.0,298.7,45.9,310.2,0
1373.0,215.0,1.0,298.0,51.2,308.2,0
1321.0,42.0,0.0,302.6,53.4,312.3,0
1493.0,137.0,0.0,302.5,39.0,311.1,0
1397.0,112.0,1.0,299.1,52.4,308.9,0
1662.0,137.0,2.0,300.4,29.0,311.5,0
1514.0,98.0,0.0,300.0,44.6,309.6,0
1981.0,125.0,0.0,299.0,21.2,310.4,0
1473.0,124.0,0.0,298.0,44.3,309.1,0
1657.0,64.0,1.0,299.0,32.3,310.2,0
1692.0,187.0,0.0,300.3,31.5,311.9,0
1389.0,69.0,0.0,298.9,44.9,308.7,0
1368.0,5.0,0.0,298.2,51.8,307.6,0
2129.0,126.0,2.0,297.9,18.7,308.5,0
1480.0,160.0,0.0,298.5,38.1,309.5,0
1501.0,69.0,0.0,303.4,36.2,311.5,0
1695.0,90.0,0.0,303.6,30.7,311.8,0
1379.0,107.0,1.0,302.4,48.9,310.1,1
1794.0,114.0,0.0,298.9,27.2,310.0,0
1572.0,20.0,0.0,299.6,33.4,309.2,0
1681.0,116.0,1.0,297.7,28.3,308.9,0
1590.0,5.0,0.0,303.9,31.9,313.2,0
1433.0,42.0,0.0,299.3,37.7,308.6,0
1670.0,2.0,0.0,302.8,29.1,310.6,0
1510.0,27.0,1.0,301.7,47.8,311.0,0
1470.0,23.0,2.0,301.1,40.1,310.0,0
1661.0,6.0,1.0,299.7,34.5,310.3,0
1422.0,140.0,0.0,298.0,45.6,307.7,0
1424.0,2.0,1.0,297.8,45.5,309.1,0
1435.0,168.0,1.0,299.7,50.1,311.0,0
1724.0,100.0,0.0,298.5,26.4,309.6,0
1434.0,129.0,0.0,301.5,49.6,311.1,0
1428.0,88.0,1.0,304.1,39.9,313.5,0
1498.0,181.0,0.0,299.1,38.9,308.7,0
1483.0,187.0,0.0,300.0,45.6,311.4,0
1541.0,118.0,0.0,299.3,37.2,309.2,0
1692.0,5.0,1.0,301.4,32.3,310.7,0
1611.0,11.0,2.0,301.4,41.5,310.3,0
1505.0,85.0,0.0,299.0,41.3,310.1,0
1350.0,130.0,1.0,300.3,58.7,311.1,0
1389.0,9.0,1.0,300.5,43.3,309.7,0
1503.0,68.0,1.0,300.6,38.4,309.6,0
1531.0,116.0,0.0,297.3,36.7,308.7,0
1343.0,61.0,0.0,297.4,40.0,308.4,0
1526.0,30.0,2.0,298.8,42.1,309.9,0
1483.0,193.0,1.0,299.9,38.1,309.4,0
1480.0,148.0,0.0,300.5,40.0,309.9,0
1655.0,193.0,2.0,300.3,29.9,311.7,0
1416.0,105.0,2.0,296.9,46.9,308.0,0
1375.0,59.0,0.0,299.0,48.9,310.1,0
1918.0,28.0,0.0,301.1,21.7,311.0,0
1493.0,90.0,0.0,295.8,40.5,306.5,0
1672.0,150.0,0.0,298.8,30.4,310.0,0
1312.0,73.0,1.0,300.6,45.2,309.4,0
1401.0,14.0,0.0,298.3,51.9,309.3,0
1640.0,79.0,2.0,297.6,30.9,308.3,0
1469.0,88.0,0.0,298.2,43.0,308.2,0
1429.0,96.0,2.0,299.3,43.0,308.9,0
1565.0,12.0,0.0,303.5,38.9,311.9,0
1484.0,188.0,0.0,301.0,36.2,311.4,0
1737.0,96.0,0.0,301.4,31.9,310.4,0
1383.0,147.0,0.0,295.6,48.7,306.1,0
1561.0,70.0,1.0,299.0,37.3,309.4,0
1429.0,184.0,1.0,300.3,41.6,311.9,0
1677.0,188.0,0.0,301.1,29.1,311.0,0
1457.0,104.0,1.0,299.3,42.1,310.6,0
1501.0,162.0,0.0,296.5,42.1,307.3,0
1268.0,146.0,0.0,299.9,53.3,310.3,0
1477.0,128.0,0.0,301.9,42.4,310.5,0
1483.0,162.0,1.0,300.7,40.2,310.1,0
1505.0,14.0,0.0,297.3,33.5,308.6,0
1478.0,141.0,2.0,301.8,38.6,310.5,0
1532.0,0.0,1.0,300.7,40.0,311.7,0
1430.0,71.0,1.0,296.9,55.9,308.0,0
1648.0,29.0,2.0,297.8,33.0,309.2,0
1671.0,149.0,0.0,300.2,28.8,311.6,0
1430.0,47.0,1.0,298.0,51.9,308.7,0
1455.0,125.0,0.0,300.6,48.0,309.8,0
1377.0,166.0,0.0,302.3,46.8,310.9,1
1924.0,17.0,1.0,302.9,24.0,312.5,0
1638.0,146.0,2.0,296.4,32.5,307.1,0
1480.0,19.0,2.0,297.6,39.8,308.6,0
1434.0,193.0,1.0,297.4,44.4,308.6,0
1470.0,118.0,0.0,299.3,41.1,309.1,0
1620.0,215.0,1.0,297.4,35.8,308.4,0
1546.0,169.0,0.0,295.5,35.9,306.0,0
1471.0,214.0,0.0,298.4,47.0,308.2,0
1401.0,38.0,0.0,299.4,59.0,309.3,0
1546.0,109.0,0.0,298.7,40.9,309.8,0
1551.0,82.0,0.0,301.2,41.2,310.7,0
1546.0,186.0,1.0,300.8,42.3,309.6,0
1631.0,43.0,2.0,300.7,32.6,310.6,0
1804.0,22.0,0.0,298.5,26.1,310.0,0
1530.0,207.0,0.0,302.2,37.3,311.3,1
1401.0,0.0,0.0,300.0,44.5,309.1,0
1706.0,153.0,1.0,300.7,25.0,311.0,0
1429.0,104.0,0.0,302.4,43.7,310.1,0
1326.0,199.0,0.0,297.6,49.8,309.4,0
1559.0,145.0,0.0,297.7,36.9,309.3,0
1650.0,67.0,0.0,295.5,32.8,306.1,0
1423.0,149.0,0.0,296.9,43.9,307.9,0
1475.0,24.0,0.0,297.6,42.4,308.5,0
1332.0,71.0,1.0,299.1,51.7,308.4,0
1348.0,87.0,0.0,301.7,51.0,311.3,0
1707.0,165.0,1.0,300.4,30.0,311.8,0
1741.0,60.0,0.0,296.9,28.8,308.1,0
1341.0,51.0,0.0,298.9,54.5,310.1,0
1954.0,198.0,1.0,301.7,21.6,310.8,0
1459.0,3.0,0.0,300.4,45.6,311.7,0
1438.0,78.0,0.0,300.6,48.5,310.7,1
1614.0,155.0,0.0,303.6,33.2,311.8,0
1470.0,101.0,1.0,301.4,46.5,310.7,0
1869.0,211.0,0.0,303.8,25.8,313.1,0
1738.0,96.0,2.0,297.7,27.7,308.4,0
1348.0,146.0,0.0,300.4,56.0,310.8,0
1432.0,81.0,0.0,301.4,54.3,310.5,0
1468.0,38.0,2.0,302.2,43.6,310.0,0
1525.0,191.0,0.0,300.5,37.6,311.6,0
1724.0,126.0,2.0,301.9,27.5,309.8,0
1384.0,88.0,0.0,301.3,50.1,310.4,0
1382.0,134.0,0.0,304.1,46.7,313.6,0
1487.0,84.0,0.0,302.8,36.6,312.1,0
1556.0,164.0,2.0,302.7,35.0,311.5,0
1399.0,194.0,0.0,297.1,42.6,308.2,0
1376.0,0.0,0.0,301.1,49.1,310.7,0
1329.0,143.0,2.0,300.1,55.2,309.4,0
1453.0,101.0,1.0,298.8,47.7,309.7,0
1546.0,4.0,0.0,299.7,37.2,309.3,0
1533.0,198.0,0.0,300.7,35.6,310.3,0
1809.0,97.0,0.0,300.1,24.3,310.6,0
1737.0,130.0,0.0,298.8,27.7,308.4,0
1563.0,100.0,2.0,297.5,36.1,309.3,0
1378.0,12.0,0.0,298.3,52.3,309.4,0
1865.0,129.0,0.0,302.4,23.9,310.4,0
1485.0,143.0,1.0,297.2,47.9,308.8,0
1587.0,98.0,2.0,297.5,36.1,308.4,0
1492.0,7.0,1.0,302.4,47.7,312.1,0
1542.0,208.0,0.0,298.4,35.4,309.3,0
1295.0,77.0,2.0,300.9,58.9,311.3,0
1416.0,225.0,0.0,300.8,42.2,310.6,0
1783.0,130.0,1.0,298.3,28.3,309.2,0
1533.0,204.0,1.0,301.9,35.9,309.7,0
1458.0,156.0,2.0,298.9,44.3,310.1,0
1351.0,110.0,0.0,302.2,48.6,311.1,0
1444.0,39.0,1.0,298.6,48.1,310.1,0
1548.0,64.0,0.0,297.8,36.9,308.8,0
1529.0,50.0,1.0,299.2,43.0,308.4,0
1406.0,112.0,0.0,301.7,46.0,310.6,0
1465.0,109.0,0.0,303.1,44.1,312.8,0
1370.0,20.0,1.0,300.5,44.8,311.9,0
1539.0,168.0,0.0,298.3,36.1,308.5,0
1445.0,40.0,1.0,300.3,47.3,311.5,0
1546.0,29.0,0.0,301.8,43.4,310.8,0
1664.0,150.0,1.0,300.8,25.7,312.2,0
1697.0,107.0,1.0,297.5,28.1,308.7,0
1477.0,100.0,0.0,300.9,41.5,310.9,0
2672.0,124.0,0.0,301.8,11.8,310.6,1
1570.0,74.0,1.0,303.9,40.7,313.2,0
1469.0,96.0,2.0,297.7,43.7,308.8,0
1282.0,40.0,0.0,300.4,66.1,310.0,0
1512.0,153.0,0.0,300.7,36.9,312.1,0
1460.0,138.0,1.0,298.6,43.8,309.4,0
1550.0,194.0,0.0,302.9,36.9,312.4,0
1477.0,18.0,2.0,302.4,39.7,312.0,0
1476.0,129.0,1.0,298.2,43.5,308.3,0
1513.0,22.0,0.0,302.3,40.4,310.1,0
1546.0,121.0,1.0,301.8,39.8,309.8,0
1492.0,202.0,0.0,298.0,38.7,307.7,0
1492.0,19.0,0.0,298.5,41.2,310.0,0
1620.0,139.0,0.0,302.6,36.2,311.0,0
1542.0,137.0,0.0,302.6,34.1,311.7,0
1623.0,61.0,0.0,297.6,36.9,308.3,0
1843.0,212.0,1.0,296.8,24.2,308.1,0
1597.0,115.0,1.0,299.2,30.3,309.0,0
1712.0,136.0,0.0,297.5,26.8,308.5,0
1657.0,3.0,0.0,302.3,31.1,311.0,0
1650.0,38.0,1.0,300.1,33.8,311.3,0
2243.0,36.0,1.0,297.8,15.7,309.3,0
1484.0,183.0,0.0,300.0,37.0,311.4,0
1742.0,24.0,0.0,297.7,26.3,308.9,0
1558.0,223.0,1.0,299.0,35.4,310.3,0
1774.0,186.0,0.0,301.1,29.6,311.2,0
1782.0,54.0,0.0,297.4,25.9,308.5,0
1449.0,169.0,1.0,300.6,42.4,309.9,0
1621.0,48.0,0.0,299.4,34.5,309.2,0
1572.0,142.0,2.0,299.7,32.8,309.2,0
1441.0,210.0,0.0,300.9,43.8,312.0,0
1492.0,128.0,0.0,300.2,41.8,311.5,0
1466.0,66.0,2.0,298.8,44.6,309.9,0
1644.0,5.0,1.0,301.7,34.6,310.1,0
1236.0,177.0,0.0,301.0,64.4,311.1,1
1435.0,70.0,0.0,300.4,54.8,309.9,0
1430.0,178.0,0.0,297.9,52.4,307.6,0
1559.0,124.0,0.0,302.1,36.0,310.5,0
1506.0,21.0,0.0,300.1,35.2,309.8,0
1653.0,207.0,2.0,297.2,33.3,308.5,0
1589.0,198.0,0.0,300.5,30.5,309.7,0
1274.0,169.0,0.0,301.1,55.7,310.8,0
1397.0,2.0,2.0,300.5,45.2,311.2,0
1555.0,229.0,0.0,296.9,33.7,308.1,0
1694.0,121.0,1.0,299.8,31.3,310.6,0
1550.0,174.0,0.0,299.4,33.7,308.9,0
1839.0,79.0,0.0,298.0,22.7,307.8,0
1590.0,58.0,0.0,302.4,39.9,311.5,0
1469.0,20.0,1.0,300.1,43.9,309.3,0
1417.0,31.0,0.0,297.3,47.8,308.4,0
1485.0,209.0,1.0,299.4,47.1,309.3,0
1660.0,36.0,0.0,302.6,30.3,312.3,0
1474.0,35.0,0.0,300.3,38.7,309.5,0
1994.0,189.0,1.0,300.5,19.8,309.9,0
1387.0,98.0,0.0,299.2,51.1,308.5,0
1492.0,171.0,0.0,297.1,39.4,307.9,0
1418.0,12.0,0.0,300.8,46.6,309.7,0
1461.0,141.0,0.0,298.8,39.4,309.8,0
1566.0,164.0,0.0,296.5,37.2,307.3,0
1417.0,49.0,1.0,301.5,44.6,310.0,0
1444.0,46.0,1.0,303.7,52.7,312.9,0
1334.0,186.0,0.0,298.5,49.8,308.3,0
1492.0,144.0,1.0,300.6,34.0,309.5,0
1834.0,146.0,0.0,301.6,23.5,310.6,0
1566.0,18.0,0.0,300.0,34.4,309.2,0
1769.0,38.0,0.0,300.4,26.1,310.0,0
1674.0,76.0,1.0,303.3,32.7,312.5,0
1523.0,181.0,0.0,301.7,34.7,310.5,0
1584.0,135.0,0.0,297.1,42.3,307.8,0
1648.0,70.0,0.0,299.6,33.6,309.0,0
1405.0,18.0,0.0,299.1,53.8,309.0,0
1419.0,31.0,0.0,300.6,38.6,311.5,0
1433.0,191.0,1.0,300.2,48.8,309.4,0
1518.0,0.0,0.0,300.3,36.4,309.9,0
1557.0,60.0,0.0,296.6,35.1,307.5,0
1521.0,190.0,0.0,297.0,40.2,307.8,0
2084.0,175.0,0.0,299.8,17.6,310.9,0
1541.0,23.0,0.0,300.6,42.0,310.1,0
1434.0,174.0,0.0,300.8,45.6,311.2,0
1461.0,157.0,1.0,298.5,51.9,308.0,0
1461.0,126.0,2.0,297.4,40.1,308.6,0
1703.0,147.0,0.0,298.3,28.9,307.9,0
1800.0,61.0,0.0,303.0,23.7,311.2,0
1584.0,83.0,0.0,299.0,34.4,310.3,0
1263.0,90.0,0.0,302.0,60.6,310.5,1
1750.0,171.0,0.0,300.6,30.6,310.7,0
1547.0,131.0,2.0,300.4,50.7,309.5,0
1578.0,158.0,1.0,302.3,33.5,311.0,0
1622.0,103.0,1.0,297.5,37.2,308.3,0
1426.0,16.0,0.0,299.0,38.6,308.7,0
1683.0,85.0,0.0,302.9,32.1,312.5,0
1364.0,104.0,0.0,300.0,41.2,309.3,0
1352.0,91.0,0.0,297.3,53.8,308.7,0
1574.0,40.0,1.0,298.0,34.8,309.1,0
1567.0,171.0,0.0,299.9,35.5,309.5,0
1262.0,100.0,0.0,303.3,63.8,312.7,0
1504.0,58.0,0.0,300.0,37.9,311.2,0
1626.0,50.0,0.0,298.0,33.3,308.6,0
1550.0,124.0,0.0,296.9,39.7,307.7,0
1583.0,166.0,0.0,297.4,32.0,309.0,0
1444.0,3.0,1.0,300.3,42.0,309.8,0
1369.0,164.0,0.0,299.6,51.4,309.1,0
1559.0,110.0,0.0,299.6,39.1,309.2,0
1483.0,46.0,0.0,298.7,42.5,308.5,0
1580.0,119.0,0.0,298.9,39.1,308.5,0
1630.0,2.0,0.0,303.3,32.5,311.4,0
1475.0,147.0,0.0,300.7,42.0,310.8,0
1435.0,181.0,0.0,300.3,45.4,309.6,0
1578.0,101.0,0.0,298.3,37.8,308.0,0
1304.0,183.0,0.0,298.9,57.2,310.2,0
1663.0,67.0,0.0,298.3,28.4,308.2,0
1366.0,205.0,0.0,300.7,52.6,310.4,0
1380.0,166.0,0.0,303.5,46.1,312.5,0
1380.0,56.0,2.0,298.8,44.0,310.1,0
1474.0,4.0,0.0,297.4,43.6,308.4,0
1464.0,194.0,0.0,304.3,36.7,313.5,0
1349.0,226.0,1.0,299.2,50.4,310.0,0
1549.0,150.0,0.0,300.4,38.9,309.8,0
1556.0,168.0,1.0,297.3,39.5,309.0,0
1587.0,2.0,1.0,299.1,35.6,308.5,0
1472.0,31.0,0.0,298.3,40.1,309.1,0
1538.0,195.0,0.0,301.3,38.4,310.4,0
2304.0,89.0,0.0,298.4,15.1,309.0,0
1480.0,18.0,0.0,297.7,47.9,309.6,0
1713.0,17.0,1.0,297.5,32.2,308.2,0
1654.0,158.0,0.0,298.9,31.1,310.2,0
1284.0,32.0,1.0,297.2,51.3,308.6,0
1462.0,49.0,2.0,301.7,38.3,310.1,0
1426.0,64.0,2.0,300.1,42.7,310.1,0
1348.0,110.0,0.0,299.1,56.1,308.2,0
1390.0,63.0,0.0,301.3,45.8,310.5,0
1692.0,122.0,2.0,302.2,28.2,311.2,0
1400.0,175.0,0.0,302.4,53.7,310.2,0
1554.0,204.0,0.0,297.5,34.8,308.9,0
1531.0,2.0,0.0,297.9,40.8,308.1,0
1439.0,82.0,0.0,299.1,44.2,309.4,0
1597.0,191.0,1.0,303.0,36.7,311.1,0
1415.0,82.0,1.0,300.2,55.8,311.6,0
1418.0,69.0,0.0,300.7,49.0,312.3,0
1490.0,124.0,0.0,298.8,40.6,309.8,0
1451.0,196.0,0.0,298.3,47.1,308.0,0
1921.0,68.0,0.0,297.7,22.9,307.6,0
1407.0,164.0,2.0,298.6,50.5,308.4,0
1530.0,21.0,1.0,302.3,42.3,311.5,0
1529.0,165.0,0.0,297.1,40.4,308.4,0
1871.0,152.0,1.0,301.5,21.3,310.7,0
1478.0,116.0,0.0,300.1,46.9,309.1,0
1321.0,166.0,0.0,299.7,53.4,309.6,0
1611.0,169.0,1.0,302.3,31.8,310.8,0
1298.0,59.0,0.0,303.4,63.9,311.9,1
1450.0,160.0,0.0,299.6,43.1,309.2,0
1351.0,18.0,0.0,300.4,62.0,311.2,0
1647.0,14.0,0.0,302.6,34.2,310.3,0
1564.0,0.0,0.0,302.7,34.3,310.6,0
1471.0,157.0,1.0,297.3,50.7,308.6,0
1305.0,155.0,0.0,297.9,47.2,308.5,0
1390.0,92.0,0.0,299.4,57.0,308.8,0
1356.0,136.0,1.0,300.4,44.4,309.8,0
1625.0,89.0,1.0,299.0,31.8,310.2,0
1576.0,151.0,0.0,301.3,30.4,311.0,0
1559.0,194.0,0.0,299.0,38.1,308.5,0
1468.0,156.0,2.0,297.4,41.4,309.0,0
1586.0,131.0,1.0,297.3,32.7,308.8,0
1555.0,142.0,1.0,298.9,37.6,308.5,0
1701.0,171.0,2.0,304.0,30.4,313.0,0
1369.0,71.0,0.0,300.6,51.6,309.4,0
1490.0,54.0,0.0,299.0,41.1,310.2,0
1642.0,53.0,0.0,300.1,34.5,309.6,0
1902.0,129.0,1.0,297.8,24.3,307.4,0
1648.0,90.0,0.0,301.4,30.7,310.6,0
1496.0,104.0,0.0,299.1,45.0,310.2,0
1492.0,20.0,0.0,300.8,40.6,311.4,0
1643.0,44.0,0.0,301.6,34.1,310.9,0
1628.0,80.0,0.0,297.3,30.2,307.9,0
2165.0,143.0,0.0,301.3,17.4,310.9,0
1492.0,222.0,2.0,296.8,43.7,308.1,0
1412.0,85.0,0.0,297.9,44.5,307.9,0
1477.0,184.0,0.0,302.1,41.4,310.9,0
1577.0,112.0,1.0,302.2,29.8,311.3,0
1421.0,119.0,1.0,298.4,60.7,308.7,1
1559.0,119.0,1.0,302.3,33.9,310.7,0
1583.0,176.0,0.0,299.4,34.1,308.9,0
1577.0,100.0,0.0,300.7,33.2,312.3,0
2207.0,43.0,2.0,301.1,16.6,311.3,0
1494.0,142.0,0.0,301.4,41.9,311.1,0
1572.0,139.0,1.0,299.7,38.0,310.6,0
1612.0,131.0,0.0,295.6,31.2,306.2,0
1510.0,155.0,1.0,297.5,35.5,308.6,0
2033.0,128.0,1.0,297.5,16.7,308.0,0
1306.0,215.0,0.0,303.4,61.0,311.8,1
1540.0,75.0,2.0,296.4,37.4,307.3,0
1616.0,19.0,0.0,302.2,34.0,311.5,0
1597.0,213.0,0.0,298.6,35.9,309.8,0
1507.0,94.0,0.0,297.7,38.2,309.0,0
1435.0,149.0,1.0,302.3,43.1,311.1,0
1481.0,132.0,0.0,300.6,40.9,312.0,0
1401.0,65.0,0.0,298.0,54.7,308.0,0
1552.0,23.0,0.0,300.3,38.9,311.5,0
1363.0,29.0,0.0,303.2,46.7,311.2,1
1398.0,19.0,0.0,302.7,57.7,310.7,0
1477.0,195.0,0.0,300.0,34.6,310.1,0
1432.0,138.0,0.0,301.8,43.7,309.6,0
1503.0,124.0,0.0,297.9,40.7,307.6,0
1577.0,5.0,2.0,297.9,34.7,309.2,0
1542.0,203.0,1.0,299.3,37.5,308.4,1
1684.0,72.0,1.0,296.4,31.4,307.5,0
1358.0,139.0,1.0,302.5,52.7,311.5,0
1353.0,38.0,0.0,298.2,54.1,308.6,0
1500.0,30.0,1.0,299.0,40.2,308.7,0
1418.0,129.0,0.0,301.6,43.9,310.6,0
1366.0,200.0,0.0,303.4,50.9,311.8,1
1712.0,43.0,1.0,295.7,28.5,306.3,0
1370.0,162.0,1.0,297.7,53.4,308.2,0
1583.0,171.0,0.0,302.0,35.2,310.6,0
1417.0,185.0,1.0,301.7,45.2,310.6,0
1544.0,159.0,0.0,298.7,35.2,308.5,0
1574.0,63.0,0.0,302.5,33.8,312.0,0
1286.0,0.0,1.0,296.7,60.5,307.8,0
1635.0,47.0,0.0,298.8,35.2,308.7,0
1543.0,37.0,0.0,300.4,38.9,309.5,0
1393.0,79.0,1.0,298.0,55.9,309.0,0
1894.0,106.0,0.0,299.1,20.1,310.1,0
1326.0,114.0,0.0,303.5,55.7,312.1,0
1412.0,142.0,0.0,300.0,52.4,310.5,0
1519.0,55.0,0.0,300.7,43.9,310.8,0
1501.0,192.0,0.0,301.3,41.6,310.4,0
1558.0,204.0,0.0,301.2,34.1,311.2,0
1467.0,32.0,0.0,301.9,39.3,310.6,0
1365.0,111.0,0.0,298.7,50.5,309.8,0
1558.0,168.0,0.0,300.0,29.7,309.3,0
1532.0,2.0,2.0,301.3,36.3,310.0,0
1817.0,125.0,1.0,303.4,24.7,311.5,0
2098.0,148.0,0.0,298.8,19.6,310.0,0
1878.0,24.0,0.0,300.7,24.3,311.2,0
1465.0,60.0,0.0,303.5,48.7,311.6,0
1463.0,66.0,2.0,298.6,39.1,309.7,0
1468.0,94.0,0.0,297.4,46.6,308.7,0
1866.0,159.0,1.0,302.1,23.1,311.5,0
1484.0,124.0,0.0,298.9,43.8,310.3,0
1236.0,12.0,1.0,300.3,57.5,311.7,0
1692.0,201.0,1.0,299.4,28.4,309.3,0
1545.0,90.0,0.0,298.3,36.3,310.1,0
1458.0,151.0,2.0,295.7,49.8,306.2,0
1574.0,113.0,1.0,299.8,31.8,310.6,0
1496.0,12.0,0.0,297.6,39.2,307.1,0
1665.0,32.0,1.0,300.3,31.4,309.5,0
1486.0,86.0,0.0,298.3,42.3,308.0,0
1378.0,193.0,0.0,300.2,43.9,310.2,0
1313.0,67.0,0.0,298.2,67.3,307.9,1
1442.0,233.0,0.0,301.8,45.3,309.7,1
1418.0,116.0,2.0,301.8,51.3,309.9,0
1456.0,118.0,0.0,298.9,44.1,310.3,0
1503.0,144.0,0.0,297.5,40.6,309.4,0
1748.0,175.0,2.0,303.8,25.1,312.5,0
1925.0,9.0,2.0,300.7,20.5,309.6,0
1392.0,94.0,1.0,303.0,42.9,312.6,0
1541.0,98.0,0.0,296.5,38.5,307.6,0
1603.0,17.0,0.0,300.7,34.1,311.8,0
1512.0,49.0,2.0,300.9,41.2,310.5,0
1698.0,103.0,0.0,299.8,28.3,310.4,0
1474.0,189.0,0.0,298.5,41.3,309.1,0
1539.0,134.0,1.0,297.4,42.2,309.4,0
1572.0,202.0,2.0,298.7,35.6,308.5,0
1967.0,50.0,0.0,302.5,20.3,310.4,0
1662.0,76.0,1.0,298.1,28.9,307.9,0
1546.0,71.0,1.0,302.3,40.0,311.2,0
1589.0,37.0,2.0,300.1,37.9,311.6,0
1435.0,83.0,1.0,302.4,42.3,310.9,0
1566.0,76.0,1.0,297.4,31.4,308.5,0
1526.0,57.0,0.0,297.6,42.1,308.6,0
1469.0,126.0,2.0,300.9,43.4,309.5,0
1671.0,163.0,1.0,303.7,30.5,312.6,0
1595.0,35.0,0.0,302.5,29.5,311.6,0
1597.0,50.0,0.0,301.9,36.9,310.9,0
1428.0,176.0,0.0,301.4,53.7,310.7,0
1898.0,60.0,0.0,300.7,24.0,312.3,0
1497.0,144.0,1.0,297.4,41.8,309.0,0
1352.0,171.0,1.0,297.5,53.0,308.7,0
2384.0,19.0,0.0,298.9,15.0,308.2,0
1388.0,123.0,0.0,299.3,45.5,309.1,0
2102.0,91.0,2.0,302.9,17.8,311.2,0
1469.0,179.0,2.0,301.3,39.7,310.1,0
1432.0,2.0,0.0,300.6,39.2,311.7,0
1386.0,100.0,2.0,296.6,62.3,307.7,1
1610.0,152.0,0.0,302.6,39.2,311.0,0
2710.0,143.0,1.0,301.0,9.7,312.2,1
1565.0,183.0,0.0,301.1,52.3,311.0,0
1657.0,70.0,1.0,299.0,31.0,310.3,0
1506.0,204.0,2.0,302.4,40.8,311.2,0
1544.0,109.0,1.0,296.9,37.6,307.8,0
1674.0,54.0,2.0,297.5,30.0,308.3,0
1528.0,76.0,1.0,300.3,40.9,311.5,0
1509.0,175.0,2.0,302.9,46.8,312.3,0
1512.0,51.0,2.0,298.4,35.3,309.4,0
1892.0,34.0,0.0,299.1,25.2,308.3,0
1410.0,23.0,0.0,297.3,48.1,308.3,0
1507.0,207.0,1.0,298.8,42.3,308.6,0
1571.0,201.0,0.0,302.5,34.2,311.1,0
1576.0,171.0,0.0,298.3,33.8,307.7,0
1579.0,126.0,0.0,298.5,38.6,309.5,0
1663.0,208.0,1.0,299.8,35.2,309.3,0
1331.0,13.0,0.0,298.1,63.0,308.3,0
1439.0,81.0,1.0,298.8,45.8,309.7,0
1452.0,72.0,0.0,297.5,39.0,308.6,0
1520.0,171.0,1.0,297.3,42.4,308.5,0
1389.0,64.0,0.0,299.1,61.4,310.5,0
1303.0,52.0,1.0,298.1,53.9,307.9,0
1459.0,59.0,0.0,297.3,39.4,308.4,0
1620.0,70.0,1.0,299.6,30.0,310.2,0
1871.0,132.0,2.0,301.9,26.0,311.0,0
1663.0,7.0,2.0,297.9,28.7,307.3,0
1419.0,137.0,1.0,300.3,42.5,309.6,0
1482.0,47.0,0.0,300.8,39.0,310.5,0
1552.0,95.0,0.0,300.9,34.9,310.6,0
2305.0,42.0,1.0,301.9,16.1,310.9,0
1436.0,32.0,0.0,303.5,45.1,312.0,0
1711.0,17.0,1.0,299.1,28.1,310.2,0
1524.0,204.0,1.0,302.6,33.7,310.5,0
1618.0,31.0,0.0,298.0,35.2,307.5,0
1448.0,107.0,2.0,300.4,39.7,309.8,0
1391.0,185.0,0.0,299.4,46.6,309.3,0
1575.0,137.0,0.0,298.2,35.0,307.8,0
1884.0,163.0,0.0,301.9,23.4,310.4,0
1873.0,87.0,2.0,302.6,21.3,310.2,0
1585.0,89.0,0.0,298.5,32.2,309.6,0
1335.0,39.0,0.0,297.2,53.0,308.6,0
1452.0,106.0,1.0,299.9,41.9,309.3,0
1429.0,191.0,1.0,302.5,43.2,310.4,0
1367.0,113.0,0.0,298.1,41.9,308.9,0
1437.0,183.0,0.0,299.1,41.6,308.6,0
1684.0,167.0,1.0,303.8,29.3,312.6,0
1451.0,168.0,0.0,299.4,40.5,308.9,0
1627.0,117.0,2.0,296.8,30.5,307.8,0
1543.0,209.0,0.0,300.4,38.1,309.6,0
1611.0,70.0,0.0,301.1,35.2,310.6,0
1504.0,204.0,0.0,302.8,40.3,312.3,0
1575.0,150.0,1.0,301.0,34.6,310.9,0
1459.0,146.0,0.0,298.0,42.1,308.2,0
1551.0,20.0,1.0,302.9,40.0,312.5,0
1533.0,189.0,1.0,298.1,36.1,309.0,0
1429.0,129.0,1.0,297.5,50.5,308.6,0
1568.0,0.0,0.0,304.4,39.1,313.6,0
1646.0,192.0,0.0,296.3,35.0,307.2,0
1460.0,101.0,0.0,298.3,47.6,310.0,0
1418.0,197.0,2.0,299.7,46.6,310.8,0
1452.0,44.0,1.0,297.3,38.2,308.2,0
1405.0,192.0,1.0,299.7,47.6,310.8,0
1488.0,57.0,1.0,302.2,44.2,310.9,0
1409.0,166.0,0.0,298.4,43.1,309.3,0
1431.0,97.0,0.0,298.8,45.7,308.6,0
1404.0,71.0,0.0,301.0,41.8,310.9,0
1678.0,63.0,1.0,300.8,28.1,310.9,0
1693.0,35.0,1.0,297.9,29.9,309.8,0
1368.0,21.0,0.0,300.8,46.8,310.4,0
1691.0,67.0,1.0,300.5,27.6,309.5,0
1384.0,11.0,0.0,299.6,49.8,310.1,0
1388.0,183.0,0.0,302.0,51.4,309.9,0
1648.0,197.0,0.0,302.3,32.1,311.7,0
1487.0,183.0,1.0,298.7,33.6,309.5,0
1497.0,58.0,0.0,303.4,42.8,311.6,0
1561.0,180.0,0.0,302.3,37.2,311.0,0
1482.0,16.0,2.0,302.2,42.6,311.5,0
1980.0,137.0,0.0,303.0,20.2,311.1,0
1715.0,192.0,0.0,299.7,27.8,309.1,0
1907.0,125.0,1.0,297.5,23.5,308.1,0
1781.0,70.0,2.0,300.0,24.9,309.5,0
1725.0,177.0,1.0,304.1,28.3,313.3,0
1389.0,186.0,2.0,300.7,46.5,311.9,0
1357.0,104.0,1.0,297.6,49.7,308.8,0
1773.0,169.0,0.0,297.1,23.8,308.3,0
1699.0,40.0,1.0,297.5,30.1,308.5,0
1309.0,119.0,0.0,298.9,56.2,309.9,0
1457.0,61.0,0.0,300.7,51.4,311.2,0
1435.0,224.0,0.0,301.5,38.5,310.7,0
1447.0,47.0,0.0,301.7,56.9,310.6,0
1551.0,82.0,1.0,299.7,35.4,308.9,0
1458.0,25.0,0.0,303.8,42.2,313.1,0
1578.0,34.0,1.0,300.5,30.5,309.3,0
1524.0,86.0,1.0,302.5,34.8,311.9,0
1520.0,146.0,0.0,300.7,45.9,310.6,0
1356.0,119.0,0.0,301.9,45.7,311.0,0
1459.0,87.0,1.0,301.4,35.0,310.6,0
2004.0,12.0,0.0,300.3,19.6,311.8,0
1863.0,110.0,1.0,297.2,26.0,308.4,0
1668.0,5.0,0.0,297.7,37.8,307.2,0
1642.0,37.0,1.0,300.2,31.2,309.0,0
1844.0,44.0,1.0,298.0,23.8,307.6,0
1702.0,32.0,1.0,300.9,29.3,310.5,0
1320.0,134.0,1.0,299.8,61.7,309.7,0
1332.0,100.0,0.0,298.2,44.4,308.9,0
1630.0,183.0,0.0,302.3,35.6,311.1,0
1445.0,83.0,0.0,300.5,44.8,311.7,0
1332.0,148.0,2.0,299.1,48.0,310.6,0
1314.0,19.0,2.0,298.0,47.8,307.8,0
1415.0,82.0,1.0,304.0,52.8,313.3,0
1496.0,27.0,0.0,300.0,38.8,309.6,0
1335.0,48.0,1.0,296.3,50.5,307.4,0
1536.0,201.0,2.0,301.4,39.9,310.5,0
1833.0,161.0,0.0,297.4,22.6,309.0,0
1570.0,138.0,1.0,300.2,35.3,311.4,0
1396.0,5.0,1.0,301.2,47.4,310.8,0
1463.0,113.0,2.0,300.1,45.1,309.6,0
1607.0,39.0,1.0,298.2,31.9,308.8,0
1426.0,130.0,1.0,296.9,50.7,307.8,0
1436.0,187.0,1.0,302.2,47.0,311.0,0
1464.0,65.0,0.0,301.1,35.3,312.3,0
1453.0,28.0,0.0,300.1,47.6,309.4,0
1442.0,49.0,0.0,300.7,43.2,310.7,0
1713.0,116.0,0.0,299.0,28.0,310.4,0
1528.0,221.0,0.0,300.5,37.0,309.3,0
1574.0,128.0,1.0,298.9,33.5,308.6,0
1587.0,166.0,0.0,297.5,34.9,308.8,0
1479.0,18.0,0.0,300.8,39.4,311.7,0
1432.0,68.0,1.0,302.3,42.7,311.2,0
1365.0,205.0,0.0,303.8,59.9,313.0,1
1520.0,89.0,2.0,298.0,37.9,309.2,0
1424.0,185.0,0.0,298.0,46.5,307.3,0
1647.0,74.0,0.0,299.1,35.0,308.5,0
1576.0,55.0,1.0,298.4,27.4,308.5,0
1638.0,17.0,0.0,302.6,35.1,311.8,0
1307.0,44.0,1.0,303.4,54.0,311.4,1
1319.0,141.0,0.0,297.6,50.9,308.7,0
1413.0,152.0,0.0,300.5,44.5,310.0,0
1369.0,214.0,1.0,297.3,52.0,308.1,0
1409.0,91.0,0.0,299.3,44.8,308.5,0
1565.0,194.0,1.0,296.5,43.5,307.4,0
1741.0,39.0,0.0,300.8,27.1,310.8,0
1694.0,195.0,0.0,298.7,28.7,308.4,0
1925.0,74.0,0.0,300.7,22.0,310.8,0
1606.0,53.0,2.0,298.2,39.9,308.8,0
1692.0,64.0,0.0,300.7,30.3,309.5,0
1469.0,63.0,2.0,297.4,45.1,308.5,0
1674.0,109.0,1.0,303.0,29.5,312.3,0
1655.0,170.0,2.0,303.8,28.0,312.5,0
1499.0,55.0,0.0,302.2,37.7,311.4,0
1619.0,186.0,0.0,300.1,33.4,311.1,0
1673.0,52.0,0.0,302.2,32.9,310.8,0
1728.0,125.0,0.0,300.5,26.3,310.8,0
1906.0,62.0,0.0,301.9,21.7,310.8,0
1575.0,105.0,0.0,298.3,41.2,308.5,0
1558.0,179.0,1.0,302.0,39.1,311.2,0
1917.0,54.0,0.0,297.2,24.1,308.6,0
1786.0,123.0,0.0,301.4,26.1,310.7,0
1490.0,6.0,0.0,297.9,46.2,308.0,0
1268.0,53.0,0.0,301.1,60.0,311.3,0
1583.0,230.0,0.0,298.9,32.6,310.3,0
1430.0,162.0,2.0,298.3,40.9,309.1,0
1727.0,213.0,0.0,302.4,26.5,311.8,0
1488.0,198.0,1.0,299.0,46.3,310.0,0
1409.0,43.0,1.0,296.9,50.7,308.0,0
1755.0,148.0,0.0,300.9,27.9,310.9,0
1401.0,114.0,0.0,300.6,42.6,310.4,0
1416.0,110.0,1.0,300.5,48.5,309.8,0
1620.0,141.0,0.0,303.5,31.0,311.7,0
1392.0,178.0,1.0,297.6,41.2,308.7,0
1484.0,182.0,1.0,299.9,42.1,310.0,0
1354.0,46.0,2.0,297.6,55.6,309.0,0
1372.0,30.0,1.0,298.9,63.6,308.2,1
1437.0,95.0,0.0,298.1,36.2,309.0,0
1462.0,37.0,1.0,295.7,44.3,306.3,0
1682.0,58.0,1.0,298.0,33.0,308.5,0
1864.0,47.0,2.0,300.7,23.6,311.7,0
1496.0,190.0,0.0,297.1,45.8,308.3,0
1479.0,173.0,0.0,299.9,46.3,310.2,0
1376.0,215.0,0.0,299.4,53.9,310.8,1
1619.0,129.0,0.0,297.3,31.6,308.7,0
1548.0,111.0,0.0,298.0,45.8,307.6,0
1706.0,170.0,0.0,301.4,27.9,310.7,0
1542.0,184.0,1.0,297.3,37.0,308.7,0
1303.0,75.0,1.0,297.9,59.3,307.8,0
1570.0,31.0,0.0,300.3,34.0,309.9,0
1542.0,28.0,2.0,296.2,40.6,307.0,0
1639.0,121.0,1.0,302.3,36.6,311.7,0
1595.0,112.0,2.0,302.5,34.6,311.9,0
1387.0,4.0,0.0,299.2,48.7,309.1,0
1652.0,63.0,0.0,298.1,28.5,308.0,0
1695.0,174.0,0.0,298.3,30.7,308.9,0
1500.0,89.0,1.0,300.2,45.7,309.5,0
1335.0,113.0,1.0,297.4,57.9,308.3,0
1531.0,62.0,2.0,299.6,36.8,310.1,0
1568.0,111.0,0.0,295.8,35.1,306.5,0
1818.0,102.0,0.0,299.3,26.0,310.5,0
1362.0,206.0,0.0,300.3,60.3,310.3,1
1308.0,197.0,0.0,302.0,57.6,309.9,1
1291.0,137.0,2.0,301.9,63.6,311.0,0
2008.0,178.0,1.0,299.1,20.3,308.7,0
1680.0,140.0,0.0,300.1,33.8,309.7,0
1284.0,94.0,0.0,303.5,70.6,312.4,1
1402.0,58.0,0.0,299.5,51.7,309.9,0
1404.0,64.0,0.0,298.7,47.1,309.9,0
1480.0,77.0,1.0,300.1,37.1,310.4,0
1436.0,8.0,0.0,301.1,45.3,310.7,0
1550.0,96.0,1.0,300.6,40.2,309.5,0
1703.0,85.0,0.0,300.0,30.4,311.3,0
1523.0,137.0,0.0,297.6,39.5,308.3,0
1621.0,36.0,0.0,300.3,34.1,309.9,0
1384.0,159.0,0.0,300.4,45.1,309.7,0
1524.0,170.0,2.0,298.8,37.7,308.6,0
1329.0,166.0,0.0,298.3,49.2,308.4,0
1488.0,160.0,1.0,302.5,41.8,310.3,0
1486.0,69.0,0.0,300.0,41.8,310.0,0
1330.0,200.0,1.0,302.9,53.7,311.2,1
1494.0,149.0,0.0,302.7,41.4,311.5,0
1537.0,123.0,0.0,298.3,43.0,309.1,0
1254.0,124.0,0.0,299.9,61.3,309.6,0
1548.0,75.0,1.0,303.3,33.5,311.8,0
1535.0,113.0,0.0,300.7,37.1,310.9,0
1559.0,220.0,2.0,300.8,40.1,310.5,0
1404.0,57.0,0.0,302.4,52.0,311.2,0
1496.0,104.0,2.0,298.1,44.1,307.6,0
1547.0,81.0,1.0,301.1,35.8,310.5,0
1168.0,172.0,1.0,296.2,63.4,307.2,0
1498.0,88.0,0.0,299.2,41.1,310.6,0
1459.0,207.0,1.0,297.3,59.6,308.3,1
1497.0,234.0,0.0,303.3,46.0,311.4,1
1550.0,159.0,0.0,301.4,36.8,310.6,0
2833.0,213.0,0.0,296.4,5.6,307.4,1
1665.0,20.0,0.0,298.1,29.6,308.5,0
1527.0,2.0,0.0,300.3,41.4,309.9,0
1526.0,135.0,1.0,299.2,37.3,308.5,0
1366.0,206.0,0.0,302.0,47.7,310.6,0
1465.0,139.0,1.0,300.8,43.7,312.4,0
1427.0,179.0,0.0,302.5,46.8,310.4,0
1579.0,123.0,0.0,298.4,36.1,309.1,0
1346.0,134.0,1.0,302.2,49.2,310.6,1
1490.0,53.0,2.0,298.0,40.5,309.4,0
1443.0,178.0,1.0,302.4,51.8,311.1,0
1420.0,171.0,1.0,297.9,47.8,307.3,0
1509.0,175.0,0.0,299.4,40.6,310.4,0
1657.0,129.0,0.0,299.1,31.0,310.4,0
1558.0,0.0,0.0,301.0,32.6,310.1,0
1505.0,209.0,0.0,297.4,39.2,309.0,0
1555.0,197.0,0.0,298.7,32.6,310.0,0
1600.0,190.0,1.0,297.4,42.1,308.5,0
1464.0,74.0,0.0,298.7,38.0,309.9,0
1472.0,125.0,1.0,298.8,47.5,309.1,0
1280.0,19.0,1.0,297.5,48.5,308.9,0
1560.0,186.0,0.0,296.3,33.2,307.1,0
1497.0,57.0,1.0,296.9,44.8,308.0,0
1413.0,86.0,0.0,299.1,42.1,308.8,0
1433.0,86.0,0.0,301.4,43.4,310.4,0
1540.0,176.0,1.0,297.5,38.5,309.1,0
1301.0,42.0,0.0,298.5,66.3,308.2,1
1469.0,133.0,0.0,301.4,36.9,311.1,0
1416.0,210.0,1.0,296.4,50.0,307.4,0
1601.0,43.0,0.0,298.2,35.8,309.0,0
1592.0,200.0,0.0,299.0,35.0,309.1,0
1396.0,142.0,0.0,300.4,49.3,310.8,0
1528.0,160.0,0.0,297.5,39.9,308.4,0
1487.0,175.0,1.0,302.5,46.1,312.0,0
1590.0,43.0,0.0,301.4,36.3,310.7,0
1616.0,121.0,0.0,301.4,36.5,310.7,0
1528.0,185.0,0.0,300.6,43.9,311.7,0
1517.0,50.0,0.0,298.1,40.8,307.9,0
1624.0,160.0,0.0,298.5,29.8,308.0,0
1470.0,119.0,1.0,299.8,42.7,309.3,0
1855.0,178.0,1.0,301.4,25.3,310.6,0
1783.0,190.0,1.0,302.0,23.1,310.8,0
1477.0,83.0,0.0,299.7,40.4,310.9,0
1602.0,211.0,0.0,298.8,39.1,310.6,0
1510.0,91.0,1.0,302.2,36.6,311.3,0
1500.0,122.0,0.0,300.7,44.1,309.6,0
1499.0,147.0,2.0,297.3,37.6,308.6,0
1499.0,111.0,0.0,300.9,38.0,311.0,0
1585.0,149.0,2.0,299.4,31.4,310.8,0
1398.0,109.0,0.0,301.7,46.0,309.8,0
1373.0,55.0,0.0,297.6,50.6,309.5,0
1427.0,141.0,0.0,300.9,44.1,310.7,0
1514.0,100.0,0.0,296.9,35.7,307.6,0
1484.0,59.0,0.0,298.1,40.4,308.1,0
1458.0,137.0,1.0,298.7,40.2,309.9,0
1492.0,89.0,1.0,303.5,46.1,313.0,0
1547.0,152.0,0.0,301.0,34.5,311.7,0
1438.0,60.0,2.0,298.1,41.4,309.0,0
1650.0,35.0,0.0,295.6,28.2,306.2,0
1355.0,115.0,0.0,298.2,59.4,307.8,0
1668.0,183.0,2.0,300.9,28.9,311.3,0
1922.0,205.0,0.0,299.6,23.3,310.7,1
1864.0,103.0,0.0,297.2,23.6,308.6,0
1517.0,105.0,1.0,299.8,41.2,311.3,0
1619.0,92.0,0.0,303.7,34.9,312.2,0
1594.0,69.0,1.0,303.8,35.2,312.9,0
1609.0,177.0,0.0,300.3,34.0,311.9,0
1447.0,11.0,0.0,302.1,50.3,311.2,0
1314.0,160.0,0.0,300.4,59.5,311.7,0
1666.0,198.0,1.0,298.0,31.0,308.5,0
1437.0,42.0,0.0,303.7,51.3,312.8,0
1522.0,33.0,1.0,297.4,38.0,308.6,0
1789.0,163.0,0.0,303.9,24.4,312.7,0
1300.0,36.0,1.0,301.7,62.7,310.9,0
1694.0,40.0,0.0,303.5,27.3,312.7,0
1379.0,85.0,0.0,299.5,50.4,310.0,0
1509.0,153.0,0.0,300.5,33.0,310.8,0
1352.0,12.0,0.0,297.5,52.6,308.6,0
1384.0,218.0,0.0,299.3,53.6,308.6,1
1976.0,158.0,1.0,298.1,19.3,309.0,0
1432.0,61.0,2.0,300.3,47.7,311.7,0
1515.0,179.0,0.0,298.4,40.1,308.4,0
1441.0,195.0,0.0,297.2,40.0,307.9,0
1434.0,127.0,0.0,299.7,38.5,309.3,0
1434.0,78.0,0.0,303.4,44.6,311.9,0
1608.0,81.0,1.0,302.1,30.3,310.7,0
1442.0,0.0,1.0,297.6,48.1,309.2,0
1459.0,163.0,1.0,298.0,44.4,307.6,0
1480.0,107.0,0.0,299.3,45.1,310.6,0
1345.0,67.0,1.0,302.3,47.6,311.4,0
1619.0,242.0,0.0,299.1,31.1,310.3,0
2203.0,169.0,0.0,301.4,16.6,310.3,0
1446.0,211.0,0.0,302.7,40.9,310.5,1
1460.0,74.0,1.0,301.0,53.6,310.6,0
1557.0,2.0,0.0,301.7,39.4,310.9,0
1360.0,69.0,1.0,298.7,52.9,308.5,0
1433.0,116.0,0.0,297.4,43.4,308.7,0
1543.0,203.0,0.0,300.7,47.3,310.4,0
1447.0,140.0,1.0,301.5,41.9,310.6,0
1289.0,185.0,1.0,299.3,51.5,308.7,0
1556.0,122.0,0.0,300.6,37.7,310.4,0
1495.0,0.0,2.0,304.0,46.6,312.9,0
1408.0,135.0,0.0,301.1,46.3,311.7,0
1605.0,107.0,0.0,299.2,34.3,309.1,0
1435.0,66.0,1.0,301.7,48.0,310.9,0
1425.0,133.0,0.0,299.6,45.9,309.2,0
1667.0,75.0,0.0,300.2,29.9,309.2,0
1339.0,145.0,1.0,302.9,52.1,312.3,0
1665.0,0.0,0.0,301.3,31.4,310.0,0
1540.0,164.0,0.0,297.2,37.1,307.9,0
1555.0,104.0,0.0,299.1,36.6,308.6,0
1585.0,78.0,0.0,298.2,34.6,307.8,0
1892.0,96.0,0.0,299.0,22.8,308.7,0
1674.0,49.0,2.0,301.4,33.6,310.6,0
1544.0,136.0,1.0,297.5,37.9,307.9,0
1450.0,56.0,0.0,302.4,44.1,311.4,0
1623.0,9.0,1.0,302.0,34.3,310.6,0
1548.0,87.0,1.0,301.2,38.3,312.3,0
1827.0,103.0,0.0,303.6,23.3,312.0,0
1417.0,65.0,1.0,298.1,39.2,308.9,0
1441.0,96.0,0.0,300.4,44.6,311.5,0
1561.0,48.0,0.0,300.7,33.2,310.5,0
1605.0,220.0,0.0,301.7,33.3,310.7,0
2089.0,111.0,1.0,297.7,19.1,308.8,0
1439.0,9.0,2.0,299.4,49.7,309.3,0
1521.0,99.0,0.0,301.1,41.0,310.8,0
1709.0,118.0,0.0,296.8,28.4,307.9,0
1443.0,70.0,0.0,298.1,45.3,309.3,0
1595.0,103.0,1.0,298.3,29.0,309.4,0
1524.0,124.0,2.0,301.5,40.4,310.9,0
2049.0,111.0,1.0,299.0,19.5,310.0,0
1350.0,111.0,0.0,298.8,52.5,309.1,0
1883.0,190.0,0.0,304.1,24.5,313.3,0
1520.0,154.0,0.0,302.5,41.2,310.5,0
1713.0,13.0,0.0,296.9,29.3,308.0,0
1323.0,178.0,0.0,300.8,61.1,311.8,0
1775.0,125.0,0.0,299.3,24.2,309.2,0
1723.0,33.0,0.0,297.4,28.8,308.3,0
1356.0,132.0,0.0,300.2,53.5,311.6,0
1553.0,88.0,0.0,299.9,40.0,309.0,0
2270.0,149.0,0.0,295.7,14.6,306.2,1
1416.0,209.0,0.0,300.7,61.8,310.4,1
1582.0,68.0,0.0,297.4,37.2,308.4,0
1309.0,167.0,0.0,297.2,49.6,307.9,0
1939.0,204.0,1.0,299.4,19.8,309.0,0
1368.0,185.0,0.0,296.6,45.1,307.4,0
1924.0,181.0,1.0,301.6,23.6,310.6,0
1499.0,197.0,1.0,303.4,39.4,312.1,0
1420.0,167.0,1.0,301.0,47.4,311.1,0
1546.0,149.0,1.0,303.7,33.7,312.4,0
1553.0,2.0,0.0,297.3,33.5,308.2,0
1418.0,59.0,1.0,301.3,45.4,310.8,0
1312.0,151.0,1.0,300.3,53.4,311.6,0
1407.0,138.0,1.0,300.0,43.9,309.3,0
1471.0,119.0,0.0,298.5,44.7,309.3,0
1499.0,8.0,0.0,300.5,45.2,310.6,0
1508.0,59.0,0.0,300.7,39.9,309.5,0
1827.0,153.0,2.0,298.4,24.3,308.5,0
1543.0,8.0,1.0,297.8,43.7,307.8,0
1514.0,128.0,1.0,298.4,38.8,309.5,0
1573.0,205.0,0.0,297.4,34.5,308.4,0
1643.0,142.0,0.0,303.3,30.7,312.7,0
1580.0,66.0,0.0,297.4,41.2,308.4,0
1330.0,183.0,1.0,297.8,51.7,307.4,0
1384.0,93.0,0.0,299.2,48.7,310.5,0
1644.0,186.0,0.0,301.5,34.9,310.5,0
1440.0,188.0,2.0,299.2,39.1,308.8,0
1443.0,175.0,1.0,302.3,43.4,311.8,0
1751.0,90.0,1.0,302.5,30.5,310.2,0
1816.0,138.0,1.0,298.3,22.6,309.4,0
1639.0,191.0,1.0,298.2,33.3,308.3,0
1942.0,176.0,0.0,298.3,20.6,307.6,0
1408.0,202.0,0.0,301.0,47.0,310.5,0
1584.0,143.0,2.0,303.5,32.7,311.7,0
1354.0,16.0,0.0,296.9,44.4,307.5,0
1331.0,143.0,0.0,300.2,49.8,311.4,0
1591.0,171.0,0.0,302.3,32.7,311.0,0
1693.0,188.0,0.0,297.2,28.0,308.3,0
1621.0,108.0,1.0,301.1,31.0,310.7,0
1456.0,35.0,0.0,301.8,46.6,310.8,0
1578.0,120.0,0.0,301.5,34.1,310.6,0
1987.0,200.0,0.0,302.2,19.9,311.4,0
1449.0,16.0,2.0,298.6,42.5,309.6,0
1479.0,105.0,0.0,302.6,40.4,310.3,0
1923.0,18.0,0.0,302.6,21.5,310.2,0
1799.0,54.0,0.0,301.9,24.2,310.9,0
1538.0,208.0,0.0,302.5,36.8,311.1,0
1416.0,66.0,2.0,300.4,43.3,309.6,0
1469.0,189.0,1.0,298.9,53.2,310.1,0
1557.0,174.0,1.0,301.4,39.3,310.9,0
1511.0,75.0,0.0,302.3,34.7,311.4,0
1847.0,212.0,1.0,303.1,24.7,311.3,0
1509.0,172.0,0.0,300.8,33.4,311.1,0
1650.0,138.0,0.0,298.1,34.1,307.7,0
1430.0,131.0,1.0,300.7,47.2,312.3,0
1585.0,202.0,1.0,304.3,32.1,313.6,0
1454.0,19.0,1.0,300.1,44.4,309.2,0
1696.0,133.0,0.0,297.5,30.9,308.9,0
1677.0,130.0,2.0,300.3,30.1,309.9,0
1396.0,0.0,0.0,299.0,48.6,308.7,0
1541.0,165.0,1.0,297.6,33.7,309.7,0
1477.0,127.0,0.0,297.5,39.0,308.8,0
1388.0,137.0,0.0,298.2,53.8,308.4,0
1566.0,7.0,0.0,304.1,37.2,313.0,0
1525.0,204.0,0.0,301.5,41.9,310.6,0
1413.0,113.0,0.0,298.1,54.1,307.8,0
1434.0,89.0,0.0,300.8,44.5,310.5,0
1471.0,39.0,0.0,300.6,41.4,311.8,0
1362.0,213.0,0.0,297.0,52.5,308.1,1
1840.0,202.0,0.0,301.8,26.6,311.2,0
1477.0,177.0,0.0,297.1,36.6,307.8,0
1541.0,17.0,0.0,300.9,39.1,310.4,0
1270.0,44.0,0.0,298.3,52.7,308.9,0
1889.0,148.0,0.0,302.9,22.8,312.3,0
1332.0,111.0,0.0,300.4,54.6,311.6,0
1925.0,7.0,0.0,298.6,22.1,309.7,0
1506.0,154.0,2.0,303.8,46.9,313.2,0
1472.0,126.0,0.0,300.6,44.2,311.9,0
1378.0,64.0,0.0,300.3,47.5,311.5,0
1404.0,32.0,0.0,298.5,48.1,308.0,0
1742.0,13.0,0.0,297.6,27.7,308.3,0
1578.0,34.0,0.0,300.7,35.4,309.5,0
1543.0,73.0,1.0,298.1,41.9,308.0,0
1659.0,44.0,1.0,299.5,31.5,310.1,0
1826.0,203.0,1.0,302.5,25.3,312.0,0
1455.0,147.0,1.0,297.5,46.1,308.8,0
1400.0,34.0,0.0,297.8,56.9,309.2,0
1456.0,80.0,1.0,298.1,43.7,308.1,0
1527.0,159.0,1.0,303.8,41.9,312.6,0
1443.0,151.0,1.0,300.8,53.3,312.0,0
1479.0,93.0,0.0,297.7,45.7,308.7,0
1421.0,165.0,1.0,297.1,42.0,308.4,0
1927.0,132.0,0.0,300.0,24.6,311.4,0
1363.0,57.0,0.0,299.9,60.9,309.4,0
1428.0,88.0,0.0,301.3,55.2,310.8,0
1444.0,123.0,0.0,300.0,43.6,309.2,0
1390.0,164.0,0.0,301.3,57.4,310.8,0
1606.0,134.0,0.0,299.0,31.1,310.4,0
1570.0,189.0,0.0,300.1,36.8,309.3,0
1730.0,135.0,0.0,302.7,28.1,311.1,0
1454.0,94.0,0.0,297.1,50.6,307.8,0
1393.0,45.0,0.0,297.9,40.6,308.9,0
1539.0,80.0,0.0,300.2,35.3,309.5,0
1518.0,142.0,2.0,300.7,40.1,310.8,0
1408.0,144.0,0.0,299.9,38.4,310.4,0
1496.0,154.0,0.0,300.4,31.8,309.9,0
1368.0,147.0,0.0,298.8,44.7,309.5,0
1476.0,173.0,0.0,301.0,43.6,310.4,0
1424.0,182.0,1.0,300.6,50.8,311.7,0
1690.0,108.0,0.0,299.5,29.2,309.2,0
1570.0,189.0,0.0,299.6,35.5,309.5,0
1328.0,12.0,1.0,298.6,50.5,310.2,0
1341.0,30.0,0.0,298.1,55.7,308.7,0
1400.0,210.0,0.0,299.8,42.6,309.2,0
1456.0,122.0,1.0,297.3,42.9,308.6,0
1569.0,174.0,0.0,295.6,40.4,306.0,0
1573.0,143.0,1.0,302.0,32.1,310.5,0
1423.0,186.0,0.0,302.4,46.2,311.0,0
1431.0,39.0,0.0,300.0,47.7,309.6,0
1462.0,75.0,0.0,300.8,41.4,311.3,0
1490.0,29.0,0.0,298.8,35.0,308.5,0
1664.0,173.0,0.0,299.8,28.3,311.2,0
1471.0,140.0,0.0,302.2,45.6,311.7,0
1615.0,95.0,1.0,301.2,34.9,310.7,0
1418.0,17.0,1.0,302.0,49.5,311.2,0
1724.0,133.0,0.0,301.0,28.1,309.6,0
1608.0,202.0,0.0,300.7,39.5,310.8,0
1646.0,106.0,0.0,300.5,29.5,312.0,0
1540.0,21.0,0.0,303.6,39.8,312.6,0
1446.0,225.0,0.0,301.9,43.2,309.6,0
1527.0,16.0,0.0,298.1,40.2,308.6,0
2012.0,115.0,0.0,304.0,21.1,313.0,0
1658.0,16.0,0.0,299.9,34.8,309.2,0
1527.0,144.0,0.0,301.7,42.2,311.0,0
1443.0,52.0,0.0,298.0,49.3,308.7,0
1730.0,209.0,1.0,300.5,27.5,311.9,0
1670.0,81.0,2.0,300.7,27.3,312.3,0
1738.0,58.0,0.0,301.8,28.0,310.1,0
2737.0,142.0,0.0,298.9,8.8,310.2,1
1497.0,231.0,0.0,296.8,41.7,308.0,0
1422.0,139.0,1.0,298.6,49.7,309.7,0
1391.0,101.0,0.0,303.6,50.3,312.0,0
1549.0,68.0,0.0,297.6,34.9,309.5,0
1502.0,181.0,1.0,297.1,37.3,308.4,0
1466.0,188.0,2.0,300.8,45.2,310.8,0
1505.0,93.0,1.0,298.3,41.3,309.0,0
1513.0,64.0,0.0,301.7,41.1,310.6,0
1498.0,25.0,0.0,300.5,42.9,312.0,0
1601.0,69.0,0.0,300.6,40.2,309.3,0
1634.0,12.0,0.0,298.8,27.9,308.3,0
1635.0,23.0,1.0,302.1,31.6,311.5,0
1394.0,179.0,0.0,299.0,45.1,309.1,0
1595.0,15.0,1.0,300.4,35.4,311.0,0
1642.0,104.0,1.0,303.3,33.6,312.7,0
1592.0,153.0,1.0,299.1,34.2,308.5,0
1426.0,213.0,0.0,299.4,45.7,310.7,0
1766.0,157.0,1.0,303.1,26.7,312.5,0
1394.0,206.0,0.0,297.8,42.9,309.7,0
1800.0,78.0,1.0,298.7,24.8,309.6,0
1484.0,198.0,2.0,300.4,38.0,310.1,0
1638.0,84.0,1.0,297.4,32.2,308.5,0
1761.0,49.0,1.0,298.5,27.2,309.3,0
1441.0,189.0,1.0,298.9,41.2,310.1,0
1553.0,90.0,2.0,299.1,32.6,308.8,0
1695.0,188.0,1.0,300.9,30.2,310.8,0
1470.0,197.0,0.0,297.5,38.8,309.3,0
1505.0,78.0,1.0,302.3,36.7,311.2,0
1535.0,51.0,1.0,297.4,34.6,308.3,0
2065.0,62.0,1.0,299.9,18.1,309.5,0
1504.0,48.0,0.0,299.0,34.3,310.4,0
1774.0,188.0,0.0,297.0,28.0,307.8,0
1573.0,57.0,0.0,301.2,32.8,311.0,0
1368.0,81.0,1.0,300.0,45.8,309.0,0
1398.0,171.0,0.0,302.3,43.3,312.0,0
1496.0,149.0,0.0,299.3,37.2,309.1,0
1534.0,31.0,0.0,302.6,34.3,312.3,0
1481.0,49.0,1.0,300.8,44.5,309.5,0
1405.0,77.0,1.0,300.3,49.4,309.5,0
1430.0,93.0,0.0,300.1,40.9,311.4,0
1744.0,0.0,2.0,299.0,31.5,310.2,0
1317.0,40.0,1.0,301.9,51.9,310.9,0
1767.0,20.0,0.0,300.2,26.4,311.6,0
1525.0,34.0,0.0,298.7,43.7,310.2,0
1708.0,77.0,0.0,301.7,30.5,311.3,0
1521.0,119.0,1.0,300.4,35.0,309.6,0
1924.0,36.0,1.0,300.8,22.4,310.7,0
1484.0,28.0,2.0,298.3,37.0,309.1,0
1566.0,82.0,0.0,301.3,33.1,310.9,0
1949.0,5.0,0.0,295.6,21.9,306.0,0
1459.0,87.0,1.0,299.3,35.6,308.7,0
1449.0,94.0,0.0,303.4,43.9,312.8,0
1399.0,111.0,0.0,303.1,49.2,311.2,0
1459.0,39.0,1.0,300.2,43.9,309.4,0
1397.0,48.0,0.0,301.4,42.3,311.3,0
1357.0,12.0,2.0,302.9,55.0,312.5,0
1467.0,218.0,0.0,299.1,47.2,308.9,0
1425.0,173.0,0.0,301.9,51.1,310.5,0
1498.0,176.0,1.0,299.8,38.1,311.1,0
1735.0,41.0,2.0,297.6,26.4,309.0,0
1422.0,63.0,1.0,303.4,39.9,312.9,0
1651.0,110.0,1.0,295.6,28.1,306.1,0
1573.0,123.0,1.0,297.4,33.9,308.8,0
1512.0,86.0,2.0,301.0,44.9,310.4,0
1597.0,153.0,0.0,302.7,39.8,312.1,0
2174.0,112.0,0.0,300.0,16.9,309.0,0
1584.0,215.0,0.0,297.1,36.8,308.1,0
1446.0,173.0,0.0,299.5,45.7,308.7,0
1470.0,191.0,0.0,297.5,43.5,309.0,0
1753.0,130.0,0.0,298.8,27.5,309.8,0
1516.0,48.0,1.0,301.7,40.4,310.8,0
1509.0,190.0,1.0,299.9,42.8,309.4,0
1382.0,201.0,0.0,296.2,52.0,307.2,0
1611.0,117.0,0.0,302.0,35.6,310.4,0
1720.0,174.0,1.0,297.7,25.6,308.2,0
1636.0,157.0,1.0,302.5,35.0,311.4,0
1398.0,0.0,0.0,298.8,51.5,308.9,0
1318.0,177.0,1.0,303.5,54.2,312.4,0
1370.0,199.0,1.0,297.3,58.8,308.1,0
1793.0,157.0,0.0,303.0,29.3,311.3,0
1536.0,120.0,0.0,298.0,37.3,309.6,0
1564.0,188.0,1.0,302.7,32.1,312.1,0
1441.0,61.0,1.0,303.3,44.9,311.8,0
1361.0,62.0,0.0,303.5,46.5,311.6,1
1408.0,28.0,0.0,304.1,45.3,313.0,0
1337.0,5.0,0.0,296.8,56.5,307.9,0
1379.0,149.0,0.0,298.2,62.3,308.1,0
1573.0,15.0,0.0,301.9,36.6,310.6,0
1305.0,44.0,1.0,299.3,60.6,308.5,0
1418.0,148.0,0.0,298.5,45.1,309.4,0
1510.0,141.0,0.0,302.3,38.7,311.7,0
1502.0,52.0,0.0,299.5,38.5,310.0,0
1747.0,188.0,1.0,297.2,29.0,307.9,0
1408.0,20.0,1.0,298.2,38.8,308.9,0
1873.0,211.0,0.0,299.5,22.3,310.8,0
1435.0,135.0,0.0,301.5,44.6,310.5,0
1580.0,90.0,0.0,303.4,35.8,312.2,0
1480.0,97.0,0.0,301.2,53.5,312.4,0
1413.0,121.0,0.0,296.8,46.5,307.9,0
1613.0,0.0,0.0,298.5,36.7,309.7,0
1622.0,217.0,0.0,299.4,33.6,310.8,0
1838.0,235.0,1.0,299.1,24.0,310.3,0
1566.0,41.0,1.0,303.3,46.1,311.3,0
1488.0,22.0,0.0,300.6,47.7,311.7,0
1813.0,210.0,1.0,301.6,24.6,310.7,0
1334.0,156.0,0.0,297.7,53.0,308.2,0
1516.0,53.0,0.0,301.2,44.4,310.4,0
1764.0,148.0,0.0,297.3,30.8,308.5,0
1493.0,206.0,0.0,301.0,37.8,310.6,1
1577.0,14.0,0.0,299.5,36.6,309.3,0
1430.0,2.0,2.0,297.5,49.4,308.8,0
1556.0,92.0,1.0,300.1,38.1,310.4,0
1425.0,49.0,2.0,298.1,44.5,309.1,0
1802.0,192.0,0.0,302.5,26.4,311.5,0
1477.0,164.0,0.0,300.8,37.3,312.0,0
1596.0,191.0,1.0,300.4,30.4,312.0,0
1752.0,52.0,1.0,297.8,26.1,307.4,0
1564.0,137.0,0.0,303.4,41.9,311.6,0
1910.0,37.0,1.0,301.0,21.9,310.9,0
1491.0,121.0,0.0,298.2,38.3,309.0,0
1429.0,176.0,0.0,301.6,43.6,310.7,0
1616.0,65.0,0.0,298.1,32.8,308.1,0
1392.0,201.0,0.0,300.2,47.9,310.1,0
1648.0,0.0,1.0,301.3,32.4,311.5,0
1690.0,189.0,1.0,303.4,34.9,311.7,0
1502.0,103.0,0.0,298.3,42.0,307.9,0
1627.0,78.0,1.0,301.7,31.3,310.7,0
1622.0,68.0,0.0,302.4,35.0,311.6,0
1378.0,95.0,0.0,301.2,59.0,312.4,0
1420.0,176.0,2.0,298.3,39.2,307.9,0
1346.0,90.0,0.0,301.3,46.7,310.4,0
1542.0,5.0,2.0,299.2,36.1,310.1,0
1477.0,138.0,1.0,298.8,48.5,309.7,0
1613.0,170.0,0.0,300.9,32.7,311.3,0
1390.0,156.0,0.0,297.4,47.7,307.9,0
1318.0,88.0,2.0,296.9,53.5,308.0,0
1561.0,156.0,0.0,301.6,35.3,310.4,0
1373.0,201.0,0.0,299.0,55.7,309.9,1
1504.0,42.0,1.0,302.1,37.5,310.8,0
1669.0,72.0,0.0,297.2,30.7,308.7,0
1620.0,196.0,0.0,299.9,31.1,309.3,0
1509.0,66.0,0.0,297.2,39.3,308.7,0
1771.0,54.0,1.0,302.2,27.6,310.9,0
1459.0,69.0,1.0,298.7,40.2,310.0,0
1605.0,160.0,0.0,300.3,37.1,311.1,0
1458.0,42.0,0.0,302.8,51.0,312.2,0
1509.0,12.0,0.0,300.9,37.5,310.7,0
1331.0,47.0,0.0,301.7,61.2,310.2,1
1560.0,180.0,0.0,299.9,38.9,309.2,0
1564.0,97.0,1.0,299.0,39.9,310.2,0
1452.0,167.0,1.0,299.8,44.3,311.1,0
1398.0,202.0,1.0,302.2,47.2,311.4,0
1471.0,67.0,1.0,299.6,44.3,309.1,0
1391.0,13.0,1.0,298.3,50.4,308.8,0
1362.0,113.0,0.0,298.8,45.4,309.1,0
1483.0,117.0,1.0,303.4,43.0,311.5,0
1392.0,10.0,1.0,302.0,60.5,310.6,0
1637.0,191.0,2.0,297.9,34.5,308.4,0
1450.0,68.0,1.0,300.2,38.5,311.4,0
1429.0,76.0,0.0,301.9,51.0,310.7,0
1348.0,36.0,1.0,300.7,62.5,311.6,0
1855.0,7.0,2.0,297.7,22.5,307.1,0
1750.0,207.0,0.0,300.5,28.3,311.9,0
1698.0,119.0,0.0,297.4,29.4,309.2,0
1523.0,55.0,0.0,298.8,44.4,308.8,0
1468.0,208.0,0.0,300.9,36.2,310.7,0
1686.0,35.0,1.0,298.1,29.3,308.0,0
1483.0,23.0,0.0,297.4,38.8,308.3,0
1601.0,109.0,0.0,301.0,33.0,312.2,0
1483.0,219.0,1.0,296.9,44.3,308.1,0
1427.0,8.0,2.0,300.3,56.2,311.6,0
1341.0,126.0,1.0,299.0,58.9,310.0,0
1329.0,186.0,1.0,300.2,53.6,309.4,0
1492.0,178.0,0.0,298.2,37.2,307.6,0
1542.0,42.0,0.0,298.6,48.4,309.2,0
1342.0,203.0,1.0,300.1,48.5,311.4,0
1467.0,153.0,0.0,301.2,37.1,310.9,0
1450.0,118.0,0.0,297.9,46.8,309.0,0
1452.0,98.0,1.0,298.8,48.6,309.2,0
1385.0,173.0,0.0,300.5,54.8,311.6,0
1480.0,2.0,2.0,303.6,50.7,312.4,0
1523.0,83.0,1.0,298.5,44.6,309.7,0
1484.0,73.0,1.0,298.9,37.9,310.1,0
1379.0,65.0,0.0,298.2,43.1,308.4,0
1649.0,9.0,0.0,302.2,33.2,311.2,0
1498.0,47.0,2.0,299.3,39.5,308.6,0
1359.0,81.0,1.0,300.3,54.1,311.6,0
1449.0,34.0,1.0,297.3,44.4,308.4,0
1385.0,195.0,0.0,301.6,50.7,310.9,0
1353.0,34.0,0.0,300.1,50.9,309.5,0
1501.0,86.0,0.0,297.2,38.5,308.7,0
1457.0,83.0,0.0,302.3,44.5,311.3,0
1685.0,15.0,1.0,297.5,28.1,308.4,0
1533.0,137.0,1.0,300.9,38.1,310.2,0
1405.0,113.0,1.0,297.8,46.9,307.5,0
1508.0,96.0,1.0,301.8,38.8,310.8,0
1382.0,134.0,0.0,300.5,46.5,309.9,0
1449.0,150.0,2.0,298.8,49.4,308.6,0
1494.0,14.0,0.0,297.3,38.2,308.3,0
2456.0,82.0,1.0,297.9,13.9,309.0,0
1436.0,26.0,0.0,298.2,49.1,308.7,0
1984.0,169.0,0.0,301.2,19.7,309.9,0
1568.0,25.0,0.0,304.2,37.6,313.4,0
1676.0,98.0,0.0,301.2,32.4,310.7,0
1377.0,124.0,0.0,300.7,49.9,311.0,0
1739.0,83.0,0.0,298.8,30.6,309.9,0
1855.0,43.0,1.0,302.3,23.9,311.4,0
1391.0,61.0,1.0,301.3,52.5,310.7,0
1818.0,14.0,0.0,300.4,25.1,310.5,0
1379.0,207.0,0.0,300.5,54.2,309.8,1
1461.0,68.0,0.0,298.0,48.0,308.5,0
1758.0,68.0,0.0,299.0,25.7,309.4,0
1234.0,152.0,1.0,301.4,55.8,311.0,0
1677.0,191.0,0.0,299.6,31.1,309.4,0
1399.0,174.0,0.0,301.7,53.2,310.5,0
1316.0,200.0,0.0,297.0,61.2,307.8,1
1436.0,28.0,0.0,299.2,41.8,308.4,0
1459.0,92.0,0.0,301.3,44.7,310.4,0
2151.0,173.0,0.0,300.1,17.5,309.7,0
1399.0,144.0,0.0,299.7,51.3,309.6,0
1461.0,0.0,0.0,300.7,49.9,309.5,0
1524.0,214.0,0.0,300.5,38.9,311.8,1
1600.0,175.0,2.0,298.9,33.5,309.6,0
1261.0,130.0,1.0,297.0,51.1,307.7,0
1226.0,129.0,1.0,297.8,58.7,309.4,0
1473.0,107.0,0.0,298.0,42.6,308.3,0
1343.0,119.0,0.0,295.7,54.4,306.1,0
1759.0,81.0,0.0,297.4,24.8,309.3,0
1606.0,126.0,0.0,303.5,34.0,313.0,0
1530.0,57.0,0.0,302.3,37.8,311.5,0
1618.0,125.0,1.0,299.7,30.3,311.1,0
1490.0,67.0,0.0,300.5,38.4,311.5,0
1466.0,77.0,0.0,301.5,47.3,310.7,0
1543.0,97.0,0.0,301.4,36.9,310.8,0
1590.0,148.0,0.0,300.7,38.5,312.2,0
1548.0,43.0,0.0,298.5,37.7,309.4,0
1557.0,19.0,0.0,300.2,33.8,309.8,0
1365.0,143.0,0.0,297.6,50.6,308.7,0
1386.0,225.0,1.0,300.5,48.2,310.2,0
1911.0,74.0,0.0,295.6,20.9,306.3,0
1499.0,215.0,0.0,302.6,35.0,312.1,0
1429.0,77.0,1.0,300.8,52.3,311.2,0
1680.0,189.0,1.0,300.8,28.2,309.7,0
1393.0,167.0,0.0,298.8,52.6,309.1,0
1453.0,204.0,1.0,298.1,41.5,308.3,0
1447.0,173.0,0.0,298.6,40.2,309.4,0
1502.0,0.0,0.0,303.7,40.5,312.9,0
1832.0,70.0,0.0,302.2,23.2,311.0,0
1330.0,62.0,1.0,299.1,53.6,308.4,0
1453.0,11.0,0.0,298.9,40.8,308.9,0
1420.0,192.0,0.0,302.0,45.8,311.2,0
1731.0,42.0,1.0,297.3,27.7,308.1,0
1561.0,35.0,0.0,298.5,34.8,309.5,0
1400.0,29.0,0.0,300.5,45.1,311.4,0
1551.0,42.0,0.0,300.3,37.9,309.5,0
1446.0,144.0,0.0,297.3,50.1,308.6,0
1694.0,36.0,0.0,297.5,27.1,308.6,0
1624.0,107.0,1.0,303.9,39.8,313.2,0
1511.0,114.0,0.0,298.0,45.8,308.7,0
1514.0,230.0,0.0,303.2,41.2,311.4,0
1424.0,58.0,0.0,295.6,42.5,306.2,0
1519.0,198.0,1.0,298.7,38.1,310.0,0
1556.0,58.0,0.0,300.5,45.3,311.4,0
1353.0,36.0,0.0,302.3,50.9,310.1,1
1635.0,62.0,2.0,300.5,34.2,309.5,0
1365.0,199.0,1.0,301.8,48.2,310.8,0
1739.0,128.0,0.0,299.8,27.5,309.5,0
1514.0,130.0,0.0,303.3,34.7,311.6,0
1558.0,113.0,0.0,300.5,36.7,312.0,0
1767.0,105.0,0.0,300.8,25.6,312.4,0
1501.0,4.0,0.0,302.7,48.7,310.6,0
1407.0,154.0,0.0,302.0,52.8,309.9,0
1484.0,8.0,0.0,298.8,39.2,308.4,0
1379.0,106.0,2.0,298.9,50.7,309.2,0
1645.0,33.0,0.0,298.3,30.4,308.8,0
1767.0,11.0,0.0,302.0,27.4,310.8,0
1414.0,69.0,2.0,295.6,42.5,306.2,0
1484.0,213.0,0.0,299.3,40.5,308.7,0
1316.0,69.0,1.0,303.4,50.9,311.8,1
1627.0,95.0,0.0,300.1,29.2,310.5,0
1347.0,125.0,1.0,302.5,54.3,311.9,0
1367.0,203.0,0.0,299.1,56.3,310.0,1
1510.0,152.0,1.0,301.6,40.9,310.9,0
1574.0,83.0,0.0,299.6,39.2,309.1,0
1311.0,39.0,1.0,301.7,55.8,311.0,0
1469.0,80.0,1.0,297.4,42.6,308.6,0
1544.0,88.0,2.0,303.6,37.1,311.9,0
1596.0,104.0,0.0,302.3,33.5,310.9,0
1560.0,37.0,0.0,298.5,37.9,309.4,0
1514.0,19.0,2.0,297.7,38.6,307.3,0
1308.0,52.0,0.0,300.6,54.7,312.2,0
1748.0,200.0,1.0,303.4,28.4,312.0,0
1472.0,159.0,0.0,301.4,44.5,311.1,0
1430.0,24.0,0.0,300.2,43.4,309.2,0
1405.0,80.0,1.0,301.9,47.9,310.7,0
1928.0,2.0,0.0,302.2,23.1,311.2,0
1573.0,126.0,0.0,296.8,36.4,307.8,0
1467.0,219.0,0.0,299.8,46.2,309.4,0
1537.0,6.0,1.0,300.3,37.5,310.0,0
1423.0,121.0,1.0,295.7,42.5,306.2,0
2041.0,194.0,2.0,300.8,19.2,309.9,0
1858.0,101.0,1.0,299.3,24.7,308.9,0
1414.0,106.0,1.0,301.6,49.3,310.5,0
1507.0,108.0,0.0,299.6,42.4,310.8,0
1610.0,16.0,2.0,301.4,38.6,310.4,0
1332.0,66.0,2.0,303.7,52.7,311.9,1
1489.0,123.0,0.0,296.8,33.4,307.9,0
1510.0,52.0,0.0,298.9,38.0,310.1,0
1515.0,24.0,0.0,303.5,39.2,311.9,0
1442.0,59.0,0.0,297.1,37.1,308.6,0
1771.0,202.0,0.0,303.4,31.6,311.9,0
1664.0,67.0,0.0,297.4,28.1,308.4,0
1521.0,60.0,0.0,298.2,42.9,307.8,0
1699.0,87.0,0.0,299.0,32.9,310.1,0
1576.0,124.0,0.0,300.6,38.8,309.5,0
1471.0,26.0,0.0,300.6,40.7,311.1,0
1645.0,137.0,0.0,299.7,30.8,309.2,0
1429.0,198.0,0.0,303.6,47.7,312.7,0
1425.0,7.0,0.0,301.4,45.1,310.7,0
1952.0,93.0,1.0,298.2,21.6,307.7,0
1485.0,204.0,0.0,296.6,42.7,307.5,0
1685.0,140.0,1.0,300.5,29.4,309.7,0
1365.0,36.0,1.0,297.7,49.2,307.3,0
1717.0,7.0,1.0,298.3,27.1,307.7,0
1775.0,39.0,0.0,304.3,24.9,313.3,0
1576.0,28.0,1.0,303.4,49.9,312.7,0
1514.0,120.0,0.0,296.9,41.0,308.0,0
1388.0,91.0,2.0,304.0,53.2,313.1,0
1579.0,0.0,0.0,299.8,36.4,310.4,0
1565.0,40.0,1.0,298.0,33.9,309.9,0
1608.0,68.0,1.0,299.7,34.4,309.2,0
1617.0,173.0,1.0,298.4,31.6,307.8,0
1480.0,185.0,0.0,300.3,46.6,311.1,0
2033.0,15.0,0.0,299.0,19.3,310.1,0
1515.0,5.0,0.0,300.3,37.5,311.7,0
1340.0,15.0,1.0,297.4,52.6,308.4,0
1403.0,64.0,1.0,300.6,50.4,310.6,0
1490.0,34.0,2.0,297.5,39.7,308.4,0
1809.0,192.0,0.0,301.0,25.7,310.9,0
1549.0,104.0,2.0,296.9,37.8,307.8,0
1607.0,49.0,0.0,298.0,37.7,308.9,0
1758.0,88.0,1.0,301.4,25.4,311.1,0
1473.0,146.0,0.0,299.3,46.3,309.0,0
1575.0,128.0,0.0,298.5,33.9,308.7,0
1580.0,55.0,0.0,299.0,41.9,310.1,0
1569.0,20.0,1.0,300.7,36.4,311.5,0
1867.0,138.0,0.0,299.2,27.0,308.5,0
1368.0,175.0,0.0,299.2,47.2,308.9,0
1761.0,76.0,0.0,298.1,28.2,307.8,0
1622.0,134.0,0.0,297.8,38.3,308.4,0
1598.0,149.0,0.0,300.7,33.7,309.7,0
1537.0,91.0,0.0,302.6,35.5,311.0,0
1412.0,111.0,0.0,297.4,42.0,308.3,0
1428.0,103.0,0.0,301.1,44.1,310.5,0
1529.0,237.0,0.0,302.8,36.8,312.4,0
1418.0,166.0,0.0,301.7,38.0,311.2,0
1472.0,73.0,1.0,301.9,47.0,310.7,0
1709.0,81.0,0.0,298.2,28.1,308.9,0
1262.0,234.0,1.0,302.8,70.5,312.3,1
1546.0,133.0,1.0,300.9,37.7,311.1,0
1401.0,142.0,0.0,304.2,53.9,313.8,0
1398.0,88.0,1.0,297.2,38.1,308.7,0
1387.0,121.0,2.0,300.9,42.7,311.4,0
1573.0,129.0,0.0,295.5,35.1,306.1,0
1725.0,170.0,0.0,302.2,34.0,311.5,0
1339.0,86.0,1.0,299.1,48.2,309.5,0
1753.0,40.0,0.0,298.7,26.8,309.9,0
1629.0,136.0,1.0,298.7,27.9,309.7,0
1463.0,181.0,1.0,302.5,43.1,311.0,0
1526.0,20.0,1.0,299.0,41.1,308.9,0
1785.0,139.0,2.0,299.8,25.4,311.3,0
1715.0,193.0,0.0,297.7,27.2,308.9,0
1470.0,125.0,0.0,301.1,40.9,311.1,0
1452.0,196.0,0.0,298.9,45.5,309.1,0
1574.0,175.0,0.0,303.5,32.7,312.4,0
1889.0,92.0,0.0,301.9,21.5,310.4,0
1456.0,150.0,1.0,298.2,41.2,308.8,0
1499.0,84.0,2.0,298.7,43.5,308.6,0
1418.0,130.0,2.0,302.7,43.4,311.1,0
1759.0,13.0,0.0,300.5,28.3,311.0,0
1445.0,66.0,0.0,300.5,41.5,311.4,0
1792.0,121.0,2.0,301.1,25.8,310.8,0
1598.0,71.0,2.0,301.2,35.9,310.9,0
1605.0,171.0,1.0,302.1,37.6,311.1,0
1272.0,198.0,0.0,300.4,59.2,311.8,1
1579.0,211.0,0.0,299.3,36.3,308.7,0
1663.0,78.0,0.0,303.4,33.9,312.3,0
1300.0,172.0,1.0,297.9,53.0,308.5,0
1481.0,57.0,0.0,301.3,40.9,310.6,0
1567.0,124.0,0.0,302.0,36.1,310.5,0
1535.0,163.0,1.0,299.0,47.5,308.4,0
1710.0,218.0,1.0,302.3,30.4,310.9,1
1638.0,109.0,0.0,298.4,32.4,308.9,0
1455.0,208.0,0.0,298.8,41.3,308.9,1
1399.0,84.0,0.0,295.8,47.6,306.4,0
1269.0,163.0,1.0,298.2,60.9,308.7,0
1377.0,50.0,2.0,300.1,56.7,311.4,0
1367.0,204.0,0.0,296.9,47.1,307.9,0
1660.0,50.0,1.0,298.7,27.0,308.5,0
1565.0,94.0,2.0,298.7,39.3,309.7,0
1721.0,5.0,0.0,298.6,27.2,310.1,0
1443.0,85.0,1.0,297.6,38.2,308.5,0
1285.0,183.0,0.0,301.4,62.6,310.8,1
1426.0,67.0,0.0,299.1,47.9,308.4,0
2068.0,176.0,1.0,301.3,17.8,310.0,0
1346.0,109.0,0.0,302.2,47.5,310.6,1
1568.0,96.0,0.0,303.7,33.8,312.2,0
1539.0,101.0,1.0,302.4,39.9,311.8,0
1394.0,121.0,0.0,300.1,44.3,310.5,0
1208.0,28.0,0.0,297.5,62.3,308.6,0
1491.0,195.0,0.0,303.9,37.2,313.1,0
1355.0,217.0,0.0,297.0,43.7,308.1,0
1488.0,5.0,0.0,301.1,43.4,311.6,0
1336.0,176.0,0.0,303.8,47.8,313.2,0
1803.0,159.0,0.0,299.6,27.7,309.5,0
1432.0,132.0,2.0,297.7,40.2,307.4,0
1564.0,150.0,2.0,303.7,40.2,312.7,0
1243.0,163.0,2.0,298.9,63.0,310.3,0
1425.0,174.0,0.0,300.6,49.5,310.0,0
1360.0,94.0,0.0,303.4,50.8,312.8,0
1447.0,110.0,0.0,300.4,39.3,309.5,0
1447.0,198.0,2.0,303.8,46.6,312.5,0
1355.0,63.0,1.0,297.4,55.1,308.0,0
1406.0,213.0,0.0,303.4,47.1,311.7,0
1517.0,124.0,1.0,302.3,37.6,311.7,0
1451.0,110.0,0.0,302.4,42.0,311.8,0
1541.0,104.0,1.0,299.2,36.3,309.0,0
1681.0,44.0,1.0,298.6,35.5,310.0,0
1683.0,26.0,2.0,298.0,27.8,307.5,0
1355.0,13.0,0.0,297.6,46.4,308.6,0
1436.0,47.0,2.0,302.8,43.5,311.0,0
1607.0,130.0,2.0,299.4,33.7,309.0,0
1487.0,36.0,0.0,301.7,48.0,310.1,0
1462.0,166.0,0.0,300.9,46.0,312.1,0
1345.0,37.0,0.0,298.2,44.3,308.8,0
1462.0,24.0,1.0,299.3,40.5,310.5,0
1515.0,21.0,0.0,301.2,40.9,309.9,0
1424.0,155.0,0.0,302.9,49.5,312.4,0
1436.0,90.0,0.0,301.4,54.1,310.7,0
1644.0,115.0,0.0,295.8,35.2,306.6,0
1393.0,65.0,1.0,298.1,43.1,310.0,0
1336.0,82.0,1.0,297.9,54.4,307.9,0
1396.0,13.0,1.0,299.2,48.7,308.4,0
1702.0,203.0,0.0,298.0,26.7,308.5,0
1495.0,175.0,2.0,299.9,35.8,311.2,0
1683.0,161.0,0.0,298.1,29.1,308.7,0
1365.0,56.0,1.0,298.5,48.7,309.4,0
1749.0,5.0,2.0,302.2,29.2,311.3,0
1409.0,140.0,0.0,298.9,54.8,310.2,0
1499.0,207.0,1.0,301.0,34.6,312.0,0
1684.0,200.0,0.0,298.1,33.1,307.5,0
1498.0,155.0,2.0,303.6,40.2,312.6,0
1497.0,44.0,0.0,297.5,35.8,309.4,0
1437.0,192.0,1.0,299.1,41.1,310.0,0
1915.0,116.0,1.0,303.6,22.3,312.3,0
1627.0,0.0,1.0,302.3,32.3,310.9,0
1476.0,180.0,0.0,303.4,42.3,311.7,0
1350.0,168.0,0.0,297.0,47.7,307.9,0
1567.0,26.0,0.0,302.0,41.1,311.3,0
1567.0,172.0,0.0,299.2,38.4,310.6,0
1487.0,48.0,0.0,302.5,40.2,310.4,0
1462.0,48.0,0.0,300.3,51.4,309.2,0
1653.0,34.0,0.0,302.3,29.7,310.1,0
1395.0,4.0,1.0,303.3,59.1,311.4,0
2721.0,18.0,0.0,296.9,9.3,307.5,1
1320.0,142.0,1.0,300.3,62.2,309.5,0
1838.0,66.0,1.0,300.7,24.9,309.5,0
1567.0,109.0,0.0,298.0,36.4,307.8,0
1700.0,133.0,0.0,302.5,29.5,311.5,0
1495.0,75.0,0.0,299.0,38.4,308.8,0
1510.0,87.0,1.0,300.6,46.0,309.3,0
1482.0,32.0,0.0,304.2,41.4,313.4,0
1341.0,134.0,2.0,301.3,59.3,311.0,0
1574.0,30.0,0.0,302.5,38.7,312.2,0
1983.0,114.0,0.0,298.5,20.2,309.2,0
1441.0,147.0,1.0,298.2,44.2,309.0,0
1461.0,142.0,1.0,297.7,43.7,309.4,0
1425.0,152.0,1.0,297.4,50.3,308.7,0
1600.0,23.0,0.0,300.2,31.5,310.2,0
1366.0,94.0,1.0,298.8,59.0,310.3,0
1565.0,6.0,0.0,302.1,35.3,310.8,0
1679.0,79.0,1.0,302.9,30.9,312.5,0
1695.0,8.0,0.0,299.1,29.6,310.2,0
1412.0,59.0,1.0,299.9,57.9,309.5,0
1710.0,138.0,1.0,297.3,27.7,308.5,0
1474.0,20.0,0.0,297.4,39.4,308.1,0
1484.0,223.0,0.0,303.3,44.6,311.6,0
2329.0,95.0,1.0,299.1,14.6,308.6,0
1381.0,115.0,0.0,301.2,49.8,310.4,0
1452.0,60.0,1.0,302.8,50.3,312.2,0
1336.0,66.0,0.0,298.2,45.0,308.9,0
1469.0,93.0,1.0,298.9,34.2,308.6,0
1397.0,227.0,0.0,300.8,43.5,311.7,0
1515.0,204.0,1.0,303.4,42.6,311.8,0
1495.0,52.0,0.0,302.0,38.6,310.9,0
1533.0,125.0,0.0,301.4,45.8,311.0,0
1289.0,82.0,0.0,297.7,51.3,308.4,0
1525.0,114.0,2.0,302.3,48.7,310.6,0
1489.0,98.0,0.0,301.4,43.5,310.5,0
1303.0,111.0,1.0,299.0,68.6,310.3,1
1744.0,172.0,0.0,302.2,31.2,311.5,0
1533.0,138.0,0.0,298.9,42.8,310.2,0
1433.0,199.0,1.0,300.4,46.1,311.0,0
1606.0,22.0,1.0,303.5,31.7,312.4,0
1498.0,176.0,0.0,297.7,41.0,309.7,0
1451.0,11.0,1.0,296.2,42.8,307.3,0
1440.0,197.0,0.0,301.3,41.5,310.4,0
1286.0,46.0,0.0,300.4,56.8,310.4,0
1595.0,25.0,1.0,297.6,36.9,308.6,0
1627.0,23.0,0.0,302.6,31.8,311.8,0
1789.0,210.0,1.0,297.4,25.0,308.4,0
1651.0,92.0,1.0,299.6,30.8,309.2,0
1530.0,10.0,1.0,297.6,37.3,309.6,0
1733.0,182.0,0.0,301.4,25.7,311.0,0
1578.0,174.0,1.0,301.7,40.5,311.1,0
1589.0,94.0,0.0,298.2,33.2,308.3,0
1535.0,204.0,0.0,301.5,39.0,310.5,0
2127.0,53.0,0.0,300.6,18.7,310.6,0
1336.0,94.0,0.0,299.1,61.3,310.1,0
1639.0,127.0,1.0,301.4,29.8,310.7,0
1432.0,218.0,1.0,302.8,49.0,312.3,0
1478.0,180.0,0.0,300.3,39.5,309.3,0
1465.0,187.0,0.0,296.6,47.8,307.4,0
1390.0,5.0,1.0,298.4,53.6,309.3,0
1426.0,192.0,0.0,303.7,45.5,312.7,0
1694.0,111.0,2.0,298.4,30.9,309.3,0
1685.0,84.0,1.0,295.7,34.9,306.3,0
1415.0,192.0,1.0,300.4,31.8,309.9,0
1335.0,131.0,0.0,297.5,48.0,308.5,0
1708.0,174.0,0.0,297.4,28.8,308.9,0
1357.0,127.0,1.0,296.9,41.8,308.1,0
1744.0,42.0,0.0,297.6,28.5,308.6,0
1751.0,173.0,1.0,299.8,27.0,309.4,0
1429.0,96.0,2.0,299.1,42.9,310.1,0
1458.0,123.0,0.0,301.5,41.4,311.1,0
1495.0,144.0,0.0,299.3,39.2,310.7,0
1500.0,210.0,1.0,298.8,37.1,308.6,0
1465.0,57.0,0.0,301.9,44.3,310.8,0
1562.0,40.0,0.0,297.9,35.8,309.0,0
1571.0,0.0,0.0,297.4,39.4,308.4,0
1284.0,166.0,1.0,298.9,55.3,309.6,0
1582.0,176.0,0.0,301.0,37.5,311.0,0
1336.0,52.0,0.0,300.3,54.4,310.4,0
1447.0,210.0,1.0,302.5,45.7,312.0,0
1532.0,47.0,0.0,297.9,37.6,309.0,0
1763.0,3.0,0.0,301.7,25.9,310.7,0
1614.0,129.0,0.0,302.3,34.1,311.3,0
1445.0,201.0,0.0,300.7,41.1,310.5,0
1621.0,194.0,1.0,297.1,32.4,308.5,0
1657.0,23.0,0.0,301.9,29.1,311.2,0
1429.0,35.0,1.0,299.7,47.7,310.3,0
1529.0,62.0,0.0,302.3,33.4,310.9,0
1408.0,132.0,2.0,304.0,39.8,313.1,0
1727.0,127.0,0.0,301.0,34.5,310.7,0
1468.0,10.0,0.0,298.3,46.2,309.4,0
1598.0,79.0,0.0,300.7,32.8,310.1,0
1748.0,144.0,0.0,296.4,25.3,307.2,0
1412.0,204.0,0.0,302.2,44.5,311.7,0
1362.0,158.0,1.0,298.1,49.6,308.7,0
1384.0,192.0,1.0,302.3,49.7,311.0,0
1736.0,31.0,0.0,298.8,29.0,308.5,0
1371.0,109.0,1.0,300.3,50.2,311.4,0
1353.0,190.0,0.0,298.7,47.0,308.5,0
1702.0,135.0,0.0,301.5,28.7,310.5,0
1501.0,171.0,1.0,302.7,38.8,311.6,0
1504.0,2.0,0.0,301.3,39.1,311.1,0
1473.0,167.0,0.0,297.4,46.2,308.8,0
1452.0,29.0,0.0,300.5,42.9,310.5,0
1537.0,175.0,0.0,298.6,37.6,309.3,0
1604.0,85.0,1.0,297.4,32.8,308.6,0
1465.0,109.0,0.0,298.3,49.4,307.7,0
1496.0,79.0,1.0,302.6,45.0,312.0,0
1429.0,19.0,2.0,298.9,39.9,310.5,0
1602.0,2.0,2.0,301.6,32.3,310.5,0
1566.0,187.0,1.0,300.6,38.2,310.7,0
1898.0,20.0,0.0,296.1,22.7,307.1,0
1435.0,229.0,0.0,299.1,48.8,310.1,1
1577.0,44.0,0.0,299.1,37.1,310.6,0
1594.0,160.0,1.0,299.2,35.8,308.5,0
1643.0,89.0,1.0,297.4,31.0,308.6,0
1512.0,159.0,1.0,301.3,36.9,310.9,0
1376.0,75.0,0.0,300.7,50.8,310.1,0
1378.0,97.0,1.0,297.2,41.9,308.4,0
1620.0,143.0,1.0,297.4,31.2,308.1,0
1448.0,31.0,0.0,296.8,48.8,307.9,0
1535.0,148.0,0.0,301.6,35.4,310.8,0
1696.0,73.0,0.0,300.7,27.5,310.2,0
1479.0,136.0,0.0,298.1,45.0,307.7,0
1596.0,87.0,0.0,300.5,34.8,311.8,0
1461.0,47.0,0.0,301.2,40.6,310.8,0
1460.0,14.0,1.0,301.5,38.6,310.7,0
1486.0,98.0,2.0,297.2,46.6,308.6,0
1549.0,208.0,2.0,299.9,42.8,310.5,0
1479.0,115.0,0.0,302.4,36.2,310.3,0
1679.0,14.0,1.0,298.9,35.8,310.6,0
1880.0,156.0,0.0,302.4,24.5,311.1,0
1429.0,98.0,0.0,301.0,39.4,310.5,0
1574.0,101.0,0.0,300.5,33.5,309.3,0
1491.0,152.0,0.0,297.6,38.1,308.6,0
1458.0,23.0,1.0,300.2,46.9,309.5,0
1255.0,77.0,1.0,297.5,60.7,308.6,0
1395.0,201.0,0.0,300.4,48.1,309.8,0
1633.0,192.0,0.0,297.1,33.3,308.1,0
1511.0,209.0,0.0,297.5,42.8,308.4,0
1854.0,19.0,0.0,303.1,22.6,311.1,0
1375.0,94.0,0.0,298.4,50.8,308.1,0
1395.0,215.0,0.0,300.7,43.7,311.7,0
1413.0,91.0,0.0,300.7,52.0,311.0,0
1858.0,144.0,0.0,300.8,26.3,312.3,0
1400.0,118.0,0.0,299.6,40.8,310.8,0
1412.0,85.0,0.0,299.7,49.2,309.0,0
1476.0,161.0,1.0,302.2,47.4,311.0,0
1306.0,38.0,0.0,297.5,50.7,308.5,0
1458.0,34.0,1.0,302.6,38.8,312.2,0
1383.0,37.0,0.0,301.8,46.4,310.8,0
1581.0,109.0,1.0,302.3,36.1,310.9,0
1646.0,175.0,0.0,297.9,40.6,308.4,0
1360.0,107.0,2.0,298.2,56.8,309.0,0
1558.0,137.0,2.0,300.0,36.7,310.5,0
1540.0,45.0,1.0,296.7,38.7,307.4,0
1552.0,126.0,1.0,301.1,37.9,310.9,0
1570.0,37.0,0.0,299.2,37.3,310.4,0
1454.0,153.0,0.0,302.1,59.2,311.2,1
1299.0,48.0,1.0,301.8,60.4,310.9,0
1284.0,114.0,0.0,302.6,68.0,311.0,1
1585.0,33.0,1.0,298.2,34.3,308.9,0
1358.0,198.0,0.0,300.8,48.1,310.7,0
1445.0,10.0,2.0,297.8,48.2,309.4,0
1456.0,199.0,1.0,297.8,39.6,307.2,0
1464.0,97.0,2.0,297.9,43.2,307.7,0
1396.0,23.0,0.0,297.8,42.5,307.8,0
1520.0,171.0,0.0,299.0,45.0,310.3,0
1462.0,41.0,0.0,301.4,37.1,311.1,0
1424.0,214.0,0.0,301.6,50.5,310.7,0
1629.0,49.0,0.0,298.8,31.9,309.9,0
2760.0,15.0,0.0,301.5,8.0,310.9,1
1419.0,7.0,2.0,297.5,50.7,308.9,0
1660.0,72.0,2.0,301.7,29.3,310.1,0
1365.0,80.0,0.0,302.6,66.8,310.4,1
1311.0,52.0,2.0,298.7,54.5,309.7,0
1503.0,109.0,1.0,299.2,37.4,308.8,0
1397.0,110.0,0.0,298.4,50.3,309.5,0
1668.0,137.0,1.0,303.9,34.4,313.1,0
1480.0,8.0,0.0,302.7,45.2,311.7,0
1717.0,17.0,0.0,298.9,26.9,310.5,0
1410.0,155.0,1.0,304.1,42.4,313.2,0
1343.0,142.0,0.0,300.3,57.7,311.4,0
1416.0,47.0,0.0,299.0,45.9,310.1,0
1512.0,138.0,2.0,297.8,35.1,308.4,0
1450.0,195.0,0.0,296.7,40.9,308.1,0
1361.0,120.0,0.0,303.0,48.8,312.7,0
1868.0,221.0,0.0,299.0,24.0,310.3,0
1341.0,99.0,1.0,302.1,50.8,311.5,0
1426.0,95.0,0.0,302.4,46.8,310.1,0
1658.0,170.0,1.0,300.5,30.4,311.6,0
1727.0,116.0,0.0,298.9,29.4,308.7,0
1559.0,195.0,0.0,301.0,31.8,311.5,0
1701.0,55.0,0.0,300.9,30.4,310.8,0
1404.0,20.0,1.0,298.9,41.4,309.9,0
1783.0,118.0,0.0,300.1,27.3,309.2,0
1320.0,20.0,0.0,299.1,67.5,308.8,1
1425.0,48.0,0.0,300.7,45.3,310.7,0
1519.0,167.0,0.0,301.1,39.6,309.8,0
1706.0,8.0,2.0,298.3,31.8,308.9,0
1538.0,47.0,0.0,297.3,38.5,308.3,0
1528.0,228.0,1.0,300.4,37.2,309.2,0
1732.0,220.0,1.0,301.8,30.1,309.5,0
1388.0,94.0,0.0,299.5,52.4,310.0,0
1440.0,13.0,0.0,297.5,35.9,308.4,0
1620.0,112.0,0.0,298.7,34.8,310.1,0
1489.0,188.0,0.0,300.1,39.1,311.2,0
1473.0,7.0,1.0,299.4,40.1,310.9,0
1529.0,10.0,0.0,300.4,36.2,310.2,0
1500.0,107.0,0.0,300.1,39.8,310.5,0
1445.0,0.0,0.0,299.7,42.6,309.3,0
1514.0,169.0,0.0,299.4,36.1,310.5,0
1527.0,102.0,1.0,298.8,31.2,310.2,0
1811.0,77.0,2.0,299.1,24.6,309.4,0
1421.0,206.0,1.0,302.9,46.0,312.4,0
1329.0,24.0,0.0,301.5,46.6,310.4,0
1662.0,15.0,1.0,298.5,28.3,308.7,0
1539.0,216.0,1.0,300.5,39.1,309.3,0
1411.0,51.0,1.0,298.7,45.1,309.9,0
1406.0,3.0,0.0,299.3,47.4,308.4,0
1924.0,163.0,0.0,297.2,22.1,308.6,0
1586.0,180.0,0.0,298.7,31.4,309.2,0
1772.0,167.0,0.0,299.9,23.5,309.5,0
1627.0,168.0,2.0,303.0,37.1,312.4,0
1495.0,193.0,0.0,301.4,36.3,311.1,0
1504.0,142.0,0.0,297.3,42.0,308.5,0
1457.0,120.0,0.0,300.6,47.7,310.4,0
1534.0,47.0,1.0,298.8,37.0,309.8,0
1988.0,41.0,0.0,298.2,21.4,308.2,0
1570.0,226.0,1.0,299.1,30.9,310.1,0
1599.0,101.0,0.0,298.8,33.0,308.6,0
1573.0,37.0,1.0,301.5,37.4,310.6,0
1411.0,73.0,2.0,298.0,53.8,308.8,0
1533.0,24.0,1.0,298.9,44.4,310.4,0
1431.0,0.0,2.0,300.4,43.2,310.2,0
1616.0,57.0,1.0,302.1,35.1,311.2,0
1583.0,202.0,0.0,298.9,39.8,309.6,0
1491.0,195.0,0.0,299.7,40.1,310.9,0
1482.0,45.0,0.0,298.8,39.1,309.9,0
1661.0,158.0,0.0,300.5,30.0,311.6,0
1466.0,58.0,0.0,299.8,46.1,311.1,0
1598.0,44.0,1.0,299.0,33.4,310.2,0
1845.0,76.0,0.0,299.4,22.9,308.5,0
1494.0,118.0,0.0,300.6,47.3,310.4,0
1469.0,51.0,1.0,297.9,49.0,308.8,0
1497.0,150.0,0.0,299.9,47.0,310.4,0
1535.0,87.0,1.0,298.5,39.8,309.5,0
1880.0,207.0,1.0,302.7,22.7,310.5,0
1444.0,161.0,0.0,299.0,47.7,310.1,0
1664.0,81.0,0.0,297.6,30.1,308.6,0
1581.0,116.0,0.0,297.8,33.1,307.5,0
1516.0,158.0,1.0,302.2,33.7,311.1,0
1475.0,51.0,0.0,299.8,43.4,309.4,0
1495.0,186.0,0.0,302.5,38.8,312.0,0
1604.0,200.0,1.0,297.2,34.9,308.5,0
1517.0,107.0,0.0,300.8,39.2,312.5,0
1404.0,193.0,0.0,303.5,48.6,312.3,0
1629.0,62.0,0.0,300.0,31.7,311.2,0
1465.0,69.0,0.0,304.0,41.0,313.1,0
1397.0,212.0,2.0,300.9,42.7,312.0,0
1504.0,112.0,0.0,299.4,37.8,308.7,0
1450.0,57.0,0.0,298.8,50.8,308.5,0
1429.0,203.0,1.0,300.3,44.7,310.2,0
1530.0,110.0,1.0,303.5,34.5,312.9,0
1573.0,103.0,0.0,301.0,37.6,311.4,0
1484.0,173.0,0.0,298.3,44.3,309.7,0
1991.0,53.0,2.0,303.4,19.0,311.7,0
1576.0,167.0,1.0,298.4,38.8,309.1,0
1424.0,22.0,0.0,301.5,51.1,310.7,0
1513.0,130.0,0.0,296.8,40.0,307.6,0
1463.0,214.0,1.0,301.3,50.2,311.0,0
1418.0,170.0,0.0,303.5,42.2,312.5,0
1779.0,169.0,0.0,299.9,26.1,309.5,0
1604.0,9.0,1.0,297.2,39.4,308.3,0
1410.0,33.0,1.0,302.6,50.3,312.4,0
1332.0,112.0,0.0,300.3,60.5,311.3,0
1599.0,116.0,0.0,301.6,41.7,310.4,0
1509.0,16.0,0.0,301.3,41.7,310.9,0
1474.0,87.0,0.0,300.6,40.7,309.4,0
1586.0,0.0,0.0,298.3,35.5,308.1,0
1551.0,214.0,0.0,300.1,33.7,309.1,0
1390.0,140.0,0.0,297.5,44.6,308.9,0
1430.0,95.0,0.0,297.3,41.9,308.3,0
1581.0,117.0,1.0,300.6,35.7,309.4,0
1602.0,106.0,1.0,298.3,33.4,307.7,0
1518.0,2.0,0.0,297.8,40.4,308.9,0
1615.0,200.0,0.0,300.9,30.9,310.4,0
1383.0,35.0,0.0,300.5,50.5,311.9,0
1526.0,194.0,0.0,303.9,42.5,312.9,0
1371.0,228.0,0.0,299.0,53.8,310.4,1
1424.0,196.0,2.0,296.3,42.0,307.2,0
1558.0,184.0,0.0,301.3,36.3,310.1,0
1410.0,161.0,1.0,301.3,52.7,311.0,0
1650.0,94.0,0.0,301.9,29.8,310.8,0
1331.0,16.0,0.0,299.6,46.4,309.4,0
1421.0,124.0,0.0,297.4,46.0,308.4,0
1577.0,48.0,1.0,299.6,39.8,309.3,0
1379.0,91.0,0.0,298.3,54.7,308.9,0
1696.0,76.0,1.0,300.9,27.3,310.7,0
1555.0,175.0,0.0,296.9,38.2,308.3,0
1533.0,24.0,0.0,298.6,33.9,310.1,0
1642.0,80.0,1.0,299.6,30.3,309.4,0
1424.0,131.0,1.0,301.2,41.4,311.0,0
1877.0,96.0,0.0,303.5,22.3,312.8,0
1612.0,129.0,0.0,301.2,32.9,311.0,0
1884.0,100.0,2.0,299.0,25.6,309.9,0
1611.0,23.0,0.0,298.6,35.7,309.6,0
1776.0,30.0,0.0,301.4,25.6,310.0,0
1367.0,45.0,1.0,300.6,63.2,309.4,1
1412.0,56.0,0.0,299.5,48.9,310.0,0
1478.0,207.0,0.0,300.7,41.9,311.8,0
1846.0,41.0,1.0,297.3,24.5,308.2,0
1435.0,126.0,1.0,295.6,51.6,306.2,0
2663.0,71.0,1.0,303.7,11.4,312.0,1
1481.0,54.0,0.0,298.0,42.5,308.6,0
1507.0,149.0,1.0,301.5,38.6,311.1,0
2695.0,10.0,0.0,301.7,12.6,310.1,0
1685.0,167.0,1.0,300.4,32.3,309.7,0
1509.0,25.0,1.0,301.3,40.1,310.8,0
1513.0,212.0,0.0,297.2,42.9,308.5,0
1522.0,107.0,0.0,303.5,36.4,312.1,0
1434.0,153.0,2.0,299.2,48.4,310.6,0
1501.0,192.0,1.0,298.8,48.7,310.1,0
1662.0,57.0,0.0,300.7,34.4,310.3,0
1822.0,164.0,1.0,295.5,24.3,306.1,0
1496.0,99.0,0.0,300.7,38.3,311.0,0
1954.0,42.0,0.0,297.9,21.1,308.0,0
2617.0,102.0,0.0,298.5,12.1,309.7,1
1463.0,188.0,1.0,298.4,37.6,308.2,0
1466.0,112.0,0.0,300.5,41.8,311.4,0
1549.0,79.0,1.0,300.8,35.5,310.8,0
1469.0,14.0,1.0,300.5,42.9,310.5,0
1427.0,122.0,2.0,300.4,50.7,311.4,0
1997.0,5.0,0.0,300.8,20.7,309.7,0
1492.0,187.0,0.0,300.8,46.3,310.2,0
1483.0,92.0,1.0,298.5,44.8,309.5,0
1532.0,119.0,0.0,301.1,37.5,310.5,0
1492.0,91.0,0.0,299.2,37.8,308.7,0
1376.0,74.0,0.0,300.4,43.5,309.9,0
1605.0,69.0,1.0,302.5,36.0,310.4,0
1641.0,49.0,0.0,298.7,31.1,310.1,0
1591.0,79.0,0.0,300.0,32.0,311.5,0
1476.0,134.0,0.0,298.2,36.8,307.8,0
1580.0,195.0,1.0,299.1,36.0,310.0,0
1644.0,206.0,0.0,301.7,32.8,311.1,0
1577.0,133.0,1.0,297.3,35.6,308.7,0
1723.0,193.0,1.0,300.3,28.3,311.7,0
1595.0,46.0,0.0,298.5,32.3,308.2,0
1570.0,147.0,2.0,303.8,35.8,312.9,0
1620.0,168.0,0.0,299.7,30.0,309.2,0
1535.0,12.0,1.0,297.5,37.7,308.9,0
1686.0,59.0,0.0,301.7,28.9,310.2,0
1409.0,104.0,0.0,300.5,54.7,311.7,0
1730.0,41.0,0.0,298.6,30.2,309.5,0
1598.0,195.0,1.0,300.8,36.5,310.2,0
1407.0,224.0,1.0,300.7,42.4,311.8,0
1479.0,58.0,2.0,298.4,39.2,308.4,0
1359.0,110.0,0.0,296.9,56.5,307.9,0
1422.0,15.0,0.0,298.9,47.6,308.9,0
1391.0,38.0,0.0,299.2,45.8,310.5,0
1525.0,30.0,0.0,299.4,41.5,309.3,0
1389.0,54.0,0.0,297.4,39.2,308.5,0
1622.0,18.0,1.0,297.8,32.1,307.8,0
1447.0,185.0,2.0,299.9,51.4,310.1,0
1379.0,28.0,0.0,297.9,47.3,309.0,0
1507.0,131.0,0.0,301.9,44.7,309.8,0
1374.0,197.0,0.0,300.3,47.4,311.6,0
1689.0,151.0,0.0,300.8,32.9,310.8,0
1415.0,175.0,0.0,299.4,56.4,308.6,0
1656.0,127.0,2.0,300.4,36.3,310.7,0
1441.0,46.0,0.0,300.1,40.1,309.7,0
1629.0,151.0,0.0,301.5,34.1,310.4,0
1610.0,6.0,0.0,297.6,35.0,309.3,0
1644.0,195.0,1.0,302.4,37.2,311.8,0
1589.0,184.0,1.0,295.3,36.2,305.8,0
1578.0,139.0,0.0,302.4,31.2,310.2,0
1474.0,188.0,0.0,297.7,46.8,308.7,0
1465.0,153.0,1.0,301.9,39.9,311.4,0
1381.0,54.0,1.0,299.2,42.5,308.4,0
1542.0,84.0,2.0,298.1,37.1,307.6,0
1483.0,114.0,1.0,303.0,38.8,312.3,0
1522.0,48.0,0.0,300.7,35.2,311.3,0
1346.0,138.0,0.0,299.7,57.4,309.2,0
1505.0,95.0,0.0,300.6,35.9,310.0,0
1369.0,208.0,0.0,302.3,56.2,311.8,1
1541.0,82.0,0.0,300.7,41.3,310.7,0
1515.0,6.0,0.0,301.0,37.3,310.9,0
1597.0,164.0,0.0,301.2,37.9,310.9,0
1428.0,109.0,0.0,300.6,48.8,309.9,0
1359.0,176.0,2.0,297.1,46.6,308.4,0
1752.0,77.0,1.0,298.1,25.2,309.3,0
1347.0,29.0,1.0,301.5,47.9,310.7,0
1377.0,27.0,1.0,298.8,49.6,309.8,0
1433.0,87.0,0.0,298.0,39.2,308.0,0
1701.0,145.0,0.0,302.3,27.5,311.7,0
1518.0,146.0,0.0,303.2,39.9,312.5,0
1335.0,164.0,1.0,303.0,53.6,311.3,1
1492.0,150.0,1.0,301.9,40.8,311.5,0
1566.0,50.0,0.0,297.9,41.9,308.9,0
1797.0,75.0,0.0,297.3,24.7,307.9,0
1672.0,54.0,2.0,298.6,27.5,309.7,0
1465.0,78.0,1.0,300.2,41.4,311.6,0
1822.0,122.0,0.0,298.0,23.5,309.1,0
1820.0,175.0,1.0,299.9,26.6,310.4,0
1454.0,0.0,0.0,302.1,46.8,311.2,0
1345.0,50.0,0.0,300.3,46.3,310.3,0
1542.0,141.0,0.0,299.8,40.3,309.5,0
2097.0,232.0,1.0,300.7,18.9,311.7,1
1535.0,120.0,0.0,303.5,33.3,311.5,0
1611.0,32.0,0.0,299.2,36.4,310.4,0
1351.0,37.0,0.0,297.6,51.0,308.6,0
1391.0,21.0,0.0,299.3,46.9,310.8,0
1476.0,199.0,1.0,300.5,39.1,311.6,0
1450.0,138.0,0.0,298.0,48.7,307.6,0
1381.0,13.0,0.0,299.6,60.5,310.2,0
1492.0,189.0,0.0,297.3,43.6,308.7,0
1468.0,148.0,0.0,304.1,39.4,313.2,0
1420.0,155.0,1.0,299.3,41.6,309.0,0
1459.0,97.0,0.0,301.5,45.1,311.1,0
1409.0,66.0,0.0,301.2,50.9,310.6,0
1496.0,129.0,1.0,298.4,45.6,309.3,0
1742.0,7.0,0.0,300.3,25.9,310.4,0
1474.0,33.0,1.0,300.7,37.0,310.6,0
1675.0,128.0,1.0,302.4,29.6,311.4,0
1472.0,71.0,0.0,298.3,44.3,308.2,0
1472.0,116.0,1.0,298.0,46.7,307.6,0
1400.0,136.0,0.0,302.3,41.6,311.7,0
1633.0,29.0,0.0,299.8,27.5,309.4,0
1376.0,113.0,2.0,298.1,56.2,307.7,0
1513.0,160.0,0.0,298.8,40.3,309.1,0
1664.0,145.0,0.0,298.1,27.6,307.7,0
1238.0,226.0,0.0,303.2,54.6,311.4,1
1406.0,151.0,0.0,300.7,48.4,309.8,0
1979.0,68.0,1.0,296.9,20.4,307.9,0
1403.0,207.0,2.0,300.9,40.6,310.7,0
1551.0,121.0,1.0,298.5,34.7,309.3,0
1881.0,29.0,0.0,298.7,21.7,309.7,0
1499.0,135.0,0.0,302.5,38.8,311.1,0
1452.0,15.0,0.0,304.3,41.5,313.5,0
1555.0,205.0,0.0,302.4,40.6,311.0,0
1377.0,181.0,1.0,298.0,48.5,308.7,0
1546.0,64.0,0.0,303.6,38.5,311.7,0
1515.0,124.0,1.0,297.9,38.8,309.6,0
1406.0,136.0,0.0,300.6,55.1,312.0,0
1496.0,0.0,1.0,298.1,40.0,307.9,0
1625.0,46.0,1.0,300.1,38.0,309.6,0
1337.0,206.0,0.0,298.3,56.1,309.3,1
1356.0,133.0,0.0,300.2,51.1,309.5,0
1666.0,144.0,0.0,300.8,36.2,310.6,0
1619.0,57.0,0.0,300.7,34.9,310.8,0
1502.0,84.0,1.0,298.5,39.4,309.6,0
1485.0,75.0,2.0,300.1,40.4,311.4,0
1596.0,77.0,0.0,297.5,36.8,308.3,0
1829.0,159.0,0.0,303.1,24.5,311.4,0
1408.0,54.0,1.0,297.0,47.9,308.0,0
1645.0,155.0,1.0,299.7,31.9,309.0,0
1390.0,221.0,0.0,297.6,43.3,309.2,0
1444.0,56.0,1.0,297.2,41.1,308.6,0
1983.0,83.0,1.0,300.2,20.8,310.6,0
1553.0,112.0,1.0,299.6,32.4,309.3,0
1350.0,105.0,1.0,297.7,57.0,308.8,0
1407.0,153.0,0.0,298.2,47.1,308.2,0
1460.0,15.0,0.0,300.7,46.1,311.7,0
1922.0,132.0,0.0,298.2,22.6,309.2,0
1504.0,109.0,1.0,301.5,42.6,311.0,0
1395.0,76.0,1.0,299.2,55.4,310.4,0
1590.0,113.0,1.0,303.4,36.3,312.8,0
1444.0,194.0,0.0,296.2,46.7,307.1,0
1659.0,6.0,1.0,300.7,29.8,310.3,0
1435.0,25.0,0.0,298.5,42.5,310.0,0
1538.0,37.0,1.0,302.2,37.4,311.4,0
1372.0,149.0,0.0,299.6,60.4,309.0,0
1836.0,31.0,1.0,301.1,22.8,311.3,0
1366.0,0.0,1.0,302.4,54.4,311.1,0
1841.0,143.0,0.0,300.5,24.6,309.7,0
1473.0,59.0,0.0,299.9,40.4,309.3,0
1915.0,79.0,0.0,295.7,22.4,306.3,0
1376.0,112.0,2.0,297.3,53.5,308.6,0
1506.0,97.0,1.0,300.7,44.0,310.8,0
1382.0,199.0,2.0,299.0,58.5,308.8,0
1617.0,158.0,1.0,300.3,40.8,309.8,0
1360.0,77.0,1.0,297.6,48.6,308.5,0
1511.0,209.0,0.0,298.2,31.0,307.6,1
1544.0,213.0,0.0,298.0,34.7,308.3,0
1305.0,168.0,2.0,297.0,54.6,308.4,0
1421.0,182.0,2.0,301.4,43.8,310.5,0
1681.0,197.0,0.0,299.9,29.1,310.1,0
1389.0,125.0,0.0,301.4,52.7,310.8,0
1616.0,226.0,0.0,303.6,29.3,312.3,0
1462.0,50.0,1.0,300.1,42.8,309.5,0
1402.0,141.0,0.0,298.2,51.0,308.3,0
1382.0,37.0,0.0,296.7,47.5,307.8,0
1944.0,159.0,0.0,303.5,23.5,311.8,0
1432.0,202.0,0.0,301.1,48.1,311.6,0
1706.0,111.0,0.0,299.9,28.8,311.4,0
1528.0,163.0,1.0,297.4,29.1,308.6,0
1670.0,68.0,0.0,299.4,35.9,309.1,0
1246.0,165.0,1.0,300.5,52.9,311.6,0
1498.0,5.0,0.0,298.1,49.4,308.5,0
1471.0,91.0,0.0,300.9,39.3,311.1,0
1353.0,192.0,1.0,303.4,44.1,311.7,1
1654.0,188.0,0.0,296.3,29.6,307.1,0
1623.0,224.0,2.0,297.6,33.1,309.5,0
2035.0,40.0,0.0,298.6,19.6,309.2,0
1416.0,101.0,1.0,297.6,45.9,308.8,0
1526.0,171.0,1.0,302.3,37.7,311.0,0
1349.0,21.0,1.0,297.5,51.5,308.6,0
1689.0,100.0,0.0,300.7,28.9,310.8,0
1555.0,190.0,2.0,297.8,35.8,307.3,0
1523.0,99.0,0.0,298.3,45.9,310.1,0
1410.0,188.0,1.0,297.9,55.4,309.9,0
1451.0,123.0,0.0,301.2,39.7,310.3,0
1530.0,0.0,0.0,298.7,35.5,309.8,0
1656.0,124.0,0.0,297.2,30.3,308.3,0
1295.0,51.0,0.0,303.4,51.3,311.7,1
1570.0,14.0,0.0,300.6,38.3,310.5,0
1499.0,205.0,0.0,300.7,38.4,311.7,0
1721.0,87.0,0.0,302.8,30.0,311.1,0
1412.0,147.0,0.0,299.7,45.4,309.2,0
1566.0,54.0,1.0,302.5,37.6,311.8,0
1499.0,38.0,0.0,303.8,42.3,313.0,0
1408.0,49.0,1.0,302.2,46.8,310.8,0
1502.0,197.0,0.0,299.1,46.7,308.8,0
1643.0,145.0,0.0,299.6,32.9,309.4,0
1692.0,83.0,0.0,297.4,34.3,308.5,0
1446.0,61.0,0.0,298.2,38.2,308.2,0
1383.0,98.0,0.0,297.8,56.5,307.8,0
1623.0,157.0,1.0,301.5,33.5,310.5,0
1341.0,208.0,0.0,297.8,49.2,309.7,0
1398.0,76.0,2.0,298.2,51.8,308.4,0
1850.0,33.0,0.0,300.8,22.8,310.2,0
1738.0,51.0,0.0,300.0,28.7,309.6,0
1463.0,149.0,2.0,301.8,50.1,311.1,0
1363.0,115.0,1.0,298.9,50.6,309.8,0
1529.0,77.0,1.0,298.8,38.5,310.0,0
1217.0,103.0,1.0,301.4,60.6,310.5,0
1532.0,194.0,1.0,303.7,42.7,312.7,0
1628.0,144.0,1.0,297.4,37.4,308.8,0
1564.0,7.0,0.0,301.1,36.8,310.1,0
1393.0,110.0,0.0,299.6,52.1,310.7,0
1342.0,68.0,2.0,300.2,48.7,309.3,0
1958.0,108.0,0.0,297.6,22.1,309.4,0
1431.0,129.0,1.0,301.6,42.3,311.0,0
1648.0,119.0,0.0,304.0,35.7,313.1,0
1387.0,160.0,0.0,298.3,52.3,309.1,0
1654.0,180.0,1.0,300.6,32.0,310.7,0
1758.0,4.0,2.0,302.2,26.4,311.3,0
1560.0,182.0,0.0,300.3,40.8,310.0,0
1525.0,179.0,0.0,303.0,40.7,311.1,0
1757.0,71.0,0.0,298.0,29.1,308.8,0
1538.0,13.0,0.0,301.6,40.4,310.9,0
2437.0,163.0,0.0,300.7,13.8,311.1,0
1609.0,162.0,0.0,302.6,36.0,311.5,0
1374.0,119.0,0.0,300.1,45.4,310.6,0
1678.0,202.0,1.0,299.8,29.8,309.2,0
1655.0,21.0,1.0,297.3,34.1,308.7,0
1444.0,92.0,0.0,300.5,49.3,311.6,0
1697.0,191.0,1.0,300.7,28.2,311.9,0
1431.0,21.0,0.0,301.4,44.3,310.8,0
1518.0,87.0,2.0,300.1,46.9,311.4,0
1486.0,91.0,1.0,301.4,36.5,311.0,0
2101.0,198.0,1.0,298.0,17.4,308.7,0
1453.0,140.0,0.0,303.1,49.1,312.5,0
1662.0,129.0,0.0,300.4,29.3,311.4,0
1524.0,71.0,0.0,300.8,43.5,311.3,0
1327.0,21.0,1.0,297.7,63.7,308.9,0
1434.0,43.0,0.0,304.1,50.1,313.2,0
1710.0,186.0,1.0,302.5,27.3,310.3,0
1528.0,198.0,0.0,301.5,35.7,310.5,0
1445.0,105.0,0.0,301.0,36.4,312.3,0
2206.0,195.0,1.0,298.1,16.3,308.8,0
1300.0,92.0,1.0,301.3,58.3,310.7,0
1585.0,167.0,1.0,302.7,35.5,312.2,0
1435.0,18.0,1.0,297.9,42.9,307.4,0
1503.0,90.0,0.0,297.3,43.3,308.5,0
1353.0,88.0,0.0,297.6,57.5,308.4,0
1423.0,7.0,1.0,299.5,56.5,310.7,0
1635.0,211.0,0.0,301.2,29.6,311.2,0
2161.0,5.0,0.0,298.1,17.5,307.9,0
1593.0,36.0,1.0,300.2,36.1,310.3,0
1690.0,148.0,0.0,299.7,30.6,311.1,0
1366.0,161.0,2.0,298.9,62.7,310.1,0
1286.0,22.0,0.0,301.9,62.8,310.4,1
1663.0,115.0,1.0,302.2,29.6,311.2,0
1671.0,136.0,0.0,297.5,29.4,308.6,0
2256.0,201.0,0.0,299.8,15.9,309.4,0
1468.0,132.0,2.0,299.7,49.6,309.2,0
1457.0,182.0,2.0,300.8,46.8,310.3,0
1340.0,144.0,0.0,299.2,50.0,308.5,0
1627.0,104.0,1.0,303.6,30.8,311.8,0
1436.0,9.0,2.0,303.6,45.6,312.4,0
1351.0,206.0,0.0,300.0,44.1,311.2,0
1430.0,80.0,1.0,298.6,43.1,309.8,0
1523.0,210.0,1.0,302.3,43.2,310.9,0
1528.0,45.0,0.0,299.3,37.8,309.3,0
1453.0,9.0,1.0,295.5,47.3,305.9,0
1527.0,96.0,1.0,298.4,40.9,308.6,0
1360.0,93.0,2.0,300.5,46.2,309.4,0
1368.0,129.0,2.0,297.5,45.3,309.4,0
1526.0,85.0,0.0,299.8,41.7,309.6,0
1439.0,208.0,0.0,296.3,41.5,307.3,0
1514.0,66.0,1.0,300.8,38.7,310.9,0
1626.0,130.0,0.0,297.6,32.4,308.4,0
1384.0,99.0,0.0,302.4,50.9,311.8,0
1542.0,80.0,0.0,301.3,33.6,311.0,0
1555.0,5.0,1.0,300.4,38.7,311.7,0
1488.0,189.0,1.0,300.7,39.2,310.6,0
1254.0,65.0,1.0,298.0,55.8,308.6,0
1825.0,29.0,1.0,303.6,25.2,312.8,0
1400.0,47.0,0.0,301.3,44.3,310.3,0
1415.0,28.0,0.0,301.5,41.6,310.3,0
1426.0,24.0,0.0,297.5,44.8,309.2,0
1516.0,152.0,2.0,298.8,40.2,309.6,0
1296.0,41.0,0.0,297.9,62.9,308.0,0
2029.0,96.0,0.0,298.2,19.9,307.8,0
1362.0,25.0,2.0,301.2,50.7,309.9,0
1359.0,67.0,1.0,299.5,61.1,310.1,0
1324.0,169.0,2.0,297.4,53.5,308.8,0
1202.0,74.0,1.0,300.2,61.7,310.4,0
1525.0,160.0,0.0,299.6,42.8,309.0,0
1515.0,27.0,2.0,300.2,36.8,311.5,0
1741.0,21.0,1.0,298.5,28.0,309.0,0
1517.0,64.0,0.0,298.6,41.2,310.0,0
1494.0,221.0,2.0,303.1,42.7,311.3,0
1462.0,51.0,0.0,302.2,50.0,311.6,0
1622.0,123.0,1.0,297.4,35.0,309.3,0
1644.0,41.0,1.0,300.4,31.4,310.5,0
1559.0,229.0,2.0,297.1,38.8,308.0,0
1557.0,113.0,0.0,295.9,41.1,306.6,0
1434.0,2.0,0.0,299.2,46.8,308.4,0
1570.0,131.0,0.0,298.5,40.1,309.3,0
1553.0,44.0,0.0,300.2,41.3,311.7,0
1450.0,29.0,0.0,303.6,45.3,312.9,0
1393.0,12.0,0.0,303.2,52.9,311.3,0
1921.0,196.0,1.0,298.5,22.0,309.0,0
1573.0,209.0,1.0,301.9,38.9,310.9,0
1551.0,50.0,1.0,298.9,35.2,310.3,0
1800.0,135.0,0.0,301.4,26.0,311.1,0
2170.0,91.0,0.0,302.3,18.2,311.7,0
1704.0,159.0,1.0,300.9,31.3,311.5,0
1290.0,43.0,0.0,297.9,49.8,309.0,0
1414.0,71.0,0.0,303.4,44.8,311.5,0
1474.0,215.0,0.0,303.1,34.8,311.3,0
1590.0,57.0,0.0,297.9,34.6,307.7,0
1536.0,31.0,0.0,301.3,39.3,310.7,0
1477.0,251.0,0.0,302.7,46.3,312.4,1
1498.0,89.0,1.0,298.8,39.5,308.7,0
1282.0,24.0,2.0,300.6,60.2,311.5,0
1706.0,9.0,0.0,297.4,30.9,308.3,0
1309.0,124.0,0.0,301.9,48.0,310.9,0
1463.0,11.0,1.0,300.0,45.7,309.1,0
1357.0,176.0,0.0,298.8,47.1,309.3,0
2118.0,210.0,0.0,298.4,17.7,309.2,0
1530.0,157.0,0.0,297.5,37.8,308.8,0
1560.0,53.0,2.0,298.7,33.3,308.4,0
1413.0,114.0,2.0,302.2,48.9,310.7,0
1352.0,212.0,0.0,300.9,46.4,310.7,0
1527.0,194.0,0.0,300.2,37.0,309.4,0
1278.0,2.0,2.0,297.6,50.4,309.6,0
1729.0,73.0,0.0,298.9,26.6,308.7,0
1457.0,28.0,0.0,297.9,44.4,309.1,0
1355.0,142.0,0.0,298.2,43.8,309.3,0
1454.0,37.0,1.0,302.5,47.6,312.1,0
1501.0,127.0,1.0,298.5,39.2,308.1,0
1448.0,71.0,1.0,299.3,52.1,308.6,0
1371.0,136.0,0.0,299.3,50.5,308.6,0
1468.0,35.0,0.0,296.7,39.2,307.8,0
1499.0,163.0,1.0,301.3,36.1,310.6,0
1358.0,102.0,2.0,300.5,60.4,310.0,0
1486.0,91.0,1.0,299.0,34.6,310.0,0
1887.0,28.0,0.0,300.5,24.3,309.7,0
1889.0,194.0,0.0,302.1,22.7,311.4,0
1354.0,212.0,0.0,298.7,53.3,309.8,1
1492.0,111.0,0.0,300.1,50.9,310.5,0
1447.0,12.0,0.0,299.8,43.1,309.6,0
1349.0,92.0,0.0,299.5,52.7,310.0,0
1665.0,178.0,0.0,298.7,31.1,309.6,0
1496.0,215.0,0.0,299.8,38.8,310.5,0
1724.0,171.0,1.0,301.7,33.0,310.5,0
1364.0,89.0,1.0,297.9,46.8,307.7,0
1466.0,152.0,0.0,302.4,43.9,311.2,0
1581.0,31.0,0.0,297.7,34.9,307.7,0
1469.0,15.0,0.0,299.6,47.0,310.2,0
1248.0,77.0,0.0,301.0,61.4,310.5,0
1555.0,128.0,1.0,303.8,33.4,312.7,0
1507.0,117.0,0.0,300.5,42.5,309.8,0
1516.0,14.0,0.0,300.8,35.6,311.6,0
1784.0,177.0,1.0,302.7,25.1,311.7,0
1588.0,138.0,1.0,301.0,32.7,309.6,0
1676.0,69.0,0.0,299.1,31.0,308.5,0
1563.0,139.0,1.0,301.7,34.5,311.2,0
1429.0,6.0,1.0,297.2,42.0,308.3,0
1570.0,202.0,0.0,301.1,41.6,311.1,0
1329.0,80.0,0.0,300.7,54.3,309.6,0
1655.0,142.0,2.0,302.5,32.3,311.5,0
1709.0,196.0,1.0,297.3,30.6,308.1,0
1461.0,0.0,0.0,302.6,45.4,310.5,0
1864.0,90.0,2.0,297.3,23.1,308.4,0
1477.0,13.0,1.0,300.0,38.1,309.6,0
1584.0,74.0,0.0,303.5,35.2,312.3,0
1434.0,108.0,0.0,299.0,45.9,308.6,0
1618.0,158.0,0.0,302.2,36.0,311.8,0
1557.0,135.0,0.0,296.9,38.1,307.8,0
1926.0,83.0,0.0,298.4,23.7,310.1,0
1358.0,56.0,1.0,301.8,52.3,310.9,0
1683.0,46.0,0.0,303.7,28.4,313.1,0
1588.0,38.0,0.0,299.6,34.1,310.2,0
1473.0,232.0,0.0,302.8,42.6,312.3,0
1441.0,132.0,1.0,298.7,43.2,308.4,0
1411.0,63.0,0.0,297.3,43.2,308.3,0
1470.0,98.0,0.0,300.6,37.7,310.5,0
1395.0,131.0,0.0,301.8,50.5,310.6,0
1365.0,183.0,0.0,298.9,50.9,309.6,0
1568.0,38.0,0.0,301.5,33.1,310.7,0
1419.0,125.0,0.0,301.3,55.7,310.3,0
1604.0,11.0,0.0,298.4,34.9,308.2,0
1504.0,20.0,0.0,298.5,38.0,308.3,0
1566.0,218.0,0.0,302.0,37.8,311.0,0
1373.0,3.0,0.0,300.4,47.2,311.7,0
1501.0,4.0,0.0,297.9,36.7,308.0,0
1891.0,86.0,0.0,300.2,22.6,311.4,0
1782.0,93.0,2.0,301.1,24.9,310.6,0
1502.0,30.0,0.0,297.9,40.2,309.0,0
1453.0,33.0,0.0,296.7,46.0,307.8,0
1500.0,104.0,0.0,298.0,36.7,308.9,0
1698.0,14.0,1.0,301.0,27.3,310.6,0
1635.0,213.0,0.0,300.7,32.4,311.7,0
1944.0,71.0,1.0,302.7,21.4,312.0,0
1451.0,183.0,1.0,301.4,45.3,310.5,0
1472.0,14.0,0.0,298.6,39.1,309.6,0
1435.0,147.0,1.0,298.1,40.9,307.7,0
1365.0,172.0,0.0,301.5,46.5,310.9,0
1518.0,155.0,0.0,301.9,34.1,310.4,0
1466.0,53.0,0.0,297.4,45.5,309.4,0
1606.0,17.0,0.0,298.0,30.8,307.7,0
1483.0,35.0,1.0,301.9,37.0,310.9,0
1293.0,189.0,0.0,299.3,53.7,309.1,0
1488.0,159.0,0.0,300.5,39.4,310.7,0
1297.0,109.0,0.0,302.3,62.5,311.2,0
1396.0,5.0,1.0,299.2,48.5,308.4,0
1630.0,2.0,0.0,298.6,30.6,309.9,0
1604.0,191.0,0.0,300.1,35.0,311.4,0
1319.0,36.0,0.0,299.1,60.3,308.2,0
1584.0,71.0,0.0,300.4,32.6,309.7,0
1901.0,81.0,1.0,297.4,22.1,308.6,0
1493.0,28.0,0.0,300.0,41.4,311.3,0
1563.0,6.0,1.0,300.4,34.0,309.6,0
1393.0,56.0,2.0,297.5,46.6,308.5,0
1589.0,11.0,0.0,298.5,30.6,308.8,0
1538.0,65.0,2.0,301.3,38.4,310.4,0
1394.0,168.0,1.0,301.2,42.8,310.7,0
1467.0,169.0,0.0,297.1,42.8,308.0,0
1511.0,197.0,0.0,302.6,37.2,310.5,0
1446.0,227.0,0.0,297.1,36.6,308.1,0
1569.0,173.0,1.0,298.0,35.6,307.6,0
1962.0,28.0,1.0,301.2,22.5,310.7,0
1724.0,119.0,1.0,300.9,25.6,309.4,0
1392.0,111.0,2.0,298.1,44.8,308.5,0
1428.0,99.0,1.0,301.2,36.6,312.4,0
1637.0,181.0,0.0,300.0,33.6,311.0,0
1628.0,105.0,2.0,302.2,30.6,311.1,0
1412.0,184.0,1.0,301.5,44.1,310.5,0
1511.0,120.0,0.0,297.3,35.7,308.6,0
1396.0,112.0,1.0,301.5,43.5,311.1,0
1754.0,125.0,0.0,297.3,26.8,308.2,0
1528.0,203.0,2.0,296.7,46.3,308.1,0
1682.0,83.0,0.0,301.1,29.7,312.3,0
2248.0,204.0,0.0,299.0,16.8,308.7,0
1504.0,51.0,0.0,298.8,41.0,310.2,0
1463.0,160.0,0.0,299.2,38.9,310.3,0
1655.0,30.0,0.0,300.0,29.6,311.4,0
1508.0,150.0,1.0,300.5,37.8,309.8,0
1645.0,93.0,0.0,302.4,31.6,310.1,0
2141.0,196.0,1.0,300.5,17.2,311.7,0
1437.0,29.0,0.0,297.5,42.3,308.3,0
2133.0,207.0,1.0,303.4,18.3,311.8,0
1456.0,89.0,0.0,302.8,36.1,311.1,0
1530.0,211.0,0.0,304.0,34.8,313.3,0
1479.0,22.0,0.0,300.2,47.0,309.1,0
1652.0,139.0,0.0,302.4,33.9,311.1,0
1378.0,83.0,0.0,301.0,44.4,310.5,0
1582.0,197.0,0.0,296.6,37.9,307.5,0
1426.0,38.0,1.0,298.6,45.4,309.5,0
1565.0,150.0,1.0,298.5,33.7,309.4,0
1481.0,187.0,0.0,298.8,47.4,310.1,0
1461.0,39.0,0.0,300.5,38.1,312.0,0
1486.0,66.0,0.0,300.0,36.4,310.2,0
1597.0,116.0,1.0,298.4,33.5,309.2,0
1517.0,145.0,1.0,301.0,46.1,310.4,0
1651.0,146.0,0.0,302.0,30.9,310.5,0
1556.0,135.0,0.0,302.9,45.3,311.1,0
1649.0,62.0,2.0,302.6,30.1,310.4,0
1531.0,60.0,0.0,302.2,37.5,310.9,0
1550.0,148.0,0.0,300.5,37.4,309.8,0
1791.0,168.0,2.0,299.1,28.0,310.6,0
1411.0,161.0,2.0,299.8,49.7,310.2,0
1568.0,42.0,0.0,300.1,39.7,309.4,0
1670.0,40.0,0.0,301.2,30.0,310.6,0
1452.0,56.0,0.0,302.2,42.3,310.9,0
1578.0,26.0,0.0,300.4,32.8,310.5,0
1519.0,178.0,0.0,302.6,38.1,312.1,0
1408.0,76.0,1.0,298.2,46.5,309.4,0
1384.0,121.0,0.0,303.7,45.9,312.3,0
1534.0,129.0,0.0,301.1,39.0,312.3,0
1549.0,81.0,0.0,301.5,38.5,309.8,0
1615.0,23.0,1.0,298.5,31.8,309.3,0
2465.0,149.0,0.0,301.7,13.7,310.5,0
1495.0,101.0,0.0,299.7,43.1,310.3,0
1761.0,174.0,0.0,301.3,24.3,310.7,0
1603.0,194.0,0.0,302.5,32.4,311.5,0
1379.0,0.0,2.0,298.3,43.2,309.0,0
1726.0,150.0,0.0,301.6,26.7,310.8,0
1586.0,215.0,0.0,299.1,36.6,309.9,0
1349.0,105.0,0.0,303.7,51.0,312.3,0
1560.0,73.0,1.0,299.6,37.1,309.1,0
1627.0,124.0,0.0,299.4,32.6,308.8,0
1786.0,100.0,0.0,299.3,23.5,309.0,0
1712.0,48.0,0.0,297.1,32.1,308.5,0
1409.0,134.0,0.0,296.1,42.8,306.7,0
1287.0,49.0,0.0,295.6,54.8,306.2,0
1821.0,202.0,0.0,300.3,26.3,311.7,0
1625.0,70.0,2.0,302.2,35.4,311.4,0
1402.0,24.0,0.0,299.2,47.7,308.4,0
1913.0,157.0,2.0,300.6,22.5,309.8,0
1636.0,7.0,0.0,300.4,32.3,311.8,0
1608.0,193.0,0.0,298.1,33.9,307.4,0
1701.0,12.0,0.0,303.6,30.8,312.8,0
1479.0,44.0,1.0,301.2,45.5,310.1,0
1610.0,87.0,0.0,301.9,33.4,310.6,0
1471.0,166.0,1.0,302.2,41.9,311.2,0
1489.0,11.0,0.0,298.0,40.4,308.2,0
1556.0,36.0,0.0,298.6,38.6,309.9,0
1842.0,67.0,0.0,303.3,24.5,311.8,0
1298.0,10.0,1.0,299.0,57.2,310.2,0
2025.0,64.0,0.0,300.6,21.4,309.5,0
1469.0,5.0,1.0,297.5,44.8,308.1,0
1413.0,153.0,0.0,299.6,48.5,309.0,0
1448.0,141.0,0.0,302.4,43.4,311.8,0
1658.0,150.0,0.0,302.3,32.3,311.6,0
1422.0,115.0,1.0,297.0,53.0,307.9,0
1503.0,208.0,0.0,300.1,42.6,311.7,0
1731.0,101.0,0.0,301.5,27.9,311.1,0
1558.0,190.0,1.0,301.0,37.5,312.0,0
1834.0,195.0,2.0,297.0,23.8,307.7,0
1512.0,156.0,0.0,298.8,40.7,309.1,0
1419.0,39.0,0.0,302.5,43.7,311.6,0
1824.0,186.0,0.0,304.1,25.8,313.2,0
1449.0,33.0,0.0,301.8,36.5,310.9,0
1488.0,133.0,1.0,300.4,42.2,309.7,0
1612.0,148.0,1.0,301.5,29.8,310.5,0
1791.0,81.0,1.0,301.6,23.8,310.7,0
1486.0,56.0,0.0,300.7,46.8,311.2,0
1504.0,129.0,0.0,300.9,46.4,310.6,0
1602.0,100.0,0.0,301.5,34.3,311.1,0
1685.0,193.0,0.0,300.2,31.0,311.5,0
1443.0,21.0,0.0,298.8,53.4,308.2,0
1487.0,150.0,2.0,297.4,46.2,308.4,0
1745.0,150.0,1.0,299.8,26.3,311.2,0
1455.0,118.0,1.0,301.6,39.0,310.4,0
1521.0,173.0,0.0,296.6,38.6,307.4,0
1469.0,128.0,0.0,301.7,37.2,311.1,0
1520.0,106.0,0.0,298.4,38.1,309.5,0
1430.0,189.0,1.0,303.9,53.5,312.9,0
2161.0,105.0,2.0,295.7,16.5,306.2,0
1680.0,158.0,1.0,304.1,29.3,313.3,0
1803.0,98.0,0.0,297.5,24.7,309.4,0
1424.0,39.0,0.0,302.2,45.2,311.5,0
1501.0,157.0,1.0,300.1,38.0,309.6,0
1384.0,73.0,0.0,297.5,56.0,308.4,0
1587.0,152.0,1.0,300.0,32.6,309.6,0
1497.0,91.0,0.0,297.5,43.9,308.6,0
1447.0,146.0,0.0,298.3,38.1,308.6,0
2370.0,144.0,1.0,300.2,14.7,311.0,0
1482.0,73.0,1.0,303.3,44.4,312.6,0
1446.0,86.0,2.0,300.7,45.4,312.3,0
1450.0,165.0,0.0,302.0,46.6,310.4,0
1536.0,202.0,0.0,297.5,39.0,308.6,0
1790.0,123.0,1.0,300.0,25.7,310.5,0
1624.0,216.0,0.0,301.7,34.5,310.6,0
1517.0,186.0,0.0,300.0,42.2,310.5,0
1462.0,115.0,0.0,298.5,45.1,309.6,0
2183.0,110.0,0.0,303.5,17.0,311.6,0
1377.0,92.0,0.0,299.0,62.5,310.2,1
1587.0,203.0,1.0,298.6,37.3,309.1,0
1468.0,55.0,1.0,300.6,40.4,311.4,0
1390.0,83.0,1.0,304.2,47.8,313.5,0
1565.0,59.0,0.0,302.3,37.8,311.8,0
1470.0,10.0,2.0,298.3,38.4,309.0,0
1865.0,48.0,0.0,302.0,22.7,311.0,0
1489.0,109.0,0.0,300.8,38.4,309.4,0
1831.0,161.0,1.0,303.1,23.3,311.4,0
1383.0,188.0,0.0,297.4,46.2,308.0,0
1556.0,76.0,0.0,300.6,34.9,311.7,0
1534.0,39.0,2.0,299.4,37.5,309.3,0
1434.0,80.0,0.0,300.1,40.8,311.5,0
1348.0,163.0,1.0,298.9,58.2,310.0,0
1711.0,170.0,2.0,303.7,27.6,312.6,0
1418.0,46.0,0.0,301.6,44.7,310.8,0
1491.0,192.0,0.0,298.6,36.9,309.6,0
1362.0,70.0,1.0,298.1,47.6,309.4,0
1566.0,170.0,0.0,300.2,36.4,309.9,0
1340.0,143.0,0.0,297.5,57.4,308.5,0
1452.0,33.0,0.0,300.7,44.4,311.2,0
1451.0,125.0,0.0,303.0,42.1,312.6,0
1694.0,115.0,1.0,296.8,33.0,307.8,0
1432.0,65.0,0.0,298.3,46.9,308.3,0
1489.0,141.0,0.0,297.5,40.7,308.2,0
1476.0,206.0,0.0,301.4,39.2,310.5,0
1623.0,127.0,2.0,297.4,33.8,308.7,0
1632.0,172.0,1.0,299.8,33.7,310.0,0
1448.0,196.0,0.0,299.6,46.3,310.9,0
1350.0,76.0,0.0,302.2,56.6,310.8,0
1437.0,149.0,0.0,297.6,46.3,308.1,0
1393.0,45.0,2.0,300.0,43.1,311.2,0
1645.0,169.0,0.0,298.9,31.1,309.5,0
1531.0,57.0,0.0,299.0,36.0,310.1,0
1932.0,79.0,0.0,301.0,21.7,310.5,0
1374.0,156.0,1.0,298.1,48.8,308.0,0
1609.0,156.0,0.0,299.2,33.2,310.2,0
1545.0,74.0,0.0,297.3,34.3,308.5,0
1715.0,17.0,0.0,301.7,24.8,311.0,0
1449.0,112.0,1.0,298.9,44.1,309.9,0
1694.0,14.0,0.0,301.6,26.3,310.1,0
1569.0,155.0,0.0,299.1,38.2,310.2,0
1403.0,34.0,1.0,301.5,47.4,310.6,0
1580.0,11.0,0.0,301.5,32.3,310.9,0
1537.0,190.0,0.0,298.8,39.9,310.0,0
1580.0,39.0,0.0,296.7,32.2,308.0,0
1448.0,209.0,1.0,300.2,40.1,310.3,0
1533.0,101.0,0.0,300.1,37.0,309.2,0
1358.0,194.0,0.0,302.0,53.1,310.6,0
1554.0,62.0,0.0,299.6,36.3,311.0,0
1546.0,55.0,0.0,301.2,40.0,310.5,0
1594.0,196.0,1.0,300.7,31.0,310.5,0
1457.0,96.0,0.0,304.2,49.4,313.4,0
1568.0,135.0,1.0,301.9,37.5,309.7,0
1544.0,97.0,0.0,300.3,41.6,311.4,0
1470.0,133.0,0.0,301.0,43.4,311.6,0
1489.0,109.0,0.0,298.0,36.5,308.8,0
1365.0,218.0,0.0,298.0,52.9,308.2,1
1628.0,229.0,0.0,297.6,33.4,309.4,0
1653.0,100.0,2.0,301.9,32.4,310.3,0
1509.0,45.0,1.0,302.5,37.6,310.4,0
1435.0,219.0,0.0,303.1,40.1,311.2,0
1424.0,151.0,1.0,304.2,43.7,313.6,0
1345.0,126.0,0.0,303.6,54.1,312.5,0
1628.0,64.0,1.0,299.0,35.8,310.2,0
1694.0,94.0,0.0,300.0,28.7,309.6,0
1409.0,98.0,0.0,303.0,41.9,311.2,0
1401.0,76.0,0.0,298.9,44.4,310.1,0
1568.0,23.0,0.0,300.8,36.0,311.6,0
1432.0,137.0,0.0,299.4,45.4,309.1,0
1459.0,96.0,0.0,296.6,40.2,307.6,0
1557.0,157.0,0.0,301.4,38.2,310.6,0
1433.0,22.0,0.0,299.4,42.1,309.2,0
1803.0,209.0,0.0,298.8,25.4,310.6,0
1547.0,186.0,2.0,298.0,36.8,307.7,0
1456.0,205.0,1.0,300.2,48.8,309.4,0
1638.0,152.0,0.0,299.9,29.1,310.3,0
1369.0,82.0,0.0,298.2,54.5,307.6,0
1465.0,140.0,1.0,302.2,43.5,310.9,0
1802.0,151.0,0.0,299.9,24.4,311.3,0
1520.0,208.0,0.0,302.6,43.0,312.2,0
1402.0,22.0,1.0,300.9,48.1,310.8,0
1446.0,146.0,0.0,302.5,44.0,310.3,0
1736.0,27.0,1.0,298.1,26.8,308.2,0
1606.0,14.0,0.0,297.9,35.5,307.4,0
1507.0,70.0,1.0,302.3,47.7,311.2,0
1413.0,83.0,0.0,302.2,43.5,311.5,0
1457.0,23.0,2.0,302.4,43.4,312.0,0
1311.0,118.0,0.0,300.8,55.8,310.9,0
1694.0,150.0,0.0,302.7,29.8,311.0,0
1391.0,169.0,1.0,298.6,42.4,308.4,0
1426.0,172.0,0.0,303.9,53.4,312.6,0
1309.0,56.0,0.0,297.3,61.5,308.3,0
1488.0,71.0,0.0,297.4,36.4,308.6,0
1460.0,22.0,2.0,301.4,47.2,309.9,0
1405.0,79.0,0.0,301.0,46.1,312.1,0
1561.0,16.0,0.0,297.9,37.7,307.5,0
1686.0,106.0,0.0,302.1,30.9,311.4,0
1420.0,60.0,0.0,299.7,44.1,309.3,0
1548.0,25.0,2.0,299.3,41.6,310.4,0
1563.0,143.0,0.0,298.8,33.7,309.8,0
2188.0,32.0,0.0,297.3,17.0,308.3,0
1657.0,37.0,0.0,302.0,31.9,310.7,0
1614.0,100.0,0.0,299.8,30.8,309.0,0
1621.0,169.0,0.0,302.4,32.5,312.0,0
1400.0,3.0,0.0,296.7,47.5,307.8,0
1679.0,222.0,2.0,302.0,29.0,310.9,0
1450.0,183.0,1.0,300.8,45.0,312.0,0
1402.0,114.0,0.0,297.4,40.2,308.7,0
1470.0,86.0,0.0,301.4,40.6,311.0,0
1499.0,137.0,0.0,302.3,37.8,310.7,0
1548.0,214.0,0.0,299.0,34.5,309.9,0
1450.0,186.0,1.0,296.9,46.9,308.4,0
1620.0,5.0,0.0,298.0,35.8,308.2,0
1552.0,116.0,1.0,300.5,41.3,309.9,0
1440.0,134.0,1.0,299.4,50.0,309.1,0
1751.0,160.0,0.0,298.8,29.6,309.7,0
1565.0,81.0,0.0,300.7,40.2,310.1,0
1572.0,17.0,1.0,302.2,34.6,310.1,0
1559.0,191.0,1.0,302.3,34.4,311.8,0
1453.0,86.0,0.0,297.7,45.5,308.5,0
1418.0,62.0,1.0,302.3,41.3,311.4,0
1428.0,47.0,0.0,301.0,45.3,310.9,0
1432.0,195.0,1.0,302.4,44.5,311.1,0
1307.0,86.0,0.0,302.5,54.0,310.2,1
1507.0,55.0,0.0,302.3,37.5,311.5,0
1526.0,175.0,0.0,300.2,45.6,309.8,0
1455.0,56.0,1.0,301.3,41.2,310.8,0
1342.0,60.0,0.0,301.0,50.9,311.3,0
1400.0,20.0,1.0,302.0,49.5,311.2,0
1743.0,134.0,0.0,298.4,27.3,307.9,0
1708.0,122.0,0.0,299.6,31.0,311.0,0
1725.0,172.0,1.0,299.1,26.6,308.8,0
2203.0,47.0,0.0,302.2,16.6,310.8,0
1760.0,76.0,0.0,301.3,23.9,310.9,0
1767.0,127.0,0.0,298.1,27.0,307.7,0
1319.0,26.0,0.0,300.4,48.1,309.6,0
1310.0,40.0,0.0,298.6,59.7,308.4,0
1485.0,57.0,0.0,298.1,40.7,308.2,0
1493.0,172.0,0.0,300.2,47.3,310.0,0
1410.0,47.0,1.0,298.7,45.6,309.2,0
1603.0,148.0,2.0,302.7,32.5,312.1,0
1611.0,211.0,0.0,297.5,30.2,309.1,0
1635.0,9.0,1.0,298.6,29.7,309.6,0
1318.0,146.0,0.0,297.5,58.2,309.4,0
1673.0,166.0,0.0,303.4,32.2,311.7,0
1332.0,66.0,0.0,303.5,52.9,312.9,0
1333.0,177.0,0.0,300.7,61.0,310.7,0
1363.0,28.0,0.0,298.7,45.5,310.2,0
1493.0,145.0,1.0,301.0,48.1,310.7,0
1410.0,189.0,0.0,300.2,51.4,311.8,0
1680.0,185.0,1.0,298.1,33.7,308.3,0
1385.0,98.0,2.0,298.2,42.2,308.4,0
1530.0,185.0,0.0,302.9,34.9,312.3,0
1706.0,148.0,1.0,299.8,29.2,311.2,0
1407.0,111.0,2.0,301.1,43.9,310.6,0
1611.0,183.0,0.0,298.8,32.4,310.0,0
1290.0,63.0,1.0,301.6,65.3,310.8,0
1570.0,15.0,0.0,302.3,37.2,311.4,0
1905.0,77.0,0.0,302.4,20.9,311.1,0
1439.0,111.0,1.0,298.3,43.8,307.7,0
1295.0,146.0,1.0,302.3,57.1,311.1,0
1555.0,0.0,0.0,297.1,36.2,308.5,0
1595.0,183.0,2.0,299.8,32.1,309.3,0
1562.0,162.0,0.0,301.6,34.4,310.6,0
1482.0,63.0,0.0,301.8,41.4,310.3,0
1418.0,77.0,2.0,297.7,51.9,308.4,0
1704.0,150.0,2.0,298.8,30.7,310.1,0
1461.0,31.0,0.0,303.7,50.1,312.9,0
1413.0,221.0,0.0,301.3,42.0,311.1,0
1327.0,186.0,0.0,297.8,61.0,307.3,1
1569.0,131.0,1.0,298.1,31.2,307.8,0
1521.0,174.0,1.0,302.5,40.2,312.0,0
1582.0,107.0,1.0,299.2,45.5,308.3,0
1437.0,117.0,0.0,297.4,40.4,309.2,0
1479.0,71.0,0.0,300.7,49.1,310.8,0
1888.0,221.0,1.0,300.4,21.9,309.5,0
1615.0,15.0,0.0,298.0,29.5,308.0,0
1405.0,78.0,0.0,301.9,48.8,310.7,0
1425.0,178.0,1.0,300.0,40.8,309.5,0
1623.0,210.0,0.0,299.0,33.0,310.1,0
1688.0,31.0,0.0,301.8,28.8,310.3,0
1598.0,148.0,2.0,302.1,37.9,311.2,0
1535.0,71.0,1.0,300.8,40.3,312.3,0
1664.0,186.0,0.0,303.0,29.8,311.2,0
1513.0,189.0,0.0,296.9,38.8,308.3,0
1756.0,2.0,2.0,301.0,30.7,310.1,0
1766.0,158.0,0.0,299.4,24.6,309.1,0
1430.0,35.0,0.0,301.5,46.5,310.1,0
1310.0,70.0,1.0,297.8,57.9,307.8,0
1382.0,151.0,1.0,297.4,49.9,308.7,0
1412.0,164.0,0.0,302.3,47.0,311.0,0
1301.0,138.0,0.0,298.9,51.1,308.4,0
1651.0,6.0,0.0,299.3,28.0,308.3,0
1443.0,0.0,2.0,299.1,40.3,309.9,0
1519.0,61.0,0.0,297.9,34.3,308.5,0
1333.0,40.0,0.0,299.6,51.2,310.2,0
1663.0,67.0,0.0,298.8,28.2,309.8,0
1485.0,50.0,1.0,302.4,45.9,310.2,0
1720.0,210.0,2.0,297.7,29.9,308.5,0
1682.0,78.0,0.0,300.6,30.7,309.6,0
1412.0,112.0,1.0,297.0,47.4,307.9,0
1685.0,66.0,1.0,304.0,28.2,313.0,0
1487.0,129.0,1.0,298.9,36.6,310.0,0
2250.0,208.0,0.0,299.0,16.6,308.7,0
1276.0,158.0,1.0,301.5,55.6,310.4,0
1392.0,51.0,0.0,302.4,50.5,311.3,0
1412.0,67.0,0.0,303.3,55.6,311.5,0
1303.0,2.0,1.0,303.7,54.4,313.0,0
1370.0,85.0,0.0,302.0,44.4,310.5,1
1462.0,81.0,0.0,302.4,48.5,311.0,0
1388.0,190.0,1.0,297.7,45.6,308.8,0
1485.0,142.0,0.0,301.6,40.1,311.0,0
1666.0,33.0,0.0,304.1,34.6,313.1,0
1650.0,126.0,0.0,301.8,31.9,310.6,0
1385.0,156.0,0.0,297.3,55.2,308.6,0
1392.0,0.0,1.0,296.9,43.9,307.8,0
1793.0,28.0,2.0,297.5,23.9,308.4,0
1431.0,46.0,1.0,297.2,43.7,308.3,0
1515.0,38.0,0.0,296.2,36.5,307.2,0
1617.0,126.0,0.0,301.0,34.5,310.3,0
1394.0,179.0,0.0,298.9,42.7,310.1,0
1683.0,8.0,0.0,300.5,31.5,310.3,0
1650.0,93.0,0.0,299.7,29.8,309.4,0
1296.0,204.0,2.0,300.7,58.2,310.8,0
1529.0,17.0,0.0,299.3,41.3,310.5,0
1421.0,102.0,0.0,302.3,41.4,310.8,0
1443.0,145.0,0.0,303.8,40.7,312.8,0
1427.0,75.0,1.0,300.6,52.8,310.6,0
1370.0,115.0,0.0,295.6,52.4,306.0,0
1390.0,68.0,1.0,300.5,51.9,311.4,0
1642.0,37.0,0.0,300.5,27.1,311.4,0
1457.0,14.0,0.0,301.3,44.5,311.2,0
1456.0,59.0,0.0,298.1,42.4,308.0,0
1605.0,128.0,0.0,296.7,31.3,307.8,0
1417.0,121.0,0.0,298.4,40.6,309.1,0
1575.0,210.0,1.0,300.1,29.8,311.4,0
1792.0,119.0,1.0,298.0,26.0,307.6,0
1314.0,193.0,1.0,299.2,52.5,308.8,0
1532.0,77.0,1.0,302.6,36.1,310.4,0
1611.0,197.0,1.0,297.2,31.6,308.5,0
1321.0,75.0,0.0,300.1,46.9,309.6,0
1724.0,76.0,1.0,300.7,30.0,310.8,0
1710.0,14.0,0.0,303.6,27.2,312.8,0
1388.0,68.0,2.0,301.1,58.5,310.6,0
1378.0,71.0,0.0,300.6,47.3,310.2,0
1501.0,203.0,0.0,298.4,50.0,308.9,0
1670.0,13.0,0.0,298.5,29.6,308.8,0
1726.0,202.0,0.0,297.1,28.4,308.4,0
1607.0,5.0,0.0,304.4,33.5,313.7,0
1355.0,8.0,1.0,298.4,50.6,309.3,0
1552.0,190.0,1.0,298.0,36.6,308.1,0
1501.0,212.0,2.0,300.2,42.9,310.4,0
1598.0,36.0,1.0,298.7,33.3,310.2,0
1345.0,192.0,0.0,300.3,53.5,309.3,0
1353.0,168.0,1.0,302.6,56.5,312.2,0
1641.0,35.0,0.0,300.0,30.1,309.5,0
1564.0,183.0,0.0,298.9,33.8,310.0,0
1569.0,188.0,1.0,301.9,32.5,310.9,0
1612.0,183.0,0.0,297.8,32.1,308.4,0
1540.0,175.0,0.0,299.2,36.3,310.7,0
1466.0,184.0,2.0,298.8,44.1,308.9,0
1330.0,7.0,1.0,297.6,53.1,309.6,0
1500.0,17.0,0.0,300.2,40.8,311.5,0
1398.0,50.0,0.0,300.8,38.2,310.9,0
1473.0,125.0,0.0,299.3,40.3,309.1,0
1332.0,147.0,1.0,298.2,60.2,309.2,0
1608.0,79.0,1.0,303.9,40.6,313.2,0
1436.0,103.0,0.0,298.1,46.7,308.4,0
1486.0,112.0,0.0,303.0,42.4,312.3,0
1389.0,123.0,1.0,304.0,45.8,313.4,0
1469.0,185.0,0.0,297.5,44.0,308.9,0
1827.0,9.0,0.0,302.2,23.8,310.8,0
1442.0,65.0,0.0,298.3,47.3,308.0,0
1336.0,29.0,0.0,300.5,57.1,310.3,0
1428.0,139.0,0.0,303.5,46.2,311.6,0
1608.0,106.0,1.0,298.2,33.8,307.7,0
1557.0,164.0,1.0,304.2,37.3,313.5,0
2157.0,94.0,1.0,302.6,17.2,310.2,0
1525.0,202.0,0.0,300.4,39.6,309.3,0
1651.0,42.0,0.0,298.7,29.5,309.9,0
1483.0,181.0,1.0,300.3,45.1,311.8,0
1522.0,70.0,0.0,301.8,43.8,310.6,0
1355.0,6.0,1.0,302.1,45.1,310.0,1
1540.0,5.0,0.0,298.6,35.8,309.6,0
1592.0,85.0,0.0,298.1,33.9,309.0,0
1471.0,41.0,0.0,297.2,41.7,308.5,0
1626.0,87.0,0.0,303.0,30.5,312.5,0
1440.0,148.0,0.0,300.7,43.0,311.1,0
1308.0,87.0,0.0,297.9,55.2,307.7,0
1629.0,74.0,0.0,302.9,30.4,312.5,0
1363.0,7.0,0.0,303.6,53.1,312.4,0
1469.0,26.0,0.0,299.7,39.5,310.2,0
1438.0,103.0,0.0,300.6,53.8,310.0,0
1391.0,161.0,0.0,298.1,57.4,307.5,0
1911.0,126.0,2.0,298.8,21.6,309.8,0
1737.0,144.0,0.0,299.7,26.1,310.6,0
1983.0,201.0,0.0,299.7,21.0,311.0,0
1747.0,45.0,0.0,297.5,31.0,308.4,0
1401.0,163.0,0.0,300.2,49.3,309.8,0
1642.0,195.0,0.0,302.7,30.8,310.5,0
1349.0,104.0,1.0,298.3,52.1,308.8,0
1420.0,119.0,0.0,300.7,47.0,311.8,0
1795.0,117.0,0.0,300.5,27.7,309.5,0
1390.0,175.0,1.0,297.6,53.4,308.6,0
1651.0,0.0,0.0,298.8,33.3,310.6,0
1528.0,99.0,1.0,298.8,37.1,310.3,0
1695.0,33.0,2.0,296.8,30.0,307.5,0
1502.0,103.0,0.0,303.6,39.5,312.6,0
1475.0,119.0,0.0,297.6,43.0,308.8,0
1494.0,33.0,1.0,300.3,38.5,309.9,0
1622.0,34.0,0.0,301.1,35.6,311.3,0
1616.0,20.0,2.0,297.7,31.1,309.7,0
1434.0,121.0,0.0,300.8,50.7,312.5,0
1886.0,117.0,1.0,299.5,20.9,308.8,0
1311.0,44.0,1.0,298.6,46.6,309.2,0
2032.0,203.0,0.0,301.8,19.0,310.0,0
1703.0,120.0,1.0,299.3,31.3,309.1,0
1772.0,69.0,0.0,300.7,27.3,310.8,0
1508.0,99.0,0.0,295.8,46.5,306.6,0
1832.0,35.0,0.0,303.7,23.6,312.8,0
1373.0,179.0,0.0,300.8,45.4,309.7,0
1529.0,136.0,0.0,298.8,44.0,309.7,0
1486.0,55.0,1.0,298.8,38.5,310.0,0
1475.0,46.0,1.0,302.4,45.2,311.4,0
1512.0,170.0,1.0,298.5,38.1,309.3,0
1456.0,15.0,1.0,301.2,50.8,309.9,0
1507.0,112.0,0.0,298.3,41.6,309.9,0
1446.0,105.0,0.0,297.8,51.4,307.6,0
1294.0,101.0,2.0,302.1,62.4,310.7,1
1329.0,99.0,1.0,300.1,57.4,310.5,0
1447.0,174.0,0.0,302.2,52.1,311.1,0
1654.0,171.0,2.0,297.1,31.4,308.4,0
1484.0,169.0,0.0,302.4,45.9,311.1,0
1453.0,147.0,0.0,302.3,41.2,311.7,0
1492.0,88.0,1.0,297.6,35.5,308.6,0
1396.0,117.0,0.0,301.5,44.5,310.5,0
1482.0,41.0,1.0,304.3,43.8,313.4,0
1506.0,210.0,1.0,297.1,37.7,308.1,0
1503.0,152.0,2.0,303.0,37.0,311.2,0
1412.0,27.0,0.0,297.8,48.3,307.8,0
1426.0,97.0,0.0,300.7,46.2,311.1,0
1563.0,53.0,0.0,297.8,34.3,307.8,0
1832.0,129.0,1.0,302.2,23.7,310.5,0
1566.0,156.0,0.0,297.3,35.7,308.1,0
1623.0,180.0,2.0,298.9,31.0,308.6,0
1397.0,22.0,2.0,296.9,48.3,307.5,0
1386.0,38.0,0.0,302.6,45.8,312.4,0
1429.0,53.0,1.0,301.8,47.9,310.7,0
1591.0,33.0,2.0,301.5,29.6,310.8,0
1343.0,140.0,1.0,301.6,49.5,310.8,0
1387.0,154.0,0.0,298.9,57.3,308.5,0
1555.0,185.0,0.0,302.2,34.2,311.0,0
1815.0,190.0,0.0,300.7,27.0,309.9,0
1442.0,148.0,0.0,298.0,43.6,307.7,0
1498.0,73.0,0.0,300.8,40.2,311.3,0
1672.0,176.0,0.0,300.7,29.7,310.0,0
1432.0,11.0,0.0,298.0,46.2,308.4,0
1463.0,145.0,0.0,300.2,37.5,311.4,0
1454.0,35.0,0.0,298.0,37.1,308.1,0
1539.0,4.0,0.0,298.9,45.4,308.6,0
1568.0,166.0,0.0,298.2,36.3,309.1,0
1434.0,82.0,1.0,299.8,48.0,309.6,0
1861.0,73.0,0.0,299.0,23.3,309.5,0
1410.0,79.0,2.0,297.0,47.6,308.1,0
2069.0,27.0,0.0,298.9,18.7,308.6,0
1362.0,70.0,0.0,301.6,55.8,310.1,1
1377.0,8.0,0.0,298.2,57.8,309.0,0
1477.0,2.0,2.0,297.3,52.3,308.1,0
1385.0,5.0,0.0,302.1,53.6,310.6,0
1433.0,13.0,0.0,302.7,43.7,310.7,0
1445.0,20.0,0.0,296.2,41.8,307.2,0
1402.0,204.0,0.0,299.9,44.7,310.0,0
1513.0,0.0,0.0,303.2,37.9,311.5,0
1532.0,178.0,1.0,301.3,40.7,310.7,0
1407.0,205.0,0.0,298.0,43.9,307.7,0
2496.0,111.0,0.0,300.6,13.5,309.4,0
1384.0,27.0,0.0,298.5,59.5,308.0,0
1552.0,139.0,0.0,299.6,33.2,311.0,0
1409.0,12.0,0.0,299.1,46.4,308.2,0
1416.0,90.0,0.0,300.2,46.7,310.5,0
1413.0,64.0,1.0,298.8,45.5,309.8,0
1269.0,195.0,0.0,301.3,56.8,310.1,1
1450.0,14.0,2.0,298.8,44.7,308.2,0
2055.0,105.0,0.0,301.5,16.8,311.1,0
1434.0,16.0,0.0,301.3,49.8,311.3,0
1804.0,17.0,1.0,299.0,26.8,309.0,0
1563.0,8.0,0.0,302.0,36.2,311.0,0
1495.0,175.0,0.0,300.4,51.2,311.3,0
1376.0,164.0,0.0,302.7,52.8,312.2,0
1427.0,136.0,0.0,297.1,45.2,308.2,0
1532.0,32.0,1.0,303.7,41.3,312.9,0
1537.0,33.0,1.0,300.4,35.0,310.3,0
1471.0,59.0,1.0,300.7,40.2,310.3,0
1305.0,20.0,2.0,302.7,55.2,310.4,1
1461.0,173.0,0.0,300.8,42.8,310.7,0
1468.0,197.0,0.0,297.1,44.4,308.4,0
1705.0,200.0,0.0,297.2,26.0,308.0,0
1874.0,28.0,0.0,297.7,24.4,309.0,0
1460.0,102.0,0.0,300.0,43.5,309.4,0
1666.0,37.0,1.0,301.2,34.9,310.1,0
1579.0,91.0,2.0,298.5,33.5,309.6,0
1601.0,9.0,0.0,297.3,35.7,308.2,0
1498.0,46.0,1.0,298.5,34.6,309.3,0
1583.0,72.0,1.0,303.3,33.3,311.8,0
1404.0,201.0,0.0,298.0,46.6,308.5,0
1381.0,206.0,0.0,301.5,50.7,310.6,0
2183.0,39.0,0.0,300.2,17.8,309.5,0
1481.0,20.0,0.0,301.5,46.8,310.6,0
1706.0,103.0,0.0,298.9,27.6,310.2,0
1496.0,46.0,0.0,298.0,45.8,309.5,0
1545.0,117.0,0.0,298.4,36.6,309.5,0
1570.0,160.0,2.0,297.7,35.8,309.7,0
