x0,x1,x2,x3,x4,x5,y
0.0,298.1,307.8,1524.0,40.8,71.0,0
0.0,299.6,309.1,1574.0,39.2,83.0,0
2.0,299.1,308.3,1451.0,42.8,21.0,0
0.0,298.3,308.5,1539.0,36.1,168.0,0
1.0,297.3,308.7,1577.0,35.6,133.0,0
0.0,300.1,309.3,1616.0,32.0,199.0,0
0.0,297.9,307.5,1561.0,37.7,16.0,0
0.0,297.1,307.8,1477.0,36.6,177.0,0
0.0,298.7,309.8,1469.0,38.4,62.0,0
1.0,303.0,311.1,1372.0,54.3,117.0,1
0.0,299.8,309.7,1483.0,39.6,87.0,0
0.0,303.5,313.0,1322.0,59.5,71.0,0
0.0,298.3,308.9,1862.0,27.0,172.0,0
0.0,300.4,310.2,1529.0,36.2,10.0,0
0.0,301.4,310.4,1433.0,43.4,86.0,0
0.0,298.8,310.0,1389.0,49.6,149.0,0
0.0,296.8,307.6,1368.0,52.0,140.0,0
0.0,298.3,309.1,1395.0,49.8,133.0,0
0.0,300.8,310.8,1741.0,27.1,39.0,0
0.0,300.3,311.5,1446.0,45.0,82.0,0
1.0,299.0,310.1,1705.0,30.1,84.0,0
0.0,301.6,310.9,1559.0,40.2,191.0,0
0.0,300.5,311.5,1708.0,31.2,57.0,0
1.0,300.4,311.4,1355.0,56.2,122.0,0
0.0,297.8,307.5,1631.0,29.9,144.0,0
0.0,297.5,309.3,1675.0,29.8,72.0,0
1.0,300.6,309.4,1541.0,35.2,105.0,0
2.0,299.2,310.7,1636.0,29.4,23.0,0
1.0,297.7,309.0,1433.0,41.8,16.0,0
0.0,301.2,309.9,1687.0,29.7,30.0,0
0.0,300.4,309.8,1314.0,63.1,146.0,0
0.0,299.3,309.1,1795.0,24.7,187.0,0
1.0,298.1,308.8,1811.0,25.4,147.0,0
1.0,299.3,308.4,1468.0,42.2,83.0,0
1.0,300.6,311.6,1669.0,29.2,200.0,0
1.0,302.7,312.2,1350.0,58.6,2.0,0
0.0,297.6,309.1,1449.0,49.1,174.0,0
0.0,298.7,308.5,1480.0,42.2,58.0,0
1.0,297.7,308.1,1469.0,48.8,183.0,0
1.0,304.1,313.2,1586.0,41.1,129.0,0
1.0,298.4,308.6,1527.0,40.9,96.0,0
1.0,298.9,308.5,1555.0,37.6,142.0,0
1.0,303.8,313.2,1710.0,26.5,190.0,0
0.0,298.2,308.4,1512.0,34.9,181.0,0
0.0,297.8,309.2,1400.0,56.9,34.0,0
1.0,299.2,309.1,1503.0,34.7,6.0,0
0.0,298.5,309.5,1738.0,25.2,49.0,0
1.0,299.2,308.4,1476.0,32.7,101.0,0
0.0,299.8,311.1,1412.0,42.5,181.0,0
2.0,297.5,309.3,1525.0,41.7,235.0,0
0.0,299.6,309.5,1570.0,35.5,189.0,0
2.0,303.3,311.3,1502.0,39.5,38.0,0
0.0,298.4,308.9,1706.0,29.5,107.0,0
2.0,299.0,310.1,2053.0,19.7,137.0,0
0.0,298.9,310.1,1401.0,44.4,76.0,0
0.0,302.3,311.5,1507.0,37.5,55.0,0
0.0,300.3,309.6,1326.0,52.4,57.0,0
1.0,300.0,311.4,1533.0,42.6,180.0,0
1.0,298.4,309.5,1519.0,35.4,133.0,0
0.0,301.0,310.9,1428.0,45.3,47.0,0
0.0,296.8,307.6,1398.0,46.7,144.0,0
0.0,302.1,311.2,1454.0,59.2,153.0,1
0.0,301.0,310.9,1473.0,44.2,116.0,0
0.0,302.6,310.4,1365.0,66.8,80.0,1
0.0,298.8,309.5,1368.0,44.7,147.0,0
0.0,297.4,309.2,1620.0,33.2,28.0,0
1.0,300.2,309.4,1433.0,48.8,191.0,0
2.0,299.3,308.8,1636.0,35.5,180.0,0
1.0,299.8,309.4,1439.0,47.4,57.0,0
1.0,302.4,311.8,1557.0,31.5,49.0,0
1.0,298.2,309.1,1651.0,28.8,186.0,0
1.0,303.6,312.8,1825.0,25.2,29.0,0
1.0,298.9,310.1,1513.0,41.5,80.0,0
2.0,298.0,309.4,1562.0,38.1,58.0,0
0.0,299.5,310.8,1873.0,22.3,211.0,0
1.0,297.2,308.6,1513.0,39.0,78.0,0
1.0,301.0,311.6,1357.0,45.6,137.0,0
1.0,302.4,311.8,1453.0,42.1,105.0,0
0.0,301.9,310.9,1597.0,36.9,50.0,0
1.0,297.6,308.6,1509.0,39.7,166.0,0
2.0,297.0,307.8,1404.0,40.7,184.0,0
0.0,301.9,311.0,1541.0,38.9,193.0,0
1.0,304.2,313.4,1411.0,54.8,44.0,0
2.0,300.5,311.6,1506.0,36.2,10.0,0
1.0,298.8,310.3,1573.0,41.8,91.0,0
0.0,299.8,311.2,1564.0,40.0,172.0,0
1.0,302.3,311.7,1483.0,40.5,8.0,0
1.0,297.6,308.3,1467.0,36.7,68.0,0
0.0,302.1,310.5,1559.0,36.0,124.0,0
0.0,296.8,308.1,1356.0,48.3,201.0,0
1.0,300.4,309.8,1430.0,43.4,198.0,0
1.0,302.2,311.3,1521.0,40.6,52.0,0
1.0,298.4,309.5,1484.0,41.7,119.0,0
0.0,300.7,311.0,1312.0,52.1,107.0,0
0.0,298.2,307.8,1804.0,25.1,108.0,0
0.0,301.7,309.8,1491.0,39.3,114.0,0
0.0,304.0,313.0,2012.0,21.1,115.0,0
0.0,299.8,309.5,1641.0,27.1,16.0,0
1.0,298.5,308.8,1557.0,36.0,21.0,0
1.0,296.2,307.3,1451.0,42.8,11.0,0
0.0,301.4,310.6,1578.0,33.0,181.0,0
2.0,303.8,312.6,1811.0,24.9,183.0,0
1.0,299.2,308.4,1396.0,48.5,5.0,0
0.0,299.5,309.3,1941.0,22.5,18.0,0
2.0,300.3,309.9,1509.0,46.6,125.0,0
0.0,299.0,310.1,1623.0,33.0,210.0,0
0.0,302.4,310.3,1520.0,31.6,121.0,0
2.0,298.5,309.4,1414.0,46.7,102.0,0
0.0,297.8,307.5,1388.0,40.0,159.0,0
0.0,297.3,308.7,1491.0,40.2,112.0,0
2.0,298.3,309.6,1546.0,36.2,177.0,0
2.0,300.9,311.0,1853.0,23.6,122.0,0
0.0,301.0,310.9,1492.0,36.7,199.0,0
0.0,302.4,311.1,1905.0,20.9,77.0,0
0.0,298.1,307.9,1665.0,32.0,7.0,0
0.0,297.3,308.3,1519.0,37.7,45.0,0
2.0,302.2,311.6,1534.0,37.2,41.0,0
1.0,302.3,311.2,1432.0,42.7,68.0,0
0.0,298.5,309.4,1364.0,44.5,162.0,0
1.0,300.8,309.7,1751.0,27.9,183.0,0
1.0,300.8,312.0,1450.0,45.0,183.0,0
0.0,303.6,312.7,1429.0,47.7,198.0,0
0.0,297.8,307.2,1498.0,38.1,188.0,0
0.0,301.8,310.6,1451.0,50.7,108.0,0
0.0,298.0,307.7,1479.0,42.5,47.0,0
1.0,297.8,308.4,1579.0,36.6,152.0,0
1.0,302.5,311.4,1636.0,35.0,157.0,0
1.0,297.5,308.4,1369.0,54.8,145.0,0
0.0,301.2,310.6,1437.0,51.2,112.0,0
0.0,300.6,311.7,1488.0,47.7,22.0,0
1.0,303.9,313.0,1620.0,36.6,80.0,0
2.0,296.4,307.4,1586.0,35.5,0.0,0
2.0,302.4,312.0,1457.0,43.4,23.0,0
0.0,296.3,307.3,1439.0,41.5,208.0,0
2.0,302.2,311.9,1597.0,35.8,160.0,0
1.0,298.8,310.3,1528.0,37.1,99.0,0
0.0,297.4,309.0,1583.0,32.0,166.0,0
0.0,296.5,307.3,1579.0,34.5,166.0,0
0.0,298.9,310.3,1496.0,36.3,161.0,0
0.0,302.0,310.9,1455.0,43.2,220.0,0
0.0,302.9,312.6,1328.0,59.9,24.0,0
0.0,299.3,309.1,1551.0,39.1,147.0,0
2.0,303.5,312.8,1404.0,55.8,84.0,0
1.0,300.3,311.1,1477.0,44.2,166.0,0
0.0,297.3,308.1,1615.0,35.4,217.0,1
1.0,301.0,309.6,1397.0,48.0,135.0,0
0.0,296.6,307.4,1465.0,47.8,187.0,0
0.0,301.5,310.9,1400.0,50.8,2.0,0
1.0,300.2,310.3,1448.0,40.1,209.0,0
1.0,302.0,310.6,1623.0,34.3,9.0,0
0.0,298.4,308.9,1501.0,50.0,203.0,0
1.0,298.9,309.0,1924.0,22.6,193.0,0
1.0,297.4,308.2,1401.0,51.9,117.0,0
0.0,304.3,313.5,1590.0,29.8,17.0,0
1.0,300.9,309.4,1724.0,25.6,119.0,0
0.0,300.2,309.8,1506.0,41.8,161.0,0
0.0,299.3,308.6,1520.0,33.7,76.0,0
0.0,298.9,310.0,1452.0,48.9,185.0,0
0.0,299.3,309.1,1473.0,40.3,125.0,0
0.0,302.7,312.2,1611.0,34.1,186.0,0
0.0,296.2,307.1,1413.0,53.4,203.0,0
0.0,295.8,306.5,1358.0,49.2,63.0,0
0.0,300.8,312.0,1382.0,49.3,177.0,0
0.0,301.8,310.3,1765.0,27.3,29.0,0
0.0,301.7,311.0,1585.0,35.9,185.0,0
1.0,302.2,311.4,1398.0,47.2,202.0,0
0.0,297.4,308.7,1545.0,36.9,125.0,0
0.0,297.4,309.0,1505.0,39.2,209.0,0
0.0,302.6,312.1,1288.0,68.5,0.0,1
1.0,296.9,307.8,1828.0,24.6,91.0,0
0.0,302.7,312.2,1336.0,46.8,179.0,0
0.0,301.3,310.0,1506.0,40.8,11.0,0
0.0,297.1,308.3,1496.0,45.8,190.0,0
0.0,299.3,308.9,1258.0,69.4,119.0,1
0.0,301.5,310.5,1556.0,39.1,48.0,0
0.0,296.9,307.8,1571.0,35.0,102.0,0
2.0,297.4,308.5,1469.0,45.1,63.0,0
0.0,297.7,308.4,1487.0,41.4,84.0,0
0.0,298.8,308.4,1737.0,27.7,130.0,0
0.0,300.7,311.0,1462.0,41.9,126.0,0
0.0,301.9,311.0,1376.0,44.9,186.0,0
1.0,300.5,309.7,1347.0,54.3,136.0,0
1.0,300.4,310.6,1545.0,35.6,16.0,0
0.0,304.0,312.9,1313.0,53.9,202.0,0
0.0,297.0,307.9,1635.0,31.6,147.0,0
0.0,299.4,309.3,1544.0,36.0,197.0,0
2.0,298.8,310.1,1704.0,30.7,150.0,0
2.0,299.7,310.3,1462.0,40.4,19.0,0
0.0,298.8,308.6,1501.0,35.0,55.0,0
0.0,300.9,310.4,1454.0,43.1,43.0,0
1.0,297.4,308.8,1359.0,48.7,220.0,0
0.0,302.2,311.4,2080.0,19.2,31.0,0
0.0,298.9,310.1,1823.0,26.1,131.0,0
0.0,298.9,310.2,1562.0,42.5,179.0,0
1.0,302.6,311.0,1591.0,33.9,119.0,0
1.0,299.8,309.6,1331.0,50.2,98.0,0
1.0,300.5,309.8,1410.0,44.4,111.0,0
0.0,304.1,313.3,1459.0,50.3,39.0,0
0.0,297.7,309.1,1479.0,42.1,58.0,0
2.0,303.7,312.6,1711.0,27.6,170.0,0
0.0,300.4,311.3,1639.0,34.6,24.0,0
1.0,298.2,308.3,1448.0,43.3,199.0,0
0.0,299.0,310.1,1375.0,48.9,59.0,0
2.0,297.3,308.7,1478.0,47.6,98.0,0
0.0,303.4,311.9,1377.0,41.6,34.0,1
2.0,298.3,309.1,1646.0,30.2,125.0,0
1.0,297.7,309.1,1732.0,28.1,167.0,0
0.0,299.2,310.6,1534.0,39.7,83.0,0
0.0,300.0,309.8,1372.0,39.6,105.0,0
0.0,297.4,308.4,1392.0,49.7,174.0,0
1.0,299.0,310.6,1787.0,22.2,192.0,0
0.0,297.9,308.9,1393.0,40.6,45.0,0
0.0,301.8,309.6,1432.0,43.7,138.0,0
0.0,301.7,310.8,1622.0,37.8,0.0,0
0.0,297.6,309.1,1503.0,38.9,157.0,0
0.0,300.8,311.9,1498.0,39.3,23.0,0
0.0,301.4,310.5,1432.0,54.3,81.0,0
0.0,300.5,309.8,1507.0,42.5,117.0,0
2.0,301.5,310.5,1453.0,48.0,124.0,0
0.0,297.3,307.9,1417.0,41.8,186.0,0
0.0,301.1,311.6,1488.0,43.4,5.0,0
0.0,298.2,309.0,2449.0,13.8,45.0,0
1.0,300.7,310.9,1468.0,41.8,112.0,0
2.0,300.8,310.8,1618.0,32.8,40.0,0
0.0,300.8,310.3,1538.0,36.1,198.0,0
2.0,297.9,308.5,1383.0,44.6,184.0,0
2.0,300.3,309.9,1405.0,52.1,205.0,0
0.0,296.9,307.6,1435.0,45.0,119.0,0
0.0,300.8,311.7,1578.0,31.4,219.0,0
0.0,297.5,308.3,1585.0,32.9,32.0,0
1.0,299.4,309.2,1470.0,44.4,135.0,0
1.0,300.0,311.4,1692.0,29.0,216.0,1
0.0,299.8,309.4,1467.0,46.2,219.0,0
0.0,297.7,308.1,1734.0,30.7,177.0,0
2.0,298.8,310.0,1530.0,38.3,53.0,0
1.0,300.6,309.5,1530.0,40.2,93.0,0
1.0,298.7,310.1,1644.0,34.1,46.0,0
0.0,298.7,309.8,1402.0,54.3,128.0,0
1.0,297.2,307.9,1747.0,29.0,188.0,0
0.0,298.3,309.1,1417.0,60.5,143.0,0
2.0,300.9,311.2,1518.0,35.0,90.0,0
0.0,302.4,311.1,1634.0,34.2,184.0,0
0.0,298.5,308.4,1733.0,26.0,8.0,0
0.0,300.5,310.3,1336.0,57.1,29.0,0
1.0,300.2,311.6,1608.0,35.0,212.0,0
0.0,297.4,308.8,1447.0,58.1,129.0,0
1.0,300.8,310.5,1696.0,29.7,162.0,0
0.0,299.2,308.7,1492.0,37.8,91.0,0
1.0,300.3,311.8,1607.0,33.7,199.0,0
0.0,298.3,308.4,1329.0,49.2,166.0,0
0.0,300.0,311.4,1590.0,33.6,5.0,0
0.0,300.6,312.0,1406.0,55.1,136.0,0
0.0,300.3,309.6,1435.0,45.4,181.0,0
1.0,303.5,312.3,1543.0,33.3,71.0,0
1.0,299.0,309.7,1418.0,44.7,209.0,0
1.0,298.7,309.6,1738.0,27.3,79.0,0
1.0,300.2,309.8,1466.0,45.7,41.0,0
2.0,298.0,308.8,1411.0,53.8,73.0,0
0.0,301.7,310.6,1545.0,42.1,68.0,0
0.0,297.4,307.9,1606.0,33.4,176.0,0
0.0,298.7,310.2,1402.0,45.9,30.0,0
2.0,298.1,309.1,1425.0,44.5,49.0,0
0.0,295.5,306.2,1448.0,48.9,65.0,0
2.0,300.7,310.5,1476.0,43.1,134.0,0
0.0,297.8,307.7,1393.0,38.0,29.0,0
1.0,296.9,307.9,1441.0,47.6,60.0,0
1.0,300.4,310.4,1544.0,36.3,21.0,0
0.0,302.2,311.5,1548.0,32.4,81.0,0
1.0,297.5,308.0,1430.0,44.5,178.0,0
2.0,299.7,311.1,1353.0,47.1,143.0,0
0.0,303.7,312.6,1702.0,29.1,141.0,0
1.0,299.1,310.6,1449.0,43.2,80.0,0
1.0,301.5,310.4,1378.0,55.3,109.0,0
0.0,297.1,308.4,1583.0,31.9,2.0,0
0.0,301.3,310.9,1596.0,33.9,157.0,0
2.0,300.9,311.4,1387.0,42.7,121.0,0
1.0,297.4,308.9,1323.0,57.3,163.0,0
0.0,299.4,310.6,1418.0,53.1,10.0,0
0.0,300.1,309.3,1654.0,31.0,201.0,0
1.0,301.9,309.6,1385.0,45.8,217.0,0
0.0,302.8,312.2,1433.0,50.0,216.0,0
0.0,298.3,309.0,1519.0,40.0,96.0,0
0.0,302.5,311.9,1520.0,44.9,94.0,0
0.0,298.9,310.0,1693.0,28.8,56.0,0
0.0,300.4,310.4,1486.0,46.3,48.0,0
0.0,301.3,310.6,1521.0,36.3,166.0,0
2.0,302.6,310.4,1649.0,30.1,62.0,0
0.0,298.6,309.5,1450.0,44.2,63.0,0
2.0,302.8,312.4,1411.0,53.8,246.0,1
0.0,299.8,309.4,1630.0,32.4,53.0,0
1.0,300.5,311.7,2141.0,17.2,196.0,0
1.0,300.5,310.2,1386.0,48.2,225.0,0
0.0,300.5,310.5,1695.0,26.7,28.0,0
0.0,300.2,309.8,1418.0,49.3,16.0,0
1.0,300.2,309.4,1329.0,53.6,186.0,0
2.0,300.0,309.6,1629.0,32.3,89.0,0
0.0,301.4,310.5,1571.0,33.9,208.0,0
1.0,302.4,311.8,1539.0,39.9,101.0,0
2.0,300.2,311.0,1777.0,27.5,151.0,0
1.0,297.8,307.4,1902.0,24.3,129.0,0
2.0,300.7,310.8,1346.0,52.0,193.0,0
0.0,301.6,310.9,1385.0,50.7,195.0,0
0.0,297.2,308.5,1766.0,25.8,7.0,0
0.0,300.1,309.7,1441.0,40.1,46.0,0
0.0,299.8,309.4,1475.0,43.4,51.0,0
0.0,303.6,312.9,1480.0,41.4,135.0,0
0.0,302.3,311.0,1528.0,43.1,30.0,0
0.0,302.7,310.7,1597.0,41.9,15.0,0
0.0,297.4,308.3,1465.0,42.0,13.0,0
1.0,298.9,310.7,1638.0,33.6,218.0,0
0.0,300.3,310.3,1362.0,60.3,206.0,1
2.0,298.8,310.2,1455.0,44.9,107.0,0
0.0,303.0,312.7,1361.0,48.8,120.0,0
0.0,302.8,310.9,1636.0,35.0,38.0,0
0.0,300.9,312.0,1500.0,44.2,188.0,0
0.0,300.8,309.8,1657.0,31.1,151.0,0
0.0,303.8,312.7,1461.0,38.2,188.0,0
0.0,302.3,311.3,1324.0,47.8,131.0,0
0.0,296.9,307.5,1354.0,44.4,16.0,0
0.0,301.5,310.5,1380.0,48.7,160.0,0
2.0,299.1,308.3,1521.0,36.5,40.0,0
1.0,298.9,308.6,1425.0,49.6,35.0,0
0.0,297.5,308.8,1360.0,50.7,190.0,0
0.0,300.9,312.1,1711.0,28.8,74.0,0
1.0,303.0,311.2,1592.0,38.9,188.0,0
1.0,302.3,311.0,1578.0,33.5,158.0,0
1.0,302.1,310.6,1326.0,59.1,88.0,1
0.0,301.4,310.6,1347.0,53.3,104.0,0
1.0,301.3,309.9,1501.0,39.5,27.0,0
0.0,302.0,310.9,1495.0,38.6,52.0,0
2.0,300.8,311.2,1612.0,32.5,143.0,0
0.0,300.9,310.9,1749.0,26.4,40.0,0
1.0,299.1,308.6,2329.0,14.6,95.0,0
1.0,298.2,309.0,1410.0,47.6,76.0,0
1.0,299.3,309.1,1703.0,31.3,120.0,0
0.0,299.2,309.0,1515.0,48.9,228.0,1
1.0,299.8,311.0,1948.0,20.0,185.0,0
0.0,301.4,309.9,1259.0,63.9,20.0,1
0.0,297.0,307.6,1575.0,37.4,98.0,0
0.0,299.1,310.5,1736.0,26.9,74.0,0
0.0,298.2,307.9,1785.0,23.4,181.0,0
1.0,303.4,311.8,1515.0,42.6,204.0,0
1.0,303.7,312.6,1671.0,30.5,163.0,0
1.0,298.0,307.4,1463.0,46.5,182.0,0
2.0,302.6,310.4,1614.0,36.0,74.0,0
1.0,300.0,309.6,1587.0,32.6,152.0,0
1.0,299.2,308.3,1755.0,26.4,19.0,0
0.0,297.2,308.5,1471.0,41.7,41.0,0
2.0,298.6,309.5,1420.0,50.4,82.0,0
0.0,299.9,309.5,1567.0,35.5,171.0,0
2.0,299.1,309.9,1443.0,40.3,0.0,0
0.0,297.3,307.9,1797.0,24.7,75.0,0
0.0,298.8,308.6,1431.0,45.7,97.0,0
0.0,302.6,311.9,1633.0,30.9,89.0,0
1.0,299.1,308.6,1499.0,45.1,185.0,0
0.0,300.6,310.1,1485.0,49.9,19.0,0
0.0,299.0,310.0,1484.0,39.6,212.0,0
2.0,300.5,310.5,1403.0,47.7,24.0,0
0.0,301.3,311.1,1560.0,35.3,55.0,0
1.0,301.4,311.1,1758.0,25.4,88.0,0
0.0,298.2,308.9,1444.0,53.1,83.0,0
0.0,301.0,311.4,1478.0,39.5,75.0,0
0.0,302.2,310.8,1340.0,47.8,54.0,0
2.0,301.3,310.0,1532.0,36.3,2.0,0
1.0,302.3,311.4,1418.0,41.3,62.0,0
0.0,295.6,306.2,1446.0,49.9,133.0,0
0.0,303.5,311.6,1577.0,38.1,112.0,0
0.0,298.9,308.7,1564.0,34.1,99.0,0
0.0,298.6,309.4,1667.0,35.6,185.0,0
1.0,298.5,309.5,1535.0,39.8,87.0,0
0.0,300.7,311.2,1878.0,24.3,24.0,0
1.0,303.3,311.8,1441.0,44.9,61.0,0
1.0,303.5,313.0,1403.0,51.9,77.0,0
0.0,300.8,312.0,1496.0,40.0,175.0,0
0.0,298.9,308.7,1558.0,41.2,110.0,0
0.0,300.7,309.6,1810.0,26.0,195.0,0
0.0,301.1,312.4,1430.0,37.9,124.0,0
1.0,298.8,309.2,1452.0,48.6,98.0,0
1.0,301.8,311.1,1413.0,42.2,9.0,0
0.0,297.6,308.3,1523.0,39.5,137.0,0
0.0,298.6,309.9,1461.0,45.7,49.0,0
1.0,299.8,311.3,1517.0,41.2,105.0,0
0.0,302.0,311.3,1567.0,41.1,26.0,0
1.0,302.9,312.5,1679.0,30.9,79.0,0
0.0,299.4,309.1,1304.0,50.5,153.0,0
1.0,299.6,310.1,1455.0,46.1,76.0,0
2.0,300.3,311.6,1801.0,23.6,97.0,0
0.0,301.0,311.2,1511.0,42.9,26.0,0
1.0,298.0,307.6,1581.0,43.4,113.0,0
1.0,299.3,309.0,1420.0,41.6,155.0,0
0.0,298.2,307.8,1355.0,59.4,115.0,0
0.0,297.4,308.3,1571.0,37.7,162.0,0
0.0,303.8,312.9,1514.0,34.3,180.0,0
1.0,298.7,310.1,1368.0,56.8,72.0,0
0.0,300.2,309.7,1275.0,60.7,15.0,0
1.0,301.4,310.0,1689.0,32.1,207.0,0
0.0,302.2,311.5,1424.0,45.2,39.0,0
2.0,303.7,311.9,1332.0,52.7,66.0,1
0.0,301.3,310.6,1966.0,22.6,161.0,0
1.0,301.8,310.2,1437.0,42.3,0.0,0
1.0,299.9,310.4,1367.0,53.3,201.0,0
0.0,300.7,311.1,1688.0,30.7,161.0,0
0.0,301.0,312.1,1405.0,46.1,79.0,0
0.0,302.7,310.5,1446.0,40.9,211.0,1
0.0,302.2,310.8,1350.0,56.6,76.0,0
0.0,300.7,310.2,1807.0,24.2,77.0,0
0.0,299.0,309.4,1798.0,25.5,89.0,0
1.0,302.6,310.2,1563.0,39.0,97.0,0
0.0,301.5,311.0,1494.0,45.3,99.0,0
2.0,303.3,311.2,1607.0,31.7,34.0,0
0.0,298.1,308.1,1791.0,27.3,63.0,0
1.0,299.5,309.0,1701.0,28.6,98.0,0
1.0,303.4,312.7,1399.0,48.4,34.0,0
1.0,297.6,308.8,1416.0,45.9,101.0,0
0.0,297.5,308.2,1489.0,40.7,141.0,0
0.0,300.4,311.1,1397.0,50.8,189.0,0
0.0,299.4,309.3,1525.0,41.5,30.0,0
0.0,300.0,310.2,1675.0,29.7,64.0,0
1.0,303.8,312.8,1420.0,47.9,200.0,0
1.0,303.7,312.7,1469.0,48.5,147.0,0
0.0,301.6,311.2,1525.0,43.7,91.0,0
0.0,298.2,308.2,1436.0,50.2,43.0,0
0.0,302.1,311.2,1454.0,46.8,0.0,0
1.0,297.9,307.3,1420.0,47.8,171.0,0
0.0,301.0,311.2,1412.0,42.1,64.0,0
0.0,297.2,308.1,1431.0,49.7,210.0,1
0.0,297.4,308.4,1341.0,52.2,49.0,0
0.0,298.8,308.9,1527.0,32.4,189.0,0
1.0,296.9,308.0,1430.0,55.9,71.0,0
0.0,303.7,312.5,1462.0,46.2,165.0,0
2.0,298.6,309.5,1375.0,41.0,39.0,0
1.0,303.8,312.7,1488.0,41.3,175.0,0
0.0,296.8,307.4,1549.0,48.3,105.0,0
0.0,301.1,311.0,1677.0,29.1,188.0,0
0.0,300.4,310.8,1348.0,56.0,146.0,0
1.0,304.0,313.1,1450.0,42.8,101.0,0
1.0,300.8,310.7,1452.0,43.0,139.0,0
0.0,297.6,308.5,1475.0,42.4,24.0,0
0.0,298.8,310.3,1553.0,36.8,97.0,0
0.0,301.5,311.1,1731.0,27.9,101.0,0
0.0,297.1,307.8,1681.0,27.6,181.0,0
0.0,301.0,310.9,1578.0,38.4,49.0,0
1.0,300.6,310.7,1654.0,32.0,180.0,0
2.0,298.3,308.0,1637.0,30.8,2.0,0
0.0,297.8,307.4,1355.0,45.8,60.0,0
0.0,302.6,311.7,1773.0,27.1,30.0,0
0.0,300.6,311.9,1413.0,41.3,43.0,0
1.0,297.3,308.5,1664.0,28.9,174.0,0
2.0,299.3,309.1,1552.0,40.7,120.0,0
0.0,303.3,311.5,1601.0,35.2,10.0,0
2.0,301.7,310.1,1660.0,29.3,72.0,0
0.0,301.4,310.7,1786.0,26.1,123.0,0
0.0,300.7,310.7,1450.0,43.4,80.0,0
0.0,297.9,308.5,1305.0,47.2,155.0,0
1.0,301.4,310.7,1692.0,32.3,5.0,0
0.0,298.9,310.0,1719.0,27.3,58.0,0
0.0,298.8,308.5,1736.0,29.0,31.0,0
0.0,297.7,308.5,1501.0,41.4,201.0,0
0.0,301.0,310.5,1378.0,44.4,83.0,0
0.0,297.1,307.9,1456.0,50.0,166.0,0
1.0,296.8,307.8,1664.0,32.8,142.0,0
0.0,299.2,310.3,1352.0,48.9,238.0,1
1.0,300.7,311.0,1378.0,51.6,130.0,0
1.0,297.4,308.4,1675.0,29.5,59.0,0
0.0,303.8,312.7,1596.0,36.6,134.0,0
1.0,303.7,312.7,1532.0,42.7,194.0,0
1.0,296.2,307.2,1385.0,44.0,5.0,0
0.0,300.9,310.4,1427.0,47.0,65.0,0
0.0,301.5,310.4,1543.0,34.0,55.0,0
0.0,302.7,311.0,1694.0,29.8,150.0,0
0.0,299.4,309.2,1489.0,42.3,114.0,0
0.0,299.3,310.4,1725.0,26.8,167.0,0
0.0,299.5,309.4,1602.0,31.5,193.0,0
0.0,300.7,310.0,1395.0,48.0,85.0,0
0.0,299.5,309.3,1577.0,36.6,14.0,0
0.0,299.3,308.7,1579.0,36.3,211.0,0
1.0,299.1,310.1,1412.0,44.4,24.0,0
1.0,299.6,310.9,1474.0,39.7,64.0,0
0.0,300.2,311.5,1528.0,36.1,125.0,0
0.0,299.3,310.5,1818.0,26.0,102.0,0
0.0,299.1,308.5,1647.0,35.0,74.0,0
1.0,298.6,309.7,1635.0,32.2,110.0,0
0.0,299.0,310.2,1533.0,43.5,159.0,0
0.0,297.0,307.9,1493.0,46.1,173.0,0
0.0,298.6,309.4,2312.0,15.5,44.0,0
0.0,300.4,309.6,1543.0,38.1,209.0,0
0.0,300.5,311.5,1490.0,38.4,67.0,0
1.0,303.2,311.5,1336.0,58.2,2.0,1
0.0,302.4,311.0,1423.0,46.2,186.0,0
0.0,300.7,309.6,1661.0,30.3,129.0,0
0.0,302.0,310.4,1568.0,39.2,112.0,0
0.0,298.9,308.6,1481.0,40.7,124.0,0
2.0,298.1,308.0,1570.0,35.3,159.0,0
0.0,298.9,308.5,1742.0,34.5,117.0,0
0.0,303.6,312.9,1381.0,57.8,27.0,0
1.0,304.1,313.2,1410.0,42.4,155.0,0
1.0,301.5,310.6,2432.0,14.2,126.0,0
1.0,303.5,311.6,1562.0,34.2,107.0,0
1.0,299.1,310.5,1428.0,43.0,53.0,0
0.0,299.9,309.1,1412.0,48.3,198.0,0
2.0,297.7,308.4,1738.0,27.7,96.0,0
0.0,300.4,309.8,1549.0,38.9,150.0,0
2.0,300.4,311.8,2496.0,13.5,5.0,0
0.0,298.6,308.2,1361.0,68.2,172.0,1
1.0,300.3,309.2,1364.0,47.6,45.0,0
0.0,302.8,312.5,1462.0,43.4,68.0,0
0.0,297.4,309.1,1478.0,49.8,150.0,0
1.0,301.0,310.7,1657.0,29.9,148.0,0
0.0,303.3,311.6,1514.0,34.7,130.0,0
0.0,301.5,310.9,1600.0,39.0,160.0,0
0.0,302.4,311.8,1673.0,30.1,210.0,0
0.0,300.4,311.2,1472.0,37.3,187.0,0
1.0,297.2,308.4,1863.0,26.0,110.0,0
0.0,300.2,310.2,1415.0,49.6,21.0,0
0.0,303.3,311.6,1337.0,56.8,187.0,1
1.0,300.2,311.7,1597.0,39.5,68.0,0
1.0,297.5,308.7,1446.0,53.0,168.0,0
1.0,298.7,308.5,1360.0,52.9,69.0,0
0.0,299.9,309.2,1333.0,50.8,61.0,0
0.0,302.4,311.9,1671.0,29.9,204.0,0
0.0,303.0,311.2,1601.0,32.9,69.0,0
1.0,302.4,310.9,1469.0,41.6,124.0,0
0.0,302.5,312.0,1456.0,46.3,208.0,0
0.0,298.0,308.1,1454.0,37.1,35.0,0
0.0,300.3,309.8,1466.0,41.2,156.0,0
0.0,298.8,310.6,1651.0,33.3,0.0,0
1.0,297.5,308.5,1662.0,30.3,26.0,0
0.0,302.1,310.7,1314.0,52.8,8.0,1
0.0,303.4,312.3,1663.0,33.9,78.0,0
0.0,301.7,311.1,1399.0,55.1,156.0,0
0.0,299.7,309.1,1713.0,33.5,141.0,0
1.0,302.7,312.0,1944.0,21.4,71.0,0
1.0,301.3,310.0,1696.0,32.4,202.0,0
1.0,302.7,310.6,1349.0,51.2,6.0,1
0.0,300.0,309.7,1554.0,32.0,117.0,0
0.0,296.1,306.7,1409.0,42.8,134.0,0
0.0,298.2,308.2,1667.0,30.6,59.0,0
0.0,299.6,310.8,1644.0,30.9,114.0,0
2.0,303.7,312.7,1564.0,40.2,150.0,0
1.0,300.9,311.3,1603.0,31.8,190.0,0
1.0,299.0,310.3,1558.0,35.4,223.0,0
0.0,300.7,309.9,1383.0,44.5,176.0,0
0.0,298.2,308.8,1540.0,34.8,32.0,0
1.0,302.3,310.1,1563.0,37.8,31.0,0
2.0,303.3,312.6,1827.0,24.2,132.0,0
1.0,297.9,307.4,1610.0,34.6,219.0,0
1.0,302.3,311.8,1879.0,23.0,124.0,0
0.0,302.0,310.4,1450.0,46.6,165.0,0
0.0,297.7,308.5,1373.0,56.7,203.0,1
1.0,301.9,310.9,1483.0,37.0,35.0,0
1.0,300.6,311.7,1424.0,50.8,182.0,0
1.0,299.6,311.1,1649.0,33.8,133.0,0
0.0,297.6,308.5,1678.0,34.2,114.0,0
0.0,301.3,311.1,1624.0,40.9,0.0,0
0.0,298.2,309.0,1651.0,31.5,197.0,0
1.0,301.4,310.7,1375.0,42.0,168.0,0
0.0,299.0,310.2,1690.0,30.7,244.0,0
0.0,297.9,309.1,1504.0,43.0,4.0,0
0.0,300.6,310.0,1505.0,35.9,95.0,0
0.0,300.2,309.5,1495.0,32.6,49.0,0
2.0,299.1,310.6,1791.0,28.0,168.0,0
1.0,297.0,308.1,1573.0,34.9,93.0,0
0.0,298.8,309.8,1437.0,42.8,23.0,0
1.0,297.4,308.3,1405.0,51.7,108.0,0
2.0,302.8,312.3,1483.0,47.2,223.0,0
0.0,297.6,309.4,1491.0,40.2,231.0,0
2.0,301.6,310.9,1419.0,50.2,51.0,0
2.0,298.3,309.3,1529.0,41.7,5.0,0
0.0,297.6,308.3,1502.0,43.2,139.0,0
0.0,300.1,310.2,1475.0,54.2,53.0,0
0.0,298.2,308.4,1388.0,53.8,137.0,0
0.0,301.9,310.6,1573.0,36.6,15.0,0
0.0,297.9,307.7,1567.0,34.7,74.0,0
0.0,300.6,311.1,1471.0,40.7,26.0,0
1.0,298.1,308.1,1390.0,49.8,85.0,0
0.0,301.0,311.0,1581.0,37.0,127.0,0
0.0,300.3,309.4,1705.0,29.4,190.0,0
0.0,302.6,311.0,1369.0,60.0,93.0,1
0.0,298.7,310.1,1401.0,45.3,67.0,0
0.0,300.0,309.6,1514.0,44.6,98.0,0
2.0,298.8,309.6,1309.0,57.4,185.0,0
1.0,302.3,310.9,1558.0,31.9,207.0,0
0.0,302.9,312.2,1469.0,42.0,214.0,0
1.0,301.7,310.6,1505.0,44.5,146.0,0
0.0,300.8,310.9,1398.0,38.2,50.0,0
0.0,298.1,307.5,1684.0,33.1,200.0,0
1.0,302.0,310.5,1639.0,32.9,94.0,0
0.0,297.4,308.4,1571.0,39.4,0.0,0
0.0,301.9,310.7,1370.0,50.3,20.0,0
0.0,297.8,307.8,1597.0,38.2,11.0,0
0.0,303.8,313.1,1869.0,25.8,211.0,0
0.0,301.7,310.6,1743.0,26.2,71.0,0
1.0,296.9,307.8,1426.0,50.7,130.0,0
1.0,300.6,309.5,1492.0,34.0,144.0,0
0.0,298.4,308.9,1496.0,37.9,194.0,0
1.0,297.4,308.3,1335.0,57.9,113.0,0
0.0,300.6,309.4,1552.0,36.4,113.0,0
0.0,300.0,309.5,1641.0,30.1,35.0,0
0.0,298.8,308.4,1401.0,47.3,10.0,0
0.0,298.3,309.4,1546.0,36.1,94.0,0
1.0,301.5,310.5,1600.0,32.8,205.0,0
1.0,298.2,309.2,1332.0,60.2,147.0,0
0.0,297.5,309.3,1623.0,33.4,74.0,0
0.0,301.8,310.5,1548.0,34.1,93.0,0
0.0,300.9,310.5,2288.0,16.1,85.0,0
0.0,302.2,311.3,1382.0,46.4,94.0,0
1.0,302.7,311.6,1501.0,38.8,171.0,0
2.0,299.1,308.8,1566.0,46.6,192.0,0
1.0,302.1,311.1,1450.0,51.6,86.0,0
0.0,299.7,310.2,1469.0,39.5,26.0,0
0.0,297.4,308.3,1632.0,33.5,39.0,0
0.0,298.0,309.6,1633.0,34.8,41.0,0
1.0,298.3,308.0,1463.0,42.5,190.0,0
0.0,297.5,308.4,1489.0,39.5,96.0,0
0.0,296.9,307.6,1452.0,45.7,122.0,0
0.0,300.9,311.3,1953.0,19.4,107.0,0
0.0,303.9,312.7,1528.0,38.4,177.0,0
0.0,302.3,311.8,1605.0,35.2,152.0,0
0.0,302.9,312.4,1550.0,36.9,194.0,0
0.0,301.7,311.0,1715.0,24.8,17.0,0
0.0,302.3,311.7,1400.0,41.6,136.0,0
1.0,301.3,310.7,1391.0,52.5,61.0,0
0.0,300.4,311.5,1704.0,29.7,103.0,0
0.0,297.1,308.7,1474.0,42.3,64.0,0
1.0,298.3,308.4,1486.0,44.2,196.0,0
0.0,296.8,308.0,1536.0,40.4,217.0,0
0.0,298.0,309.5,1496.0,45.8,46.0,0
2.0,300.6,309.8,1913.0,22.5,157.0,0
0.0,301.0,310.7,1464.0,45.8,184.0,0
0.0,299.0,308.6,1661.0,32.2,106.0,0
0.0,302.5,312.2,1775.0,27.9,56.0,0
1.0,298.3,309.1,1296.0,58.7,201.0,0
0.0,295.5,306.1,1650.0,32.8,67.0,0
0.0,300.3,310.4,1672.0,29.2,39.0,0
1.0,304.3,313.3,1540.0,39.0,14.0,0
1.0,300.3,311.5,1400.0,43.8,0.0,0
0.0,296.8,307.9,1448.0,48.8,31.0,0
0.0,297.0,308.2,1577.0,29.4,130.0,0
0.0,300.9,310.7,1479.0,43.3,201.0,0
0.0,296.4,307.2,1748.0,25.3,144.0,0
0.0,298.6,309.5,1450.0,44.3,7.0,0
0.0,297.1,307.8,1428.0,43.7,179.0,0
1.0,302.5,312.0,1447.0,45.7,210.0,0
0.0,299.1,310.5,1329.0,54.9,58.0,0
0.0,301.9,310.6,1331.0,68.6,85.0,1
0.0,298.4,308.3,1452.0,48.5,73.0,0
0.0,302.4,311.2,1450.0,47.9,154.0,0
1.0,302.2,311.3,1375.0,47.0,98.0,0
0.0,297.4,308.6,1446.0,48.1,88.0,0
0.0,301.2,310.9,1467.0,37.1,153.0,0
0.0,300.4,310.0,1769.0,26.1,38.0,0
0.0,304.0,313.3,1530.0,34.8,211.0,0
0.0,301.8,310.6,1372.0,54.7,95.0,0
0.0,302.5,311.1,1571.0,34.2,201.0,0
1.0,302.8,312.3,1416.0,42.7,241.0,0
1.0,298.8,310.0,1529.0,38.5,77.0,0
0.0,297.4,308.4,1525.0,38.7,62.0,0
0.0,303.1,312.7,1353.0,51.8,97.0,0
0.0,298.8,309.7,1529.0,44.0,136.0,0
1.0,299.9,309.6,1364.0,44.4,20.0,0
1.0,297.6,308.4,1391.0,51.9,218.0,0
1.0,301.7,309.9,1434.0,47.9,189.0,0
0.0,297.6,308.5,1574.0,37.1,121.0,0
0.0,298.5,308.0,1624.0,29.8,160.0,0
0.0,301.5,310.6,1565.0,43.9,142.0,0
0.0,303.6,312.3,1616.0,29.3,226.0,0
0.0,301.3,310.9,1566.0,33.1,82.0,0
0.0,297.6,308.7,1622.0,37.9,79.0,0
2.0,299.8,309.5,1420.0,46.7,136.0,0
0.0,302.6,312.3,1660.0,30.3,36.0,0
0.0,301.2,311.0,1567.0,35.1,64.0,0
0.0,302.7,312.3,1421.0,48.5,0.0,0
0.0,298.2,309.1,1569.0,35.2,199.0,0
0.0,299.4,308.9,1550.0,33.7,174.0,0
2.0,301.3,311.0,1580.0,36.6,184.0,0
1.0,300.8,310.3,1458.0,43.4,0.0,0
1.0,300.7,310.6,1349.0,54.5,19.0,0
0.0,299.0,310.0,1360.0,48.1,37.0,0
2.0,297.7,307.3,1514.0,38.6,19.0,0
1.0,298.4,309.7,1679.0,33.3,167.0,0
2.0,298.2,308.7,1520.0,35.7,40.0,0
2.0,299.0,308.7,1940.0,19.9,98.0,0
0.0,298.1,308.4,1592.0,38.2,211.0,0
1.0,299.4,310.7,1492.0,45.7,219.0,0
0.0,300.6,311.5,1419.0,38.6,31.0,0
0.0,299.1,310.6,1921.0,23.9,158.0,0
0.0,303.1,312.6,1548.0,36.4,150.0,0
0.0,303.5,311.8,1927.0,21.9,195.0,0
0.0,300.5,311.8,1524.0,38.9,214.0,1
0.0,298.9,308.8,1530.0,38.3,23.0,0
0.0,297.0,307.8,1396.0,50.0,96.0,0
0.0,302.0,310.7,1348.0,58.1,83.0,0
1.0,297.8,307.6,1352.0,49.4,102.0,0
0.0,299.7,310.3,1386.0,46.6,2.0,0
1.0,299.3,309.1,1385.0,45.6,34.0,0
1.0,300.1,309.2,1457.0,44.3,98.0,0
0.0,298.2,308.0,1535.0,38.0,179.0,0
1.0,298.8,309.9,1415.0,53.2,194.0,0
0.0,302.0,310.6,1583.0,35.2,171.0,0
0.0,295.5,305.9,1542.0,36.2,12.0,0
0.0,299.5,310.0,1379.0,50.4,85.0,0
0.0,300.1,309.6,1565.0,34.8,32.0,0
1.0,300.5,309.7,1685.0,29.4,140.0,0
0.0,302.7,312.4,1954.0,24.8,13.0,0
1.0,300.9,310.8,1790.0,26.2,191.0,0
0.0,300.9,311.2,1789.0,25.5,114.0,0
0.0,296.5,307.6,1431.0,45.2,90.0,0
0.0,304.2,313.3,1410.0,51.6,47.0,0
2.0,297.4,308.7,1726.0,26.8,158.0,0
0.0,299.1,310.5,1389.0,61.4,64.0,0
0.0,300.9,310.6,1552.0,34.9,95.0,0
0.0,303.5,311.9,1405.0,45.6,10.0,0
0.0,302.4,311.9,1541.0,37.9,192.0,0
0.0,299.8,309.4,1460.0,37.4,25.0,0
0.0,303.5,313.0,1465.0,41.0,56.0,0
1.0,298.8,309.7,1459.0,47.3,141.0,0
2.0,297.1,308.2,1790.0,30.3,128.0,0
1.0,298.2,309.1,1411.0,45.8,157.0,0
1.0,297.2,308.5,1611.0,31.6,197.0,0
1.0,297.3,308.4,1665.0,28.9,17.0,0
1.0,301.2,312.3,1548.0,38.3,87.0,0
0.0,301.0,310.3,1617.0,34.5,126.0,0
0.0,300.6,311.7,1507.0,45.5,74.0,0
0.0,299.9,311.3,1371.0,52.3,167.0,0
0.0,301.0,310.7,1391.0,45.0,123.0,0
0.0,303.9,312.7,1602.0,33.9,165.0,0
0.0,297.3,308.7,1551.0,40.0,125.0,0
0.0,297.5,308.3,1437.0,42.3,29.0,0
1.0,300.4,311.8,1362.0,47.6,188.0,0
0.0,298.9,310.0,1633.0,31.2,76.0,0
1.0,299.3,310.5,1462.0,40.5,24.0,0
1.0,300.2,309.4,1752.0,27.8,208.0,0
0.0,298.9,310.0,1559.0,33.4,58.0,0
0.0,300.3,311.5,1378.0,47.5,64.0,0
1.0,297.2,308.5,1487.0,46.9,173.0,0
0.0,301.8,310.6,1192.0,68.9,135.0,0
2.0,298.0,307.6,1420.0,45.8,150.0,0
0.0,297.3,308.1,1568.0,34.4,194.0,0
0.0,298.4,309.3,1512.0,35.8,18.0,0
1.0,298.9,310.6,1720.0,25.3,197.0,0
2.0,297.7,308.4,1418.0,51.9,77.0,0
1.0,297.7,308.2,1370.0,53.4,162.0,0
0.0,301.5,310.5,1528.0,35.7,198.0,0
1.0,300.9,310.3,1416.0,50.9,152.0,0
0.0,298.6,308.4,1310.0,59.7,40.0,0
1.0,297.2,308.4,1378.0,41.9,97.0,0
0.0,299.0,310.2,1477.0,37.9,60.0,0
0.0,300.2,310.4,1518.0,41.8,5.0,0
0.0,298.8,309.8,1663.0,28.2,67.0,0
0.0,299.7,309.5,1352.0,49.7,184.0,0
1.0,303.6,312.7,1765.0,27.5,115.0,0
0.0,300.3,311.5,1552.0,38.9,23.0,0
2.0,297.6,309.5,1623.0,33.1,224.0,0
0.0,302.1,311.5,1477.0,45.4,111.0,0
0.0,301.6,310.7,1679.0,29.5,10.0,0
0.0,301.2,311.0,1761.0,29.1,195.0,0
0.0,300.7,309.6,1733.0,24.8,85.0,0
0.0,302.5,310.3,1592.0,32.6,174.0,0
0.0,300.5,309.8,1939.0,21.4,164.0,0
0.0,300.7,311.2,1457.0,51.4,61.0,0
0.0,299.0,310.3,1520.0,45.0,171.0,0
0.0,297.8,309.2,1372.0,47.3,15.0,0
0.0,300.7,310.8,1486.0,37.1,186.0,0
0.0,302.1,310.8,1596.0,37.1,43.0,0
1.0,298.8,308.8,1441.0,40.5,63.0,0
0.0,300.3,309.6,1624.0,32.6,175.0,0
1.0,300.8,310.3,1868.0,24.5,95.0,0
1.0,298.2,307.8,1583.0,36.6,185.0,0
0.0,297.4,308.1,1435.0,45.7,110.0,0
1.0,299.2,308.3,1364.0,51.8,104.0,0
1.0,303.9,313.0,1475.0,41.0,11.0,0
1.0,300.4,310.2,1671.0,30.5,234.0,1
2.0,301.1,310.6,1782.0,24.9,93.0,0
0.0,303.9,312.6,1426.0,53.4,172.0,0
0.0,298.4,309.3,1545.0,36.9,3.0,0
0.0,302.1,310.7,1465.0,40.7,13.0,0
1.0,299.5,309.3,1506.0,41.5,77.0,0
0.0,299.8,309.2,1491.0,47.5,216.0,0
0.0,297.3,308.5,1503.0,43.3,90.0,0
0.0,297.8,307.6,1607.0,30.3,62.0,0
0.0,301.0,311.0,1634.0,31.2,182.0,0
2.0,297.5,308.7,1416.0,39.2,74.0,0
0.0,300.9,310.7,1477.0,43.2,143.0,0
1.0,299.4,308.9,1457.0,41.5,201.0,0
2.0,303.8,313.2,1381.0,52.4,140.0,0
1.0,300.1,309.2,1687.0,27.7,95.0,0
1.0,299.3,308.4,1438.0,42.3,0.0,0
0.0,299.5,309.1,1476.0,47.8,223.0,0
0.0,301.0,310.8,1558.0,34.9,196.0,0
1.0,298.2,309.0,1723.0,26.6,168.0,0
0.0,300.2,309.4,1526.0,35.3,46.0,0
0.0,303.4,311.9,1434.0,44.6,78.0,0
0.0,303.6,312.5,1431.0,49.0,162.0,0
0.0,297.2,308.1,1474.0,44.3,152.0,0
2.0,300.2,309.8,1374.0,47.7,8.0,0
0.0,301.7,310.6,1624.0,34.5,216.0,0
0.0,301.4,310.5,1380.0,48.4,131.0,0
0.0,300.2,309.7,1421.0,44.6,17.0,0
1.0,297.6,307.1,1526.0,39.1,39.0,0
1.0,296.2,307.2,1633.0,31.1,0.0,0
0.0,297.5,309.4,1809.0,24.3,110.0,0
0.0,300.3,311.4,1343.0,57.7,142.0,0
0.0,295.9,306.6,1679.0,30.4,117.0,0
1.0,300.8,310.8,1461.0,41.3,53.0,0
0.0,301.5,310.6,1578.0,34.1,120.0,0
0.0,297.9,307.6,1503.0,40.7,124.0,0
0.0,298.7,308.5,1616.0,30.2,34.0,0
1.0,297.4,308.5,1566.0,31.4,76.0,0
1.0,303.7,312.7,1669.0,31.7,120.0,0
0.0,300.6,309.6,1409.0,42.4,57.0,0
0.0,300.3,311.1,1676.0,28.6,158.0,0
1.0,298.5,309.3,1465.0,42.4,173.0,0
0.0,298.0,307.7,1606.0,30.8,17.0,0
0.0,298.7,309.2,1396.0,44.8,178.0,0
0.0,299.6,309.0,1413.0,48.5,153.0,0
0.0,298.9,308.3,1855.0,23.8,33.0,0
0.0,297.4,308.8,1529.0,41.3,165.0,0
0.0,298.8,309.9,1351.0,47.2,73.0,0
0.0,301.6,311.1,1907.0,21.5,102.0,0
0.0,299.1,308.8,1413.0,42.1,86.0,0
1.0,300.4,309.3,1467.0,40.3,166.0,0
2.0,297.2,307.9,1450.0,37.2,151.0,0
0.0,300.5,309.6,1760.0,30.6,213.0,0
0.0,298.4,309.7,1581.0,34.6,150.0,0
0.0,303.8,313.1,1256.0,58.7,213.0,1
0.0,298.9,309.3,1665.0,32.5,93.0,0
0.0,300.5,311.6,1534.0,37.7,90.0,0
1.0,298.6,309.1,1339.0,51.1,34.0,0
0.0,301.5,310.4,1918.0,21.8,9.0,0
2.0,298.9,310.6,1615.0,33.0,221.0,0
1.0,298.5,309.6,1492.0,41.7,100.0,0
1.0,296.2,307.2,1552.0,34.8,8.0,0
0.0,298.4,308.5,1741.0,32.8,112.0,0
0.0,301.1,311.1,1450.0,43.3,168.0,0
0.0,303.7,312.8,1832.0,23.6,35.0,0
1.0,301.1,311.0,1413.0,46.6,30.0,0
0.0,301.4,310.8,1490.0,38.0,168.0,0
0.0,298.2,308.9,1336.0,45.0,66.0,0
1.0,304.3,313.4,1482.0,43.8,41.0,0
0.0,297.4,308.1,1729.0,31.7,204.0,0
0.0,299.3,309.0,1422.0,47.3,25.0,0
1.0,303.6,312.7,1699.0,31.5,105.0,0
0.0,298.3,308.9,1708.0,27.3,170.0,0
0.0,303.9,313.1,1310.0,62.9,130.0,0
1.0,302.2,311.4,1642.0,32.1,42.0,0
1.0,299.2,308.4,1396.0,48.7,13.0,0
2.0,300.7,309.6,1403.0,51.3,174.0,0
0.0,302.6,311.9,1397.0,46.9,82.0,0
0.0,295.7,306.2,1464.0,46.2,92.0,0
0.0,300.6,310.1,1541.0,42.0,23.0,0
0.0,297.4,308.1,1348.0,57.4,66.0,0
0.0,303.1,311.3,1336.0,52.6,172.0,1
1.0,303.7,313.0,1469.0,39.9,137.0,0
0.0,301.0,312.1,1585.0,32.3,50.0,0
1.0,301.3,311.5,1648.0,32.4,0.0,0
2.0,298.9,309.7,1407.0,48.6,161.0,0
0.0,300.3,309.2,1572.0,32.0,173.0,0
0.0,301.0,312.2,1776.0,28.8,138.0,0
0.0,298.6,309.8,1497.0,41.6,118.0,0
0.0,299.4,309.0,1800.0,24.3,128.0,0
1.0,296.9,308.1,1483.0,44.3,219.0,0
0.0,300.3,311.7,1365.0,53.3,113.0,0
0.0,299.3,309.0,1734.0,30.6,154.0,0
0.0,302.3,310.9,1459.0,35.0,32.0,0
0.0,298.4,309.3,1549.0,40.8,139.0,0
2.0,297.4,308.7,1323.0,51.1,130.0,0
1.0,299.0,310.0,1338.0,56.4,29.0,0
1.0,301.9,310.9,1569.0,32.5,188.0,0
0.0,300.2,309.8,1650.0,29.6,13.0,0
1.0,297.5,309.2,1804.0,27.4,215.0,0
0.0,300.6,311.0,1543.0,34.7,89.0,0
2.0,300.6,310.5,1454.0,51.2,58.0,0
0.0,297.7,308.2,1500.0,39.9,158.0,0
0.0,296.8,307.8,1573.0,36.4,126.0,0
0.0,304.1,313.2,1452.0,48.0,126.0,0
1.0,301.1,310.7,1367.0,43.4,111.0,0
1.0,298.2,308.8,1607.0,31.9,39.0,0
0.0,299.8,309.6,1447.0,43.1,12.0,0
0.0,303.5,312.9,1332.0,52.9,66.0,0
0.0,298.4,309.0,2304.0,15.1,89.0,0
2.0,303.8,312.9,1378.0,45.6,184.0,0
0.0,301.9,310.4,1610.0,34.8,71.0,0
1.0,299.9,309.1,1513.0,43.8,188.0,0
1.0,302.6,310.4,1451.0,43.1,35.0,0
2.0,299.8,310.2,1537.0,36.6,191.0,0
0.0,300.5,310.8,1728.0,26.3,125.0,0
0.0,302.2,311.0,1832.0,23.2,70.0,0
0.0,299.9,309.4,1348.0,52.8,31.0,0
0.0,301.6,310.9,1632.0,31.6,189.0,0
0.0,299.3,308.7,1802.0,26.0,130.0,0
0.0,297.9,309.0,1456.0,46.5,52.0,0
0.0,298.4,308.6,1304.0,45.0,158.0,0
0.0,299.3,309.1,1293.0,53.7,189.0,0
0.0,298.2,308.7,1605.0,29.4,47.0,0
0.0,304.4,313.7,1607.0,33.5,5.0,0
1.0,298.2,307.8,1578.0,34.5,127.0,0
2.0,304.1,313.2,1590.0,43.4,52.0,0
0.0,300.8,309.7,1418.0,46.6,12.0,0
1.0,301.0,311.3,1454.0,41.5,57.0,0
1.0,300.7,311.1,1608.0,35.3,167.0,0
0.0,302.9,311.1,1556.0,45.3,135.0,0
1.0,304.2,313.2,1396.0,50.5,11.0,0
0.0,301.3,310.8,1381.0,47.9,33.0,0
0.0,298.7,310.1,1558.0,37.6,44.0,0
1.0,298.7,309.8,1435.0,48.8,71.0,0
1.0,303.8,313.0,1789.0,23.5,215.0,0
1.0,298.1,307.7,1424.0,47.7,103.0,0
1.0,301.9,310.9,1419.0,47.7,20.0,1
0.0,299.3,308.6,1384.0,53.6,218.0,1
1.0,301.1,311.1,1592.0,35.7,174.0,0
0.0,302.3,310.1,1353.0,50.9,36.0,1
0.0,300.6,310.3,1648.0,30.5,217.0,1
1.0,302.3,311.4,1484.0,39.5,22.0,0
0.0,297.3,308.3,2188.0,17.0,32.0,0
0.0,300.4,309.9,1681.0,28.6,206.0,0
0.0,304.1,313.0,1566.0,37.2,7.0,0
0.0,301.4,310.3,1374.0,47.6,176.0,0
1.0,298.3,309.1,1404.0,47.0,15.0,0
1.0,302.9,312.4,1659.0,33.1,152.0,0
0.0,302.9,312.4,1446.0,41.7,196.0,0
0.0,297.4,309.2,1698.0,29.4,119.0,0
1.0,301.7,311.0,1298.0,58.1,168.0,0
0.0,297.3,308.1,1506.0,36.0,150.0,0
0.0,303.8,313.3,1406.0,52.1,166.0,0
1.0,299.9,309.2,1574.0,36.5,177.0,0
0.0,298.2,308.4,1452.0,43.5,158.0,0
0.0,297.0,308.3,1399.0,59.0,135.0,0
0.0,300.9,311.3,1449.0,40.2,168.0,0
0.0,296.0,306.7,1917.0,21.0,127.0,0
0.0,300.6,309.4,2496.0,13.5,111.0,0
0.0,300.8,311.3,1782.0,26.9,116.0,0
0.0,299.1,308.8,1502.0,46.7,197.0,0
0.0,299.9,309.8,1716.0,28.2,117.0,0
0.0,302.3,310.8,1465.0,43.8,7.0,0
1.0,300.8,310.4,1518.0,36.0,59.0,0
2.0,299.7,309.2,1355.0,44.8,127.0,0
0.0,299.8,311.1,1300.0,64.2,165.0,0
0.0,298.5,310.0,1435.0,42.5,25.0,0
1.0,298.7,309.7,1362.0,50.5,34.0,0
0.0,301.8,310.6,1452.0,48.4,110.0,0
0.0,297.0,307.7,1502.0,39.4,126.0,0
0.0,295.6,306.2,1263.0,61.8,27.0,0
1.0,299.9,309.2,1539.0,43.2,132.0,0
1.0,299.8,309.1,1496.0,44.4,155.0,0
1.0,302.3,311.7,1685.0,30.8,130.0,0
1.0,298.8,309.7,1392.0,48.7,133.0,0
0.0,300.3,311.7,1545.0,43.5,160.0,0
1.0,298.2,308.9,1414.0,44.3,68.0,0
0.0,302.2,311.6,1872.0,20.4,202.0,0
0.0,302.0,311.0,1420.0,45.9,144.0,0
1.0,299.8,309.1,1268.0,58.0,90.0,0
1.0,300.4,311.0,1433.0,46.1,199.0,0
0.0,298.2,307.5,1470.0,51.3,180.0,0
1.0,299.8,309.4,1412.0,47.8,130.0,0
1.0,298.4,309.1,1576.0,38.8,167.0,0
0.0,300.2,309.2,1431.0,51.3,57.0,0
0.0,298.8,309.9,1441.0,41.6,62.0,0
0.0,301.7,310.9,1636.0,31.3,42.0,0
0.0,301.0,309.7,1491.0,42.9,165.0,0
1.0,297.5,309.4,1482.0,39.3,112.0,0
1.0,297.2,308.5,1425.0,45.8,109.0,0
1.0,301.7,310.6,1380.0,45.8,70.0,0
1.0,300.3,311.6,1617.0,32.5,115.0,0
1.0,299.3,309.3,1471.0,46.0,42.0,0
1.0,299.6,309.0,1245.0,64.0,120.0,0
0.0,298.4,309.4,1385.0,43.2,119.0,0
0.0,302.0,310.8,1767.0,27.4,11.0,0
0.0,300.1,310.5,1494.0,44.2,117.0,0
2.0,300.8,311.2,2237.0,17.0,95.0,0
0.0,304.1,313.6,1611.0,31.4,144.0,0
2.0,300.2,309.9,1906.0,22.9,165.0,0
1.0,301.2,312.4,1505.0,39.6,102.0,0
2.0,300.5,309.3,1471.0,45.2,223.0,0
0.0,297.5,308.5,1459.0,39.7,69.0,0
0.0,298.6,308.4,1562.0,34.4,25.0,0
0.0,299.2,308.9,1526.0,37.9,177.0,0
1.0,297.2,308.3,1326.0,57.2,100.0,0
0.0,298.8,308.7,1445.0,48.5,70.0,0
1.0,299.0,310.0,2049.0,19.5,111.0,0
0.0,301.7,310.5,1523.0,34.7,181.0,0
1.0,299.6,310.8,1427.0,50.4,98.0,0
1.0,301.2,312.4,1428.0,36.6,99.0,0
1.0,297.9,307.5,1647.0,30.8,212.0,0
1.0,301.8,311.5,1416.0,49.0,136.0,0
0.0,299.8,309.4,1436.0,51.6,158.0,0
1.0,297.9,308.1,1627.0,31.4,209.0,0
0.0,302.0,310.5,1567.0,36.1,124.0,0
0.0,300.4,309.7,1692.0,27.4,115.0,0
0.0,299.8,311.3,1727.0,30.0,24.0,0
0.0,302.5,311.6,1419.0,43.7,39.0,0
2.0,298.9,310.2,1771.0,26.8,216.0,0
0.0,300.9,309.6,1384.0,42.4,131.0,0
1.0,300.8,311.9,1761.0,29.0,113.0,0
0.0,300.0,309.3,1972.0,22.0,175.0,0
1.0,297.6,309.0,1427.0,45.6,179.0,0
1.0,300.8,310.7,1572.0,36.2,167.0,0
0.0,300.1,309.5,1557.0,40.6,59.0,0
1.0,300.7,310.9,1369.0,51.2,63.0,0
0.0,300.5,311.6,1525.0,37.6,191.0,0
1.0,300.2,311.8,1748.0,28.5,184.0,0
0.0,302.7,312.3,1346.0,61.2,170.0,0
0.0,303.1,312.8,1465.0,44.1,109.0,0
1.0,297.2,308.5,1364.0,54.0,43.0,0
0.0,300.5,311.9,1710.0,28.4,158.0,0
0.0,298.7,309.9,1651.0,29.5,42.0,0
1.0,298.8,308.6,1598.0,35.1,52.0,0
0.0,297.0,307.8,1316.0,61.2,200.0,1
1.0,301.5,311.0,1504.0,42.6,109.0,0
0.0,297.2,308.1,1662.0,31.3,0.0,0
0.0,299.4,310.5,1514.0,36.1,169.0,0
0.0,301.6,310.2,1384.0,57.1,68.0,0
0.0,298.5,309.6,1462.0,45.1,115.0,0
1.0,302.6,312.0,1496.0,45.0,79.0,0
1.0,302.5,312.0,1826.0,25.3,203.0,0
0.0,302.4,310.1,1709.0,31.8,100.0,0
0.0,298.8,309.9,1629.0,31.9,49.0,0
1.0,301.6,310.8,1664.0,32.0,58.0,0
0.0,299.7,309.6,1553.0,36.8,174.0,0
0.0,295.6,306.2,1428.0,44.5,51.0,0
1.0,299.2,308.8,1314.0,52.5,193.0,0
1.0,299.2,308.8,1523.0,38.9,112.0,0
0.0,298.9,310.1,1944.0,23.4,192.0,0
0.0,300.3,309.9,1621.0,34.1,36.0,0
0.0,301.9,310.8,1650.0,29.8,94.0,0
2.0,298.0,307.5,1683.0,27.8,26.0,0
0.0,299.9,309.6,1254.0,61.3,124.0,0
0.0,299.0,310.3,1437.0,47.8,99.0,0
1.0,302.5,312.0,1487.0,46.1,175.0,0
1.0,298.6,309.7,1314.0,49.7,136.0,0
0.0,297.7,307.2,1392.0,43.0,197.0,0
0.0,300.9,312.4,1364.0,52.5,125.0,0
0.0,297.3,308.3,1396.0,45.9,64.0,0
0.0,300.8,311.4,1536.0,40.9,22.0,0
1.0,300.4,310.3,1537.0,35.0,33.0,0
1.0,300.7,309.5,1439.0,43.8,41.0,0
0.0,298.4,309.7,1530.0,38.6,161.0,0
0.0,297.9,309.4,1558.0,35.7,39.0,0
1.0,301.7,311.0,1505.0,37.1,190.0,0
1.0,300.3,309.1,1458.0,44.3,175.0,0
0.0,300.2,310.4,1808.0,25.8,35.0,0
0.0,297.5,308.9,1581.0,30.4,155.0,0
0.0,297.7,309.1,1563.0,39.3,56.0,0
1.0,299.7,311.0,1448.0,49.8,80.0,0
2.0,301.4,310.5,1536.0,39.9,201.0,0
1.0,297.2,308.3,1578.0,37.8,3.0,0
2.0,296.6,307.7,1386.0,62.3,100.0,1
0.0,298.6,309.8,1637.0,34.6,207.0,0
0.0,299.0,310.0,1582.0,31.9,51.0,0
0.0,302.3,311.4,1476.0,37.3,20.0,0
1.0,298.0,309.4,1276.0,65.9,50.0,0
0.0,301.8,310.0,1393.0,44.9,208.0,0
0.0,298.3,310.1,1408.0,45.3,78.0,0
0.0,301.7,310.7,1493.0,51.1,87.0,0
0.0,300.6,310.6,2127.0,18.7,53.0,0
0.0,303.5,312.2,1511.0,37.1,27.0,0
1.0,298.4,309.3,1390.0,53.6,5.0,0
1.0,304.1,313.5,1470.0,45.8,85.0,0
1.0,297.5,308.6,1429.0,50.5,129.0,0
2.0,302.3,310.8,1438.0,43.8,119.0,0
0.0,297.3,308.4,1430.0,45.7,15.0,0
0.0,297.5,308.5,1536.0,36.9,108.0,0
1.0,299.3,308.7,1289.0,51.5,185.0,0
0.0,303.7,312.6,1396.0,44.1,136.0,0
0.0,300.2,310.5,1416.0,46.7,90.0,0
1.0,298.1,308.0,1543.0,41.9,73.0,0
1.0,299.8,310.0,1460.0,37.1,169.0,0
0.0,298.8,309.1,1489.0,49.1,128.0,0
1.0,299.0,309.0,1351.0,52.2,44.0,0
1.0,301.9,310.9,1641.0,33.2,3.0,0
0.0,299.1,308.3,1533.0,42.4,48.0,0
2.0,300.8,310.5,1582.0,31.1,193.0,0
0.0,303.9,313.0,1626.0,31.4,209.0,0
0.0,303.2,311.5,1507.0,39.2,225.0,0
0.0,297.5,308.6,1546.0,33.8,139.0,0
2.0,302.5,311.3,1393.0,47.5,130.0,0
1.0,300.1,309.6,1622.0,36.1,43.0,0
1.0,298.0,307.5,1427.0,45.1,95.0,0
0.0,297.4,308.8,1473.0,46.2,167.0,0
0.0,300.7,310.7,1431.0,39.3,22.0,0
0.0,301.7,310.7,1318.0,55.0,194.0,0
2.0,300.8,311.7,1468.0,38.7,39.0,0
0.0,297.8,308.8,1421.0,49.6,101.0,0
0.0,298.4,310.0,1554.0,37.3,103.0,0
0.0,299.8,310.8,1376.0,48.6,159.0,0
2.0,297.5,308.6,1481.0,38.8,14.0,0
0.0,298.1,307.6,1460.0,46.5,143.0,0
2.0,301.8,311.1,1543.0,36.4,120.0,0
0.0,301.4,310.8,1285.0,62.6,183.0,1
1.0,299.7,310.4,1410.0,44.5,105.0,0
1.0,303.6,312.8,1689.0,33.1,16.0,0
1.0,298.4,309.2,1414.0,46.4,128.0,0
2.0,300.2,311.5,1426.0,44.3,73.0,0
1.0,300.1,309.2,1385.0,46.1,120.0,0
0.0,298.2,308.7,1447.0,48.4,51.0,0
0.0,299.0,310.4,1365.0,49.1,226.0,1
0.0,298.3,308.0,1442.0,47.3,65.0,0
0.0,295.8,306.5,1568.0,35.1,111.0,0
0.0,299.1,309.5,1512.0,39.0,75.0,0
1.0,298.1,308.7,1362.0,49.6,158.0,0
0.0,302.1,311.2,1460.0,46.9,198.0,0
0.0,301.1,311.3,1498.0,37.6,11.0,0
1.0,301.5,310.7,1336.0,65.6,0.0,1
0.0,297.5,308.2,1419.0,48.5,108.0,0
0.0,298.9,310.1,1473.0,42.6,164.0,0
0.0,298.5,309.4,1560.0,37.9,37.0,0
0.0,300.7,309.5,1850.0,24.5,19.0,0
0.0,297.5,309.3,1732.0,29.9,32.0,0
1.0,300.1,311.1,1616.0,35.2,183.0,0
1.0,303.9,313.2,1630.0,29.3,104.0,0
1.0,297.1,308.5,1621.0,32.4,194.0,0
0.0,297.5,308.8,1312.0,50.3,159.0,0
0.0,302.8,312.3,1764.0,29.9,162.0,0
0.0,301.5,310.7,1618.0,35.5,218.0,0
1.0,297.6,308.6,1595.0,36.9,25.0,0
1.0,299.7,309.2,1608.0,34.4,68.0,0
1.0,302.3,310.9,1523.0,43.2,210.0,0
1.0,304.3,313.5,2245.0,15.1,172.0,0
1.0,302.2,311.5,1360.0,53.0,36.0,0
0.0,303.8,313.1,1458.0,42.2,25.0,0
1.0,298.1,307.7,1435.0,40.9,147.0,0
0.0,302.2,311.6,1545.0,35.9,152.0,0
0.0,297.2,308.8,1451.0,43.1,68.0,0
0.0,302.3,311.6,1398.0,49.1,119.0,0
0.0,298.4,309.2,1345.0,52.7,196.0,0
1.0,298.8,308.7,1446.0,45.5,49.0,0
0.0,299.6,310.1,1553.0,38.0,83.0,0
1.0,304.3,313.5,1525.0,42.0,2.0,0
1.0,298.8,309.6,1692.0,31.9,167.0,0
1.0,303.7,312.7,1316.0,51.8,197.0,0
0.0,300.9,310.5,1570.0,40.1,79.0,0
0.0,298.0,308.6,1610.0,33.1,56.0,0
0.0,299.7,309.1,1473.0,39.4,125.0,0
2.0,300.7,312.1,1490.0,43.1,159.0,0
0.0,301.4,310.8,1362.0,53.2,4.0,0
0.0,299.6,310.2,1333.0,51.2,40.0,0
1.0,302.4,311.1,1432.0,44.5,195.0,0
2.0,297.3,308.4,1864.0,23.1,90.0,0
2.0,300.5,309.4,1502.0,34.3,40.0,0
1.0,301.7,309.9,1533.0,40.9,106.0,0
0.0,297.4,309.2,1420.0,45.6,193.0,0
0.0,298.2,309.3,1355.0,43.8,142.0,0
0.0,300.7,310.8,1608.0,39.5,202.0,0
1.0,298.1,307.9,1759.0,28.6,176.0,0
0.0,301.3,310.1,1662.0,31.0,37.0,0
0.0,299.1,309.0,1450.0,43.0,40.0,0
0.0,302.4,310.1,1426.0,46.8,95.0,0
0.0,295.7,306.1,1343.0,54.4,119.0,0
0.0,298.4,309.5,1520.0,38.1,106.0,0
1.0,303.1,312.6,1567.0,32.9,132.0,0
1.0,299.8,310.6,1574.0,31.8,113.0,0
2.0,302.1,311.2,1598.0,37.9,148.0,0
2.0,297.9,308.4,1637.0,34.5,191.0,0
0.0,298.3,310.1,1545.0,36.3,90.0,0
0.0,302.5,310.2,1547.0,36.9,103.0,0
0.0,297.8,307.4,1512.0,40.8,137.0,0
1.0,297.5,308.6,1440.0,38.8,29.0,0
0.0,298.2,307.9,1769.0,27.2,188.0,0
0.0,300.8,310.6,1666.0,36.2,144.0,0
1.0,301.5,310.7,1454.0,39.4,17.0,0
0.0,298.9,309.1,1383.0,54.9,145.0,0
0.0,301.1,311.2,1555.0,35.3,172.0,0
1.0,299.8,311.1,1452.0,44.3,167.0,0
0.0,297.4,308.2,1419.0,50.0,52.0,0
0.0,298.9,309.8,1534.0,42.1,23.0,0
0.0,300.4,311.1,1405.0,54.1,193.0,0
0.0,302.4,310.2,1633.0,28.0,164.0,0
2.0,297.3,308.7,1438.0,46.2,16.0,0
0.0,298.2,308.9,1683.0,31.7,74.0,0
0.0,303.8,313.2,1531.0,39.4,159.0,0
0.0,300.7,312.3,1898.0,24.0,60.0,0
0.0,299.9,311.0,1747.0,27.6,177.0,0
0.0,298.2,308.1,1618.0,34.7,39.0,0
0.0,299.3,308.8,1603.0,33.9,203.0,0
1.0,302.3,311.4,1571.0,32.7,17.0,0
0.0,299.5,310.0,1481.0,43.1,90.0,0
0.0,298.8,308.5,1446.0,37.0,11.0,0
0.0,297.7,308.9,1516.0,33.7,92.0,0
1.0,297.3,308.6,1471.0,50.7,157.0,0
0.0,299.2,308.5,1487.0,41.2,140.0,0
0.0,298.2,308.2,1407.0,47.1,153.0,0
0.0,300.7,310.4,1366.0,52.6,205.0,0
1.0,302.6,310.5,1420.0,56.4,57.0,0
2.0,302.7,312.5,1527.0,36.4,26.0,0
1.0,301.3,310.4,1501.0,39.8,187.0,0
2.0,299.2,310.8,1761.0,30.4,180.0,0
0.0,300.8,311.9,1414.0,41.1,171.0,0
1.0,297.1,308.4,1583.0,38.2,150.0,0
1.0,300.0,309.1,1474.0,45.2,152.0,0
0.0,297.4,308.3,1706.0,30.9,9.0,0
1.0,298.1,308.1,1456.0,43.7,80.0,0
1.0,302.3,311.4,1479.0,45.6,59.0,0
1.0,299.0,308.7,1500.0,40.2,30.0,0
1.0,298.5,309.4,1365.0,48.7,56.0,0
1.0,303.7,312.4,1474.0,38.8,139.0,0
0.0,300.8,310.6,1663.0,30.6,139.0,0
0.0,297.9,309.8,2000.0,21.3,29.0,0
0.0,302.4,311.9,1578.0,29.9,44.0,0
2.0,299.2,308.4,1388.0,53.2,59.0,0
2.0,298.6,309.8,1279.0,55.9,152.0,0
0.0,300.4,311.8,1320.0,57.9,168.0,0
1.0,303.4,312.9,1307.0,54.3,68.0,0
0.0,298.4,310.0,1559.0,44.2,23.0,0
0.0,297.2,308.6,1924.0,22.1,163.0,0
0.0,300.5,309.5,1777.0,23.6,0.0,0
1.0,299.2,310.8,1502.0,39.8,177.0,0
0.0,300.7,310.3,1662.0,34.4,57.0,0
0.0,303.1,311.3,1403.0,55.6,150.0,0
1.0,301.4,310.5,1495.0,52.5,201.0,0
0.0,297.4,309.3,1332.0,53.2,115.0,0
0.0,298.2,308.7,2186.0,17.8,31.0,0
1.0,300.1,309.2,1454.0,44.4,19.0,0
0.0,297.5,308.5,1306.0,50.7,38.0,0
0.0,297.1,307.8,1406.0,60.4,133.0,0
0.0,297.4,308.1,1348.0,53.7,68.0,0
0.0,298.0,307.7,1492.0,38.7,202.0,0
0.0,300.9,310.8,1571.0,39.9,51.0,0
2.0,300.5,310.6,1378.0,51.5,166.0,0
1.0,299.1,308.9,1325.0,48.4,220.0,0
0.0,299.8,309.1,1612.0,35.4,205.0,0
0.0,299.8,310.9,1545.0,40.7,166.0,0
0.0,301.8,310.8,1383.0,46.4,37.0,0
0.0,302.7,310.5,1263.0,67.8,197.0,1
0.0,303.5,312.4,1574.0,32.7,175.0,0
0.0,297.9,308.0,1490.0,46.2,6.0,0
0.0,298.7,309.9,1446.0,43.3,46.0,0
0.0,298.1,308.0,1456.0,42.4,59.0,0
2.0,299.3,308.6,1498.0,39.5,47.0,0
1.0,300.2,309.8,1487.0,39.2,122.0,0
0.0,300.7,311.1,1440.0,43.0,148.0,0
0.0,295.5,306.0,1597.0,37.2,16.0,0
0.0,301.8,311.0,1651.0,32.5,195.0,0
1.0,302.1,310.8,1409.0,41.3,39.0,0
0.0,297.6,308.3,1816.0,28.8,106.0,0
1.0,303.2,311.2,1688.0,31.9,33.0,0
1.0,297.5,307.9,1544.0,37.9,136.0,0
0.0,298.8,309.7,1740.0,28.5,152.0,0
1.0,300.5,310.2,1571.0,34.6,228.0,0
0.0,296.9,307.7,1550.0,39.7,124.0,0
1.0,300.8,311.4,1852.0,22.2,53.0,0
1.0,300.4,309.8,1356.0,44.4,136.0,0
1.0,299.2,308.7,1401.0,47.0,198.0,0
1.0,303.6,312.3,1698.0,31.3,100.0,0
0.0,299.5,308.7,2549.0,13.0,179.0,1
0.0,297.3,308.6,1358.0,47.6,110.0,0
2.0,299.0,308.7,1408.0,48.5,25.0,0
0.0,296.3,307.4,1760.0,28.4,56.0,0
1.0,299.0,310.2,1625.0,31.8,89.0,0
1.0,298.6,309.5,1568.0,36.7,182.0,0
0.0,297.2,308.5,1550.0,41.5,125.0,0
0.0,300.0,311.3,1407.0,47.3,208.0,0
1.0,299.7,309.2,1597.0,32.9,135.0,0
1.0,299.1,310.2,1711.0,28.1,17.0,0
0.0,299.4,309.2,1444.0,48.2,24.0,0
0.0,301.4,310.7,1675.0,30.7,92.0,0
0.0,299.4,309.2,1569.0,40.8,73.0,0
2.0,300.8,311.9,1431.0,48.5,25.0,0
0.0,300.2,311.6,1500.0,39.0,174.0,0
1.0,301.0,310.9,1510.0,44.5,66.0,0
1.0,301.9,311.1,1605.0,40.0,179.0,0
1.0,302.5,311.9,1347.0,54.3,125.0,0
0.0,298.4,308.6,1609.0,35.0,103.0,0
2.0,300.5,311.4,1679.0,27.5,59.0,0
1.0,302.1,310.8,1504.0,37.5,42.0,0
1.0,298.1,310.0,1393.0,43.1,65.0,0
2.0,298.5,309.2,1568.0,40.6,39.0,0
1.0,300.4,309.7,1539.0,37.7,156.0,0
1.0,300.7,310.6,2006.0,19.1,102.0,0
0.0,298.9,310.6,1585.0,38.1,7.0,0
0.0,297.9,307.6,1515.0,40.5,118.0,0
1.0,297.9,309.0,1525.0,38.5,113.0,0
1.0,300.3,309.6,1488.0,41.3,172.0,0
0.0,298.4,308.7,1523.0,36.1,126.0,0
0.0,300.7,311.8,1441.0,38.1,34.0,0
0.0,298.0,308.8,1790.0,27.2,193.0,0
0.0,299.0,310.2,1432.0,42.2,87.0,0
0.0,296.8,308.2,1361.0,53.8,193.0,0
0.0,303.4,311.8,1306.0,61.0,215.0,1
1.0,300.4,310.0,1560.0,42.3,186.0,0
0.0,302.6,311.9,1448.0,49.5,72.0,0
0.0,296.4,307.3,1487.0,37.5,83.0,0
0.0,302.4,310.4,1521.0,38.5,142.0,0
1.0,303.8,312.7,1555.0,33.4,128.0,0
0.0,298.5,308.1,1662.0,28.6,48.0,0
1.0,298.1,307.7,1419.0,47.4,142.0,0
0.0,304.1,313.2,1468.0,39.4,148.0,0
0.0,298.3,309.1,1593.0,40.1,18.0,0
2.0,301.3,310.1,1455.0,44.1,188.0,0
1.0,303.7,312.9,1406.0,41.9,48.0,0
0.0,296.2,307.2,1356.0,43.6,22.0,0
2.0,297.0,308.1,2540.0,13.3,98.0,0
1.0,298.9,309.8,2450.0,13.9,89.0,0
1.0,300.5,309.8,1416.0,48.5,110.0,0
0.0,301.0,311.1,1615.0,35.6,158.0,0
0.0,303.8,312.7,1838.0,27.8,181.0,0
0.0,300.6,309.4,1654.0,32.8,57.0,0
0.0,298.2,308.8,1616.0,33.7,16.0,0
1.0,301.6,311.2,1415.0,46.5,82.0,0
0.0,301.4,310.7,1425.0,45.1,7.0,0
0.0,299.0,310.4,1606.0,31.1,134.0,0
1.0,298.2,309.5,1478.0,36.5,182.0,0
1.0,302.3,311.7,1368.0,53.6,165.0,0
1.0,300.3,311.7,1236.0,57.5,12.0,0
1.0,302.5,311.8,2023.0,19.1,74.0,0
1.0,302.4,310.7,1521.0,40.4,152.0,0
1.0,299.4,309.1,1440.0,50.0,134.0,0
0.0,299.4,309.1,1207.0,66.5,66.0,0
0.0,301.6,310.6,1391.0,49.4,164.0,0
1.0,301.8,310.3,1409.0,52.5,26.0,0
0.0,300.2,311.5,1495.0,38.5,69.0,0
0.0,302.1,310.6,1439.0,40.0,7.0,0
0.0,296.6,308.0,1978.0,22.3,208.0,0
2.0,297.5,309.3,1563.0,36.1,100.0,0
1.0,302.4,311.1,1480.0,45.7,200.0,0
1.0,298.1,308.2,1420.0,63.9,19.0,1
0.0,300.2,310.3,1445.0,50.9,34.0,0
0.0,303.1,312.4,1407.0,41.2,107.0,0
0.0,298.6,309.4,1440.0,48.2,136.0,0
0.0,302.4,311.8,1451.0,42.0,110.0,0
0.0,300.1,311.5,1499.0,43.4,65.0,0
1.0,297.5,308.1,1907.0,23.5,125.0,0
1.0,297.6,308.3,1648.0,29.1,134.0,0
0.0,299.3,310.6,1480.0,45.1,107.0,0
0.0,299.1,308.2,1319.0,60.3,36.0,0
0.0,298.3,308.5,1606.0,33.6,67.0,0
0.0,302.8,312.5,1694.0,28.4,66.0,0
1.0,303.1,312.6,1895.0,23.5,129.0,0
0.0,300.4,309.9,1376.0,43.5,74.0,0
0.0,298.8,310.5,1464.0,46.4,207.0,0
0.0,301.8,310.8,1456.0,46.6,35.0,0
2.0,299.9,310.1,1447.0,51.4,185.0,0
0.0,302.1,310.1,1447.0,46.6,169.0,0
0.0,300.7,311.1,1324.0,52.2,85.0,0
0.0,303.0,311.3,2194.0,16.5,148.0,0
1.0,302.2,311.2,1627.0,33.2,74.0,0
0.0,300.0,309.3,1364.0,41.2,104.0,0
0.0,302.6,310.5,1511.0,37.2,197.0,0
0.0,299.7,309.6,1720.0,27.1,146.0,0
0.0,299.2,308.5,1381.0,60.6,59.0,0
0.0,299.0,308.5,1886.0,23.0,198.0,0
1.0,295.8,306.5,1641.0,32.2,101.0,0
0.0,303.0,311.2,1641.0,32.6,63.0,0
0.0,301.3,310.8,1432.0,54.4,51.0,0
0.0,299.0,310.3,1501.0,43.0,91.0,0
0.0,297.4,308.5,1410.0,43.9,47.0,0
0.0,298.7,309.8,1539.0,33.4,2.0,0
1.0,298.8,309.7,2098.0,19.0,133.0,0
1.0,301.9,311.5,1492.0,40.8,150.0,0
1.0,300.5,309.3,1539.0,39.1,216.0,0
0.0,297.4,308.3,1548.0,46.6,7.0,0
0.0,298.9,308.6,2069.0,18.7,27.0,0
0.0,302.2,311.2,1381.0,49.4,207.0,0
0.0,298.0,308.9,1500.0,36.7,104.0,0
1.0,300.7,310.6,1609.0,27.6,108.0,0
1.0,300.2,309.0,1642.0,31.2,37.0,0
0.0,297.5,308.6,1452.0,39.0,72.0,0
0.0,297.1,307.8,1636.0,30.3,90.0,0
1.0,302.4,311.9,1313.0,55.7,102.0,0
2.0,295.7,306.2,2161.0,16.5,105.0,0
2.0,300.7,312.2,1335.0,49.0,62.0,0
1.0,302.6,311.0,1329.0,48.6,111.0,1
0.0,298.2,308.4,1477.0,49.9,72.0,0
0.0,297.6,308.6,1664.0,30.1,81.0,0
0.0,298.4,309.5,1450.0,47.9,112.0,0
2.0,298.8,309.7,1461.0,55.1,118.0,0
1.0,297.5,308.2,2448.0,13.8,29.0,0
2.0,299.3,310.4,1510.0,45.5,27.0,0
1.0,298.8,310.1,1243.0,74.5,194.0,1
0.0,302.7,312.4,1453.0,47.3,62.0,0
0.0,297.7,308.4,1289.0,51.3,82.0,0
0.0,300.0,309.6,1452.0,46.0,51.0,0
0.0,301.3,311.2,1668.0,30.1,18.0,0
0.0,297.5,308.9,1696.0,30.9,133.0,0
0.0,300.8,312.4,1465.0,59.1,91.0,1
0.0,300.6,310.4,2514.0,13.4,215.0,0
1.0,299.7,310.3,1661.0,34.5,6.0,0
0.0,303.5,313.1,1897.0,23.6,75.0,0
0.0,301.8,310.8,1576.0,38.6,38.0,0
0.0,301.6,310.6,1431.0,37.5,137.0,0
1.0,298.5,309.6,1572.0,33.0,127.0,0
2.0,300.6,312.1,1354.0,46.9,138.0,0
0.0,298.8,308.5,1527.0,36.2,3.0,0
2.0,303.6,311.9,1544.0,37.1,88.0,0
1.0,300.8,311.9,1356.0,44.3,214.0,0
1.0,298.3,310.1,1389.0,49.6,75.0,0
1.0,301.1,311.2,1384.0,49.4,48.0,0
1.0,298.5,309.4,1522.0,47.4,20.0,0
2.0,301.1,310.6,1407.0,43.9,111.0,0
2.0,302.2,311.2,1692.0,28.2,122.0,0
1.0,300.3,311.2,1381.0,65.2,136.0,1
0.0,300.3,311.5,1548.0,32.2,25.0,0
2.0,300.9,310.8,1390.0,40.6,131.0,0
1.0,298.4,307.8,1617.0,31.6,173.0,0
1.0,299.6,309.3,1577.0,39.8,48.0,0
0.0,299.1,308.3,1601.0,31.4,121.0,0
1.0,302.2,311.2,1347.0,49.8,94.0,0
0.0,301.5,310.7,1424.0,51.1,22.0,0
2.0,300.0,309.4,1498.0,38.5,37.0,0
1.0,298.3,307.9,1609.0,32.4,151.0,0
0.0,300.4,309.8,1513.0,32.9,117.0,0
1.0,301.9,310.9,1763.0,28.4,103.0,0
1.0,303.7,312.8,1558.0,37.7,206.0,0
0.0,303.1,311.2,1394.0,45.3,144.0,0
0.0,297.1,308.4,1468.0,44.4,197.0,0
0.0,299.1,308.9,1467.0,47.2,218.0,0
1.0,299.5,310.1,1659.0,31.5,44.0,0
0.0,297.9,308.5,1683.0,28.5,63.0,0
2.0,298.8,308.9,1466.0,44.1,184.0,0
1.0,299.9,309.5,1582.0,38.2,160.0,0
1.0,301.0,312.0,1499.0,34.6,207.0,0
0.0,300.2,311.6,1767.0,26.4,20.0,0
0.0,301.7,310.5,1399.0,53.2,174.0,0
0.0,296.6,307.4,1616.0,28.0,175.0,0
0.0,300.4,309.7,1384.0,45.1,159.0,0
0.0,298.0,307.7,1422.0,45.6,140.0,0
0.0,299.6,310.7,1393.0,52.1,110.0,0
1.0,303.7,312.9,1532.0,41.3,32.0,0
0.0,302.6,311.7,1542.0,34.1,137.0,0
0.0,303.3,311.7,1539.0,38.5,221.0,0
0.0,299.8,309.7,1624.0,34.2,96.0,0
2.0,297.3,308.1,1554.0,42.4,158.0,0
2.0,298.6,308.8,1566.0,39.1,36.0,0
0.0,300.7,312.3,1418.0,49.0,69.0,0
0.0,298.9,308.7,1546.0,43.4,114.0,0
1.0,302.0,311.3,1725.0,27.7,23.0,0
0.0,298.6,309.4,1315.0,55.5,28.0,0
0.0,298.7,308.4,1694.0,28.7,195.0,0
1.0,298.3,309.5,1543.0,49.9,199.0,0
0.0,302.2,310.8,1673.0,32.9,52.0,0
1.0,303.6,311.9,1617.0,36.0,95.0,0
0.0,299.6,309.1,1407.0,50.6,85.0,0
0.0,300.6,310.5,1644.0,33.8,148.0,0
0.0,298.0,308.0,1615.0,29.5,15.0,0
0.0,300.3,311.7,1682.0,27.8,178.0,0
0.0,298.0,308.5,1429.0,37.7,220.0,1
2.0,300.8,310.9,1425.0,44.0,33.0,0
0.0,303.9,313.0,1759.0,28.4,74.0,0
0.0,303.6,311.8,1695.0,30.7,90.0,0
2.0,298.7,308.4,1432.0,42.8,197.0,0
0.0,301.0,310.8,1475.0,35.3,19.0,0
0.0,301.4,310.4,1496.0,35.2,153.0,0
1.0,302.2,311.3,1658.0,31.0,2.0,0
0.0,299.3,310.4,1365.0,53.9,171.0,0
1.0,301.5,310.4,1593.0,36.8,50.0,0
0.0,297.5,308.6,1513.0,39.7,32.0,0
1.0,300.1,309.6,1625.0,38.0,46.0,0
1.0,300.8,310.8,1549.0,35.5,79.0,0
1.0,300.7,309.8,1490.0,38.8,173.0,0
1.0,300.2,310.1,1619.0,31.3,38.0,0
1.0,300.0,309.6,1423.0,48.7,67.0,0
0.0,297.2,308.5,1588.0,40.4,190.0,0
0.0,300.3,311.7,1571.0,31.2,123.0,0
1.0,303.6,313.0,1396.0,38.2,117.0,0
0.0,297.4,308.6,1411.0,46.3,138.0,0
0.0,303.7,312.5,1670.0,26.1,139.0,0
0.0,302.4,312.0,1545.0,36.4,12.0,0
0.0,298.1,308.2,1654.0,32.1,25.0,0
0.0,301.7,311.1,1644.0,32.8,206.0,0
0.0,299.1,310.7,1309.0,51.1,188.0,0
0.0,300.9,312.1,1474.0,42.4,171.0,0
0.0,302.8,312.3,1504.0,40.3,204.0,0
1.0,300.8,309.7,1519.0,39.7,16.0,0
0.0,302.2,311.4,1510.0,44.9,33.0,0
0.0,303.5,311.9,1493.0,38.7,14.0,0
1.0,298.2,308.4,1510.0,39.9,134.0,0
2.0,298.9,310.6,1519.0,38.8,213.0,0
2.0,301.6,310.4,1369.0,45.4,156.0,0
2.0,303.9,312.7,1401.0,50.0,129.0,0
0.0,298.3,308.3,1444.0,43.8,176.0,0
0.0,297.5,308.6,1585.0,37.6,2.0,0
1.0,300.6,310.2,1478.0,40.1,5.0,0
0.0,298.2,308.7,1408.0,46.3,3.0,0
0.0,298.9,308.2,1686.0,30.4,53.0,0
1.0,300.8,310.9,1514.0,38.7,66.0,0
0.0,301.0,310.5,1379.0,57.3,204.0,1
0.0,298.8,309.9,1486.0,40.3,126.0,0
2.0,298.0,307.8,1588.0,35.4,114.0,0
2.0,303.5,311.5,1629.0,33.5,73.0,0
2.0,299.3,309.0,1732.0,29.7,141.0,0
1.0,297.4,308.5,1412.0,45.5,49.0,0
0.0,299.0,308.3,1441.0,44.0,48.0,0
0.0,300.8,310.1,1405.0,61.2,189.0,1
1.0,300.8,310.6,1505.0,36.2,0.0,0
0.0,297.0,308.1,1362.0,52.5,213.0,1
1.0,298.5,309.3,1552.0,36.8,133.0,0
0.0,301.3,311.0,1539.0,36.9,206.0,0
1.0,298.1,307.9,1303.0,53.9,52.0,0
0.0,300.2,311.5,1383.0,42.1,60.0,0
1.0,301.8,310.8,1618.0,37.8,59.0,0
0.0,296.9,308.1,1555.0,33.7,229.0,0
0.0,301.0,310.5,1317.0,50.9,75.0,0
0.0,300.4,311.2,1471.0,46.5,164.0,0
2.0,297.1,307.9,1365.0,54.0,174.0,0
0.0,301.9,311.0,1353.0,43.8,130.0,0
0.0,303.5,312.8,1524.0,39.4,96.0,0
1.0,298.1,308.3,1680.0,33.7,185.0,0
1.0,299.9,309.4,1483.0,38.1,193.0,0
0.0,299.7,309.3,1434.0,38.5,127.0,0
0.0,300.6,310.0,1438.0,53.8,103.0,0
0.0,297.5,309.0,1470.0,43.5,191.0,0
1.0,298.9,310.2,1603.0,36.1,126.0,0
0.0,300.7,309.6,1541.0,34.6,131.0,0
0.0,303.1,311.3,1474.0,34.8,215.0,0
0.0,298.3,309.2,1383.0,52.1,26.0,0
0.0,300.2,309.7,1656.0,34.3,120.0,0
1.0,299.5,310.1,1359.0,61.1,67.0,0
0.0,300.9,310.4,1536.0,34.2,45.0,0
0.0,301.3,311.0,1418.0,41.9,208.0,0
1.0,302.0,310.8,1783.0,23.1,190.0,0
0.0,296.9,307.8,1425.0,49.1,163.0,0
0.0,302.4,311.0,1486.0,40.4,192.0,0
2.0,299.5,309.4,1386.0,44.4,154.0,0
1.0,300.7,311.9,1366.0,55.1,36.0,0
0.0,300.6,310.7,1440.0,52.5,200.0,0
0.0,298.7,310.2,1566.0,33.1,68.0,0
0.0,300.7,310.8,1496.0,46.4,90.0,0
2.0,300.6,311.7,1427.0,44.6,87.0,0
1.0,297.6,308.7,1408.0,54.8,147.0,0
0.0,302.6,310.9,1331.0,52.0,154.0,1
1.0,296.9,307.4,1521.0,37.9,27.0,0
0.0,298.7,310.3,1451.0,40.0,86.0,0
0.0,297.4,308.8,1353.0,49.4,188.0,0
0.0,299.9,309.2,1560.0,38.9,180.0,0
0.0,298.9,310.3,1456.0,44.1,118.0,0
0.0,297.0,308.1,1455.0,43.5,122.0,0
1.0,297.9,307.5,1642.0,32.4,126.0,0
1.0,299.8,309.4,1423.0,42.9,124.0,0
1.0,302.4,310.1,1358.0,54.6,61.0,1
0.0,300.8,311.7,1655.0,32.2,12.0,0
0.0,300.6,309.9,1428.0,48.8,109.0,0
0.0,299.1,308.9,1686.0,29.6,108.0,0
0.0,298.7,310.0,1637.0,31.8,42.0,0
1.0,296.1,307.1,1350.0,53.3,22.0,0
2.0,298.4,309.3,1694.0,30.9,111.0,0
1.0,299.1,310.2,1456.0,48.4,101.0,0
0.0,297.6,308.3,1617.0,31.7,39.0,0
0.0,298.1,308.9,1351.0,52.4,102.0,0
0.0,302.7,310.7,1369.0,47.5,11.0,1
1.0,300.6,312.0,1490.0,39.8,94.0,0
0.0,298.4,309.4,1385.0,50.0,201.0,0
1.0,300.0,310.1,1314.0,53.5,199.0,0
1.0,301.7,310.6,1492.0,42.2,85.0,0
0.0,299.8,309.3,1299.0,65.1,212.0,1
0.0,300.0,309.4,1308.0,50.2,32.0,0
0.0,299.8,309.4,1480.0,40.9,2.0,0
1.0,300.4,310.2,1380.0,47.3,5.0,0
0.0,303.2,311.2,1439.0,43.9,30.0,0
0.0,299.2,310.6,1370.0,61.9,42.0,0
1.0,300.9,311.5,1836.0,21.8,12.0,0
1.0,300.5,310.4,1548.0,37.3,65.0,0
0.0,299.0,308.9,1622.0,31.9,42.0,0
1.0,300.7,310.1,1483.0,40.2,162.0,0
0.0,302.7,311.1,1730.0,28.1,135.0,0
0.0,299.2,308.4,1841.0,22.8,40.0,0
0.0,303.4,311.7,1673.0,32.2,166.0,0
2.0,298.5,309.4,1573.0,36.0,97.0,0
1.0,297.9,308.5,1300.0,53.0,172.0,0
0.0,303.3,311.4,1658.0,30.5,7.0,0
0.0,299.6,310.9,1472.0,40.9,137.0,0
0.0,299.1,308.4,1693.0,31.6,65.0,0
0.0,302.4,310.9,1349.0,46.1,148.0,1
1.0,300.0,309.6,1491.0,42.0,29.0,0
0.0,297.7,309.4,1392.0,44.1,140.0,0
0.0,300.1,309.4,1568.0,39.7,42.0,0
0.0,297.3,308.3,1494.0,38.2,14.0,0
1.0,300.8,312.0,1422.0,50.7,219.0,0
2.0,296.8,308.0,1453.0,51.0,24.0,0
0.0,300.9,310.8,1493.0,45.8,57.0,0
0.0,300.2,311.8,1436.0,48.2,175.0,0
0.0,302.2,310.9,1452.0,42.3,56.0,0
0.0,300.4,311.8,1405.0,47.9,58.0,0
0.0,300.1,310.5,1500.0,39.8,107.0,0
0.0,298.5,308.2,1451.0,47.5,18.0,0
0.0,298.8,310.0,2098.0,19.6,148.0,0
0.0,297.2,308.6,1917.0,24.1,54.0,0
1.0,298.6,308.4,1778.0,28.2,161.0,0
1.0,301.5,310.5,1774.0,25.5,121.0,0
1.0,297.8,309.3,2243.0,15.7,36.0,0
0.0,300.5,309.5,1795.0,27.7,117.0,0
1.0,295.5,306.0,1326.0,50.8,18.0,0
0.0,296.2,306.8,1655.0,31.1,136.0,0
0.0,298.1,308.9,2136.0,15.9,78.0,0
2.0,297.7,308.8,1469.0,43.7,96.0,0
2.0,298.4,308.4,1479.0,39.2,58.0,0
0.0,298.3,308.3,1597.0,32.4,69.0,0
0.0,295.7,306.3,1915.0,22.4,79.0,0
0.0,300.0,310.5,1606.0,33.5,135.0,0
2.0,300.9,312.0,1720.0,27.9,202.0,0
0.0,302.7,312.4,1423.0,51.9,60.0,0
0.0,298.2,308.6,1433.0,39.5,7.0,0
0.0,302.2,310.8,1383.0,46.9,45.0,0
0.0,300.0,309.1,1791.0,28.2,108.0,0
1.0,298.4,309.1,1525.0,39.3,86.0,0
0.0,298.1,307.7,1289.0,48.3,42.0,0
2.0,301.8,310.5,1478.0,38.6,141.0,0
0.0,297.6,308.6,1526.0,42.1,57.0,0
0.0,302.4,311.1,1446.0,42.9,5.0,0
0.0,298.0,309.1,1820.0,23.6,120.0,0
0.0,299.2,308.5,1867.0,27.0,138.0,0
0.0,301.0,312.3,1550.0,34.9,111.0,0
0.0,302.0,310.5,1809.0,27.1,175.0,0
0.0,300.2,311.0,1255.0,71.8,149.0,1
0.0,298.0,308.2,1620.0,35.8,5.0,0
1.0,298.6,309.1,1487.0,43.2,206.0,0
0.0,300.9,309.7,2355.0,14.4,201.0,0
0.0,302.4,310.1,1401.0,48.8,177.0,0
2.0,299.7,309.6,1433.0,49.6,129.0,0
1.0,302.3,311.5,1316.0,47.2,4.0,0
1.0,301.4,311.0,1486.0,36.5,91.0,0
2.0,303.9,313.0,1517.0,36.0,142.0,0
1.0,298.6,310.1,1596.0,33.0,15.0,0
1.0,299.2,308.6,1367.0,47.6,168.0,0
0.0,300.1,309.5,1660.0,32.7,57.0,0
1.0,298.6,310.1,1444.0,48.1,39.0,0
2.0,297.7,308.9,1479.0,40.9,87.0,0
1.0,295.5,306.0,1641.0,36.6,21.0,0
0.0,304.3,313.3,1775.0,24.9,39.0,0
2.0,299.9,311.3,1413.0,41.8,153.0,0
0.0,296.6,307.4,1368.0,45.1,185.0,0
1.0,297.8,307.4,1438.0,43.6,141.0,0
1.0,299.9,311.3,1703.0,28.4,134.0,0
2.0,303.5,311.6,1466.0,47.0,80.0,0
0.0,297.2,308.6,1652.0,32.1,52.0,0
1.0,303.6,312.3,1630.0,32.4,223.0,0
0.0,301.4,311.0,1701.0,28.4,127.0,0
1.0,302.2,311.5,1562.0,38.0,162.0,0
1.0,302.3,311.6,1668.0,33.2,52.0,0
2.0,302.2,310.9,1415.0,48.4,185.0,0
1.0,302.5,311.8,1566.0,37.6,54.0,0
1.0,295.7,306.4,1387.0,40.1,81.0,0
1.0,300.3,310.2,1442.0,39.5,4.0,0
2.0,302.6,310.2,1873.0,21.3,87.0,0
1.0,299.8,310.6,1694.0,31.3,121.0,0
1.0,303.5,312.9,1438.0,42.8,106.0,0
0.0,297.7,308.9,1458.0,41.1,14.0,0
0.0,300.6,310.6,1514.0,39.5,87.0,0
0.0,299.6,309.2,1540.0,36.7,221.0,0
0.0,301.8,310.9,1521.0,39.3,197.0,0
0.0,302.8,311.1,1550.0,32.3,76.0,0
1.0,300.1,309.6,1501.0,38.0,157.0,0
1.0,301.3,310.5,1481.0,39.7,85.0,0
0.0,299.6,310.8,1507.0,42.4,108.0,0
0.0,300.2,311.0,1627.0,33.7,147.0,0
0.0,299.0,310.4,1371.0,53.8,228.0,1
0.0,302.1,311.2,1519.0,39.3,155.0,0
0.0,298.1,307.7,2567.0,12.8,125.0,1
0.0,303.9,313.0,1551.0,36.8,140.0,0
2.0,297.8,309.2,1648.0,33.0,29.0,0
0.0,303.9,313.1,1425.0,49.3,199.0,0
0.0,301.6,310.1,1326.0,48.2,77.0,1
0.0,298.5,308.0,1404.0,48.1,32.0,0
0.0,300.0,311.4,1374.0,41.9,96.0,0
1.0,297.8,308.5,1466.0,44.7,88.0,0
1.0,297.9,310.0,1439.0,41.7,185.0,0
0.0,301.0,311.2,1467.0,45.4,36.0,0
0.0,296.9,308.1,1741.0,28.8,60.0,0
2.0,298.3,310.1,1509.0,37.6,85.0,0
1.0,301.8,310.9,1358.0,52.3,56.0,0
1.0,298.8,309.1,1559.0,34.7,95.0,0
0.0,300.2,309.5,1356.0,51.1,133.0,0
0.0,299.6,310.6,1642.0,35.1,149.0,0
0.0,302.5,310.2,1716.0,29.9,156.0,0
0.0,298.6,310.0,1334.0,48.0,42.0,0
0.0,297.1,308.1,1446.0,36.6,227.0,0
0.0,298.1,309.9,1563.0,32.8,51.0,0
1.0,302.0,310.6,1539.0,37.4,96.0,0
0.0,299.3,309.1,1496.0,37.2,149.0,0
0.0,295.7,306.2,1397.0,52.0,101.0,0
0.0,301.4,310.7,1590.0,36.3,43.0,0
1.0,297.0,307.9,1569.0,33.3,141.0,0
1.0,299.4,310.0,1512.0,43.2,47.0,0
0.0,300.1,309.6,1649.0,33.6,168.0,0
0.0,301.8,310.7,1680.0,32.4,76.0,0
0.0,299.3,308.6,1482.0,37.6,132.0,0
0.0,301.5,310.9,1318.0,50.6,11.0,0
0.0,300.6,309.8,1418.0,42.7,147.0,0
1.0,302.5,311.1,1638.0,32.0,198.0,0
1.0,300.7,309.7,1397.0,51.3,155.0,0
2.0,297.9,307.6,1418.0,43.0,207.0,0
0.0,303.9,313.3,1394.0,51.6,121.0,0
0.0,302.4,311.8,1384.0,50.9,99.0,0
1.0,297.9,308.8,1469.0,49.0,51.0,0
0.0,296.8,307.5,1347.0,54.8,43.0,0
1.0,297.3,308.4,1434.0,44.8,21.0,0
1.0,298.4,309.0,1544.0,38.8,97.0,0
0.0,295.8,306.5,1493.0,40.5,90.0,0
1.0,300.0,309.6,1477.0,38.1,13.0,0
0.0,302.3,311.0,1412.0,47.0,164.0,0
0.0,300.1,309.3,1712.0,28.5,141.0,0
0.0,297.8,309.2,1683.0,30.9,163.0,0
1.0,299.9,309.4,1509.0,42.8,190.0,0
0.0,302.1,311.5,1444.0,44.9,97.0,0
1.0,302.6,311.6,2041.0,19.2,174.0,0
0.0,298.0,307.6,1548.0,45.8,111.0,0
2.0,298.1,307.6,1496.0,44.1,104.0,0
0.0,300.1,309.0,1314.0,58.2,114.0,0
0.0,298.1,307.6,1488.0,39.4,157.0,0
0.0,298.3,308.5,1416.0,52.7,151.0,0
1.0,296.6,307.5,1566.0,35.0,201.0,0
0.0,298.1,308.3,1495.0,38.7,188.0,0
0.0,300.4,309.5,1447.0,39.3,110.0,0
0.0,297.8,308.4,2129.0,19.2,148.0,0
0.0,300.7,310.6,1720.0,30.3,96.0,0
0.0,299.7,309.6,1512.0,36.2,172.0,0
0.0,298.5,309.6,1585.0,32.2,89.0,0
0.0,297.5,309.2,1715.0,28.0,30.0,0
0.0,300.4,309.3,1413.0,50.3,101.0,0
0.0,297.4,309.2,1584.0,42.8,186.0,0
1.0,301.1,310.0,1433.0,48.1,14.0,0
0.0,301.3,310.9,1760.0,23.9,76.0,0
1.0,300.6,312.1,1293.0,52.3,49.0,0
1.0,297.4,309.1,1463.0,35.0,183.0,0
0.0,302.4,311.1,1448.0,44.8,195.0,0
0.0,303.8,313.1,1309.0,55.8,193.0,0
0.0,301.5,311.1,1458.0,41.4,123.0,0
0.0,299.7,310.9,1477.0,40.4,83.0,0
0.0,300.3,309.6,1537.0,37.1,187.0,0
1.0,298.3,308.8,1391.0,50.4,13.0,0
1.0,303.3,311.5,1569.0,36.6,47.0,0
0.0,301.2,310.4,1390.0,49.9,74.0,0
0.0,300.7,310.5,1445.0,41.1,201.0,0
1.0,300.3,309.9,1611.0,29.0,177.0,0
0.0,302.4,310.2,1400.0,53.7,175.0,0
1.0,302.7,311.7,1759.0,29.9,5.0,0
0.0,299.1,310.3,1727.0,28.7,43.0,0
1.0,299.6,310.2,1620.0,30.0,70.0,0
1.0,300.2,311.6,1751.0,28.0,162.0,0
1.0,299.4,310.8,1628.0,40.2,111.0,0
2.0,295.6,306.1,1256.0,62.3,142.0,0
0.0,297.1,308.5,1733.0,28.7,50.0,0
1.0,301.0,311.6,1301.0,55.0,9.0,0
2.0,297.5,308.8,1824.0,24.0,179.0,0
0.0,297.8,309.3,2015.0,20.1,161.0,0
0.0,300.6,309.8,1502.0,42.4,133.0,0
1.0,298.1,308.9,1335.0,50.4,110.0,0
2.0,301.6,310.4,1330.0,49.5,30.0,0
1.0,300.1,309.2,1418.0,39.8,221.0,0
1.0,297.3,308.2,1677.0,34.9,21.0,0
1.0,303.7,312.9,1444.0,52.7,46.0,0
0.0,302.6,310.5,1748.0,28.2,2.0,0
0.0,299.4,309.3,1377.0,43.6,28.0,0
1.0,304.1,313.3,1680.0,29.3,158.0,0
0.0,299.5,309.3,1409.0,44.7,46.0,0
0.0,302.1,311.5,1987.0,20.1,21.0,0
1.0,302.1,311.4,1419.0,36.2,47.0,0
0.0,296.9,307.9,1359.0,56.5,110.0,0
0.0,296.6,307.3,1474.0,40.0,158.0,0
1.0,302.2,310.8,1408.0,46.8,49.0,0
2.0,300.3,309.9,1394.0,46.7,210.0,1
0.0,300.4,311.3,1608.0,35.1,114.0,0
0.0,297.4,308.4,2151.0,17.7,0.0,0
0.0,295.5,306.1,1573.0,35.1,129.0,0
0.0,302.8,312.4,1529.0,36.8,237.0,0
2.0,297.4,307.9,1390.0,52.0,131.0,0
2.0,297.1,308.4,1359.0,46.6,176.0,0
1.0,302.8,312.3,1432.0,49.0,218.0,0
1.0,296.4,307.2,2071.0,19.4,183.0,0
0.0,303.5,311.9,1344.0,49.3,93.0,1
0.0,300.9,311.0,1432.0,48.1,59.0,0
0.0,300.7,310.7,1425.0,45.3,48.0,0
0.0,301.5,310.7,1435.0,38.5,224.0,0
0.0,299.8,309.7,1429.0,42.6,127.0,0
0.0,303.4,311.9,1771.0,31.6,202.0,0
2.0,300.7,312.3,1670.0,27.3,81.0,0
1.0,302.2,310.9,1302.0,53.4,58.0,0
1.0,298.3,309.3,1376.0,57.0,198.0,0
0.0,299.9,309.4,1858.0,22.5,22.0,0
1.0,302.3,311.7,1639.0,36.6,121.0,0
0.0,300.4,310.0,1581.0,30.3,42.0,0
1.0,300.7,309.4,1589.0,35.0,52.0,0
0.0,296.8,307.9,1489.0,33.4,123.0,0
0.0,297.5,308.1,1631.0,30.6,146.0,0
2.0,298.6,309.4,1439.0,47.1,149.0,0
0.0,300.7,309.7,1598.0,33.7,149.0,0
0.0,297.0,307.9,1479.0,39.2,151.0,0
0.0,296.4,307.4,2833.0,5.6,213.0,1
0.0,303.5,312.7,1694.0,27.3,40.0,0
0.0,302.7,310.5,1511.0,37.7,60.0,0
1.0,301.9,311.0,1384.0,47.4,121.0,0
1.0,297.1,308.1,1506.0,37.7,210.0,0
0.0,299.3,308.6,1422.0,48.9,83.0,0
1.0,299.0,310.3,1689.0,29.7,101.0,0
1.0,302.1,310.6,1517.0,38.9,2.0,0
0.0,298.0,308.5,1404.0,46.6,201.0,0
2.0,297.7,307.1,1855.0,22.5,7.0,0
0.0,303.8,313.0,1365.0,59.9,205.0,1
2.0,299.6,309.1,1630.0,32.3,194.0,0
0.0,300.8,311.7,1426.0,45.5,16.0,0
0.0,301.4,310.8,1477.0,50.4,90.0,0
1.0,296.9,307.5,1332.0,51.1,121.0,0
0.0,299.0,309.9,1411.0,44.7,94.0,0
0.0,304.0,313.0,1541.0,45.9,64.0,0
0.0,302.3,310.2,1548.0,35.3,170.0,0
0.0,300.3,311.1,1606.0,30.9,156.0,0
1.0,297.4,308.7,1425.0,50.3,152.0,0
0.0,298.3,308.2,1663.0,28.4,67.0,0
1.0,298.4,309.2,1491.0,51.2,13.0,0
2.0,302.2,310.7,1413.0,48.9,114.0,0
0.0,304.1,313.3,1470.0,39.9,70.0,0
0.0,300.6,310.9,1472.0,47.6,75.0,0
0.0,300.7,311.1,1426.0,46.2,97.0,0
2.0,297.9,307.5,1880.0,23.3,146.0,0
1.0,298.5,309.0,1741.0,28.0,21.0,0
1.0,300.1,311.3,1650.0,33.8,38.0,0
0.0,301.9,309.9,1374.0,48.5,180.0,1
0.0,302.1,311.5,1533.0,39.4,26.0,0
0.0,299.8,311.2,1369.0,46.2,146.0,0
1.0,300.8,311.4,1521.0,39.9,15.0,0
1.0,303.4,311.7,1690.0,34.9,189.0,0
0.0,298.6,309.8,1370.0,56.0,0.0,0
0.0,299.9,310.2,1479.0,46.3,173.0,0
0.0,301.7,311.0,1474.0,42.6,164.0,0
0.0,300.2,311.4,1452.0,47.8,34.0,0
1.0,300.2,309.5,1500.0,45.7,89.0,0
1.0,300.2,311.7,1555.0,37.4,169.0,0
1.0,296.1,306.9,1951.0,23.3,38.0,0
0.0,298.0,308.3,1405.0,56.2,218.0,1
1.0,299.1,308.4,1332.0,51.7,71.0,0
0.0,300.2,309.6,1359.0,51.5,66.0,0
1.0,303.3,312.4,1505.0,38.9,68.0,0
0.0,304.0,313.3,1519.0,36.7,117.0,0
0.0,301.7,311.2,1482.0,43.6,154.0,0
1.0,300.2,311.6,1467.0,40.7,23.0,0
0.0,301.3,310.6,1560.0,36.8,113.0,0
0.0,300.3,309.8,1523.0,39.2,24.0,0
2.0,297.1,308.3,1492.0,41.5,141.0,0
0.0,302.2,311.3,1389.0,46.9,106.0,0
0.0,302.8,312.2,1509.0,36.5,52.0,0
0.0,303.9,313.1,1586.0,31.9,108.0,0
0.0,300.5,310.6,1543.0,36.2,30.0,0
1.0,298.0,307.9,1417.0,51.0,137.0,0
0.0,303.7,312.7,1395.0,53.9,123.0,0
1.0,304.2,313.1,1608.0,31.1,20.0,0
0.0,299.7,311.0,1983.0,21.0,201.0,0
0.0,298.3,308.5,1453.0,42.9,89.0,0
2.0,299.1,308.3,1424.0,43.4,16.0,0
1.0,299.2,308.5,1742.0,28.9,150.0,0
0.0,302.1,311.3,1415.0,44.1,43.0,0
0.0,300.9,310.6,1598.0,35.4,186.0,0
0.0,300.3,309.6,1468.0,44.7,179.0,0
2.0,300.5,310.7,1654.0,28.6,161.0,0
0.0,300.1,310.4,1554.0,39.4,115.0,0
1.0,297.3,308.9,1799.0,24.5,137.0,0
2.0,298.0,307.4,1606.0,35.2,195.0,0
0.0,300.0,310.4,1333.0,49.1,131.0,0
1.0,304.0,312.7,1456.0,51.2,160.0,0
0.0,299.2,308.2,1466.0,41.3,8.0,0
0.0,297.4,308.5,1496.0,36.4,126.0,0
1.0,300.8,312.0,1443.0,53.3,151.0,0
0.0,300.6,309.5,1516.0,39.0,142.0,0
0.0,299.2,309.1,1345.0,60.7,191.0,1
0.0,302.6,312.2,1520.0,43.0,208.0,0
1.0,301.0,312.0,1558.0,37.5,190.0,0
0.0,297.1,308.4,1543.0,39.6,205.0,0
0.0,297.5,308.8,1530.0,37.8,157.0,0
0.0,297.1,307.8,1454.0,50.6,94.0,0
1.0,298.6,309.6,1525.0,42.4,2.0,0
0.0,302.5,311.1,1493.0,39.0,137.0,0
1.0,301.6,310.4,1377.0,44.9,161.0,0
1.0,298.8,309.6,1693.0,33.3,170.0,0
2.0,298.7,310.2,1613.0,36.0,0.0,0
1.0,296.0,306.7,2044.0,22.3,48.0,0
0.0,299.2,310.4,1611.0,36.4,32.0,0
0.0,300.9,312.4,1372.0,51.0,142.0,0
0.0,298.8,308.8,1991.0,20.7,59.0,0
0.0,300.5,309.8,1345.0,62.7,153.0,0
0.0,299.0,310.4,1713.0,28.0,116.0,0
0.0,301.5,310.5,1389.0,54.9,187.0,0
1.0,297.2,308.1,1554.0,41.3,147.0,0
1.0,301.6,310.7,1791.0,23.8,81.0,0
0.0,300.4,311.8,1689.0,30.8,196.0,0
0.0,298.7,309.9,1483.0,32.8,142.0,0
2.0,300.9,311.9,1513.0,38.0,38.0,0
0.0,300.5,309.7,1580.0,42.8,196.0,0
1.0,300.3,309.5,1665.0,31.4,32.0,0
1.0,298.5,308.7,1662.0,28.3,15.0,0
0.0,296.9,307.8,1285.0,52.1,100.0,0
0.0,299.5,309.3,1462.0,46.7,7.0,0
0.0,299.1,308.8,1429.0,50.1,84.0,0
1.0,299.0,310.0,1486.0,34.6,91.0,0
2.0,298.4,308.1,1891.0,24.7,158.0,0
0.0,298.2,307.8,1749.0,26.1,66.0,0
1.0,298.3,307.9,1485.0,42.0,117.0,0
1.0,303.0,311.1,1428.0,39.8,181.0,0
0.0,300.0,309.4,1499.0,35.7,46.0,0
0.0,300.3,311.5,1663.0,33.6,38.0,0
1.0,297.5,308.7,1352.0,53.0,171.0,0
1.0,303.4,311.6,1446.0,50.0,163.0,0
0.0,299.1,310.3,1449.0,40.7,40.0,0
0.0,299.7,309.3,1420.0,44.1,60.0,0
2.0,300.9,310.4,1457.0,43.8,69.0,0
0.0,300.1,310.1,1569.0,43.5,17.0,0
1.0,302.2,310.9,1488.0,44.2,57.0,0
1.0,301.4,310.9,1489.0,38.9,179.0,0
0.0,298.5,309.5,1548.0,44.5,132.0,0
0.0,296.2,307.2,1445.0,41.8,20.0,0
0.0,298.7,310.2,1436.0,47.5,32.0,0
1.0,301.1,310.6,1310.0,48.8,103.0,0
1.0,300.3,309.5,1448.0,42.4,145.0,0
2.0,300.3,309.7,1582.0,30.8,144.0,0
0.0,300.2,311.6,1529.0,35.5,21.0,0
0.0,301.1,310.6,1611.0,35.2,70.0,0
0.0,300.5,311.6,1541.0,47.8,156.0,0
0.0,301.2,310.8,1461.0,40.6,47.0,0
0.0,297.7,309.7,1498.0,41.0,176.0,0
0.0,300.6,310.9,1433.0,42.6,101.0,0
0.0,298.2,308.1,1306.0,58.3,35.0,0
1.0,303.7,312.8,1366.0,47.3,49.0,0
0.0,299.0,310.3,1472.0,36.1,97.0,0
0.0,298.3,307.9,1703.0,28.9,147.0,0
0.0,297.5,308.6,1536.0,39.0,202.0,0
0.0,300.0,311.5,1666.0,32.0,128.0,0
0.0,299.4,310.5,1372.0,46.3,173.0,0
1.0,301.7,310.8,1516.0,40.4,48.0,0
0.0,295.8,306.6,1644.0,35.2,115.0,0
0.0,299.0,310.2,1494.0,40.6,67.0,0
2.0,297.8,308.4,1512.0,35.1,138.0,0
1.0,300.8,312.3,1535.0,40.3,71.0,0
0.0,301.6,310.6,1478.0,36.6,218.0,0
1.0,298.0,308.0,1620.0,29.4,75.0,0
0.0,298.5,308.3,1504.0,38.0,20.0,0
0.0,297.9,307.7,1590.0,34.6,57.0,0
0.0,298.4,308.2,1528.0,36.2,196.0,0
0.0,298.1,307.7,1705.0,29.1,109.0,0
1.0,298.8,308.5,1425.0,47.4,90.0,0
1.0,298.9,308.7,1772.0,28.4,177.0,0
1.0,299.0,308.9,1449.0,39.6,105.0,0
2.0,298.0,307.8,1314.0,47.8,19.0,0
0.0,301.8,310.0,2032.0,19.0,203.0,0
0.0,300.9,310.7,1509.0,37.5,12.0,0
0.0,297.6,309.6,1501.0,49.8,222.0,1
0.0,296.7,307.8,1505.0,39.4,236.0,0
2.0,298.3,309.0,1470.0,38.4,10.0,0
2.0,298.6,309.7,1672.0,27.5,54.0,0
0.0,298.9,309.8,1396.0,49.0,13.0,0
2.0,301.7,310.5,1388.0,50.5,176.0,0
0.0,298.7,309.6,1516.0,38.5,61.0,0
1.0,300.7,309.6,1421.0,49.8,165.0,0
0.0,300.7,309.8,1330.0,54.4,171.0,0
1.0,298.1,308.2,1654.0,35.3,155.0,0
1.0,300.6,309.8,1694.0,31.1,187.0,0
0.0,301.6,311.2,1408.0,42.9,89.0,0
0.0,299.0,309.0,1544.0,31.8,25.0,0
0.0,301.3,310.6,1529.0,41.8,176.0,0
1.0,301.0,310.4,1517.0,46.1,145.0,0
0.0,297.6,309.2,1390.0,43.3,221.0,0
0.0,298.4,308.2,1850.0,27.0,194.0,0
0.0,301.2,310.7,1644.0,31.6,166.0,0
1.0,298.1,308.2,1736.0,26.8,27.0,0
2.0,304.2,313.5,1684.0,29.8,156.0,0
0.0,298.1,307.7,1537.0,40.8,169.0,0
0.0,297.5,308.6,1596.0,37.1,30.0,0
0.0,298.6,309.8,1704.0,28.3,64.0,0
0.0,300.5,311.6,1497.0,40.5,180.0,0
1.0,298.8,308.6,1486.0,41.1,13.0,0
1.0,302.2,311.4,1372.0,55.1,9.0,0
0.0,300.0,311.2,1629.0,31.7,62.0,0
0.0,299.2,308.5,1515.0,39.8,141.0,0
1.0,300.9,310.5,1702.0,29.3,32.0,0
0.0,299.0,308.5,1559.0,38.1,194.0,0
2.0,298.2,307.6,1460.0,48.6,204.0,0
0.0,300.6,309.7,1593.0,32.4,76.0,0
1.0,300.7,311.0,1740.0,25.6,176.0,0
0.0,302.0,310.5,1651.0,30.9,146.0,0
1.0,298.1,308.5,1463.0,45.9,3.0,0
2.0,302.4,310.1,1597.0,28.9,179.0,0
0.0,297.4,308.3,1801.0,26.9,11.0,0
0.0,298.9,309.8,1616.0,36.5,110.0,0
1.0,301.5,310.1,1468.0,40.8,32.0,0
1.0,298.7,310.3,1495.0,38.7,88.0,0
0.0,298.2,307.8,1521.0,42.9,60.0,0
1.0,301.8,310.8,1691.0,33.4,62.0,0
0.0,297.3,308.1,1566.0,35.7,156.0,0
0.0,297.1,307.9,1342.0,49.1,179.0,0
0.0,300.6,310.0,1455.0,40.4,172.0,0
1.0,299.7,310.5,1594.0,35.4,134.0,0
0.0,298.1,308.3,1331.0,63.0,13.0,0
2.0,300.5,310.0,1495.0,47.4,184.0,0
0.0,301.9,310.9,1567.0,39.0,214.0,1
1.0,298.0,307.9,1750.0,26.6,67.0,0
2.0,301.4,310.6,1674.0,33.6,49.0,0
0.0,300.5,311.5,1316.0,49.7,55.0,0
2.0,302.6,311.7,1471.0,48.3,25.0,0
0.0,299.7,309.4,1362.0,51.9,117.0,0
0.0,297.9,309.1,1457.0,44.4,28.0,0
0.0,298.9,310.5,1640.0,29.2,195.0,0
0.0,301.5,310.7,1596.0,35.4,150.0,0
1.0,297.4,308.2,1530.0,32.6,22.0,0
0.0,295.7,306.2,2270.0,14.6,149.0,1
1.0,300.7,309.6,1439.0,43.0,61.0,0
0.0,298.2,309.0,1596.0,37.2,87.0,0
0.0,301.5,310.8,1413.0,44.6,166.0,0
0.0,301.8,310.8,1736.0,26.5,56.0,0
1.0,300.0,309.3,1407.0,43.9,138.0,0
1.0,302.3,311.7,1341.0,46.3,194.0,0
0.0,300.8,309.9,1312.0,65.3,192.0,1
0.0,300.8,310.6,1577.0,37.9,227.0,1
2.0,299.1,310.1,1421.0,41.2,149.0,0
0.0,299.4,309.3,1401.0,59.0,38.0,0
0.0,297.5,308.7,1371.0,46.5,121.0,0
0.0,302.3,310.9,1587.0,36.6,20.0,0
2.0,300.1,311.4,1485.0,40.4,75.0,0
0.0,297.9,309.8,1336.0,71.6,31.0,1
0.0,296.9,307.8,1653.0,29.7,137.0,0
1.0,301.5,310.6,1382.0,58.1,67.0,0
1.0,302.7,310.8,1555.0,36.1,35.0,0
0.0,299.2,308.4,1711.0,28.9,197.0,0
2.0,299.2,308.8,1908.0,21.3,104.0,0
0.0,300.2,311.6,1322.0,50.9,215.0,0
0.0,297.1,308.5,1425.0,40.0,35.0,0
0.0,299.4,309.2,1607.0,31.7,145.0,0
0.0,300.9,310.7,1523.0,35.8,205.0,0
0.0,300.7,311.9,1486.0,35.8,32.0,0
0.0,300.1,309.4,1694.0,27.4,44.0,0
0.0,299.1,310.1,1336.0,61.3,94.0,0
0.0,298.9,308.7,1433.0,44.7,108.0,0
1.0,298.8,309.8,1490.0,38.6,127.0,0
0.0,300.3,310.4,1336.0,54.4,52.0,0
2.0,302.3,311.4,1372.0,46.0,86.0,0
1.0,299.8,311.1,1562.0,35.7,170.0,0
0.0,302.5,311.6,1400.0,54.0,196.0,0
0.0,298.8,308.4,1369.0,53.0,138.0,0
2.0,300.6,311.5,1282.0,60.2,24.0,0
0.0,299.1,308.6,1408.0,46.7,196.0,0
0.0,299.2,310.3,1463.0,38.9,160.0,0
1.0,303.4,312.8,1590.0,36.3,113.0,0
1.0,297.8,309.0,1576.0,45.0,17.0,0
1.0,300.6,310.7,1388.0,42.9,190.0,0
1.0,298.3,309.0,1526.0,36.9,20.0,0
0.0,300.5,312.0,1498.0,42.9,25.0,0
0.0,302.0,310.6,1361.0,46.7,182.0,0
0.0,298.2,308.9,1709.0,28.1,81.0,0
0.0,303.3,312.6,1463.0,44.0,140.0,0
1.0,301.4,310.5,1563.0,39.9,83.0,0
1.0,298.8,308.6,1707.0,28.1,103.0,0
0.0,297.5,308.5,1597.0,36.4,112.0,0
1.0,298.6,310.0,1541.0,36.9,12.0,0
1.0,301.8,310.9,1346.0,44.6,142.0,0
0.0,298.6,308.4,1485.0,42.9,38.0,0
1.0,303.0,311.2,1519.0,38.0,139.0,0
0.0,299.1,308.2,1348.0,56.1,110.0,0
1.0,300.8,312.0,1274.0,67.3,159.0,0
2.0,299.8,309.7,1368.0,47.4,148.0,0
1.0,300.3,311.8,1483.0,45.1,181.0,0
0.0,300.9,310.2,1382.0,50.4,131.0,0
0.0,298.0,308.7,1462.0,48.2,204.0,0
0.0,297.9,307.6,1968.0,20.4,171.0,0
0.0,300.8,310.7,1586.0,33.4,142.0,0
0.0,301.3,310.5,1390.0,45.8,63.0,0
0.0,299.1,308.6,1611.0,31.4,161.0,0
1.0,299.6,310.9,1530.0,38.8,198.0,0
0.0,301.6,310.9,1643.0,34.1,44.0,0
0.0,297.6,308.6,1382.0,47.1,11.0,0
0.0,300.2,311.4,1495.0,43.6,95.0,0
0.0,301.2,311.0,1544.0,39.3,217.0,0
0.0,298.9,309.1,1452.0,45.5,196.0,0
1.0,300.2,310.2,1628.0,30.3,27.0,0
1.0,299.1,308.4,1330.0,53.6,62.0,0
0.0,297.7,308.7,1694.0,29.1,102.0,0
0.0,302.3,312.0,1398.0,43.3,171.0,0
2.0,297.9,309.1,1435.0,44.7,8.0,0
0.0,298.0,308.0,1401.0,54.7,65.0,0
0.0,298.6,310.1,1439.0,49.9,17.0,0
0.0,301.3,310.4,1695.0,30.9,108.0,0
0.0,295.5,306.0,1800.0,27.6,208.0,0
0.0,301.1,310.8,1470.0,49.3,116.0,0
1.0,297.2,307.9,1632.0,37.5,156.0,0
1.0,295.8,306.3,1235.0,76.2,89.0,1
1.0,301.6,310.7,2012.0,20.7,178.0,0
1.0,299.0,308.4,1535.0,47.5,163.0,0
0.0,304.0,313.0,2354.0,15.0,117.0,0
0.0,298.2,308.7,1428.0,54.9,45.0,0
1.0,300.9,311.2,1472.0,40.0,93.0,0
1.0,301.1,310.5,1646.0,30.7,76.0,0
0.0,299.3,309.1,1470.0,41.1,118.0,0
1.0,298.7,309.9,1434.0,53.0,144.0,0
0.0,298.1,309.2,1802.0,26.9,83.0,0
0.0,303.1,311.2,1452.0,52.9,11.0,0
0.0,300.6,310.4,1457.0,47.7,120.0,0
0.0,303.0,311.2,1361.0,47.6,106.0,1
0.0,300.5,312.0,1558.0,36.7,113.0,0
2.0,296.4,307.1,1638.0,32.5,146.0,0
1.0,298.7,309.2,1410.0,45.6,47.0,0
1.0,301.0,311.6,1448.0,43.9,145.0,0
0.0,300.3,311.8,2004.0,19.6,12.0,0
1.0,295.7,306.3,1712.0,28.5,43.0,0
0.0,304.1,313.1,1327.0,54.1,57.0,0
0.0,297.0,307.9,1595.0,31.7,170.0,0
0.0,301.6,310.6,1455.0,43.9,0.0,0
0.0,298.4,309.0,1474.0,52.7,95.0,0
1.0,298.4,310.2,1725.0,32.0,80.0,0
2.0,299.0,309.9,1884.0,25.6,100.0,0
2.0,297.0,308.1,1410.0,47.6,79.0,0
0.0,300.5,311.6,1528.0,42.4,163.0,0
0.0,298.5,310.0,1804.0,26.1,22.0,0
1.0,297.6,309.3,1464.0,46.2,218.0,0
0.0,299.2,309.1,1605.0,34.3,107.0,0
0.0,298.6,310.0,1517.0,39.0,4.0,0
0.0,302.4,312.1,1455.0,40.4,28.0,0
1.0,298.0,308.7,1494.0,42.6,96.0,0
0.0,298.7,310.1,1433.0,54.6,66.0,0
1.0,301.2,310.1,1295.0,56.6,39.0,0
0.0,300.5,310.5,1373.0,47.4,56.0,0
0.0,299.1,308.1,1479.0,40.7,10.0,0
1.0,297.3,308.8,1548.0,41.3,140.0,0
1.0,299.1,308.7,2008.0,20.3,178.0,0
1.0,303.7,312.0,1402.0,48.6,76.0,0
0.0,295.6,306.2,1569.0,35.1,140.0,0
0.0,304.0,313.1,1465.0,41.0,69.0,0
0.0,297.6,309.5,1549.0,34.9,68.0,0
0.0,297.3,307.9,1579.0,34.4,193.0,0
1.0,300.8,309.6,1546.0,42.3,186.0,0
0.0,299.2,310.3,1440.0,47.0,21.0,0
1.0,302.1,311.1,1605.0,37.6,171.0,0
2.0,299.2,308.5,1342.0,47.5,147.0,0
0.0,300.3,310.0,1560.0,40.8,182.0,0
1.0,297.6,308.8,1357.0,49.7,104.0,0
0.0,297.8,307.3,1327.0,61.0,186.0,1
0.0,297.6,308.6,1744.0,28.5,42.0,0
1.0,297.9,309.0,1530.0,40.9,42.0,0
1.0,300.5,311.9,1370.0,44.8,20.0,0
2.0,303.7,312.9,1460.0,49.8,2.0,0
0.0,299.4,309.2,1564.0,39.0,26.0,0
1.0,298.8,309.9,1495.0,35.2,60.0,0
1.0,299.7,309.0,1645.0,31.9,155.0,0
1.0,296.7,307.6,1547.0,34.7,150.0,0
0.0,297.7,308.4,1510.0,38.6,72.0,0
2.0,302.4,311.9,1366.0,47.3,162.0,0
0.0,300.9,310.7,1517.0,41.7,210.0,0
0.0,300.3,310.3,1704.0,29.5,0.0,0
0.0,300.7,311.8,1486.0,47.3,19.0,0
0.0,302.3,311.6,1544.0,34.3,0.0,0
0.0,297.3,308.6,1586.0,37.7,155.0,0
0.0,302.4,310.4,1865.0,23.9,129.0,0
0.0,301.5,310.5,1372.0,44.0,203.0,0
0.0,300.4,309.6,1386.0,56.9,170.0,0
1.0,297.1,308.1,1823.0,24.3,219.0,0
0.0,296.3,307.4,1465.0,47.1,215.0,0
1.0,295.4,305.8,1526.0,38.2,181.0,0
0.0,298.0,308.1,1777.0,24.3,200.0,0
0.0,299.3,308.5,1772.0,26.1,52.0,0
0.0,300.3,311.4,1759.0,24.8,34.0,0
2.0,295.6,306.0,1396.0,52.4,0.0,0
1.0,297.3,308.7,1466.0,38.4,27.0,0
0.0,298.4,309.2,2118.0,17.7,210.0,0
1.0,300.7,310.8,1486.0,41.2,71.0,0
0.0,299.8,309.1,1578.0,42.1,191.0,0
2.0,300.5,310.6,1411.0,47.2,201.0,0
0.0,304.0,313.2,1632.0,30.6,121.0,0
1.0,297.6,309.6,1330.0,53.1,7.0,0
0.0,298.2,309.0,1780.0,29.3,91.0,0
0.0,298.1,308.7,1691.0,30.3,49.0,0
2.0,298.9,308.7,1353.0,48.1,79.0,0
1.0,300.0,309.1,1624.0,30.8,155.0,0
1.0,300.3,309.6,1398.0,53.7,82.0,0
0.0,299.9,310.4,1497.0,47.0,150.0,0
1.0,300.7,311.9,1657.0,30.9,116.0,0
0.0,301.9,309.6,1446.0,43.2,225.0,0
0.0,301.4,310.5,1489.0,43.5,98.0,0
0.0,296.9,308.1,1422.0,48.7,215.0,0
2.0,302.5,311.8,2370.0,14.7,198.0,0
0.0,300.2,311.6,1375.0,56.9,155.0,0
2.0,297.3,308.2,1653.0,31.4,9.0,0
0.0,299.7,310.6,1479.0,38.0,137.0,0
1.0,302.0,311.0,1980.0,21.5,20.0,0
0.0,299.0,310.1,1447.0,42.8,104.0,0
0.0,302.4,310.1,1556.0,32.9,132.0,0
1.0,298.3,308.1,1722.0,28.6,89.0,0
0.0,298.3,307.8,1906.0,22.1,104.0,0
0.0,304.1,313.4,1374.0,56.6,115.0,0
0.0,298.4,309.3,1806.0,27.6,64.0,0
1.0,298.3,309.6,1531.0,40.1,81.0,0
0.0,297.5,308.3,2564.0,12.8,127.0,1
1.0,298.7,309.2,1437.0,45.7,195.0,0
1.0,301.0,310.4,1665.0,30.9,177.0,0
0.0,302.2,310.6,1462.0,43.6,0.0,0
0.0,302.7,312.1,1543.0,37.5,33.0,0
1.0,296.3,307.3,1498.0,41.6,15.0,0
0.0,299.6,309.0,1472.0,48.8,72.0,0
1.0,299.7,309.1,1508.0,41.2,152.0,0
0.0,301.4,311.1,1495.0,36.3,193.0,0
0.0,302.4,310.1,1418.0,52.3,141.0,0
0.0,302.4,311.1,1880.0,24.5,156.0,0
0.0,301.2,311.0,1612.0,32.9,129.0,0
0.0,298.8,310.0,1611.0,32.4,183.0,0
0.0,297.2,308.6,1489.0,40.2,214.0,0
0.0,298.9,309.8,1411.0,56.3,84.0,0
0.0,300.5,311.6,1744.0,26.8,94.0,0
1.0,298.0,308.6,1376.0,55.7,214.0,0
2.0,299.3,309.0,1508.0,35.0,70.0,0
0.0,300.0,309.0,2174.0,16.9,112.0,0
2.0,302.0,309.9,1447.0,42.8,185.0,0
1.0,300.9,310.6,1709.0,29.2,158.0,0
0.0,297.1,308.2,1347.0,50.8,49.0,0
0.0,301.3,311.1,1454.0,40.3,191.0,0
1.0,298.1,308.9,1479.0,43.4,105.0,0
2.0,300.4,309.3,1396.0,51.2,54.0,0
0.0,301.4,311.0,1470.0,40.6,86.0,0
0.0,302.5,311.9,1437.0,46.7,65.0,0
0.0,298.5,308.6,1522.0,36.9,53.0,0
0.0,299.6,310.2,1469.0,47.0,15.0,0
1.0,300.3,311.8,1592.0,32.1,11.0,0
1.0,303.5,312.4,1606.0,30.1,98.0,0
0.0,298.7,309.8,1365.0,50.5,111.0,0
0.0,298.9,308.9,1453.0,40.8,11.0,0
0.0,300.5,311.9,1350.0,51.7,18.0,0
0.0,298.7,309.7,1881.0,21.7,29.0,0
0.0,298.0,309.2,1665.0,36.6,22.0,0
0.0,300.8,311.2,1492.0,39.0,109.0,0
0.0,302.8,312.3,1473.0,42.6,232.0,0
1.0,300.8,310.7,1371.0,44.7,205.0,0
2.0,303.6,312.7,1403.0,46.2,57.0,0
0.0,297.9,308.6,1468.0,36.0,168.0,0
1.0,298.5,309.3,1488.0,43.7,189.0,0
1.0,297.7,307.2,1405.0,43.7,2.0,0
0.0,300.7,309.5,1251.0,59.9,120.0,0
1.0,303.5,312.0,1475.0,42.9,85.0,0
0.0,297.5,308.6,1621.0,28.9,0.0,0
1.0,297.3,308.0,1598.0,29.4,148.0,0
0.0,299.0,310.1,1664.0,29.7,89.0,0
1.0,299.2,308.5,1526.0,37.3,135.0,0
0.0,299.0,310.3,1431.0,39.9,157.0,0
1.0,303.0,311.3,1335.0,53.6,164.0,1
0.0,297.3,308.5,1504.0,42.0,142.0,0
2.0,298.9,309.2,1379.0,50.7,106.0,0
2.0,302.2,311.1,1426.0,50.6,101.0,0
0.0,297.8,307.3,1412.0,50.7,24.0,0
2.0,299.0,310.3,1658.0,27.6,69.0,0
0.0,302.1,310.7,1359.0,49.3,41.0,1
1.0,299.2,310.4,1325.0,52.0,34.0,0
2.0,298.9,310.1,1491.0,45.3,133.0,0
0.0,298.8,309.6,1523.0,41.9,165.0,0
0.0,303.5,311.6,2183.0,17.0,110.0,0
0.0,297.4,308.3,1336.0,53.7,61.0,0
0.0,301.1,310.1,1540.0,36.6,28.0,0
0.0,302.3,310.9,1891.0,22.7,135.0,0
1.0,302.1,311.3,1497.0,38.4,28.0,0
1.0,298.3,309.4,1816.0,22.6,138.0,0
2.0,302.2,311.4,1625.0,35.4,70.0,0
1.0,298.4,308.7,1421.0,60.7,119.0,1
0.0,301.0,312.2,1601.0,33.0,109.0,0
0.0,300.0,309.7,1326.0,61.9,80.0,0
1.0,300.7,310.8,1469.0,46.4,75.0,0
1.0,304.1,313.5,1587.0,33.6,108.0,0
1.0,301.2,310.0,1445.0,45.6,18.0,0
0.0,298.6,309.6,1611.0,35.7,23.0,0
1.0,299.4,309.1,1461.0,48.6,70.0,0
2.0,295.6,306.2,1632.0,32.2,76.0,0
2.0,303.1,311.3,1494.0,42.7,221.0,0
0.0,300.4,310.4,1298.0,61.4,19.0,0
0.0,299.1,310.4,1594.0,33.3,147.0,0
0.0,303.6,312.4,1418.0,46.0,128.0,0
0.0,297.4,308.6,1609.0,36.2,116.0,0
0.0,300.6,311.9,1463.0,38.2,41.0,0
0.0,299.2,308.9,1342.0,50.8,195.0,0
0.0,299.9,310.3,1268.0,53.3,146.0,0
2.0,297.9,307.7,1618.0,35.9,92.0,0
0.0,295.6,306.1,1389.0,46.2,113.0,0
1.0,297.5,308.4,1596.0,36.6,80.0,0
0.0,298.9,308.7,1389.0,44.9,69.0,0
0.0,299.0,310.2,1516.0,35.3,102.0,0
0.0,298.1,308.1,1484.0,40.4,59.0,0
1.0,302.4,311.1,1721.0,30.1,210.0,0
1.0,301.0,312.1,1664.0,28.4,168.0,0
0.0,299.4,308.7,1459.0,47.6,96.0,0
0.0,299.8,311.3,1560.0,35.4,178.0,0
0.0,296.4,307.5,1549.0,36.1,58.0,0
0.0,304.1,313.1,1969.0,20.8,59.0,0
0.0,299.3,309.2,1511.0,37.2,129.0,0
0.0,297.0,307.7,1867.0,22.8,118.0,0
1.0,298.8,309.9,1741.0,27.7,50.0,0
0.0,301.6,310.6,1834.0,23.5,146.0,0
1.0,300.9,310.8,1452.0,43.6,185.0,0
0.0,297.3,308.2,1490.0,41.0,16.0,0
1.0,301.4,310.6,1855.0,25.3,178.0,0
1.0,296.7,307.4,1533.0,32.5,182.0,0
0.0,303.4,312.7,1589.0,34.0,116.0,0
0.0,302.0,310.9,1539.0,34.2,13.0,0
0.0,301.7,310.7,1532.0,39.8,92.0,0
0.0,300.8,311.3,1505.0,45.5,141.0,0
0.0,298.8,308.2,1443.0,53.4,21.0,0
0.0,302.4,310.6,1445.0,40.3,162.0,0
0.0,298.2,309.0,1341.0,43.8,171.0,0
0.0,298.8,309.8,1634.0,33.6,27.0,0
0.0,297.3,308.5,1384.0,39.6,144.0,0
0.0,303.9,313.0,1433.0,48.4,178.0,0
2.0,300.4,309.8,1409.0,47.5,138.0,0
0.0,298.4,307.9,1544.0,35.9,132.0,0
0.0,297.3,308.4,1472.0,41.3,67.0,0
0.0,300.4,311.2,1705.0,28.7,20.0,0
0.0,300.6,310.6,1508.0,34.8,62.0,0
0.0,298.9,310.1,1442.0,48.0,181.0,0
0.0,300.7,310.8,1653.0,31.6,111.0,0
0.0,299.4,308.6,1492.0,40.5,181.0,0
0.0,299.7,311.0,1827.0,25.4,194.0,0
1.0,299.1,308.9,1476.0,42.7,225.0,0
0.0,302.0,311.2,1420.0,45.8,192.0,0
1.0,304.0,313.0,1685.0,28.2,66.0,0
0.0,298.9,308.9,1450.0,47.5,9.0,0
0.0,302.4,310.3,1374.0,51.2,163.0,1
1.0,300.7,310.8,1452.0,47.9,77.0,0
1.0,300.5,309.8,1508.0,37.8,150.0,0
0.0,298.9,308.5,1467.0,44.7,136.0,0
0.0,300.5,309.6,1390.0,48.4,194.0,0
0.0,295.7,306.1,1408.0,47.9,117.0,0
1.0,299.1,308.8,1491.0,41.0,209.0,0
1.0,297.9,307.9,1336.0,54.4,82.0,0
2.0,297.4,308.2,1585.0,46.2,37.0,0
1.0,298.9,309.8,1836.0,22.8,18.0,0
0.0,299.4,310.8,1424.0,47.7,109.0,0
1.0,299.3,308.7,1459.0,35.6,87.0,0
1.0,303.6,312.5,1607.0,33.7,14.0,0
0.0,300.9,310.4,1541.0,39.1,17.0,0
0.0,298.2,308.2,1478.0,50.1,166.0,0
0.0,295.9,306.6,1414.0,50.2,51.0,0
0.0,302.8,312.4,1392.0,46.2,70.0,0
1.0,300.4,310.1,1457.0,35.1,193.0,0
0.0,302.5,311.9,1401.0,44.9,203.0,0
2.0,302.2,311.6,1357.0,44.2,142.0,0
0.0,302.2,311.3,1570.0,36.1,0.0,0
0.0,298.3,309.7,1484.0,44.3,173.0,0
0.0,295.6,306.2,1426.0,48.6,124.0,0
1.0,299.0,310.2,1298.0,57.2,10.0,0
1.0,297.4,308.6,1901.0,22.1,81.0,0
0.0,299.7,310.2,1633.0,36.5,24.0,0
0.0,299.1,310.4,1428.0,46.9,87.0,0
0.0,300.4,309.6,1553.0,43.9,75.0,0
0.0,301.0,311.7,1547.0,34.5,152.0,0
0.0,303.6,311.8,1567.0,31.7,97.0,0
0.0,301.0,310.9,1570.0,34.0,192.0,0
2.0,300.1,309.4,1563.0,40.8,28.0,0
0.0,296.8,307.8,1565.0,39.5,124.0,0
1.0,299.4,309.1,1417.0,47.3,59.0,0
0.0,297.5,308.5,1462.0,52.3,148.0,0
0.0,298.4,309.1,1423.0,48.0,135.0,0
2.0,300.4,311.4,1445.0,52.4,105.0,0
0.0,302.0,311.0,1865.0,22.7,48.0,0
0.0,299.0,308.6,1734.0,32.4,161.0,0
0.0,301.2,310.5,1546.0,40.0,55.0,0
1.0,300.2,311.6,1465.0,41.4,78.0,0
1.0,301.3,310.7,1532.0,40.7,178.0,0
0.0,299.2,308.4,1386.0,54.1,26.0,0
2.0,297.1,308.4,1654.0,31.4,171.0,0
0.0,301.1,311.1,1470.0,40.9,125.0,0
0.0,301.5,310.5,1535.0,39.0,204.0,0
0.0,300.3,311.4,1346.0,51.1,147.0,0
1.0,300.7,310.6,1572.0,38.5,50.0,0
0.0,299.1,308.9,1617.0,32.3,223.0,0
1.0,302.8,312.2,1452.0,50.3,60.0,0
0.0,301.2,312.4,1480.0,53.5,97.0,0
0.0,298.5,309.5,1569.0,41.0,153.0,0
0.0,301.1,312.3,1595.0,31.9,134.0,0
1.0,302.3,310.1,1731.0,33.4,112.0,0
1.0,298.0,308.7,1614.0,30.7,106.0,0
0.0,298.3,309.9,1463.0,43.9,116.0,0
1.0,298.7,309.0,1843.0,25.8,130.0,0
2.0,304.0,313.2,1612.0,31.7,206.0,0
1.0,303.7,312.9,1566.0,32.6,9.0,0
0.0,299.7,309.1,1347.0,55.3,139.0,0
0.0,298.1,308.0,1426.0,46.0,61.0,0
0.0,301.5,310.5,1593.0,32.9,155.0,0
1.0,300.0,309.5,1879.0,22.4,79.0,0
1.0,301.4,310.6,1459.0,35.0,87.0,0
0.0,298.8,308.9,1402.0,37.9,2.0,0
1.0,300.6,309.5,1550.0,40.2,96.0,0
1.0,297.1,307.9,1980.0,20.3,159.0,0
1.0,298.0,309.2,1558.0,41.7,35.0,0
0.0,301.6,310.8,1418.0,44.7,46.0,0
0.0,304.2,313.4,1568.0,37.6,25.0,0
0.0,297.6,308.3,1742.0,27.7,13.0,0
0.0,298.5,309.5,1579.0,38.6,126.0,0
0.0,300.3,311.3,1332.0,60.5,112.0,0
0.0,303.7,312.5,1632.0,36.6,186.0,0
0.0,303.0,312.6,1451.0,42.1,125.0,0
1.0,303.8,312.7,1374.0,53.6,136.0,0
0.0,300.5,311.5,1302.0,49.6,80.0,0
0.0,302.4,310.0,1426.0,46.6,102.0,0
2.0,301.6,309.9,1423.0,53.6,95.0,0
1.0,297.7,308.8,1350.0,57.0,105.0,0
0.0,298.8,309.1,1378.0,54.4,165.0,0
0.0,299.9,310.3,1638.0,29.1,152.0,0
0.0,299.6,309.2,1559.0,39.1,110.0,0
1.0,297.5,308.1,1480.0,42.4,112.0,0
0.0,300.5,311.6,1509.0,47.2,202.0,0
0.0,301.9,309.7,1719.0,31.9,0.0,0
1.0,300.7,309.5,1733.0,26.7,108.0,0
2.0,298.0,308.7,1536.0,39.6,99.0,0
2.0,301.0,312.2,1489.0,40.3,117.0,0
0.0,300.6,312.2,1308.0,54.7,52.0,0
1.0,297.1,308.0,1690.0,25.6,159.0,0
1.0,297.5,309.4,1391.0,58.2,34.0,0
0.0,297.8,308.3,1435.0,50.1,189.0,0
0.0,298.7,308.4,1373.0,46.9,60.0,0
0.0,300.3,311.1,1388.0,49.4,128.0,0
0.0,297.3,308.7,1352.0,53.8,91.0,0
0.0,301.7,310.7,1763.0,25.9,3.0,0
0.0,302.7,312.0,1828.0,24.0,63.0,0
0.0,302.0,310.9,1663.0,31.5,81.0,0
0.0,301.1,310.8,1724.0,27.5,101.0,0
2.0,300.0,310.1,1714.0,28.7,55.0,0
0.0,302.5,311.5,1521.0,44.1,37.0,0
1.0,303.8,312.6,1684.0,29.3,167.0,0
2.0,300.4,311.2,1489.0,45.3,180.0,0
1.0,298.0,308.7,1430.0,51.9,47.0,0
0.0,297.9,309.0,1562.0,35.8,40.0,0
0.0,299.1,308.5,1689.0,32.1,192.0,0
2.0,297.5,308.9,1419.0,50.7,7.0,0
0.0,301.4,310.0,1776.0,25.6,30.0,0
0.0,301.1,310.4,1874.0,24.8,47.0,0
0.0,298.4,309.7,1457.0,44.2,175.0,0
0.0,304.5,313.7,1670.0,32.9,7.0,0
0.0,298.8,310.0,1403.0,45.6,185.0,0
1.0,300.1,310.3,1345.0,57.1,71.0,0
0.0,301.9,310.4,1603.0,37.6,69.0,0
0.0,298.8,308.5,1444.0,42.2,83.0,0
0.0,299.6,308.9,1422.0,53.2,120.0,0
1.0,298.9,308.6,1524.0,40.4,131.0,0
0.0,300.5,310.0,1413.0,44.5,152.0,0
0.0,300.1,309.6,1321.0,46.9,75.0,0
1.0,300.8,309.5,1481.0,44.5,49.0,0
0.0,298.3,310.0,1442.0,43.9,110.0,0
0.0,298.2,307.8,1515.0,46.7,74.0,0
1.0,301.0,310.9,1575.0,34.6,150.0,0
0.0,300.6,311.9,1425.0,44.9,224.0,0
0.0,298.6,309.3,1449.0,46.5,26.0,0
2.0,302.9,312.3,1754.0,26.9,209.0,0
1.0,300.3,311.9,1677.0,30.8,48.0,0
2.0,297.3,308.8,1564.0,38.0,191.0,0
0.0,302.6,312.1,1502.0,47.3,171.0,0
2.0,302.0,309.9,1735.0,27.2,192.0,0
2.0,300.0,311.2,1393.0,43.1,45.0,0
0.0,303.0,311.2,1383.0,44.6,198.0,0
2.0,299.2,310.6,1434.0,48.4,153.0,0
0.0,297.5,308.9,1427.0,50.4,17.0,0
0.0,300.5,311.4,1466.0,41.8,112.0,0
0.0,298.5,309.3,1471.0,44.7,119.0,0
0.0,300.3,311.8,1548.0,33.0,16.0,0
0.0,300.7,310.2,1286.0,64.9,160.0,0
1.0,298.4,309.5,1514.0,38.8,128.0,0
0.0,301.6,310.4,1599.0,41.7,116.0,0
1.0,300.7,310.8,1724.0,30.0,76.0,0
2.0,300.5,311.6,1351.0,53.5,78.0,0
0.0,300.1,309.4,1559.0,39.7,24.0,0
0.0,298.1,307.9,1578.0,35.6,55.0,0
0.0,299.6,309.0,1372.0,60.4,149.0,0
1.0,302.4,311.4,1534.0,40.1,41.0,0
1.0,303.0,312.3,1674.0,29.5,109.0,0
2.0,303.3,311.8,1649.0,29.4,49.0,0
1.0,297.9,309.9,1410.0,55.4,188.0,0
0.0,302.3,310.7,1499.0,37.8,137.0,0
0.0,301.0,311.0,1553.0,35.8,26.0,0
2.0,298.5,309.4,1573.0,33.6,143.0,0
0.0,301.0,310.8,1549.0,41.4,121.0,0
0.0,304.2,313.4,1490.0,44.0,41.0,0
0.0,300.0,311.5,1349.0,48.6,113.0,0
0.0,298.3,309.3,1401.0,51.9,14.0,0
0.0,301.8,310.6,1395.0,50.5,131.0,0
1.0,300.7,310.6,1505.0,35.6,105.0,0
1.0,299.4,309.3,1485.0,47.1,209.0,0
1.0,303.8,312.9,1815.0,27.8,66.0,0
0.0,298.2,308.9,1332.0,44.4,100.0,0
0.0,297.5,308.9,1596.0,30.7,5.0,0
1.0,302.6,310.2,2676.0,10.8,84.0,1
0.0,297.5,308.9,1466.0,43.0,15.0,0
0.0,299.3,309.1,1495.0,44.0,55.0,0
0.0,298.9,308.7,1356.0,50.7,185.0,0
2.0,297.4,309.3,1365.0,52.4,76.0,0
0.0,300.5,310.3,1683.0,31.5,8.0,0
0.0,302.5,310.4,1487.0,42.0,152.0,0
1.0,299.0,310.3,1447.0,39.9,78.0,0
0.0,298.0,307.8,1453.0,37.7,119.0,0
0.0,297.2,308.6,1500.0,37.1,161.0,0
0.0,298.5,309.5,1385.0,46.3,203.0,1
0.0,303.6,312.2,1696.0,30.7,5.0,0
1.0,296.9,308.0,1497.0,44.8,57.0,0
0.0,298.3,309.3,1558.0,37.2,73.0,0
1.0,300.7,310.6,1407.0,42.4,218.0,0
0.0,299.2,310.2,1697.0,30.6,12.0,0
0.0,300.8,310.8,1689.0,32.9,151.0,0
0.0,300.2,310.2,1530.0,48.5,15.0,0
0.0,300.9,310.4,2021.0,18.8,30.0,0
0.0,297.2,308.6,1437.0,52.4,37.0,0
1.0,301.1,311.3,1389.0,53.3,8.0,0
0.0,297.9,307.6,1481.0,38.0,40.0,0
0.0,302.5,310.5,1436.0,36.5,43.0,0
1.0,303.7,312.0,2663.0,11.4,71.0,1
0.0,302.2,310.1,1458.0,45.1,15.0,0
0.0,298.5,308.2,1595.0,32.3,46.0,0
1.0,300.5,309.8,1555.0,38.9,166.0,0
1.0,302.1,311.5,1866.0,23.1,159.0,0
1.0,296.0,306.6,1392.0,51.3,124.0,0
0.0,298.8,309.6,1903.0,22.3,145.0,0
1.0,303.4,311.8,1316.0,50.9,69.0,1
1.0,303.3,312.7,1642.0,33.6,104.0,0
1.0,299.7,310.5,1492.0,39.3,131.0,0
1.0,300.8,310.7,1483.0,40.8,28.0,0
0.0,301.3,310.3,1460.0,41.5,197.0,0
1.0,299.8,310.0,1397.0,48.1,164.0,0
1.0,299.5,310.7,1423.0,56.5,7.0,0
1.0,300.8,310.9,1557.0,31.6,52.0,0
0.0,297.4,308.4,1394.0,50.1,213.0,0
0.0,300.4,309.8,1342.0,52.5,68.0,0
0.0,296.4,307.4,1512.0,36.8,46.0,0
0.0,300.7,310.2,1642.0,32.6,26.0,0
0.0,300.8,309.4,1946.0,20.5,111.0,0
1.0,301.8,310.3,1465.0,46.5,60.0,0
1.0,298.0,308.5,1682.0,33.0,58.0,0
0.0,300.1,311.5,1434.0,40.8,80.0,0
1.0,301.2,310.7,1394.0,42.8,168.0,0
0.0,300.6,310.7,1750.0,30.6,171.0,0
0.0,298.1,308.0,1638.0,35.1,38.0,0
1.0,300.5,310.0,1406.0,50.2,119.0,0
0.0,302.2,310.7,1567.0,36.4,100.0,0
0.0,299.9,311.3,1647.0,27.5,26.0,0
0.0,298.5,309.6,1861.0,26.9,130.0,0
1.0,301.1,311.1,2089.0,19.8,162.0,0
0.0,297.5,308.4,1511.0,42.8,209.0,0
0.0,304.0,313.2,1615.0,37.8,127.0,0
1.0,297.4,308.3,1535.0,34.6,51.0,0
2.0,299.7,309.2,1468.0,49.6,132.0,0
0.0,297.8,308.9,1871.0,25.6,200.0,1
0.0,299.3,309.0,1419.0,46.6,158.0,0
0.0,301.7,311.3,1421.0,45.9,85.0,0
2.0,297.8,307.8,1662.0,30.7,48.0,0
2.0,298.3,309.1,1430.0,40.9,162.0,0
1.0,298.8,309.8,1477.0,46.7,59.0,0
0.0,298.8,309.0,1829.0,22.9,172.0,0
0.0,296.9,307.6,1514.0,35.7,100.0,0
1.0,296.7,307.8,1286.0,60.5,0.0,0
2.0,301.4,310.7,1536.0,44.4,96.0,0
0.0,302.3,310.1,1388.0,49.9,48.0,0
1.0,297.6,308.5,1490.0,43.4,154.0,0
0.0,301.7,309.5,1298.0,65.5,229.0,1
0.0,300.4,311.1,1487.0,37.4,162.0,0
1.0,297.4,308.1,1734.0,27.7,70.0,0
0.0,296.9,308.4,1557.0,32.4,173.0,0
0.0,300.5,309.9,1443.0,48.3,122.0,0
1.0,303.6,312.3,1915.0,22.3,116.0,0
1.0,300.6,309.8,1532.0,42.5,130.0,0
1.0,297.4,308.5,1472.0,42.0,150.0,0
0.0,299.4,310.5,1749.0,28.1,179.0,0
0.0,302.3,311.6,1309.0,57.6,77.0,0
0.0,301.3,310.9,2165.0,17.4,143.0,0
0.0,298.2,309.0,1353.0,57.8,89.0,0
1.0,299.8,309.3,1470.0,42.7,119.0,0
0.0,302.0,309.8,1456.0,58.1,145.0,0
0.0,302.0,310.6,1358.0,53.1,194.0,0
2.0,300.9,312.0,1397.0,42.7,212.0,0
1.0,298.1,308.9,1417.0,39.2,65.0,0
0.0,301.1,311.6,1432.0,48.1,202.0,0
0.0,303.7,312.7,1572.0,37.2,192.0,0
0.0,302.4,310.2,1539.0,37.7,29.0,0
0.0,300.6,310.8,1375.0,53.2,179.0,0
0.0,301.0,310.4,2204.0,16.6,175.0,0
0.0,297.2,308.4,1462.0,51.2,102.0,0
2.0,300.6,309.4,1463.0,49.2,235.0,0
1.0,303.4,311.4,1606.0,29.6,122.0,0
0.0,300.6,310.2,1318.0,51.0,8.0,0
1.0,297.8,307.3,1315.0,54.0,180.0,0
0.0,300.1,310.1,1380.0,52.6,59.0,0
1.0,301.8,311.0,1756.0,26.7,33.0,0
0.0,299.2,308.5,1544.0,41.6,146.0,0
2.0,302.3,311.4,1443.0,44.1,51.0,0
0.0,297.8,308.3,1498.0,47.3,160.0,0
0.0,301.3,311.3,1509.0,42.5,213.0,0
0.0,301.7,309.9,1317.0,49.0,187.0,1
0.0,296.7,308.0,1451.0,50.7,197.0,0
0.0,300.3,310.4,1742.0,25.9,7.0,0
0.0,301.5,310.1,1639.0,33.4,47.0,0
0.0,300.2,310.1,1392.0,47.9,201.0,0
1.0,297.4,309.1,1582.0,35.9,180.0,0
0.0,297.8,308.4,1622.0,38.3,134.0,0
0.0,300.9,311.0,1499.0,38.0,111.0,0
1.0,300.5,309.4,2179.0,16.3,59.0,0
0.0,298.8,308.6,1511.0,36.1,157.0,0
2.0,302.1,310.7,1294.0,62.4,101.0,1
2.0,299.4,308.9,1762.0,29.3,91.0,0
1.0,302.2,310.7,1601.0,33.0,166.0,0
1.0,300.4,309.2,1528.0,37.2,228.0,0
0.0,301.5,310.8,1500.0,41.0,118.0,0
1.0,300.1,311.3,1523.0,34.1,135.0,0
2.0,300.8,311.4,1453.0,44.6,38.0,0
0.0,300.2,311.6,1372.0,49.2,195.0,0
0.0,297.7,307.6,1921.0,22.9,68.0,0
1.0,302.9,312.6,1394.0,46.4,82.0,0
1.0,297.5,308.4,1350.0,52.2,157.0,0
0.0,299.6,309.2,1602.0,37.3,31.0,0
0.0,300.5,309.8,1367.0,54.0,129.0,0
0.0,297.6,308.3,1438.0,47.8,84.0,0
2.0,300.6,309.6,1888.0,20.5,133.0,0
0.0,298.9,309.8,1390.0,49.9,21.0,0
1.0,302.4,312.1,1492.0,47.7,7.0,0
0.0,300.9,310.8,1517.0,44.3,4.0,0
1.0,300.7,310.8,1506.0,44.0,97.0,0
2.0,297.8,307.5,1631.0,31.3,124.0,0
0.0,298.2,307.6,1492.0,37.2,178.0,0
1.0,300.7,310.2,1373.0,44.1,28.0,0
0.0,303.1,311.2,1399.0,49.2,111.0,0
1.0,299.0,310.0,1341.0,58.9,126.0,0
1.0,296.6,307.5,1482.0,39.9,153.0,0
0.0,300.7,311.0,1377.0,49.9,124.0,0
0.0,301.2,310.6,1670.0,30.0,40.0,0
1.0,302.2,311.6,1592.0,37.7,79.0,0
0.0,301.9,310.5,1425.0,51.1,173.0,0
0.0,297.3,308.6,1297.0,45.9,184.0,0
1.0,300.5,309.9,1343.0,63.7,124.0,0
1.0,298.9,309.9,1501.0,37.1,70.0,0
1.0,299.7,309.2,1685.0,28.9,179.0,1
0.0,297.5,308.8,1587.0,34.9,166.0,0
0.0,299.4,308.6,1415.0,56.4,175.0,0
1.0,300.1,309.7,1420.0,48.4,36.0,0
1.0,299.6,309.1,1435.0,48.4,143.0,0
0.0,300.6,310.2,1555.0,41.9,19.0,0
1.0,302.9,312.4,1421.0,46.0,206.0,0
1.0,300.6,310.3,1614.0,32.7,0.0,0
0.0,302.9,312.3,1515.0,40.8,183.0,0
0.0,300.1,311.5,1549.0,34.7,189.0,0
0.0,299.1,310.6,1577.0,37.1,44.0,0
0.0,301.9,310.7,1405.0,48.8,78.0,0
0.0,299.2,308.7,1325.0,51.0,171.0,0
2.0,302.4,310.9,1444.0,40.7,174.0,0
1.0,298.3,307.8,1485.0,42.0,13.0,0
0.0,301.9,310.9,1309.0,48.0,124.0,0
1.0,301.3,310.8,1509.0,40.1,25.0,0
0.0,299.6,309.4,1331.0,46.4,16.0,0
1.0,298.7,310.0,1519.0,38.1,198.0,0
1.0,303.4,312.6,2706.0,9.8,65.0,1
1.0,297.6,308.6,1444.0,48.2,46.0,0
1.0,301.2,309.9,1456.0,50.8,15.0,0
0.0,298.3,308.3,1432.0,46.9,65.0,0
1.0,301.1,311.2,1591.0,35.0,208.0,0
0.0,303.5,312.0,1441.0,56.8,88.0,0
0.0,300.1,309.3,1340.0,56.0,130.0,0
0.0,301.2,311.0,1670.0,33.0,200.0,0
1.0,300.7,311.6,1348.0,62.5,36.0,0
0.0,299.2,310.4,1570.0,37.3,37.0,0
0.0,300.7,310.7,1333.0,61.0,177.0,0
0.0,297.3,308.3,1309.0,61.5,56.0,0
2.0,301.3,310.8,1434.0,39.5,18.0,0
0.0,298.6,309.9,1556.0,38.6,36.0,0
0.0,298.9,310.3,1436.0,39.0,32.0,0
0.0,300.5,311.5,1499.0,37.6,73.0,0
1.0,298.4,309.2,1399.0,45.2,125.0,0
0.0,300.5,309.5,1379.0,55.6,2.0,0
1.0,298.1,308.9,1323.0,51.7,88.0,0
0.0,301.2,310.4,1470.0,44.0,113.0,0
1.0,300.8,312.4,1465.0,43.7,139.0,0
1.0,297.6,308.2,1995.0,20.5,10.0,0
0.0,298.7,309.7,1393.0,45.7,99.0,0
0.0,298.3,308.6,1499.0,38.3,142.0,0
0.0,302.1,311.3,1521.0,31.5,202.0,0
1.0,297.7,309.4,1461.0,43.7,142.0,0
0.0,301.0,311.6,1352.0,63.5,143.0,0
0.0,302.7,310.4,1542.0,35.7,38.0,0
0.0,298.0,307.5,1792.0,27.9,217.0,0
1.0,301.8,311.1,1663.0,31.6,199.0,0
0.0,298.1,307.6,1950.0,20.3,202.0,0
1.0,297.8,309.2,1295.0,61.2,12.0,0
1.0,300.4,311.7,1832.0,24.2,179.0,0
0.0,300.6,311.7,1553.0,39.8,0.0,0
0.0,300.4,311.2,1406.0,43.6,22.0,0
1.0,297.4,308.4,1789.0,25.0,210.0,0
2.0,300.0,309.7,1529.0,42.4,107.0,0
2.0,303.1,311.3,2056.0,19.7,167.0,0
0.0,300.9,311.6,1671.0,33.5,148.0,0
2.0,300.3,311.6,1463.0,41.6,102.0,0
1.0,300.2,309.4,1456.0,48.8,205.0,0
0.0,299.9,311.3,1535.0,38.1,160.0,0
1.0,298.8,308.7,1543.0,38.2,44.0,0
2.0,300.0,309.5,1735.0,28.9,82.0,0
0.0,298.7,310.1,1676.0,33.5,70.0,0
2.0,298.7,309.8,1582.0,33.4,121.0,0
1.0,302.9,311.0,1437.0,49.9,55.0,0
0.0,298.7,309.9,1404.0,47.1,64.0,0
1.0,300.9,310.8,1599.0,33.0,7.0,0
0.0,298.2,308.0,1499.0,44.1,166.0,0
1.0,301.7,311.2,1413.0,42.6,79.0,0
1.0,298.9,309.3,1581.0,30.7,65.0,0
0.0,300.6,312.0,1430.0,42.7,130.0,0
0.0,302.3,311.1,1589.0,29.9,141.0,0
0.0,299.2,308.4,1436.0,41.8,28.0,0
1.0,298.7,309.8,1570.0,42.1,200.0,0
1.0,300.8,310.6,1669.0,28.4,79.0,0
1.0,296.6,307.7,1474.0,52.6,101.0,0
1.0,297.6,308.4,1398.0,48.9,63.0,0
2.0,296.7,307.5,1607.0,33.6,38.0,0
1.0,300.9,311.1,1325.0,61.4,88.0,0
0.0,298.4,310.1,1926.0,23.7,83.0,0
1.0,301.2,310.1,1479.0,45.5,44.0,0
1.0,301.5,311.1,1507.0,38.6,149.0,0
1.0,302.4,310.4,1463.0,42.2,139.0,0
1.0,299.2,308.9,1521.0,42.3,215.0,0
1.0,301.8,311.1,1395.0,44.6,171.0,0
0.0,297.3,308.4,1417.0,47.8,31.0,0
0.0,301.6,310.7,1457.0,40.4,213.0,0
2.0,297.0,307.9,1448.0,45.6,172.0,0
0.0,304.0,313.0,1350.0,61.1,88.0,0
1.0,298.4,308.2,1584.0,41.0,191.0,0
0.0,301.3,310.5,1365.0,47.7,70.0,0
1.0,301.5,310.8,1628.0,36.4,167.0,0
1.0,302.8,310.8,1451.0,44.7,32.0,0
0.0,304.3,313.5,1452.0,41.5,15.0,0
1.0,302.5,310.4,1581.0,32.7,181.0,0
0.0,303.9,312.7,1800.0,24.3,158.0,0
2.0,298.9,310.2,1532.0,37.7,166.0,0
0.0,297.4,308.2,1639.0,33.8,39.0,0
0.0,303.6,311.7,1491.0,39.8,92.0,0
0.0,300.6,311.7,1428.0,52.6,208.0,0
1.0,298.1,308.9,1804.0,25.1,118.0,0
0.0,297.4,309.0,1570.0,37.9,154.0,0
2.0,300.7,312.4,1457.0,47.2,74.0,0
2.0,298.6,308.3,1377.0,52.1,181.0,0
0.0,300.6,309.3,1601.0,40.2,69.0,0
1.0,301.8,310.7,1383.0,45.7,44.0,0
2.0,304.1,313.3,1397.0,49.6,34.0,0
1.0,301.1,310.5,1603.0,32.6,121.0,0
2.0,300.8,310.4,1419.0,46.4,200.0,0
1.0,299.2,309.0,1541.0,36.3,104.0,0
0.0,299.4,310.4,1509.0,40.6,175.0,0
1.0,304.1,313.3,1480.0,38.4,72.0,0
0.0,301.9,311.0,1356.0,45.7,119.0,0
1.0,301.9,310.8,1563.0,39.2,39.0,0
0.0,303.5,312.9,1544.0,36.9,87.0,0
0.0,300.9,310.6,1504.0,46.4,129.0,0
0.0,299.7,311.2,1352.0,52.1,176.0,0
0.0,300.2,311.4,1891.0,22.6,86.0,0
0.0,299.8,311.2,1533.0,35.9,137.0,0
0.0,300.3,309.9,1518.0,36.4,0.0,0
0.0,300.2,310.3,1514.0,38.7,48.0,0
0.0,301.2,311.6,1461.0,52.9,208.0,1
0.0,301.0,310.9,1568.0,38.2,172.0,0
2.0,304.0,313.1,1472.0,45.5,166.0,0
0.0,301.8,311.1,1495.0,36.9,197.0,0
0.0,297.7,308.2,2007.0,19.3,181.0,0
1.0,298.8,308.5,1577.0,33.2,0.0,0
0.0,299.6,311.0,1554.0,36.3,62.0,0
0.0,300.6,309.9,1480.0,43.7,153.0,0
1.0,297.3,308.7,1447.0,44.5,105.0,0
0.0,300.2,311.4,1433.0,37.9,36.0,0
1.0,298.9,310.3,1551.0,35.2,50.0,0
0.0,302.3,310.1,1513.0,40.4,22.0,0
0.0,301.7,310.1,1402.0,50.1,3.0,0
1.0,298.2,308.8,1456.0,41.2,150.0,0
1.0,296.9,308.1,1440.0,46.3,64.0,0
0.0,301.2,311.2,1558.0,34.1,204.0,0
0.0,298.4,308.8,1352.0,56.7,24.0,0
2.0,301.9,311.0,1291.0,63.6,137.0,0
0.0,297.8,309.0,1456.0,41.2,0.0,0
0.0,297.1,308.1,1754.0,30.3,206.0,0
0.0,302.5,311.9,1354.0,49.4,117.0,0
0.0,300.3,309.6,1600.0,34.6,177.0,0
0.0,297.4,308.4,1343.0,40.0,61.0,0
2.0,303.3,312.6,1692.0,29.0,125.0,0
1.0,300.7,311.7,1701.0,30.8,44.0,0
1.0,302.9,312.4,1334.0,50.9,5.0,0
1.0,303.3,311.8,1583.0,33.3,72.0,0
0.0,299.6,310.9,1533.0,31.8,91.0,0
0.0,298.9,310.1,1356.0,47.8,116.0,0
1.0,300.5,312.0,1985.0,19.3,143.0,0
0.0,300.5,311.6,1575.0,32.5,168.0,0
0.0,299.9,310.9,1292.0,51.1,173.0,0
0.0,298.0,307.7,1529.0,34.1,11.0,0
0.0,299.0,310.3,1584.0,34.4,83.0,0
0.0,300.6,310.6,1497.0,38.2,83.0,0
0.0,299.7,310.3,1495.0,43.1,101.0,0
2.0,302.8,311.0,1436.0,43.5,47.0,0
1.0,300.9,309.7,1394.0,48.8,192.0,0
1.0,301.4,310.7,1639.0,29.8,127.0,0
2.0,298.5,309.4,1417.0,41.2,155.0,0
0.0,302.6,312.0,1447.0,45.5,173.0,0
0.0,300.5,309.8,1461.0,52.5,146.0,0
1.0,301.4,310.7,1368.0,63.7,92.0,1
1.0,300.4,309.8,1725.0,30.4,195.0,0
1.0,298.2,309.4,1693.0,34.4,73.0,0
1.0,304.2,313.5,1557.0,37.3,164.0,0
2.0,300.9,312.0,2129.0,17.8,173.0,0
0.0,301.9,310.8,1465.0,44.3,57.0,0
0.0,301.7,310.8,1559.0,44.5,135.0,0
0.0,300.5,309.7,1841.0,24.6,143.0,0
0.0,300.2,310.1,1440.0,51.1,41.0,0
0.0,298.2,308.8,1345.0,44.3,37.0,0
0.0,302.7,310.5,1563.0,35.0,8.0,0
0.0,298.6,309.6,1472.0,39.1,14.0,0
0.0,298.9,308.5,1580.0,39.1,119.0,0
0.0,298.2,307.8,1429.0,46.9,117.0,0
0.0,300.3,310.7,1539.0,32.3,123.0,0
0.0,298.2,309.0,1413.0,55.0,145.0,0
0.0,300.1,311.5,1454.0,52.4,90.0,0
0.0,300.0,309.1,1465.0,40.6,9.0,0
1.0,303.4,311.6,1425.0,45.4,184.0,0
1.0,300.8,309.7,1258.0,54.9,168.0,0
0.0,298.9,308.5,1429.0,55.1,140.0,0
0.0,298.1,307.6,1354.0,43.3,155.0,0
0.0,299.7,309.0,1412.0,49.2,85.0,0
1.0,301.3,311.1,1581.0,30.9,31.0,0
1.0,300.7,310.6,1484.0,38.0,84.0,0
0.0,302.3,311.7,1465.0,43.5,117.0,0
0.0,301.5,310.9,2760.0,8.0,15.0,1
0.0,299.6,309.0,1378.0,51.9,162.0,0
0.0,301.0,310.6,1641.0,33.4,12.0,0
0.0,297.3,308.0,1518.0,36.0,59.0,0
0.0,299.7,310.4,1614.0,36.2,108.0,0
1.0,296.3,307.4,1335.0,50.5,48.0,0
0.0,302.6,312.1,1782.0,26.8,198.0,0
0.0,298.4,308.2,1282.0,60.7,216.0,1
1.0,299.0,310.3,1662.0,33.6,67.0,0
0.0,297.0,307.9,1529.0,42.2,157.0,0
0.0,301.4,310.4,1689.0,30.6,110.0,0
2.0,298.3,308.9,1706.0,31.8,8.0,0
0.0,301.6,309.8,1472.0,42.5,91.0,0
0.0,303.7,312.8,1543.0,38.3,61.0,0
0.0,298.9,308.8,1281.0,53.9,77.0,0
0.0,299.9,310.4,1419.0,45.7,178.0,0
1.0,299.4,309.3,1692.0,28.4,201.0,0
0.0,300.9,310.7,1573.0,31.2,2.0,0
0.0,298.2,308.1,1382.0,43.5,37.0,0
1.0,302.5,312.1,1454.0,47.6,37.0,0
1.0,303.5,312.9,1530.0,34.5,110.0,0
0.0,300.5,311.3,1490.0,41.8,39.0,0
0.0,300.1,309.3,1570.0,36.8,189.0,0
0.0,302.8,312.4,1590.0,34.4,64.0,0
2.0,299.0,308.8,1382.0,58.5,199.0,0
1.0,298.1,307.6,2066.0,19.2,150.0,0
1.0,302.2,310.4,1456.0,47.5,167.0,0
1.0,298.5,308.3,1440.0,43.6,5.0,0
2.0,301.6,310.6,1555.0,40.4,139.0,0
1.0,298.3,307.7,1520.0,41.4,10.0,0
0.0,297.3,308.2,1754.0,29.4,123.0,0
0.0,298.4,308.7,1386.0,44.9,135.0,0
0.0,298.5,309.0,1450.0,40.5,199.0,0
0.0,297.4,308.5,1295.0,52.1,130.0,0
1.0,297.6,308.6,1389.0,49.0,34.0,0
0.0,299.7,309.2,1412.0,45.4,147.0,0
0.0,299.8,309.0,1614.0,30.8,100.0,0
0.0,299.7,309.0,1605.0,33.0,151.0,0
1.0,298.1,309.0,2042.0,17.8,129.0,0
1.0,302.4,311.3,1312.0,61.5,85.0,0
0.0,298.9,310.1,1577.0,41.4,80.0,0
0.0,300.4,311.4,1728.0,31.7,133.0,0
0.0,302.3,310.9,1412.0,48.9,28.0,0
1.0,300.1,309.3,1443.0,50.3,196.0,0
1.0,303.9,313.1,1437.0,48.3,110.0,0
0.0,299.1,310.4,1657.0,31.0,129.0,0
0.0,301.1,311.0,1918.0,21.7,28.0,0
0.0,303.7,312.6,1621.0,38.8,182.0,0
0.0,299.2,308.3,1410.0,43.0,26.0,0
0.0,300.8,310.9,1453.0,43.9,84.0,0
0.0,300.3,310.6,1806.0,24.4,88.0,0
0.0,301.8,310.8,1505.0,41.2,33.0,0
0.0,300.6,311.8,1501.0,44.8,226.0,0
1.0,299.5,309.4,1387.0,56.2,32.0,0
0.0,298.0,307.8,1567.0,36.4,109.0,0
2.0,299.8,310.9,1427.0,47.2,168.0,0
0.0,299.8,310.9,2084.0,17.6,175.0,0
2.0,297.6,309.6,1278.0,50.4,2.0,0
0.0,298.9,308.5,1503.0,40.6,145.0,0
1.0,297.2,308.5,1584.0,40.0,4.0,0
0.0,300.9,310.3,1321.0,48.8,150.0,0
1.0,302.0,310.9,1352.0,55.5,59.0,0
1.0,297.4,308.6,1452.0,41.2,197.0,0
1.0,300.5,309.9,1483.0,49.3,124.0,0
0.0,300.3,309.2,1649.0,32.4,50.0,0
0.0,300.3,311.8,1413.0,46.0,182.0,0
2.0,300.6,311.9,1604.0,30.5,45.0,0
0.0,301.7,310.2,1471.0,51.1,8.0,0
1.0,300.0,311.5,1451.0,49.0,115.0,0
1.0,298.0,308.1,1403.0,44.8,148.0,0
1.0,300.2,309.8,1394.0,47.4,21.0,0
0.0,297.6,308.0,1258.0,57.4,139.0,0
1.0,299.3,308.8,1648.0,28.4,188.0,0
0.0,301.6,311.1,1680.0,29.2,111.0,0
0.0,297.4,309.1,1380.0,41.1,152.0,0
1.0,298.9,308.6,1469.0,34.2,93.0,0
0.0,298.2,308.7,1780.0,27.9,35.0,0
0.0,302.7,312.2,1369.0,51.8,174.0,0
0.0,300.4,309.5,1543.0,38.9,37.0,0
0.0,302.6,311.5,1427.0,38.9,213.0,0
1.0,297.2,308.2,1678.0,28.1,133.0,0
2.0,298.5,308.4,1612.0,36.1,174.0,0
0.0,298.9,308.2,1510.0,43.5,46.0,0
1.0,301.5,310.5,1737.0,29.3,114.0,0
0.0,297.9,307.6,1747.0,25.3,136.0,0
0.0,296.2,307.2,1515.0,36.5,38.0,0
1.0,303.0,311.2,1387.0,41.4,100.0,0
0.0,301.0,311.4,1481.0,37.5,193.0,0
0.0,300.5,311.1,1491.0,42.6,11.0,0
1.0,302.4,311.0,1464.0,44.2,106.0,0
2.0,301.2,310.9,1598.0,35.9,71.0,0
0.0,302.8,310.9,1312.0,52.2,40.0,1
1.0,296.3,307.4,1958.0,19.1,67.0,0
0.0,295.9,306.6,1678.0,26.7,53.0,0
1.0,299.8,309.1,1355.0,56.7,7.0,0
0.0,302.5,311.5,1802.0,26.4,192.0,0
1.0,298.5,309.7,1523.0,44.6,83.0,0
0.0,302.4,310.2,1642.0,28.3,88.0,0
0.0,300.6,311.6,1455.0,48.0,203.0,0
1.0,300.6,309.6,1365.0,50.0,70.0,0
0.0,297.5,309.3,1479.0,39.4,22.0,0
0.0,298.6,308.2,1325.0,54.0,41.0,0
0.0,298.6,309.5,1325.0,52.2,127.0,0
0.0,302.1,311.3,1634.0,30.6,50.0,0
0.0,300.3,311.6,1607.0,33.5,109.0,0
1.0,301.3,310.0,1593.0,30.8,210.0,0
0.0,300.4,309.6,1356.0,45.9,64.0,0
1.0,300.1,309.0,1612.0,33.0,34.0,0
0.0,297.4,308.3,1490.0,42.6,164.0,0
0.0,297.2,308.3,1576.0,35.3,113.0,0
0.0,301.0,312.3,1488.0,42.6,107.0,0
0.0,303.5,312.5,1457.0,46.4,168.0,0
0.0,298.0,308.4,1472.0,42.0,15.0,0
0.0,299.0,310.1,1531.0,36.0,57.0,0
1.0,301.6,310.4,1455.0,39.0,118.0,0
0.0,297.7,308.7,1249.0,60.4,143.0,0
1.0,298.4,308.5,1636.0,35.7,107.0,0
1.0,302.0,311.2,1400.0,49.5,20.0,0
0.0,296.8,308.1,1289.0,62.0,199.0,1
0.0,302.0,310.7,1657.0,31.9,37.0,0
0.0,297.6,308.6,1528.0,40.0,123.0,0
0.0,300.4,309.7,1584.0,32.6,71.0,0
0.0,303.3,311.3,1592.0,33.7,14.0,0
0.0,295.8,306.4,1325.0,56.2,65.0,0
0.0,298.4,308.9,1391.0,48.4,100.0,0
0.0,300.8,311.6,1516.0,35.6,14.0,0
1.0,300.4,309.3,1411.0,41.6,160.0,0
0.0,299.0,310.4,1382.0,53.0,89.0,0
0.0,301.4,310.8,1698.0,29.6,99.0,0
1.0,302.4,310.3,1375.0,52.5,161.0,1
0.0,302.3,311.1,1630.0,35.6,183.0,0
1.0,301.8,310.6,1459.0,40.2,128.0,0
1.0,301.2,310.4,1382.0,41.6,117.0,0
0.0,302.0,310.9,1564.0,39.0,15.0,0
2.0,302.2,311.1,1476.0,39.6,96.0,0
1.0,300.1,308.9,1548.0,38.4,31.0,0
1.0,299.8,309.7,1910.0,21.8,141.0,0
0.0,299.5,309.0,1498.0,44.6,101.0,0
0.0,300.0,311.5,1591.0,32.0,79.0,0
1.0,297.3,308.8,1447.0,57.4,134.0,0
0.0,301.4,311.1,1462.0,37.1,41.0,0
0.0,296.6,307.4,1504.0,45.8,58.0,0
0.0,300.8,310.6,1402.0,53.7,93.0,0
2.0,298.8,308.6,1449.0,49.4,150.0,0
0.0,302.2,311.4,1397.0,53.0,17.0,0
2.0,298.0,309.2,1520.0,37.9,89.0,0
1.0,300.5,311.8,1591.0,42.0,182.0,0
2.0,299.4,308.6,1542.0,41.8,166.0,0
0.0,296.5,307.5,1443.0,41.8,87.0,0
1.0,303.5,313.0,1902.0,21.6,60.0,0
1.0,301.7,310.7,1627.0,31.3,78.0,0
0.0,304.4,313.6,1507.0,43.1,13.0,0
1.0,299.4,309.4,1326.0,47.5,35.0,0
1.0,297.6,308.5,1552.0,40.9,90.0,0
0.0,302.2,311.1,1394.0,53.7,140.0,0
2.0,298.1,307.6,1542.0,37.1,84.0,0
0.0,297.8,307.8,1396.0,42.5,23.0,0
0.0,302.1,311.0,1740.0,30.8,182.0,0
0.0,299.8,309.5,1590.0,28.5,23.0,0
0.0,297.7,309.2,1391.0,44.5,159.0,0
0.0,299.3,308.6,1403.0,50.6,189.0,0
1.0,297.0,307.7,1498.0,47.1,199.0,0
0.0,300.4,311.5,1596.0,32.5,154.0,0
0.0,298.2,308.0,1411.0,42.4,48.0,0
0.0,301.7,310.9,1705.0,31.2,146.0,0
2.0,297.8,309.0,1410.0,48.8,23.0,0
0.0,299.5,310.0,1349.0,52.7,92.0,0
0.0,298.2,307.8,1375.0,46.6,188.0,0
0.0,300.3,311.7,1515.0,37.5,5.0,0
1.0,299.9,310.1,1362.0,56.3,179.0,0
0.0,302.5,310.4,1967.0,20.3,50.0,0
0.0,297.3,308.3,1430.0,41.9,95.0,0
0.0,299.1,310.3,1619.0,35.2,240.0,0
0.0,303.7,312.2,1619.0,34.9,92.0,0
0.0,301.0,310.8,1375.0,57.2,20.0,0
0.0,304.1,313.4,1399.0,43.7,111.0,0
0.0,301.5,310.7,1426.0,46.1,81.0,0
0.0,299.8,309.7,1431.0,40.3,101.0,0
1.0,303.3,312.6,1482.0,44.4,73.0,0
1.0,297.7,308.8,1388.0,45.6,190.0,0
0.0,301.3,310.7,1608.0,31.4,86.0,0
0.0,299.8,309.2,1760.0,25.9,63.0,0
0.0,299.5,309.1,1415.0,49.2,8.0,0
2.0,298.8,310.1,1567.0,36.8,197.0,0
0.0,300.3,309.9,1527.0,41.4,2.0,0
0.0,302.4,311.2,1466.0,43.9,152.0,0
1.0,297.9,308.8,1602.0,32.1,59.0,0
1.0,303.8,312.6,1406.0,47.1,162.0,0
0.0,301.1,310.2,1657.0,34.1,52.0,0
0.0,301.3,310.0,1550.0,41.5,197.0,0
0.0,299.0,308.9,1511.0,35.9,16.0,0
0.0,297.3,308.3,1333.0,55.2,11.0,0
1.0,297.2,308.6,1404.0,43.7,160.0,0
1.0,298.3,309.0,1505.0,41.3,93.0,0
0.0,299.6,310.9,1853.0,26.3,166.0,0
1.0,300.4,310.6,1448.0,44.9,21.0,0
0.0,304.1,313.2,1366.0,46.6,35.0,0
0.0,303.5,311.7,1620.0,31.0,141.0,0
0.0,299.0,308.5,1604.0,34.7,159.0,0
0.0,301.4,310.6,2137.0,18.0,99.0,0
0.0,300.7,310.4,1416.0,61.8,209.0,1
0.0,298.2,307.8,1627.0,31.5,64.0,0
0.0,299.1,310.5,1739.0,27.4,72.0,0
1.0,298.8,309.7,1439.0,45.8,81.0,0
0.0,297.7,308.2,1334.0,53.0,156.0,0
0.0,299.1,308.7,1498.0,38.9,181.0,0
0.0,303.4,311.8,1564.0,35.9,171.0,0
1.0,300.4,311.9,1335.0,58.3,9.0,0
0.0,299.7,311.1,1690.0,30.6,148.0,0
1.0,300.4,309.8,1421.0,47.2,0.0,0
0.0,299.3,309.0,1491.0,38.4,115.0,0
2.0,303.3,311.8,1806.0,27.7,44.0,0
0.0,301.9,310.3,1398.0,44.0,65.0,0
0.0,303.9,313.2,1590.0,31.9,5.0,0
2.0,298.0,307.9,1482.0,37.8,132.0,0
1.0,298.2,309.0,1441.0,44.2,147.0,0
0.0,302.7,312.2,1572.0,34.4,228.0,0
2.0,297.3,308.6,1376.0,53.5,112.0,0
0.0,303.9,312.8,1419.0,47.9,196.0,0
0.0,298.4,307.9,2381.0,14.2,164.0,0
0.0,300.8,310.2,1514.0,40.0,155.0,0
1.0,303.7,312.4,1540.0,37.4,146.0,0
0.0,297.5,309.6,1312.0,50.7,0.0,0
0.0,300.8,310.3,1383.0,46.6,19.0,0
0.0,298.9,310.0,1564.0,33.8,183.0,0
0.0,299.2,308.4,1667.0,29.0,199.0,0
0.0,298.7,308.5,1444.0,54.2,62.0,0
0.0,298.0,308.4,1911.0,22.0,13.0,0
0.0,297.6,307.2,1486.0,40.6,42.0,0
0.0,301.0,311.6,1440.0,43.3,131.0,0
0.0,298.1,308.2,1521.0,39.3,151.0,0
0.0,298.1,309.9,1629.0,32.5,45.0,0
0.0,301.5,310.9,1891.0,23.2,122.0,0
1.0,304.2,313.7,2113.0,18.4,139.0,0
0.0,299.1,310.1,1373.0,55.6,108.0,0
1.0,302.2,311.5,1863.0,25.7,85.0,0
0.0,300.7,311.0,1596.0,36.9,174.0,0
0.0,300.6,309.4,1442.0,43.2,96.0,0
1.0,299.0,310.3,1540.0,38.1,182.0,0
1.0,298.2,308.0,1411.0,47.2,168.0,0
0.0,298.3,308.4,1490.0,41.7,170.0,0
0.0,302.9,312.3,1530.0,34.9,185.0,0
1.0,302.5,312.0,1642.0,29.1,46.0,0
0.0,302.2,310.8,1827.0,23.8,9.0,0
0.0,297.9,308.6,1757.0,27.5,118.0,0
0.0,301.3,311.0,1348.0,44.5,78.0,0
1.0,297.0,308.1,1363.0,45.3,196.0,0
0.0,300.2,309.3,1532.0,43.2,53.0,0
0.0,297.1,308.4,1304.0,53.5,153.0,0
0.0,297.1,307.9,1492.0,39.4,171.0,0
0.0,300.1,311.3,1305.0,64.7,66.0,0
1.0,300.3,309.5,1320.0,62.2,142.0,0
1.0,302.3,310.9,1581.0,36.1,109.0,0
0.0,297.2,307.9,1441.0,40.0,195.0,0
2.0,302.3,311.3,1744.0,30.3,116.0,0
1.0,301.2,311.1,1574.0,34.3,4.0,0
1.0,298.4,308.5,1576.0,27.4,55.0,0
0.0,298.8,309.9,1428.0,42.4,132.0,0
0.0,299.1,308.6,1555.0,36.6,104.0,0
1.0,297.5,309.5,1448.0,43.7,46.0,0
0.0,298.1,309.0,1557.0,36.0,56.0,0
0.0,298.6,309.3,1537.0,37.6,175.0,0
1.0,301.6,311.0,1431.0,42.3,129.0,0
0.0,301.9,309.7,1424.0,42.8,140.0,0
0.0,300.2,310.0,1493.0,47.3,172.0,0
0.0,302.1,310.8,1622.0,36.8,45.0,0
1.0,304.4,313.6,1510.0,38.9,199.0,0
0.0,296.5,307.6,1607.0,33.5,104.0,0
0.0,297.9,307.5,1574.0,35.8,153.0,0
0.0,302.5,311.4,1674.0,27.0,223.0,0
1.0,301.4,310.9,1557.0,39.3,174.0,0
0.0,300.8,310.6,1360.0,48.8,91.0,0
1.0,302.5,311.9,1532.0,38.8,96.0,0
1.0,302.6,312.1,2000.0,21.9,200.0,0
1.0,302.4,310.2,1392.0,55.8,143.0,0
0.0,303.3,311.6,1301.0,45.1,219.0,1
0.0,298.9,308.2,2384.0,15.0,19.0,0
1.0,302.3,311.2,1454.0,43.8,112.0,0
1.0,301.7,310.7,1442.0,41.1,89.0,0
0.0,300.5,311.4,1445.0,41.5,66.0,0
0.0,298.9,309.7,1407.0,41.9,207.0,0
0.0,299.7,311.1,1554.0,41.0,192.0,0
0.0,297.7,308.1,1697.0,29.1,179.0,0
0.0,298.6,309.4,1316.0,51.4,52.0,0
0.0,301.5,311.1,1469.0,49.5,107.0,0
1.0,299.5,308.7,1321.0,51.9,114.0,0
1.0,299.0,310.6,1587.0,34.2,141.0,0
1.0,297.2,308.3,1776.0,28.0,43.0,0
1.0,301.4,310.8,1738.0,30.3,104.0,0
0.0,298.2,307.6,1368.0,51.8,5.0,0
0.0,301.4,310.4,1559.0,36.0,196.0,0
0.0,300.3,311.5,1695.0,25.6,43.0,0
1.0,301.7,310.8,1954.0,21.6,198.0,0
0.0,297.4,308.8,1651.0,34.1,163.0,0
0.0,296.8,307.5,1474.0,42.4,107.0,0
0.0,302.6,311.6,1576.0,34.7,182.0,0
2.0,300.2,311.5,1515.0,36.8,27.0,0
0.0,296.3,307.1,1654.0,29.6,188.0,0
0.0,300.2,309.8,1526.0,45.6,175.0,0
0.0,300.3,311.8,1567.0,37.7,180.0,0
1.0,300.7,310.6,1474.0,37.0,33.0,0
0.0,300.7,311.2,1399.0,47.9,80.0,0
0.0,301.0,311.5,1444.0,39.8,197.0,0
0.0,303.5,312.9,1275.0,64.4,113.0,0
0.0,297.2,308.5,1518.0,44.3,163.0,0
0.0,300.8,311.7,1753.0,29.0,8.0,0
0.0,297.2,308.3,1379.0,52.1,21.0,0
1.0,301.3,311.1,1438.0,43.0,137.0,0
2.0,301.2,309.8,1709.0,27.0,151.0,0
0.0,297.8,309.7,1547.0,37.3,25.0,0
0.0,301.2,309.9,1643.0,32.9,171.0,0
0.0,303.4,312.7,1363.0,45.5,26.0,0
0.0,302.3,310.9,1379.0,49.3,34.0,1
0.0,300.9,310.8,1476.0,39.0,10.0,0
1.0,299.8,310.8,1530.0,35.2,163.0,0
0.0,302.0,310.0,1449.0,48.8,181.0,0
0.0,300.4,309.6,1319.0,48.1,26.0,0
0.0,299.8,311.2,1664.0,28.3,173.0,0
0.0,298.2,308.8,1354.0,60.9,32.0,0
2.0,300.4,309.8,1448.0,39.7,107.0,0
0.0,297.3,308.3,1268.0,60.6,119.0,0
0.0,301.1,311.4,1531.0,38.7,55.0,0
0.0,303.5,312.6,1496.0,39.0,21.0,0
0.0,297.7,309.7,1591.0,37.7,196.0,0
0.0,304.1,313.6,1382.0,46.7,134.0,0
1.0,298.3,308.4,1539.0,43.4,69.0,0
0.0,300.8,310.3,1537.0,33.3,52.0,0
0.0,298.4,309.5,1376.0,50.4,202.0,0
1.0,304.1,313.3,1494.0,39.0,49.0,0
0.0,300.9,310.9,1995.0,20.2,105.0,0
0.0,298.5,309.6,1724.0,26.4,100.0,0
0.0,299.0,310.2,1377.0,62.5,92.0,1
1.0,297.5,308.5,1447.0,41.6,118.0,0
1.0,299.1,308.8,1725.0,26.6,172.0,0
0.0,297.3,308.6,1273.0,59.8,182.0,0
0.0,302.2,311.8,1981.0,21.8,36.0,0
0.0,300.0,309.4,1460.0,43.5,102.0,0
1.0,303.5,312.9,1572.0,44.7,84.0,0
0.0,298.9,308.7,1438.0,51.7,64.0,0
1.0,303.9,312.7,1485.0,43.3,174.0,0
1.0,297.7,308.5,1559.0,35.2,127.0,0
0.0,302.7,312.4,1444.0,48.7,9.0,0
0.0,298.0,307.8,1623.0,29.9,24.0,0
0.0,297.4,308.6,1680.0,32.8,200.0,0
0.0,300.1,309.8,1506.0,35.2,21.0,0
0.0,301.9,311.0,1642.0,33.1,126.0,0
0.0,299.1,310.4,1452.0,39.7,151.0,0
0.0,300.8,311.8,1427.0,43.3,180.0,0
0.0,297.2,308.0,1869.0,25.4,163.0,0
1.0,297.9,308.8,1538.0,37.6,54.0,0
1.0,301.9,310.7,1405.0,47.9,80.0,0
0.0,297.6,308.5,1452.0,42.6,116.0,0
0.0,302.4,310.2,1346.0,62.4,106.0,1
2.0,302.6,311.0,1438.0,51.0,106.0,0
1.0,297.9,309.0,1970.0,21.6,37.0,0
0.0,302.2,311.4,1449.0,46.5,60.0,0
0.0,299.2,308.5,1340.0,50.0,144.0,0
0.0,300.1,310.5,1532.0,36.0,109.0,0
0.0,301.0,312.1,1675.0,30.7,200.0,0
1.0,301.3,310.8,1418.0,45.4,59.0,0
0.0,302.6,311.0,1284.0,68.0,114.0,1
1.0,301.2,310.3,1357.0,54.5,49.0,0
0.0,301.3,310.0,1665.0,31.4,0.0,0
0.0,303.3,311.8,1692.0,30.6,18.0,0
0.0,302.2,310.8,2203.0,16.6,47.0,0
1.0,298.0,309.2,1438.0,42.9,101.0,0
2.0,297.9,308.5,2129.0,18.7,126.0,0
2.0,299.0,310.0,1569.0,34.3,132.0,0
0.0,303.6,312.4,1388.0,41.9,221.0,0
0.0,300.6,310.4,1608.0,39.2,221.0,0
0.0,300.9,309.5,1612.0,35.2,124.0,0
0.0,299.5,309.9,1402.0,51.7,58.0,0
1.0,301.2,310.7,1962.0,22.5,28.0,0
1.0,298.8,310.2,1595.0,33.1,34.0,0
1.0,301.3,310.8,1372.0,54.2,49.0,0
1.0,297.3,308.8,1469.0,44.1,150.0,0
0.0,301.6,310.4,1561.0,35.3,156.0,0
0.0,298.3,309.2,1562.0,37.6,137.0,0
1.0,302.7,312.1,1378.0,46.9,176.0,0
0.0,300.8,310.7,1461.0,42.8,173.0,0
0.0,296.3,307.3,1567.0,31.4,5.0,0
0.0,301.4,310.4,1737.0,31.9,96.0,0
1.0,301.0,311.6,1454.0,40.0,140.0,0
0.0,303.4,311.9,1491.0,38.2,26.0,0
1.0,298.3,308.9,1363.0,46.1,5.0,0
1.0,301.2,310.9,1460.0,46.7,166.0,0
0.0,299.8,311.1,1466.0,46.1,58.0,0
0.0,298.2,307.9,1399.0,54.9,139.0,0
0.0,301.9,310.5,1892.0,21.8,177.0,0
0.0,297.8,307.9,1447.0,48.6,46.0,0
0.0,300.5,311.4,1709.0,32.3,64.0,0
1.0,300.9,312.1,1297.0,48.6,76.0,0
2.0,303.4,311.7,1991.0,19.0,53.0,0
0.0,296.7,307.8,1400.0,47.5,3.0,0
0.0,302.4,310.3,1923.0,23.3,172.0,0
0.0,301.1,309.6,1501.0,36.1,156.0,0
0.0,304.2,313.4,1457.0,49.4,96.0,0
2.0,301.2,309.9,1362.0,50.7,25.0,0
0.0,297.0,307.8,1385.0,56.4,202.0,1
0.0,301.6,310.1,1694.0,26.3,14.0,0
0.0,302.2,311.5,1427.0,43.8,88.0,0
1.0,297.6,308.6,1585.0,42.0,90.0,0
0.0,299.8,311.1,1588.0,38.0,183.0,0
0.0,303.5,311.7,1959.0,22.3,157.0,0
0.0,299.0,309.9,1630.0,34.0,92.0,0
0.0,302.6,312.3,1534.0,34.3,31.0,0
0.0,299.4,310.6,1348.0,54.5,22.0,0
0.0,297.5,308.9,1390.0,47.4,187.0,0
1.0,299.3,309.1,1449.0,47.9,131.0,0
1.0,298.8,309.1,1472.0,47.5,125.0,0
0.0,297.3,308.4,1513.0,40.5,25.0,0
0.0,297.2,308.4,1460.0,42.1,41.0,0
0.0,302.3,310.9,1720.0,28.1,178.0,0
0.0,299.0,308.7,1706.0,28.6,206.0,0
0.0,300.7,309.5,1541.0,37.2,48.0,0
1.0,297.9,307.6,1505.0,40.1,166.0,0
0.0,300.9,310.7,1392.0,44.2,97.0,0
1.0,302.4,310.5,1500.0,36.7,164.0,0
1.0,297.2,308.5,1604.0,34.9,200.0,0
0.0,297.5,309.3,1470.0,38.8,197.0,0
1.0,297.8,307.8,1543.0,43.7,8.0,0
0.0,303.0,311.2,1382.0,50.5,203.0,0
0.0,298.5,308.4,1513.0,33.6,172.0,0
0.0,299.8,309.1,1668.0,30.3,200.0,0
0.0,301.9,311.0,1455.0,46.0,29.0,0
0.0,302.2,311.5,1543.0,38.5,37.0,0
0.0,297.7,307.2,1668.0,32.7,31.0,0
0.0,298.8,309.8,1895.0,22.0,134.0,0
0.0,297.4,308.5,1475.0,47.2,69.0,0
0.0,302.5,310.3,1446.0,44.0,146.0,0
0.0,298.1,308.3,1301.0,56.0,63.0,0
1.0,301.1,310.9,1396.0,45.1,12.0,0
0.0,302.8,312.1,1958.0,20.3,56.0,0
1.0,300.6,310.7,1705.0,31.2,181.0,0
0.0,300.6,310.6,1931.0,22.0,24.0,0
0.0,297.6,308.6,1529.0,45.3,15.0,0
0.0,297.4,308.6,1276.0,53.6,103.0,0
1.0,300.8,310.3,1494.0,42.2,35.0,0
1.0,298.1,308.8,1433.0,48.2,62.0,0
0.0,298.8,310.5,1384.0,52.8,200.0,0
0.0,296.3,307.1,1560.0,33.2,186.0,0
0.0,303.3,311.4,1732.0,25.6,232.0,0
0.0,297.3,308.6,1505.0,33.5,14.0,0
0.0,300.8,311.7,1681.0,31.3,221.0,0
0.0,299.4,308.9,1451.0,40.5,168.0,0
0.0,297.3,308.2,1754.0,26.8,125.0,0
1.0,300.3,309.8,1444.0,42.0,3.0,0
0.0,297.8,307.8,1412.0,48.3,27.0,0
0.0,301.0,310.5,1932.0,21.7,79.0,0
0.0,301.7,310.2,1486.0,43.0,66.0,0
0.0,299.5,309.1,1852.0,22.6,77.0,0
0.0,299.7,309.4,1650.0,29.8,93.0,0
2.0,298.0,308.0,1479.0,50.7,70.0,0
0.0,301.2,310.4,1381.0,49.8,115.0,0
1.0,298.1,307.7,1498.0,38.3,81.0,0
0.0,299.0,310.1,1699.0,32.9,87.0,0
0.0,300.0,309.2,1566.0,34.4,18.0,0
0.0,298.8,309.8,1463.0,40.0,90.0,0
0.0,302.7,310.6,1690.0,26.7,4.0,0
0.0,302.4,311.0,1317.0,59.4,179.0,0
1.0,300.9,310.7,1485.0,41.0,181.0,0
0.0,300.1,311.4,1604.0,35.0,191.0,0
1.0,297.5,308.1,1334.0,72.0,151.0,1
1.0,299.7,309.6,1477.0,42.7,163.0,0
0.0,298.3,308.4,1585.0,30.6,127.0,0
0.0,302.2,310.9,1506.0,34.0,49.0,0
0.0,301.0,312.0,1447.0,36.8,31.0,0
0.0,298.2,308.9,1737.0,25.5,26.0,0
1.0,298.1,307.8,1503.0,44.7,54.0,0
0.0,300.1,309.4,2141.0,17.9,33.0,0
0.0,299.5,309.3,1422.0,49.2,179.0,0
0.0,298.3,307.9,1399.0,47.8,99.0,0
0.0,302.3,310.7,1402.0,50.9,157.0,0
1.0,299.9,310.5,1335.0,52.9,180.0,0
0.0,301.1,310.1,1564.0,36.8,7.0,0
0.0,298.7,309.6,1442.0,55.6,194.0,0
2.0,302.5,312.0,1357.0,42.0,179.0,0
0.0,298.9,310.2,2737.0,8.8,142.0,1
0.0,301.5,310.9,1469.0,44.7,164.0,0
0.0,301.6,310.9,1385.0,51.2,132.0,0
0.0,297.4,308.5,1569.0,34.2,72.0,0
0.0,299.5,310.1,1585.0,35.2,50.0,0
0.0,300.2,311.6,1671.0,28.8,149.0,0
0.0,301.7,310.7,1605.0,33.3,220.0,0
0.0,303.5,311.8,1944.0,23.5,159.0,0
0.0,301.5,311.1,2076.0,18.7,103.0,0
1.0,298.1,307.9,1569.0,37.0,29.0,0
0.0,299.8,309.2,1439.0,36.1,203.0,0
1.0,300.3,309.3,1391.0,57.9,204.0,0
0.0,301.4,311.0,1634.0,32.6,155.0,0
1.0,297.4,307.9,1338.0,48.5,158.0,0
1.0,302.2,311.5,1479.0,39.5,36.0,0
1.0,297.0,307.9,1882.0,24.2,97.0,0
0.0,302.8,310.6,1671.0,30.5,201.0,0
1.0,303.0,312.7,1553.0,35.8,122.0,0
2.0,299.7,309.2,1691.0,27.7,203.0,0
1.0,303.3,311.5,1384.0,54.8,48.0,0
0.0,303.5,311.9,1565.0,38.9,12.0,0
1.0,299.9,309.2,1353.0,49.8,182.0,0
1.0,299.3,309.2,1334.0,46.3,31.0,0
0.0,297.3,308.5,1545.0,34.3,74.0,0
0.0,301.0,310.9,1296.0,54.9,69.0,0
0.0,298.2,307.8,1439.0,41.6,62.0,0
0.0,303.8,312.5,1619.0,30.9,142.0,0
0.0,302.6,310.5,1450.0,43.2,68.0,0
1.0,299.3,308.5,1305.0,60.6,44.0,0
0.0,300.4,310.5,2424.0,14.5,12.0,0
0.0,298.0,308.7,1771.0,26.2,206.0,0
1.0,299.8,309.1,1456.0,39.4,209.0,0
0.0,302.0,309.9,1388.0,51.4,183.0,0
0.0,301.3,310.1,1531.0,41.6,9.0,0
1.0,300.7,311.9,1697.0,28.2,191.0,0
2.0,298.3,309.5,1521.0,37.1,84.0,0
0.0,297.4,309.0,1324.0,56.9,173.0,0
2.0,297.4,308.4,1487.0,46.2,150.0,0
1.0,298.9,308.2,1328.0,49.2,11.0,0
0.0,300.8,310.9,1457.0,47.7,82.0,0
0.0,302.3,310.9,2034.0,19.7,190.0,0
0.0,298.3,308.4,1593.0,37.0,174.0,0
1.0,300.8,311.2,1434.0,39.1,82.0,0
0.0,302.4,311.1,1520.0,42.2,143.0,0
0.0,298.6,310.1,1533.0,33.9,24.0,0
0.0,297.8,308.4,1518.0,32.5,190.0,0
0.0,300.4,311.6,1200.0,76.6,3.0,1
0.0,299.3,308.8,1647.0,32.9,172.0,0
0.0,299.6,310.1,2057.0,20.4,60.0,0
0.0,303.7,312.4,1513.0,40.1,135.0,0
0.0,297.5,308.7,1407.0,42.5,145.0,0
0.0,297.8,307.5,1581.0,33.1,116.0,0
0.0,297.3,308.6,1486.0,42.6,105.0,0
0.0,300.2,311.6,1999.0,21.0,19.0,0
0.0,301.2,310.8,1479.0,41.2,155.0,0
0.0,300.5,312.0,1478.0,39.0,153.0,0
0.0,297.4,308.4,1588.0,32.5,207.0,0
1.0,302.9,312.2,1292.0,54.4,136.0,0
0.0,297.9,309.1,1507.0,36.9,13.0,0
0.0,300.0,311.4,1604.0,38.7,185.0,0
2.0,298.8,309.9,1439.0,45.2,40.0,1
0.0,303.7,312.4,1702.0,31.2,144.0,0
0.0,298.3,309.9,1507.0,41.6,112.0,0
0.0,302.7,311.5,1494.0,41.4,149.0,0
1.0,297.8,307.4,1488.0,36.1,57.0,0
0.0,300.3,309.4,1470.0,33.5,148.0,0
1.0,300.4,310.5,1500.0,43.0,9.0,0
0.0,299.6,309.1,1369.0,51.4,164.0,0
0.0,297.5,308.4,1723.0,27.3,67.0,0
0.0,298.1,308.6,1439.0,44.9,205.0,0
1.0,298.2,309.0,1694.0,28.0,5.0,0
0.0,303.6,312.4,2232.0,16.8,0.0,0
1.0,299.0,310.4,1625.0,37.1,131.0,0
2.0,302.7,312.0,1484.0,41.5,65.0,0
0.0,302.4,312.0,1508.0,36.9,5.0,0
0.0,299.2,308.6,1267.0,68.2,76.0,1
0.0,302.7,312.1,1688.0,32.0,155.0,0
0.0,298.8,309.9,1482.0,39.1,45.0,0
0.0,300.4,309.5,1349.0,50.4,30.0,0
0.0,297.3,308.1,1763.0,28.4,54.0,0
2.0,300.1,309.1,1560.0,35.4,14.0,0
1.0,298.7,309.4,1375.0,48.3,157.0,0
1.0,297.4,308.5,1465.0,55.9,153.0,0
1.0,300.3,309.9,1447.0,46.5,28.0,0
0.0,302.4,311.3,1392.0,50.5,51.0,0
2.0,297.2,308.5,1482.0,39.3,187.0,0
1.0,300.8,311.9,1621.0,28.3,211.0,0
1.0,301.8,310.7,1465.0,35.8,82.0,0
0.0,300.2,311.7,1448.0,54.2,173.0,0
1.0,302.1,311.5,1341.0,50.8,99.0,0
2.0,298.5,309.7,1561.0,35.3,208.0,0
1.0,297.5,308.8,1455.0,46.1,147.0,0
0.0,299.2,308.5,1374.0,53.6,143.0,0
0.0,301.7,310.2,1435.0,48.1,12.0,0
0.0,298.5,309.5,1480.0,38.1,160.0,0
1.0,299.5,309.0,1602.0,31.3,210.0,0
0.0,301.9,310.8,1519.0,39.0,90.0,0
2.0,300.4,309.5,1547.0,50.7,131.0,0
1.0,301.5,310.0,1417.0,44.6,49.0,0
1.0,303.5,311.6,1573.0,34.0,134.0,0
0.0,300.0,310.1,1762.0,28.0,202.0,0
0.0,299.8,310.8,1409.0,51.9,154.0,0
1.0,301.3,311.4,1838.0,23.2,215.0,0
2.0,296.9,308.0,1416.0,46.9,105.0,0
0.0,303.1,311.2,1628.0,35.2,23.0,0
1.0,299.6,308.9,1685.0,27.8,161.0,0
0.0,298.0,308.5,1664.0,28.3,196.0,0
0.0,296.8,307.6,1338.0,44.4,128.0,0
0.0,301.3,311.1,1303.0,49.2,212.0,0
1.0,298.1,309.6,1549.0,38.7,43.0,0
0.0,302.4,311.8,1508.0,45.7,108.0,0
0.0,300.9,310.7,1412.0,57.5,16.0,0
0.0,301.5,310.5,1435.0,44.6,135.0,0
0.0,301.0,311.3,1472.0,35.3,73.0,0
0.0,300.3,309.2,1412.0,44.8,200.0,0
0.0,302.3,311.3,1614.0,34.1,129.0,0
0.0,296.9,307.7,1424.0,43.3,120.0,0
1.0,301.3,311.1,1834.0,25.4,22.0,0
1.0,298.9,310.0,1487.0,36.6,129.0,0
1.0,298.2,307.8,1411.0,53.4,110.0,0
0.0,297.6,309.5,1373.0,50.6,55.0,0
0.0,300.2,309.5,1417.0,41.1,129.0,0
0.0,300.0,309.3,1558.0,29.7,168.0,0
0.0,300.5,310.5,1515.0,36.6,54.0,0
0.0,296.1,307.1,1651.0,35.7,167.0,0
0.0,301.8,310.6,2672.0,11.8,124.0,1
2.0,298.1,308.5,1392.0,44.8,111.0,0
0.0,302.4,310.3,1479.0,36.2,115.0,0
0.0,301.7,310.5,2465.0,13.7,149.0,0
0.0,298.5,309.3,1630.0,33.3,116.0,0
0.0,298.1,308.7,1671.0,28.8,41.0,0
0.0,299.2,310.5,1391.0,45.8,38.0,0
0.0,299.0,310.3,1507.0,36.7,173.0,0
0.0,296.8,307.6,1434.0,48.3,138.0,0
1.0,298.1,309.3,1752.0,25.2,77.0,0
1.0,297.4,308.4,1564.0,35.0,105.0,0
0.0,299.8,310.0,1697.0,36.0,175.0,0
1.0,304.0,313.0,1377.0,56.0,61.0,0
1.0,304.1,313.2,2028.0,18.9,45.0,0
0.0,298.7,310.2,1717.0,27.3,26.0,0
2.0,296.4,307.5,1596.0,35.1,75.0,0
1.0,297.4,308.8,1573.0,33.9,123.0,0
1.0,299.1,310.6,1397.0,49.5,165.0,0
1.0,299.7,310.6,1572.0,38.0,139.0,0
1.0,298.2,308.9,1592.0,35.2,142.0,0
0.0,303.2,311.4,1349.0,51.1,9.0,1
1.0,301.7,311.0,1537.0,33.5,146.0,0
0.0,300.2,311.5,1500.0,40.8,17.0,0
1.0,300.2,310.1,1485.0,40.5,188.0,0
1.0,301.0,312.2,1629.0,32.6,69.0,0
0.0,298.8,309.8,1363.0,44.0,25.0,0
0.0,297.7,308.8,1896.0,24.5,186.0,0
0.0,301.7,311.3,1348.0,51.0,87.0,0
0.0,302.5,310.4,1349.0,55.1,187.0,1
2.0,304.0,313.1,1408.0,39.8,132.0,0
0.0,299.4,309.2,1427.0,41.5,29.0,0
1.0,297.7,308.9,1531.0,48.3,84.0,0
1.0,302.0,311.4,1587.0,35.9,30.0,0
0.0,299.4,308.9,1440.0,42.5,87.0,0
0.0,302.5,311.9,1265.0,59.8,119.0,0
1.0,301.9,309.7,1533.0,35.9,204.0,0
0.0,296.5,307.5,1340.0,59.1,89.0,0
0.0,300.6,309.8,1688.0,28.6,135.0,0
0.0,300.6,309.5,1576.0,38.8,124.0,0
0.0,301.1,311.3,1622.0,35.6,34.0,0
0.0,299.0,310.1,1580.0,41.9,55.0,0
1.0,299.0,309.7,1489.0,40.7,212.0,0
0.0,300.3,309.2,1587.0,31.4,43.0,0
1.0,303.6,312.1,1967.0,20.9,2.0,0
1.0,298.0,309.0,1409.0,49.1,85.0,0
0.0,302.0,311.0,1632.0,34.2,18.0,0
1.0,302.0,311.3,1530.0,36.4,27.0,0
1.0,298.3,309.4,1509.0,34.2,141.0,0
0.0,303.6,311.8,1736.0,32.9,99.0,0
0.0,303.2,311.2,1363.0,46.7,29.0,1
1.0,301.0,310.9,1554.0,32.7,59.0,0
0.0,298.0,308.2,1489.0,40.4,11.0,0
0.0,299.9,309.6,1294.0,49.7,126.0,0
0.0,296.3,307.4,1648.0,34.0,60.0,0
0.0,299.0,310.4,1339.0,49.6,94.0,0
0.0,301.7,309.9,1607.0,37.7,93.0,0
1.0,300.4,309.5,1888.0,21.9,221.0,0
0.0,300.3,311.5,1634.0,31.9,36.0,0
0.0,300.0,309.9,1507.0,41.4,74.0,0
2.0,297.1,307.9,1420.0,39.8,192.0,0
0.0,298.1,309.0,1437.0,36.2,95.0,0
0.0,298.8,310.0,1528.0,36.7,147.0,0
1.0,300.2,310.4,1202.0,61.7,74.0,0
1.0,297.4,309.0,1497.0,41.8,144.0,0
1.0,299.1,310.3,1233.0,59.0,81.0,0
0.0,297.0,307.8,1609.0,35.6,193.0,0
0.0,302.0,310.8,1902.0,23.4,188.0,0
1.0,298.3,307.7,1439.0,43.8,111.0,0
1.0,299.7,309.6,1534.0,39.1,176.0,0
2.0,297.7,309.7,1616.0,31.1,20.0,0
1.0,298.1,307.8,1514.0,43.5,78.0,0
0.0,299.2,310.6,1498.0,41.1,88.0,0
0.0,298.5,308.2,1654.0,27.1,13.0,0
0.0,297.4,308.4,1580.0,41.2,66.0,0
2.0,299.7,309.5,1375.0,46.8,86.0,0
1.0,299.7,309.1,1603.0,38.5,170.0,0
0.0,303.3,311.4,1511.0,43.4,65.0,0
0.0,298.4,309.5,1692.0,28.3,136.0,0
1.0,299.2,308.4,1415.0,43.5,53.0,0
1.0,300.9,309.9,1465.0,42.9,209.0,0
1.0,300.6,310.6,1463.0,45.5,196.0,0
0.0,301.5,310.5,1644.0,34.9,186.0,0
1.0,297.3,308.6,1431.0,53.0,160.0,0
0.0,301.7,311.2,1521.0,36.7,130.0,0
0.0,303.7,312.8,1364.0,46.3,44.0,0
0.0,298.2,309.1,1429.0,48.5,164.0,0
1.0,298.5,307.9,1640.0,33.1,146.0,0
0.0,300.3,309.5,1551.0,37.9,42.0,0
0.0,302.0,310.6,1366.0,47.7,206.0,0
0.0,303.0,312.7,1551.0,41.8,111.0,0
1.0,302.0,310.8,1445.0,46.3,17.0,0
1.0,301.7,310.7,1861.0,21.8,84.0,0
0.0,300.9,311.0,1382.0,51.2,136.0,0
0.0,299.6,309.4,1677.0,31.1,191.0,0
1.0,297.9,307.7,1364.0,46.8,89.0,0
1.0,301.5,310.7,1510.0,36.0,64.0,0
0.0,300.5,309.3,1417.0,51.5,231.0,1
1.0,299.9,309.2,1683.0,30.5,13.0,0
0.0,302.0,311.1,1373.0,55.7,157.0,0
1.0,303.7,312.4,1642.0,32.3,206.0,0
1.0,298.7,309.6,1686.0,26.2,189.0,0
0.0,298.1,308.0,1626.0,36.5,83.0,0
1.0,300.5,311.4,1743.0,27.6,46.0,0
1.0,298.1,307.8,1636.0,36.7,51.0,0
0.0,298.4,309.3,1504.0,39.3,192.0,0
0.0,299.5,309.2,1816.0,23.0,15.0,0
0.0,296.7,307.8,1382.0,47.5,37.0,0
0.0,301.0,311.9,1454.0,41.9,33.0,0
0.0,301.4,310.7,1436.0,54.1,90.0,0
0.0,299.8,309.6,1374.0,51.6,137.0,0
1.0,303.7,312.9,1511.0,41.0,33.0,0
2.0,303.5,311.7,1584.0,32.7,143.0,0
0.0,300.6,310.4,1556.0,37.7,122.0,0
1.0,297.5,309.2,1347.0,55.8,188.0,0
0.0,301.2,311.0,1596.0,37.2,219.0,0
0.0,299.1,308.8,1329.0,53.6,207.0,1
0.0,301.7,310.1,1487.0,48.0,36.0,0
0.0,301.5,310.4,1474.0,39.9,53.0,0
0.0,302.6,311.6,1311.0,53.2,0.0,0
0.0,299.2,310.6,1567.0,38.4,172.0,0
0.0,300.5,311.5,1487.0,43.0,78.0,0
0.0,297.4,309.4,1473.0,45.5,94.0,0
0.0,296.9,307.5,2721.0,9.3,18.0,1
0.0,300.3,311.9,1692.0,31.5,187.0,0
2.0,299.3,309.0,1425.0,40.6,123.0,0
1.0,301.9,310.9,1573.0,38.9,209.0,0
0.0,301.9,310.7,1947.0,25.0,137.0,0
0.0,298.9,310.2,1533.0,42.8,138.0,0
1.0,302.3,311.8,1475.0,48.0,180.0,0
1.0,301.7,310.1,1743.0,27.3,210.0,0
1.0,296.8,307.8,1551.0,38.9,112.0,0
1.0,300.6,309.3,1510.0,46.0,87.0,0
0.0,302.3,311.8,1281.0,51.7,61.0,0
1.0,301.9,311.1,1380.0,51.6,184.0,0
1.0,299.5,309.3,1675.0,29.2,132.0,0
0.0,299.3,308.5,1589.0,32.7,74.0,0
0.0,300.6,310.2,1622.0,34.1,3.0,0
0.0,301.9,310.6,1610.0,33.4,87.0,0
0.0,297.9,307.6,1344.0,54.3,151.0,0
1.0,297.6,308.5,1443.0,38.2,85.0,0
1.0,299.7,310.7,1498.0,37.8,146.0,0
1.0,300.1,311.5,1343.0,46.2,28.0,0
1.0,298.0,308.1,1552.0,36.6,190.0,0
1.0,302.2,310.1,1421.0,45.4,9.0,0
0.0,297.3,308.4,1469.0,46.7,65.0,0
0.0,303.8,312.8,1646.0,35.8,143.0,0
1.0,301.7,310.5,1625.0,35.9,121.0,0
1.0,299.0,310.4,1394.0,45.2,122.0,0
0.0,302.7,310.7,1977.0,20.0,21.0,0
0.0,299.4,310.4,1582.0,31.7,181.0,0
0.0,301.5,310.5,1466.0,48.1,189.0,0
1.0,303.6,312.0,1645.0,35.7,81.0,0
0.0,303.3,312.6,1623.0,34.6,102.0,0
0.0,298.8,309.7,1374.0,58.6,123.0,0
2.0,298.1,309.0,1438.0,41.4,60.0,0
0.0,300.7,309.7,1507.0,52.4,163.0,0
0.0,298.8,309.1,1418.0,46.3,133.0,0
0.0,302.0,310.0,1664.0,28.6,190.0,0
0.0,298.7,309.8,1394.0,40.3,11.0,0
0.0,299.1,310.5,1437.0,43.1,40.0,0
1.0,298.7,309.2,1423.0,48.9,187.0,0
0.0,298.2,308.3,1589.0,33.2,94.0,0
0.0,298.6,309.4,1525.0,37.8,54.0,0
0.0,298.8,309.1,1477.0,42.4,158.0,0
0.0,303.5,312.5,1418.0,42.2,170.0,0
1.0,301.8,310.8,1508.0,38.8,96.0,0
0.0,299.3,310.2,1495.0,49.2,16.0,0
0.0,296.8,307.9,1709.0,28.4,118.0,0
2.0,302.7,311.5,1556.0,35.0,164.0,0
1.0,301.7,311.1,1578.0,40.5,174.0,0
0.0,298.7,309.9,1465.0,39.7,72.0,0
2.0,300.9,310.8,1477.0,38.4,31.0,0
1.0,298.9,309.9,1404.0,41.4,20.0,0
1.0,298.0,308.2,1466.0,42.6,2.0,0
0.0,303.5,312.9,1504.0,44.8,111.0,0
0.0,298.8,308.5,1395.0,44.4,33.0,0
2.0,299.8,309.2,1435.0,42.6,111.0,0
2.0,302.9,311.2,2102.0,17.8,91.0,0
0.0,298.3,308.5,1362.0,53.8,164.0,0
1.0,300.5,309.5,1320.0,49.9,59.0,0
0.0,296.5,307.3,1566.0,37.2,164.0,0
0.0,299.5,309.3,1442.0,46.2,5.0,0
0.0,300.0,311.3,1484.0,53.2,158.0,0
0.0,301.7,310.7,2023.0,20.9,5.0,0
0.0,298.7,309.9,1621.0,34.1,130.0,0
0.0,298.8,309.3,1357.0,47.1,176.0,0
0.0,298.1,307.6,1498.0,42.9,171.0,0
0.0,296.3,307.1,1419.0,48.6,142.0,0
1.0,299.3,309.1,1376.0,46.7,49.0,0
0.0,301.6,310.5,1809.0,25.5,40.0,0
0.0,300.0,311.5,1445.0,41.6,81.0,0
1.0,300.3,309.6,1419.0,42.5,137.0,0
2.0,302.5,311.9,1595.0,34.6,112.0,0
0.0,297.1,308.1,1633.0,33.3,192.0,0
0.0,301.2,310.7,1517.0,39.4,107.0,0
0.0,300.1,309.7,1351.0,58.2,155.0,0
0.0,300.2,309.7,1448.0,36.8,14.0,0
0.0,298.4,308.1,1395.0,44.0,92.0,0
0.0,299.9,309.3,1620.0,31.1,196.0,0
1.0,298.8,309.9,1495.0,35.2,214.0,0
0.0,300.8,312.1,1512.0,37.1,169.0,0
1.0,303.9,313.2,1422.0,48.0,215.0,1
0.0,299.0,310.2,1682.0,28.8,49.0,0
0.0,298.7,308.5,1467.0,40.7,106.0,0
0.0,298.2,308.7,1436.0,49.1,26.0,0
1.0,298.9,310.1,1442.0,42.9,153.0,0
0.0,299.5,309.1,1863.0,22.5,79.0,0
0.0,297.7,308.5,1453.0,45.5,86.0,0
0.0,301.9,309.7,1595.0,31.4,133.0,0
0.0,304.1,313.1,1556.0,36.3,86.0,0
1.0,300.4,309.4,1875.0,23.9,155.0,0
1.0,304.3,313.6,1585.0,32.1,202.0,0
0.0,304.1,313.2,1569.0,35.8,146.0,0
1.0,301.2,310.0,1625.0,31.6,173.0,0
2.0,300.6,309.4,1555.0,37.9,24.0,0
0.0,302.3,310.1,1487.0,46.0,184.0,0
1.0,301.3,310.8,1494.0,35.3,54.0,0
2.0,297.5,308.8,1430.0,49.4,2.0,0
0.0,297.3,308.3,1471.0,38.2,37.0,0
0.0,297.8,307.2,1880.0,23.0,176.0,0
2.0,302.2,311.1,1628.0,30.6,105.0,0
0.0,301.4,310.1,1502.0,46.6,37.0,0
2.0,301.3,311.0,1341.0,59.3,134.0,0
2.0,304.1,313.3,1689.0,32.5,134.0,0
0.0,300.1,310.5,1627.0,29.2,95.0,0
1.0,298.8,309.3,1618.0,35.1,173.0,0
0.0,300.9,310.9,1615.0,32.0,183.0,0
2.0,298.3,308.0,1553.0,41.0,52.0,0
1.0,302.0,310.5,1823.0,25.1,87.0,0
2.0,301.3,310.6,1605.0,32.5,59.0,0
0.0,302.6,312.1,1519.0,38.1,178.0,0
2.0,301.1,311.3,2207.0,16.6,43.0,0
0.0,297.3,308.4,1441.0,43.4,14.0,0
0.0,301.9,310.4,1889.0,21.5,92.0,0
0.0,297.4,308.4,1369.0,50.6,220.0,1
0.0,300.1,311.4,1629.0,31.3,41.0,0
0.0,299.6,309.1,1641.0,35.8,81.0,0
0.0,303.0,311.2,1800.0,23.7,61.0,0
0.0,298.2,307.8,1585.0,34.6,78.0,0
0.0,298.7,309.9,1753.0,26.8,40.0,0
0.0,300.2,311.6,1511.0,35.7,160.0,0
1.0,297.5,308.4,1685.0,28.1,15.0,0
0.0,299.7,310.6,1737.0,26.1,144.0,0
0.0,298.2,309.0,1491.0,38.3,121.0,0
0.0,298.0,308.1,1877.0,24.3,0.0,0
1.0,298.6,309.2,1742.0,30.0,37.0,0
0.0,299.0,310.2,1372.0,48.0,174.0,0
1.0,299.8,310.5,1375.0,53.9,110.0,0
0.0,300.1,309.6,1546.0,36.7,77.0,0
0.0,302.1,310.8,1786.0,25.7,47.0,0
0.0,302.3,311.3,1682.0,34.4,127.0,0
0.0,304.2,313.4,1740.0,23.7,86.0,0
0.0,301.1,311.1,1889.0,23.8,170.0,0
1.0,300.8,310.8,1415.0,44.5,87.0,0
0.0,298.2,309.4,1443.0,45.4,187.0,0
0.0,302.3,311.3,1439.0,41.8,96.0,0
1.0,297.6,308.1,1379.0,57.4,122.0,0
2.0,300.7,310.8,1296.0,58.2,204.0,0
0.0,300.8,310.4,1570.0,35.2,23.0,0
0.0,297.5,308.9,1390.0,44.6,140.0,0
1.0,297.7,309.2,1700.0,27.4,176.0,0
2.0,300.2,310.4,1501.0,42.9,212.0,0
0.0,301.6,310.8,1961.0,21.8,148.0,0
0.0,301.4,311.3,1674.0,33.3,46.0,0
0.0,300.1,309.2,1599.0,30.1,216.0,0
0.0,298.9,309.9,1517.0,36.6,117.0,0
0.0,302.2,311.6,1383.0,44.3,72.0,0
0.0,297.9,307.9,1476.0,45.2,91.0,0
0.0,301.2,311.0,1573.0,32.8,57.0,0
1.0,298.8,309.6,1384.0,48.2,39.0,0
2.0,301.1,310.0,1470.0,40.1,23.0,0
1.0,297.3,308.3,1301.0,39.6,5.0,0
0.0,298.1,307.9,1517.0,40.8,50.0,0
0.0,298.9,309.6,1663.0,33.7,195.0,0
0.0,302.4,311.9,1867.0,25.9,121.0,0
0.0,301.5,310.8,1350.0,58.5,13.0,0
2.0,299.2,309.1,1410.0,47.1,9.0,0
1.0,297.6,307.2,1470.0,42.6,44.0,0
1.0,298.9,310.2,1331.0,49.0,121.0,0
0.0,296.9,307.8,1557.0,38.1,135.0,0
0.0,301.0,311.6,1461.0,40.6,154.0,0
0.0,301.0,310.9,1809.0,25.7,192.0,0
0.0,298.4,308.9,1628.0,34.9,93.0,0
0.0,300.1,309.4,1434.0,47.3,127.0,0
1.0,300.0,310.2,1393.0,51.2,190.0,0
0.0,301.2,311.7,1433.0,49.3,206.0,0
0.0,300.3,311.7,1317.0,56.5,7.0,0
1.0,297.4,309.0,1520.0,37.0,147.0,0
0.0,298.4,309.6,1479.0,37.8,144.0,0
2.0,301.3,310.4,1538.0,38.4,65.0,0
2.0,303.3,312.5,1328.0,49.8,120.0,0
1.0,302.2,310.1,1368.0,51.6,12.0,1
1.0,300.2,311.4,1427.0,39.7,196.0,0
0.0,300.1,309.4,1464.0,41.7,30.0,0
2.0,298.4,308.3,1458.0,42.9,15.0,0
1.0,298.7,309.7,1622.0,34.6,8.0,0
0.0,298.5,308.9,1781.0,27.8,113.0,0
1.0,298.8,309.0,1661.0,29.5,162.0,0
1.0,297.5,309.2,1530.0,40.0,206.0,0
0.0,300.0,311.4,1634.0,31.9,0.0,0
1.0,298.6,309.2,1311.0,46.6,44.0,0
2.0,300.4,311.5,1662.0,29.0,137.0,0
1.0,299.4,310.9,1446.0,47.3,12.0,0
0.0,296.8,307.8,1373.0,42.9,74.0,0
0.0,300.2,310.1,1523.0,42.3,25.0,0
1.0,297.5,308.1,1469.0,44.8,5.0,0
2.0,299.2,310.5,1329.0,48.9,30.0,0
2.0,299.3,310.0,1373.0,44.8,221.0,0
1.0,300.0,309.9,1530.0,34.5,71.0,0
0.0,300.6,309.4,1369.0,51.6,71.0,0
0.0,297.5,308.6,1208.0,62.3,28.0,0
0.0,301.2,311.1,1550.0,39.7,20.0,0
1.0,299.5,308.8,1886.0,20.9,117.0,0
1.0,302.4,310.4,1586.0,34.3,149.0,0
1.0,299.7,310.3,1429.0,47.7,35.0,0
1.0,300.9,311.0,1556.0,38.8,127.0,0
0.0,302.3,311.5,1387.0,47.3,2.0,0
1.0,301.8,309.6,1436.0,49.0,214.0,0
0.0,297.0,307.9,1455.0,49.0,204.0,0
0.0,302.3,311.7,1544.0,43.2,128.0,0
0.0,300.5,310.3,1435.0,43.3,31.0,0
0.0,300.1,309.2,1533.0,37.0,101.0,0
0.0,302.6,310.4,1359.0,57.2,67.0,1
1.0,298.0,308.2,1373.0,51.2,215.0,0
1.0,298.1,308.9,1353.0,46.2,173.0,0
0.0,299.4,309.1,1645.0,28.6,57.0,0
1.0,299.9,310.5,1576.0,39.4,183.0,0
0.0,302.6,311.9,1598.0,35.5,69.0,0
0.0,298.2,308.4,1497.0,37.7,207.0,0
1.0,298.9,308.9,1487.0,39.5,30.0,0
1.0,301.0,310.7,1497.0,37.6,116.0,0
1.0,299.8,309.2,1678.0,29.8,202.0,0
2.0,299.4,309.3,1743.0,28.2,0.0,0
1.0,304.3,313.5,1416.0,48.1,167.0,0
0.0,296.2,307.2,1382.0,52.0,201.0,0
0.0,301.6,311.3,1706.0,29.9,93.0,0
1.0,297.7,308.2,1720.0,25.6,174.0,0
0.0,297.5,308.6,1260.0,53.6,137.0,0
0.0,298.7,309.0,1691.0,30.1,154.0,0
0.0,298.7,308.5,1544.0,35.2,159.0,0
2.0,298.3,309.2,1486.0,42.4,16.0,0
1.0,300.8,309.7,1680.0,28.2,189.0,0
1.0,298.8,310.0,1295.0,52.7,74.0,0
0.0,300.5,310.5,1564.0,38.2,199.0,0
0.0,297.4,308.5,1486.0,48.6,75.0,0
0.0,302.0,310.8,1445.0,49.1,2.0,0
2.0,299.9,311.2,1364.0,49.6,50.0,0
0.0,300.6,311.8,1652.0,27.2,52.0,0
1.0,301.1,310.9,1552.0,37.9,126.0,0
0.0,298.8,310.2,1504.0,41.0,51.0,0
0.0,300.1,309.3,1685.0,27.1,203.0,0
1.0,298.9,309.2,1581.0,36.7,101.0,0
0.0,300.0,309.8,1474.0,40.6,78.0,0
0.0,298.1,308.2,1390.0,47.5,33.0,0
0.0,299.8,310.3,1524.0,34.2,196.0,0
1.0,299.6,309.1,1366.0,55.2,95.0,0
1.0,302.5,312.0,1591.0,29.4,192.0,0
0.0,298.1,309.0,1502.0,40.9,153.0,0
1.0,302.2,311.1,1516.0,33.7,158.0,0
0.0,301.0,310.6,1493.0,37.8,206.0,1
2.0,298.3,309.1,1484.0,37.0,28.0,0
1.0,297.6,308.6,1414.0,45.4,138.0,0
0.0,298.7,310.2,1363.0,45.5,28.0,0
1.0,301.0,311.0,1423.0,38.6,199.0,0
0.0,303.6,312.6,1699.0,27.9,160.0,0
0.0,301.3,310.9,1509.0,41.7,16.0,0
0.0,303.2,311.4,1610.0,35.5,63.0,0
0.0,301.5,310.5,1611.0,33.8,144.0,0
0.0,297.8,307.2,1351.0,56.3,174.0,0
1.0,298.7,309.8,1528.0,36.7,197.0,0
0.0,301.1,310.8,1608.0,32.9,119.0,0
2.0,301.5,310.8,1474.0,38.7,58.0,0
0.0,302.0,309.8,1532.0,39.4,2.0,0
1.0,302.7,310.5,1398.0,47.3,70.0,0
0.0,299.4,309.0,1391.0,58.2,135.0,0
2.0,301.1,311.6,1417.0,53.4,0.0,0
0.0,300.3,309.2,1532.0,40.2,194.0,0
1.0,303.6,312.8,2659.0,11.4,26.0,1
0.0,301.9,310.3,1972.0,21.3,67.0,0
0.0,298.8,309.7,1751.0,29.6,160.0,0
0.0,303.6,312.5,1286.0,62.4,101.0,0
0.0,299.7,311.2,1835.0,23.7,183.0,0
0.0,298.0,308.3,1544.0,34.7,213.0,0
2.0,302.0,309.9,1606.0,34.5,156.0,0
1.0,299.0,310.3,1657.0,31.0,70.0,0
1.0,295.5,306.1,1822.0,24.3,164.0,0
1.0,297.3,307.8,1538.0,48.0,171.0,0
0.0,301.9,310.8,1427.0,47.7,92.0,0
0.0,301.0,309.7,1468.0,42.0,141.0,0
0.0,298.5,308.1,1564.0,31.1,34.0,0
1.0,299.9,310.0,1484.0,42.1,182.0,0
2.0,302.0,310.5,1459.0,43.2,148.0,0
1.0,298.1,307.8,1569.0,31.2,131.0,0
0.0,301.4,311.3,1397.0,42.3,48.0,0
0.0,297.2,308.4,1833.0,25.2,117.0,0
0.0,296.6,307.6,1498.0,41.1,80.0,0
0.0,299.3,310.5,1281.0,59.8,15.0,0
0.0,298.9,310.1,1602.0,38.2,58.0,0
1.0,297.1,308.4,1588.0,33.4,204.0,0
0.0,297.6,308.7,1460.0,46.7,150.0,0
0.0,299.4,309.0,1436.0,47.9,75.0,0
0.0,303.0,312.5,1461.0,40.2,127.0,0
1.0,302.7,312.2,1439.0,42.5,164.0,0
1.0,299.0,308.7,1620.0,35.4,199.0,0
1.0,298.2,307.7,1608.0,33.8,106.0,0
0.0,300.9,310.0,1671.0,26.8,199.0,0
0.0,301.3,310.7,1761.0,24.3,174.0,0
0.0,298.9,308.7,1727.0,29.4,116.0,0
0.0,298.1,308.1,1410.0,45.8,71.0,0
1.0,300.1,309.2,1438.0,51.0,211.0,0
0.0,298.4,309.9,1725.0,27.8,21.0,0
0.0,298.8,309.1,1439.0,39.2,104.0,0
0.0,300.1,309.6,1541.0,37.0,96.0,0
0.0,300.7,311.7,1395.0,43.7,215.0,0
1.0,303.5,312.7,1402.0,47.0,23.0,0
0.0,297.7,309.6,1529.0,35.2,153.0,0
2.0,297.4,308.6,1461.0,40.1,126.0,0
1.0,300.4,309.7,1440.0,42.8,104.0,0
1.0,300.4,309.6,1614.0,30.3,161.0,0
1.0,298.1,307.4,1335.0,56.2,190.0,0
0.0,299.1,308.9,1680.0,27.2,110.0,0
0.0,298.4,309.2,1335.0,53.5,168.0,0
0.0,301.5,310.7,1686.0,27.9,135.0,0
1.0,304.3,313.4,1624.0,32.1,53.0,0
0.0,299.0,309.9,1548.0,34.5,214.0,0
1.0,303.0,312.8,1648.0,32.1,104.0,0
0.0,300.4,311.1,2013.0,20.1,195.0,0
1.0,298.3,307.7,1717.0,27.1,7.0,0
2.0,302.4,310.2,1435.0,44.9,127.0,0
0.0,304.0,313.0,1397.0,42.4,113.0,0
0.0,300.6,310.2,1648.0,31.7,46.0,0
0.0,300.4,311.8,2261.0,14.9,5.0,0
1.0,298.9,310.1,1313.0,56.8,171.0,0
1.0,297.6,308.6,1254.0,45.8,31.0,0
0.0,298.1,308.4,1335.0,40.2,109.0,0
2.0,301.2,310.6,1352.0,52.0,69.0,0
0.0,299.0,310.0,1509.0,38.0,168.0,0
1.0,297.5,308.9,1535.0,37.7,12.0,0
1.0,297.3,308.4,1599.0,32.9,58.0,0
0.0,299.4,308.7,1553.0,42.7,128.0,0
0.0,295.8,306.3,1337.0,54.6,87.0,0
0.0,297.8,308.9,1282.0,58.1,108.0,0
0.0,298.1,307.8,1606.0,33.0,130.0,0
0.0,302.4,311.0,1610.0,33.1,161.0,0
0.0,298.4,308.6,1433.0,47.1,101.0,0
1.0,299.6,310.9,1630.0,29.8,206.0,0
0.0,295.6,306.1,1383.0,48.7,147.0,0
0.0,298.9,310.0,1378.0,49.3,18.0,0
0.0,298.8,310.0,1423.0,42.1,154.0,0
0.0,299.2,308.4,1877.0,23.9,4.0,0
1.0,302.3,311.8,1363.0,54.0,119.0,1
0.0,300.2,310.3,1331.0,52.1,30.0,0
0.0,301.4,310.5,1647.0,33.3,85.0,0
0.0,298.3,308.1,1672.0,41.3,0.0,0
0.0,297.4,308.3,1493.0,41.2,43.0,0
1.0,303.0,312.6,1392.0,42.9,94.0,0
0.0,301.1,310.5,1529.0,38.7,91.0,0
1.0,302.5,311.9,1524.0,34.8,86.0,0
2.0,298.8,310.2,1663.0,30.4,209.0,0
1.0,304.0,313.3,1415.0,52.8,82.0,0
0.0,299.0,310.5,1755.0,27.9,56.0,0
0.0,300.0,311.5,1601.0,36.9,35.0,0
1.0,300.6,310.5,2156.0,18.0,16.0,0
1.0,302.2,311.2,1544.0,43.6,63.0,0
0.0,301.2,309.9,1382.0,52.4,13.0,0
0.0,300.8,311.4,1316.0,57.6,43.0,0
2.0,300.5,309.8,1324.0,72.8,159.0,1
2.0,298.8,308.2,1450.0,44.7,14.0,0
2.0,299.0,309.0,1436.0,43.9,20.0,0
0.0,295.8,306.6,1508.0,46.5,99.0,0
0.0,296.3,307.1,1662.0,32.9,190.0,0
1.0,299.7,310.5,1490.0,41.2,126.0,0
0.0,298.7,309.1,1607.0,32.7,2.0,0
0.0,298.9,310.0,1791.0,27.6,166.0,0
2.0,297.4,308.3,1771.0,27.4,100.0,0
0.0,300.5,309.3,1574.0,33.5,101.0,0
0.0,303.9,313.2,1499.0,37.4,7.0,0
0.0,300.8,310.5,1434.0,44.5,89.0,0
0.0,298.3,308.4,1528.0,37.3,160.0,0
0.0,298.6,310.0,1517.0,41.2,64.0,0
0.0,299.1,310.5,1628.0,35.9,174.0,0
0.0,300.3,311.6,1515.0,44.9,69.0,0
1.0,301.2,310.7,1543.0,32.9,40.0,0
1.0,300.9,311.1,1546.0,37.7,133.0,0
0.0,300.1,309.6,1642.0,34.5,53.0,0
1.0,297.1,308.2,1529.0,37.9,183.0,0
0.0,296.8,308.0,1561.0,38.3,9.0,0
0.0,298.3,309.1,1904.0,20.3,140.0,0
1.0,300.3,311.5,1445.0,47.3,40.0,0
0.0,298.3,308.6,1548.0,40.3,140.0,0
1.0,301.0,310.7,1517.0,40.2,171.0,0
0.0,297.6,308.3,1410.0,47.0,191.0,0
0.0,297.5,308.9,1427.0,44.7,135.0,0
0.0,300.5,310.6,1950.0,20.3,208.0,0
2.0,301.5,310.7,1394.0,46.7,130.0,0
0.0,300.5,309.9,1503.0,37.4,175.0,0
0.0,301.3,311.2,1457.0,44.5,14.0,0
1.0,298.7,309.1,1423.0,49.5,200.0,0
0.0,299.2,309.9,1516.0,41.4,219.0,0
0.0,300.7,310.8,1563.0,33.8,104.0,0
0.0,302.4,311.0,1573.0,36.5,193.0,0
0.0,299.3,308.9,1376.0,60.3,163.0,0
2.0,300.6,309.8,1541.0,36.2,166.0,0
0.0,298.4,309.7,1518.0,39.8,165.0,0
0.0,303.9,313.1,1491.0,37.2,195.0,0
1.0,298.5,308.1,1501.0,39.2,127.0,0
0.0,295.8,306.5,1534.0,37.9,88.0,0
1.0,300.3,311.1,1350.0,58.7,130.0,0
0.0,299.6,310.2,1627.0,36.6,17.0,0
0.0,298.9,310.2,1445.0,40.0,129.0,0
0.0,298.4,309.3,1542.0,35.4,208.0,0
1.0,298.9,310.1,1441.0,41.2,189.0,0
0.0,299.7,309.1,1417.0,50.1,187.0,0
0.0,299.6,309.2,1572.0,33.4,20.0,0
1.0,302.6,311.0,1589.0,39.0,122.0,0
0.0,301.8,310.7,1551.0,37.7,64.0,0
0.0,298.1,309.0,1787.0,27.6,47.0,0
1.0,303.0,312.2,1257.0,71.3,122.0,1
0.0,297.4,309.2,1428.0,38.8,26.0,0
1.0,301.0,309.8,1594.0,31.1,143.0,0
1.0,298.0,307.6,1459.0,44.4,163.0,0
2.0,299.1,310.0,1657.0,33.1,187.0,0
0.0,297.4,308.6,1532.0,38.7,136.0,0
2.0,296.9,307.7,1656.0,30.8,181.0,0
0.0,302.0,309.9,1407.0,52.8,154.0,0
0.0,301.5,311.1,2055.0,16.8,105.0,0
0.0,302.1,310.9,1666.0,30.7,203.0,0
1.0,300.2,311.6,1415.0,55.8,82.0,0
0.0,298.8,309.6,1442.0,50.0,104.0,0
0.0,298.3,307.9,1502.0,42.0,103.0,0
0.0,302.8,310.9,1708.0,29.8,42.0,0
0.0,300.1,311.3,1535.0,42.3,92.0,0
0.0,299.1,310.5,1471.0,38.4,146.0,0
1.0,295.5,305.9,1453.0,47.3,9.0,0
0.0,300.4,310.5,1818.0,25.1,14.0,0
0.0,301.6,310.7,1638.0,33.8,196.0,0
0.0,297.5,308.5,1340.0,57.4,143.0,0
2.0,304.0,313.2,1271.0,68.6,161.0,1
1.0,302.2,310.5,1832.0,23.7,129.0,0
1.0,300.9,310.7,1362.0,51.6,212.0,0
0.0,300.5,311.0,1759.0,28.3,13.0,0
0.0,301.0,311.5,1559.0,31.8,195.0,0
2.0,300.7,309.5,1667.0,30.5,29.0,0
0.0,298.5,308.9,1725.0,31.9,205.0,0
1.0,301.5,310.5,1612.0,29.8,148.0,0
0.0,300.4,309.4,1412.0,51.6,153.0,0
1.0,300.7,311.3,1487.0,39.8,50.0,0
0.0,303.3,311.7,1508.0,35.5,217.0,0
0.0,299.2,308.5,1442.0,46.5,11.0,0
0.0,301.9,311.1,1448.0,46.3,14.0,0
1.0,300.7,309.5,1622.0,30.5,14.0,0
0.0,297.3,308.7,1492.0,43.6,189.0,0
0.0,300.7,310.6,1616.0,29.6,47.0,0
1.0,297.5,308.7,1546.0,38.0,123.0,0
0.0,297.9,307.3,1824.0,26.3,5.0,0
0.0,297.9,308.0,1501.0,36.7,4.0,0
1.0,298.9,309.0,1812.0,25.9,174.0,0
0.0,302.6,311.0,1660.0,38.0,99.0,0
0.0,300.5,309.8,1441.0,48.8,200.0,0
1.0,304.2,313.6,1512.0,33.4,146.0,0
0.0,299.7,309.2,1781.0,29.6,201.0,0
1.0,304.1,313.2,1427.0,46.9,123.0,0
0.0,297.1,308.1,1584.0,36.8,215.0,0
0.0,303.8,312.6,1793.0,28.1,170.0,0
1.0,303.5,313.0,1492.0,46.1,89.0,0
1.0,301.0,309.7,1288.0,58.4,162.0,0
0.0,301.8,311.2,1840.0,26.6,202.0,0
0.0,299.0,309.4,1758.0,25.7,68.0,0
0.0,296.9,307.8,1466.0,45.7,153.0,0
1.0,297.5,309.1,1540.0,38.5,176.0,0
0.0,299.2,309.1,1387.0,48.7,4.0,0
0.0,297.7,307.2,1518.0,35.8,195.0,0
0.0,301.6,310.6,1321.0,60.8,73.0,0
0.0,303.8,312.9,1619.0,35.7,182.0,0
1.0,303.5,312.9,1883.0,23.3,100.0,0
1.0,300.5,309.5,1691.0,27.6,67.0,0
1.0,298.9,308.2,2022.0,20.0,23.0,0
1.0,302.0,310.5,1425.0,44.7,76.0,0
0.0,302.5,312.0,1574.0,42.0,188.0,0
1.0,302.6,312.1,1611.0,39.9,210.0,0
0.0,298.4,307.9,1446.0,45.3,23.0,0
0.0,298.6,309.6,1540.0,35.8,5.0,0
2.0,303.6,312.4,1480.0,50.7,2.0,0
0.0,301.4,310.1,1937.0,21.8,205.0,0
0.0,302.0,310.9,1378.0,53.1,212.0,1
1.0,301.5,310.5,1503.0,38.2,200.0,0
0.0,298.8,309.1,1513.0,40.3,160.0,0
0.0,299.9,309.4,1322.0,53.9,33.0,0
1.0,299.0,310.1,1487.0,47.5,123.0,0
0.0,297.1,308.5,1712.0,32.1,48.0,0
0.0,299.1,308.5,1676.0,31.0,69.0,0
1.0,302.6,312.4,1410.0,50.3,33.0,0
1.0,299.9,309.4,1889.0,26.0,6.0,0
0.0,298.0,308.5,1713.0,25.3,124.0,0
1.0,300.1,309.1,1533.0,38.0,26.0,0
0.0,300.6,309.4,1471.0,44.1,244.0,0
0.0,299.9,311.3,1429.0,58.2,103.0,0
2.0,298.1,309.3,1332.0,51.0,72.0,0
0.0,298.6,309.6,1491.0,36.9,192.0,0
0.0,297.2,307.9,1493.0,38.4,146.0,0
0.0,300.4,311.8,1367.0,57.2,10.0,0
1.0,300.7,311.7,1504.0,36.9,229.0,0
1.0,300.6,312.2,2174.0,18.5,95.0,0
0.0,300.4,309.7,1467.0,36.9,131.0,0
1.0,297.1,308.4,1615.0,32.6,184.0,0
0.0,301.9,310.9,1799.0,24.2,54.0,0
1.0,297.9,309.1,1558.0,39.2,59.0,0
1.0,301.8,310.2,1609.0,34.2,217.0,0
0.0,302.7,310.5,1642.0,30.8,195.0,0
0.0,301.3,310.0,1344.0,54.8,186.0,0
2.0,296.6,307.4,1333.0,50.2,177.0,0
0.0,297.9,308.5,1519.0,34.3,61.0,0
2.0,299.2,308.6,1462.0,55.0,163.0,0
0.0,303.3,312.5,1968.0,20.6,130.0,0
0.0,298.9,310.0,2231.0,17.4,151.0,0
1.0,300.7,311.1,1373.0,49.9,96.0,0
0.0,300.5,309.3,1470.0,40.8,219.0,0
2.0,300.2,309.6,1442.0,49.2,61.0,0
1.0,299.2,308.4,1856.0,22.7,86.0,0
1.0,302.0,310.6,1392.0,60.5,10.0,0
0.0,303.9,313.0,1483.0,45.0,78.0,0
1.0,300.2,309.9,1569.0,31.2,176.0,0
1.0,302.7,312.2,1585.0,35.5,167.0,0
0.0,301.8,311.3,1471.0,44.2,148.0,0
1.0,298.4,309.5,1344.0,45.3,122.0,0
1.0,296.6,307.5,1734.0,27.0,50.0,0
1.0,302.1,311.4,1467.0,43.4,33.0,0
1.0,303.3,311.8,1489.0,49.4,64.0,0
0.0,299.6,311.1,1679.0,30.7,129.0,0
2.0,300.0,311.4,1641.0,34.5,155.0,0
1.0,298.1,308.5,1372.0,51.1,116.0,0
0.0,302.4,311.8,1476.0,46.6,110.0,0
1.0,297.9,307.9,1540.0,39.8,38.0,0
0.0,299.2,308.5,1488.0,40.3,148.0,0
1.0,298.1,308.8,1628.0,37.6,12.0,0
0.0,302.4,310.9,1469.0,39.6,86.0,0
1.0,298.5,309.2,1449.0,46.4,83.0,0
0.0,300.2,309.8,1398.0,54.8,39.0,0
0.0,299.8,310.4,1694.0,30.3,204.0,0
0.0,300.8,310.2,1520.0,37.7,193.0,0
0.0,302.9,312.2,1367.0,55.1,50.0,0
0.0,298.3,309.1,1421.0,47.4,33.0,0
0.0,300.0,311.3,1703.0,30.4,85.0,0
2.0,301.0,310.1,1756.0,30.7,2.0,0
0.0,300.8,310.6,1416.0,42.2,225.0,0
2.0,298.8,309.9,1526.0,42.1,30.0,0
0.0,299.2,310.4,1379.0,46.8,39.0,0
0.0,297.2,307.9,1989.0,20.3,186.0,0
1.0,298.2,307.7,1681.0,31.0,84.0,0
0.0,300.7,312.0,1401.0,51.1,50.0,0
0.0,301.3,310.4,1459.0,44.7,92.0,0
0.0,298.4,309.4,1461.0,46.3,121.0,0
0.0,300.5,311.6,1447.0,45.4,204.0,0
1.0,298.8,310.2,1583.0,35.7,116.0,0
0.0,298.1,308.7,1642.0,30.3,3.0,0
2.0,302.3,310.1,1688.0,30.4,115.0,0
0.0,303.4,311.6,1449.0,41.7,132.0,0
1.0,302.3,310.7,1544.0,39.7,141.0,0
2.0,297.3,308.3,1935.0,19.3,24.0,0
0.0,300.5,311.8,1596.0,34.8,87.0,0
0.0,298.5,308.7,1609.0,35.3,117.0,0
0.0,297.3,308.5,1398.0,60.4,12.0,0
1.0,298.6,309.7,1675.0,28.4,115.0,0
1.0,297.4,308.4,1620.0,35.8,215.0,0
0.0,298.9,308.8,1529.0,32.7,53.0,0
0.0,302.4,311.4,1475.0,40.4,126.0,0
1.0,298.7,309.5,1500.0,38.8,116.0,0
0.0,299.0,308.4,1356.0,52.6,188.0,0
1.0,300.6,310.2,1532.0,38.7,16.0,0
0.0,303.4,311.8,2268.0,15.8,20.0,0
0.0,298.3,308.1,1505.0,46.1,80.0,0
0.0,300.3,310.2,1369.0,48.8,36.0,0
0.0,299.7,309.2,1401.0,54.1,118.0,0
0.0,304.1,313.3,1732.0,28.5,132.0,0
1.0,300.8,311.4,1732.0,26.9,45.0,0
0.0,296.9,307.7,1653.0,35.9,177.0,0
0.0,302.9,312.2,1510.0,41.4,94.0,0
1.0,300.6,310.4,1407.0,51.1,157.0,0
1.0,297.5,308.0,1429.0,45.8,148.0,0
1.0,301.5,310.6,1403.0,47.4,34.0,0
0.0,298.7,309.9,1371.0,51.3,201.0,0
0.0,303.2,311.3,1393.0,52.9,12.0,0
0.0,298.7,310.1,1620.0,34.8,112.0,0
0.0,299.0,310.3,1475.0,42.4,93.0,0
0.0,298.2,307.6,1369.0,54.5,82.0,0
0.0,299.7,309.2,1422.0,40.4,140.0,0
1.0,300.2,309.4,1501.0,40.0,48.0,0
0.0,300.2,310.3,1202.0,59.5,40.0,0
1.0,300.9,312.0,1402.0,50.7,185.0,0
0.0,301.2,310.6,1389.0,45.3,64.0,0
0.0,300.4,311.3,1495.0,51.2,175.0,0
0.0,304.4,313.6,1585.0,38.9,9.0,0
1.0,300.8,310.4,1450.0,39.4,62.0,0
0.0,300.9,312.1,1359.0,51.7,146.0,0
1.0,298.6,309.1,1587.0,37.3,203.0,0
2.0,300.9,311.3,1295.0,58.9,77.0,0
1.0,297.9,309.6,1515.0,38.8,124.0,0
1.0,300.7,310.9,1486.0,38.9,106.0,0
0.0,298.8,309.8,1334.0,49.3,42.0,0
1.0,300.8,310.3,1526.0,36.3,205.0,0
0.0,298.0,308.9,1508.0,37.1,92.0,0
0.0,298.9,310.1,1495.0,42.9,175.0,0
0.0,300.0,309.2,1610.0,32.1,150.0,0
0.0,298.2,308.3,2057.0,18.0,168.0,0
0.0,297.5,308.2,1610.0,33.6,115.0,0
0.0,299.2,309.1,1578.0,38.1,109.0,0
1.0,300.9,311.9,1480.0,40.9,28.0,0
0.0,302.3,311.6,1658.0,32.3,150.0,0
2.0,298.7,309.8,1422.0,40.7,85.0,0
0.0,300.7,309.5,1508.0,39.9,59.0,0
0.0,298.3,308.0,1578.0,37.8,101.0,0
1.0,303.0,312.4,1645.0,29.6,129.0,0
1.0,299.9,310.4,1820.0,26.6,175.0,0
2.0,298.2,308.4,1678.0,34.6,81.0,0
0.0,299.4,309.3,1448.0,48.6,44.0,0
0.0,298.4,309.2,1692.0,29.8,137.0,0
0.0,297.6,307.1,1496.0,39.2,12.0,0
0.0,299.8,309.0,1567.0,36.1,95.0,0
1.0,300.5,310.0,1415.0,43.5,98.0,0
1.0,297.5,308.2,1624.0,30.9,186.0,0
0.0,302.6,312.3,1512.0,34.2,44.0,0
0.0,298.5,309.4,1517.0,40.2,45.0,0
0.0,299.3,308.6,1371.0,50.5,136.0,0
0.0,297.4,308.5,1389.0,39.2,54.0,0
1.0,302.2,311.4,1538.0,37.4,37.0,0
0.0,303.3,312.7,1643.0,30.7,142.0,0
0.0,301.4,311.2,1355.0,50.6,37.0,0
2.0,302.3,310.2,1443.0,54.6,120.0,0
2.0,303.0,311.2,1503.0,37.0,152.0,0
1.0,302.8,311.0,1507.0,33.4,82.0,0
1.0,298.8,309.8,1551.0,36.6,15.0,0
0.0,302.7,310.4,1489.0,42.7,33.0,0
1.0,300.3,310.4,1293.0,49.7,37.0,0
0.0,302.7,310.5,1551.0,35.9,6.0,0
0.0,297.4,308.3,1412.0,42.0,111.0,0
0.0,299.7,309.1,1483.0,41.1,208.0,0
1.0,298.7,309.6,1455.0,46.8,162.0,0
1.0,299.4,309.1,1326.0,62.0,142.0,0
0.0,303.7,312.7,1335.0,51.1,161.0,0
1.0,296.9,307.9,1979.0,20.4,68.0,0
0.0,300.2,311.8,1464.0,44.5,179.0,0
1.0,299.3,309.3,1523.0,37.9,204.0,0
0.0,303.1,312.5,1453.0,49.1,140.0,0
0.0,304.2,313.2,1464.0,44.9,37.0,0
1.0,296.2,307.2,1389.0,48.6,7.0,0
1.0,298.1,309.4,1362.0,47.6,70.0,0
2.0,298.6,309.7,1463.0,39.1,66.0,0
0.0,298.8,310.0,1672.0,30.4,150.0,0
2.0,304.2,313.5,1546.0,41.4,58.0,0
1.0,301.7,311.0,1311.0,46.8,136.0,0
0.0,297.4,308.3,1284.0,60.3,50.0,0
0.0,300.6,310.2,1341.0,52.6,21.0,0
0.0,300.9,310.7,1359.0,46.0,151.0,0
1.0,298.6,309.5,1566.0,38.1,89.0,0
0.0,300.6,310.5,1470.0,37.7,98.0,0
1.0,301.2,310.6,1576.0,39.6,109.0,0
0.0,300.8,309.7,1481.0,38.1,153.0,0
1.0,298.2,309.1,1457.0,49.0,77.0,0
0.0,302.9,312.3,1889.0,22.8,148.0,0
1.0,297.6,308.9,1479.0,38.1,182.0,0
2.0,299.6,310.1,1531.0,36.8,62.0,0
2.0,300.6,310.6,1448.0,44.7,55.0,0
0.0,302.5,311.4,1409.0,53.1,126.0,0
1.0,295.6,306.1,1669.0,29.0,161.0,0
0.0,297.8,309.0,1403.0,64.2,0.0,1
0.0,297.9,307.7,1537.0,37.7,15.0,0
1.0,301.9,310.9,1441.0,43.7,0.0,0
0.0,303.0,311.3,1793.0,29.3,157.0,0
0.0,300.4,311.4,1936.0,23.9,131.0,0
0.0,295.6,306.1,1474.0,41.2,156.0,0
0.0,299.0,310.1,1505.0,41.3,85.0,0
0.0,297.9,307.7,1308.0,55.2,87.0,0
0.0,303.7,312.4,1404.0,46.6,119.0,0
1.0,302.0,311.2,1558.0,39.1,179.0,0
0.0,301.0,310.5,1408.0,47.0,202.0,0
0.0,304.0,313.2,1416.0,46.0,128.0,0
0.0,302.8,312.1,1520.0,39.9,48.0,0
0.0,298.2,307.7,1503.0,38.3,87.0,0
0.0,299.2,308.5,1387.0,51.1,98.0,0
0.0,300.4,311.5,1441.0,44.6,96.0,0
0.0,302.4,311.7,1495.0,36.8,215.0,0
1.0,297.3,308.5,1524.0,49.3,176.0,0
2.0,295.6,306.1,1623.0,30.9,210.0,0
0.0,299.8,310.2,1654.0,32.7,159.0,0
1.0,300.3,311.2,1783.0,25.6,139.0,0
1.0,301.6,310.8,1290.0,65.3,63.0,0
0.0,298.4,308.0,1508.0,47.9,25.0,0
1.0,296.7,307.8,1258.0,69.0,105.0,1
0.0,300.4,311.6,1517.0,39.0,45.0,0
0.0,297.9,309.0,1379.0,47.3,28.0,0
0.0,301.3,310.3,1400.0,44.3,47.0,0
0.0,300.2,309.5,1729.0,28.4,131.0,0
1.0,295.6,306.1,1490.0,42.7,171.0,0
1.0,301.2,310.8,1396.0,47.4,5.0,0
0.0,300.3,309.9,1570.0,34.0,31.0,0
1.0,300.6,310.7,1457.0,36.7,193.0,0
0.0,301.3,311.1,1647.0,28.2,140.0,0
0.0,297.4,308.3,1472.0,45.5,2.0,0
0.0,300.3,311.7,1989.0,22.3,121.0,0
2.0,302.4,312.0,1477.0,39.7,18.0,0
1.0,297.6,308.4,1398.0,41.9,215.0,0
0.0,297.4,309.4,1401.0,45.9,49.0,0
1.0,296.9,307.8,1544.0,37.6,109.0,0
1.0,298.9,308.9,1750.0,29.9,50.0,0
0.0,302.1,310.1,1753.0,28.9,176.0,0
0.0,301.3,310.8,1428.0,55.2,88.0,0
0.0,298.3,309.0,1519.0,36.9,41.0,0
0.0,299.7,309.3,1592.0,34.2,8.0,0
1.0,298.7,308.3,1349.0,46.6,74.0,0
0.0,300.6,311.7,1744.0,26.9,111.0,0
0.0,300.1,311.3,1547.0,40.0,201.0,0
0.0,300.2,309.8,1430.0,55.0,102.0,0
1.0,299.4,309.0,1381.0,44.9,88.0,0
1.0,298.0,307.6,1844.0,23.8,44.0,0
0.0,298.2,308.1,1532.0,42.5,154.0,0
2.0,302.7,312.1,1478.0,36.0,191.0,0
2.0,298.7,309.7,1311.0,54.5,52.0,0
1.0,302.8,312.3,1262.0,70.5,234.0,1
1.0,304.0,313.1,1694.0,31.4,116.0,0
0.0,298.7,309.6,1364.0,44.9,106.0,0
2.0,300.4,311.3,2026.0,20.3,26.0,0
0.0,300.2,311.6,1446.0,47.3,66.0,0
0.0,300.9,311.0,2003.0,20.2,138.0,0
0.0,298.8,309.7,1225.0,63.4,37.0,0
0.0,297.5,308.7,1456.0,44.7,29.0,0
0.0,299.6,310.2,1381.0,60.5,13.0,0
0.0,300.4,311.7,1515.0,47.4,170.0,0
2.0,298.1,307.7,1376.0,56.2,113.0,0
1.0,301.9,311.0,1467.0,48.1,43.0,0
1.0,299.0,309.0,1575.0,35.3,47.0,0
1.0,299.2,308.3,1582.0,45.5,107.0,0
0.0,300.6,310.4,1446.0,49.7,155.0,0
1.0,298.5,309.4,1521.0,37.5,94.0,0
0.0,300.3,311.7,1333.0,55.2,18.0,0
2.0,303.8,312.5,1447.0,46.6,198.0,0
2.0,298.1,308.9,1388.0,53.5,83.0,0
0.0,298.7,309.7,1462.0,46.8,4.0,0
0.0,298.5,309.4,1911.0,21.5,164.0,0
2.0,303.6,312.6,1436.0,42.0,110.0,0
1.0,299.1,310.1,1649.0,31.6,41.0,0
0.0,299.6,310.8,1498.0,46.9,116.0,0
2.0,301.0,311.3,1597.0,39.2,66.0,0
1.0,298.2,308.3,1522.0,49.1,22.0,0
0.0,302.6,311.5,1442.0,59.8,169.0,1
0.0,299.5,310.7,1438.0,45.7,106.0,0
2.0,301.5,310.7,1599.0,40.4,72.0,0
1.0,302.3,311.7,1535.0,38.3,5.0,0
1.0,298.7,309.5,1394.0,46.0,113.0,0
0.0,300.7,310.1,1351.0,46.9,165.0,0
1.0,300.3,309.9,1494.0,38.5,33.0,0
2.0,298.9,310.1,1324.0,54.6,185.0,0
0.0,299.1,310.4,1519.0,45.3,92.0,0
1.0,297.2,308.6,1284.0,51.3,32.0,0
1.0,303.8,312.7,1919.0,20.2,131.0,0
0.0,300.2,311.6,1827.0,27.0,22.0,0
0.0,302.8,311.0,1564.0,38.5,85.0,0
0.0,299.5,309.2,1393.0,47.3,20.0,0
2.0,301.7,311.0,2016.0,19.3,180.0,0
0.0,300.4,310.5,1578.0,32.8,26.0,0
1.0,302.2,311.0,1476.0,47.4,161.0,0
0.0,300.4,311.6,1674.0,33.0,172.0,0
0.0,303.7,312.4,1535.0,38.6,107.0,0
0.0,300.4,310.8,1396.0,49.3,142.0,0
1.0,297.6,309.2,1442.0,48.1,0.0,0
0.0,304.2,313.4,1644.0,31.7,23.0,0
0.0,297.4,308.1,1749.0,25.9,8.0,0
0.0,296.7,307.9,1420.0,50.1,138.0,0
0.0,298.5,309.4,1548.0,37.7,43.0,0
1.0,300.1,310.2,1429.0,42.0,206.0,0
0.0,299.2,308.6,1582.0,38.8,156.0,0
0.0,299.2,308.4,1475.0,38.7,22.0,0
0.0,302.3,311.7,2170.0,18.2,91.0,0
0.0,298.2,308.9,1367.0,45.0,85.0,0
0.0,302.8,311.1,1456.0,36.1,89.0,0
0.0,298.0,308.5,1702.0,26.7,203.0,0
2.0,301.4,311.1,1445.0,41.4,144.0,0
2.0,298.3,309.0,1823.0,25.9,181.0,0
1.0,299.3,308.5,1386.0,42.2,30.0,0
1.0,303.9,313.2,1608.0,40.6,79.0,0
2.0,303.4,312.3,1522.0,42.1,62.0,0
0.0,302.6,310.2,1325.0,62.4,92.0,1
0.0,301.2,310.3,1548.0,38.6,59.0,0
0.0,297.9,307.3,1502.0,36.7,12.0,0
0.0,303.4,311.6,1712.0,30.1,182.0,0
2.0,298.2,308.8,1837.0,28.4,34.0,0
1.0,299.7,309.6,1313.0,60.0,186.0,0
1.0,300.3,311.5,1528.0,40.9,76.0,0
1.0,298.0,307.8,1483.0,50.9,26.0,0
0.0,297.6,308.6,1522.0,37.0,106.0,0
1.0,302.3,311.2,1546.0,40.0,71.0,0
1.0,300.5,309.4,1347.0,50.1,213.0,0
1.0,303.1,311.3,1847.0,24.7,212.0,0
0.0,298.6,309.8,1505.0,45.7,144.0,0
0.0,298.3,309.0,1408.0,45.4,98.0,0
0.0,303.5,312.1,1326.0,55.7,114.0,0
2.0,302.0,310.6,1438.0,43.2,12.0,0
0.0,300.1,311.5,2218.0,17.0,123.0,0
1.0,297.9,307.6,1519.0,44.0,37.0,0
0.0,297.7,309.6,1480.0,47.9,18.0,0
0.0,302.6,311.0,1520.0,42.8,148.0,0
1.0,297.4,308.4,1517.0,41.0,18.0,0
0.0,302.0,310.1,1361.0,45.4,174.0,1
0.0,299.1,308.5,1455.0,39.8,145.0,0
0.0,298.5,309.2,1504.0,33.7,182.0,0
0.0,303.7,313.1,1406.0,48.6,183.0,0
0.0,302.5,311.9,1452.0,47.4,77.0,0
0.0,298.1,307.7,1479.0,45.0,136.0,0
0.0,301.1,310.7,1334.0,48.2,106.0,0
1.0,301.0,309.6,1588.0,32.7,138.0,0
2.0,300.1,311.5,1383.0,49.1,33.0,0
0.0,303.4,311.5,1424.0,50.8,128.0,0
0.0,298.8,308.7,1591.0,31.1,68.0,0
1.0,304.2,313.4,1713.0,23.5,50.0,0
0.0,301.3,310.6,1387.0,53.6,94.0,0
0.0,300.0,311.4,1508.0,38.2,18.0,0
1.0,298.8,310.1,1501.0,48.7,192.0,0
2.0,300.6,311.7,1535.0,33.3,92.0,0
0.0,304.2,313.3,1464.0,45.9,48.0,0
2.0,298.4,308.9,1782.0,23.9,24.0,0
0.0,302.8,312.3,1494.0,37.5,198.0,0
2.0,300.6,310.6,1419.0,39.6,3.0,0
0.0,297.9,308.4,1646.0,40.6,175.0,0
0.0,301.0,310.9,1450.0,45.9,35.0,0
2.0,299.7,309.2,1554.0,41.6,62.0,0
2.0,298.2,308.8,1436.0,51.9,153.0,0
0.0,297.6,309.5,1617.0,36.2,42.0,0
0.0,298.9,310.2,1362.0,53.0,185.0,0
0.0,299.3,308.8,1772.0,25.2,89.0,0
1.0,297.3,308.4,1686.0,34.5,97.0,0
0.0,298.4,309.6,1710.0,27.3,163.0,1
0.0,301.7,310.7,1542.0,40.0,188.0,0
1.0,299.6,309.3,1387.0,48.3,25.0,0
0.0,301.6,310.5,1397.0,49.4,104.0,0
0.0,301.5,310.7,1942.0,20.5,155.0,0
0.0,303.7,313.0,1456.0,45.5,51.0,0
0.0,299.3,309.3,1325.0,62.0,47.0,0
2.0,300.3,311.5,1464.0,41.0,29.0,0
1.0,296.8,307.5,1470.0,45.9,132.0,0
1.0,299.8,309.3,1640.0,31.1,211.0,0
0.0,301.3,310.5,1406.0,47.1,83.0,0
1.0,298.6,309.0,1481.0,40.8,6.0,0
0.0,299.1,310.6,1796.0,26.0,90.0,0
1.0,298.1,308.1,1452.0,40.8,56.0,0
1.0,297.6,309.6,1530.0,37.3,10.0,0
0.0,302.8,310.6,1470.0,41.1,205.0,0
0.0,304.1,313.3,1438.0,45.5,188.0,0
0.0,297.8,308.8,1548.0,36.9,64.0,0
0.0,299.3,309.2,1541.0,37.2,118.0,0
1.0,302.9,312.3,1426.0,44.7,157.0,0
1.0,303.1,312.5,1766.0,26.7,157.0,0
0.0,302.8,312.2,1481.0,40.2,230.0,0
1.0,300.1,311.4,1575.0,29.8,210.0,0
1.0,300.2,310.6,1983.0,20.8,83.0,0
2.0,300.4,311.4,1427.0,50.7,122.0,0
0.0,303.7,312.8,1523.0,40.7,59.0,0
1.0,301.2,310.9,1424.0,45.2,68.0,0
1.0,300.9,309.5,1758.0,26.8,116.0,0
0.0,298.0,308.5,1461.0,48.0,68.0,0
0.0,300.6,312.0,1566.0,30.1,128.0,0
0.0,299.0,310.3,1929.0,24.4,180.0,0
0.0,297.0,307.8,1553.0,33.3,155.0,0
0.0,301.5,310.6,1381.0,50.7,206.0,0
1.0,300.0,309.5,1425.0,40.8,178.0,0
1.0,298.1,308.3,1453.0,41.5,204.0,0
2.0,298.5,309.1,2051.0,19.0,184.0,0
0.0,302.4,311.8,1493.0,38.4,132.0,0
0.0,297.3,308.2,1396.0,52.7,212.0,1
0.0,298.7,309.8,1354.0,53.3,212.0,1
0.0,303.3,311.4,1497.0,46.0,234.0,1
1.0,302.2,311.2,1471.0,41.9,166.0,0
0.0,299.5,309.1,1502.0,44.6,13.0,0
0.0,297.4,309.4,1620.0,35.4,51.0,0
0.0,298.4,308.0,1380.0,47.6,130.0,0
2.0,297.7,308.4,1288.0,49.5,91.0,0
1.0,299.6,309.4,1283.0,62.1,83.0,0
1.0,298.8,309.7,1499.0,40.3,154.0,0
0.0,300.7,310.6,1288.0,47.2,216.0,0
1.0,299.8,309.6,1346.0,53.2,95.0,0
2.0,302.5,311.5,1626.0,36.0,44.0,0
0.0,301.1,311.1,1387.0,53.1,188.0,0
0.0,297.5,308.5,1530.0,38.5,93.0,0
0.0,300.0,309.5,1506.0,38.8,87.0,0
0.0,297.4,308.5,1495.0,37.8,211.0,0
1.0,302.4,311.1,1887.0,22.4,197.0,0
1.0,298.1,308.8,1394.0,47.9,70.0,0
0.0,297.6,309.0,1487.0,45.4,64.0,0
0.0,298.8,309.6,1890.0,24.0,173.0,0
0.0,298.4,309.3,1395.0,47.6,24.0,0
1.0,299.9,309.3,1452.0,41.9,106.0,0
0.0,298.4,309.1,1798.0,29.6,81.0,0
1.0,299.9,309.5,2065.0,18.1,62.0,0
0.0,298.3,309.1,1386.0,45.3,212.0,0
1.0,296.8,307.8,1694.0,33.0,115.0,0
0.0,302.6,311.0,2001.0,20.7,137.0,0
0.0,300.4,309.9,1496.0,31.8,154.0,0
2.0,301.1,310.8,1792.0,25.8,121.0,0
1.0,300.4,311.7,1478.0,39.9,185.0,0
0.0,299.0,308.6,1587.0,38.6,124.0,0
0.0,303.8,313.0,1499.0,42.3,38.0,0
0.0,301.7,310.6,1660.0,28.7,66.0,0
2.0,300.2,311.6,1547.0,37.7,217.0,0
0.0,298.2,308.3,1400.0,48.7,194.0,0
2.0,302.0,310.9,1679.0,29.0,222.0,0
0.0,303.4,311.6,1564.0,41.9,137.0,0
1.0,298.6,309.4,1465.0,41.1,30.0,0
0.0,300.4,309.7,1685.0,31.3,152.0,0
0.0,300.5,311.9,1750.0,28.3,207.0,0
1.0,300.6,309.8,1659.0,28.9,127.0,0
0.0,303.0,311.2,1494.0,37.0,67.0,0
0.0,301.5,310.3,1415.0,41.6,28.0,0
2.0,296.9,308.0,1318.0,53.5,88.0,0
1.0,302.5,310.3,1411.0,49.5,110.0,0
0.0,296.8,308.0,1675.0,29.7,46.0,0
1.0,301.8,310.9,1299.0,60.4,48.0,0
1.0,298.5,308.6,1897.0,20.2,50.0,0
1.0,296.3,307.3,1368.0,49.5,10.0,0
0.0,302.0,310.1,1409.0,50.4,172.0,0
0.0,297.9,307.7,1517.0,44.4,67.0,0
0.0,303.8,312.8,1428.0,53.3,152.0,0
0.0,298.8,310.2,1814.0,26.8,204.0,0
0.0,303.5,312.4,1340.0,44.5,76.0,0
1.0,302.5,310.5,1918.0,21.6,131.0,0
0.0,298.4,308.1,1598.0,32.7,94.0,0
0.0,299.0,309.4,1693.0,30.1,84.0,0
2.0,302.7,310.4,1305.0,55.2,20.0,1
0.0,297.9,309.8,1461.0,50.5,38.0,0
1.0,301.2,310.1,1558.0,32.6,34.0,0
0.0,297.4,308.9,1708.0,28.8,174.0,0
0.0,300.7,309.6,1500.0,44.1,122.0,0
0.0,300.6,310.9,1344.0,46.7,133.0,0
0.0,300.0,309.1,1489.0,40.3,7.0,0
1.0,300.6,310.0,1486.0,41.2,127.0,0
0.0,300.3,311.7,1635.0,31.8,156.0,0
2.0,300.9,311.9,2140.0,16.5,43.0,0
0.0,300.4,310.1,1503.0,42.2,196.0,0
0.0,298.6,309.7,1703.0,26.1,5.0,0
0.0,300.9,312.2,1811.0,23.2,72.0,0
1.0,297.4,308.3,1774.0,28.9,166.0,0
1.0,301.8,311.3,1624.0,31.6,145.0,0
0.0,302.5,310.2,1454.0,43.0,108.0,0
0.0,301.3,311.0,1582.0,35.6,202.0,0
0.0,296.7,307.8,1453.0,46.0,33.0,0
0.0,297.9,307.8,1665.0,33.9,102.0,0
0.0,300.0,309.2,1444.0,43.6,123.0,0
0.0,300.8,310.7,1339.0,59.1,203.0,1
0.0,300.3,310.2,1492.0,52.3,2.0,0
0.0,297.2,307.9,1540.0,37.1,164.0,0
0.0,302.1,310.7,1491.0,42.8,98.0,0
0.0,301.0,310.9,1479.0,44.3,194.0,0
0.0,297.3,308.7,1506.0,39.3,187.0,0
1.0,300.2,310.2,1438.0,51.5,7.0,0
0.0,298.8,310.2,1461.0,46.7,105.0,0
0.0,301.4,310.7,1989.0,21.8,19.0,0
0.0,299.1,310.6,1326.0,49.7,78.0,0
0.0,298.6,309.4,1698.0,33.2,147.0,0
1.0,302.3,311.0,1546.0,35.5,70.0,0
0.0,300.5,311.9,1576.0,31.1,149.0,0
0.0,298.2,308.8,1666.0,31.5,30.0,0
2.0,302.3,310.2,1506.0,33.8,43.0,0
1.0,298.7,308.6,1722.0,24.7,64.0,0
0.0,297.4,308.5,1369.0,53.2,43.0,0
1.0,303.6,312.8,1400.0,43.2,23.0,0
0.0,297.9,308.6,1691.0,29.6,116.0,0
1.0,299.9,309.3,1389.0,52.8,0.0,0
0.0,301.3,310.8,1628.0,32.2,43.0,0
1.0,298.9,309.2,1412.0,44.1,140.0,0
2.0,304.2,313.0,1442.0,40.9,23.0,0
0.0,300.1,311.5,1471.0,47.2,201.0,0
0.0,301.9,310.7,1717.0,26.8,27.0,0
0.0,301.6,310.9,1492.0,45.2,155.0,0
1.0,301.9,310.6,1475.0,47.8,179.0,0
0.0,300.8,311.2,1481.0,38.5,181.0,0
1.0,300.2,309.4,1459.0,43.9,39.0,0
0.0,298.4,308.9,1638.0,32.4,109.0,0
0.0,297.5,308.3,1596.0,36.8,77.0,0
1.0,301.3,310.0,2068.0,17.8,176.0,0
0.0,297.3,308.7,1549.0,36.1,218.0,0
2.0,299.1,308.8,1553.0,32.6,90.0,0
0.0,297.0,308.1,1489.0,44.1,96.0,0
2.0,303.8,312.5,1525.0,38.0,209.0,0
0.0,302.3,311.0,1442.0,43.7,152.0,0
0.0,297.5,308.8,1603.0,36.7,184.0,0
1.0,298.2,308.0,1591.0,33.7,32.0,0
0.0,297.5,308.9,1443.0,43.5,0.0,0
2.0,297.8,308.4,1550.0,38.2,185.0,0
1.0,302.0,310.4,1595.0,32.9,135.0,0
0.0,298.1,307.7,1523.0,37.7,80.0,0
1.0,302.2,311.2,1873.0,24.0,99.0,0
1.0,300.7,311.7,1499.0,38.9,3.0,0
0.0,300.7,309.9,1815.0,27.0,190.0,0
0.0,301.7,310.9,1557.0,39.4,2.0,0
0.0,300.6,310.7,1455.0,40.6,82.0,0
0.0,298.8,309.8,1485.0,42.4,74.0,0
1.0,297.0,307.9,1414.0,46.2,165.0,0
0.0,297.7,308.2,1446.0,43.9,172.0,0
0.0,300.7,310.6,1407.0,40.5,87.0,0
0.0,300.1,309.6,1760.0,25.4,55.0,0
2.0,296.6,307.4,1406.0,41.5,189.0,0
0.0,301.9,311.0,2691.0,12.1,31.0,1
1.0,302.5,311.5,1481.0,41.1,215.0,0
0.0,298.4,308.3,1318.0,59.1,22.0,0
0.0,299.8,311.1,1452.0,47.3,188.0,0
0.0,301.1,312.2,1397.0,54.9,81.0,0
0.0,298.6,309.6,1353.0,62.5,9.0,0
1.0,298.5,308.0,1713.0,25.8,154.0,0
0.0,298.2,308.7,1991.0,20.5,36.0,0
0.0,300.9,311.2,1353.0,60.4,139.0,0
0.0,298.2,308.2,1988.0,21.4,41.0,0
2.0,301.1,312.2,1491.0,42.6,52.0,0
0.0,301.7,310.2,1311.0,57.4,40.0,1
1.0,300.8,309.6,1404.0,38.7,44.0,0
0.0,302.6,311.4,1738.0,25.8,128.0,0
0.0,297.4,309.3,1759.0,24.8,81.0,0
0.0,300.7,310.8,1519.0,43.9,55.0,0
0.0,303.0,311.2,1735.0,26.1,194.0,0
1.0,298.2,308.9,1585.0,34.3,33.0,0
1.0,302.3,311.0,1541.0,36.6,143.0,0
0.0,303.8,313.2,1336.0,47.8,176.0,0
2.0,295.7,306.2,1458.0,49.8,151.0,0
0.0,302.0,310.5,1263.0,60.6,90.0,1
1.0,298.8,310.1,1585.0,31.3,147.0,0
1.0,300.3,310.0,1537.0,37.5,6.0,0
1.0,297.3,308.7,1655.0,34.1,21.0,0
0.0,296.8,307.9,1611.0,35.4,72.0,0
0.0,298.8,309.8,1563.0,33.7,143.0,0
0.0,298.0,308.6,1481.0,42.5,54.0,0
0.0,296.9,307.8,1400.0,57.1,202.0,1
0.0,298.0,308.4,1432.0,46.2,11.0,0
0.0,303.4,312.3,1287.0,54.8,54.0,0
0.0,300.5,311.4,1400.0,45.1,29.0,0
1.0,301.5,310.4,1276.0,55.6,158.0,0
0.0,303.2,311.4,1324.0,54.2,228.0,1
0.0,297.5,308.9,1738.0,24.0,195.0,0
0.0,303.5,312.8,1877.0,22.3,96.0,0
1.0,298.9,310.0,1348.0,58.2,163.0,0
1.0,300.7,309.6,1568.0,35.2,82.0,0
2.0,300.8,310.3,1777.0,30.1,38.0,0
0.0,298.1,307.8,1413.0,54.1,113.0,0
0.0,297.4,308.7,1638.0,31.9,131.0,0
0.0,298.4,309.2,1425.0,45.5,11.0,0
1.0,300.3,311.7,1551.0,36.4,84.0,0
2.0,300.1,311.6,1674.0,29.6,85.0,0
1.0,301.8,309.9,1334.0,61.0,182.0,1
0.0,301.8,310.3,1688.0,28.8,31.0,0
1.0,297.3,308.1,1369.0,52.0,214.0,0
1.0,298.5,309.4,1565.0,33.7,150.0,0
0.0,302.0,310.5,1635.0,39.8,99.0,0
1.0,297.8,309.0,1675.0,30.0,110.0,0
0.0,302.3,310.1,1653.0,29.7,34.0,0
0.0,300.5,311.1,1547.0,37.2,7.0,0
2.0,302.3,310.9,1366.0,48.4,130.0,1
0.0,301.1,309.7,1668.0,30.8,158.0,0
0.0,300.7,311.0,1336.0,53.3,68.0,0
0.0,302.4,311.8,1465.0,40.2,143.0,0
1.0,298.6,309.4,1460.0,43.8,138.0,0
0.0,301.8,310.6,1295.0,62.3,91.0,0
0.0,300.9,311.0,1316.0,56.5,120.0,0
1.0,295.8,306.5,1514.0,37.7,60.0,0
0.0,303.0,312.3,1480.0,41.4,125.0,0
0.0,302.4,312.0,1562.0,37.9,10.0,0
0.0,301.8,311.2,1417.0,55.9,156.0,0
2.0,297.9,308.9,1416.0,39.6,45.0,0
1.0,301.5,310.6,1492.0,43.0,100.0,0
1.0,301.6,310.6,1924.0,23.6,181.0,0
0.0,302.4,311.8,1448.0,43.4,141.0,0
0.0,299.2,310.1,1534.0,37.7,10.0,0
2.0,300.2,311.4,1319.0,54.6,15.0,0
0.0,301.6,310.1,1362.0,55.8,70.0,1
1.0,299.7,308.9,1551.0,35.4,82.0,0
0.0,303.4,311.8,1401.0,53.0,208.0,1
0.0,303.8,312.8,1416.0,58.7,156.0,0
0.0,298.9,310.6,1406.0,43.8,12.0,0
1.0,304.0,313.1,1466.0,39.5,83.0,0
1.0,298.1,307.8,1316.0,57.2,191.0,0
1.0,300.9,310.7,1420.0,43.0,133.0,0
1.0,302.3,311.7,1517.0,37.6,124.0,0
1.0,300.8,311.3,1465.0,43.2,113.0,0
0.0,300.5,309.7,1616.0,34.5,155.0,0
0.0,297.4,308.4,1664.0,28.1,67.0,0
1.0,297.4,308.5,1638.0,32.2,84.0,0
2.0,301.4,310.1,1623.0,32.3,39.0,0
0.0,297.0,307.7,1447.0,46.4,8.0,0
0.0,300.2,311.4,1425.0,44.2,84.0,0
0.0,300.4,311.7,1314.0,59.5,160.0,0
0.0,303.5,312.3,1404.0,48.6,193.0,0
1.0,302.0,310.8,1609.0,35.2,4.0,0
2.0,302.3,310.1,1383.0,42.9,24.0,0
0.0,297.4,308.6,1476.0,42.3,107.0,0
0.0,297.7,308.8,1354.0,50.2,103.0,0
1.0,298.1,309.0,1533.0,36.1,189.0,0
1.0,301.2,310.3,1379.0,43.2,56.0,0
2.0,300.6,309.7,1470.0,43.8,18.0,0
0.0,302.4,310.2,1503.0,36.2,166.0,0
0.0,300.3,309.9,1601.0,31.7,180.0,0
0.0,297.8,308.9,1530.0,37.6,106.0,0
0.0,298.0,307.6,1385.0,45.0,158.0,0
0.0,302.0,310.4,1895.0,23.2,161.0,0
1.0,297.9,307.7,1517.0,39.5,69.0,0
0.0,297.9,307.9,1412.0,44.5,85.0,0
1.0,302.5,312.0,1436.0,43.5,184.0,0
0.0,301.3,310.6,1426.0,40.7,54.0,0
1.0,302.5,311.4,1629.0,31.7,225.0,0
1.0,302.7,312.0,1652.0,31.0,81.0,0
1.0,300.8,310.1,1686.0,26.9,128.0,0
0.0,302.2,311.1,1470.0,39.6,97.0,0
1.0,302.3,311.9,1508.0,42.3,159.0,0
0.0,298.3,310.0,1460.0,47.6,101.0,0
0.0,303.3,311.4,1630.0,32.5,2.0,0
1.0,299.0,310.3,1494.0,46.6,144.0,0
0.0,299.5,310.0,1594.0,35.1,54.0,0
1.0,302.6,310.5,1524.0,33.7,204.0,0
1.0,297.6,308.5,1848.0,23.7,37.0,0
0.0,303.5,312.1,1674.0,30.8,0.0,0
0.0,297.5,308.6,1352.0,52.6,12.0,0
0.0,299.2,310.2,1458.0,47.0,183.0,0
2.0,298.5,309.3,1421.0,50.3,124.0,0
2.0,296.9,307.9,1547.0,32.6,79.0,0
0.0,302.2,311.4,1499.0,37.7,55.0,0
0.0,302.4,311.9,1452.0,43.1,137.0,0
1.0,298.3,308.9,1646.0,25.4,46.0,0
0.0,300.7,310.8,1689.0,28.9,100.0,0
0.0,303.7,312.4,1348.0,51.0,152.0,0
0.0,300.1,311.4,1660.0,31.4,38.0,0
0.0,303.5,312.0,1761.0,25.8,105.0,0
1.0,299.6,309.4,1605.0,29.8,142.0,0
1.0,300.7,309.6,1473.0,48.1,87.0,0
0.0,297.9,307.7,1492.0,43.7,59.0,0
0.0,297.2,308.6,1366.0,50.4,74.0,0
2.0,301.9,311.0,1871.0,26.0,132.0,0
1.0,302.4,310.1,1520.0,36.6,97.0,0
0.0,299.7,310.6,1616.0,35.1,142.0,0
0.0,301.7,311.3,1708.0,30.5,77.0,0
0.0,302.5,311.5,1677.0,29.2,49.0,0
0.0,297.8,308.4,1512.0,39.9,181.0,0
1.0,302.6,312.0,1363.0,45.7,91.0,0
0.0,303.7,312.4,1718.0,26.5,130.0,0
0.0,299.0,308.8,1495.0,38.4,75.0,0
1.0,299.2,308.8,1700.0,33.5,185.0,0
0.0,300.6,310.0,1635.0,31.0,107.0,0
1.0,300.2,310.1,1550.0,38.7,45.0,0
1.0,297.9,309.2,1529.0,38.1,96.0,0
1.0,297.3,308.5,1710.0,27.7,138.0,0
2.0,296.8,308.1,1492.0,43.7,222.0,0
1.0,297.6,308.7,1408.0,51.5,4.0,0
1.0,302.3,311.2,1842.0,23.9,111.0,0
0.0,302.6,312.1,1499.0,35.0,215.0,0
1.0,296.1,307.1,1485.0,36.0,169.0,0
0.0,302.7,312.3,1858.0,25.4,2.0,0
0.0,301.8,310.2,2825.0,5.8,215.0,1
1.0,298.2,308.9,1512.0,38.5,28.0,0
0.0,301.4,311.1,1952.0,22.7,131.0,0
0.0,299.3,308.6,1605.0,37.0,78.0,0
0.0,299.2,308.5,1366.0,49.7,74.0,0
0.0,299.1,308.6,1260.0,57.8,152.0,0
0.0,300.8,310.8,1486.0,45.7,146.0,0
0.0,302.6,311.9,1453.0,39.1,84.0,0
0.0,297.3,308.7,1467.0,36.8,216.0,0
0.0,300.3,310.3,1629.0,34.1,52.0,0
1.0,303.3,311.8,1548.0,33.5,75.0,0
0.0,300.4,311.6,1815.0,23.5,49.0,0
0.0,300.7,310.2,1493.0,35.9,10.0,0
0.0,302.1,311.0,1351.0,49.5,196.0,0
0.0,297.6,309.4,1628.0,33.4,229.0,0
0.0,300.7,312.4,1590.0,37.9,98.0,0
1.0,303.4,312.2,1561.0,38.2,45.0,0
0.0,302.9,311.2,1751.0,23.8,196.0,0
1.0,300.0,311.4,1384.0,46.1,7.0,0
1.0,301.5,310.5,1412.0,44.1,184.0,0
1.0,298.0,309.0,1393.0,55.9,79.0,0
1.0,300.4,309.7,1547.0,38.0,181.0,0
0.0,295.6,306.3,1911.0,20.9,74.0,0
1.0,302.1,311.5,1383.0,53.6,108.0,0
0.0,300.6,311.0,1563.0,40.7,87.0,0
0.0,303.9,313.1,1665.0,29.6,0.0,0
0.0,301.4,310.7,1487.0,44.6,88.0,0
0.0,297.6,308.7,1552.0,42.3,27.0,0
2.0,300.7,310.2,1877.0,24.8,64.0,0
0.0,295.3,305.7,1475.0,51.0,187.0,0
0.0,299.3,309.0,1516.0,38.7,64.0,0
0.0,299.5,310.7,1589.0,33.5,5.0,0
0.0,298.9,310.0,1422.0,43.6,78.0,0
1.0,303.9,313.1,1343.0,61.4,14.0,0
1.0,300.7,311.1,1438.0,46.6,103.0,0
1.0,302.3,311.0,1521.0,34.8,72.0,0
2.0,302.3,311.5,1526.0,38.2,47.0,0
0.0,302.6,312.3,1647.0,31.8,52.0,0
0.0,298.2,307.9,1847.0,23.6,69.0,0
0.0,296.3,307.3,1372.0,57.7,33.0,0
1.0,298.0,307.5,1524.0,36.3,98.0,0
0.0,301.9,310.4,1286.0,62.8,22.0,1
2.0,298.0,308.0,1520.0,39.6,51.0,0
0.0,304.2,313.4,1434.0,42.5,175.0,0
0.0,297.5,309.4,1497.0,35.8,44.0,0
2.0,299.7,309.2,1456.0,40.6,182.0,0
1.0,302.6,312.2,1458.0,38.8,34.0,0
0.0,302.3,311.0,1657.0,31.1,3.0,0
2.0,298.2,309.0,1524.0,39.1,100.0,0
1.0,297.3,308.3,1501.0,38.2,2.0,0
1.0,297.4,308.5,1497.0,36.4,56.0,0
0.0,297.2,308.7,1509.0,39.3,66.0,0
1.0,300.7,310.5,1594.0,31.0,196.0,0
0.0,301.4,310.4,1579.0,36.9,133.0,0
0.0,302.5,310.4,1415.0,48.2,117.0,0
0.0,297.9,307.8,1538.0,38.5,123.0,0
2.0,300.1,309.3,1520.0,38.2,158.0,0
1.0,298.5,308.0,1461.0,51.9,157.0,0
0.0,298.1,307.9,1425.0,58.2,57.0,0
1.0,298.6,309.7,1280.0,64.1,71.0,0
1.0,298.3,308.5,1629.0,37.1,170.0,0
0.0,297.0,307.6,1513.0,42.4,124.0,0
0.0,297.4,308.2,1533.0,37.4,115.0,0
0.0,300.7,310.7,1314.0,42.4,198.0,0
2.0,297.3,308.0,1384.0,49.1,206.0,0
1.0,298.9,310.0,1323.0,52.9,106.0,0
2.0,300.1,309.4,1329.0,55.2,143.0,0
1.0,302.5,310.5,1527.0,38.8,136.0,0
0.0,300.4,309.2,1752.0,29.0,52.0,0
0.0,300.9,310.7,1427.0,44.1,141.0,0
0.0,300.7,310.2,1387.0,50.6,83.0,0
0.0,297.9,309.0,1290.0,49.8,43.0,0
1.0,302.5,310.4,1451.0,53.6,194.0,0
1.0,296.2,307.2,1168.0,63.4,172.0,0
1.0,301.9,310.8,1557.0,35.3,65.0,0
1.0,299.7,311.2,1560.0,43.9,126.0,0
1.0,297.7,309.7,1680.0,30.2,168.0,0
2.0,301.1,310.6,1388.0,58.5,68.0,0
0.0,304.3,313.5,1464.0,36.7,194.0,0
1.0,300.4,311.4,1604.0,31.7,119.0,0
1.0,300.5,309.4,1655.0,32.1,37.0,0
1.0,302.6,311.4,1718.0,31.2,154.0,0
2.0,300.3,311.6,1427.0,56.2,8.0,0
0.0,300.7,309.5,1578.0,35.4,34.0,0
0.0,302.3,311.2,1386.0,53.5,59.0,0
1.0,297.7,309.0,1656.0,33.2,20.0,0
0.0,301.9,309.6,1410.0,49.0,223.0,0
1.0,303.8,312.5,2344.0,15.2,146.0,0
0.0,301.5,310.5,1636.0,28.7,106.0,0
0.0,298.6,309.9,1593.0,37.4,47.0,0
0.0,302.7,310.5,1351.0,41.8,10.0,1
0.0,303.1,312.8,2329.0,15.1,113.0,0
0.0,300.5,311.9,1432.0,43.1,16.0,0
2.0,299.3,308.9,1429.0,43.0,96.0,0
0.0,299.3,310.3,1396.0,47.4,14.0,0
1.0,300.3,309.6,1509.0,46.6,95.0,0
0.0,302.4,311.8,1543.0,31.1,96.0,0
1.0,301.7,310.0,1391.0,50.6,195.0,0
0.0,299.2,310.6,1675.0,33.3,28.0,0
0.0,301.1,312.3,1682.0,29.7,83.0,0
1.0,299.2,310.6,1443.0,50.9,85.0,0
0.0,302.0,310.9,1546.0,34.4,7.0,0
0.0,302.8,312.2,1515.0,36.8,162.0,0
1.0,301.7,310.1,1644.0,34.6,5.0,0
0.0,303.5,312.5,1380.0,46.1,166.0,0
1.0,299.5,309.3,1902.0,24.0,151.0,0
1.0,300.0,311.4,1864.0,23.3,2.0,0
2.0,298.7,308.6,1499.0,43.5,84.0,0
1.0,300.9,310.8,1402.0,48.1,22.0,0
0.0,297.8,308.4,1612.0,32.1,183.0,0
1.0,302.2,310.6,1355.0,51.5,126.0,1
0.0,300.6,309.6,1290.0,57.4,119.0,0
0.0,302.2,310.9,1604.0,40.5,68.0,0
0.0,302.2,311.5,1616.0,34.0,19.0,0
0.0,298.1,307.7,1767.0,27.0,127.0,0
0.0,301.7,310.6,1513.0,41.1,64.0,0
0.0,304.0,313.1,1564.0,50.9,119.0,0
1.0,301.2,310.9,1359.0,50.8,118.0,0
0.0,300.0,309.1,1401.0,44.5,0.0,0
0.0,298.7,309.8,1695.0,29.0,145.0,0
0.0,300.2,310.2,1440.0,42.9,191.0,0
0.0,299.0,308.7,1537.0,42.8,202.0,0
0.0,298.2,309.0,1610.0,31.7,155.0,0
2.0,299.4,309.1,1373.0,44.1,81.0,0
0.0,300.2,309.4,1981.0,21.4,44.0,0
1.0,300.6,309.7,1934.0,22.8,15.0,0
0.0,300.7,310.6,1654.0,34.2,89.0,0
0.0,295.5,306.0,1546.0,35.9,169.0,0
0.0,302.3,311.9,1434.0,51.9,173.0,0
0.0,302.0,310.8,2143.0,17.3,227.0,0
0.0,298.0,309.1,1822.0,23.5,122.0,0
0.0,301.3,310.8,1719.0,29.5,62.0,0
0.0,298.3,309.1,1537.0,43.0,123.0,0
0.0,302.6,311.5,1885.0,27.5,147.0,0
0.0,302.2,311.7,1488.0,44.6,178.0,0
0.0,298.1,307.4,1608.0,33.9,193.0,0
0.0,296.6,307.6,1809.0,25.1,86.0,0
0.0,298.0,308.8,1496.0,44.9,179.0,0
1.0,300.4,311.5,1750.0,27.3,116.0,0
1.0,298.5,309.0,1921.0,22.0,196.0,0
0.0,301.4,310.3,1639.0,32.7,171.0,0
1.0,297.6,308.7,1475.0,46.6,54.0,0
1.0,297.2,308.3,1429.0,42.0,6.0,0
1.0,301.5,311.1,1660.0,33.8,115.0,0
1.0,302.6,310.5,1542.0,39.9,184.0,0
0.0,299.1,309.8,1398.0,55.4,217.0,1
0.0,297.4,308.7,1510.0,36.2,92.0,0
1.0,296.8,307.9,1683.0,31.8,76.0,0
0.0,303.8,312.8,1443.0,40.7,145.0,0
1.0,296.9,307.8,1840.0,24.6,157.0,0
1.0,303.1,312.4,1378.0,50.1,104.0,0
0.0,300.2,311.7,1493.0,48.3,167.0,0
2.0,297.9,307.8,1635.0,34.0,142.0,0
1.0,300.9,310.8,1988.0,19.7,136.0,0
0.0,297.7,308.9,1715.0,27.2,193.0,0
1.0,298.6,309.9,1818.0,24.9,9.0,0
1.0,303.1,312.3,1623.0,31.6,101.0,0
1.0,295.7,306.3,1347.0,50.4,46.0,0
0.0,298.9,310.0,1482.0,41.1,82.0,0
0.0,300.6,310.5,1570.0,38.3,14.0,0
0.0,298.3,309.2,1456.0,45.5,75.0,0
1.0,296.7,307.4,1540.0,38.7,45.0,0
1.0,300.4,311.2,1366.0,56.1,177.0,0
1.0,298.1,308.0,1686.0,29.3,35.0,0
1.0,304.0,313.3,1844.0,27.1,88.0,0
2.0,297.7,308.5,1720.0,29.9,210.0,0
1.0,299.9,309.4,1399.0,54.8,3.0,0
0.0,298.4,309.2,1610.0,32.4,194.0,0
0.0,301.1,311.3,1268.0,60.0,53.0,0
0.0,298.1,307.5,1391.0,57.4,161.0,0
0.0,298.2,307.9,1429.0,49.4,141.0,0
1.0,297.7,307.2,1372.0,52.8,33.0,0
0.0,297.9,307.8,1397.0,45.0,104.0,0
0.0,302.0,311.1,1406.0,50.5,187.0,0
1.0,297.7,309.6,1596.0,35.2,173.0,0
0.0,298.0,309.6,1536.0,37.3,120.0,0
0.0,302.6,311.0,1620.0,36.2,139.0,0
0.0,299.0,310.1,1470.0,40.3,83.0,0
1.0,300.4,311.0,1595.0,35.4,15.0,0
0.0,303.5,311.6,1428.0,46.2,139.0,0
0.0,299.9,309.5,1779.0,26.1,169.0,0
0.0,297.2,308.5,1513.0,42.9,212.0,0
1.0,298.0,309.9,1565.0,33.9,40.0,0
2.0,298.4,308.5,1398.0,47.1,122.0,0
0.0,300.6,311.8,1471.0,41.4,39.0,0
0.0,298.9,310.1,1466.0,43.4,50.0,0
2.0,300.2,309.3,1342.0,48.7,68.0,0
0.0,302.6,311.0,1610.0,39.2,152.0,0
0.0,299.3,309.1,1388.0,45.5,123.0,0
0.0,298.8,309.8,1509.0,36.2,57.0,0
1.0,303.6,311.8,1432.0,42.5,150.0,0
0.0,299.6,309.2,1713.0,26.5,167.0,0
0.0,297.3,308.3,1504.0,36.3,45.0,0
0.0,302.9,312.2,1571.0,40.6,139.0,0
0.0,297.4,308.3,1475.0,40.5,222.0,1
1.0,298.6,309.3,1510.0,40.8,177.0,0
2.0,301.5,310.8,1591.0,29.6,33.0,0
1.0,298.3,309.2,1359.0,51.4,21.0,0
1.0,298.3,308.8,1349.0,52.1,104.0,0
2.0,296.4,307.3,1540.0,37.4,75.0,0
1.0,302.5,311.9,1298.0,57.5,57.0,0
0.0,298.8,309.9,1739.0,30.6,83.0,0
1.0,302.1,310.6,1421.0,52.0,95.0,0
2.0,300.5,309.9,1397.0,45.9,210.0,1
0.0,302.0,309.8,1649.0,31.0,152.0,0
1.0,303.6,311.8,1659.0,34.7,94.0,0
0.0,299.6,309.4,1643.0,32.9,145.0,0
0.0,298.3,308.5,1538.0,32.2,173.0,0
1.0,297.5,308.6,1255.0,60.7,77.0,0
2.0,299.1,310.1,1429.0,42.9,96.0,0
1.0,302.2,311.5,1449.0,44.5,113.0,0
0.0,300.1,311.4,1910.0,23.0,153.0,0
0.0,300.9,310.4,1561.0,32.7,67.0,0
1.0,301.3,310.6,1378.0,49.4,173.0,0
0.0,297.9,307.5,1602.0,38.3,21.0,0
0.0,300.7,309.6,1505.0,34.9,7.0,0
2.0,295.6,306.2,1414.0,42.5,69.0,0
0.0,299.9,311.4,1706.0,28.8,111.0,0
0.0,299.9,309.5,1772.0,23.5,167.0,0
0.0,299.9,309.6,1280.0,59.3,163.0,0
0.0,301.7,311.0,1546.0,43.0,23.0,0
0.0,298.0,309.2,1527.0,39.5,85.0,0
0.0,297.8,307.7,1505.0,39.7,25.0,0
0.0,301.1,311.1,1508.0,41.5,184.0,0
2.0,298.8,309.0,1497.0,43.8,147.0,0
0.0,302.6,310.5,1596.0,32.8,193.0,0
0.0,301.9,311.3,1501.0,40.8,59.0,0
1.0,298.3,308.5,1434.0,46.2,148.0,0
0.0,299.4,310.8,1391.0,48.9,139.0,0
0.0,299.3,308.6,1433.0,37.7,42.0,0
0.0,298.9,310.1,1394.0,42.7,179.0,0
1.0,300.4,311.5,1476.0,32.6,144.0,0
1.0,298.3,308.3,1379.0,48.0,181.0,0
2.0,298.0,308.6,1526.0,41.8,160.0,0
1.0,295.5,305.9,1518.0,44.1,194.0,0
0.0,297.3,308.1,1642.0,36.9,206.0,0
0.0,299.3,309.1,1493.0,38.0,151.0,0
1.0,301.2,310.8,1734.0,31.3,64.0,0
1.0,300.5,312.0,1779.0,27.7,46.0,0
1.0,301.5,310.7,1416.0,53.2,69.0,0
1.0,296.4,307.3,2077.0,19.1,80.0,0
0.0,303.6,311.8,1222.0,66.8,148.0,1
0.0,303.7,312.5,1433.0,53.6,185.0,0
1.0,302.3,311.0,1450.0,45.7,175.0,0
0.0,301.4,310.6,1557.0,38.2,157.0,0
0.0,302.4,310.4,1456.0,47.6,127.0,0
0.0,302.3,311.6,1488.0,41.8,75.0,0
0.0,301.5,310.6,1357.0,42.1,212.0,0
0.0,300.9,310.5,1894.0,21.9,188.0,0
1.0,303.6,312.1,1627.0,32.5,7.0,0
1.0,299.1,309.5,1339.0,48.2,86.0,0
1.0,297.5,308.7,1363.0,53.6,194.0,0
0.0,299.4,308.7,1446.0,62.9,134.0,1
0.0,299.1,310.1,1435.0,48.8,229.0,1
0.0,301.4,310.7,1376.0,50.6,25.0,0
0.0,303.4,311.7,1295.0,51.3,51.0,1
0.0,301.5,310.4,1425.0,54.4,7.0,0
2.0,302.7,310.8,1275.0,55.0,25.0,1
2.0,302.1,311.0,1729.0,26.1,210.0,0
2.0,297.6,308.7,1659.0,32.1,49.0,0
2.0,299.4,310.8,1585.0,31.4,149.0,0
0.0,297.6,308.6,1326.0,62.4,173.0,0
2.0,301.6,310.7,1414.0,51.7,197.0,0
0.0,302.2,311.5,1413.0,43.5,83.0,0
0.0,300.9,310.9,1477.0,41.5,100.0,0
0.0,299.0,310.4,1981.0,21.2,125.0,0
0.0,302.5,312.0,1673.0,29.9,42.0,0
1.0,301.2,310.7,1527.0,41.1,53.0,0
2.0,298.7,309.7,1697.0,29.8,74.0,0
0.0,297.6,308.6,1393.0,40.4,127.0,0
1.0,300.6,310.2,1233.0,52.3,23.0,0
0.0,299.2,310.7,1535.0,42.6,17.0,0
1.0,299.4,308.7,1289.0,60.5,104.0,0
1.0,298.9,309.8,1363.0,50.6,115.0,0
1.0,301.4,310.8,1530.0,39.9,107.0,0
0.0,300.7,311.0,1413.0,52.0,91.0,0
1.0,299.6,309.0,1539.0,36.1,76.0,0
0.0,298.8,308.6,1680.0,29.4,95.0,0
0.0,302.3,310.8,1650.0,32.4,26.0,0
0.0,301.5,310.6,1481.0,46.8,20.0,0
1.0,299.2,308.9,1447.0,39.6,22.0,0
1.0,302.6,311.6,1227.0,68.2,187.0,1
0.0,301.5,310.6,1962.0,20.2,124.0,0
0.0,300.5,309.8,1445.0,43.9,164.0,0
1.0,300.1,310.1,1402.0,46.6,10.0,0
1.0,301.7,310.8,1502.0,34.4,157.0,0
2.0,300.6,310.7,1501.0,45.3,175.0,0
0.0,299.2,308.9,1430.0,39.1,117.0,0
0.0,298.8,309.7,1609.0,40.4,169.0,0
1.0,297.7,308.1,2189.0,15.6,186.0,0
0.0,299.0,310.3,1552.0,39.9,114.0,0
1.0,298.8,309.7,1589.0,35.3,149.0,0
0.0,302.8,312.2,1458.0,51.0,42.0,0
0.0,295.9,306.4,1575.0,28.5,74.0,0
0.0,298.4,308.0,1571.0,37.4,50.0,0
0.0,300.6,310.3,1484.0,41.0,213.0,0
0.0,299.3,309.3,1528.0,37.8,45.0,0
0.0,302.4,310.2,1578.0,31.2,139.0,0
0.0,300.1,309.4,1858.0,23.6,26.0,0
2.0,299.4,309.0,1415.0,51.7,62.0,0
0.0,300.9,311.0,1438.0,49.0,61.0,0
0.0,300.7,310.4,1234.0,51.7,160.0,0
0.0,297.3,308.3,1550.0,37.0,54.0,0
0.0,302.1,310.7,1325.0,45.1,208.0,1
1.0,300.3,311.6,1312.0,53.4,151.0,0
1.0,302.1,310.7,1376.0,46.3,210.0,1
0.0,298.0,307.7,1430.0,47.3,49.0,0
2.0,300.3,309.9,1677.0,30.1,130.0,0
0.0,303.8,312.6,1577.0,41.3,134.0,0
0.0,301.2,309.9,1984.0,19.7,169.0,0
0.0,296.6,307.5,1582.0,37.9,197.0,0
0.0,299.6,309.1,1476.0,45.3,166.0,0
0.0,302.6,312.4,1386.0,45.8,38.0,0
0.0,300.8,310.9,1748.0,29.9,140.0,0
1.0,297.4,309.3,1499.0,36.8,88.0,0
1.0,299.8,309.4,1751.0,27.0,173.0,0
0.0,303.7,312.3,1606.0,37.4,103.0,0
0.0,301.9,311.0,1669.0,32.2,191.0,0
0.0,297.0,308.3,1492.0,48.1,137.0,0
0.0,298.2,308.2,1466.0,42.4,164.0,0
0.0,296.7,307.6,1540.0,38.6,53.0,0
1.0,298.1,307.8,1525.0,35.9,132.0,0
0.0,301.5,310.9,1451.0,40.6,0.0,0
0.0,297.1,307.8,1584.0,42.3,135.0,0
0.0,300.9,309.7,1431.0,41.4,199.0,0
0.0,298.4,308.5,1490.0,37.9,110.0,0
1.0,301.6,309.9,1746.0,31.1,83.0,0
0.0,300.8,310.8,1564.0,36.2,31.0,0
0.0,300.3,309.3,1612.0,36.0,158.0,0
2.0,300.0,310.5,1558.0,36.7,137.0,0
0.0,299.8,310.3,1687.0,30.4,33.0,0
0.0,296.4,307.4,1403.0,48.4,70.0,0
1.0,302.3,311.7,1540.0,28.9,149.0,0
0.0,299.5,310.8,1447.0,41.0,93.0,0
1.0,302.5,312.0,1451.0,43.2,189.0,0
0.0,303.4,311.7,1476.0,42.3,180.0,0
0.0,301.1,310.5,1324.0,52.4,171.0,0
0.0,296.6,307.6,1671.0,28.8,108.0,0
0.0,297.5,308.8,1477.0,39.0,127.0,0
0.0,302.0,310.4,1464.0,47.2,159.0,0
0.0,304.0,312.8,1542.0,42.7,198.0,0
1.0,299.0,310.2,1657.0,32.3,64.0,0
0.0,298.3,309.1,1616.0,31.1,195.0,0
1.0,298.3,309.6,1469.0,54.8,191.0,0
0.0,303.6,312.4,1781.0,28.7,124.0,0
0.0,297.2,308.5,1574.0,35.8,95.0,0
0.0,299.0,308.6,1378.0,47.8,163.0,0
0.0,302.4,311.0,2211.0,15.4,203.0,0
2.0,300.4,310.2,1431.0,43.2,0.0,0
2.0,300.4,309.6,1571.0,33.6,126.0,0
0.0,299.0,308.4,1571.0,38.6,5.0,0
0.0,301.5,310.9,1580.0,32.3,11.0,0
0.0,301.6,310.6,1418.0,43.9,129.0,0
0.0,302.1,310.8,1565.0,35.3,6.0,0
0.0,300.2,309.8,1557.0,33.8,19.0,0
0.0,302.4,311.8,1648.0,30.0,122.0,0
2.0,299.2,308.9,1712.0,26.4,95.0,0
0.0,300.7,310.7,1507.0,46.1,209.0,0
0.0,302.5,311.5,1985.0,18.8,190.0,0
0.0,297.9,309.1,1595.0,32.0,32.0,0
0.0,298.4,309.5,2153.0,15.3,98.0,1
1.0,297.6,309.3,1529.0,41.9,3.0,0
1.0,299.7,309.2,1412.0,45.3,205.0,0
0.0,301.6,311.1,1325.0,49.2,104.0,0
0.0,302.5,310.9,1477.0,39.2,144.0,0
1.0,298.9,308.5,1456.0,50.0,156.0,0
2.0,299.8,310.2,1573.0,33.3,168.0,0
1.0,298.2,309.4,1408.0,46.5,76.0,0
0.0,300.4,311.4,1662.0,29.3,129.0,0
0.0,301.6,310.0,1566.0,30.3,79.0,0
0.0,299.1,308.3,1559.0,33.7,30.0,0
0.0,298.1,308.6,1354.0,53.9,207.0,1
0.0,298.3,308.3,1452.0,45.5,63.0,0
1.0,299.7,310.9,1620.0,37.2,203.0,0
0.0,300.4,311.5,1492.0,44.6,149.0,0
1.0,301.7,309.8,1284.0,68.2,111.0,1
0.0,298.3,308.9,1348.0,55.5,102.0,0
0.0,299.3,309.1,1634.0,36.8,62.0,0
0.0,302.5,312.0,1574.0,33.8,63.0,0
2.0,303.4,311.9,1534.0,33.2,210.0,0
2.0,298.9,309.9,1376.0,51.0,32.0,0
0.0,296.8,307.9,1372.0,49.0,140.0,0
0.0,300.5,311.6,1365.0,53.0,85.0,0
0.0,298.0,308.2,1514.0,37.9,9.0,0
0.0,300.1,309.2,1441.0,42.9,148.0,0
1.0,302.3,311.4,1345.0,47.6,67.0,0
2.0,299.0,310.0,1387.0,45.2,110.0,0
0.0,302.2,310.6,1632.0,30.5,122.0,0
0.0,299.0,308.6,1329.0,60.5,120.0,0
2.0,299.9,311.4,1497.0,37.0,162.0,0
0.0,302.0,311.2,1845.0,27.3,45.0,0
1.0,299.4,308.6,1455.0,42.7,183.0,0
0.0,298.1,308.7,1556.0,31.6,145.0,0
0.0,300.6,311.9,1472.0,44.2,126.0,0
2.0,299.9,310.5,1549.0,42.8,208.0,0
0.0,300.3,311.7,1445.0,47.3,15.0,0
1.0,303.9,313.4,1464.0,49.1,171.0,0
0.0,297.3,308.5,1764.0,30.8,148.0,0
0.0,300.2,309.5,2183.0,17.8,39.0,0
1.0,298.9,309.9,1357.0,54.5,121.0,0
297.7,40.2,308.7,95.0,0.0,1449.0,0
2.0,296.5,307.4,1432.0,49.2,64.0,0
0.0,300.6,309.6,1682.0,30.7,78.0,0
300.1,30.4,309.7,41.0,0.0,1641.0,0
1.0,299.7,309.1,1851.0,24.7,189.0,0
0.0,298.1,307.9,1614.0,35.8,196.0,0
0.0,298.3,308.9,1270.0,52.7,44.0,0
0.0,298.2,308.9,1605.0,32.0,79.0,0
2.0,304.0,313.0,1701.0,30.4,171.0,0
1.0,301.3,311.0,1410.0,52.7,161.0,0
0.0,302.5,310.4,1488.0,48.4,134.0,0
1.0,299.6,309.0,1736.0,26.1,146.0,0
0.0,299.0,308.7,1449.0,38.9,18.0,0
0.0,296.6,307.4,1436.0,42.8,156.0,0
0.0,300.0,311.5,1749.0,28.3,83.0,0
0.0,297.4,308.6,1459.0,41.3,196.0,0
1.0,300.6,311.4,1468.0,40.4,55.0,0
1.0,298.1,309.2,1460.0,45.8,80.0,0
0.0,299.1,310.5,1532.0,36.6,62.0,0
0.0,298.8,309.8,1493.0,38.5,132.0,0
0.0,300.7,311.7,1910.0,19.7,13.0,0
0.0,301.2,310.0,1618.0,37.6,32.0,0
298.9,41.6,308.7,187.0,2.0,1500.0,0
0.0,301.4,310.8,1389.0,52.7,125.0,0
1.0,300.7,309.5,1838.0,24.9,66.0,0
0.0,300.7,312.4,1470.0,38.6,56.0,0
1.0,298.4,309.7,1870.0,22.5,170.0,0
0.0,301.3,310.7,1516.0,46.0,119.0,0
0.0,298.4,308.0,1515.0,42.8,125.0,0
300.9,35.9,310.5,81.0,0.0,1565.0,0
0.0,297.3,308.6,1446.0,50.1,144.0,0
1.0,302.4,310.1,1577.0,35.8,136.0,0
0.0,299.0,308.8,1310.0,50.7,112.0,0
1.0,302.4,310.9,1435.0,42.3,83.0,0
1.0,300.2,310.0,1664.0,30.7,179.0,0
1.0,301.0,310.9,2047.0,17.9,178.0,0
1.0,297.7,308.9,1681.0,28.3,116.0,0
0.0,298.6,309.9,1393.0,45.5,38.0,0
299.3,46.9,310.8,21.0,0.0,1391.0,0
2.0,302.2,311.7,1413.0,46.5,147.0,0
1.0,300.7,310.6,1439.0,41.7,184.0,0
0.0,298.8,308.6,1631.0,32.4,38.0,0
0.0,299.7,310.6,1675.0,31.3,129.0,0
1.0,297.4,309.3,1622.0,35.0,123.0,0
0.0,302.7,311.8,1461.0,46.1,10.0,0
0.0,302.5,311.5,1493.0,35.1,131.0,0
0.0,301.7,310.6,1303.0,59.7,42.0,0
298.6,44.0,308.2,43.0,1.0,1488.0,0
1.0,298.4,309.3,1355.0,50.6,8.0,0
297.9,36.6,309.1,20.0,0.0,1543.0,0
0.0,301.4,310.8,1770.0,24.1,112.0,0
0.0,301.0,310.9,1822.0,21.6,168.0,0
1.0,298.8,309.7,1453.0,47.7,101.0,0
1.0,297.4,308.3,1444.0,44.0,18.0,0
0.0,299.5,308.9,1520.0,38.3,122.0,0
1.0,298.5,309.2,1721.0,29.4,170.0,0
300.5,43.3,309.7,9.0,1.0,1389.0,0
0.0,301.2,310.9,1597.0,37.9,164.0,0
0.0,298.1,307.8,1565.0,35.3,119.0,0
0.0,298.2,308.8,1442.0,47.0,18.0,0
0.0,297.6,308.6,1351.0,51.0,37.0,0
2.0,301.5,310.4,1580.0,35.7,161.0,0
1.0,298.9,308.2,1335.0,47.8,40.0,0
1.0,297.0,308.0,1408.0,47.9,54.0,0
2.0,298.0,307.6,1593.0,32.2,118.0,0
303.5,54.2,312.4,177.0,1.0,1318.0,0
0.0,301.0,312.3,1445.0,36.4,105.0,0
1.0,302.6,311.0,1542.0,39.7,141.0,0
300.1,45.8,310.5,126.0,0.0,1356.0,0
1.0,302.9,311.2,1330.0,53.7,200.0,1
0.0,301.0,310.4,1563.0,34.4,124.0,0
0.0,301.5,310.5,1479.0,34.2,147.0,0
1.0,301.7,311.0,1510.0,47.8,27.0,0
2.0,301.0,311.0,1640.0,37.6,118.0,0
0.0,297.2,308.6,1864.0,23.6,103.0,0
1.0,301.0,310.9,1765.0,24.2,179.0,0
0.0,302.7,312.0,1501.0,37.0,77.0,0
298.6,29.7,309.6,9.0,1.0,1635.0,0
1.0,303.5,312.8,1375.0,45.7,89.0,0
301.0,39.3,309.7,146.0,1.0,1511.0,0
0.0,302.0,310.0,1832.0,22.9,178.0,0
1.0,299.9,309.5,1412.0,57.9,59.0,0
0.0,300.3,311.8,1360.0,48.0,119.0,0
301.9,54.8,310.9,99.0,0.0,1379.0,0
1.0,297.3,308.6,1456.0,42.9,122.0,0
298.4,31.7,308.7,117.0,1.0,1584.0,0
298.0,69.4,308.7,189.0,0.0,1268.0,1
1.0,299.7,311.0,1506.0,42.7,85.0,0
2.0,298.2,308.3,1824.0,24.2,49.0,0
0.0,301.1,310.9,1282.0,67.9,10.0,1
300.6,42.4,309.9,169.0,1.0,1449.0,0
0.0,298.7,309.9,1464.0,38.0,74.0,0
0.0,302.2,310.8,1744.0,29.7,16.0,0
0.0,299.3,308.9,1623.0,31.1,152.0,0
1.0,299.3,308.6,1448.0,52.1,71.0,0
0.0,303.4,312.2,1337.0,69.4,52.0,1
298.2,57.3,308.8,28.0,0.0,1362.0,0
1.0,300.7,311.3,1562.0,37.1,58.0,0
0.0,301.8,310.7,1751.0,29.3,133.0,0
0.0,302.9,312.1,1334.0,54.7,88.0,0
301.2,30.0,310.4,120.0,1.0,1697.0,0
0.0,300.8,310.7,1525.0,39.4,175.0,0
1.0,301.4,311.0,1234.0,55.8,152.0,0
1.0,297.4,308.6,1657.0,33.1,156.0,0
0.0,303.8,312.6,1565.0,36.0,179.0,0
1.0,298.3,309.0,1802.0,27.5,71.0,0
2.0,301.6,310.6,1400.0,49.5,211.0,0
301.5,28.7,310.5,135.0,0.0,1702.0,0
0.0,300.3,311.4,1471.0,37.0,114.0,0
1.0,296.7,307.8,1375.0,51.4,108.0,0
1.0,298.4,308.2,1499.0,40.0,211.0,0
1.0,301.8,310.9,1881.0,20.9,23.0,0
301.7,56.9,310.6,47.0,0.0,1447.0,0
297.9,37.5,307.8,78.0,0.0,1499.0,0
0.0,297.5,308.6,1437.0,43.3,34.0,0
0.0,298.5,309.6,1582.0,40.3,103.0,0
0.0,300.3,311.7,1707.0,33.6,158.0,0
0.0,299.4,308.7,1525.0,39.0,90.0,0
0.0,298.8,308.6,1872.0,22.5,82.0,0
0.0,302.3,311.6,1665.0,34.3,139.0,0
0.0,303.2,311.5,1513.0,37.9,0.0,0
0.0,298.1,308.0,1697.0,31.0,164.0,0
1.0,300.2,311.4,1450.0,38.5,68.0,0
303.8,46.9,313.2,154.0,2.0,1506.0,0
300.5,61.0,309.7,157.0,0.0,1395.0,0
299.9,50.0,311.3,55.0,1.0,1389.0,0
1.0,300.5,309.9,1735.0,27.0,107.0,0
2.0,300.3,309.7,1452.0,41.5,139.0,0
1.0,298.5,309.5,1501.0,40.2,114.0,0
2.0,300.4,311.6,1715.0,30.8,203.0,0
301.3,50.7,311.3,10.0,0.0,1474.0,0
302.9,32.2,310.8,17.0,0.0,1610.0,0
301.8,30.4,309.7,124.0,0.0,1598.0,0
1.0,298.5,309.5,1483.0,44.8,92.0,0
300.9,40.6,312.6,109.0,1.0,1555.0,0
0.0,300.3,311.7,1406.0,47.5,14.0,0
299.0,35.4,310.1,5.0,1.0,1593.0,0
0.0,302.6,310.3,1647.0,34.2,14.0,0
0.0,298.0,309.1,1473.0,44.3,124.0,0
1.0,302.3,311.7,1494.0,37.1,114.0,0
298.0,51.7,307.8,140.0,0.0,1414.0,0
1.0,297.6,308.8,1453.0,39.7,69.0,0
301.1,40.7,310.7,2.0,1.0,1583.0,0
1.0,295.7,306.3,1685.0,34.9,84.0,0
0.0,300.0,309.1,1631.0,28.3,110.0,0
297.7,30.2,307.1,0.0,0.0,1715.0,0
298.0,32.8,307.6,122.0,0.0,1683.0,0
2.0,298.2,309.0,1562.0,37.7,36.0,0
1.0,302.9,311.0,1556.0,36.5,44.0,0
300.9,27.8,310.4,90.0,0.0,1788.0,0
0.0,299.6,309.2,1422.0,39.8,219.0,0
1.0,299.8,311.1,1763.0,25.5,171.0,0
0.0,299.0,309.0,1469.0,40.1,13.0,0
300.6,33.2,309.7,185.0,0.0,1617.0,0
298.3,38.1,308.6,146.0,0.0,1447.0,0
0.0,297.4,308.3,1395.0,48.7,21.0,0
0.0,303.5,312.0,1436.0,45.1,32.0,0
0.0,298.8,308.9,1461.0,47.9,206.0,0
0.0,301.5,310.5,1396.0,44.5,117.0,0
298.1,54.5,308.5,17.0,1.0,1382.0,0
0.0,301.0,310.9,1392.0,52.9,173.0,0
298.6,19.6,309.2,40.0,0.0,2035.0,0
297.3,32.7,308.8,131.0,1.0,1586.0,0
299.1,53.6,310.4,86.0,2.0,1405.0,0
0.0,300.3,310.5,1522.0,39.1,217.0,0
1.0,302.5,311.0,1463.0,43.1,181.0,0
0.0,301.4,310.7,1657.0,28.7,108.0,0
0.0,303.4,311.5,1501.0,36.2,69.0,0
0.0,303.0,311.2,1341.0,51.0,174.0,1
0.0,300.6,310.7,1397.0,53.7,80.0,0
299.6,30.2,311.0,128.0,2.0,1714.0,0
2.0,301.0,310.9,1495.0,37.3,21.0,0
1.0,298.0,307.5,1431.0,52.9,92.0,0
297.2,35.8,307.9,140.0,0.0,1580.0,0
297.2,16.5,308.5,127.0,0.0,2182.0,0
0.0,304.1,313.2,1824.0,25.8,186.0,0
0.0,299.1,309.4,1439.0,44.2,82.0,0
2.0,299.2,308.7,1448.0,51.4,173.0,0
0.0,298.0,307.7,1407.0,43.9,205.0,0
2.0,304.1,313.4,1696.0,29.6,65.0,0
300.8,39.1,312.4,79.0,0.0,1493.0,0
298.5,38.1,309.3,170.0,1.0,1512.0,0
301.3,33.0,311.0,145.0,1.0,1641.0,0
0.0,300.6,309.5,1867.0,23.0,242.0,0
1.0,295.7,306.2,1739.0,25.9,94.0,0
297.8,41.9,308.5,196.0,1.0,1488.0,0
301.4,53.3,311.0,157.0,0.0,1334.0,0
298.5,33.9,309.3,107.0,0.0,1590.0,0
1.0,299.2,308.4,1529.0,43.0,50.0,0
1.0,298.1,308.0,1924.0,20.8,29.0,0
0.0,299.0,310.4,1512.0,38.8,109.0,0
0.0,300.9,310.0,2595.0,13.7,207.0,0
0.0,298.3,308.4,1484.0,43.4,172.0,0
298.1,42.4,308.6,14.0,0.0,1558.0,0
297.4,46.4,308.6,114.0,0.0,1439.0,0
300.7,26.8,312.3,146.0,0.0,1715.0,0
0.0,301.5,310.6,1525.0,41.9,204.0,0
0.0,300.3,311.6,1374.0,47.4,197.0,0
298.6,28.7,308.3,29.0,1.0,1717.0,0
0.0,298.7,309.9,1372.0,54.7,44.0,0
301.0,39.4,310.5,98.0,0.0,1429.0,0
298.5,35.1,309.8,203.0,0.0,1593.0,0
0.0,298.0,308.7,1626.0,36.7,210.0,0
303.7,56.8,312.7,194.0,0.0,1359.0,1
303.5,36.4,312.1,107.0,0.0,1522.0,0
0.0,300.7,311.1,1427.0,50.3,137.0,0
300.9,15.8,311.0,156.0,0.0,2235.0,0
1.0,302.4,311.9,1422.0,46.4,194.0,0
299.8,24.8,309.1,113.0,0.0,1772.0,0
297.7,39.1,308.9,108.0,1.0,1530.0,0
300.5,54.8,311.6,173.0,0.0,1385.0,0
298.9,21.7,309.8,105.0,1.0,1947.0,0
1.0,300.3,311.7,1374.0,47.9,222.0,1
1.0,297.9,307.4,1403.0,52.8,0.0,0
296.0,35.2,306.6,119.0,0.0,1511.0,0
1.0,298.0,308.6,1507.0,37.3,217.0,0
297.4,52.6,308.4,15.0,1.0,1340.0,0
2.0,298.5,308.7,1450.0,43.9,28.0,0
298.1,33.7,310.0,47.0,0.0,1534.0,0
0.0,303.3,312.7,1262.0,63.8,100.0,0
0.0,298.6,310.0,1522.0,40.3,32.0,0
301.9,31.4,310.9,27.0,0.0,1574.0,0
297.6,52.6,308.5,26.0,1.0,1431.0,0
0.0,299.1,310.2,1317.0,54.8,231.0,1
0.0,298.7,310.1,1786.0,27.7,114.0,0
299.1,46.4,308.2,12.0,0.0,1409.0,0
1.0,300.0,309.6,1573.0,39.7,162.0,0
0.0,301.1,312.3,1486.0,34.9,122.0,0
0.0,300.5,311.9,1383.0,50.5,35.0,0
0.0,297.5,308.3,1544.0,40.8,37.0,0
1.0,302.3,311.5,1674.0,30.0,12.0,0
302.4,26.9,311.7,112.0,0.0,1721.0,0
1.0,299.9,309.1,1345.0,56.8,10.0,0
0.0,297.7,307.2,1668.0,37.8,5.0,0
0.0,299.7,309.3,1417.0,54.6,131.0,0
297.2,25.6,308.3,103.0,0.0,1805.0,0
1.0,301.4,310.4,1553.0,44.7,173.0,0
0.0,297.2,308.6,1636.0,31.3,192.0,0
300.7,27.5,310.2,73.0,0.0,1696.0,0
1.0,303.4,311.8,1391.0,42.7,197.0,0
0.0,297.3,308.5,1514.0,44.5,177.0,0
0.0,298.4,309.3,1531.0,37.4,16.0,0
0.0,302.3,311.2,1297.0,62.5,109.0,0
299.1,38.0,308.3,125.0,1.0,1506.0,0
297.8,43.3,309.0,96.0,1.0,1434.0,0
303.6,54.1,312.5,126.0,0.0,1345.0,0
299.5,45.7,308.7,173.0,0.0,1446.0,0
300.3,55.3,309.9,4.0,0.0,1377.0,0
299.5,40.2,310.8,156.0,1.0,1507.0,0
1.0,298.0,308.5,1666.0,31.0,198.0,0
0.0,302.5,311.9,1481.0,42.9,52.0,0
0.0,301.4,310.4,1436.0,49.7,108.0,0
302.3,48.1,310.8,24.0,0.0,1511.0,0
0.0,301.2,310.3,1451.0,39.7,123.0,0
0.0,298.6,309.6,1563.0,35.0,21.0,0
1.0,302.3,311.6,1608.0,39.9,136.0,0
300.0,38.8,309.6,27.0,0.0,1496.0,0
0.0,302.5,311.9,1497.0,41.6,123.0,0
301.1,42.5,311.1,123.0,0.0,1429.0,0
299.9,41.7,309.6,56.0,1.0,1489.0,0
1.0,298.0,307.9,1479.0,47.6,76.0,0
0.0,299.2,308.4,1580.0,32.6,142.0,0
2.0,299.9,309.8,1400.0,48.7,119.0,0
1.0,302.4,311.4,1675.0,29.6,128.0,0
0.0,295.5,306.0,1456.0,39.2,167.0,0
302.3,33.1,311.3,137.0,1.0,1625.0,0
1.0,298.8,309.7,1477.0,48.5,138.0,0
302.3,47.7,311.2,70.0,1.0,1507.0,0
0.0,298.6,309.5,1483.0,43.2,92.0,0
0.0,300.9,310.7,1468.0,36.2,208.0,0
301.7,39.8,311.1,118.0,0.0,1455.0,0
0.0,302.7,312.1,1601.0,35.2,31.0,0
0.0,298.2,309.1,1568.0,36.3,166.0,0
0.0,302.8,312.3,1386.0,57.8,172.0,0
299.4,40.9,309.1,50.0,2.0,1547.0,0
298.8,34.4,308.6,42.0,0.0,1584.0,0
1.0,295.8,306.3,1444.0,45.5,76.0,0
0.0,298.9,310.5,1717.0,26.9,17.0,0
298.0,33.7,308.8,212.0,0.0,1610.0,0
298.3,44.7,310.0,73.0,0.0,1507.0,0
295.6,55.3,306.2,135.0,2.0,1329.0,0
302.5,32.3,311.5,142.0,2.0,1655.0,0
304.0,40.6,313.2,124.0,1.0,1500.0,0
302.3,55.4,310.2,57.0,0.0,1394.0,0
0.0,300.8,311.7,1479.0,39.4,18.0,0
299.9,44.7,310.0,204.0,0.0,1402.0,0
300.4,54.3,310.5,44.0,0.0,1402.0,0
0.0,303.8,312.5,1368.0,52.6,123.0,0
0.0,298.2,308.6,1353.0,54.1,38.0,0
299.6,15.3,309.1,79.0,0.0,2266.0,0
301.2,50.9,310.6,66.0,0.0,1409.0,0
300.9,46.6,310.0,201.0,1.0,1416.0,0
300.7,52.3,311.0,104.0,1.0,1263.0,0
0.0,299.1,310.2,1425.0,52.7,154.0,0
0.0,302.2,310.6,1348.0,48.4,161.0,1
304.2,43.7,313.6,151.0,1.0,1424.0,0
300.9,56.1,311.9,35.0,1.0,1310.0,0
302.4,41.2,311.4,60.0,1.0,1508.0,0
298.0,43.6,307.7,148.0,0.0,1442.0,0
300.9,41.5,311.4,126.0,1.0,1532.0,0
298.2,36.2,308.7,28.0,1.0,1599.0,0
302.6,51.7,311.7,32.0,1.0,1430.0,0
2.0,301.6,310.5,1786.0,27.1,35.0,0
302.1,38.0,310.0,161.0,1.0,1531.0,0
297.4,62.4,308.8,204.0,1.0,1325.0,1
1.0,298.9,310.0,1561.0,45.3,58.0,0
296.6,42.3,307.4,170.0,1.0,1544.0,0
302.7,45.2,311.7,8.0,0.0,1480.0,0
303.9,35.0,313.3,168.0,1.0,1567.0,0
0.0,300.7,311.7,1499.0,38.4,205.0,0
299.0,31.5,310.2,0.0,2.0,1744.0,0
299.8,32.2,309.5,18.0,0.0,1545.0,0
298.4,32.6,308.2,10.0,2.0,1612.0,0
299.3,41.4,308.6,67.0,2.0,1520.0,0
304.3,40.3,313.6,196.0,1.0,1489.0,0
300.5,60.4,310.0,102.0,2.0,1358.0,0
0.0,300.6,310.2,1378.0,47.3,71.0,0
299.9,34.3,310.4,188.0,1.0,1576.0,0
297.6,47.7,308.9,209.0,0.0,1449.0,0
0.0,300.8,310.9,1311.0,55.8,118.0,0
302.8,30.0,311.1,87.0,0.0,1721.0,0
298.9,20.0,310.2,98.0,1.0,2099.0,0
0.0,298.1,307.7,1388.0,40.3,109.0,0
300.5,41.3,309.9,116.0,1.0,1552.0,0
300.5,51.1,311.6,193.0,1.0,1456.0,0
299.0,41.5,310.4,96.0,0.0,1483.0,0
301.9,31.5,310.8,66.0,0.0,1735.0,0
299.1,35.6,308.5,2.0,1.0,1587.0,0
0.0,297.5,308.9,1729.0,28.1,189.0,0
298.6,45.3,309.4,56.0,2.0,1362.0,0
1.0,302.3,311.0,1384.0,49.7,192.0,0
303.0,30.4,311.2,205.0,0.0,1755.0,0
301.0,50.6,310.6,106.0,2.0,1366.0,0
299.7,41.0,309.6,179.0,2.0,1553.0,0
300.0,41.8,310.0,69.0,0.0,1486.0,0
300.3,37.2,311.8,9.0,0.0,1551.0,0
0.0,301.6,310.9,1706.0,29.5,193.0,0
299.3,44.4,308.7,82.0,2.0,1408.0,0
300.8,64.0,310.4,3.0,1.0,1288.0,0
302.4,37.2,311.8,195.0,1.0,1644.0,0
0.0,301.0,310.6,1588.0,33.7,114.0,0
297.6,43.2,308.9,206.0,1.0,1433.0,0
0.0,302.0,310.8,1948.0,19.7,66.0,0
2.0,299.1,310.6,1332.0,48.0,148.0,0
298.2,56.8,309.0,107.0,2.0,1360.0,0
302.9,25.5,312.2,98.0,1.0,1745.0,0
0.0,300.7,310.3,1592.0,36.0,14.0,0
299.0,37.3,309.4,70.0,1.0,1561.0,0
0.0,300.4,311.7,1373.0,47.2,3.0,0
303.0,42.4,312.3,112.0,0.0,1486.0,0
296.1,29.7,307.2,17.0,1.0,1619.0,0
298.5,48.5,308.7,33.0,1.0,1347.0,0
298.5,44.0,308.3,44.0,0.0,1458.0,0
300.5,51.8,310.8,157.0,0.0,1354.0,0
0.0,302.4,310.8,1686.0,28.8,150.0,0
0.0,303.6,312.9,1450.0,45.3,29.0,0
0.0,303.6,312.9,1873.0,23.5,7.0,0
300.1,47.6,309.4,28.0,0.0,1453.0,0
299.2,39.1,308.8,188.0,2.0,1440.0,0
300.2,53.5,311.6,132.0,0.0,1356.0,0
0.0,303.7,312.9,1461.0,50.1,31.0,0
303.7,51.8,312.1,90.0,0.0,1363.0,1
300.5,43.4,311.3,41.0,1.0,1507.0,0
297.1,37.0,308.4,167.0,0.0,1550.0,0
302.6,42.0,312.3,58.0,0.0,1554.0,0
298.5,24.7,308.3,27.0,0.0,1811.0,0
298.3,31.5,309.4,108.0,0.0,1618.0,0
298.1,50.3,308.9,115.0,1.0,1459.0,0
303.0,48.2,311.2,65.0,0.0,1374.0,1
297.4,27.2,308.5,76.0,0.0,1761.0,0
302.2,55.5,311.3,35.0,0.0,1378.0,0
301.5,15.8,310.5,191.0,0.0,2297.0,0
297.4,40.7,308.5,74.0,0.0,1477.0,0
297.4,40.4,309.2,117.0,0.0,1437.0,0
295.6,45.0,306.2,40.0,1.0,1477.0,0
0.0,302.7,310.6,1501.0,48.7,4.0,0
0.0,304.1,313.1,1550.0,30.9,9.0,0
298.2,35.9,307.8,68.0,0.0,1530.0,0
1.0,300.5,311.4,2072.0,18.8,75.0,0
302.0,44.9,310.6,86.0,0.0,1467.0,0
299.8,25.4,311.3,139.0,2.0,1785.0,0
0.0,298.0,308.0,1433.0,39.2,87.0,0
297.5,27.1,308.6,36.0,0.0,1694.0,0
302.4,54.8,310.7,155.0,0.0,1362.0,1
297.2,33.0,308.6,84.0,0.0,1562.0,0
300.7,38.5,312.2,148.0,0.0,1590.0,0
297.7,29.7,309.0,32.0,1.0,1636.0,0
300.9,37.0,310.8,5.0,0.0,1482.0,0
0.0,299.9,309.5,1451.0,39.4,18.0,0
300.5,36.5,311.6,4.0,1.0,1577.0,0
298.7,42.3,309.2,182.0,2.0,1449.0,0
303.8,29.3,312.7,178.0,0.0,1664.0,0
1.0,298.4,309.4,1666.0,24.3,68.0,0
296.7,32.2,308.0,39.0,0.0,1580.0,0
298.1,32.6,307.8,57.0,1.0,1608.0,0
0.0,300.5,309.9,1480.0,40.0,148.0,0
0.0,301.5,310.7,1408.0,47.3,79.0,0
295.6,52.4,306.0,115.0,0.0,1370.0,0
303.9,22.5,313.0,110.0,1.0,1901.0,0
301.0,46.1,310.7,103.0,1.0,1455.0,0
303.7,29.0,313.0,42.0,0.0,1753.0,0
298.2,34.6,308.4,74.0,0.0,1666.0,0
302.5,34.8,310.2,150.0,0.0,1563.0,0
0.0,298.0,307.7,1387.0,50.8,204.0,0
302.4,70.0,311.9,139.0,0.0,1290.0,1
298.8,47.4,309.9,210.0,0.0,1320.0,0
298.5,59.5,308.0,27.0,0.0,1384.0,0
298.8,49.9,308.8,4.0,2.0,1445.0,0
303.7,40.5,312.9,0.0,0.0,1502.0,0
302.7,25.1,311.7,177.0,1.0,1784.0,0
302.2,33.2,311.2,9.0,0.0,1649.0,0
1.0,300.7,309.5,1393.0,43.9,81.0,0
296.9,39.2,308.3,177.0,2.0,1474.0,0
0.0,300.5,309.5,1653.0,27.6,62.0,0
299.0,38.6,308.7,16.0,0.0,1426.0,0
299.2,47.2,308.5,132.0,1.0,1474.0,0
302.0,42.7,310.8,229.0,0.0,1447.0,0
299.0,47.7,310.1,161.0,0.0,1444.0,0
302.7,29.0,310.5,209.0,0.0,1725.0,0
298.0,17.4,308.7,198.0,1.0,2101.0,0
301.1,49.1,310.7,0.0,0.0,1376.0,0
298.9,32.3,309.0,202.0,0.0,1601.0,0
296.3,25.9,307.1,154.0,2.0,1774.0,0
297.9,46.9,307.8,73.0,0.0,1365.0,0
301.5,39.3,310.5,119.0,0.0,1534.0,0
302.3,33.4,310.7,139.0,0.0,1612.0,0
302.4,51.8,311.1,178.0,1.0,1443.0,0
297.1,56.6,308.2,126.0,0.0,1351.0,0
300.8,20.7,309.7,5.0,0.0,1997.0,0
302.3,34.1,311.8,185.0,1.0,1557.0,0
298.4,31.0,307.9,18.0,2.0,1605.0,0
299.3,40.9,310.8,141.0,1.0,1523.0,0
301.0,55.3,311.0,98.0,0.0,1402.0,0
298.9,24.9,308.9,35.0,0.0,1830.0,0
300.2,35.6,309.3,63.0,2.0,1506.0,0
300.7,52.6,310.1,167.0,1.0,1367.0,0
302.9,33.8,312.4,202.0,0.0,1698.0,0
1.0,298.1,307.9,1446.0,42.8,121.0,0
0.0,296.6,307.6,1542.0,37.4,88.0,0
0.0,298.0,308.2,1357.0,48.2,7.0,0
297.9,35.9,308.7,120.0,2.0,1545.0,0
300.6,48.5,310.7,78.0,0.0,1438.0,1
0.0,300.4,309.7,1740.0,31.1,113.0,0
300.1,38.1,310.4,92.0,1.0,1556.0,0
300.8,45.4,309.7,179.0,0.0,1373.0,0
298.8,27.5,309.8,130.0,0.0,1753.0,0
301.5,43.5,311.1,112.0,1.0,1396.0,0
299.3,46.3,309.0,146.0,0.0,1473.0,0
298.7,27.0,308.5,50.0,1.0,1660.0,0
300.7,40.6,311.5,33.0,1.0,1441.0,0
303.7,38.9,312.3,117.0,0.0,1511.0,0
301.4,36.3,311.2,28.0,1.0,1541.0,0
296.0,36.8,306.6,121.0,1.0,1628.0,0
300.7,36.8,311.8,11.0,0.0,1564.0,0
302.3,42.3,311.5,21.0,1.0,1530.0,0
302.4,52.0,311.2,57.0,0.0,1404.0,0
303.7,35.6,312.5,154.0,2.0,1520.0,0
300.1,43.9,309.3,20.0,1.0,1469.0,0
297.4,42.6,308.6,161.0,0.0,1494.0,0
297.4,22.6,309.0,161.0,0.0,1833.0,0
301.4,36.5,310.7,121.0,0.0,1616.0,0
298.4,36.6,309.5,117.0,0.0,1545.0,0
302.2,28.1,310.4,170.0,0.0,1743.0,0
298.9,36.8,310.1,78.0,0.0,1571.0,0
299.9,47.7,309.8,112.0,0.0,1477.0,0
298.8,55.8,310.5,202.0,2.0,1294.0,0
302.4,45.5,310.2,53.0,0.0,1331.0,1
301.9,41.5,311.0,51.0,1.0,1432.0,0
304.3,12.7,313.5,21.0,0.0,2643.0,0
298.7,45.6,310.1,37.0,2.0,1435.0,0
299.0,38.6,310.1,118.0,2.0,1555.0,0
303.7,45.7,312.5,187.0,0.0,1397.0,0
298.4,31.1,307.7,166.0,2.0,1626.0,0
302.3,53.9,311.6,74.0,2.0,1441.0,0
300.4,45.6,311.7,3.0,0.0,1459.0,0
301.4,45.3,310.4,188.0,0.0,1388.0,0
298.4,35.0,308.7,99.0,0.0,1588.0,0
299.3,41.6,310.4,25.0,2.0,1548.0,0
301.4,29.1,310.3,166.0,1.0,1610.0,0
297.2,14.0,308.5,166.0,2.0,2440.0,0
298.6,59.4,309.7,104.0,0.0,1294.0,0
297.3,51.9,308.3,51.0,1.0,1341.0,0
299.5,42.1,309.1,217.0,0.0,1336.0,0
302.3,25.3,311.7,200.0,0.0,1793.0,0
301.0,53.4,310.9,180.0,1.0,1359.0,0
300.7,30.5,310.8,38.0,0.0,1597.0,0
299.7,45.1,309.6,170.0,0.0,1419.0,0
298.9,57.2,310.2,183.0,0.0,1304.0,0
302.0,17.8,310.7,17.0,1.0,2157.0,0
298.6,33.3,309.6,95.0,2.0,1593.0,0
297.6,34.2,308.4,66.0,0.0,1517.0,0
302.1,35.8,310.1,164.0,0.0,1543.0,0
300.1,33.8,309.7,140.0,0.0,1680.0,0
300.1,30.8,310.1,13.0,0.0,1684.0,0
303.7,49.1,313.1,188.0,0.0,1355.0,0
299.4,40.5,309.1,215.0,0.0,1464.0,0
303.0,43.9,311.2,103.0,1.0,1460.0,0
298.3,48.3,309.0,91.0,0.0,1471.0,0
301.9,58.2,310.8,79.0,0.0,1400.0,0
301.7,50.2,310.1,54.0,0.0,1424.0,0
298.2,35.0,307.8,137.0,0.0,1575.0,0
300.0,31.8,309.0,103.0,2.0,1622.0,0
300.6,35.6,310.4,150.0,2.0,1479.0,0
300.2,31.2,311.3,73.0,1.0,1587.0,0
297.6,40.5,308.6,135.0,0.0,1553.0,0
298.7,45.3,309.3,190.0,2.0,1402.0,0
302.2,24.9,310.7,91.0,0.0,1769.0,0
297.6,34.3,308.3,59.0,0.0,1658.0,0
298.3,31.6,308.5,144.0,0.0,1664.0,0
297.5,48.2,308.6,203.0,0.0,1388.0,0
297.9,16.8,309.7,27.0,0.0,2194.0,0
302.9,45.5,312.5,72.0,0.0,1550.0,0
297.1,26.9,307.9,183.0,1.0,1662.0,0
300.5,35.9,309.8,204.0,1.0,1566.0,0
300.6,47.3,310.4,118.0,0.0,1494.0,0
297.5,27.0,308.6,133.0,1.0,1842.0,0
298.8,37.7,308.6,170.0,2.0,1524.0,0
302.1,34.1,311.0,215.0,1.0,1574.0,0
298.3,29.8,309.4,0.0,2.0,1631.0,0
301.4,39.4,310.4,199.0,0.0,1559.0,0
302.4,46.1,311.8,202.0,0.0,1416.0,0
297.1,28.4,308.4,202.0,0.0,1726.0,0
297.5,30.4,308.5,178.0,0.0,1722.0,0
298.2,60.4,308.8,34.0,0.0,1302.0,0
300.5,25.9,310.2,27.0,0.0,1764.0,0
298.8,35.2,308.7,47.0,0.0,1635.0,0
296.7,34.6,307.8,238.0,0.0,1646.0,0
301.5,42.2,310.1,52.0,0.0,1541.0,0
302.0,49.5,311.2,17.0,1.0,1418.0,0
297.9,52.7,307.6,132.0,0.0,1298.0,0
298.9,25.0,310.1,156.0,0.0,1750.0,0
301.9,51.7,310.4,153.0,0.0,1370.0,1
298.3,47.1,310.0,105.0,2.0,1419.0,0
298.1,30.0,309.9,53.0,0.0,1634.0,0
298.1,38.2,309.0,82.0,1.0,1661.0,0
301.7,43.1,310.5,183.0,0.0,1377.0,0
300.7,37.9,312.3,58.0,0.0,1548.0,0
297.9,24.8,308.0,44.0,2.0,1800.0,0
297.4,50.4,308.4,70.0,0.0,1426.0,0
298.4,37.6,308.2,188.0,1.0,1463.0,0
301.6,26.7,310.8,150.0,0.0,1726.0,0
297.1,34.3,307.8,181.0,1.0,1538.0,0
299.3,41.5,309.2,127.0,0.0,1465.0,0
298.3,30.4,308.8,33.0,0.0,1645.0,0
300.1,42.7,310.1,64.0,2.0,1426.0,0
302.3,42.5,311.7,56.0,1.0,1453.0,0
302.7,22.7,310.5,207.0,1.0,1880.0,0
300.7,38.2,310.5,218.0,0.0,1448.0,0
296.7,53.8,307.9,133.0,2.0,1424.0,0
299.4,40.6,309.9,87.0,1.0,1567.0,0
298.1,47.4,308.7,51.0,1.0,1581.0,0
303.9,48.2,313.2,77.0,0.0,1345.0,0
297.5,34.8,308.9,204.0,0.0,1554.0,0
298.8,41.2,308.6,40.0,0.0,1535.0,0
300.7,59.2,311.9,121.0,2.0,1329.0,0
297.5,54.3,308.5,83.0,0.0,1448.0,0
297.3,35.5,308.3,59.0,0.0,1590.0,0
301.0,25.1,310.9,166.0,0.0,1828.0,0
301.0,36.2,311.4,188.0,0.0,1484.0,0
300.7,40.2,310.1,81.0,0.0,1565.0,0
300.9,27.7,310.6,176.0,2.0,1686.0,0
302.6,28.5,312.0,196.0,0.0,1781.0,0
298.9,43.1,308.5,147.0,0.0,1459.0,0
300.8,42.1,310.7,170.0,1.0,1386.0,0
295.7,44.3,306.3,37.0,1.0,1462.0,0
298.9,45.1,310.2,101.0,0.0,1491.0,0
298.0,51.6,308.1,197.0,1.0,1339.0,0
300.7,53.9,311.0,150.0,1.0,1334.0,0
304.1,42.4,313.4,105.0,1.0,1518.0,0
300.9,31.0,312.1,148.0,1.0,1617.0,0
303.8,32.9,313.0,207.0,0.0,1633.0,0
297.8,34.3,307.8,53.0,0.0,1563.0,0
302.4,31.8,310.9,172.0,0.0,1560.0,0
303.8,38.5,312.7,180.0,1.0,1507.0,0
302.6,53.3,310.4,52.0,2.0,1409.0,0
298.2,16.8,308.3,139.0,0.0,2216.0,0
302.5,38.8,312.0,186.0,0.0,1495.0,0
297.4,38.2,308.7,154.0,0.0,1584.0,0
297.4,34.2,308.8,142.0,0.0,1640.0,0
298.7,69.7,310.1,64.0,1.0,1402.0,1
297.3,37.5,307.9,161.0,2.0,1461.0,0
298.7,18.2,309.9,205.0,1.0,2083.0,0
296.3,68.3,307.2,24.0,1.0,1319.0,1
300.3,34.0,311.9,177.0,0.0,1609.0,0
298.2,32.0,308.3,202.0,0.0,1688.0,0
298.4,57.8,308.1,92.0,0.0,1367.0,0
298.9,32.2,308.6,118.0,0.0,1560.0,0
297.6,50.9,308.7,141.0,0.0,1319.0,0
302.6,37.5,310.6,199.0,0.0,1549.0,0
297.4,36.4,308.6,71.0,0.0,1488.0,0
296.8,43.9,307.4,30.0,1.0,1472.0,0
297.6,36.2,309.5,63.0,0.0,1569.0,0
300.7,46.5,310.7,183.0,1.0,1347.0,0
301.1,42.5,311.1,185.0,1.0,1384.0,0
298.5,60.9,309.4,187.0,0.0,1360.0,1
301.2,52.6,310.8,23.0,0.0,1392.0,0
302.9,21.8,311.1,58.0,1.0,1926.0,0
298.1,33.9,309.0,85.0,0.0,1592.0,0
304.0,38.7,313.2,104.0,0.0,1584.0,0
300.4,34.5,309.6,154.0,0.0,1536.0,0
301.3,40.9,310.0,7.0,0.0,1438.0,0
300.2,55.1,311.7,42.0,0.0,1286.0,0
300.1,31.6,310.1,19.0,0.0,1650.0,0
299.4,33.6,310.8,217.0,0.0,1622.0,0
301.4,44.5,311.1,159.0,0.0,1472.0,0
300.1,41.0,311.3,193.0,1.0,1495.0,0
302.2,54.1,311.6,48.0,0.0,1416.0,0
297.2,41.4,308.5,192.0,2.0,1524.0,0
302.3,24.5,310.9,73.0,1.0,1762.0,0
298.8,44.6,309.9,66.0,2.0,1466.0,0
301.8,39.4,311.2,70.0,2.0,1451.0,0
298.2,28.2,308.8,58.0,1.0,1645.0,0
297.3,48.1,308.3,23.0,0.0,1410.0,0
297.5,48.5,308.9,19.0,1.0,1280.0,0
297.1,15.7,308.2,181.0,0.0,2267.0,0
300.7,13.4,311.1,170.0,0.0,2478.0,1
297.8,45.5,309.1,2.0,1.0,1424.0,0
302.5,27.3,310.3,186.0,1.0,1710.0,0
302.3,52.4,311.9,154.0,2.0,1374.0,0
299.6,35.3,308.9,77.0,1.0,1568.0,0
300.7,51.1,309.6,160.0,1.0,1388.0,0
300.6,48.0,309.8,125.0,0.0,1455.0,0
302.6,33.0,312.4,15.0,0.0,1628.0,0
299.6,32.4,309.3,112.0,1.0,1553.0,0
301.2,34.9,310.7,95.0,1.0,1615.0,0
300.7,47.2,312.3,131.0,1.0,1430.0,0
302.3,44.6,311.7,93.0,1.0,1423.0,0
302.4,45.8,310.3,123.0,0.0,1480.0,0
298.3,49.4,307.7,109.0,0.0,1465.0,0
301.8,35.8,311.3,61.0,0.0,1551.0,0
297.4,42.6,308.6,80.0,1.0,1469.0,0
300.7,45.3,309.9,155.0,0.0,1412.0,0
300.8,43.5,311.7,227.0,0.0,1397.0,0
298.0,51.4,308.9,68.0,1.0,1339.0,0
301.0,44.6,310.9,15.0,0.0,1492.0,0
302.3,37.8,311.8,59.0,0.0,1565.0,0
300.8,61.1,311.8,178.0,0.0,1323.0,0
301.1,29.5,311.1,160.0,2.0,1618.0,0
303.9,24.4,312.7,163.0,0.0,1789.0,0
303.6,35.8,313.0,133.0,0.0,1522.0,0
301.7,22.1,310.6,99.0,1.0,1876.0,0
303.5,54.5,312.0,30.0,0.0,1366.0,1
301.5,44.2,310.5,129.0,0.0,1453.0,0
300.7,53.0,311.3,35.0,1.0,1348.0,0
299.1,55.5,308.5,159.0,0.0,1371.0,0
298.7,37.4,309.7,0.0,0.0,1547.0,0
300.5,21.7,311.9,56.0,0.0,1887.0,0
297.7,28.4,308.7,104.0,0.0,1731.0,0
303.6,50.1,311.9,84.0,0.0,1473.0,0
302.3,40.6,311.2,66.0,0.0,1549.0,0
298.4,38.2,308.0,198.0,1.0,1416.0,1
301.6,45.7,310.4,164.0,1.0,1452.0,0
300.9,41.2,310.5,49.0,2.0,1512.0,0
302.3,53.0,311.1,181.0,0.0,1373.0,0
304.4,35.0,313.7,205.0,0.0,1509.0,1
300.3,62.8,311.6,118.0,1.0,1304.0,0
302.8,36.9,312.2,143.0,1.0,1469.0,0
298.9,40.6,310.1,176.0,1.0,1555.0,0
301.2,47.8,312.4,90.0,2.0,1395.0,0
299.0,39.9,310.2,97.0,1.0,1564.0,0
300.7,51.6,310.7,211.0,1.0,1343.0,0
298.9,42.7,309.3,58.0,2.0,1375.0,0
302.2,53.2,310.6,159.0,0.0,1334.0,1
297.2,49.9,308.7,146.0,0.0,1463.0,0
299.5,35.9,309.2,22.0,1.0,1590.0,0
300.5,49.6,309.8,211.0,0.0,1421.0,0
301.4,15.9,311.3,50.0,0.0,2323.0,0
302.3,21.9,311.4,27.0,0.0,1845.0,0
301.8,52.0,310.7,88.0,1.0,1420.0,0
299.7,55.5,309.2,87.0,2.0,1302.0,0
302.6,37.0,311.6,135.0,0.0,1453.0,0
303.5,29.7,312.0,28.0,0.0,1756.0,0
300.0,36.4,310.2,66.0,0.0,1486.0,0
298.8,48.2,309.8,164.0,2.0,1437.0,0
299.5,41.3,310.7,101.0,1.0,1424.0,0
297.4,34.6,308.4,65.0,0.0,1603.0,0
300.5,27.1,311.4,37.0,0.0,1642.0,0
297.5,36.7,309.4,233.0,0.0,1517.0,0
300.3,41.5,311.5,151.0,1.0,1540.0,0
298.5,54.4,308.6,44.0,1.0,1384.0,0
298.4,36.1,309.1,123.0,0.0,1579.0,0
298.4,35.2,310.1,92.0,0.0,1533.0,0
298.5,54.2,307.9,141.0,2.0,1260.0,0
297.5,44.7,308.5,40.0,1.0,1484.0,0
302.1,42.5,310.9,198.0,2.0,1452.0,0
302.2,34.1,311.1,89.0,2.0,1553.0,0
297.9,15.7,308.6,125.0,0.0,2262.0,0
303.1,40.1,311.2,219.0,0.0,1435.0,0
300.7,40.4,310.7,214.0,0.0,1416.0,0
299.8,16.6,311.2,144.0,0.0,2142.0,0
296.4,38.0,307.5,62.0,2.0,1556.0,0
299.1,40.7,310.1,39.0,0.0,1486.0,0
298.8,40.6,309.8,124.0,0.0,1490.0,0
299.7,34.4,309.6,91.0,1.0,1540.0,0
295.6,31.2,306.2,131.0,0.0,1612.0,0
299.3,47.8,309.0,148.0,0.0,1511.0,0
295.5,40.7,306.1,31.0,0.0,1488.0,0
298.0,57.3,307.8,147.0,0.0,1386.0,0
298.1,40.7,308.2,57.0,0.0,1485.0,0
299.9,45.7,311.3,153.0,0.0,1522.0,0
302.5,36.0,310.4,69.0,1.0,1605.0,0
301.8,41.6,311.0,12.0,0.0,1529.0,0
297.1,42.1,308.5,81.0,1.0,1515.0,0
301.9,63.6,311.0,111.0,2.0,1336.0,0
300.1,49.3,310.1,61.0,1.0,1443.0,0
298.4,28.5,309.2,141.0,0.0,1651.0,0
300.5,50.3,311.7,175.0,2.0,1454.0,0
301.9,35.6,311.3,63.0,1.0,1522.0,0
297.5,42.2,308.5,22.0,1.0,1496.0,0
298.3,49.7,308.9,23.0,1.0,1390.0,0
298.4,47.0,308.2,214.0,0.0,1471.0,0
296.2,48.3,307.0,162.0,0.0,1414.0,0
297.2,30.7,308.7,72.0,0.0,1669.0,0
298.6,42.7,309.6,82.0,0.0,1423.0,0
301.0,48.5,309.5,122.0,0.0,1430.0,0
302.9,48.7,312.3,26.0,2.0,1417.0,0
303.2,50.9,311.2,31.0,0.0,1404.0,0
300.6,47.6,309.4,246.0,2.0,1380.0,1
298.4,34.9,308.2,11.0,0.0,1604.0,0
298.8,38.8,309.9,53.0,0.0,1550.0,0
299.3,25.1,310.9,2.0,1.0,1826.0,0
297.5,46.1,308.6,84.0,2.0,1440.0,0
298.1,30.5,308.5,22.0,0.0,1676.0,0
297.4,42.2,309.4,134.0,1.0,1539.0,0
297.4,43.0,308.3,113.0,0.0,1431.0,0
298.3,36.9,309.5,131.0,1.0,1560.0,0
298.2,48.6,307.8,76.0,0.0,1388.0,0
300.7,25.0,311.0,153.0,1.0,1706.0,0
296.9,43.9,307.8,0.0,1.0,1392.0,0
300.1,54.0,311.5,26.0,0.0,1334.0,0
301.8,28.0,310.1,58.0,0.0,1738.0,0
299.4,36.1,309.2,212.0,2.0,1513.0,0
298.4,53.1,308.1,9.0,0.0,1279.0,0
297.1,53.4,308.4,199.0,1.0,1432.0,0
300.7,36.9,312.1,153.0,0.0,1512.0,0
297.3,35.1,308.0,165.0,0.0,1527.0,0
304.0,42.1,313.0,5.0,0.0,1407.0,0
298.9,46.0,309.6,199.0,1.0,1472.0,0
302.1,29.9,310.1,176.0,2.0,1615.0,0
299.3,38.9,308.7,94.0,0.0,1536.0,0
295.6,21.9,306.0,5.0,0.0,1949.0,0
299.8,35.1,311.1,179.0,0.0,1603.0,0
298.3,56.1,309.3,206.0,0.0,1337.0,1
300.8,39.2,312.5,107.0,0.0,1517.0,0
297.3,31.1,308.3,8.0,1.0,1657.0,0
298.6,28.8,309.9,199.0,0.0,1615.0,0
298.4,50.1,309.5,125.0,0.0,1357.0,0
301.6,49.3,310.5,106.0,1.0,1414.0,0
302.0,58.0,310.4,108.0,0.0,1357.0,1
300.9,30.1,310.9,102.0,1.0,1727.0,0
296.7,31.3,307.8,128.0,0.0,1605.0,0
303.1,41.9,312.8,115.0,2.0,1435.0,0
296.3,42.5,307.2,35.0,1.0,1454.0,0
298.3,27.1,309.4,136.0,0.0,1668.0,0
300.9,44.7,310.4,87.0,1.0,1375.0,0
302.2,43.1,311.4,29.0,0.0,1430.0,0
296.8,30.0,307.5,33.0,2.0,1695.0,0
301.4,45.8,311.0,125.0,0.0,1533.0,0
298.2,31.1,307.8,194.0,0.0,1528.0,0
301.6,42.5,310.6,97.0,0.0,1613.0,0
300.9,27.9,310.9,148.0,0.0,1755.0,0
300.7,46.1,311.7,15.0,0.0,1460.0,0
302.6,36.6,312.3,46.0,1.0,1566.0,0
297.2,42.5,308.0,56.0,1.0,1478.0,0
298.5,47.3,309.6,2.0,1.0,1509.0,0
297.1,35.6,308.5,46.0,0.0,1578.0,0
298.1,48.8,308.0,156.0,1.0,1374.0,0
300.8,67.2,311.4,18.0,0.0,1322.0,1
297.5,44.8,308.9,2.0,1.0,1436.0,0
300.5,26.8,311.7,47.0,0.0,1811.0,0
297.0,47.7,307.9,191.0,0.0,1436.0,0
299.9,35.7,309.2,97.0,1.0,1548.0,0
301.0,43.6,310.4,173.0,0.0,1476.0,0
303.4,50.0,311.9,54.0,2.0,1402.0,0
302.3,48.8,311.7,0.0,0.0,1281.0,0
300.9,56.1,312.0,182.0,1.0,1375.0,0
300.2,40.1,310.0,182.0,0.0,1486.0,0
300.8,52.9,310.6,165.0,0.0,1384.0,0
300.2,29.9,309.2,75.0,0.0,1667.0,0
300.9,40.7,311.1,24.0,0.0,1417.0,0
298.2,47.6,308.4,179.0,0.0,1424.0,0
303.4,37.9,311.9,203.0,0.0,1531.0,0
300.8,50.2,312.0,154.0,0.0,1374.0,0
298.0,49.1,308.2,206.0,1.0,1395.0,0
297.9,37.3,307.8,100.0,0.0,1505.0,0
301.5,45.1,311.1,97.0,0.0,1459.0,0
301.7,46.0,310.6,112.0,0.0,1406.0,0
300.0,24.1,311.4,213.0,1.0,1791.0,0
296.8,30.8,307.9,111.0,0.0,1706.0,0
301.5,47.0,310.6,26.0,1.0,1424.0,0
300.6,33.9,310.0,100.0,1.0,1542.0,0
300.5,47.0,311.4,53.0,0.0,1442.0,0
301.8,40.4,310.2,213.0,0.0,1457.0,0
302.3,53.3,311.1,63.0,1.0,1338.0,0
298.5,48.9,309.5,127.0,1.0,1315.0,0
303.9,53.5,312.9,189.0,1.0,1430.0,0
301.5,52.9,310.5,116.0,0.0,1351.0,0
301.9,34.6,309.6,211.0,1.0,1551.0,0
300.5,50.9,309.7,137.0,1.0,1341.0,0
301.9,41.7,309.6,201.0,1.0,1439.0,0
300.1,48.8,310.3,50.0,1.0,1350.0,0
303.7,51.0,312.3,105.0,0.0,1349.0,0
298.3,26.5,307.9,145.0,0.0,1766.0,0
298.9,46.5,310.2,202.0,0.0,1411.0,0
300.4,37.6,310.8,151.0,0.0,1520.0,0
296.3,42.0,307.2,196.0,2.0,1424.0,0
300.4,49.9,311.6,79.0,1.0,1401.0,0
300.6,52.1,311.7,210.0,1.0,1389.0,0
298.6,50.5,308.4,164.0,2.0,1407.0,0
299.9,32.8,310.5,213.0,0.0,1539.0,0
300.4,28.8,311.4,135.0,0.0,1552.0,0
298.0,37.0,308.0,49.0,0.0,1524.0,0
300.1,12.5,311.3,64.0,0.0,2579.0,1
300.5,26.3,311.9,89.0,1.0,1670.0,0
300.6,26.2,310.6,78.0,2.0,1830.0,0
297.8,40.1,307.3,166.0,2.0,1516.0,0
297.4,33.7,309.0,175.0,0.0,1568.0,0
298.2,52.9,309.4,79.0,0.0,1398.0,0
297.9,34.7,309.2,5.0,2.0,1577.0,0
298.0,33.0,308.5,24.0,1.0,1585.0,0
298.6,50.3,309.6,196.0,0.0,1390.0,0
302.2,23.1,311.2,2.0,0.0,1928.0,0
298.0,46.2,308.5,122.0,0.0,1395.0,0
302.2,36.8,311.6,82.0,2.0,1594.0,0
297.4,53.9,308.2,120.0,1.0,1424.0,0
297.2,31.2,308.1,145.0,0.0,1689.0,0
302.5,39.2,310.3,172.0,1.0,1447.0,0
297.5,34.4,309.4,148.0,1.0,1678.0,0
300.0,28.1,309.9,114.0,1.0,1651.0,0
298.7,33.6,309.5,183.0,1.0,1487.0,0
298.5,29.6,308.8,13.0,0.0,1670.0,0
297.5,45.9,308.6,78.0,1.0,1486.0,0
303.4,35.7,312.2,56.0,1.0,1615.0,0
300.3,46.6,311.1,185.0,0.0,1480.0,0
300.0,39.0,311.4,125.0,1.0,1466.0,0
299.1,46.1,308.2,112.0,2.0,1450.0,0
298.7,29.1,309.9,195.0,1.0,1654.0,0
300.7,45.9,310.6,146.0,0.0,1520.0,0
298.2,10.7,308.5,86.0,1.0,2678.0,1
300.7,32.8,310.2,31.0,0.0,1569.0,0
301.0,49.9,312.1,48.0,0.0,1377.0,0
300.8,25.7,310.9,109.0,0.0,1732.0,0
302.7,44.2,312.4,17.0,0.0,1433.0,0
298.0,36.4,309.1,65.0,2.0,1557.0,0
302.9,58.3,311.0,123.0,2.0,1452.0,0
297.4,47.7,307.9,156.0,0.0,1390.0,0
300.8,45.1,311.9,30.0,0.0,1486.0,0
302.6,28.7,312.1,180.0,0.0,1668.0,0
299.6,42.5,310.9,164.0,0.0,1487.0,0
300.4,48.7,311.9,189.0,0.0,1476.0,0
300.5,45.2,311.2,2.0,2.0,1397.0,0
299.2,43.2,308.5,158.0,0.0,1490.0,0
300.0,32.1,311.3,55.0,1.0,1629.0,0
298.9,23.8,308.2,26.0,0.0,1828.0,0
302.6,39.0,311.6,184.0,1.0,1518.0,0
295.6,28.1,306.1,110.0,1.0,1651.0,0
301.6,36.1,310.6,208.0,1.0,1599.0,0
300.9,50.0,310.7,214.0,0.0,1389.0,0
298.6,49.7,309.7,139.0,1.0,1422.0,0
300.9,41.7,310.4,180.0,0.0,1445.0,0
303.2,35.3,312.6,148.0,0.0,1601.0,0
302.9,33.9,311.1,96.0,0.0,1555.0,0
300.7,21.4,310.8,59.0,0.0,1814.0,0
302.2,42.9,311.6,13.0,1.0,1379.0,0
298.8,49.1,309.1,117.0,1.0,1368.0,0
297.9,40.8,308.1,2.0,0.0,1531.0,0
302.0,44.0,310.9,64.0,0.0,1446.0,0
295.8,53.2,306.4,67.0,0.0,1339.0,0
302.5,30.5,310.2,90.0,1.0,1751.0,0
302.0,52.3,311.5,54.0,1.0,1366.0,0
299.4,44.7,309.1,172.0,1.0,1352.0,0
296.2,37.6,307.0,25.0,1.0,1516.0,0
302.3,50.3,311.8,183.0,0.0,1433.0,0
302.7,26.5,312.1,184.0,0.0,1763.0,0
300.1,40.1,309.5,100.0,0.0,1450.0,0
297.8,27.5,308.4,146.0,0.0,1737.0,0
300.7,40.6,310.6,179.0,2.0,1505.0,0
298.5,42.6,309.7,120.0,0.0,1437.0,0
298.3,50.4,307.8,101.0,1.0,1392.0,0
297.6,59.9,308.7,74.0,1.0,1376.0,0
299.8,43.2,309.5,153.0,1.0,1453.0,0
299.5,44.3,309.1,40.0,2.0,1548.0,0
302.7,39.8,312.1,153.0,0.0,1597.0,0
298.2,31.2,307.8,173.0,1.0,1599.0,0
300.1,35.7,311.4,45.0,0.0,1467.0,0
303.6,32.9,312.7,19.0,0.0,1637.0,0
301.9,46.5,310.6,89.0,1.0,1412.0,0
300.0,40.7,309.3,117.0,1.0,1413.0,0
302.4,48.9,310.1,107.0,1.0,1379.0,1
303.7,45.9,312.1,74.0,0.0,1443.0,0
299.7,38.8,309.2,199.0,0.0,1478.0,0
299.7,50.1,311.0,168.0,1.0,1435.0,0
302.0,38.6,310.6,34.0,1.0,1535.0,0
302.3,28.4,310.8,215.0,1.0,1721.0,0
298.3,28.6,308.7,18.0,1.0,1667.0,0
301.8,13.9,310.1,205.0,1.0,2372.0,1
303.0,38.8,312.3,114.0,1.0,1483.0,0
302.2,38.1,310.8,78.0,1.0,1562.0,0
301.3,53.4,310.8,57.0,0.0,1531.0,0
297.2,44.9,307.9,85.0,1.0,1456.0,0
298.7,40.6,309.7,162.0,0.0,1510.0,0
299.2,41.5,308.9,150.0,0.0,1588.0,0
300.6,40.0,309.5,55.0,0.0,1437.0,0
300.4,35.5,309.6,164.0,1.0,1675.0,0
299.0,30.4,308.2,55.0,2.0,1662.0,0
301.9,39.3,310.8,9.0,0.0,1567.0,0
297.4,46.3,308.9,137.0,1.0,1500.0,0
302.2,40.4,311.5,93.0,0.0,1481.0,0
298.8,43.4,308.7,66.0,0.0,1450.0,0
297.5,45.9,308.8,150.0,0.0,1502.0,0
301.2,29.6,311.2,211.0,0.0,1635.0,0
298.8,39.4,309.8,141.0,0.0,1461.0,0
297.9,29.9,309.8,35.0,1.0,1693.0,0
297.9,13.9,309.0,82.0,1.0,2456.0,0
300.2,40.9,311.5,66.0,1.0,1547.0,0
300.5,60.8,312.0,146.0,1.0,1263.0,0
303.1,30.0,312.5,160.0,1.0,1667.0,0
296.8,44.3,307.9,145.0,1.0,1409.0,0
297.9,46.8,309.0,118.0,0.0,1450.0,0
302.0,39.9,311.3,25.0,0.0,1509.0,0
299.1,52.4,308.9,112.0,1.0,1397.0,0
300.4,52.5,310.8,144.0,0.0,1390.0,0
301.8,24.7,310.9,31.0,0.0,1899.0,0
299.6,33.6,309.0,70.0,0.0,1648.0,0
298.1,40.2,308.6,16.0,0.0,1527.0,0
300.5,30.0,311.6,158.0,0.0,1661.0,0
303.4,43.9,312.8,94.0,0.0,1449.0,0
302.1,26.2,311.6,46.0,2.0,1701.0,0
300.0,44.1,311.2,206.0,0.0,1351.0,0
303.8,13.0,313.1,5.0,0.0,2497.0,1
299.4,53.9,310.8,215.0,0.0,1376.0,1
298.4,40.6,309.1,121.0,0.0,1417.0,0
297.4,43.6,308.3,169.0,2.0,1502.0,0
303.0,29.8,311.2,186.0,0.0,1664.0,0
300.6,34.7,310.0,88.0,0.0,1658.0,0
299.9,40.0,309.0,88.0,0.0,1553.0,0
303.7,24.3,313.0,209.0,0.0,1811.0,0
301.7,36.7,311.1,115.0,1.0,1618.0,0
300.5,52.9,311.6,165.0,1.0,1246.0,0
298.8,40.7,309.1,156.0,0.0,1512.0,0
297.4,34.6,308.2,4.0,1.0,1536.0,0
303.7,28.4,313.1,46.0,0.0,1683.0,0
301.7,47.6,310.8,145.0,0.0,1493.0,0
303.6,37.9,312.0,98.0,1.0,1435.0,0
300.0,39.2,311.3,43.0,0.0,1520.0,0
301.4,28.9,310.4,94.0,0.0,1639.0,0
297.6,40.2,308.8,72.0,0.0,1539.0,0
298.2,47.1,309.4,185.0,0.0,1447.0,0
302.2,47.0,311.5,90.0,1.0,1443.0,0
298.9,31.1,309.5,169.0,0.0,1645.0,0
298.2,51.0,308.3,141.0,0.0,1402.0,0
302.4,45.7,310.5,144.0,1.0,1372.0,1
300.3,26.3,311.8,187.0,0.0,1746.0,0
299.8,23.5,310.2,166.0,0.0,1911.0,0
297.1,40.4,308.4,165.0,0.0,1529.0,0
300.7,44.3,309.5,55.0,0.0,1467.0,0
297.1,45.2,308.2,136.0,0.0,1427.0,0
301.4,51.2,310.4,112.0,0.0,1301.0,0
298.5,49.8,308.3,186.0,0.0,1334.0,0
298.2,40.0,308.7,9.0,0.0,1408.0,0
304.2,50.1,313.5,100.0,0.0,1438.0,0
300.5,30.5,309.7,198.0,0.0,1589.0,0
301.1,46.3,311.7,135.0,0.0,1408.0,0
298.7,43.2,308.4,132.0,1.0,1441.0,0
301.5,49.7,310.7,79.0,0.0,1323.0,0
302.2,47.0,310.8,3.0,1.0,1422.0,0
302.4,26.5,311.8,213.0,0.0,1727.0,0
302.4,38.2,311.3,120.0,0.0,1503.0,0
299.2,36.1,310.1,5.0,2.0,1542.0,0
302.4,49.1,312.0,16.0,0.0,1305.0,0
301.2,59.0,312.4,95.0,0.0,1378.0,0
297.7,35.1,308.9,9.0,1.0,1573.0,0
297.5,46.2,308.7,110.0,0.0,1443.0,0
302.3,54.2,311.5,198.0,0.0,1395.0,0
297.2,47.9,308.5,188.0,0.0,1447.0,0
300.7,46.4,309.5,24.0,1.0,1445.0,0
298.2,19.2,308.3,90.0,0.0,2051.0,0
297.2,26.0,308.0,200.0,0.0,1705.0,0
299.3,45.4,308.5,72.0,0.0,1510.0,0
299.4,41.2,310.7,3.0,0.0,1551.0,0
300.4,30.1,309.7,136.0,0.0,1679.0,0
301.6,70.0,310.6,62.0,0.0,1222.0,0
298.9,40.2,310.1,65.0,1.0,1549.0,0
300.2,28.8,311.6,162.0,2.0,1662.0,0
300.0,28.7,309.6,94.0,0.0,1694.0,0
297.7,43.2,309.0,30.0,0.0,1538.0,0
297.7,40.4,309.0,35.0,1.0,1504.0,0
301.1,41.0,310.8,99.0,0.0,1521.0,0
300.4,32.3,309.7,167.0,1.0,1685.0,0
297.6,39.7,308.5,34.0,1.0,1466.0,0
296.7,39.2,307.8,35.0,0.0,1468.0,0
298.4,23.2,307.9,16.0,0.0,1981.0,0
297.0,23.8,307.7,195.0,2.0,1834.0,0
299.7,51.3,309.6,144.0,0.0,1399.0,0
298.9,31.0,308.6,180.0,2.0,1623.0,0
297.4,37.9,309.2,191.0,0.0,1459.0,0
301.7,46.6,309.9,104.0,0.0,1524.0,0
299.1,30.9,310.1,226.0,1.0,1570.0,0
302.5,34.4,310.9,146.0,0.0,1624.0,0
301.9,51.0,310.7,76.0,0.0,1429.0,0
302.0,55.6,310.4,79.0,1.0,1212.0,1
302.9,47.7,312.3,173.0,0.0,1435.0,0
300.4,57.3,311.4,116.0,1.0,1352.0,0
298.6,58.8,308.9,9.0,0.0,1327.0,0
301.8,31.6,311.1,6.0,1.0,1647.0,0
297.8,51.4,307.6,105.0,0.0,1446.0,0
300.0,52.1,310.4,128.0,1.0,1385.0,0
298.4,21.4,307.9,136.0,2.0,1948.0,0
297.5,26.2,308.7,164.0,0.0,1761.0,0
298.9,30.2,310.2,214.0,0.0,1696.0,0
300.5,48.6,310.0,208.0,0.0,1451.0,0
302.3,25.0,311.8,43.0,2.0,1804.0,0
297.2,31.2,308.3,63.0,0.0,1569.0,0
300.9,38.7,312.0,217.0,0.0,1493.0,0
303.5,31.7,312.4,22.0,1.0,1606.0,0
299.4,30.8,308.7,171.0,0.0,1681.0,0
302.4,37.9,311.5,79.0,0.0,1505.0,0
298.1,60.1,307.4,187.0,1.0,1363.0,0
300.9,17.8,310.1,133.0,0.0,2090.0,0
298.4,44.8,308.9,201.0,0.0,1402.0,0
298.6,36.6,308.4,188.0,0.0,1559.0,0
302.2,43.6,310.0,38.0,2.0,1468.0,0
300.5,37.0,310.0,181.0,1.0,1580.0,0
303.6,43.4,312.3,119.0,0.0,1451.0,0
299.3,39.2,310.7,144.0,0.0,1495.0,0
299.3,37.9,309.1,127.0,0.0,1531.0,0
300.1,52.1,309.6,147.0,1.0,1376.0,0
302.9,30.5,312.2,46.0,0.0,1677.0,0
300.2,42.5,310.3,0.0,2.0,1408.0,0
299.5,34.6,310.9,159.0,1.0,1577.0,0
301.0,35.8,311.2,13.0,1.0,1521.0,0
298.5,37.8,309.7,78.0,0.0,1634.0,0
298.5,49.2,308.0,149.0,1.0,1363.0,0
299.5,47.3,309.1,106.0,0.0,1357.0,0
302.2,48.6,311.1,110.0,0.0,1351.0,0
298.9,44.3,310.1,156.0,2.0,1458.0,0
301.5,46.6,310.4,24.0,0.0,1329.0,0
297.4,48.0,308.7,117.0,1.0,1481.0,0
303.4,35.9,312.0,215.0,0.0,1521.0,1
301.6,24.6,310.7,210.0,1.0,1813.0,0
299.7,35.1,309.2,177.0,0.0,1631.0,0
300.0,47.1,309.7,25.0,0.0,1542.0,0
298.6,40.2,309.4,173.0,0.0,1447.0,0
296.6,38.6,307.4,173.0,0.0,1521.0,0
302.2,49.2,310.6,134.0,1.0,1346.0,1
301.5,36.6,310.6,202.0,0.0,1522.0,0
298.6,48.6,309.6,25.0,0.0,1386.0,0
302.6,37.2,311.0,95.0,0.0,1506.0,0
300.1,50.9,309.5,34.0,0.0,1353.0,0
303.3,47.3,311.5,60.0,1.0,1373.0,1
301.0,35.9,312.2,67.0,0.0,1602.0,0
301.3,49.8,311.3,16.0,0.0,1434.0,0
297.4,27.3,308.3,65.0,0.0,1704.0,0
299.1,46.6,310.3,157.0,0.0,1472.0,0
299.5,54.9,310.8,72.0,0.0,1356.0,0
298.1,43.8,308.4,6.0,2.0,1515.0,0
300.2,43.8,310.2,54.0,1.0,1429.0,0
298.8,44.2,309.8,35.0,2.0,1510.0,0
298.2,50.8,308.1,27.0,0.0,1462.0,0
300.9,43.8,312.0,210.0,0.0,1441.0,0
300.5,45.3,311.4,58.0,0.0,1556.0,0
303.7,43.9,312.4,188.0,0.0,1525.0,0
303.6,39.5,312.6,103.0,0.0,1502.0,0
300.5,33.0,310.8,153.0,0.0,1509.0,0
300.5,30.2,311.6,106.0,0.0,1730.0,0
298.7,57.0,309.8,140.0,0.0,1322.0,0
297.5,44.3,308.7,201.0,0.0,1429.0,0
298.5,41.5,309.6,105.0,0.0,1419.0,0
300.2,30.5,309.7,142.0,0.0,1678.0,0
298.6,34.1,308.3,174.0,1.0,1589.0,0
297.8,58.7,309.4,129.0,1.0,1226.0,0
300.0,45.6,311.4,187.0,0.0,1483.0,0
298.0,35.6,307.6,173.0,1.0,1569.0,0
298.7,31.4,309.2,180.0,0.0,1586.0,0
297.9,37.3,309.1,30.0,1.0,1488.0,0
300.8,38.0,310.8,45.0,1.0,1520.0,0
300.5,38.5,309.5,108.0,0.0,1542.0,0
298.7,25.8,308.4,72.0,0.0,1750.0,0
298.9,35.3,309.6,190.0,2.0,1546.0,0
300.5,53.2,309.9,172.0,1.0,1466.0,0
297.2,27.2,308.1,140.0,2.0,1770.0,0
300.2,41.8,311.5,128.0,0.0,1492.0,0
297.1,51.2,308.2,186.0,0.0,1402.0,0
298.3,39.2,307.9,176.0,2.0,1420.0,0
301.0,39.3,312.0,196.0,0.0,1518.0,0
297.9,45.0,309.9,183.0,0.0,1472.0,0
298.5,44.6,308.2,163.0,2.0,1563.0,0
299.7,40.1,310.9,195.0,0.0,1491.0,0
300.1,42.4,311.2,190.0,1.0,1452.0,0
296.1,32.6,306.9,33.0,2.0,1541.0,0
301.9,37.6,310.8,83.0,0.0,1540.0,0
298.9,31.1,310.2,158.0,0.0,1654.0,0
296.2,41.7,307.1,3.0,0.0,1441.0,0
300.2,36.9,311.3,71.0,0.0,1487.0,0
299.6,35.4,310.8,202.0,1.0,1603.0,0
297.5,53.5,308.6,192.0,0.0,1380.0,0
300.0,41.4,311.3,28.0,0.0,1493.0,0
300.2,35.3,309.5,80.0,0.0,1539.0,0
302.5,59.7,311.9,172.0,0.0,1306.0,0
298.0,50.8,308.6,170.0,0.0,1313.0,0
298.4,50.3,309.5,110.0,0.0,1397.0,0
297.5,37.2,308.4,215.0,1.0,1505.0,0
302.3,42.8,311.8,215.0,0.0,1574.0,0
301.3,41.2,310.3,131.0,0.0,1555.0,0
298.9,44.4,310.4,24.0,1.0,1533.0,0
303.6,17.7,312.3,219.0,0.0,2168.0,0
302.4,32.5,312.0,169.0,0.0,1621.0,0
298.6,36.9,309.4,179.0,1.0,1464.0,0
298.1,47.3,307.9,206.0,1.0,1463.0,0
298.2,38.8,307.9,124.0,1.0,1462.0,0
300.7,31.0,310.9,73.0,0.0,1723.0,0
301.8,53.0,311.0,166.0,0.0,1322.0,0
303.1,40.6,312.6,152.0,2.0,1404.0,0
302.3,31.0,311.0,190.0,0.0,1609.0,0
300.2,46.4,311.6,24.0,1.0,1533.0,0
302.0,58.2,310.4,110.0,0.0,1336.0,1
300.8,53.6,312.6,119.0,0.0,1376.0,0
299.5,48.3,310.8,154.0,0.0,1374.0,0
300.8,41.3,312.1,173.0,0.0,1505.0,0
296.7,36.8,308.0,210.0,0.0,1535.0,0
298.5,39.4,309.6,84.0,1.0,1502.0,0
302.6,48.0,311.9,67.0,0.0,1354.0,0
301.9,55.6,311.3,57.0,0.0,1366.0,0
298.1,28.9,307.9,76.0,1.0,1662.0,0
298.3,28.0,308.9,42.0,0.0,1708.0,0
300.1,48.5,311.4,203.0,1.0,1342.0,0
302.0,26.3,310.4,82.0,1.0,1828.0,0
297.4,43.1,308.6,73.0,0.0,1524.0,0
297.4,51.9,308.0,184.0,0.0,1356.0,0
300.2,46.9,309.5,23.0,1.0,1458.0,0
297.0,46.4,308.3,132.0,1.0,1399.0,0
303.4,28.3,311.8,175.0,2.0,1693.0,0
298.1,43.4,308.8,68.0,0.0,1432.0,0
304.1,24.5,313.3,190.0,0.0,1883.0,0
298.2,59.6,308.3,162.0,0.0,1230.0,0
300.9,39.3,311.1,91.0,0.0,1471.0,0
297.6,25.4,309.0,202.0,0.0,1822.0,0
302.4,37.1,311.0,168.0,1.0,1490.0,0
299.8,53.8,310.0,167.0,0.0,1361.0,0
298.2,38.2,308.2,61.0,0.0,1446.0,0
301.5,26.2,310.7,8.0,2.0,1790.0,0
302.2,41.7,311.4,15.0,0.0,1477.0,0
303.3,46.1,311.3,41.0,1.0,1566.0,0
300.3,37.1,311.1,160.0,0.0,1605.0,0
302.2,42.5,311.7,53.0,1.0,1393.0,0
299.2,53.4,308.5,100.0,0.0,1378.0,0
298.8,45.4,309.1,113.0,0.0,1362.0,0
302.1,39.7,311.4,95.0,0.0,1446.0,0
297.5,45.6,308.3,31.0,1.0,1476.0,0
301.8,52.3,311.2,68.0,0.0,1334.0,0
300.5,46.7,310.6,206.0,0.0,1540.0,0
301.4,36.9,310.8,97.0,0.0,1543.0,0
299.8,33.7,310.0,172.0,1.0,1632.0,0
300.9,36.0,310.0,204.0,1.0,1600.0,0
300.5,39.4,310.7,159.0,0.0,1488.0,0
301.5,16.4,310.5,112.0,0.0,2289.0,0
300.0,46.4,309.6,150.0,0.0,1526.0,0
303.3,37.3,311.4,36.0,0.0,1510.0,0
301.0,27.4,310.1,212.0,1.0,1681.0,0
300.7,46.7,310.7,36.0,1.0,1377.0,0
297.1,37.1,308.6,59.0,0.0,1442.0,0
300.5,35.2,311.9,97.0,1.0,1676.0,0
302.3,49.7,311.2,118.0,0.0,1401.0,0
302.7,36.9,310.5,28.0,2.0,1568.0,0
299.3,38.3,309.1,59.0,1.0,1571.0,0
298.9,32.6,310.3,230.0,0.0,1583.0,0
300.3,41.0,311.8,55.0,0.0,1451.0,0
295.6,33.6,306.2,81.0,1.0,1584.0,0
299.3,42.1,310.5,19.0,1.0,1563.0,0
301.4,45.4,310.9,177.0,0.0,1440.0,0
298.1,41.8,309.5,48.0,0.0,1467.0,0
300.3,47.7,311.7,61.0,2.0,1432.0,0
301.1,27.7,310.2,44.0,1.0,1850.0,0
302.3,47.2,310.9,173.0,0.0,1403.0,0
302.2,34.9,311.2,106.0,1.0,1561.0,0
302.4,36.5,311.0,64.0,1.0,1580.0,0
297.4,33.8,308.7,127.0,2.0,1623.0,0
301.3,38.4,310.4,195.0,0.0,1538.0,0
296.2,42.3,306.8,129.0,1.0,1526.0,0
299.2,40.1,310.3,23.0,0.0,1429.0,0
302.9,49.5,312.4,155.0,0.0,1424.0,0
302.8,39.7,312.4,239.0,0.0,1523.0,0
302.3,40.3,311.1,145.0,2.0,1455.0,0
297.4,32.3,308.6,180.0,0.0,1678.0,0
295.6,28.2,306.2,35.0,0.0,1650.0,0
298.1,48.1,308.2,54.0,1.0,1342.0,0
298.2,39.7,307.9,181.0,2.0,1491.0,0
297.4,43.6,308.4,4.0,0.0,1474.0,0
299.3,43.1,308.5,186.0,1.0,1422.0,0
300.5,30.5,309.3,34.0,1.0,1578.0,0
298.0,58.8,308.2,202.0,0.0,1348.0,1
298.4,43.1,309.3,166.0,0.0,1409.0,0
298.5,41.3,309.1,189.0,0.0,1474.0,0
302.0,44.9,311.2,15.0,0.0,1434.0,0
303.5,49.0,312.3,35.0,2.0,1386.0,0
303.4,18.3,311.8,207.0,1.0,2133.0,0
300.0,37.0,311.4,183.0,0.0,1484.0,0
298.9,50.2,310.2,160.0,0.0,1498.0,0
297.2,42.5,308.2,204.0,1.0,1405.0,0
303.6,17.6,312.7,37.0,1.0,2174.0,0
298.4,40.1,308.8,111.0,0.0,1458.0,0
297.6,53.4,308.6,175.0,1.0,1390.0,0
302.3,32.8,311.3,108.0,0.0,1652.0,0
302.3,41.8,311.4,77.0,0.0,1535.0,0
301.8,30.1,309.5,220.0,1.0,1732.0,0
298.6,41.9,310.1,61.0,1.0,1458.0,0
301.1,27.2,310.1,40.0,0.0,1666.0,0
301.3,48.6,310.5,72.0,0.0,1503.0,0
301.7,41.4,311.1,108.0,1.0,1489.0,0
302.7,47.8,312.4,11.0,0.0,1360.0,0
299.6,37.2,311.1,131.0,0.0,1521.0,0
297.7,36.8,308.3,74.0,1.0,1547.0,0
300.5,42.3,309.8,121.0,1.0,1473.0,0
303.7,22.4,312.7,166.0,0.0,1989.0,0
297.5,45.0,308.7,19.0,0.0,1454.0,0
301.5,44.0,310.7,222.0,0.0,1423.0,0
298.5,30.8,309.0,212.0,2.0,1531.0,0
302.2,44.5,311.7,204.0,0.0,1412.0,0
302.3,41.4,310.8,102.0,0.0,1421.0,0
300.1,48.3,309.7,118.0,0.0,1410.0,0
298.3,27.1,309.6,194.0,1.0,1681.0,0
302.5,25.3,312.2,14.0,0.0,1738.0,0
303.0,30.5,312.5,87.0,0.0,1626.0,0
299.1,56.3,310.0,203.0,0.0,1367.0,1
300.0,21.9,309.5,9.0,0.0,1925.0,0
299.5,45.3,309.1,103.0,1.0,1422.0,0
303.3,47.1,312.6,137.0,1.0,1397.0,0
299.9,34.6,309.2,105.0,0.0,1624.0,0
298.3,47.1,308.0,196.0,0.0,1451.0,0
298.0,36.5,308.8,109.0,0.0,1489.0,0
302.9,32.1,312.5,85.0,0.0,1683.0,0
297.4,61.5,308.5,61.0,0.0,1399.0,1
298.9,56.9,310.2,166.0,0.0,1359.0,0
302.4,67.6,311.0,194.0,0.0,1338.0,1
300.8,48.7,311.2,111.0,0.0,1397.0,0
299.2,30.3,309.0,115.0,1.0,1597.0,0
302.5,51.3,312.0,190.0,0.0,1383.0,0
301.7,45.2,310.6,185.0,1.0,1417.0,0
303.8,18.6,313.1,22.0,1.0,2117.0,0
301.0,34.5,310.7,127.0,0.0,1727.0,0
300.8,37.3,312.0,164.0,0.0,1477.0,0
298.8,39.2,308.4,8.0,0.0,1484.0,0
297.8,48.6,307.5,109.0,0.0,1391.0,0
299.6,24.8,310.2,99.0,0.0,1743.0,0
301.6,50.5,310.7,214.0,0.0,1424.0,0
298.8,50.8,308.5,57.0,0.0,1450.0,0
302.3,33.1,311.1,156.0,0.0,1546.0,0
296.6,37.7,307.7,110.0,0.0,1556.0,0
299.4,42.1,309.2,22.0,0.0,1433.0,0
301.7,41.3,310.8,147.0,1.0,1524.0,0
301.0,41.8,309.9,19.0,0.0,1507.0,0
301.4,43.3,310.6,212.0,0.0,1555.0,0
299.8,31.0,309.6,139.0,0.0,1598.0,0
302.0,55.3,310.6,192.0,0.0,1325.0,0
303.7,44.8,312.7,196.0,0.0,1540.0,0
297.6,44.3,308.3,43.0,2.0,1400.0,0
298.5,61.9,309.5,130.0,1.0,1366.0,0
300.5,64.0,311.7,87.0,1.0,1269.0,0
299.6,40.8,310.8,118.0,0.0,1400.0,0
297.6,31.0,308.4,48.0,1.0,1611.0,0
298.5,33.5,309.6,91.0,2.0,1579.0,0
300.6,38.7,309.3,115.0,0.0,1409.0,0
300.9,40.6,310.7,207.0,2.0,1403.0,0
298.8,38.8,309.8,65.0,2.0,1563.0,0
301.7,31.9,310.7,192.0,0.0,1641.0,0
298.3,33.2,308.2,75.0,2.0,1534.0,0
304.0,53.2,313.1,91.0,2.0,1388.0,0
298.5,20.2,309.2,114.0,0.0,1983.0,0
298.1,37.5,309.1,126.0,1.0,1572.0,0
300.4,39.6,309.3,202.0,0.0,1525.0,0
300.2,38.3,309.4,51.0,0.0,1558.0,0
303.8,39.8,313.1,150.0,0.0,1523.0,0
303.7,42.8,312.8,54.0,2.0,1488.0,0
298.0,44.1,308.6,165.0,1.0,1453.0,0
298.8,52.6,309.1,167.0,0.0,1393.0,0
298.6,37.7,309.8,134.0,0.0,1496.0,0
297.3,38.5,308.3,47.0,0.0,1538.0,0
300.3,38.4,311.8,51.0,0.0,1488.0,0
297.8,44.2,308.7,62.0,0.0,1404.0,0
300.0,33.1,309.6,65.0,0.0,1571.0,0
296.5,38.2,307.2,160.0,0.0,1481.0,0
299.8,51.9,309.7,89.0,0.0,1457.0,0
297.1,42.6,308.2,194.0,0.0,1399.0,0
298.9,36.6,308.3,7.0,0.0,1576.0,0
300.6,43.6,311.7,198.0,0.0,1497.0,0
301.3,38.5,310.8,52.0,0.0,1560.0,0
298.5,47.3,308.7,47.0,1.0,1367.0,0
299.9,41.8,309.3,109.0,0.0,1471.0,0
301.2,38.4,312.3,85.0,0.0,1528.0,0
300.4,42.2,309.7,133.0,1.0,1488.0,0
298.3,41.2,308.5,105.0,0.0,1575.0,0
298.1,48.1,307.7,111.0,0.0,1495.0,0
298.9,52.1,309.9,108.0,0.0,1373.0,0
298.7,30.8,309.5,141.0,0.0,1673.0,0
297.1,42.0,308.4,165.0,1.0,1421.0,0
298.0,29.1,307.6,169.0,0.0,1694.0,0
298.8,38.1,309.7,157.0,1.0,1480.0,0
303.1,42.1,312.6,138.0,0.0,1514.0,0
300.7,32.6,310.6,43.0,2.0,1631.0,0
304.4,38.4,313.6,11.0,0.0,1569.0,0
302.5,60.1,311.2,167.0,0.0,1227.0,0
299.5,38.2,310.8,74.0,0.0,1571.0,0
301.4,52.0,310.7,160.0,2.0,1329.0,0
300.9,24.6,311.3,100.0,1.0,1801.0,0
302.3,27.8,310.8,127.0,1.0,1762.0,0
297.5,28.1,308.7,107.0,1.0,1697.0,0
297.4,49.7,308.8,132.0,0.0,1462.0,0
301.3,50.2,311.0,214.0,1.0,1463.0,0
299.2,39.4,308.4,0.0,0.0,1509.0,0
301.9,38.8,310.6,22.0,0.0,1462.0,0
300.5,48.2,311.5,82.0,1.0,1378.0,0
298.9,34.2,309.6,197.0,0.0,1589.0,0
296.8,30.8,307.9,48.0,0.0,1698.0,0
299.4,48.4,309.3,116.0,0.0,1366.0,0
302.3,38.6,311.7,143.0,0.0,1611.0,0
302.4,43.7,311.5,81.0,2.0,1540.0,0
302.9,21.2,312.5,23.0,1.0,1903.0,0
298.7,65.9,309.8,203.0,0.0,1181.0,1
297.4,45.8,308.3,43.0,0.0,1347.0,0
301.3,34.1,310.7,172.0,0.0,1594.0,0
300.5,12.2,310.5,17.0,0.0,2633.0,1
304.0,35.7,313.1,119.0,0.0,1648.0,0
297.6,34.6,308.3,71.0,1.0,1567.0,0
298.9,44.1,309.9,112.0,1.0,1449.0,0
298.4,50.0,308.1,156.0,0.0,1491.0,0
302.2,47.6,310.8,11.0,2.0,1397.0,0
300.2,40.8,311.6,157.0,1.0,1513.0,0
300.3,38.4,309.6,54.0,1.0,1524.0,0
297.9,26.6,308.7,111.0,1.0,1751.0,0
302.6,50.1,311.8,21.0,0.0,1427.0,0
297.7,19.1,308.8,111.0,1.0,2089.0,0
297.2,33.3,308.5,207.0,2.0,1653.0,0
297.5,30.2,309.1,211.0,0.0,1611.0,0
301.5,46.5,310.1,35.0,0.0,1430.0,0
301.0,58.0,311.0,190.0,0.0,1399.0,1
300.8,33.4,311.1,172.0,0.0,1509.0,0
296.4,52.8,307.5,94.0,2.0,1403.0,0
297.4,30.5,308.6,159.0,0.0,1635.0,0
299.5,49.5,310.7,0.0,1.0,1364.0,0
301.0,44.1,310.1,217.0,2.0,1454.0,0
303.9,48.3,313.0,10.0,0.0,1403.0,0
300.7,13.8,311.1,163.0,0.0,2437.0,0
300.6,44.1,309.4,76.0,0.0,1468.0,0
298.5,66.3,308.2,42.0,0.0,1301.0,1
300.7,20.5,309.6,9.0,2.0,1925.0,0
295.6,51.1,306.0,7.0,0.0,1419.0,0
302.0,29.0,310.8,235.0,0.0,1615.0,1
301.3,41.2,310.8,56.0,1.0,1455.0,0
298.2,55.7,307.6,0.0,2.0,1318.0,0
302.1,41.4,310.9,184.0,0.0,1477.0,0
302.7,60.7,311.1,125.0,1.0,1297.0,1
296.7,43.9,307.7,84.0,0.0,1502.0,0
303.4,54.1,312.9,109.0,0.0,1389.0,0
297.0,54.0,308.1,138.0,0.0,1429.0,0
300.5,37.4,309.8,148.0,0.0,1550.0,0
302.2,27.6,310.9,54.0,1.0,1771.0,0
298.4,39.9,308.3,184.0,0.0,1473.0,0
299.7,57.4,309.2,138.0,0.0,1346.0,0
297.3,35.8,308.7,148.0,0.0,1587.0,0
297.5,43.9,308.6,91.0,0.0,1497.0,0
302.1,43.6,311.3,196.0,0.0,1477.0,0
298.9,54.5,310.1,51.0,0.0,1341.0,0
302.8,37.9,310.6,207.0,0.0,1617.0,0
297.2,61.3,308.1,207.0,1.0,1340.0,1
297.3,57.6,308.5,186.0,0.0,1350.0,0
301.0,56.0,311.0,33.0,0.0,1437.0,0
298.8,48.5,309.2,120.0,2.0,1372.0,0
297.8,43.5,308.4,143.0,1.0,1479.0,0
302.2,21.9,311.3,101.0,1.0,1931.0,0
298.8,25.4,310.6,209.0,0.0,1803.0,0
300.7,45.3,309.3,100.0,0.0,1425.0,0
298.1,43.0,308.7,56.0,1.0,1527.0,0
296.8,30.5,307.8,117.0,2.0,1627.0,0
303.4,42.2,311.9,36.0,1.0,1510.0,0
298.9,37.3,310.1,100.0,0.0,1580.0,0
300.2,37.7,311.6,71.0,0.0,1540.0,0
299.1,35.2,310.5,60.0,0.0,1496.0,0
298.9,63.0,310.3,163.0,2.0,1243.0,0
301.3,36.3,310.3,129.0,0.0,1560.0,0
298.8,33.0,308.6,101.0,0.0,1599.0,0
300.6,42.6,310.4,114.0,0.0,1401.0,0
297.5,33.1,308.5,9.0,0.0,1691.0,0
298.5,27.2,309.3,49.0,1.0,1761.0,0
300.6,37.6,309.8,162.0,0.0,1629.0,0
299.3,24.7,308.9,101.0,1.0,1858.0,0
303.5,44.0,312.9,128.0,0.0,1501.0,0
303.4,21.3,311.5,78.0,0.0,1879.0,0
301.8,32.7,310.3,19.0,1.0,1666.0,0
301.5,49.0,310.8,193.0,0.0,1367.0,0
297.4,46.5,308.2,25.0,0.0,1471.0,0
298.6,22.1,309.7,7.0,0.0,1925.0,0
298.0,32.8,307.5,215.0,0.0,1644.0,0
299.6,46.3,310.9,196.0,0.0,1448.0,0
299.2,55.4,310.4,76.0,1.0,1395.0,0
301.3,39.1,310.4,194.0,0.0,1507.0,0
301.7,49.2,311.0,25.0,0.0,1343.0,0
298.2,38.2,308.0,59.0,0.0,1538.0,0
303.4,35.5,312.7,98.0,0.0,1534.0,0
300.2,23.2,311.8,210.0,0.0,1798.0,0
304.2,32.2,313.5,91.0,2.0,1627.0,0
302.2,33.1,311.5,168.0,0.0,1567.0,0
298.9,32.7,308.8,75.0,2.0,1621.0,0
300.2,51.4,311.8,189.0,0.0,1410.0,0
299.2,43.3,310.4,32.0,0.0,1472.0,0
297.7,40.2,307.4,132.0,2.0,1432.0,0
301.4,53.7,310.7,176.0,0.0,1428.0,0
295.6,51.6,306.2,126.0,1.0,1435.0,0
301.3,37.8,310.1,199.0,1.0,1525.0,0
296.4,50.0,307.4,210.0,1.0,1416.0,0
298.9,28.7,308.9,181.0,1.0,1679.0,0
297.7,34.9,307.7,31.0,0.0,1581.0,0
300.5,35.9,311.5,110.0,0.0,1661.0,0
302.6,54.8,312.3,253.0,1.0,1454.0,1
297.9,20.2,307.6,182.0,0.0,1977.0,0
300.6,45.8,310.1,62.0,0.0,1337.0,0
303.9,47.2,313.1,71.0,1.0,1483.0,0
301.2,45.7,310.3,76.0,0.0,1497.0,0
297.7,36.5,307.4,55.0,0.0,1643.0,0
300.2,35.3,311.4,138.0,1.0,1570.0,0
299.6,49.9,310.8,78.0,0.0,1393.0,0
297.5,38.2,308.2,15.0,0.0,1563.0,0
297.1,42.2,308.2,199.0,2.0,1527.0,0
300.3,55.0,309.8,135.0,0.0,1450.0,0
299.1,43.9,310.3,94.0,1.0,1441.0,0
304.1,28.3,313.3,177.0,1.0,1725.0,0
300.7,54.8,310.2,50.0,0.0,1348.0,0
300.9,43.2,310.9,62.0,0.0,1497.0,0
302.5,37.6,310.4,45.0,1.0,1509.0,0
302.6,37.3,312.1,184.0,0.0,1473.0,0
300.7,46.3,310.6,84.0,1.0,1418.0,0
302.3,50.8,311.5,13.0,0.0,1384.0,0
300.9,47.6,310.3,140.0,0.0,1440.0,0
299.0,46.3,310.0,198.0,1.0,1488.0,0
301.6,34.1,310.9,56.0,0.0,1623.0,0
298.3,52.5,307.8,98.0,1.0,1457.0,0
303.0,37.3,311.1,176.0,1.0,1526.0,0
300.5,57.9,311.9,155.0,1.0,1323.0,0
303.7,26.4,312.3,190.0,1.0,1756.0,0
299.7,37.7,310.3,4.0,0.0,1505.0,0
297.7,19.8,309.5,39.0,1.0,2027.0,0
301.4,43.2,310.4,133.0,0.0,1334.0,0
297.6,22.1,309.4,108.0,0.0,1958.0,0
299.3,49.6,308.6,191.0,0.0,1474.0,0
302.4,42.2,311.8,134.0,0.0,1433.0,0
301.9,46.2,310.9,26.0,1.0,1421.0,0
300.2,37.5,311.4,145.0,0.0,1463.0,0
299.1,43.4,308.5,0.0,0.0,1415.0,0
301.2,45.5,309.9,23.0,0.0,1449.0,0
302.2,38.0,311.9,156.0,0.0,1596.0,0
299.9,40.4,309.3,59.0,0.0,1473.0,0
297.2,23.0,308.6,30.0,0.0,1774.0,0
303.0,44.2,311.0,115.0,0.0,1359.0,1
300.3,36.8,311.7,0.0,1.0,1447.0,0
300.2,36.1,311.4,141.0,2.0,1506.0,0
299.1,42.1,310.3,74.0,0.0,1411.0,0
301.0,43.9,311.5,165.0,1.0,1530.0,0
301.0,45.3,310.8,8.0,0.0,1527.0,0
300.7,45.2,310.8,92.0,1.0,1465.0,0
298.9,40.4,310.1,61.0,1.0,1484.0,0
297.6,43.0,308.8,119.0,0.0,1475.0,0
301.0,29.8,310.9,64.0,0.0,1679.0,0
302.5,52.7,311.8,135.0,0.0,1335.0,0
300.9,41.4,312.0,193.0,1.0,1447.0,0
300.2,41.9,309.8,106.0,0.0,1481.0,0
301.6,26.2,310.6,171.0,2.0,1821.0,0
298.6,31.2,309.3,180.0,0.0,1677.0,0
303.5,47.3,312.4,164.0,0.0,1390.0,0
297.9,34.9,307.7,83.0,0.0,1593.0,0
301.0,50.9,311.3,60.0,0.0,1342.0,0
300.2,43.8,309.7,108.0,2.0,1483.0,0
302.2,45.6,311.5,87.0,0.0,1482.0,0
300.5,29.5,312.0,106.0,0.0,1646.0,0
300.2,14.7,311.0,144.0,1.0,2370.0,0
302.0,30.7,311.2,189.0,1.0,1625.0,0
300.3,39.5,309.3,180.0,0.0,1478.0,0
300.0,34.6,310.1,195.0,0.0,1477.0,0
302.3,34.7,311.4,75.0,0.0,1511.0,0
297.8,28.9,307.8,128.0,0.0,1761.0,0
296.1,42.0,307.0,164.0,1.0,1523.0,0
299.6,33.2,311.0,139.0,0.0,1552.0,0
298.4,24.3,308.5,153.0,2.0,1827.0,0
303.0,40.7,311.1,179.0,0.0,1525.0,0
300.8,49.0,311.7,10.0,0.0,1414.0,0
302.3,56.2,311.8,208.0,0.0,1369.0,1
299.5,49.7,309.0,207.0,1.0,1399.0,0
297.5,16.7,308.0,128.0,1.0,2033.0,0
297.9,35.5,307.4,14.0,0.0,1606.0,0
298.9,49.5,308.6,79.0,0.0,1400.0,0
297.2,49.8,308.6,12.0,0.0,1413.0,0
300.7,27.7,310.8,84.0,0.0,1754.0,0
303.4,44.2,311.7,168.0,1.0,1515.0,0
301.1,12.2,310.7,100.0,1.0,2636.0,1
300.4,66.1,310.0,40.0,0.0,1282.0,0
299.4,31.8,309.3,40.0,0.0,1596.0,0
298.6,47.7,309.0,0.0,0.0,1456.0,0
298.5,34.9,308.8,18.0,1.0,1553.0,0
301.5,39.0,310.6,143.0,2.0,1512.0,0
298.2,44.2,308.7,0.0,1.0,1361.0,0
300.2,47.5,311.6,146.0,1.0,1510.0,0
303.3,44.7,312.1,83.0,0.0,1418.0,0
298.1,48.7,307.7,159.0,0.0,1414.0,0
299.8,45.2,309.8,106.0,1.0,1427.0,0
300.1,39.1,311.2,188.0,0.0,1489.0,0
301.8,41.4,310.3,63.0,0.0,1482.0,0
298.5,21.0,309.4,59.0,2.0,2011.0,0
299.5,19.3,309.3,177.0,0.0,1972.0,0
296.5,52.5,307.4,62.0,0.0,1292.0,0
299.2,36.3,310.7,175.0,0.0,1540.0,0
297.5,23.9,308.4,28.0,2.0,1793.0,0
298.9,34.1,308.7,80.0,0.0,1572.0,0
297.1,46.9,308.5,203.0,0.0,1483.0,0
297.4,46.2,308.0,188.0,0.0,1383.0,0
300.5,48.8,309.3,211.0,0.0,1373.0,0
301.3,45.2,310.6,88.0,0.0,1416.0,0
299.6,33.3,309.2,33.0,0.0,1601.0,0
300.2,41.3,311.7,44.0,0.0,1553.0,0
301.0,21.9,310.9,37.0,1.0,1910.0,0
299.8,29.2,311.2,148.0,1.0,1706.0,0
302.1,45.1,310.0,6.0,1.0,1355.0,1
300.5,44.5,311.9,30.0,1.0,1511.0,0
302.1,50.8,311.2,164.0,0.0,1369.0,0
302.2,43.5,310.9,140.0,1.0,1465.0,0
298.8,28.5,308.5,140.0,1.0,1711.0,0
301.6,44.4,310.7,94.0,1.0,1421.0,0
300.1,45.8,309.3,163.0,2.0,1448.0,0
302.3,32.1,311.7,197.0,0.0,1648.0,0
299.3,42.1,310.6,104.0,1.0,1457.0,0
300.1,26.6,311.3,42.0,1.0,1748.0,0
298.4,33.5,309.2,116.0,1.0,1597.0,0
303.7,47.3,312.7,158.0,1.0,1396.0,0
299.0,35.8,310.2,64.0,1.0,1628.0,0
302.2,52.8,311.2,176.0,1.0,1360.0,0
297.4,41.4,309.0,156.0,2.0,1468.0,0
300.4,38.9,309.4,185.0,2.0,1487.0,0
299.0,57.4,310.0,146.0,1.0,1337.0,0
299.0,39.2,310.3,153.0,0.0,1483.0,0
301.2,48.3,311.7,204.0,0.0,1463.0,0
299.0,38.6,309.1,177.0,0.0,1523.0,0
303.0,41.9,311.2,98.0,0.0,1409.0,0
299.7,46.6,310.8,197.0,2.0,1418.0,0
298.7,34.3,309.6,136.0,2.0,1654.0,0
301.0,22.0,310.9,42.0,2.0,1916.0,0
297.4,46.6,308.7,94.0,0.0,1468.0,0
297.5,54.7,309.0,179.0,0.0,1320.0,0
298.6,37.1,309.9,30.0,0.0,1564.0,0
296.9,41.4,307.7,6.0,0.0,1464.0,0
302.2,45.3,311.4,33.0,1.0,1432.0,0
299.5,48.7,310.9,119.0,1.0,1378.0,0
301.9,48.0,310.4,73.0,1.0,1373.0,1
299.8,32.1,309.3,183.0,2.0,1595.0,0
298.9,49.8,308.7,167.0,1.0,1402.0,0
296.8,39.2,307.5,13.0,1.0,1443.0,0
298.8,33.6,309.8,131.0,0.0,1599.0,0
296.5,43.6,307.6,92.0,0.0,1512.0,0
300.1,33.4,311.1,186.0,0.0,1619.0,0
301.5,21.3,310.7,152.0,1.0,1871.0,0
299.8,61.7,309.7,134.0,1.0,1320.0,0
299.1,67.5,308.8,20.0,0.0,1320.0,1
297.1,42.8,308.0,169.0,0.0,1467.0,0
297.4,39.9,308.4,2.0,0.0,1434.0,0
301.1,39.6,310.1,215.0,0.0,1457.0,0
299.5,41.6,309.2,17.0,1.0,1495.0,0
299.2,45.6,309.1,2.0,0.0,1468.0,0
301.1,29.5,311.3,51.0,0.0,1630.0,0
298.4,43.5,308.2,206.0,2.0,1478.0,0
302.3,31.6,311.3,135.0,0.0,1621.0,0
297.9,40.2,309.0,30.0,0.0,1502.0,0
301.0,32.7,311.2,19.0,2.0,1602.0,0
299.1,38.1,308.3,32.0,0.0,1489.0,0
303.7,28.5,312.4,132.0,1.0,1631.0,0
302.4,26.9,311.4,121.0,0.0,1831.0,0
299.3,45.8,308.8,170.0,0.0,1550.0,0
296.3,39.9,307.4,51.0,0.0,1472.0,0
300.6,31.5,311.6,69.0,1.0,1473.0,0
300.7,19.9,311.0,99.0,2.0,1981.0,0
297.9,36.7,309.0,104.0,0.0,1583.0,0
300.8,34.3,310.7,144.0,0.0,1589.0,0
302.2,45.6,311.7,140.0,0.0,1471.0,0
300.8,23.8,312.4,127.0,0.0,1825.0,0
298.2,43.5,308.3,129.0,1.0,1476.0,0
300.2,48.8,309.5,135.0,0.0,1436.0,0
298.8,29.5,308.4,14.0,1.0,1604.0,0
297.5,33.3,308.4,213.0,0.0,1633.0,0
301.4,48.6,310.6,96.0,1.0,1464.0,0
297.9,44.0,308.9,72.0,1.0,1547.0,0
301.2,40.9,309.9,21.0,0.0,1515.0,0
299.2,34.1,308.4,89.0,0.0,1620.0,0
299.8,39.6,309.5,10.0,0.0,1495.0,0
299.0,33.3,310.3,177.0,1.0,1582.0,0
300.5,34.9,309.3,91.0,1.0,1589.0,0
300.7,49.1,311.7,219.0,1.0,1412.0,0
299.8,42.6,309.2,210.0,0.0,1400.0,0
297.5,50.5,308.5,6.0,1.0,1401.0,0
297.0,27.3,307.9,179.0,2.0,1846.0,0
302.2,52.1,311.1,174.0,0.0,1447.0,0
298.3,21.5,308.1,88.0,0.0,1840.0,0
302.4,21.2,310.1,110.0,0.0,1906.0,0
300.7,32.3,310.1,170.0,0.0,1721.0,0
299.2,33.2,310.2,156.0,0.0,1609.0,0
300.8,41.1,311.1,176.0,0.0,1480.0,0
301.3,41.5,310.4,197.0,0.0,1440.0,0
298.3,32.2,309.0,179.0,0.0,1657.0,0
302.2,48.7,310.0,20.0,0.0,1483.0,0
302.3,41.7,311.7,127.0,1.0,1442.0,0
298.7,24.8,309.6,78.0,1.0,1800.0,0
298.5,32.7,310.2,18.0,0.0,1676.0,0
301.6,45.1,310.2,54.0,1.0,1411.0,0
303.5,35.2,312.3,29.0,1.0,1593.0,0
295.5,45.3,306.0,205.0,1.0,1423.0,0
300.7,19.8,309.6,203.0,1.0,1996.0,1
302.6,22.4,311.6,180.0,0.0,1953.0,0
298.7,38.5,309.9,208.0,0.0,1541.0,0
300.5,41.7,311.6,97.0,2.0,1476.0,0
299.9,49.9,310.4,206.0,0.0,1328.0,0
300.4,56.8,310.4,46.0,0.0,1286.0,0
302.3,33.5,310.9,104.0,0.0,1596.0,0
302.5,32.4,311.5,194.0,0.0,1603.0,0
300.1,49.1,309.7,23.0,0.0,1362.0,0
299.0,31.7,308.6,100.0,0.0,1653.0,0
301.6,51.8,310.7,216.0,0.0,1380.0,1
296.8,61.4,307.9,125.0,0.0,1271.0,0
298.3,44.3,308.2,71.0,0.0,1472.0,0
297.1,43.9,307.8,137.0,1.0,1443.0,0
299.1,44.0,310.4,149.0,0.0,1527.0,0
298.9,37.2,310.2,177.0,0.0,1623.0,0
300.0,16.3,309.3,170.0,1.0,2293.0,0
297.8,56.9,309.0,6.0,0.0,1340.0,0
300.9,36.0,310.4,148.0,0.0,1544.0,0
298.6,54.0,309.7,6.0,0.0,1356.0,0
300.7,47.4,310.5,192.0,0.0,1536.0,0
299.7,50.7,309.6,161.0,0.0,1359.0,0
300.4,36.3,310.7,127.0,2.0,1656.0,0
304.1,39.9,313.5,88.0,1.0,1428.0,0
301.4,41.4,310.3,195.0,0.0,1492.0,0
297.8,44.8,308.3,170.0,0.0,1477.0,0
297.5,38.2,308.1,117.0,2.0,1548.0,0
299.7,46.1,309.1,102.0,1.0,1352.0,0
297.4,39.4,308.1,20.0,0.0,1474.0,0
301.6,47.2,310.8,152.0,2.0,1435.0,0
303.3,32.7,312.5,76.0,1.0,1674.0,0
299.3,44.8,308.5,91.0,0.0,1409.0,0
300.2,61.4,309.7,170.0,1.0,1183.0,0
298.6,35.7,309.1,198.0,0.0,1537.0,0
301.1,38.9,309.8,149.0,0.0,1493.0,0
303.7,39.2,312.4,184.0,0.0,1512.0,0
302.0,54.7,310.6,196.0,2.0,1346.0,0
298.8,46.8,308.8,72.0,1.0,1497.0,0
298.3,46.2,309.4,10.0,0.0,1468.0,0
301.6,42.6,311.0,158.0,0.0,1431.0,0
298.7,33.3,308.4,53.0,2.0,1560.0,0
303.3,21.5,311.4,0.0,0.0,1958.0,0
300.2,29.2,310.3,42.0,1.0,1704.0,0
301.3,42.0,311.1,221.0,0.0,1413.0,0
301.8,40.1,311.3,142.0,1.0,1542.0,0
298.9,39.8,308.6,114.0,1.0,1517.0,0
297.3,37.4,308.4,69.0,0.0,1488.0,0
297.3,42.0,308.6,109.0,2.0,1431.0,0
301.9,46.3,310.3,24.0,0.0,1485.0,0
302.4,54.4,311.1,0.0,1.0,1366.0,0
301.8,23.9,310.0,198.0,1.0,1781.0,0
299.5,22.6,309.2,162.0,2.0,1872.0,0
298.2,44.2,310.0,68.0,2.0,1433.0,0
300.1,31.6,309.4,124.0,1.0,1569.0,0
303.7,46.2,312.3,98.0,0.0,1375.0,0
299.3,26.4,308.6,33.0,0.0,1744.0,0
300.6,45.9,310.2,17.0,0.0,1447.0,0
300.1,42.8,309.5,50.0,1.0,1462.0,0
300.9,45.4,311.4,118.0,1.0,1434.0,0
302.3,27.5,311.7,145.0,0.0,1701.0,0
299.5,29.2,309.2,108.0,0.0,1690.0,0
300.1,57.3,309.7,48.0,1.0,1348.0,0
300.5,36.2,310.5,12.0,0.0,1536.0,0
302.3,66.7,311.4,205.0,0.0,1333.0,1
300.8,37.5,310.6,155.0,1.0,1545.0,0
300.7,32.8,310.1,79.0,0.0,1598.0,0
299.1,45.0,310.2,104.0,0.0,1496.0,0
302.4,46.4,310.2,125.0,0.0,1445.0,0
301.4,34.3,310.7,101.0,1.0,1617.0,0
301.7,39.1,310.5,114.0,0.0,1567.0,0
300.2,51.5,309.5,189.0,1.0,1434.0,0
300.3,39.9,309.9,203.0,0.0,1540.0,0
303.9,40.7,313.2,74.0,1.0,1570.0,0
300.1,21.9,311.4,15.0,1.0,1913.0,0
298.2,21.6,307.7,93.0,1.0,1952.0,0
299.9,36.7,311.4,118.0,0.0,1627.0,0
302.9,24.0,312.5,17.0,1.0,1924.0,0
300.1,40.6,311.4,147.0,0.0,1446.0,0
300.4,38.5,309.6,124.0,0.0,1523.0,0
303.4,25.8,311.7,161.0,0.0,1793.0,0
299.1,48.8,310.5,76.0,0.0,1419.0,0
302.3,30.3,310.9,112.0,0.0,1620.0,0
301.0,27.3,310.6,14.0,1.0,1698.0,0
298.1,56.8,308.7,59.0,1.0,1315.0,0
303.5,21.1,312.3,112.0,0.0,1946.0,0
301.5,54.2,310.4,26.0,0.0,1270.0,0
303.8,38.6,313.0,72.0,0.0,1452.0,0
301.5,36.7,310.5,118.0,0.0,1589.0,0
300.8,62.4,309.4,113.0,1.0,1342.0,1
300.6,49.1,311.7,206.0,0.0,1448.0,0
301.3,57.4,310.8,164.0,0.0,1390.0,0
300.2,49.8,311.4,143.0,0.0,1331.0,0
300.8,35.8,309.7,14.0,0.0,1519.0,0
297.6,55.2,308.4,86.0,0.0,1407.0,0
299.8,38.1,311.1,176.0,1.0,1498.0,0
302.0,47.8,311.1,182.0,0.0,1402.0,0
300.4,41.9,310.1,184.0,0.0,1544.0,0
299.1,46.9,308.3,28.0,0.0,1325.0,0
297.6,38.1,308.6,152.0,0.0,1491.0,0
303.8,47.0,312.5,152.0,0.0,1523.0,0
303.6,50.3,312.0,101.0,0.0,1391.0,0
297.4,54.3,309.2,121.0,0.0,1274.0,0
296.9,31.2,307.5,116.0,1.0,1556.0,0
296.9,17.5,307.7,3.0,1.0,2008.0,0
299.6,34.1,310.2,38.0,0.0,1588.0,0
299.7,41.0,308.9,87.0,1.0,1478.0,0
297.5,44.0,308.9,185.0,0.0,1469.0,0
298.0,57.0,308.6,43.0,0.0,1430.0,0
299.1,46.7,310.3,84.0,0.0,1459.0,0
301.7,37.2,311.1,128.0,0.0,1469.0,0
303.4,36.8,312.2,85.0,2.0,1554.0,0
300.1,40.6,311.4,98.0,1.0,1524.0,0
297.7,36.8,309.1,172.0,0.0,1562.0,0
302.0,48.8,311.1,159.0,1.0,1406.0,0
300.7,45.4,312.3,86.0,2.0,1446.0,0
298.0,46.7,307.6,116.0,1.0,1472.0,0
298.8,35.9,309.8,171.0,2.0,1490.0,0
297.3,41.7,308.3,6.0,1.0,1544.0,0
304.1,47.5,313.2,150.0,0.0,1412.0,0
297.7,58.6,309.2,170.0,0.0,1365.0,0
297.8,51.7,307.4,183.0,1.0,1330.0,0
300.8,54.4,311.2,85.0,0.0,1430.0,0
300.0,37.9,311.2,58.0,0.0,1504.0,0
297.4,33.8,308.5,132.0,0.0,1643.0,0
297.9,21.1,308.0,42.0,0.0,1954.0,0
303.3,62.0,311.8,42.0,0.0,1315.0,1
297.6,31.4,308.4,205.0,2.0,1703.0,0
297.4,35.5,307.9,174.0,0.0,1557.0,0
297.7,27.1,308.4,136.0,0.0,1740.0,0
300.4,51.2,309.7,143.0,1.0,1367.0,0
298.8,32.8,309.5,157.0,0.0,1645.0,0
301.7,27.7,310.6,105.0,1.0,1691.0,0
297.3,42.8,308.7,153.0,2.0,1430.0,0
300.1,40.2,311.3,130.0,1.0,1518.0,0
304.1,46.9,313.2,152.0,1.0,1510.0,0
296.8,24.2,308.1,212.0,1.0,1843.0,0
301.9,47.1,310.7,68.0,0.0,1480.0,0
299.3,37.9,309.2,129.0,1.0,1586.0,0
301.8,45.3,309.7,233.0,0.0,1442.0,1
300.6,40.7,309.4,87.0,0.0,1474.0,0
298.7,40.5,309.8,59.0,1.0,1475.0,0
300.0,42.2,310.5,186.0,0.0,1517.0,0
298.7,40.2,310.0,69.0,1.0,1459.0,0
302.3,50.1,311.8,104.0,1.0,1355.0,0
298.0,23.4,308.1,78.0,0.0,1819.0,0
302.3,52.7,310.1,134.0,0.0,1321.0,1
299.5,48.9,310.0,56.0,0.0,1412.0,0
299.6,49.8,310.1,11.0,0.0,1384.0,0
299.1,38.2,310.2,155.0,0.0,1569.0,0
302.5,23.3,311.1,203.0,2.0,1850.0,0
298.4,27.3,307.9,134.0,0.0,1743.0,0
297.5,50.1,309.4,137.0,0.0,1357.0,0
301.1,21.7,311.1,206.0,0.0,1799.0,0
301.5,31.1,310.9,170.0,0.0,1671.0,0
297.5,58.9,308.6,138.0,2.0,1355.0,0
301.4,40.9,310.4,190.0,0.0,1543.0,0
297.3,24.4,308.2,47.0,0.0,1896.0,0
300.9,56.3,310.7,161.0,1.0,1268.0,0
299.1,39.7,310.6,144.0,0.0,1602.0,0
301.5,38.6,310.7,14.0,1.0,1460.0,0
300.0,47.3,311.2,60.0,0.0,1418.0,0
302.2,26.4,311.3,4.0,2.0,1758.0,0
297.4,42.8,308.5,68.0,0.0,1462.0,0
299.7,32.8,309.2,142.0,2.0,1572.0,0
301.5,41.1,310.4,151.0,0.0,1488.0,0
296.8,39.4,308.0,29.0,0.0,1510.0,0
301.3,27.6,311.1,210.0,0.0,1723.0,0
299.3,24.2,309.2,125.0,0.0,1775.0,0
301.3,35.1,311.0,204.0,0.0,1542.0,0
300.2,52.7,309.6,47.0,0.0,1430.0,0
302.0,50.3,310.8,231.0,0.0,1383.0,1
301.2,43.6,310.5,78.0,2.0,1505.0,0
300.7,46.8,311.2,56.0,0.0,1486.0,0
298.8,25.9,308.6,59.0,0.0,1730.0,0
296.7,27.9,307.9,55.0,0.0,1743.0,0
297.4,47.8,308.3,18.0,1.0,1550.0,0
302.0,40.0,309.8,199.0,0.0,1480.0,0
301.5,46.5,310.9,172.0,0.0,1365.0,0
297.8,36.1,308.8,68.0,0.0,1621.0,0
297.8,35.6,308.3,131.0,1.0,1567.0,0
298.2,61.0,308.4,189.0,0.0,1310.0,1
298.1,46.3,308.6,27.0,1.0,1415.0,0
302.8,39.5,310.8,23.0,0.0,1516.0,0
300.3,39.6,311.3,107.0,0.0,1505.0,0
297.4,31.0,308.6,89.0,1.0,1643.0,0
298.3,45.4,309.4,96.0,0.0,1356.0,0
302.7,46.5,311.9,15.0,0.0,1389.0,0
297.9,50.3,308.1,193.0,0.0,1393.0,0
297.7,40.0,307.2,17.0,0.0,1444.0,0
300.4,39.8,309.7,184.0,1.0,1466.0,0
298.1,36.3,307.6,140.0,1.0,1565.0,0
301.5,12.0,310.4,21.0,1.0,2639.0,1
303.7,33.3,311.9,153.0,0.0,1561.0,0
300.7,34.1,311.8,17.0,0.0,1603.0,0
297.9,33.5,308.1,212.0,0.0,1585.0,0
300.7,54.3,309.6,80.0,0.0,1329.0,0
301.1,35.3,312.3,65.0,0.0,1464.0,0
298.6,27.2,310.1,5.0,0.0,1721.0,0
300.3,30.3,309.1,178.0,0.0,1699.0,0
304.2,54.5,313.4,75.0,1.0,1329.0,0
298.8,44.9,310.0,80.0,1.0,1484.0,0
302.0,28.1,310.7,39.0,0.0,1698.0,0
303.5,29.8,312.3,25.0,0.0,1681.0,0
297.6,32.4,308.4,130.0,0.0,1626.0,0
300.4,39.6,311.7,162.0,0.0,1460.0,0
302.0,38.9,310.6,94.0,0.0,1583.0,0
303.6,54.0,312.5,186.0,2.0,1375.0,0
301.8,51.3,309.9,116.0,2.0,1418.0,0
298.8,38.2,309.0,169.0,1.0,1592.0,0
299.9,51.0,309.6,119.0,2.0,1462.0,0
301.0,25.8,311.0,174.0,0.0,1804.0,0
301.8,43.3,311.5,134.0,0.0,1443.0,0
302.1,30.9,310.5,107.0,0.0,1696.0,0
299.1,37.8,310.5,46.0,0.0,1485.0,0
299.9,51.2,309.6,98.0,2.0,1410.0,0
297.3,45.0,308.0,77.0,1.0,1403.0,0
296.8,34.7,308.2,191.0,0.0,1643.0,0
304.2,43.4,313.4,56.0,0.0,1421.0,0
300.3,38.7,309.5,35.0,0.0,1474.0,0
298.5,60.8,309.7,96.0,1.0,1354.0,0
297.0,47.5,307.8,168.0,0.0,1414.0,0
300.2,42.8,311.5,88.0,2.0,1454.0,0
303.2,45.6,311.2,25.0,0.0,1427.0,0
298.6,57.6,309.6,50.0,0.0,1387.0,0
297.7,21.9,307.6,61.0,0.0,1844.0,0
297.4,57.4,308.4,52.0,0.0,1371.0,0
300.4,43.6,309.8,203.0,1.0,1435.0,0
300.4,33.4,310.5,32.0,1.0,1540.0,0
297.9,40.8,308.5,157.0,1.0,1449.0,0
297.7,46.8,308.7,188.0,0.0,1474.0,0
301.4,37.6,310.6,77.0,0.0,1481.0,0
304.2,41.3,313.5,161.0,1.0,1532.0,0
300.7,40.0,311.7,0.0,1.0,1532.0,0
303.7,44.1,313.0,40.0,0.0,1457.0,0
300.6,45.2,309.4,73.0,1.0,1312.0,0
300.4,43.3,309.6,66.0,2.0,1416.0,0
300.5,29.1,309.8,145.0,0.0,1663.0,1
302.2,46.8,311.0,150.0,0.0,1463.0,0
299.2,33.5,310.5,35.0,1.0,1548.0,0
302.2,36.0,311.8,158.0,0.0,1618.0,0
300.2,50.2,311.7,71.0,1.0,1397.0,0
302.5,37.3,310.3,168.0,0.0,1551.0,0
301.5,47.5,310.8,30.0,1.0,1385.0,0
299.6,31.0,311.0,122.0,0.0,1708.0,0
297.3,27.4,308.3,121.0,1.0,1697.0,0
301.0,43.4,311.6,133.0,0.0,1470.0,0
299.9,52.0,309.2,107.0,0.0,1436.0,0
303.3,27.3,311.2,27.0,0.0,1763.0,0
303.8,29.6,313.2,147.0,1.0,1732.0,0
298.8,39.5,308.7,89.0,1.0,1498.0,0
300.6,24.4,310.3,211.0,0.0,1794.0,0
299.6,30.8,308.9,80.0,0.0,1613.0,0
296.2,46.7,307.1,194.0,0.0,1444.0,0
298.4,42.2,310.1,94.0,0.0,1455.0,0
300.1,24.3,310.6,97.0,0.0,1809.0,0
300.4,54.6,311.6,111.0,0.0,1332.0,0
302.2,34.0,311.7,28.0,1.0,1576.0,0
300.4,34.0,309.6,6.0,1.0,1563.0,0
300.6,38.4,309.6,68.0,1.0,1503.0,0
297.8,28.4,308.4,179.0,0.0,1685.0,0
299.9,29.1,310.1,197.0,0.0,1681.0,0
298.4,41.3,309.7,159.0,0.0,1419.0,0
297.6,25.3,309.0,66.0,1.0,1815.0,0
301.6,65.8,310.6,75.0,1.0,1309.0,1
301.8,33.3,310.8,190.0,0.0,1557.0,0
301.6,38.9,310.6,0.0,1.0,1553.0,0
300.2,51.0,311.8,46.0,0.0,1379.0,0
299.1,34.2,308.5,153.0,1.0,1592.0,0
300.0,51.7,309.0,2.0,0.0,1454.0,0
298.1,38.9,308.7,0.0,1.0,1547.0,0
299.0,23.3,309.5,73.0,0.0,1861.0,0
299.3,47.6,309.0,156.0,0.0,1415.0,0
297.6,14.4,308.6,171.0,0.0,2384.0,0
299.6,45.9,309.2,133.0,0.0,1425.0,0
299.0,45.1,309.1,179.0,0.0,1394.0,0
299.9,20.4,309.5,165.0,0.0,2008.0,0
301.9,43.6,310.9,45.0,1.0,1456.0,0
299.6,42.9,310.1,42.0,0.0,1487.0,0
302.3,47.0,311.7,11.0,0.0,1414.0,0
298.6,44.8,309.5,36.0,0.0,1547.0,0
302.3,30.4,310.9,218.0,1.0,1710.0,1
301.9,65.9,310.6,29.0,1.0,1260.0,0
300.6,44.6,310.2,69.0,0.0,1519.0,0
298.4,39.6,309.1,78.0,1.0,1467.0,0
299.7,37.8,309.3,214.0,2.0,1494.0,0
300.7,34.5,309.5,197.0,0.0,1479.0,0
299.9,43.9,310.3,154.0,2.0,1535.0,0
297.9,30.7,307.6,134.0,0.0,1612.0,0
302.4,32.3,311.1,196.0,2.0,1578.0,0
299.6,42.7,310.2,81.0,0.0,1473.0,0
301.3,21.9,311.0,189.0,0.0,1856.0,0
297.3,44.5,308.5,140.0,0.0,1528.0,0
297.5,39.9,308.5,110.0,0.0,1373.0,0
303.8,41.9,313.2,145.0,0.0,1525.0,0
299.6,34.2,310.6,151.0,1.0,1633.0,0
304.0,53.9,313.2,7.0,1.0,1437.0,0
298.0,45.8,308.7,114.0,0.0,1511.0,0
299.6,44.3,309.1,67.0,1.0,1471.0,0
297.4,46.4,308.7,174.0,1.0,1392.0,0
300.3,38.1,309.6,140.0,0.0,1593.0,0
296.5,35.1,307.5,206.0,0.0,1566.0,0
301.4,30.3,310.6,2.0,1.0,1630.0,0
301.2,38.2,310.8,139.0,0.0,1479.0,0
297.2,75.4,307.9,172.0,0.0,1326.0,1
300.0,32.4,309.2,4.0,1.0,1635.0,0
300.4,21.3,311.9,92.0,0.0,1868.0,0
298.3,50.1,308.0,96.0,0.0,1363.0,0
297.2,44.4,308.6,9.0,1.0,1498.0,0
301.9,34.5,310.9,46.0,0.0,1616.0,0
297.7,39.9,308.9,12.0,0.0,1575.0,0
296.9,41.8,308.1,127.0,1.0,1357.0,0
302.3,48.7,310.6,114.0,2.0,1525.0,0
301.4,45.3,310.5,183.0,1.0,1451.0,0
302.2,50.0,310.6,132.0,0.0,1386.0,0
302.3,44.5,311.3,83.0,0.0,1457.0,0
302.0,36.3,309.7,209.0,0.0,1414.0,0
295.6,46.2,306.1,24.0,1.0,1418.0,0
298.7,45.1,309.9,51.0,1.0,1411.0,0
300.8,40.2,311.3,73.0,0.0,1498.0,0
297.0,53.0,307.9,115.0,1.0,1422.0,0
300.4,33.0,311.7,200.0,1.0,1511.0,0
300.1,39.8,309.8,115.0,0.0,1532.0,0
300.3,45.2,310.2,48.0,0.0,1471.0,0
298.6,27.8,309.5,44.0,1.0,1684.0,0
302.5,58.5,310.3,55.0,0.0,1326.0,1
299.1,43.9,310.4,79.0,0.0,1550.0,0
297.6,46.3,308.1,149.0,0.0,1437.0,0
301.6,33.9,309.8,89.0,0.0,1588.0,0
299.1,38.5,308.6,166.0,1.0,1491.0,0
300.7,23.6,311.7,47.0,2.0,1864.0,0
298.7,53.6,309.8,134.0,1.0,1343.0,0
297.8,26.1,307.4,52.0,1.0,1752.0,0
303.0,42.1,312.5,76.0,1.0,1524.0,0
300.1,42.2,311.4,139.0,0.0,1438.0,0
298.0,42.6,308.3,107.0,0.0,1473.0,0
298.7,50.3,310.2,54.0,0.0,1404.0,0
303.4,35.1,312.8,107.0,1.0,1622.0,0
303.6,33.6,312.6,184.0,0.0,1606.0,0
296.8,25.2,307.9,148.0,0.0,1718.0,0
300.4,23.4,311.2,133.0,1.0,1831.0,0
304.1,43.9,313.3,182.0,0.0,1452.0,0
300.1,30.4,309.1,92.0,1.0,1731.0,0
298.6,45.4,309.5,38.0,1.0,1426.0,0
301.0,23.5,311.9,198.0,0.0,1889.0,0
298.5,59.1,308.8,115.0,0.0,1332.0,0
302.5,41.9,310.4,156.0,2.0,1422.0,0
297.2,35.7,307.9,169.0,1.0,1541.0,0
297.8,37.9,307.8,33.0,0.0,1573.0,0
297.5,51.5,308.6,21.0,1.0,1349.0,0
302.4,16.0,310.2,154.0,0.0,2224.0,0
302.8,57.5,312.3,187.0,2.0,1336.0,0
297.3,46.5,308.0,73.0,0.0,1420.0,0
303.2,19.0,311.4,5.0,1.0,2102.0,0
296.9,33.3,308.0,67.0,1.0,1641.0,0
299.4,37.2,308.7,126.0,0.0,1512.0,0
301.0,48.1,310.7,145.0,1.0,1493.0,0
297.2,26.4,308.4,146.0,0.0,1677.0,0
298.0,42.6,308.6,54.0,0.0,1532.0,0
301.7,34.5,311.2,139.0,1.0,1563.0,0
297.5,41.9,308.5,32.0,0.0,1446.0,0
301.7,29.9,310.7,73.0,1.0,1659.0,0
300.1,17.5,309.7,173.0,0.0,2151.0,0
298.2,54.0,308.9,18.0,0.0,1278.0,0
302.0,43.4,310.4,167.0,0.0,1448.0,0
298.1,42.8,308.6,0.0,1.0,1551.0,0
300.7,61.7,312.4,102.0,1.0,1371.0,0
298.3,54.3,309.5,89.0,2.0,1427.0,0
298.2,60.9,308.7,163.0,1.0,1269.0,0
300.9,30.4,310.8,55.0,0.0,1701.0,0
298.5,30.6,308.8,11.0,0.0,1589.0,0
300.1,23.0,309.3,125.0,0.0,1841.0,0
300.4,36.5,309.9,72.0,0.0,1567.0,0
298.1,40.5,309.0,58.0,0.0,1497.0,0
297.5,41.5,308.8,223.0,0.0,1533.0,0
298.5,12.1,309.7,102.0,0.0,2617.0,1
298.9,65.7,309.0,191.0,0.0,1410.0,1
298.8,62.8,308.6,81.0,0.0,1331.0,0
297.2,49.6,307.9,167.0,0.0,1309.0,0
303.0,43.0,311.3,210.0,0.0,1466.0,0
302.0,27.2,309.8,4.0,0.0,1701.0,0
299.4,35.7,309.2,75.0,0.0,1556.0,0
301.0,43.5,310.0,21.0,0.0,1480.0,0
299.7,30.3,311.1,125.0,1.0,1618.0,0
297.5,43.5,309.3,195.0,0.0,1404.0,0
300.7,32.4,312.0,5.0,0.0,1550.0,0
301.5,38.9,310.8,9.0,0.0,1512.0,0
300.1,42.6,311.7,208.0,0.0,1503.0,0
296.9,41.8,308.4,184.0,0.0,1390.0,0
299.8,44.6,310.6,116.0,2.0,1423.0,0
300.8,46.0,309.9,180.0,1.0,1444.0,0
300.1,31.1,311.5,203.0,0.0,1659.0,0
300.6,50.4,310.6,64.0,1.0,1403.0,0
303.7,45.5,312.7,192.0,0.0,1426.0,0
299.2,47.2,309.0,0.0,0.0,1408.0,0
300.5,43.2,312.0,108.0,2.0,1375.0,0
302.2,62.4,311.8,31.0,2.0,1330.0,0
297.3,36.7,308.7,116.0,0.0,1531.0,0
301.0,61.4,310.5,77.0,0.0,1248.0,0
297.3,24.5,308.2,41.0,1.0,1846.0,0
304.2,32.7,313.4,63.0,0.0,1639.0,0
298.2,42.9,308.4,183.0,0.0,1478.0,0
298.9,52.7,310.6,2.0,0.0,1387.0,0
300.7,31.4,310.2,48.0,0.0,1639.0,0
301.5,28.0,310.6,220.0,0.0,1579.0,0
297.3,39.5,309.0,168.0,1.0,1556.0,0
300.7,36.4,311.5,20.0,1.0,1569.0,0
301.1,43.4,310.2,54.0,0.0,1496.0,0
298.6,26.3,308.2,177.0,0.0,1705.0,0
302.3,52.2,312.0,165.0,0.0,1354.0,0
300.8,36.6,311.0,109.0,1.0,1580.0,0
303.0,44.0,311.2,142.0,0.0,1456.0,0
303.6,40.1,311.7,85.0,2.0,1476.0,0
301.8,18.6,310.7,51.0,0.0,2092.0,0
300.2,44.4,311.4,141.0,0.0,1483.0,0
296.3,51.1,307.2,177.0,1.0,1286.0,0
302.5,43.0,310.5,189.0,0.0,1463.0,0
300.9,40.5,310.5,57.0,0.0,1599.0,0
303.6,49.5,312.4,109.0,1.0,1504.0,0
297.8,42.6,309.1,17.0,1.0,1432.0,0
302.1,44.6,311.4,31.0,0.0,1549.0,0
298.1,43.7,307.8,200.0,1.0,1384.0,0
304.2,40.2,313.4,98.0,0.0,1475.0,0
299.2,44.0,310.7,19.0,0.0,1477.0,0
300.7,49.1,310.8,71.0,0.0,1479.0,0
296.0,44.2,306.7,46.0,0.0,1416.0,0
303.5,38.5,313.0,82.0,0.0,1482.0,0
299.4,49.7,309.3,9.0,2.0,1439.0,0
297.9,48.6,308.8,75.0,0.0,1386.0,0
295.6,55.6,306.1,215.0,0.0,1372.0,1
298.5,37.3,308.0,29.0,1.0,1519.0,0
296.2,24.3,307.3,40.0,0.0,1881.0,0
297.6,32.7,308.6,83.0,0.0,1576.0,0
300.8,47.3,312.5,123.0,0.0,1423.0,0
296.8,45.4,307.9,70.0,0.0,1420.0,0
298.9,33.5,309.6,175.0,2.0,1600.0,0
300.5,41.8,311.9,205.0,0.0,1511.0,0
299.7,36.4,311.1,135.0,0.0,1574.0,0
303.1,23.3,311.4,161.0,1.0,1831.0,0
299.8,15.9,309.4,201.0,0.0,2256.0,0
300.2,28.8,309.5,92.0,1.0,1642.0,0
299.3,49.3,308.7,215.0,1.0,1390.0,0
302.4,42.8,311.1,163.0,0.0,1565.0,0
302.4,45.5,312.0,206.0,0.0,1457.0,0
300.4,42.1,309.4,182.0,1.0,1362.0,0
301.7,61.2,310.2,47.0,0.0,1331.0,1
298.2,54.4,308.9,75.0,1.0,1326.0,0
301.6,43.6,310.9,15.0,0.0,1532.0,0
302.4,29.7,310.4,125.0,0.0,1666.0,0
298.5,49.6,308.0,152.0,0.0,1379.0,0
302.2,29.2,311.3,5.0,2.0,1749.0,0
299.2,44.1,310.5,91.0,0.0,1458.0,0
297.8,35.8,307.3,190.0,2.0,1555.0,0
298.6,30.6,309.9,2.0,0.0,1630.0,0
303.8,37.2,312.9,203.0,0.0,1589.0,0
302.3,37.5,311.1,73.0,2.0,1543.0,0
298.0,36.3,308.7,5.0,2.0,1503.0,0
300.0,44.5,309.4,181.0,0.0,1395.0,0
303.0,41.7,311.0,120.0,1.0,1409.0,0
301.5,42.3,310.6,83.0,0.0,1405.0,0
298.9,25.7,310.0,51.0,0.0,1776.0,0
299.7,32.4,311.1,60.0,0.0,1650.0,0
298.4,62.3,308.3,20.0,0.0,1433.0,1
298.9,51.1,308.4,138.0,0.0,1301.0,0
301.1,41.6,311.1,202.0,0.0,1570.0,0
299.8,27.5,309.4,29.0,0.0,1633.0,0
295.6,54.8,306.2,49.0,0.0,1287.0,0
301.8,39.6,309.5,227.0,0.0,1525.0,0
301.2,41.4,311.0,131.0,1.0,1424.0,0
300.6,39.6,310.7,60.0,0.0,1543.0,0
301.7,30.0,311.2,161.0,2.0,1639.0,0
300.2,27.1,309.7,104.0,0.0,1771.0,0
301.6,43.7,309.9,102.0,0.0,1397.0,0
300.8,52.3,311.2,77.0,1.0,1429.0,0
298.1,40.9,310.0,49.0,0.0,1553.0,0
297.5,55.6,308.5,128.0,0.0,1375.0,0
301.3,52.7,310.5,106.0,0.0,1337.0,0
301.6,40.1,310.9,139.0,1.0,1575.0,0
300.1,47.7,309.4,26.0,0.0,1560.0,0
301.8,49.5,311.0,168.0,1.0,1393.0,0
298.3,45.1,309.1,138.0,0.0,1403.0,0
299.1,41.2,310.1,185.0,0.0,1416.0,0
300.2,37.2,311.5,67.0,0.0,1549.0,0
303.5,43.7,312.4,20.0,0.0,1481.0,0
298.3,34.8,308.6,175.0,0.0,1570.0,0
298.2,31.4,307.9,192.0,0.0,1544.0,0
303.4,47.1,311.7,213.0,0.0,1406.0,0
298.9,46.4,308.6,2.0,0.0,1522.0,0
302.3,43.1,311.3,115.0,1.0,1444.0,0
301.8,40.3,310.0,185.0,0.0,1493.0,0
300.6,43.1,310.5,31.0,0.0,1509.0,0
297.6,35.8,309.6,57.0,1.0,1592.0,0
300.7,40.7,310.6,82.0,0.0,1447.0,0
299.9,60.9,309.4,57.0,0.0,1363.0,0
301.4,29.8,310.0,44.0,1.0,1651.0,0
303.9,40.0,313.2,100.0,0.0,1481.0,0
298.0,40.5,309.4,53.0,2.0,1490.0,0
300.1,37.9,309.7,34.0,0.0,1481.0,0
300.5,38.1,312.0,39.0,0.0,1461.0,0
298.0,49.7,309.2,94.0,0.0,1378.0,0
297.5,37.2,308.3,103.0,1.0,1622.0,0
300.6,36.3,310.0,95.0,1.0,1478.0,0
300.7,42.0,310.8,147.0,0.0,1475.0,0
300.8,41.4,311.3,75.0,0.0,1462.0,0
300.0,25.7,310.5,123.0,1.0,1790.0,0
302.7,52.8,312.2,164.0,0.0,1376.0,0
298.6,45.1,309.4,176.0,1.0,1407.0,0
303.6,44.1,312.7,118.0,0.0,1418.0,0
302.6,56.5,312.2,168.0,1.0,1353.0,0
302.6,20.2,310.5,40.0,1.0,1965.0,0
300.3,39.6,309.6,85.0,0.0,1568.0,0
302.5,35.6,310.4,176.0,1.0,1580.0,0
299.0,55.7,309.9,201.0,0.0,1373.0,1
302.1,35.1,311.2,57.0,1.0,1616.0,0
300.3,51.6,310.3,50.0,0.0,1483.0,0
303.6,38.5,311.7,64.0,0.0,1546.0,0
301.8,23.6,311.0,30.0,1.0,1839.0,0
298.8,53.9,309.2,135.0,2.0,1425.0,0
303.6,31.9,312.9,53.0,0.0,1588.0,0
300.5,49.3,311.6,92.0,0.0,1444.0,0
298.9,32.0,309.9,60.0,0.0,1592.0,0
298.9,35.4,309.9,96.0,0.0,1526.0,0
299.7,39.9,309.4,91.0,0.0,1399.0,0
297.3,44.4,308.4,34.0,1.0,1449.0,0
297.8,33.2,308.4,177.0,0.0,1714.0,0
295.4,50.7,305.8,192.0,0.0,1407.0,0
300.5,46.5,310.9,137.0,2.0,1447.0,0
303.2,57.0,312.6,144.0,0.0,1281.0,0
299.7,46.1,309.2,173.0,0.0,1411.0,0
301.5,54.9,310.4,153.0,1.0,1350.0,0
302.9,37.7,311.2,73.0,1.0,1467.0,0
297.2,39.6,308.5,181.0,0.0,1494.0,0
299.1,52.8,310.2,41.0,0.0,1352.0,0
298.6,29.3,309.5,47.0,0.0,1687.0,0
301.3,38.5,310.6,47.0,0.0,1510.0,0
303.2,42.5,311.5,227.0,0.0,1544.0,0
299.8,45.6,309.4,156.0,0.0,1408.0,0
298.8,36.3,309.8,69.0,0.0,1508.0,0
297.6,25.2,309.0,24.0,2.0,1885.0,0
302.8,39.4,312.6,22.0,0.0,1462.0,0
302.5,55.5,310.9,101.0,2.0,1356.0,1
303.8,28.0,312.5,170.0,2.0,1655.0,0
301.0,57.2,310.7,174.0,0.0,1300.0,0
299.5,43.3,311.0,136.0,1.0,1451.0,0
299.8,35.4,309.2,158.0,0.0,1572.0,0
299.2,43.3,310.4,37.0,1.0,1504.0,0
300.5,30.5,310.8,132.0,2.0,1631.0,0
300.8,25.7,312.2,150.0,1.0,1664.0,0
298.2,35.5,308.9,15.0,1.0,1614.0,0
301.9,49.8,311.0,174.0,2.0,1430.0,0
300.9,28.7,310.7,39.0,2.0,1609.0,0
298.6,32.3,309.9,6.0,1.0,1668.0,0
299.4,47.3,309.0,86.0,0.0,1404.0,0
303.7,34.8,313.1,50.0,0.0,1721.0,0
297.0,39.0,308.1,103.0,0.0,1537.0,0
297.2,58.1,307.9,184.0,0.0,1337.0,0
297.6,36.9,308.3,61.0,0.0,1623.0,0
299.1,47.9,308.4,67.0,0.0,1426.0,0
297.6,33.8,309.0,22.0,0.0,1528.0,0
303.4,63.9,311.9,59.0,0.0,1298.0,1
300.5,46.3,310.6,173.0,0.0,1448.0,0
296.7,21.3,307.9,130.0,1.0,1874.0,0
302.2,19.9,311.4,200.0,0.0,1987.0,0
300.9,44.0,312.0,162.0,0.0,1533.0,0
297.6,41.3,309.3,17.0,1.0,1415.0,0
298.1,53.8,307.6,129.0,0.0,1364.0,0
297.9,50.7,307.7,13.0,0.0,1353.0,0
298.4,37.1,308.9,0.0,2.0,1577.0,0
299.7,30.0,309.2,168.0,0.0,1620.0,0
301.8,50.1,311.1,149.0,2.0,1463.0,0
302.2,58.6,311.1,102.0,1.0,1434.0,0
297.6,43.2,309.0,7.0,0.0,1491.0,0
298.1,41.8,307.9,79.0,0.0,1502.0,0
298.0,51.3,309.6,122.0,0.0,1403.0,0
298.4,35.0,308.2,24.0,1.0,1610.0,0
300.9,30.9,310.4,200.0,0.0,1615.0,0
300.0,28.6,309.7,112.0,1.0,1652.0,0
297.9,37.6,309.0,47.0,0.0,1532.0,0
299.0,60.9,308.1,117.0,0.0,1242.0,0
299.4,22.1,309.1,55.0,0.0,1957.0,0
298.8,48.1,309.5,159.0,0.0,1374.0,0
303.8,34.6,312.9,14.0,0.0,1573.0,0
296.3,45.9,307.2,180.0,1.0,1446.0,0
302.6,45.4,310.5,0.0,0.0,1461.0,0
297.5,31.3,308.2,3.0,0.0,1647.0,0
300.9,25.3,310.7,164.0,0.0,1740.0,0
298.6,27.5,309.4,154.0,1.0,1774.0,0
300.2,31.0,311.5,193.0,0.0,1685.0,0
297.8,46.3,308.5,194.0,0.0,1561.0,0
299.4,28.4,309.0,139.0,0.0,1660.0,0
299.4,32.6,308.8,124.0,0.0,1627.0,0
303.8,33.4,312.4,203.0,1.0,1597.0,0
300.8,43.4,311.8,223.0,0.0,1417.0,0
302.2,47.5,310.6,109.0,0.0,1346.0,1
297.7,40.1,308.8,82.0,0.0,1515.0,0
297.0,60.1,307.7,128.0,0.0,1315.0,0
296.2,35.2,307.3,53.0,1.0,1477.0,0
301.8,36.5,310.9,33.0,0.0,1449.0,0
302.0,47.2,310.9,54.0,1.0,1456.0,0
300.8,48.1,310.7,198.0,0.0,1358.0,0
297.0,37.2,307.8,189.0,0.0,1583.0,0
300.3,39.9,310.1,174.0,0.0,1483.0,0
299.1,53.8,309.0,18.0,0.0,1405.0,0
299.9,35.8,311.2,175.0,2.0,1495.0,0
302.2,49.0,311.7,66.0,1.0,1466.0,0
298.6,43.3,309.5,33.0,1.0,1404.0,0
301.1,44.1,310.5,103.0,0.0,1428.0,0
300.8,43.5,311.3,71.0,0.0,1524.0,0
299.6,36.3,309.2,35.0,2.0,1597.0,0
300.4,51.2,311.7,174.0,0.0,1444.0,0
299.2,50.4,310.0,226.0,1.0,1349.0,0
297.6,33.1,309.2,155.0,0.0,1611.0,0
298.5,66.7,309.5,12.0,0.0,1294.0,1
303.8,45.4,313.1,36.0,0.0,1394.0,0
298.2,36.0,308.3,92.0,0.0,1568.0,0
299.0,37.7,308.6,126.0,0.0,1429.0,0
303.5,48.7,311.6,60.0,0.0,1465.0,0
297.0,51.4,308.1,76.0,1.0,1355.0,0
301.3,55.7,310.3,125.0,0.0,1419.0,0
299.4,34.1,308.9,176.0,0.0,1583.0,0
296.9,40.3,307.8,150.0,1.0,1544.0,0
298.0,22.7,307.8,79.0,0.0,1839.0,0
299.6,41.4,309.5,168.0,0.0,1453.0,0
301.9,24.8,310.4,17.0,0.0,1708.0,0
303.8,49.3,312.7,167.0,1.0,1364.0,0
300.9,29.1,310.8,14.0,0.0,1708.0,0
303.7,59.3,312.4,137.0,0.0,1316.0,0
301.3,36.1,310.6,163.0,1.0,1499.0,0
298.4,42.7,308.3,186.0,0.0,1422.0,0
300.8,32.1,311.1,116.0,1.0,1583.0,0
301.9,37.5,309.7,135.0,1.0,1568.0,0
298.7,39.9,308.5,67.0,0.0,1469.0,0
302.3,22.9,311.2,55.0,0.0,1903.0,0
300.7,19.7,309.5,2.0,2.0,2007.0,0
297.1,40.4,307.8,92.0,0.0,1536.0,0
298.9,39.1,310.1,53.0,0.0,1523.0,0
298.2,50.3,309.0,150.0,1.0,1353.0,0
300.3,29.9,311.7,193.0,2.0,1655.0,0
298.2,39.9,308.8,53.0,2.0,1606.0,0
300.7,65.3,310.9,66.0,0.0,1356.0,1
302.5,56.9,310.9,97.0,0.0,1330.0,1
301.1,39.6,309.8,167.0,0.0,1519.0,0
302.4,45.1,310.2,168.0,0.0,1351.0,1
298.1,48.0,307.7,73.0,1.0,1445.0,0
303.0,46.8,312.7,99.0,1.0,1426.0,0
303.4,50.8,312.8,94.0,0.0,1360.0,0
299.3,15.4,309.2,207.0,0.0,2280.0,0
303.7,44.5,312.8,55.0,0.0,1448.0,0
304.4,39.1,313.6,0.0,0.0,1568.0,0
302.1,49.2,311.4,52.0,0.0,1391.0,0
298.6,27.6,309.3,143.0,0.0,1702.0,0
300.3,51.4,311.7,170.0,1.0,1319.0,0
304.0,43.1,313.2,96.0,2.0,1517.0,0
297.1,23.5,308.4,155.0,1.0,1880.0,0
298.2,57.8,309.0,8.0,0.0,1377.0,0
297.8,32.9,308.8,70.0,0.0,1579.0,0
302.7,57.7,310.7,19.0,0.0,1398.0,0
299.2,43.5,308.4,224.0,0.0,1445.0,0
297.1,44.4,308.1,0.0,1.0,1352.0,0
300.1,40.9,311.4,93.0,0.0,1430.0,0
301.7,48.0,310.9,66.0,1.0,1435.0,0
299.0,50.0,310.1,45.0,2.0,1432.0,0
298.1,34.1,307.7,138.0,0.0,1650.0,0
300.9,53.8,310.6,131.0,0.0,1350.0,0
301.9,16.1,310.9,42.0,1.0,2305.0,0
300.7,43.6,309.5,240.0,0.0,1479.0,0
300.9,52.5,310.9,107.0,0.0,1370.0,0
299.0,22.8,308.7,96.0,0.0,1892.0,0
298.1,55.7,308.7,30.0,0.0,1341.0,0
302.5,51.6,311.9,205.0,1.0,1414.0,0
301.2,28.0,311.4,6.0,0.0,1757.0,0
298.6,37.5,310.0,27.0,1.0,1512.0,0
298.7,42.5,308.5,46.0,0.0,1483.0,0
300.7,29.8,310.3,6.0,1.0,1659.0,0
298.4,40.1,308.4,179.0,0.0,1515.0,0
302.0,26.0,311.1,10.0,1.0,1769.0,0
302.7,32.1,312.1,188.0,1.0,1564.0,0
298.0,40.1,308.7,45.0,0.0,1619.0,0
298.7,26.9,309.6,73.0,2.0,1755.0,0
299.3,49.4,308.5,93.0,1.0,1404.0,0
295.9,41.1,306.6,113.0,0.0,1557.0,0
301.2,42.3,310.2,42.0,0.0,1385.0,0
299.0,37.4,310.1,56.0,0.0,1463.0,0
299.5,38.5,310.9,162.0,0.0,1496.0,0
303.6,39.7,313.0,115.0,0.0,1534.0,0
301.6,22.9,310.0,18.0,0.0,1869.0,0
300.7,46.5,311.9,186.0,2.0,1389.0,0
302.6,38.0,311.0,144.0,0.0,1424.0,0
298.9,51.7,310.1,192.0,0.0,1361.0,0
299.0,30.0,310.0,53.0,1.0,1667.0,0
298.3,38.0,309.1,93.0,0.0,1437.0,0
298.0,53.4,308.7,104.0,1.0,1392.0,0
299.7,31.4,311.1,141.0,0.0,1603.0,0
301.1,35.8,310.5,81.0,1.0,1547.0,0
303.4,39.4,312.1,197.0,1.0,1499.0,0
303.9,44.4,313.2,119.0,0.0,1540.0,0
299.2,50.0,308.6,193.0,0.0,1381.0,0
300.4,51.3,309.5,4.0,0.0,1525.0,0
298.3,42.3,308.0,86.0,0.0,1486.0,0
297.2,17.3,308.4,119.0,2.0,2182.0,0
300.0,61.8,311.4,10.0,1.0,1352.0,0
302.2,37.1,311.3,10.0,1.0,1510.0,0
303.4,36.4,311.5,114.0,1.0,1560.0,0
298.1,37.8,307.8,203.0,0.0,1540.0,0
301.0,31.6,310.4,84.0,0.0,1614.0,0
302.2,31.4,311.7,2.0,1.0,1653.0,0
301.9,39.9,311.4,153.0,1.0,1465.0,0
300.6,32.7,310.1,44.0,0.0,1656.0,0
298.2,47.9,309.0,97.0,1.0,1413.0,0
300.1,48.5,311.7,205.0,1.0,1400.0,0
297.8,29.0,309.8,178.0,1.0,1676.0,0
300.6,36.7,311.7,17.0,2.0,1500.0,0
298.4,36.7,308.6,122.0,0.0,1591.0,0
299.3,29.9,308.8,201.0,0.0,1636.0,0
296.8,54.4,308.0,17.0,0.0,1391.0,0
297.3,35.7,308.6,120.0,0.0,1511.0,0
299.8,39.4,309.8,155.0,0.0,1542.0,0
298.8,44.8,309.3,63.0,0.0,1450.0,0
302.5,35.5,310.3,158.0,0.0,1584.0,0
300.6,47.8,310.2,21.0,0.0,1489.0,0
303.7,45.9,312.3,121.0,0.0,1384.0,0
296.9,32.0,307.6,10.0,1.0,1685.0,0
297.3,49.0,308.0,61.0,0.0,1447.0,0
295.9,40.9,306.7,107.0,0.0,1547.0,0
304.1,44.6,313.5,113.0,0.0,1469.0,0
300.6,48.1,310.8,88.0,1.0,1389.0,0
300.8,19.2,309.9,194.0,2.0,2041.0,0
299.5,41.5,309.3,181.0,0.0,1523.0,0
301.6,57.8,310.8,195.0,0.0,1355.0,1
303.0,56.2,311.3,146.0,0.0,1365.0,1
298.2,35.8,309.0,43.0,0.0,1601.0,0
298.3,41.2,307.9,149.0,0.0,1507.0,0
301.4,26.5,311.2,43.0,1.0,1727.0,0
301.5,43.6,310.7,56.0,0.0,1466.0,0
300.9,43.8,312.7,112.0,0.0,1416.0,0
301.0,37.6,311.4,103.0,0.0,1573.0,0
297.0,32.3,307.8,197.0,0.0,1683.0,0
298.8,32.8,310.5,4.0,1.0,1678.0,0
298.5,58.7,309.6,123.0,1.0,1364.0,0
298.3,3.8,308.0,57.0,0.0,2886.0,1
297.3,30.2,307.9,80.0,0.0,1628.0,0
301.4,46.5,310.7,101.0,1.0,1470.0,0
300.4,44.6,311.4,127.0,0.0,1424.0,0
298.8,61.9,309.8,79.0,1.0,1288.0,0
302.6,37.0,311.5,211.0,0.0,1599.0,0
298.9,63.6,308.2,30.0,1.0,1372.0,1
301.8,47.9,310.7,53.0,1.0,1429.0,0
302.9,36.3,312.3,141.0,0.0,1578.0,0
298.9,50.9,309.6,183.0,0.0,1365.0,0
299.0,56.8,310.5,136.0,2.0,1336.0,0
303.2,54.6,311.4,226.0,0.0,1238.0,1
299.8,44.4,309.5,14.0,0.0,1476.0,0
302.9,48.7,311.0,130.0,2.0,1469.0,0
296.6,35.1,307.5,60.0,0.0,1557.0,0
297.4,38.0,308.6,33.0,1.0,1522.0,0
303.9,42.8,313.1,97.0,1.0,1473.0,0
300.4,35.0,309.6,119.0,1.0,1521.0,0
301.8,31.0,310.8,76.0,1.0,1619.0,0
299.9,34.6,309.2,111.0,0.0,1598.0,0
298.4,36.1,309.0,191.0,1.0,1507.0,0
303.7,33.8,312.8,63.0,1.0,1634.0,0
298.8,27.6,310.2,56.0,2.0,1707.0,0
302.2,34.6,310.6,163.0,1.0,1570.0,0
297.6,42.3,308.3,193.0,0.0,1478.0,0
302.5,41.6,310.2,16.0,0.0,1477.0,0
301.4,27.9,310.7,170.0,0.0,1706.0,0
302.8,52.1,312.1,79.0,0.0,1441.0,0
297.6,46.4,308.6,13.0,0.0,1355.0,0
299.8,44.4,309.2,214.0,0.0,1479.0,0
299.8,26.3,311.2,150.0,1.0,1745.0,0
299.0,46.2,310.4,168.0,0.0,1452.0,0
302.1,50.3,311.2,11.0,0.0,1447.0,0
301.2,38.3,310.7,49.0,0.0,1568.0,0
303.8,41.7,312.7,125.0,1.0,1500.0,0
299.4,31.2,309.4,199.0,0.0,1701.0,0
300.6,41.3,310.5,68.0,1.0,1462.0,0
297.6,33.7,309.7,165.0,1.0,1541.0,0
299.3,60.6,308.5,8.0,1.0,1304.0,0
300.9,28.9,311.3,183.0,2.0,1668.0,0
297.7,41.0,308.3,101.0,2.0,1488.0,0
297.4,46.0,308.4,124.0,0.0,1421.0,0
298.8,33.6,308.7,71.0,0.0,1490.0,0
298.6,51.4,308.2,168.0,0.0,1390.0,0
300.7,53.1,311.3,66.0,2.0,1374.0,0
301.7,41.4,310.5,153.0,1.0,1458.0,0
298.8,37.0,309.8,47.0,1.0,1534.0,0
297.7,38.8,309.1,165.0,0.0,1435.0,0
300.2,42.3,310.6,113.0,0.0,1431.0,0
302.4,45.9,310.2,50.0,1.0,1485.0,0
299.2,35.7,308.6,138.0,1.0,1586.0,0
298.7,45.7,308.4,192.0,1.0,1507.0,0
299.4,52.6,308.7,205.0,1.0,1487.0,0
302.2,34.6,310.1,17.0,1.0,1572.0,0
300.7,43.5,311.7,222.0,0.0,1524.0,0
303.3,40.6,311.8,205.0,1.0,1536.0,0
302.9,55.0,312.5,12.0,2.0,1357.0,0
301.2,64.6,310.8,45.0,0.0,1233.0,0
298.0,42.1,308.2,146.0,0.0,1459.0,0
300.7,41.9,311.8,207.0,0.0,1478.0,0
298.2,45.8,309.0,80.0,1.0,1446.0,0
301.7,50.0,310.5,169.0,0.0,1354.0,0
304.3,56.0,313.6,19.0,0.0,1409.0,0
302.4,48.5,311.0,81.0,0.0,1462.0,0
301.5,28.8,311.2,39.0,0.0,1700.0,0
301.4,31.1,310.6,171.0,0.0,1634.0,0
302.3,29.7,310.9,137.0,1.0,1742.0,0
301.1,73.6,310.4,49.0,0.0,1312.0,1
300.3,41.6,311.4,97.0,0.0,1544.0,0
297.3,26.1,308.1,154.0,0.0,1762.0,0
300.9,32.7,311.3,170.0,0.0,1613.0,0
303.9,39.8,313.2,107.0,1.0,1624.0,0
302.3,42.8,311.8,38.0,2.0,1475.0,0
298.8,36.2,310.1,181.0,0.0,1574.0,0
301.0,41.8,310.9,170.0,1.0,1515.0,0
297.5,52.3,308.8,152.0,1.0,1471.0,0
296.6,45.5,307.5,199.0,0.0,1439.0,0
297.6,57.5,308.4,88.0,0.0,1353.0,0
300.5,49.6,310.6,10.0,0.0,1368.0,0
298.1,42.0,308.3,184.0,2.0,1530.0,0
299.3,28.0,308.3,6.0,0.0,1651.0,0
300.6,39.2,311.7,2.0,0.0,1432.0,0
296.9,46.9,308.4,186.0,1.0,1450.0,0
301.3,42.4,311.2,7.0,1.0,1438.0,0
295.7,42.5,306.2,121.0,1.0,1423.0,0
297.9,36.1,307.4,225.0,2.0,1604.0,1
300.1,56.7,311.4,50.0,2.0,1377.0,0
304.1,34.6,313.1,33.0,0.0,1666.0,0
301.8,37.6,310.8,204.0,2.0,1470.0,0
296.3,35.0,307.2,192.0,0.0,1646.0,0
299.0,44.1,310.2,246.0,0.0,1412.0,0
299.2,51.2,308.4,56.0,1.0,1330.0,0
303.4,35.8,312.2,90.0,0.0,1580.0,0
298.6,40.7,309.6,106.0,0.0,1533.0,0
297.9,46.9,307.8,85.0,0.0,1459.0,0
302.1,50.3,311.2,146.0,0.0,1422.0,0
297.3,37.0,308.7,184.0,1.0,1542.0,0
298.1,32.8,308.1,65.0,0.0,1616.0,0
298.2,36.6,307.9,105.0,1.0,1529.0,0
302.4,50.1,311.9,188.0,1.0,1398.0,0
299.6,35.0,311.0,133.0,0.0,1574.0,0
299.7,36.0,310.8,190.0,0.0,1589.0,0
302.7,51.4,312.2,157.0,0.0,1405.0,0
303.5,38.4,312.8,92.0,0.0,1607.0,0
297.2,55.6,308.5,163.0,1.0,1364.0,0
297.0,35.8,307.6,20.0,0.0,1680.0,0
299.1,54.5,310.4,104.0,2.0,1369.0,0
302.2,50.0,311.6,51.0,0.0,1462.0,0
303.6,38.3,313.0,54.0,0.0,1575.0,0
303.6,53.7,312.4,214.0,2.0,1460.0,0
302.5,50.6,310.2,148.0,0.0,1329.0,1
300.0,36.2,309.6,53.0,1.0,1618.0,0
297.3,38.2,308.4,87.0,1.0,1521.0,0
296.6,40.2,307.6,96.0,0.0,1459.0,0
300.8,36.0,311.6,23.0,0.0,1568.0,0
297.8,46.9,307.5,113.0,1.0,1405.0,0
298.9,34.3,308.5,126.0,0.0,1559.0,0
298.5,58.7,308.8,26.0,0.0,1305.0,0
303.5,34.8,312.3,121.0,1.0,1624.0,0
303.1,40.1,312.9,107.0,0.0,1511.0,0
301.9,32.4,310.3,100.0,2.0,1653.0,0
297.1,54.1,308.3,179.0,0.0,1403.0,0
302.4,45.9,311.1,169.0,0.0,1484.0,0
298.0,34.3,308.7,191.0,0.0,1629.0,0
300.0,41.7,311.5,130.0,0.0,1455.0,0
297.4,55.1,308.0,63.0,1.0,1355.0,0
296.9,37.0,307.8,84.0,0.0,1605.0,0
303.7,43.3,312.7,168.0,0.0,1468.0,0
300.6,21.4,309.5,64.0,0.0,2025.0,0
297.7,24.6,309.3,15.0,0.0,1893.0,0
303.6,30.8,311.8,104.0,1.0,1627.0,0
303.9,62.3,312.7,156.0,0.0,1339.0,0
298.5,44.5,309.6,124.0,1.0,1438.0,0
300.5,36.2,309.4,103.0,2.0,1642.0,0
299.6,31.2,310.9,120.0,2.0,1679.0,0
295.8,35.2,306.5,86.0,0.0,1505.0,0
297.4,38.3,308.3,0.0,0.0,1561.0,0
296.9,38.2,308.3,175.0,0.0,1555.0,0
298.8,38.7,308.5,66.0,1.0,1510.0,0
300.1,29.3,311.4,71.0,0.0,1729.0,0
301.4,37.4,310.6,74.0,1.0,1464.0,0
300.6,29.4,312.0,134.0,0.0,1670.0,0
302.6,42.0,312.1,181.0,1.0,1445.0,0
299.3,45.4,308.5,37.0,1.0,1422.0,0
297.5,48.0,308.5,131.0,0.0,1335.0,0
298.0,19.0,308.2,143.0,1.0,2090.0,0
298.5,33.9,308.7,128.0,0.0,1575.0,0
300.4,26.0,311.0,197.0,0.0,1802.0,0
298.9,54.8,310.2,140.0,0.0,1409.0,0
303.4,23.5,312.2,59.0,1.0,1972.0,0
299.5,42.3,309.3,149.0,0.0,1520.0,0
303.4,28.4,312.0,200.0,1.0,1748.0,0
303.6,33.2,311.8,155.0,0.0,1614.0,0
301.3,47.2,310.4,193.0,0.0,1504.0,0
297.6,40.2,308.3,0.0,1.0,1538.0,0
296.5,43.5,307.4,194.0,1.0,1565.0,0
300.5,26.5,309.9,101.0,1.0,1780.0,0
298.3,23.9,310.0,114.0,0.0,1858.0,0
302.2,41.8,311.2,66.0,0.0,1451.0,0
298.5,31.8,309.4,108.0,2.0,1671.0,0
301.1,47.6,310.6,10.0,0.0,1417.0,0
298.1,41.9,308.9,113.0,0.0,1367.0,0
301.7,32.5,310.9,201.0,1.0,1644.0,0
303.3,27.9,311.4,55.0,2.0,1692.0,0
296.9,50.7,308.0,43.0,1.0,1409.0,0
300.9,42.1,309.7,181.0,0.0,1460.0,0
300.8,46.8,310.3,182.0,2.0,1457.0,0
299.7,27.8,309.1,192.0,0.0,1715.0,0
304.1,50.1,313.2,43.0,0.0,1434.0,0
300.0,45.8,309.0,81.0,1.0,1368.0,0
301.5,44.3,310.5,43.0,2.0,1538.0,0
299.0,39.8,310.4,120.0,0.0,1524.0,0
299.9,44.9,311.4,108.0,1.0,1480.0,0
299.1,36.2,308.6,169.0,1.0,1441.0,0
301.9,40.3,310.5,130.0,1.0,1590.0,0
301.9,44.7,309.8,131.0,0.0,1507.0,0
299.1,38.4,310.8,185.0,1.0,1517.0,0
295.7,26.2,306.5,97.0,0.0,1737.0,0
303.4,44.1,311.7,192.0,1.0,1353.0,1
298.9,46.5,308.6,122.0,0.0,1413.0,0
297.6,34.3,308.3,41.0,0.0,1595.0,0
303.0,20.2,311.1,137.0,0.0,1980.0,0
297.2,43.7,308.5,171.0,0.0,1446.0,0
299.3,32.6,310.4,177.0,0.0,1629.0,0
300.8,40.1,310.5,220.0,2.0,1559.0,0
302.1,53.6,310.6,5.0,0.0,1385.0,0
300.6,49.6,309.5,29.0,0.0,1471.0,0
299.6,27.7,309.5,159.0,0.0,1803.0,0
298.8,59.0,310.3,94.0,1.0,1366.0,0
300.7,32.7,309.7,0.0,2.0,1623.0,0
302.2,34.6,311.1,94.0,0.0,1630.0,0
298.0,34.8,309.1,40.0,1.0,1574.0,0
300.6,31.8,311.6,52.0,1.0,1630.0,0
302.4,40.8,311.2,204.0,2.0,1506.0,0
297.5,45.3,309.4,129.0,2.0,1368.0,0
300.1,51.4,311.6,76.0,1.0,1433.0,0
298.1,43.7,307.5,153.0,0.0,1493.0,0
302.6,33.2,310.3,82.0,0.0,1642.0,0
301.5,34.3,310.5,166.0,2.0,1551.0,0
297.5,52.1,308.6,24.0,1.0,1327.0,0
300.5,27.5,311.9,209.0,1.0,1730.0,0
297.4,46.9,308.2,199.0,2.0,1359.0,0
300.1,35.8,309.7,160.0,0.0,1601.0,0
300.5,46.2,309.4,93.0,2.0,1360.0,0
302.3,44.5,311.7,152.0,2.0,1449.0,0
297.5,30.1,308.5,40.0,1.0,1699.0,0
297.2,40.7,308.5,158.0,1.0,1604.0,0
299.8,41.7,309.6,85.0,0.0,1526.0,0
303.5,52.9,312.0,80.0,2.0,1397.0,0
304.1,34.6,313.2,139.0,2.0,1586.0,0
296.5,42.1,307.3,162.0,0.0,1501.0,0
302.2,47.0,311.1,61.0,0.0,1418.0,0
300.4,12.8,309.9,81.0,2.0,2563.0,1
299.2,46.6,308.5,63.0,0.0,1438.0,0
297.6,35.0,309.3,6.0,0.0,1610.0,0
302.0,35.6,310.4,117.0,0.0,1611.0,0
298.2,40.5,309.0,192.0,1.0,1508.0,0
300.5,54.1,312.0,27.0,1.0,1382.0,0
297.1,36.2,308.5,0.0,0.0,1555.0,0
298.6,55.4,309.4,145.0,0.0,1375.0,0
299.8,37.7,309.7,124.0,1.0,1556.0,0
298.1,30.7,307.7,145.0,1.0,1633.0,0
298.3,44.1,309.6,197.0,0.0,1420.0,0
302.7,48.3,310.9,80.0,0.0,1395.0,0
296.3,49.0,307.3,13.0,0.0,1444.0,0
300.4,42.2,311.8,14.0,0.0,1433.0,0
303.4,54.0,311.4,44.0,1.0,1307.0,1
297.0,34.1,307.8,94.0,1.0,1579.0,0
302.2,32.8,311.1,77.0,1.0,1640.0,0
301.2,24.0,310.6,84.0,0.0,1811.0,0
300.7,33.2,310.5,48.0,0.0,1561.0,0
298.0,58.5,307.6,155.0,1.0,1301.0,0
299.4,46.6,309.3,185.0,0.0,1391.0,0
298.9,42.9,308.5,121.0,1.0,1534.0,0
296.9,29.3,308.0,13.0,0.0,1713.0,0
298.8,20.6,309.7,25.0,0.0,1953.0,0
303.8,44.3,312.5,195.0,1.0,1448.0,0
300.7,49.3,311.0,106.0,1.0,1418.0,0
300.5,36.6,311.2,205.0,1.0,1551.0,0
297.5,48.5,308.9,193.0,0.0,1459.0,0
299.9,33.2,309.2,0.0,2.0,1525.0,0
299.2,41.3,310.3,158.0,0.0,1507.0,0
303.2,39.9,312.5,146.0,0.0,1518.0,0
300.3,18.5,311.8,204.0,2.0,2141.0,0
298.6,55.0,309.5,65.0,1.0,1366.0,0
298.2,33.0,308.3,181.0,1.0,1560.0,0
303.4,42.8,312.3,92.0,0.0,1479.0,0
301.5,38.5,309.8,81.0,0.0,1549.0,0
304.0,47.1,313.1,90.0,0.0,1404.0,0
300.3,60.1,311.5,58.0,0.0,1403.0,0
299.6,43.1,309.2,160.0,0.0,1450.0,0
302.0,41.0,310.6,184.0,1.0,1563.0,0
302.7,30.0,311.8,12.0,1.0,1728.0,0
298.0,35.6,308.9,153.0,0.0,1578.0,0
301.1,48.9,309.6,160.0,0.0,1502.0,0
299.3,41.3,310.5,17.0,0.0,1529.0,0
301.2,27.3,310.7,35.0,2.0,1747.0,0
301.8,43.4,310.8,29.0,0.0,1546.0,0
300.5,30.2,309.7,139.0,0.0,1560.0,0
297.9,62.9,308.0,41.0,0.0,1296.0,0
299.2,50.4,308.5,220.0,0.0,1378.0,1
301.4,35.2,310.7,23.0,0.0,1568.0,0
299.3,37.5,308.4,203.0,1.0,1542.0,1
297.6,50.0,309.1,62.0,0.0,1394.0,0
298.2,51.8,308.4,76.0,2.0,1398.0,0
297.8,33.5,307.9,13.0,2.0,1600.0,0
297.0,28.5,307.7,186.0,0.0,1731.0,0
296.7,34.6,307.4,114.0,0.0,1535.0,0
301.3,51.4,310.4,199.0,0.0,1414.0,0
298.8,21.6,309.8,126.0,2.0,1911.0,0
303.9,34.3,313.3,161.0,1.0,1507.0,0
298.3,26.0,308.0,96.0,1.0,1766.0,0
297.8,56.5,307.8,98.0,0.0,1383.0,0
298.8,49.6,309.7,129.0,0.0,1424.0,0
298.5,36.7,309.7,0.0,0.0,1613.0,0
301.1,43.9,310.6,73.0,1.0,1410.0,0
300.8,31.9,311.2,178.0,1.0,1634.0,0
299.1,36.6,309.9,215.0,0.0,1586.0,0
301.1,37.5,310.5,119.0,0.0,1532.0,0
302.4,24.8,311.5,45.0,0.0,1785.0,0
300.7,38.3,311.0,99.0,0.0,1496.0,0
300.8,36.5,310.2,195.0,1.0,1598.0,0
297.3,36.1,308.8,70.0,0.0,1554.0,0
298.8,35.0,308.5,29.0,0.0,1490.0,0
301.1,55.3,310.2,9.0,0.0,1455.0,0
299.8,28.5,309.7,103.0,1.0,1705.0,0
303.4,45.0,311.8,16.0,0.0,1499.0,0
302.3,35.7,311.8,197.0,1.0,1463.0,0
302.7,39.3,310.5,73.0,0.0,1520.0,0
301.9,41.8,311.2,18.0,2.0,1474.0,0
297.2,30.4,307.9,82.0,1.0,1687.0,0
297.5,37.5,309.3,20.0,0.0,1564.0,0
300.6,42.4,310.0,90.0,2.0,1419.0,0
297.5,29.4,308.6,136.0,0.0,1671.0,0
297.6,20.6,309.5,37.0,0.0,1924.0,0
300.1,64.7,310.1,57.0,0.0,1306.0,0
301.8,43.3,310.7,68.0,1.0,1309.0,0
299.3,32.4,310.9,5.0,0.0,1669.0,0
301.1,52.8,311.0,194.0,2.0,1339.0,0
298.2,62.3,308.1,149.0,0.0,1379.0,0
297.9,37.6,307.7,72.0,0.0,1546.0,0
300.6,42.3,310.1,132.0,0.0,1495.0,0
302.3,44.8,311.8,98.0,0.0,1435.0,0
298.6,35.5,310.0,44.0,1.0,1681.0,0
302.2,48.6,311.3,104.0,0.0,1475.0,0
301.0,39.9,312.2,61.0,0.0,1510.0,0
302.2,32.1,311.4,41.0,0.0,1609.0,0
304.2,47.2,313.5,102.0,1.0,1437.0,0
300.3,56.1,309.9,12.0,0.0,1393.0,0
300.4,28.2,309.3,207.0,0.0,1766.0,0
299.1,31.1,310.3,242.0,0.0,1619.0,0
295.6,42.5,306.2,58.0,0.0,1424.0,0
300.4,40.4,309.4,112.0,2.0,1530.0,0
297.4,39.0,308.9,181.0,1.0,1376.0,0
302.3,32.3,310.9,0.0,1.0,1627.0,0
302.3,39.0,311.7,127.0,2.0,1482.0,0
297.8,54.1,307.5,157.0,0.0,1372.0,0
300.5,30.4,311.6,170.0,1.0,1658.0,0
300.6,30.4,309.7,121.0,0.0,1639.0,0
300.1,46.7,309.1,77.0,0.0,1400.0,0
297.4,49.7,308.2,41.0,0.0,1402.0,0
298.2,44.5,307.7,89.0,0.0,1459.0,0
298.6,60.5,308.3,32.0,0.0,1278.0,0
300.9,28.5,310.7,18.0,0.0,1658.0,0
298.7,33.3,310.2,36.0,1.0,1598.0,0
300.7,48.3,311.0,70.0,0.0,1403.0,0
302.5,40.2,312.0,174.0,1.0,1521.0,0
296.6,25.8,307.4,72.0,1.0,1790.0,0
297.4,53.5,308.8,169.0,2.0,1324.0,0
302.5,54.0,310.2,86.0,0.0,1307.0,1
301.0,41.3,311.2,16.0,1.0,1394.0,0
297.7,28.8,309.2,152.0,1.0,1732.0,0
299.4,45.7,310.7,213.0,0.0,1426.0,0
301.2,41.2,310.7,82.0,0.0,1551.0,0
303.7,33.7,312.4,149.0,1.0,1546.0,0
297.9,52.4,307.6,178.0,0.0,1430.0,0
303.8,25.1,312.5,175.0,2.0,1748.0,0
298.8,39.7,309.9,77.0,0.0,1525.0,0
297.6,53.9,308.3,132.0,0.0,1424.0,0
298.3,20.6,307.6,176.0,0.0,1942.0,0
297.3,37.4,309.0,171.0,0.0,1548.0,0
302.3,36.4,311.2,114.0,0.0,1633.0,0
300.5,45.7,311.9,54.0,0.0,1403.0,0
299.3,24.8,308.9,196.0,1.0,1767.0,0
299.3,23.5,309.0,100.0,0.0,1786.0,0
300.6,49.1,309.6,74.0,0.0,1423.0,0
302.6,27.1,312.2,32.0,0.0,1695.0,0
299.5,52.4,310.8,112.0,0.0,1283.0,0
303.8,35.2,312.9,69.0,1.0,1594.0,0
297.7,26.3,308.9,24.0,0.0,1742.0,0
301.7,33.0,310.5,171.0,1.0,1724.0,0
300.5,32.0,310.6,184.0,1.0,1621.0,0
298.9,34.4,308.3,9.0,0.0,1660.0,0
299.7,64.8,309.2,71.0,0.0,1326.0,0
299.0,54.2,308.6,110.0,0.0,1297.0,0
300.0,27.9,309.2,5.0,0.0,1759.0,0
301.4,60.6,310.5,103.0,1.0,1217.0,0
302.2,48.1,311.4,40.0,0.0,1390.0,0
302.8,43.2,310.6,203.0,0.0,1404.0,0
304.0,54.6,313.3,102.0,0.0,1294.0,0
300.3,38.5,311.4,101.0,0.0,1526.0,0
297.0,39.9,307.8,175.0,0.0,1500.0,0
298.8,40.2,309.6,152.0,2.0,1516.0,0
298.2,30.0,308.0,3.0,0.0,1658.0,0
298.8,41.1,308.4,128.0,0.0,1473.0,0
299.0,33.2,310.0,144.0,0.0,1672.0,0
303.9,47.2,313.2,2.0,1.0,1350.0,0
296.9,39.2,307.9,133.0,0.0,1535.0,0
300.2,41.1,311.6,60.0,2.0,1496.0,0
302.2,50.5,311.6,69.0,1.0,1386.0,0
302.8,30.9,312.2,58.0,0.0,1682.0,0
295.5,52.4,305.9,202.0,1.0,1380.0,0
303.4,55.3,312.7,31.0,1.0,1357.0,0
303.8,40.0,312.8,154.0,0.0,1503.0,0
300.7,36.5,309.6,71.0,1.0,1525.0,0
297.9,39.0,307.6,35.0,0.0,1550.0,0
296.9,54.5,307.8,172.0,2.0,1345.0,0
296.9,37.8,307.8,104.0,2.0,1549.0,0
297.5,35.1,309.1,213.0,0.0,1515.0,0
298.7,48.1,309.6,186.0,1.0,1382.0,0
298.3,27.3,308.8,168.0,0.0,1767.0,0
299.6,38.3,311.0,124.0,0.0,1430.0,0
301.8,34.9,310.5,139.0,0.0,1593.0,0
301.6,30.1,310.6,40.0,1.0,1691.0,0
297.0,30.7,308.2,124.0,1.0,1702.0,0
297.5,56.5,308.2,189.0,0.0,1327.0,0
301.5,41.9,310.6,140.0,1.0,1447.0,0
297.5,44.3,308.4,25.0,1.0,1403.0,0
298.7,49.6,308.4,135.0,1.0,1430.0,0
302.5,37.6,311.4,209.0,0.0,1559.0,0
298.8,51.5,308.9,0.0,0.0,1398.0,0
301.7,44.0,310.1,61.0,1.0,1431.0,0
301.8,27.2,311.0,162.0,0.0,1771.0,0
302.6,36.4,310.8,160.0,0.0,1486.0,0
300.1,58.7,309.1,86.0,0.0,1353.0,0
299.1,29.6,310.2,8.0,0.0,1695.0,0
299.2,51.3,308.4,96.0,0.0,1350.0,0
297.2,31.1,308.0,191.0,1.0,1765.0,0
303.3,30.6,311.4,50.0,2.0,1651.0,0
297.5,56.0,308.4,73.0,0.0,1384.0,0
301.0,41.5,312.2,140.0,1.0,1499.0,0
297.3,35.7,308.2,9.0,0.0,1601.0,0
300.4,46.9,310.6,19.0,0.0,1429.0,0
303.3,47.4,311.3,18.0,0.0,1393.0,0
298.9,41.8,308.7,165.0,0.0,1504.0,0
300.0,45.9,309.6,16.0,0.0,1364.0,0
297.6,48.2,308.7,145.0,0.0,1455.0,0
297.3,43.9,308.3,13.0,0.0,1484.0,0
300.0,47.8,311.1,179.0,0.0,1425.0,0
300.0,30.2,309.5,11.0,0.0,1675.0,0
300.4,54.5,309.6,122.0,0.0,1379.0,0
298.7,47.0,308.5,190.0,0.0,1353.0,0
297.5,45.2,308.3,34.0,1.0,1459.0,0
298.1,50.6,308.9,108.0,0.0,1313.0,0
300.7,44.3,311.0,72.0,1.0,1413.0,0
300.6,63.2,309.4,45.0,1.0,1367.0,1
301.8,29.8,311.1,177.0,1.0,1597.0,0
298.9,62.7,310.1,161.0,2.0,1366.0,0
299.1,49.5,310.0,205.0,2.0,1431.0,0
303.4,36.0,312.3,69.0,0.0,1502.0,0
302.8,51.4,312.1,54.0,0.0,1418.0,0
298.6,50.5,310.2,12.0,1.0,1328.0,0
300.7,48.5,309.6,7.0,2.0,1390.0,0
302.1,22.7,311.4,194.0,0.0,1889.0,0
298.9,43.8,310.0,15.0,1.0,1456.0,0
302.6,35.1,310.4,25.0,1.0,1544.0,0
300.5,18.9,311.0,9.0,0.0,2074.0,0
300.5,34.5,310.5,63.0,0.0,1646.0,0
303.4,38.7,312.8,103.0,1.0,1518.0,0
297.9,43.2,307.7,97.0,2.0,1464.0,0
300.2,35.1,309.6,44.0,1.0,1528.0,0
299.4,56.7,308.7,102.0,0.0,1381.0,0
300.0,28.7,309.6,51.0,0.0,1738.0,0
300.3,44.0,309.5,59.0,2.0,1438.0,0
298.0,32.3,308.1,30.0,1.0,1587.0,0
300.8,29.2,310.8,149.0,0.0,1634.0,0
301.3,25.5,310.7,46.0,1.0,1819.0,0
301.6,33.7,310.6,137.0,0.0,1621.0,0
299.0,30.6,308.9,14.0,0.0,1615.0,0
297.6,44.9,307.1,14.0,1.0,1471.0,0
300.7,47.0,311.8,119.0,0.0,1420.0,0
304.1,45.3,313.0,28.0,0.0,1408.0,0
297.5,24.7,309.4,98.0,0.0,1803.0,0
297.4,30.8,308.9,196.0,2.0,1645.0,0
301.1,46.9,310.1,35.0,0.0,1417.0,0
298.9,18.0,310.1,61.0,0.0,2109.0,0
301.7,46.0,309.8,109.0,0.0,1398.0,0
299.0,16.6,308.7,208.0,0.0,2250.0,0
300.5,46.0,309.3,89.0,0.0,1465.0,0
303.1,34.8,311.2,25.0,0.0,1679.0,0
303.0,21.9,312.3,132.0,0.0,1932.0,0
298.9,43.8,309.6,180.0,1.0,1434.0,0
295.6,49.2,306.1,158.0,1.0,1462.0,0
300.3,50.2,311.4,109.0,1.0,1371.0,0
298.9,37.9,310.1,73.0,1.0,1484.0,0
302.9,34.8,312.4,150.0,0.0,1561.0,0
297.1,42.5,308.4,146.0,0.0,1488.0,0
302.7,44.5,312.4,49.0,1.0,1422.0,0
301.4,30.7,310.6,90.0,0.0,1648.0,0
304.0,47.1,313.2,144.0,0.0,1314.0,0
300.2,43.9,310.2,193.0,0.0,1378.0,0
301.1,51.1,311.0,190.0,0.0,1378.0,0
300.1,46.9,309.1,116.0,0.0,1478.0,0
302.5,36.0,310.3,72.0,0.0,1523.0,0
300.9,40.4,310.4,92.0,1.0,1576.0,0
297.3,52.3,308.1,2.0,2.0,1477.0,0
299.6,34.8,309.3,115.0,0.0,1558.0,0
300.0,51.2,309.3,173.0,0.0,1397.0,0
300.6,37.0,309.6,50.0,1.0,1588.0,0
297.4,45.8,308.6,120.0,2.0,1420.0,0
298.7,39.3,309.7,94.0,2.0,1565.0,0
296.8,40.0,307.6,130.0,0.0,1513.0,0
298.9,53.2,310.1,189.0,1.0,1469.0,0
300.6,42.9,309.8,12.0,1.0,1447.0,0
298.4,52.9,308.7,130.0,2.0,1344.0,0
298.6,30.2,309.8,113.0,0.0,1544.0,0
297.4,36.0,309.3,126.0,1.0,1564.0,0
300.0,29.6,311.4,30.0,0.0,1655.0,0
302.7,43.7,310.7,13.0,0.0,1433.0,0
298.1,29.6,308.5,20.0,0.0,1665.0,0
298.7,59.1,309.7,125.0,0.0,1293.0,0
299.1,45.6,310.1,44.0,0.0,1367.0,0
299.2,28.2,308.2,14.0,1.0,1674.0,0
297.2,53.0,308.6,39.0,0.0,1335.0,0
300.7,52.3,310.2,9.0,2.0,1479.0,0
300.5,51.4,311.4,60.0,1.0,1312.0,0
298.0,32.3,307.7,200.0,0.0,1643.0,0
302.3,47.7,311.2,88.0,1.0,1405.0,0
297.4,39.0,308.8,128.0,0.0,1467.0,0
301.4,41.9,311.1,142.0,0.0,1494.0,0
298.0,27.8,307.5,163.0,1.0,1784.0,0
302.6,32.2,312.0,70.0,0.0,1674.0,0
300.6,49.5,310.0,174.0,0.0,1425.0,0
300.7,22.2,310.5,111.0,1.0,1863.0,0
297.7,34.2,308.8,114.0,0.0,1616.0,0
301.5,47.1,310.7,115.0,1.0,1359.0,0
299.3,50.4,309.0,140.0,0.0,1447.0,0
299.2,46.8,308.4,2.0,0.0,1434.0,0
302.1,48.2,310.1,166.0,1.0,1379.0,1
300.8,28.7,309.6,22.0,0.0,1680.0,0
304.0,46.6,312.9,0.0,2.0,1495.0,0
300.6,44.2,309.4,84.0,1.0,1432.0,0
300.8,50.7,312.5,121.0,0.0,1434.0,0
297.1,44.7,307.9,88.0,0.0,1496.0,0
298.9,24.1,308.6,213.0,0.0,1771.0,0
297.3,29.4,308.6,166.0,2.0,1688.0,0
300.6,42.8,310.4,124.0,2.0,1510.0,0
298.2,45.1,308.7,49.0,0.0,1407.0,0
298.2,33.8,307.8,100.0,1.0,1566.0,0
298.8,38.5,310.0,55.0,1.0,1486.0,0
300.5,45.1,312.0,151.0,0.0,1453.0,0
300.7,26.5,311.2,63.0,1.0,1769.0,0
298.6,35.9,309.8,213.0,0.0,1597.0,0
300.2,49.3,309.3,59.0,0.0,1366.0,0
297.7,24.9,308.7,17.0,0.0,1829.0,0
302.0,22.0,310.5,106.0,0.0,1978.0,0
299.1,46.6,310.0,27.0,0.0,1394.0,0
300.9,38.1,310.8,125.0,0.0,1490.0,0
299.2,37.4,308.8,109.0,1.0,1503.0,0
300.5,44.8,311.7,83.0,0.0,1445.0,0
299.5,38.5,310.0,52.0,0.0,1502.0,0
300.0,26.9,310.2,193.0,0.0,1760.0,0
299.9,25.6,309.2,115.0,0.0,1761.0,0
298.9,48.8,309.7,147.0,0.0,1449.0,0
298.9,44.4,309.1,198.0,0.0,1369.0,0
300.2,42.2,309.1,40.0,1.0,1406.0,0
297.9,42.8,307.7,125.0,1.0,1527.0,0
300.6,32.8,309.6,53.0,0.0,1684.0,0
299.3,43.5,310.8,15.0,0.0,1483.0,0
298.3,54.7,308.9,91.0,0.0,1379.0,0
298.9,47.6,308.9,15.0,0.0,1422.0,0
301.2,50.1,310.9,141.0,0.0,1413.0,0
297.8,27.3,307.9,35.0,1.0,1726.0,0
304.2,46.0,313.6,149.0,0.0,1411.0,0
299.0,41.1,310.2,54.0,0.0,1490.0,0
297.6,47.5,308.6,75.0,0.0,1383.0,0
303.0,28.8,312.2,117.0,2.0,1624.0,0
304.2,40.0,313.6,154.0,0.0,1469.0,0
300.6,35.3,311.9,0.0,1.0,1629.0,0
299.8,43.5,310.8,156.0,1.0,1463.0,0
300.5,25.5,309.3,98.0,1.0,1881.0,0
298.0,47.0,308.7,208.0,0.0,1506.0,0
299.9,35.5,311.2,162.0,1.0,1579.0,0
296.9,41.0,308.0,120.0,0.0,1514.0,0
297.7,32.2,309.6,210.0,2.0,1697.0,0
303.4,47.0,311.8,210.0,1.0,1341.0,1
300.5,51.7,309.8,202.0,0.0,1305.0,0
300.7,48.2,311.0,128.0,0.0,1318.0,0
297.7,48.9,309.3,147.0,2.0,1400.0,0
301.5,52.1,311.1,121.0,0.0,1426.0,0
297.4,28.8,308.3,33.0,0.0,1723.0,0
298.7,40.0,309.5,160.0,0.0,1446.0,0
300.6,42.6,309.7,23.0,1.0,1428.0,0
300.3,46.2,311.5,62.0,0.0,1466.0,0
298.9,38.5,310.5,27.0,1.0,1525.0,0
300.0,28.3,311.5,94.0,0.0,1812.0,0
303.5,39.2,311.9,24.0,0.0,1515.0,0
298.2,49.9,308.1,69.0,0.0,1462.0,0
296.9,38.8,308.3,189.0,0.0,1513.0,0
301.0,19.7,310.8,17.0,0.0,1975.0,0
300.5,23.8,309.4,31.0,1.0,1877.0,0
303.7,31.8,312.8,203.0,1.0,1685.0,0
301.4,39.5,310.5,0.0,0.0,1633.0,0
298.1,45.6,308.4,105.0,0.0,1438.0,0
302.3,43.4,311.8,175.0,1.0,1443.0,0
300.8,35.8,310.5,54.0,1.0,1511.0,0
302.2,29.6,311.2,115.0,1.0,1663.0,0
301.8,31.7,310.9,202.0,0.0,1609.0,0
298.9,54.0,308.5,6.0,2.0,1415.0,0
300.3,39.7,311.8,121.0,0.0,1547.0,0
303.8,45.1,312.5,143.0,1.0,1366.0,0
301.3,44.0,310.6,114.0,2.0,1527.0,0
303.7,35.5,312.6,138.0,2.0,1514.0,0
300.9,46.0,312.1,166.0,0.0,1462.0,0
299.1,46.1,310.4,176.0,0.0,1505.0,0
300.7,33.2,312.3,100.0,0.0,1577.0,0
300.0,45.7,309.1,11.0,1.0,1463.0,0
301.4,47.2,309.9,22.0,2.0,1460.0,0
298.1,27.7,307.6,23.0,1.0,1764.0,0
301.7,30.8,310.2,42.0,2.0,1620.0,0
300.2,33.4,309.5,183.0,1.0,1564.0,0
303.5,36.5,312.4,191.0,0.0,1503.0,0
297.9,47.9,309.5,127.0,0.0,1390.0,0
297.1,34.6,308.1,208.0,0.0,1487.0,0
302.8,32.9,312.2,159.0,1.0,1615.0,0
300.6,53.6,309.6,66.0,0.0,1426.0,0
300.5,24.3,309.7,28.0,0.0,1887.0,0
301.1,29.6,311.2,186.0,0.0,1774.0,0
300.7,47.7,311.9,179.0,0.0,1419.0,0
298.7,42.7,309.6,180.0,1.0,1452.0,0
301.0,47.0,311.3,71.0,0.0,1349.0,0
300.5,46.3,311.3,49.0,0.0,1475.0,0
299.2,35.0,308.4,201.0,0.0,1465.0,0
301.5,20.2,310.6,210.0,0.0,1998.0,0
303.0,45.7,311.2,184.0,0.0,1511.0,0
295.5,29.5,306.0,176.0,0.0,1621.0,0
298.0,45.6,307.7,184.0,0.0,1435.0,0
301.4,25.7,311.0,182.0,0.0,1733.0,0
297.5,44.5,308.4,4.0,0.0,1441.0,0
301.5,37.4,310.6,37.0,1.0,1573.0,0
298.6,44.3,309.1,29.0,2.0,1423.0,0
301.4,37.5,310.4,193.0,0.0,1471.0,0
297.4,38.0,308.0,154.0,0.0,1423.0,0
301.7,42.4,311.2,113.0,0.0,1517.0,0
299.1,45.2,308.2,45.0,1.0,1435.0,0
298.3,30.3,309.5,148.0,0.0,1711.0,0
302.4,36.6,311.9,212.0,1.0,1439.0,0
299.2,38.0,308.4,98.0,1.0,1538.0,0
298.3,33.4,307.7,106.0,1.0,1602.0,0
303.9,48.5,313.4,174.0,0.0,1442.0,0
300.2,53.6,310.0,184.0,0.0,1389.0,0
302.1,35.1,311.0,142.0,0.0,1586.0,0
302.5,57.4,310.3,152.0,0.0,1405.0,0
298.3,29.0,309.4,103.0,1.0,1595.0,0
297.8,27.8,308.5,199.0,0.0,1699.0,0
300.7,42.8,311.0,121.0,1.0,1559.0,0
300.3,49.4,309.5,77.0,1.0,1405.0,0
297.4,41.5,308.4,213.0,0.0,1531.0,0
299.1,24.6,309.4,77.0,2.0,1811.0,0
298.8,37.1,308.6,210.0,1.0,1500.0,0
298.1,45.3,309.3,70.0,0.0,1443.0,0
300.3,49.0,311.9,194.0,2.0,1390.0,0
296.8,29.8,308.0,41.0,0.0,1666.0,0
302.4,43.7,310.1,104.0,0.0,1429.0,0
300.7,41.3,310.7,82.0,0.0,1541.0,0
302.7,34.3,310.6,0.0,0.0,1564.0,0
298.6,59.4,309.6,200.0,1.0,1344.0,0
297.9,42.9,307.4,18.0,1.0,1435.0,0
300.0,37.8,309.7,103.0,0.0,1586.0,0
301.2,44.4,310.4,53.0,0.0,1516.0,0
298.5,26.7,309.3,118.0,1.0,1692.0,0
297.8,48.2,309.4,10.0,2.0,1445.0,0
301.1,52.7,310.6,35.0,1.0,1429.0,0
300.7,35.2,311.3,48.0,0.0,1522.0,0
298.6,20.1,309.8,142.0,0.0,1842.0,0
300.4,46.7,311.9,41.0,2.0,1438.0,0
300.6,36.9,310.0,105.0,0.0,1511.0,0
300.7,43.2,310.6,187.0,0.0,1491.0,0
296.1,31.0,306.8,41.0,2.0,1645.0,0
299.8,42.0,310.1,177.0,0.0,1553.0,0
300.5,41.6,309.6,217.0,0.0,1465.0,0
302.2,36.2,311.7,63.0,1.0,1584.0,0
302.2,30.6,311.5,39.0,0.0,1588.0,0
298.8,27.9,308.3,12.0,0.0,1634.0,0
301.9,39.3,310.6,32.0,0.0,1467.0,0
303.9,42.5,312.9,194.0,0.0,1526.0,0
299.5,42.9,308.9,74.0,1.0,1448.0,0
297.4,29.1,308.6,163.0,1.0,1528.0,0
299.0,41.1,308.9,20.0,1.0,1526.0,0
302.4,50.6,311.8,133.0,1.0,1358.0,0
298.1,33.3,307.9,40.0,0.0,1698.0,0
297.6,48.6,308.5,77.0,1.0,1360.0,0
297.8,31.3,309.7,200.0,1.0,1700.0,0
301.5,44.0,310.6,208.0,0.0,1453.0,0
299.1,24.2,310.1,22.0,0.0,1894.0,0
297.4,24.6,308.6,79.0,0.0,1820.0,0
297.2,38.1,308.7,88.0,1.0,1398.0,0
297.4,34.3,307.9,166.0,1.0,1627.0,0
303.2,53.8,311.4,8.0,0.0,1351.0,1
301.7,41.5,309.9,86.0,1.0,1452.0,0
300.4,55.5,311.4,71.0,0.0,1309.0,0
303.0,36.7,311.1,191.0,1.0,1597.0,0
301.8,41.8,311.1,125.0,1.0,1399.0,0
298.8,46.3,310.0,107.0,0.0,1412.0,0
298.9,31.8,308.4,17.0,2.0,1632.0,0
300.7,41.2,311.0,93.0,1.0,1378.0,0
299.8,35.2,309.3,208.0,1.0,1663.0,0
303.1,31.8,311.3,217.0,0.0,1657.0,0
302.1,45.0,311.2,162.0,0.0,1492.0,0
302.6,31.0,310.2,100.0,1.0,1631.0,0
299.0,48.6,308.7,0.0,0.0,1396.0,0
299.1,38.3,308.8,88.0,0.0,1502.0,0
300.2,30.5,311.7,176.0,0.0,1603.0,0
300.5,48.6,309.7,141.0,0.0,1384.0,0
298.1,19.3,309.0,158.0,1.0,1976.0,0
297.2,45.8,308.3,105.0,2.0,1453.0,0
298.1,41.9,308.6,11.0,1.0,1425.0,0
299.4,26.8,308.6,107.0,0.0,1746.0,0
299.8,34.8,309.4,122.0,0.0,1555.0,0
297.2,38.5,308.1,164.0,0.0,1446.0,0
300.4,28.9,311.2,171.0,0.0,1673.0,0
302.1,24.6,310.1,171.0,2.0,1844.0,0
303.4,32.7,312.2,195.0,0.0,1656.0,0
300.3,26.4,309.2,169.0,0.0,1807.0,0
302.5,35.7,312.0,167.0,2.0,1579.0,0
300.8,45.6,311.2,174.0,0.0,1434.0,0
299.0,33.4,308.6,22.0,1.0,1645.0,0
300.9,47.3,310.7,25.0,1.0,1452.0,0
298.1,30.7,308.6,119.0,1.0,1716.0,0
303.5,30.4,312.9,130.0,1.0,1618.0,0
299.3,48.7,308.7,85.0,0.0,1408.0,0
300.3,51.4,309.2,48.0,0.0,1462.0,0
299.9,51.3,309.5,176.0,0.0,1349.0,0
298.9,43.8,310.3,124.0,0.0,1484.0,0
301.0,59.0,312.2,57.0,0.0,1264.0,0
301.7,12.6,310.1,10.0,0.0,2695.0,0
300.1,41.7,310.0,186.0,0.0,1511.0,0
298.8,25.0,308.9,57.0,0.0,1852.0,0
300.9,23.0,312.1,156.0,1.0,1851.0,0
297.5,48.6,308.3,27.0,0.0,1388.0,0
299.5,52.4,310.0,94.0,0.0,1388.0,0
299.6,28.5,310.9,117.0,0.0,1716.0,0
298.3,47.5,308.4,178.0,1.0,1444.0,0
295.9,33.2,306.5,55.0,2.0,1594.0,0
300.7,65.3,310.2,208.0,2.0,1364.0,1
300.5,42.4,311.6,102.0,0.0,1425.0,0
303.0,37.9,312.5,163.0,2.0,1507.0,0
298.1,29.1,308.7,161.0,0.0,1683.0,0
302.9,51.4,312.4,160.0,0.0,1383.0,0
299.0,22.3,308.6,102.0,0.0,1946.0,0
297.9,39.7,309.2,10.0,0.0,1478.0,0
296.8,47.7,307.8,155.0,0.0,1394.0,0
303.8,50.2,313.2,178.0,2.0,1379.0,0
301.4,44.3,310.8,21.0,0.0,1431.0,0
299.7,36.4,309.1,149.0,1.0,1576.0,0
302.3,43.1,311.1,149.0,1.0,1435.0,0
300.3,54.1,311.6,81.0,1.0,1359.0,0
300.0,39.0,311.4,92.0,0.0,1476.0,0
299.6,65.2,310.9,209.0,0.0,1229.0,1
299.3,49.0,308.8,165.0,1.0,1442.0,0
300.7,27.1,310.6,215.0,1.0,1778.0,0
301.1,55.7,310.8,169.0,0.0,1274.0,0
303.7,41.2,313.1,124.0,0.0,1423.0,0
301.5,48.1,310.6,81.0,0.0,1490.0,0
299.7,49.0,309.0,158.0,1.0,1465.0,0
301.4,41.5,310.3,11.0,2.0,1611.0,0
302.4,58.6,311.2,201.0,1.0,1330.0,0
302.5,24.6,311.4,124.0,0.0,1759.0,0
298.9,39.8,309.9,62.0,0.0,1404.0,0
298.8,39.0,309.7,131.0,0.0,1505.0,0
298.0,53.9,308.9,88.0,0.0,1390.0,0
299.0,42.7,308.2,50.0,1.0,1358.0,0
300.6,34.9,311.7,76.0,0.0,1556.0,0
300.4,30.0,311.8,165.0,1.0,1707.0,0
298.9,31.5,310.1,172.0,1.0,1655.0,0
300.5,54.7,311.7,104.0,0.0,1409.0,0
300.6,37.2,312.3,54.0,0.0,1532.0,0
297.9,30.3,307.6,64.0,1.0,1609.0,0
300.1,45.9,309.7,100.0,0.0,1485.0,0
302.6,35.5,311.0,91.0,0.0,1537.0,0
303.5,35.2,312.3,74.0,0.0,1584.0,0
299.3,47.7,308.8,199.0,0.0,1341.0,0
298.2,41.8,308.3,132.0,0.0,1458.0,0
298.7,40.4,309.5,108.0,2.0,1453.0,0
297.6,41.2,308.7,178.0,1.0,1392.0,0
297.8,39.6,307.2,199.0,1.0,1456.0,0
299.8,49.7,310.2,161.0,2.0,1411.0,0
298.0,28.9,307.6,123.0,0.0,1654.0,0
299.8,36.6,309.9,157.0,0.0,1553.0,0
301.6,29.7,310.7,131.0,0.0,1683.0,0
299.5,30.5,308.6,177.0,0.0,1672.0,0
295.5,37.2,305.9,197.0,2.0,1593.0,0
303.7,33.3,312.5,182.0,0.0,1481.0,0
298.6,48.4,309.2,42.0,0.0,1542.0,0
299.6,48.0,310.2,9.0,0.0,1468.0,0
299.0,15.9,309.8,144.0,1.0,2240.0,0
298.2,36.5,309.1,134.0,0.0,1539.0,0
302.3,32.7,311.0,171.0,0.0,1591.0,0
300.8,52.5,310.2,157.0,1.0,1304.0,0
300.6,37.9,310.9,86.0,0.0,1471.0,0
303.9,32.3,312.6,127.0,0.0,1642.0,0
297.7,27.3,308.9,99.0,0.0,1838.0,0
301.0,33.2,310.5,77.0,0.0,1601.0,0
300.8,44.5,312.4,129.0,0.0,1365.0,0
300.4,38.7,309.9,76.0,2.0,1513.0,0
301.5,47.9,310.7,29.0,1.0,1347.0,0
300.0,32.1,309.0,79.0,0.0,1709.0,0
300.7,43.4,310.7,26.0,2.0,1428.0,0
303.6,30.9,313.0,122.0,0.0,1617.0,0
300.0,46.0,309.3,35.0,0.0,1473.0,0
300.4,35.5,311.1,191.0,0.0,1589.0,0
298.5,33.1,309.5,68.0,0.0,1547.0,0
300.4,62.0,311.2,18.0,0.0,1351.0,0
297.7,30.2,309.4,135.0,2.0,1608.0,0
303.0,19.9,312.7,102.0,0.0,2024.0,0
304.1,43.7,313.6,131.0,1.0,1441.0,0
297.6,30.9,309.5,151.0,0.0,1574.0,0
302.3,24.3,311.2,81.0,0.0,1786.0,0
299.6,44.0,310.2,79.0,0.0,1512.0,0
303.8,45.7,312.5,180.0,0.0,1372.0,0
298.4,28.2,307.9,120.0,2.0,1700.0,0
297.2,30.9,308.1,204.0,0.0,1712.0,0
300.6,62.9,310.0,87.0,1.0,1302.0,0
298.0,41.3,307.7,160.0,1.0,1487.0,0
299.5,40.4,309.3,138.0,0.0,1477.0,0
299.3,42.4,310.8,0.0,0.0,1426.0,0
303.7,43.3,312.6,189.0,1.0,1429.0,0
297.1,37.3,308.4,181.0,1.0,1502.0,0
300.9,30.2,310.8,188.0,1.0,1695.0,0
299.0,36.1,310.4,127.0,0.0,1565.0,0
302.1,27.1,310.8,233.0,0.0,1772.0,0
299.0,24.0,310.3,221.0,0.0,1868.0,0
303.4,30.6,312.3,67.0,0.0,1680.0,0
301.9,29.9,311.0,13.0,2.0,1672.0,0
297.4,43.9,308.5,45.0,0.0,1471.0,0
297.3,32.2,308.3,29.0,1.0,1595.0,0
298.7,35.1,309.0,152.0,0.0,1565.0,0
300.7,37.2,310.9,115.0,0.0,1637.0,0
297.5,40.3,308.3,197.0,0.0,1435.0,0
301.1,31.0,310.7,108.0,1.0,1621.0,0
297.2,48.2,307.9,144.0,0.0,1469.0,0
300.3,43.1,311.8,57.0,0.0,1508.0,0
300.2,31.0,311.6,199.0,0.0,1606.0,0
299.8,24.9,311.1,174.0,0.0,1820.0,0
302.5,36.8,311.1,208.0,0.0,1538.0,0
300.4,45.4,311.7,164.0,1.0,1508.0,0
300.9,34.9,310.8,73.0,1.0,1519.0,0
303.9,41.1,313.1,121.0,1.0,1514.0,0
302.4,18.9,310.1,59.0,0.0,2009.0,0
300.0,45.4,309.1,90.0,0.0,1431.0,0
301.4,40.6,310.6,101.0,1.0,1431.0,0
301.8,32.6,310.0,201.0,0.0,1642.0,0
300.0,52.4,310.5,142.0,0.0,1412.0,0
300.5,43.8,309.8,119.0,0.0,1428.0,0
300.8,53.8,310.8,41.0,0.0,1460.0,0
296.5,55.6,307.4,69.0,1.0,1350.0,0
298.3,56.9,308.0,81.0,0.0,1361.0,0
298.0,40.9,308.9,77.0,0.0,1406.0,0
300.4,48.1,309.8,201.0,0.0,1395.0,0
299.3,35.3,309.1,52.0,1.0,1600.0,0
299.2,51.4,308.8,183.0,0.0,1405.0,0
297.9,43.5,307.8,106.0,1.0,1450.0,0
297.5,40.6,309.4,144.0,0.0,1503.0,0
298.2,22.6,309.2,132.0,0.0,1922.0,0
300.4,29.2,309.5,215.0,0.0,1711.0,0
297.4,39.9,308.4,63.0,0.0,1378.0,0
302.3,37.2,311.0,180.0,0.0,1561.0,0
298.9,31.4,309.9,86.0,1.0,1645.0,0
298.6,36.8,308.2,36.0,2.0,1555.0,0
296.9,53.9,308.0,7.0,0.0,1332.0,0
302.5,38.7,312.2,30.0,0.0,1574.0,0
299.7,47.6,310.8,192.0,1.0,1405.0,0
302.6,17.2,310.2,94.0,1.0,2157.0,0
301.9,34.3,310.9,106.0,2.0,1590.0,0
296.7,37.4,307.6,146.0,0.0,1516.0,0
297.8,47.1,308.4,150.0,0.0,1374.0,0
302.9,40.0,312.5,20.0,1.0,1551.0,0
297.9,31.7,308.8,94.0,0.0,1681.0,0
298.0,32.7,308.3,0.0,0.0,1662.0,0
302.4,33.9,311.1,139.0,0.0,1652.0,0
296.8,46.5,307.9,121.0,0.0,1413.0,0
300.7,42.4,311.8,224.0,1.0,1407.0,0
300.3,40.7,311.3,105.0,0.0,1525.0,0
297.3,54.2,308.5,179.0,0.0,1456.0,0
300.1,47.7,311.4,73.0,0.0,1418.0,0
298.3,58.4,308.1,90.0,0.0,1326.0,0
298.2,31.6,308.3,96.0,0.0,1805.0,0
300.6,30.0,309.6,147.0,0.0,1726.0,0
303.4,37.5,312.6,118.0,0.0,1462.0,0
298.9,42.5,310.1,187.0,0.0,1466.0,0
296.7,40.9,308.1,195.0,0.0,1450.0,0
296.8,36.5,307.6,179.0,0.0,1547.0,0
302.9,57.8,312.2,90.0,0.0,1340.0,0
301.5,40.0,311.1,94.0,1.0,1402.0,0
300.7,22.0,310.8,74.0,0.0,1925.0,0
297.3,14.9,308.3,49.0,0.0,2358.0,0
300.3,28.8,311.5,56.0,0.0,1667.0,0
296.9,43.9,307.9,149.0,0.0,1423.0,0
297.5,48.3,309.4,139.0,1.0,1433.0,0
299.8,23.7,310.3,198.0,1.0,1805.0,0
300.6,38.5,311.3,0.0,0.0,1531.0,0
302.2,38.6,311.7,145.0,0.0,1556.0,0
298.2,67.3,307.9,67.0,0.0,1313.0,1
299.6,30.3,309.4,80.0,1.0,1642.0,0
301.9,21.7,310.8,62.0,0.0,1906.0,0
299.8,58.2,309.2,65.0,1.0,1372.0,0
303.6,30.8,312.8,12.0,0.0,1701.0,0
299.8,39.9,309.1,207.0,0.0,1485.0,0
301.6,47.8,310.7,7.0,1.0,1457.0,0
298.3,37.1,308.6,137.0,1.0,1589.0,0
299.3,34.9,308.9,160.0,1.0,1577.0,0
304.2,28.9,313.4,192.0,0.0,1735.0,0
301.6,19.7,310.6,12.0,0.0,2103.0,0
300.1,46.9,311.4,87.0,2.0,1518.0,0
297.7,49.2,307.3,36.0,1.0,1365.0,0
298.3,33.8,307.7,171.0,0.0,1576.0,0
297.8,32.2,308.9,195.0,2.0,1650.0,0
297.0,34.7,307.9,57.0,1.0,1493.0,0
301.9,54.9,311.0,128.0,0.0,1289.0,0
302.5,52.1,311.0,116.0,1.0,1387.0,0
298.0,56.8,308.3,216.0,0.0,1362.0,1
300.6,50.0,310.1,130.0,0.0,1297.0,0
300.7,39.4,310.9,61.0,0.0,1521.0,0
303.7,47.4,313.1,48.0,0.0,1496.0,0
299.6,23.4,309.2,225.0,1.0,1867.0,1
300.9,30.2,310.8,53.0,0.0,1729.0,0
300.7,44.0,312.1,155.0,0.0,1498.0,0
300.4,35.0,309.3,209.0,0.0,1671.0,0
302.9,37.8,312.2,92.0,0.0,1513.0,0
301.1,30.7,311.3,28.0,1.0,1654.0,0
300.4,40.3,309.8,149.0,1.0,1517.0,0
296.7,46.3,308.1,203.0,2.0,1528.0,0
298.3,33.8,307.9,72.0,0.0,1551.0,0
298.8,39.9,310.0,190.0,0.0,1537.0,0
302.6,26.3,310.4,191.0,0.0,1743.0,0
302.5,39.5,310.5,147.0,0.0,1507.0,0
300.4,43.0,312.0,117.0,0.0,1366.0,0
301.6,40.4,310.9,13.0,0.0,1538.0,0
300.3,40.7,311.3,98.0,1.0,1506.0,0
298.6,28.4,309.6,90.0,0.0,1715.0,0
300.0,28.7,309.6,53.0,0.0,1618.0,0
296.1,30.8,307.2,18.0,0.0,1615.0,0
297.7,38.3,307.6,63.0,2.0,1538.0,0
299.9,42.1,309.9,159.0,1.0,1639.0,0
302.2,37.5,310.9,60.0,0.0,1531.0,0
298.2,45.5,307.9,171.0,2.0,1462.0,0
303.5,49.1,312.7,42.0,1.0,1420.0,0
301.4,61.0,310.7,106.0,0.0,1280.0,0
302.7,46.3,312.4,251.0,0.0,1477.0,1
298.2,34.1,309.0,91.0,0.0,1643.0,0
298.0,46.5,307.3,185.0,0.0,1424.0,0
297.6,18.5,308.2,144.0,2.0,2071.0,0
298.7,35.6,308.5,202.0,2.0,1572.0,0
303.9,39.9,313.0,176.0,0.0,1480.0,0
303.2,43.1,311.2,20.0,2.0,1475.0,0
299.0,35.0,309.1,200.0,0.0,1592.0,0
298.1,49.8,307.8,198.0,0.0,1432.0,0
300.8,61.0,310.3,54.0,1.0,1270.0,0
298.4,19.8,308.2,198.0,2.0,1987.0,0
299.5,40.9,309.2,169.0,1.0,1497.0,0
300.7,41.9,312.1,157.0,0.0,1395.0,0
302.8,57.1,312.4,8.0,0.0,1376.0,0
299.4,43.3,309.1,10.0,1.0,1500.0,0
300.7,31.5,309.8,123.0,0.0,1596.0,0
301.3,39.3,310.7,31.0,0.0,1536.0,0
299.0,55.2,308.8,103.0,0.0,1405.0,0
299.0,26.8,309.0,17.0,1.0,1804.0,0
303.1,22.6,311.1,19.0,0.0,1854.0,0
301.2,46.1,310.7,67.0,1.0,1426.0,0
303.7,36.3,312.7,200.0,1.0,1612.0,0
296.8,41.7,308.0,231.0,0.0,1497.0,0
298.4,45.9,308.2,63.0,0.0,1364.0,0
302.8,19.9,310.6,199.0,0.0,2016.0,0
300.2,23.0,309.8,6.0,0.0,1827.0,0
301.8,39.8,309.8,121.0,1.0,1546.0,0
297.8,51.2,307.5,107.0,0.0,1448.0,0
298.2,48.1,307.8,183.0,0.0,1423.0,0
299.7,41.9,309.3,221.0,1.0,1399.0,1
297.3,41.5,308.3,108.0,2.0,1461.0,0
301.2,48.0,311.6,199.0,1.0,1423.0,0
297.7,51.1,309.7,191.0,2.0,1440.0,0
302.8,46.1,312.5,4.0,2.0,1422.0,0
298.5,41.2,310.0,19.0,0.0,1492.0,0
301.4,26.0,311.1,135.0,0.0,1800.0,0
301.5,44.1,310.8,157.0,1.0,1452.0,0
301.0,28.9,310.9,129.0,0.0,1740.0,0
298.2,43.0,308.2,88.0,0.0,1469.0,0
297.6,46.0,308.4,51.0,1.0,1507.0,0
298.2,52.0,309.1,136.0,0.0,1350.0,0
301.6,39.5,310.7,24.0,0.0,1494.0,0
302.4,45.2,311.4,46.0,1.0,1475.0,0
300.7,58.4,311.8,189.0,0.0,1336.0,1
301.1,39.0,312.3,129.0,0.0,1534.0,0
298.8,54.1,309.4,171.0,0.0,1387.0,0
300.7,41.3,310.8,69.0,0.0,1534.0,0
298.3,52.3,308.1,218.0,0.0,1412.0,1
300.9,33.5,310.5,25.0,0.0,1616.0,0
299.0,44.9,310.0,221.0,2.0,1458.0,0
298.3,28.3,309.2,130.0,1.0,1783.0,0
300.8,59.0,310.5,190.0,1.0,1330.0,0
297.3,33.5,308.2,2.0,0.0,1553.0,0
302.4,35.0,311.6,68.0,0.0,1622.0,0
302.6,35.1,311.8,17.0,0.0,1638.0,0
299.0,48.3,309.4,91.0,0.0,1419.0,0
301.1,60.7,310.5,100.0,1.0,1309.0,0
302.1,49.6,310.5,169.0,0.0,1389.0,0
299.0,45.2,309.0,27.0,1.0,1419.0,0
302.3,45.4,311.7,130.0,2.0,1456.0,0
297.4,48.9,308.7,120.0,2.0,1349.0,0
298.7,40.9,309.8,109.0,0.0,1546.0,0
298.6,36.3,310.2,10.0,0.0,1569.0,0
300.3,34.3,311.4,99.0,1.0,1554.0,0
295.4,40.6,305.9,178.0,1.0,1518.0,0
300.6,22.3,310.3,223.0,0.0,1920.0,0
300.5,50.2,309.6,219.0,0.0,1366.0,0
300.3,28.3,311.7,193.0,1.0,1723.0,0
301.4,36.9,311.1,133.0,0.0,1469.0,0
301.0,37.5,311.0,176.0,0.0,1582.0,0
298.0,38.5,309.0,34.0,1.0,1439.0,0
298.3,30.9,309.6,189.0,0.0,1527.0,0
301.7,32.4,310.8,204.0,1.0,1594.0,0
296.6,31.0,307.7,91.0,2.0,1654.0,0
299.0,30.8,308.6,98.0,0.0,1648.0,0
299.1,41.1,310.0,192.0,1.0,1437.0,0
300.9,31.3,311.5,159.0,1.0,1704.0,0
304.3,25.4,313.5,170.0,0.0,1802.0,0
301.9,52.5,311.1,171.0,1.0,1417.0,0
300.5,56.1,311.5,7.0,1.0,1370.0,0
300.2,44.0,309.7,144.0,1.0,1408.0,0
299.0,34.5,310.3,168.0,1.0,1635.0,0
303.5,70.6,312.4,94.0,0.0,1284.0,1
297.4,59.1,308.6,118.0,0.0,1324.0,0
298.2,49.9,308.3,47.0,0.0,1475.0,0
297.9,36.0,307.6,161.0,2.0,1493.0,0
302.8,50.5,310.8,30.0,0.0,1402.0,0
304.0,34.5,313.0,92.0,1.0,1575.0,0
298.9,25.8,308.9,33.0,0.0,1753.0,0
302.0,57.3,309.8,147.0,2.0,1280.0,1
300.9,43.2,310.5,27.0,1.0,1444.0,0
298.5,37.7,309.7,86.0,1.0,1557.0,0
298.9,45.4,308.6,4.0,0.0,1539.0,0
302.7,9.7,311.6,2.0,1.0,2709.0,1
301.3,39.7,310.1,179.0,2.0,1469.0,0
300.2,30.8,311.7,191.0,0.0,1640.0,0
301.5,52.4,310.8,165.0,0.0,1382.0,0
298.4,35.6,309.6,101.0,0.0,1477.0,0
301.4,46.9,310.6,27.0,1.0,1459.0,0
303.7,28.0,313.0,44.0,0.0,1694.0,0
298.3,12.8,308.1,84.0,2.0,2636.0,0
298.9,34.5,309.6,204.0,1.0,1567.0,0
299.5,31.3,310.8,114.0,1.0,1754.0,0
298.6,44.9,309.8,115.0,1.0,1419.0,0
299.4,27.8,310.9,10.0,0.0,1751.0,0
298.8,37.2,309.8,139.0,0.0,1557.0,0
295.9,38.6,306.6,104.0,1.0,1532.0,0
301.4,36.5,311.2,25.0,1.0,1476.0,0
301.3,39.0,310.6,72.0,0.0,1556.0,0
298.2,21.7,308.0,32.0,1.0,1969.0,0
302.4,40.6,311.0,205.0,0.0,1555.0,0
300.9,34.3,311.0,130.0,1.0,1567.0,0
300.4,35.9,310.8,148.0,1.0,1491.0,0
303.6,31.4,312.5,180.0,0.0,1710.0,0
302.9,23.6,312.2,96.0,0.0,1729.0,0
301.2,50.5,310.6,114.0,2.0,1457.0,0
297.3,38.2,308.2,44.0,1.0,1452.0,0
298.0,41.6,307.6,33.0,0.0,1509.0,0
301.6,42.4,310.8,3.0,0.0,1392.0,0
302.7,51.5,312.5,19.0,1.0,1417.0,0
298.5,42.1,309.9,15.0,0.0,1482.0,0
299.7,31.6,309.2,175.0,0.0,1616.0,0
302.3,49.6,311.5,28.0,0.0,1448.0,0
303.7,54.4,313.0,2.0,1.0,1303.0,0
304.0,45.8,313.4,123.0,1.0,1389.0,0
303.7,34.0,312.2,94.0,0.0,1487.0,0
300.3,52.7,311.4,13.0,0.0,1318.0,0
297.6,48.2,309.6,215.0,2.0,1419.0,0
297.3,29.4,308.6,141.0,1.0,1584.0,0
298.2,43.3,308.8,61.0,2.0,1470.0,0
299.4,35.9,309.1,68.0,0.0,1670.0,0
302.5,29.5,311.6,35.0,0.0,1595.0,0
299.7,32.1,310.9,88.0,1.0,1685.0,0
298.9,35.6,310.0,48.0,1.0,1520.0,0
296.8,40.4,308.0,227.0,0.0,1584.0,0
302.5,39.0,310.3,119.0,0.0,1539.0,0
299.8,48.0,309.6,82.0,1.0,1434.0,0
302.3,36.7,311.2,78.0,1.0,1505.0,0
300.8,39.0,309.7,171.0,1.0,1482.0,0
302.3,41.3,311.0,182.0,1.0,1421.0,0
297.9,43.6,307.9,89.0,0.0,1426.0,0
297.6,44.4,308.8,181.0,2.0,1385.0,0
304.2,28.1,313.5,80.0,1.0,1739.0,0
301.4,50.9,310.4,178.0,0.0,1430.0,0
298.3,32.7,308.1,83.0,1.0,1630.0,0
302.4,31.6,310.1,93.0,0.0,1645.0,0
302.5,59.4,311.9,60.0,1.0,1340.0,0
300.4,38.0,310.1,198.0,2.0,1484.0,0
298.8,35.5,308.6,175.0,0.0,1593.0,0
300.1,45.4,310.6,119.0,0.0,1374.0,0
298.4,50.1,309.4,117.0,0.0,1392.0,0
299.1,61.4,308.3,17.0,0.0,1305.0,0
298.8,28.8,310.1,206.0,1.0,1719.0,0
301.7,46.4,310.9,207.0,0.0,1405.0,1
298.8,45.0,309.7,11.0,0.0,1582.0,0
301.5,49.6,311.1,129.0,0.0,1434.0,0
300.8,45.2,310.8,188.0,2.0,1466.0,0
297.5,38.7,308.6,7.0,2.0,1536.0,0
297.4,37.4,308.8,144.0,1.0,1628.0,0
302.2,36.6,311.3,91.0,1.0,1510.0,0
298.2,40.4,308.8,20.0,1.0,1626.0,0
300.9,37.4,311.1,96.0,0.0,1457.0,0
301.1,52.3,311.0,183.0,0.0,1565.0,0
301.3,47.7,311.0,84.0,0.0,1554.0,0
297.5,44.9,308.6,198.0,1.0,1472.0,0
300.8,35.6,312.6,114.0,1.0,1588.0,0
299.2,55.1,308.7,78.0,2.0,1375.0,0
296.9,47.1,307.9,204.0,0.0,1367.0,0
301.8,48.2,310.8,199.0,1.0,1365.0,0
297.7,63.7,308.9,21.0,1.0,1327.0,0
300.1,33.7,309.1,214.0,0.0,1551.0,0
303.0,35.7,311.2,207.0,1.0,1614.0,0
298.1,49.4,308.5,5.0,0.0,1498.0,0
300.4,38.7,311.7,5.0,1.0,1555.0,0
300.4,34.9,312.0,115.0,0.0,1631.0,0
301.7,55.8,311.0,39.0,1.0,1311.0,0
300.9,43.4,309.5,126.0,2.0,1469.0,0
303.5,34.2,312.6,108.0,0.0,1602.0,0
301.3,18.7,310.4,190.0,1.0,2093.0,0
299.6,30.8,309.2,92.0,1.0,1651.0,0
300.6,36.5,309.5,79.0,2.0,1495.0,0
302.0,37.8,311.0,218.0,0.0,1566.0,0
301.1,37.7,311.1,153.0,1.0,1615.0,0
300.8,44.8,312.3,134.0,0.0,1435.0,0
301.9,51.9,310.9,40.0,1.0,1317.0,0
297.8,26.0,307.3,222.0,1.0,1804.0,0
299.5,49.5,309.1,5.0,1.0,1420.0,0
299.3,48.1,308.6,67.0,0.0,1437.0,0
303.5,51.0,312.5,172.0,1.0,1353.0,0
297.8,41.2,307.4,155.0,0.0,1418.0,0
302.6,54.1,311.7,19.0,0.0,1254.0,0
300.5,45.1,310.0,86.0,0.0,1521.0,0
302.0,15.8,310.5,133.0,0.0,2197.0,0
302.1,23.1,310.9,51.0,1.0,1916.0,0
301.3,53.6,310.1,193.0,0.0,1355.0,0
300.4,31.8,309.9,192.0,1.0,1415.0,0
298.1,40.2,309.5,65.0,2.0,1530.0,0
301.8,33.4,310.7,68.0,0.0,1644.0,0
297.5,58.2,309.4,146.0,0.0,1318.0,0
296.7,29.6,307.9,119.0,0.0,1690.0,0
298.9,44.2,309.9,115.0,0.0,1500.0,0
296.2,18.3,307.0,159.0,1.0,2119.0,0
298.8,40.6,308.8,61.0,0.0,1555.0,0
297.4,16.9,308.5,176.0,0.0,2100.0,0
299.2,33.3,310.3,233.0,0.0,1610.0,0
299.6,48.7,310.1,96.0,1.0,1357.0,0
301.0,43.5,312.3,136.0,0.0,1424.0,0
301.4,27.8,310.7,181.0,0.0,1673.0,0
301.9,55.7,310.5,204.0,0.0,1340.0,1
300.9,66.4,310.9,109.0,0.0,1228.0,0
299.9,56.2,309.5,133.0,1.0,1372.0,0
297.1,25.7,308.3,139.0,0.0,1763.0,0
302.7,39.5,311.1,146.0,0.0,1440.0,0
299.6,41.3,309.1,0.0,2.0,1588.0,0
299.2,47.7,308.4,24.0,0.0,1402.0,0
302.6,21.5,310.2,18.0,0.0,1923.0,0
303.4,42.8,311.6,58.0,0.0,1497.0,0
300.8,41.7,310.9,115.0,1.0,1522.0,0
298.9,39.9,310.5,19.0,2.0,1429.0,0
297.5,46.6,308.5,56.0,2.0,1393.0,0
297.3,44.2,308.8,134.0,2.0,1499.0,0
295.7,34.3,306.3,97.0,0.0,1490.0,0
298.4,41.8,309.4,203.0,1.0,1429.0,0
296.3,52.7,307.3,31.0,0.0,1398.0,0
300.2,41.0,311.4,32.0,0.0,1568.0,0
296.6,35.0,307.4,168.0,0.0,1631.0,0
300.1,37.1,310.4,77.0,1.0,1480.0,0
300.5,22.1,311.9,100.0,1.0,1875.0,0
301.0,31.3,311.7,150.0,0.0,1670.0,0
297.7,38.3,309.1,60.0,0.0,1477.0,0
301.5,60.5,310.5,139.0,1.0,1308.0,0
297.4,49.9,308.7,151.0,1.0,1382.0,0
303.7,33.8,312.2,96.0,0.0,1568.0,0
302.9,30.4,312.5,74.0,0.0,1629.0,0
300.7,27.3,310.8,69.0,0.0,1772.0,0
300.5,45.2,310.6,8.0,0.0,1499.0,0
302.0,58.4,310.5,201.0,1.0,1381.0,0
298.8,41.9,308.6,92.0,1.0,1486.0,0
303.6,23.3,312.0,103.0,0.0,1827.0,0
297.2,46.5,308.5,185.0,1.0,1353.0,0
302.1,30.3,310.9,186.0,0.0,1658.0,0
298.6,30.2,309.5,41.0,0.0,1730.0,0
301.9,49.8,311.2,66.0,0.0,1369.0,0
297.4,23.8,308.9,131.0,0.0,1809.0,0
300.6,39.4,309.4,78.0,1.0,1452.0,0
297.5,49.7,309.3,201.0,2.0,1459.0,0
302.2,31.4,311.6,89.0,0.0,1658.0,0
299.6,47.7,309.2,28.0,1.0,1393.0,0
299.0,38.0,310.2,68.0,2.0,1637.0,0
299.1,44.7,310.6,170.0,0.0,1380.0,0
300.7,57.1,311.9,194.0,0.0,1335.0,1
297.8,42.9,309.7,206.0,0.0,1394.0,0
298.6,46.4,308.4,36.0,0.0,1397.0,0
299.3,37.5,309.2,111.0,1.0,1440.0,0
297.4,57.4,308.7,96.0,0.0,1429.0,0
298.8,49.6,309.8,27.0,1.0,1377.0,0
299.4,37.8,308.7,112.0,0.0,1504.0,0
298.3,39.9,307.9,143.0,0.0,1435.0,0
301.2,22.3,310.9,59.0,2.0,1798.0,0
299.3,50.3,308.7,208.0,1.0,1420.0,0
298.8,37.5,310.2,75.0,1.0,1581.0,0
296.8,54.5,308.0,86.0,0.0,1371.0,0
297.8,36.8,309.8,198.0,0.0,1533.0,0
297.0,54.6,308.4,168.0,2.0,1305.0,0
297.5,39.9,308.4,160.0,0.0,1528.0,0
298.0,43.6,307.5,101.0,1.0,1427.0,0
301.1,25.9,312.3,131.0,1.0,1852.0,0
301.1,22.7,311.3,38.0,1.0,1909.0,0
301.5,46.7,310.6,32.0,0.0,1374.0,0
298.8,54.5,309.2,50.0,2.0,1306.0,0
297.8,24.0,307.3,178.0,0.0,1859.0,0
299.4,32.2,309.0,178.0,0.0,1613.0,0
301.9,40.3,310.9,6.0,0.0,1486.0,0
302.4,59.0,311.8,138.0,0.0,1255.0,0
300.5,42.9,310.5,29.0,0.0,1452.0,0
302.0,35.2,311.0,184.0,0.0,1550.0,0
301.1,24.5,311.7,7.0,0.0,1816.0,0
297.2,27.5,308.3,38.0,1.0,1794.0,0
300.3,29.5,311.6,27.0,0.0,1709.0,0
299.0,29.2,310.1,62.0,0.0,1618.0,0
299.3,45.5,310.7,146.0,1.0,1440.0,0
296.6,42.7,307.5,204.0,0.0,1485.0,0
301.3,36.3,310.1,184.0,0.0,1558.0,0
300.6,42.2,312.0,3.0,0.0,1490.0,0
301.4,16.6,310.3,169.0,0.0,2203.0,0
302.3,38.7,311.7,141.0,0.0,1510.0,0
301.1,16.7,310.7,79.0,1.0,2219.0,0
301.0,32.6,310.1,0.0,0.0,1558.0,0
297.4,51.2,308.5,52.0,0.0,1418.0,0
298.0,30.6,308.2,195.0,0.0,1611.0,0
297.5,32.2,308.2,17.0,1.0,1713.0,0
302.7,43.4,311.1,130.0,2.0,1418.0,0
298.7,31.1,309.6,178.0,0.0,1665.0,0
299.7,32.7,311.1,185.0,1.0,1649.0,0
300.0,33.6,311.0,181.0,0.0,1637.0,0
298.2,51.3,307.8,70.0,0.0,1355.0,0
300.8,21.8,311.8,209.0,0.0,1928.0,0
297.8,49.2,309.7,208.0,0.0,1341.0,0
295.6,50.0,306.0,14.0,0.0,1363.0,0
300.5,44.6,312.0,23.0,0.0,1415.0,0
297.9,29.1,307.6,176.0,0.0,1687.0,0
300.5,51.9,311.4,68.0,1.0,1390.0,0
300.3,41.6,311.9,184.0,1.0,1429.0,0
298.1,52.5,309.1,150.0,1.0,1448.0,0
300.2,43.0,309.7,137.0,1.0,1413.0,0
300.3,53.5,309.3,192.0,0.0,1345.0,0
297.4,31.9,308.7,161.0,1.0,1582.0,0
297.5,36.9,308.6,134.0,0.0,1514.0,0
301.7,39.6,310.1,56.0,0.0,1500.0,0
302.6,51.0,312.1,206.0,0.0,1344.0,0
303.0,30.0,312.5,89.0,2.0,1698.0,0
300.4,35.2,309.7,112.0,2.0,1500.0,0
299.0,45.9,308.6,108.0,0.0,1434.0,0
298.7,50.7,310.1,53.0,1.0,1506.0,0
298.2,34.9,308.1,67.0,0.0,1622.0,0
300.6,40.9,312.0,132.0,0.0,1481.0,0
302.7,32.5,312.1,148.0,2.0,1603.0,0
301.7,38.8,311.3,132.0,0.0,1584.0,0
302.1,47.6,310.6,93.0,0.0,1459.0,0
299.2,47.2,308.9,175.0,0.0,1368.0,0
302.3,23.2,311.4,25.0,1.0,1909.0,0
299.1,49.3,310.4,69.0,1.0,1422.0,0
297.7,50.3,308.8,97.0,2.0,1404.0,0
298.2,42.2,308.4,98.0,2.0,1385.0,0
299.2,44.7,308.5,195.0,0.0,1457.0,0
298.4,30.2,309.6,146.0,0.0,1655.0,0
302.5,52.7,311.5,139.0,1.0,1358.0,0
302.3,34.4,311.8,191.0,1.0,1559.0,0
300.8,44.3,309.7,158.0,0.0,1461.0,0
299.2,39.8,310.4,34.0,1.0,1502.0,0
299.8,49.4,309.3,116.0,0.0,1386.0,0
300.3,37.7,311.6,107.0,0.0,1560.0,0
298.7,31.8,309.8,217.0,0.0,1589.0,0
297.4,46.3,308.7,146.0,2.0,1522.0,0
299.9,38.5,309.5,148.0,2.0,1547.0,0
299.9,41.2,311.3,169.0,1.0,1445.0,0
300.7,34.6,310.0,178.0,1.0,1641.0,0
298.4,33.0,308.2,61.0,0.0,1618.0,0
302.3,35.6,311.5,41.0,0.0,1565.0,0
298.8,50.3,309.7,44.0,0.0,1336.0,0
297.4,44.4,308.6,193.0,1.0,1434.0,0
298.0,26.6,307.8,9.0,0.0,1716.0,0
303.7,42.5,312.6,183.0,0.0,1466.0,0
302.0,24.4,310.5,138.0,2.0,1812.0,0
297.5,57.0,308.6,132.0,1.0,1347.0,0
300.4,35.7,309.7,177.0,0.0,1488.0,0
299.2,31.1,308.8,181.0,0.0,1605.0,0
299.2,30.6,310.6,160.0,2.0,1704.0,0
302.6,36.1,310.4,77.0,1.0,1532.0,0
303.6,45.6,312.4,9.0,2.0,1436.0,0
300.1,39.5,311.3,133.0,0.0,1479.0,0
302.6,29.5,311.4,151.0,1.0,1757.0,0
304.2,48.7,313.2,17.0,1.0,1380.0,0
300.3,33.1,309.4,150.0,1.0,1612.0,0
301.7,62.7,310.9,36.0,1.0,1300.0,0
301.3,44.2,310.6,76.0,0.0,1436.0,0
300.6,35.7,309.4,117.0,1.0,1581.0,0
296.7,42.1,307.5,55.0,1.0,1515.0,0
298.2,34.1,307.9,190.0,0.0,1551.0,0
302.3,32.3,311.4,49.0,0.0,1609.0,0
298.9,57.3,308.5,154.0,0.0,1387.0,0
302.1,48.0,311.2,13.0,0.0,1417.0,0
298.3,33.9,308.1,82.0,0.0,1528.0,0
302.9,19.1,312.4,192.0,0.0,2030.0,0
302.6,29.6,311.6,160.0,0.0,1638.0,0
301.8,26.2,311.2,204.0,0.0,1822.0,0
300.7,39.7,311.9,181.0,0.0,1462.0,0
302.2,48.3,310.8,36.0,1.0,1356.0,0
298.9,51.3,308.2,43.0,1.0,1411.0,0
303.0,37.1,312.4,168.0,2.0,1627.0,0
301.2,38.1,310.3,61.0,0.0,1499.0,0
304.0,28.7,313.1,106.0,0.0,1720.0,0
300.3,43.2,310.0,9.0,1.0,1409.0,0
298.8,30.3,310.1,119.0,0.0,1653.0,0
296.9,41.6,307.9,139.0,0.0,1435.0,0
298.3,35.8,309.4,140.0,0.0,1568.0,0
298.4,41.1,308.0,162.0,0.0,1526.0,0
303.3,51.8,311.3,16.0,0.0,1409.0,0
300.1,43.1,311.4,13.0,0.0,1484.0,0
300.8,34.5,310.6,153.0,0.0,1551.0,0
299.4,19.8,309.0,204.0,1.0,1939.0,0
298.6,34.0,309.9,215.0,1.0,1517.0,0
299.1,24.0,310.3,235.0,1.0,1838.0,0
298.0,52.9,308.2,218.0,0.0,1365.0,1
299.1,52.3,308.3,38.0,0.0,1431.0,0
300.0,24.9,309.5,70.0,2.0,1781.0,0
297.6,55.6,309.0,46.0,2.0,1354.0,0
301.8,43.8,310.6,70.0,0.0,1522.0,0
295.6,45.5,306.3,53.0,1.0,1426.0,0
302.1,31.6,311.5,23.0,1.0,1635.0,0
298.0,32.4,309.2,99.0,0.0,1527.0,0
300.4,42.6,311.7,176.0,1.0,1398.0,0
300.1,56.7,309.8,44.0,0.0,1430.0,0
298.4,37.8,308.0,7.0,0.0,1540.0,0
300.5,33.5,310.7,121.0,0.0,1606.0,0
302.0,36.4,310.4,114.0,1.0,1567.0,0
301.3,47.6,310.6,45.0,0.0,1376.0,0
302.5,38.8,311.1,135.0,0.0,1499.0,0
301.6,32.3,310.5,2.0,2.0,1602.0,0
301.8,33.3,311.0,4.0,0.0,1606.0,0
303.4,35.8,312.8,92.0,0.0,1513.0,0
300.7,48.4,309.8,151.0,0.0,1406.0,0
297.6,32.1,309.6,155.0,2.0,1669.0,0
298.1,28.5,308.0,63.0,0.0,1652.0,0
298.0,28.7,309.2,38.0,0.0,1731.0,0
301.7,38.0,311.2,166.0,0.0,1418.0,0
301.4,43.8,310.5,182.0,2.0,1421.0,0
297.2,41.1,308.6,56.0,1.0,1444.0,0
297.8,40.0,308.5,192.0,0.0,1448.0,0
302.3,28.1,312.0,167.0,0.0,1746.0,0
297.5,36.1,308.4,98.0,2.0,1587.0,0
297.3,30.6,308.1,196.0,1.0,1709.0,0
300.9,46.4,310.7,212.0,0.0,1352.0,0
300.8,32.9,311.2,82.0,1.0,1592.0,0
298.0,45.5,308.2,214.0,0.0,1469.0,0
302.5,43.2,310.4,191.0,1.0,1429.0,0
302.0,65.3,311.2,182.0,0.0,1270.0,1
303.1,35.5,311.1,13.0,1.0,1594.0,0
303.5,16.7,312.7,45.0,1.0,2116.0,0
299.8,38.8,310.5,215.0,0.0,1496.0,0
302.2,34.0,311.5,170.0,0.0,1725.0,0
300.7,49.9,309.5,0.0,0.0,1461.0,0
301.8,49.3,310.7,58.0,0.0,1441.0,0
300.0,35.4,311.4,120.0,1.0,1537.0,0
303.3,40.0,312.2,50.0,0.0,1506.0,0
298.0,33.3,307.8,121.0,0.0,1622.0,0
300.5,26.5,310.4,12.0,0.0,1761.0,0
300.5,54.2,309.8,207.0,0.0,1379.0,1
304.2,41.4,313.4,32.0,0.0,1482.0,0
302.0,42.7,310.7,92.0,0.0,1453.0,0
300.5,41.1,311.3,34.0,1.0,1468.0,0
299.8,56.4,309.3,188.0,0.0,1291.0,0
300.1,45.7,311.4,149.0,0.0,1356.0,0
295.6,40.4,306.0,174.0,0.0,1569.0,0
303.4,24.7,311.5,125.0,1.0,1817.0,0
302.5,38.6,312.1,3.0,0.0,1534.0,0
303.3,55.6,311.5,67.0,0.0,1412.0,0
303.1,32.3,311.2,21.0,0.0,1626.0,0
300.1,46.2,311.5,134.0,2.0,1422.0,0
301.7,37.9,311.2,75.0,0.0,1589.0,0
299.8,27.5,309.5,128.0,0.0,1739.0,0
301.4,37.7,310.7,40.0,1.0,1459.0,0
302.0,29.8,310.4,105.0,0.0,1591.0,0
302.6,36.2,310.4,84.0,0.0,1638.0,0
298.3,35.5,308.1,0.0,0.0,1586.0,0
298.3,62.0,308.0,98.0,0.0,1242.0,0
300.8,45.8,311.7,6.0,0.0,1432.0,0
303.0,43.0,311.1,108.0,1.0,1490.0,0
300.5,46.6,310.8,155.0,0.0,1445.0,0
297.3,55.0,308.5,104.0,2.0,1435.0,0
297.7,42.4,309.0,38.0,1.0,1531.0,0
298.3,52.3,309.1,160.0,0.0,1387.0,0
300.7,31.1,309.5,27.0,0.0,1685.0,0
297.6,46.6,309.6,13.0,2.0,1428.0,0
302.3,31.8,310.8,169.0,1.0,1611.0,0
304.0,62.5,312.9,200.0,0.0,1363.0,1
303.6,53.1,312.4,7.0,0.0,1363.0,0
298.1,27.6,307.7,145.0,0.0,1664.0,0
297.4,51.9,308.6,188.0,0.0,1439.0,0
300.3,40.8,309.8,158.0,1.0,1617.0,0
300.8,27.8,310.7,0.0,0.0,1633.0,0
301.7,31.6,310.8,137.0,1.0,1671.0,0
300.4,33.5,310.1,191.0,0.0,1614.0,0
298.5,44.8,309.0,217.0,0.0,1458.0,0
300.7,18.9,311.7,232.0,1.0,2097.0,1
295.8,43.2,306.6,92.0,1.0,1480.0,0
299.0,35.8,310.1,142.0,0.0,1583.0,0
296.4,31.4,307.5,72.0,1.0,1684.0,0
297.3,43.2,308.3,63.0,0.0,1411.0,0
301.1,22.8,311.3,31.0,1.0,1836.0,0
302.3,44.0,310.9,67.0,1.0,1360.0,1
304.0,46.8,313.0,30.0,1.0,1454.0,0
298.1,29.1,309.9,60.0,2.0,1686.0,0
302.1,28.7,311.0,83.0,1.0,1711.0,0
301.3,40.9,310.6,57.0,0.0,1481.0,0
299.2,39.2,308.8,179.0,0.0,1542.0,0
300.9,44.5,310.3,135.0,0.0,1446.0,0
297.5,39.7,308.4,34.0,2.0,1490.0,0
303.5,40.3,313.0,73.0,0.0,1547.0,0
301.5,25.5,310.8,120.0,0.0,1785.0,0
303.9,34.4,313.1,137.0,1.0,1668.0,0
298.2,35.9,308.0,151.0,1.0,1577.0,0
298.9,54.0,310.3,95.0,0.0,1364.0,0
299.8,32.5,310.6,124.0,0.0,1707.0,0
298.3,52.3,309.4,12.0,0.0,1378.0,0
299.2,52.4,308.5,61.0,0.0,1370.0,0
302.3,36.7,310.9,18.0,0.0,1545.0,0
300.6,37.0,310.5,91.0,2.0,1519.0,0
300.3,35.2,309.2,196.0,0.0,1650.0,0
296.7,32.4,307.8,113.0,1.0,1672.0,0
301.0,35.8,311.6,156.0,1.0,1609.0,0
297.8,44.5,307.3,3.0,0.0,1438.0,0
300.3,31.8,309.6,73.0,0.0,1597.0,0
300.2,36.1,310.3,36.0,1.0,1593.0,0
298.5,34.0,309.7,205.0,1.0,1552.0,0
299.8,33.4,309.8,153.0,0.0,1749.0,0
298.8,33.8,310.6,9.0,1.0,1640.0,0
300.6,41.6,309.6,140.0,0.0,1411.0,0
298.9,26.3,310.4,30.0,0.0,1739.0,0
296.5,38.5,307.6,98.0,0.0,1541.0,0
303.9,26.7,313.1,17.0,2.0,1790.0,0
298.5,40.5,308.2,170.0,0.0,1444.0,0
297.9,38.1,309.1,62.0,1.0,1614.0,0
299.5,41.5,309.2,175.0,0.0,1499.0,0
296.7,36.3,307.8,233.0,1.0,1537.0,0
298.0,36.8,307.7,186.0,2.0,1547.0,0
298.7,30.4,309.7,92.0,0.0,1667.0,0
302.5,32.2,310.2,64.0,0.0,1586.0,0
301.5,41.0,310.6,114.0,0.0,1522.0,0
300.8,38.4,309.4,109.0,0.0,1489.0,0
302.6,52.1,310.4,12.0,0.0,1415.0,0
298.8,46.7,308.9,204.0,0.0,1379.0,0
296.7,23.9,307.7,112.0,0.0,1927.0,0
298.7,41.5,310.3,83.0,1.0,1481.0,0
298.3,29.3,308.6,162.0,0.0,1584.0,0
301.5,39.7,311.0,118.0,1.0,1577.0,0
298.4,46.1,309.1,37.0,0.0,1362.0,0
301.0,46.9,311.0,113.0,1.0,1508.0,0
302.2,34.0,311.1,179.0,1.0,1728.0,0
300.9,21.4,311.4,105.0,0.0,2073.0,0
298.3,43.2,309.0,0.0,2.0,1379.0,0
303.3,48.1,311.3,32.0,0.0,1350.0,1
300.2,36.4,309.9,170.0,0.0,1566.0,0
299.4,45.4,309.1,137.0,0.0,1432.0,0
303.1,47.6,311.0,16.0,1.0,1510.0,0
299.3,31.4,310.6,99.0,1.0,1609.0,0
297.8,33.5,308.9,26.0,0.0,1506.0,0
303.0,36.1,312.4,142.0,1.0,1526.0,0
301.7,33.0,310.9,160.0,0.0,1608.0,0
302.3,39.6,311.7,147.0,1.0,1486.0,0
297.4,41.9,308.3,47.0,1.0,1483.0,0
298.1,48.2,309.4,63.0,0.0,1397.0,0
300.2,24.1,309.8,18.0,1.0,1743.0,0
299.3,45.4,308.8,191.0,2.0,1397.0,0
300.4,50.2,309.7,179.0,0.0,1314.0,0
297.6,26.4,309.0,41.0,2.0,1735.0,0
298.0,37.0,308.0,111.0,1.0,1555.0,0
298.2,36.0,308.8,39.0,0.0,1498.0,0
302.3,50.3,311.2,110.0,0.0,1386.0,0
300.1,55.9,309.2,55.0,0.0,1326.0,0
297.4,52.3,309.4,96.0,0.0,1296.0,0
299.9,28.9,311.4,160.0,0.0,1596.0,0
300.9,34.0,310.9,181.0,0.0,1601.0,0
296.9,18.9,307.9,86.0,1.0,2010.0,0
302.3,26.3,310.8,213.0,0.0,1723.0,0
298.7,23.8,309.7,118.0,1.0,1868.0,0
302.3,50.8,311.3,123.0,1.0,1339.0,0
298.0,45.2,309.9,55.0,1.0,1445.0,0
298.6,54.1,309.6,47.0,1.0,1397.0,0
297.9,49.6,309.1,56.0,1.0,1338.0,0
301.6,34.2,310.8,143.0,1.0,1548.0,0
298.0,35.2,307.5,31.0,0.0,1618.0,0
300.8,44.4,311.0,86.0,0.0,1578.0,0
302.5,40.2,310.5,201.0,1.0,1507.0,0
301.4,32.2,310.7,17.0,0.0,1584.0,0
297.5,37.7,308.9,197.0,2.0,1471.0,0
302.4,56.4,311.8,100.0,0.0,1320.0,0
300.7,53.8,312.3,67.0,0.0,1420.0,0
298.0,48.2,308.7,201.0,1.0,1436.0,0
303.1,24.5,311.4,159.0,0.0,1829.0,0
299.8,48.1,309.4,143.0,1.0,1401.0,0
300.2,29.4,310.3,221.0,1.0,1704.0,0
298.5,40.3,308.9,207.0,2.0,1500.0,0
302.2,37.3,311.3,207.0,0.0,1530.0,1
297.2,30.0,308.4,183.0,0.0,1605.0,0
300.8,45.1,310.8,51.0,0.0,1407.0,0
296.2,53.3,306.8,132.0,0.0,1389.0,0
299.8,29.1,309.7,94.0,0.0,1707.0,0
302.5,44.2,312.0,177.0,0.0,1411.0,0
297.4,59.1,308.9,201.0,1.0,1348.0,0
298.9,31.3,309.9,98.0,0.0,1590.0,0
300.6,40.2,311.1,28.0,2.0,1452.0,0
300.3,44.7,310.2,203.0,1.0,1429.0,0
298.7,45.7,308.5,143.0,2.0,1420.0,0
301.9,39.7,310.5,187.0,2.0,1472.0,0
298.2,43.1,308.4,65.0,0.0,1379.0,0
300.0,26.0,309.5,37.0,0.0,1728.0,0
297.7,29.0,307.4,139.0,0.0,1764.0,0
301.7,38.5,310.6,78.0,0.0,1486.0,0
301.0,9.7,312.2,143.0,1.0,2710.0,1
302.2,40.2,311.3,118.0,0.0,1554.0,0
297.6,39.8,308.6,19.0,2.0,1480.0,0
297.4,52.1,308.2,211.0,0.0,1297.0,0
303.0,38.5,312.3,134.0,0.0,1533.0,0
301.5,39.6,310.4,144.0,1.0,1486.0,0
299.4,37.5,309.3,39.0,2.0,1534.0,0
297.6,35.9,308.5,71.0,0.0,1572.0,0
297.9,43.9,309.0,116.0,0.0,1382.0,0
298.0,47.7,309.9,43.0,0.0,1403.0,0
301.0,67.9,310.0,30.0,2.0,1212.0,0
300.3,33.6,311.7,59.0,0.0,1579.0,0
300.7,40.1,310.8,142.0,2.0,1518.0,0
298.0,33.3,308.6,50.0,0.0,1626.0,0
300.6,28.0,309.4,36.0,2.0,1691.0,0
300.7,29.7,310.0,176.0,0.0,1672.0,0
300.3,16.8,310.3,32.0,0.0,2158.0,0
302.5,31.6,310.3,66.0,0.0,1688.0,0
301.2,38.4,310.4,51.0,0.0,1515.0,0
303.5,33.3,311.5,120.0,0.0,1535.0,0
298.8,45.5,309.8,64.0,1.0,1413.0,0
302.8,49.1,312.3,221.0,0.0,1366.0,0
301.5,33.8,310.5,57.0,2.0,1587.0,0
301.5,40.4,310.9,124.0,2.0,1524.0,0
302.4,50.5,311.2,53.0,0.0,1448.0,0
296.2,39.1,306.9,138.0,0.0,1516.0,0
300.4,44.7,309.6,192.0,0.0,1432.0,0
300.6,44.0,310.0,97.0,2.0,1483.0,0
298.2,31.0,307.6,209.0,0.0,1511.0,1
302.3,47.9,311.0,174.0,0.0,1428.0,0
301.8,30.8,310.7,74.0,0.0,1597.0,0
298.0,40.2,307.8,197.0,1.0,1492.0,0
297.3,39.4,308.4,59.0,0.0,1459.0,0
300.6,43.9,311.7,185.0,0.0,1528.0,0
296.8,58.6,308.0,19.0,2.0,1311.0,0
298.0,41.8,307.6,89.0,1.0,1508.0,0
300.7,43.2,310.7,49.0,0.0,1442.0,0
298.9,26.1,308.4,5.0,1.0,1827.0,0
303.5,45.2,311.8,173.0,0.0,1451.0,0
298.0,60.5,307.8,81.0,0.0,1266.0,0
300.3,53.8,311.3,125.0,1.0,1377.0,0
297.4,40.2,308.7,114.0,0.0,1402.0,0
303.4,53.4,312.8,98.0,0.0,1376.0,0
302.4,39.1,311.6,70.0,2.0,1544.0,0
300.4,54.8,309.9,70.0,0.0,1435.0,0
303.4,32.8,312.7,79.0,1.0,1594.0,0
296.7,34.2,307.4,109.0,2.0,1661.0,0
298.9,35.8,310.6,14.0,1.0,1679.0,0
302.2,29.8,311.3,112.0,1.0,1577.0,0
298.6,59.5,309.9,34.0,0.0,1356.0,0
301.4,38.6,310.4,16.0,2.0,1610.0,0
302.3,41.2,311.7,147.0,0.0,1453.0,0
300.2,37.0,309.4,194.0,0.0,1527.0,0
298.8,53.5,308.1,28.0,0.0,1472.0,0
302.2,41.4,310.8,66.0,0.0,1438.0,0
302.5,35.6,311.0,190.0,1.0,1563.0,0
300.8,26.3,312.3,144.0,0.0,1858.0,0
299.7,53.4,309.6,166.0,0.0,1321.0,0
302.9,33.9,312.2,86.0,0.0,1605.0,0
303.8,45.0,313.0,113.0,1.0,1514.0,0
300.3,34.7,311.0,142.0,0.0,1613.0,0
300.4,42.5,309.7,127.0,0.0,1534.0,0
297.3,27.7,308.1,42.0,1.0,1731.0,0
299.0,46.3,310.3,175.0,0.0,1428.0,0
297.4,4.2,308.7,118.0,0.0,2874.0,1
296.3,31.6,307.2,27.0,0.0,1637.0,0
302.3,37.7,311.0,171.0,1.0,1526.0,0
300.6,52.9,310.7,0.0,1.0,1339.0,0
301.1,20.2,311.2,41.0,0.0,1910.0,0
299.1,24.1,310.6,173.0,0.0,1818.0,0
299.8,37.5,309.2,109.0,0.0,1591.0,0
297.1,23.8,308.3,169.0,0.0,1773.0,0
302.0,45.3,310.9,193.0,1.0,1558.0,0
302.2,35.1,311.4,24.0,1.0,1539.0,0
298.2,45.1,307.9,193.0,1.0,1403.0,0
299.8,28.3,310.4,103.0,0.0,1698.0,0
304.2,35.7,313.3,180.0,0.0,1668.0,0
297.9,59.5,307.8,55.0,0.0,1286.0,0
300.3,48.1,311.4,119.0,1.0,1386.0,0
298.8,61.6,309.9,46.0,1.0,1331.0,0
297.7,24.4,309.0,28.0,0.0,1874.0,0
300.7,52.7,310.6,85.0,0.0,1540.0,0
303.9,29.1,313.2,201.0,2.0,1680.0,0
299.9,69.6,310.2,62.0,0.0,1288.0,1
302.1,37.4,311.4,102.0,0.0,1518.0,0
297.7,43.3,307.5,111.0,0.0,1379.0,0
296.9,36.5,307.9,63.0,2.0,1557.0,0
297.3,46.5,308.4,29.0,0.0,1491.0,0
301.6,40.9,310.9,152.0,1.0,1510.0,0
297.3,44.4,307.8,169.0,0.0,1385.0,0
297.1,58.0,308.0,162.0,0.0,1348.0,0
300.4,32.0,311.2,169.0,0.0,1530.0,0
299.5,32.4,310.8,67.0,2.0,1600.0,0
302.3,33.9,310.7,119.0,1.0,1559.0,0
297.3,32.8,308.5,92.0,1.0,1625.0,0
300.7,44.9,311.0,119.0,0.0,1436.0,0
297.5,34.6,309.4,142.0,0.0,1650.0,0
301.3,47.5,311.0,197.0,1.0,1402.0,0
297.4,43.0,309.3,83.0,2.0,1516.0,0
302.9,40.7,311.0,52.0,1.0,1402.0,0
298.0,45.5,307.5,166.0,1.0,1387.0,0
298.5,53.0,308.6,114.0,1.0,1344.0,0
301.1,38.0,310.0,17.0,0.0,1513.0,0
299.2,45.2,308.5,222.0,0.0,1445.0,0
299.9,42.2,309.4,198.0,1.0,1487.0,0
302.2,25.0,311.5,116.0,1.0,1734.0,0
296.5,40.7,307.4,85.0,0.0,1523.0,0
301.4,39.2,310.5,206.0,0.0,1476.0,0
297.9,50.3,309.1,24.0,0.0,1442.0,0
298.8,55.8,308.6,155.0,0.0,1268.0,0
298.7,35.2,308.5,77.0,0.0,1668.0,0
298.7,57.1,309.6,124.0,1.0,1254.0,0
301.5,31.9,310.6,137.0,1.0,1638.0,0
298.0,39.8,309.2,87.0,0.0,1458.0,0
303.8,41.9,312.6,159.0,1.0,1527.0,0
298.4,43.2,309.4,141.0,0.0,1540.0,0
298.2,19.9,307.8,96.0,0.0,2029.0,0
301.9,27.5,309.8,126.0,2.0,1724.0,0
299.0,45.7,308.8,204.0,1.0,1418.0,0
297.5,30.0,308.5,163.0,1.0,1612.0,0
299.8,42.5,309.4,146.0,0.0,1510.0,0
302.0,62.7,309.7,142.0,1.0,1386.0,1
296.8,39.4,307.8,122.0,0.0,1480.0,0
298.5,40.1,309.3,131.0,0.0,1570.0,0
298.9,26.6,308.7,73.0,0.0,1729.0,0
300.7,20.7,311.0,109.0,0.0,1969.0,0
300.1,44.3,310.5,121.0,0.0,1394.0,0
297.6,30.9,308.3,79.0,2.0,1640.0,0
300.1,37.6,309.2,73.0,0.0,1427.0,0
301.7,44.8,311.0,134.0,0.0,1503.0,0
303.7,22.5,312.0,79.0,0.0,1892.0,0
303.1,55.8,311.1,113.0,0.0,1420.0,0
300.0,28.3,309.5,48.0,0.0,1717.0,0
304.2,28.2,313.4,78.0,0.0,1740.0,0
300.3,45.9,311.8,53.0,0.0,1418.0,0
300.8,40.1,311.2,87.0,1.0,1488.0,0
297.0,41.4,308.1,222.0,2.0,1517.0,0
297.4,43.4,308.7,116.0,0.0,1433.0,0
295.6,32.7,306.3,56.0,0.0,1636.0,0
301.6,35.4,310.8,148.0,0.0,1535.0,0
301.3,50.1,310.4,88.0,0.0,1384.0,0
302.1,47.8,310.7,213.0,1.0,1364.0,1
297.5,39.1,308.5,47.0,2.0,1557.0,0
297.6,46.7,308.6,85.0,2.0,1463.0,0
297.4,61.8,308.4,98.0,0.0,1328.0,0
299.0,32.5,308.7,25.0,0.0,1583.0,0
298.9,46.5,309.9,75.0,0.0,1365.0,0
300.5,47.9,309.9,114.0,0.0,1423.0,0
299.8,32.2,310.8,161.0,0.0,1553.0,0
296.8,49.9,307.4,102.0,1.0,1455.0,0
300.9,35.7,310.9,175.0,2.0,1474.0,0
297.5,45.4,309.4,70.0,0.0,1443.0,0
302.0,33.1,310.4,97.0,1.0,1608.0,0
300.3,54.4,309.2,198.0,0.0,1398.0,0
299.0,40.0,310.3,181.0,0.0,1577.0,0
298.4,44.0,308.6,124.0,0.0,1477.0,0
299.3,38.8,310.5,30.0,0.0,1505.0,0
298.7,50.4,309.6,32.0,1.0,1424.0,0
300.7,44.0,309.5,126.0,1.0,1352.0,0
304.2,44.9,313.8,136.0,1.0,1481.0,0
295.7,40.6,306.2,103.0,0.0,1458.0,0
297.8,22.1,309.7,171.0,0.0,1935.0,0
297.4,45.5,309.4,53.0,0.0,1466.0,0
297.6,34.3,309.3,8.0,0.0,1543.0,0
300.8,22.8,310.2,33.0,0.0,1850.0,0
298.8,44.0,310.1,56.0,2.0,1380.0,0
298.9,25.4,310.4,81.0,0.0,1831.0,0
302.6,31.8,311.8,23.0,0.0,1627.0,0
301.2,28.9,310.8,38.0,0.0,1711.0,0
301.5,34.1,310.4,151.0,0.0,1629.0,0
298.4,42.0,308.6,120.0,0.0,1491.0,0
302.1,45.1,311.3,174.0,1.0,1453.0,0
298.9,27.6,310.2,103.0,0.0,1706.0,0
303.1,61.5,312.4,127.0,0.0,1404.0,1
298.2,49.8,308.3,45.0,0.0,1304.0,0
297.3,53.5,308.2,7.0,0.0,1446.0,0
300.7,38.7,310.5,129.0,2.0,1567.0,0
300.7,35.5,310.1,191.0,0.0,1542.0,0
299.9,34.8,309.2,16.0,0.0,1658.0,0
303.0,33.7,312.5,135.0,1.0,1602.0,0
301.1,41.1,310.6,72.0,1.0,1479.0,0
299.0,45.9,310.1,47.0,0.0,1416.0,0
299.7,48.2,310.9,188.0,0.0,1384.0,0
302.5,41.2,310.5,154.0,0.0,1520.0,0
297.5,26.7,308.6,70.0,0.0,1793.0,0
298.3,30.7,308.9,174.0,0.0,1695.0,0
297.4,41.2,308.8,126.0,0.0,1538.0,0
300.8,44.1,310.6,136.0,2.0,1465.0,0
298.0,29.1,308.8,71.0,0.0,1757.0,0
298.2,33.3,308.3,191.0,1.0,1639.0,0
300.5,39.4,311.9,203.0,0.0,1546.0,0
300.2,28.3,309.5,51.0,1.0,1630.0,0
297.7,45.7,308.7,93.0,0.0,1479.0,0
297.2,46.6,308.6,98.0,2.0,1486.0,0
298.5,33.3,308.7,41.0,1.0,1615.0,0
299.1,36.0,310.0,195.0,1.0,1580.0,0
303.4,38.7,312.3,96.0,0.0,1540.0,0
301.9,37.6,310.7,70.0,1.0,1511.0,0
298.8,27.1,310.3,78.0,2.0,1708.0,0
301.0,34.1,312.2,113.0,0.0,1540.0,0
299.2,41.9,308.7,196.0,0.0,1514.0,0
300.0,33.4,309.9,76.0,0.0,1608.0,0
297.1,38.3,307.9,170.0,0.0,1507.0,0
299.4,57.0,308.8,92.0,0.0,1390.0,0
297.2,30.3,308.3,124.0,0.0,1656.0,0
299.4,41.0,309.0,213.0,0.0,1507.0,0
300.4,33.1,311.8,209.0,1.0,1553.0,1
299.2,33.7,309.0,193.0,0.0,1615.0,0
302.2,31.6,311.4,62.0,1.0,1626.0,0
302.3,38.7,311.4,65.0,0.0,1504.0,0
297.2,43.0,308.0,202.0,2.0,1435.0,0
300.7,21.0,310.5,194.0,0.0,1960.0,0
300.1,37.9,311.6,37.0,2.0,1589.0,0
300.5,32.7,311.7,85.0,0.0,1619.0,0
295.6,35.8,306.3,60.0,2.0,1509.0,0
300.1,50.9,310.5,111.0,0.0,1492.0,0
298.7,43.7,310.2,34.0,0.0,1525.0,0
300.0,22.7,309.5,49.0,0.0,1869.0,0
298.6,31.5,310.2,7.0,1.0,1668.0,0
299.4,34.5,309.2,48.0,0.0,1621.0,0
298.5,50.5,308.3,22.0,1.0,1381.0,0
300.2,43.4,309.2,24.0,0.0,1430.0,0
302.1,45.0,311.3,204.0,1.0,1511.0,0
297.1,44.4,308.5,207.0,0.0,1323.0,1
301.7,43.8,310.6,80.0,0.0,1471.0,0
297.6,38.3,308.4,93.0,1.0,1569.0,0
298.2,18.7,309.3,144.0,1.0,2056.0,0
301.7,38.3,310.1,49.0,2.0,1462.0,0
302.3,44.8,311.5,65.0,1.0,1445.0,0
297.5,37.6,308.7,112.0,0.0,1453.0,0
301.4,47.6,311.2,52.0,1.0,1434.0,0
297.3,36.7,308.7,114.0,0.0,1556.0,0
302.0,40.5,310.6,24.0,1.0,1479.0,0
301.3,31.3,310.3,180.0,0.0,1626.0,0
301.4,38.3,310.7,95.0,0.0,1509.0,0
302.6,42.7,310.4,75.0,0.0,1514.0,0
301.0,39.3,310.8,194.0,1.0,1533.0,0
302.3,43.2,311.8,206.0,0.0,1487.0,0
303.5,29.4,312.6,18.0,1.0,1642.0,0
301.4,36.8,310.6,159.0,0.0,1550.0,0
300.7,44.7,309.7,76.0,1.0,1435.0,0
300.9,38.1,310.2,137.0,1.0,1533.0,0
299.3,47.5,310.5,12.0,1.0,1404.0,0
298.3,36.7,309.5,134.0,0.0,1542.0,0
300.5,47.5,311.4,51.0,0.0,1432.0,0
302.4,47.9,311.0,79.0,0.0,1475.0,0
302.3,33.1,311.5,39.0,0.0,1543.0,0
298.2,36.8,307.8,134.0,0.0,1476.0,0
300.8,50.6,310.5,141.0,1.0,1409.0,0
300.3,38.8,311.6,154.0,0.0,1595.0,0
300.1,45.2,311.3,40.0,0.0,1470.0,0
297.4,42.1,308.5,190.0,1.0,1600.0,0
298.5,31.8,309.3,23.0,1.0,1615.0,0
300.6,37.2,309.4,90.0,1.0,1521.0,0
299.9,54.8,311.4,32.0,1.0,1337.0,0
297.4,42.4,308.0,190.0,1.0,1440.0,0
298.6,46.4,309.8,76.0,0.0,1332.0,0
297.5,36.0,308.6,141.0,0.0,1596.0,0
302.6,41.2,310.8,156.0,0.0,1470.0,0
301.1,55.5,311.6,210.0,1.0,1266.0,0
300.5,34.2,309.5,62.0,2.0,1635.0,0
302.2,54.6,311.7,154.0,0.0,1330.0,0
297.3,42.4,308.5,171.0,1.0,1520.0,0
303.2,36.6,311.4,43.0,2.0,1607.0,0
298.5,48.2,309.6,107.0,1.0,1441.0,0
300.5,34.4,311.8,2.0,1.0,1636.0,0
300.5,46.5,309.9,134.0,0.0,1382.0,0
301.0,41.8,310.9,71.0,0.0,1404.0,0
303.8,23.9,312.6,149.0,1.0,1768.0,0
302.2,32.8,311.3,120.0,0.0,1602.0,0
302.7,24.4,312.1,146.0,0.0,1728.0,0
301.4,38.3,310.9,9.0,0.0,1536.0,0
300.5,57.9,311.8,191.0,0.0,1368.0,1
300.3,41.5,311.7,172.0,0.0,1452.0,0
296.8,25.2,307.9,116.0,1.0,1843.0,0
300.4,36.1,311.8,0.0,0.0,1601.0,0
301.8,46.3,310.6,100.0,2.0,1441.0,0
299.5,40.9,310.7,104.0,0.0,1472.0,0
298.3,55.4,307.8,114.0,1.0,1330.0,0
299.9,40.7,311.3,20.0,0.0,1504.0,0
302.4,44.1,311.4,56.0,0.0,1450.0,0
300.9,30.7,310.7,200.0,2.0,1656.0,0
301.7,28.9,310.2,59.0,0.0,1686.0,0
302.1,35.9,311.4,104.0,0.0,1603.0,0
300.2,31.5,310.2,23.0,0.0,1600.0,0
302.2,38.3,311.5,35.0,0.0,1489.0,0
300.1,36.7,309.6,165.0,1.0,1584.0,0
296.9,37.2,307.8,160.0,1.0,1477.0,0
301.7,50.5,310.1,38.0,0.0,1384.0,0
300.4,31.4,310.5,41.0,1.0,1644.0,0
298.4,34.4,308.6,160.0,0.0,1569.0,0
300.7,46.8,311.1,165.0,0.0,1478.0,0
301.0,47.4,311.1,167.0,1.0,1420.0,0
302.3,31.5,311.7,199.0,1.0,1640.0,0
300.0,41.2,311.4,22.0,0.0,1487.0,0
297.5,50.0,308.4,218.0,0.0,1433.0,0
297.2,39.7,308.3,115.0,0.0,1419.0,0
299.1,20.1,310.1,106.0,0.0,1894.0,0
299.2,26.1,308.5,69.0,0.0,1821.0,0
297.4,23.0,308.7,135.0,1.0,1798.0,0
301.4,43.2,311.0,13.0,1.0,1427.0,0
303.5,51.6,313.0,80.0,0.0,1393.0,0
298.1,30.4,309.9,58.0,0.0,1642.0,0
295.6,25.8,306.2,29.0,0.0,1823.0,0
302.1,50.0,311.0,205.0,0.0,1364.0,0
297.7,38.2,309.0,94.0,0.0,1507.0,0
297.5,27.9,309.5,240.0,2.0,1668.0,0
302.0,29.6,310.3,157.0,0.0,1648.0,0
300.0,44.9,310.4,133.0,0.0,1505.0,0
301.3,48.0,310.6,104.0,0.0,1458.0,0
301.4,31.4,310.8,185.0,0.0,1680.0,0
302.1,24.4,311.3,200.0,0.0,1758.0,0
302.1,36.8,311.1,80.0,1.0,1423.0,0
303.9,29.0,313.1,95.0,0.0,1639.0,0
300.7,38.2,309.7,73.0,1.0,1523.0,0
300.6,29.9,310.5,100.0,0.0,1642.0,0
298.9,56.2,309.9,119.0,0.0,1309.0,0
302.7,52.1,312.2,213.0,0.0,1450.0,1
300.6,36.0,309.4,98.0,0.0,1556.0,0
303.6,31.6,313.0,52.0,0.0,1593.0,0
300.6,51.2,310.8,119.0,0.0,1378.0,0
298.5,43.5,309.5,87.0,0.0,1428.0,0
298.9,53.7,309.8,71.0,1.0,1353.0,0
302.9,52.1,312.3,145.0,1.0,1339.0,0
296.3,33.8,307.1,151.0,1.0,1534.0,0
302.3,33.4,310.9,62.0,0.0,1529.0,0
301.8,46.8,310.6,151.0,0.0,1403.0,0
298.9,27.2,310.0,114.0,0.0,1794.0,0
297.0,43.7,308.1,217.0,0.0,1355.0,0
302.2,40.4,310.5,111.0,1.0,1507.0,0
298.6,16.2,309.8,218.0,0.0,2271.0,1
298.8,52.5,309.1,111.0,0.0,1350.0,0
300.8,46.3,310.2,187.0,0.0,1492.0,0
298.0,48.5,308.7,181.0,1.0,1377.0,0
301.3,33.6,311.0,80.0,0.0,1542.0,0
300.7,34.9,310.8,57.0,0.0,1619.0,0
304.1,50.0,313.3,184.0,0.0,1415.0,0
302.0,32.1,310.5,143.0,1.0,1573.0,0
303.5,34.0,313.0,126.0,0.0,1606.0,0
301.1,37.0,311.2,165.0,0.0,1564.0,0
302.3,37.2,311.4,15.0,0.0,1570.0,0
297.9,34.7,309.1,33.0,0.0,1619.0,0
302.6,41.6,312.4,40.0,0.0,1398.0,0
298.5,34.6,309.3,46.0,1.0,1498.0,0
298.1,49.1,307.8,135.0,0.0,1379.0,0
297.5,31.0,308.4,45.0,0.0,1747.0,0
302.5,40.2,310.4,48.0,0.0,1487.0,0
299.3,52.1,309.1,27.0,0.0,1399.0,0
303.3,40.7,312.2,48.0,0.0,1457.0,0
300.3,53.4,311.6,123.0,2.0,1339.0,0
301.3,47.2,310.7,74.0,0.0,1504.0,0
300.4,36.9,310.2,231.0,1.0,1613.0,0
302.3,37.3,311.7,107.0,1.0,1504.0,0
297.6,39.0,308.7,44.0,0.0,1476.0,0
303.3,53.9,311.3,39.0,0.0,1389.0,0
298.5,34.8,309.5,35.0,0.0,1561.0,0
299.0,33.5,308.5,154.0,2.0,1623.0,0
300.6,50.6,310.3,25.0,0.0,1414.0,0
301.3,53.8,310.6,90.0,0.0,1440.0,0
301.4,29.2,310.8,110.0,0.0,1740.0,0
301.9,43.2,310.8,62.0,0.0,1525.0,0
300.7,32.4,311.7,213.0,0.0,1635.0,0
297.5,38.1,308.4,106.0,0.0,1604.0,0
298.0,32.4,309.0,90.0,0.0,1679.0,0
301.1,40.6,311.1,159.0,1.0,1470.0,0
298.8,47.4,310.1,187.0,0.0,1481.0,0
298.3,32.7,309.1,0.0,1.0,1632.0,0
300.1,56.2,309.4,127.0,1.0,1349.0,0
303.1,44.5,311.2,27.0,1.0,1489.0,0
300.5,32.7,311.4,44.0,0.0,1611.0,0
301.3,48.3,310.4,78.0,1.0,1577.0,0
299.1,41.6,308.6,183.0,0.0,1437.0,0
303.5,51.6,312.6,62.0,1.0,1405.0,0
301.7,39.5,311.1,158.0,1.0,1506.0,0
298.7,46.7,309.6,198.0,0.0,1502.0,0
301.4,46.1,310.6,70.0,0.0,1381.0,0
300.3,28.9,311.7,198.0,1.0,1646.0,0
301.3,41.2,311.1,223.0,1.0,1492.0,0
297.5,39.0,308.0,141.0,1.0,1560.0,0
299.1,37.9,308.4,130.0,0.0,1543.0,0
295.8,48.0,306.4,99.0,0.0,1356.0,0
297.4,32.8,308.6,85.0,1.0,1604.0,0
301.7,26.7,310.3,33.0,1.0,1787.0,0
297.3,55.2,308.6,156.0,0.0,1385.0,0
298.8,39.5,310.1,105.0,0.0,1607.0,0
301.9,44.2,311.2,16.0,0.0,1435.0,0
301.9,42.4,310.5,128.0,0.0,1477.0,0
298.6,42.4,308.4,169.0,1.0,1391.0,0
300.6,52.9,310.0,93.0,0.0,1313.0,0
299.1,25.2,308.3,34.0,0.0,1892.0,0
297.5,35.9,308.4,13.0,0.0,1440.0,0
299.2,27.0,310.7,225.0,0.0,1737.0,1
299.7,25.5,309.3,129.0,0.0,1779.0,0
298.8,41.4,310.0,152.0,0.0,1487.0,0
299.8,32.5,309.4,27.0,0.0,1609.0,0
299.0,47.2,308.3,35.0,1.0,1377.0,0
300.7,29.4,310.9,102.0,0.0,1650.0,0
297.5,26.6,309.4,105.0,1.0,1831.0,0
300.4,59.2,311.8,198.0,0.0,1272.0,1
298.7,35.7,309.7,176.0,0.0,1601.0,0
297.7,36.9,309.3,145.0,0.0,1559.0,0
303.5,41.7,312.3,32.0,1.0,1532.0,0
303.2,41.2,311.4,230.0,0.0,1514.0,0
296.7,32.1,307.7,114.0,1.0,1597.0,0
301.6,43.6,310.7,176.0,0.0,1429.0,0
303.5,49.3,312.7,82.0,0.0,1393.0,0
300.7,40.0,310.3,207.0,0.0,1458.0,0
298.1,40.0,307.9,0.0,1.0,1496.0,0
297.7,62.8,307.3,47.0,2.0,1249.0,0
298.8,42.3,308.6,207.0,1.0,1507.0,0
300.4,32.3,311.8,7.0,0.0,1636.0,0
297.1,29.5,308.4,100.0,0.0,1693.0,0
302.3,37.6,311.0,75.0,0.0,1446.0,0
299.0,33.4,310.2,44.0,1.0,1598.0,0
298.0,26.0,307.6,119.0,1.0,1792.0,0
300.0,21.9,310.4,102.0,2.0,1881.0,0
299.6,37.1,309.1,73.0,1.0,1560.0,0
299.7,42.9,309.4,55.0,0.0,1445.0,0
300.8,40.6,311.4,20.0,0.0,1492.0,0
300.2,30.5,310.1,43.0,0.0,1649.0,0
297.2,34.4,308.6,76.0,0.0,1578.0,0
300.4,44.2,310.0,189.0,0.0,1423.0,0
299.0,34.3,310.4,48.0,0.0,1504.0,0
298.0,58.5,308.7,176.0,1.0,1479.0,1
299.2,44.8,310.3,18.0,1.0,1551.0,0
297.9,59.3,307.8,75.0,1.0,1303.0,0
301.6,34.5,310.5,102.0,0.0,1593.0,0
299.7,30.8,309.2,137.0,0.0,1645.0,0
300.6,19.8,310.4,116.0,0.0,2007.0,0
300.5,59.5,311.9,33.0,0.0,1330.0,0
298.1,34.0,309.0,54.0,0.0,1559.0,0
297.4,21.8,308.3,24.0,0.0,1854.0,0
303.6,38.3,313.1,58.0,0.0,1405.0,0
301.6,40.1,311.0,142.0,0.0,1485.0,0
301.4,36.4,310.7,83.0,2.0,1516.0,0
303.3,59.1,311.4,4.0,1.0,1395.0,0
297.3,37.0,308.3,54.0,2.0,1506.0,0
299.2,30.5,308.7,93.0,0.0,1650.0,0
301.3,39.1,311.1,2.0,0.0,1504.0,0
302.6,43.0,311.1,88.0,1.0,1520.0,0
302.0,23.6,310.5,119.0,2.0,1841.0,0
297.3,34.4,308.7,158.0,0.0,1592.0,0
297.0,47.7,307.9,168.0,0.0,1350.0,0
302.5,46.8,310.4,179.0,0.0,1427.0,0
297.7,27.2,308.7,125.0,0.0,1688.0,0
296.3,58.6,307.2,29.0,0.0,1291.0,0
298.9,52.6,310.6,190.0,0.0,1363.0,0
300.5,61.3,311.1,202.0,1.0,1296.0,1
297.1,42.1,308.4,148.0,0.0,1422.0,0
298.2,38.8,308.9,20.0,1.0,1408.0,0
297.3,33.9,308.7,93.0,2.0,1569.0,0
303.8,41.7,312.7,190.0,0.0,1414.0,0
297.8,40.4,308.9,2.0,0.0,1518.0,0
302.8,27.0,312.4,200.0,0.0,1651.0,0
298.8,44.4,308.8,55.0,0.0,1523.0,0
301.6,46.8,311.2,95.0,2.0,1395.0,0
300.0,49.6,311.4,101.0,0.0,1383.0,0
301.9,23.4,310.4,163.0,0.0,1884.0,0
298.3,49.5,308.6,91.0,2.0,1432.0,0
297.9,58.5,307.9,93.0,2.0,1406.0,0
302.8,27.4,312.2,44.0,0.0,1746.0,0
299.3,48.9,310.7,222.0,1.0,1374.0,0
303.6,52.9,312.0,86.0,0.0,1309.0,1
300.0,24.6,311.4,132.0,0.0,1927.0,0
298.9,49.9,310.1,187.0,2.0,1452.0,0
297.9,31.4,308.8,57.0,0.0,1613.0,0
300.2,59.4,309.8,26.0,0.0,1353.0,0
300.4,56.5,311.3,31.0,1.0,1350.0,0
302.3,26.4,311.6,79.0,0.0,1784.0,0
297.6,40.3,308.4,195.0,0.0,1460.0,0
302.2,52.4,311.5,157.0,0.0,1346.0,0
300.7,39.2,310.6,189.0,1.0,1488.0,0
297.3,45.7,308.1,202.0,0.0,1458.0,0
302.0,36.6,310.8,0.0,0.0,1454.0,0
298.4,46.0,308.1,203.0,1.0,1495.0,0
297.3,47.5,308.5,27.0,0.0,1497.0,0
299.9,41.2,309.4,20.0,0.0,1467.0,0
301.1,34.5,312.3,115.0,0.0,1587.0,0
298.6,46.0,309.0,4.0,0.0,1469.0,0
299.2,48.4,308.4,35.0,0.0,1393.0,0
301.7,42.2,311.0,144.0,0.0,1527.0,0
297.1,31.3,308.6,61.0,1.0,1717.0,0
302.6,52.3,312.1,35.0,0.0,1439.0,0
297.9,42.4,307.6,180.0,0.0,1504.0,0
297.3,50.5,308.4,71.0,1.0,1370.0,0
302.5,18.9,312.0,40.0,0.0,2052.0,0
302.1,30.9,311.4,106.0,0.0,1686.0,0
298.8,43.1,309.7,63.0,0.0,1450.0,0
300.2,38.1,310.3,45.0,1.0,1478.0,0
300.8,21.1,310.7,44.0,1.0,1886.0,0
298.1,17.5,307.9,5.0,0.0,2161.0,0
301.2,15.7,310.1,11.0,1.0,2280.0,0
297.0,51.1,307.7,130.0,1.0,1261.0,0
300.8,48.1,311.2,172.0,0.0,1376.0,0
300.0,21.8,309.3,135.0,1.0,1932.0,0
301.8,42.7,309.6,231.0,0.0,1443.0,0
300.0,56.5,309.3,122.0,0.0,1395.0,0
299.5,61.0,309.3,140.0,0.0,1382.0,0
302.8,36.6,312.1,84.0,0.0,1487.0,0
299.1,40.1,308.3,60.0,0.0,1426.0,0
299.7,43.4,310.2,28.0,0.0,1458.0,0
300.2,35.8,309.6,36.0,1.0,1556.0,0
297.4,46.8,308.4,116.0,1.0,1441.0,0
300.9,36.7,310.6,3.0,0.0,1538.0,0
298.6,32.6,309.8,201.0,0.0,1561.0,0
301.5,40.7,310.6,208.0,0.0,1519.0,0
302.5,40.1,311.2,165.0,0.0,1545.0,0
299.1,34.9,308.2,119.0,0.0,1493.0,0
297.9,37.8,307.6,120.0,0.0,1589.0,0
300.1,30.3,311.3,151.0,0.0,1676.0,0
299.7,37.2,309.3,4.0,0.0,1546.0,0
298.3,40.1,309.1,31.0,0.0,1472.0,0
298.8,34.4,309.6,149.0,1.0,1575.0,0
298.0,50.8,307.6,122.0,0.0,1281.0,0
297.2,24.6,307.9,142.0,0.0,1825.0,0
301.2,21.3,310.7,44.0,0.0,1951.0,0
299.9,41.2,309.8,109.0,1.0,1625.0,0
296.5,44.2,307.6,106.0,0.0,1415.0,0
298.4,35.4,309.2,112.0,0.0,1583.0,0
300.8,50.0,312.6,117.0,0.0,1422.0,0
295.8,31.6,306.6,95.0,0.0,1621.0,0
297.3,52.1,308.4,36.0,0.0,1339.0,0
302.7,36.7,312.0,74.0,1.0,1538.0,0
302.0,34.8,309.7,207.0,0.0,1551.0,0
301.2,49.2,310.6,105.0,0.0,1385.0,0
300.5,36.9,311.5,65.0,0.0,1651.0,0
300.4,30.4,312.0,191.0,1.0,1596.0,0
297.5,26.8,308.5,136.0,0.0,1712.0,0
303.9,46.5,313.2,9.0,0.0,1393.0,0
300.0,20.0,309.4,55.0,0.0,2010.0,0
301.2,49.5,311.5,3.0,1.0,1498.0,0
300.7,38.3,309.3,102.0,0.0,1580.0,0
297.5,57.3,308.8,0.0,0.0,1309.0,0
299.2,23.9,309.0,137.0,1.0,1881.0,0
298.7,42.5,310.1,61.0,1.0,1549.0,0
300.4,42.0,311.8,201.0,0.0,1589.0,0
300.7,52.6,310.5,199.0,0.0,1357.0,0
301.9,54.9,310.4,126.0,0.0,1376.0,1
298.7,31.9,310.1,51.0,1.0,1693.0,0
299.3,40.5,308.7,213.0,0.0,1484.0,0
301.3,55.6,310.3,127.0,0.0,1313.0,0
297.8,39.8,307.8,21.0,0.0,1452.0,0
296.8,36.7,307.5,135.0,1.0,1516.0,0
300.2,44.0,310.1,198.0,1.0,1474.0,0
299.0,37.8,310.2,42.0,0.0,1575.0,0
299.5,41.5,309.4,183.0,0.0,1563.0,0
297.8,36.5,309.4,132.0,1.0,1495.0,0
300.0,22.6,309.3,120.0,0.0,1887.0,0
301.4,34.2,310.7,94.0,0.0,1605.0,0
299.8,37.3,309.0,193.0,2.0,1467.0,0
300.1,36.6,311.6,74.0,0.0,1530.0,0
296.7,36.8,307.7,82.0,0.0,1524.0,0
302.5,40.1,311.9,187.0,0.0,1553.0,0
301.6,43.4,309.9,100.0,0.0,1440.0,0
301.9,42.7,310.8,85.0,2.0,1455.0,0
299.2,37.4,308.9,212.0,1.0,1573.0,0
301.5,46.5,310.6,206.0,0.0,1394.0,0
299.4,40.1,310.9,7.0,1.0,1473.0,0
302.9,25.0,312.3,180.0,1.0,1809.0,0
302.7,26.3,310.6,9.0,0.0,1686.0,0
297.5,49.8,308.8,177.0,0.0,1417.0,0
301.6,44.4,311.1,106.0,0.0,1408.0,0
303.4,50.9,311.8,200.0,0.0,1366.0,1
302.3,40.2,311.4,30.0,1.0,1500.0,0
304.2,53.9,313.8,142.0,0.0,1401.0,0
303.6,54.6,312.2,112.0,2.0,1371.0,1
296.7,33.4,307.9,50.0,2.0,1579.0,0
298.3,45.9,310.1,99.0,0.0,1523.0,0
297.5,35.5,308.6,155.0,1.0,1510.0,0
300.3,46.0,309.1,171.0,0.0,1368.0,0
302.0,57.6,309.9,197.0,0.0,1308.0,1
302.3,47.3,310.8,22.0,0.0,1377.0,1
298.8,44.8,309.7,31.0,1.0,1448.0,0
297.2,41.5,308.6,108.0,0.0,1392.0,0
303.6,44.1,313.1,120.0,0.0,1395.0,0
300.1,36.2,311.4,199.0,0.0,1572.0,0
298.7,27.9,309.7,136.0,1.0,1629.0,0
298.5,45.1,309.4,148.0,0.0,1418.0,0
298.0,49.3,308.7,52.0,0.0,1443.0,0
298.5,53.6,309.6,122.0,0.0,1421.0,0
302.3,40.3,311.4,133.0,0.0,1434.0,0
298.9,30.2,310.1,162.0,0.0,1587.0,0
302.5,29.5,311.5,133.0,0.0,1700.0,0
303.9,47.5,313.0,76.0,0.0,1408.0,0
302.1,34.8,311.2,177.0,0.0,1550.0,0
300.1,39.3,310.1,195.0,1.0,1501.0,0
297.7,44.1,307.2,26.0,2.0,1429.0,0
298.8,47.6,308.5,85.0,2.0,1359.0,0
298.9,4.6,309.1,143.0,0.0,2861.0,1
298.6,48.0,309.4,141.0,0.0,1471.0,0
298.6,31.8,309.5,27.0,2.0,1584.0,0
299.5,61.8,309.2,45.0,1.0,1314.0,0
301.7,44.3,311.0,208.0,0.0,1441.0,1
298.8,31.2,310.2,102.0,1.0,1527.0,0
301.5,33.1,310.7,38.0,0.0,1568.0,0
303.3,44.6,311.6,223.0,0.0,1484.0,0
300.1,42.5,309.2,61.0,0.0,1421.0,0
300.0,40.9,310.1,60.0,0.0,1465.0,0
299.4,33.7,309.0,130.0,2.0,1607.0,0
299.5,39.5,310.7,95.0,1.0,1488.0,0
301.3,58.3,310.7,92.0,1.0,1300.0,0
300.0,47.7,309.6,39.0,0.0,1431.0,0
297.6,40.2,309.0,51.0,2.0,1413.0,0
300.2,35.7,310.4,80.0,1.0,1530.0,0
299.0,30.8,310.4,73.0,2.0,1677.0,0
301.9,47.0,310.7,73.0,1.0,1472.0,0
298.0,43.7,308.1,37.0,2.0,1440.0,0
301.3,47.5,310.6,42.0,0.0,1451.0,0
297.2,23.8,308.3,61.0,0.0,1796.0,0
302.1,30.3,310.7,81.0,1.0,1608.0,0
298.1,18.4,308.0,45.0,1.0,2129.0,0
297.6,32.2,309.5,65.0,1.0,1709.0,0
300.4,36.4,311.6,53.0,1.0,1518.0,0
297.8,32.1,307.8,18.0,1.0,1622.0,0
303.7,51.3,312.8,42.0,0.0,1437.0,0
299.0,37.5,308.7,134.0,0.0,1507.0,0
302.5,43.8,311.5,218.0,2.0,1496.0,0
303.6,48.2,312.5,17.0,1.0,1459.0,0
297.4,25.9,308.5,54.0,0.0,1782.0,0
297.6,35.5,308.6,88.0,1.0,1492.0,0
301.5,33.5,310.5,157.0,1.0,1623.0,0
297.9,33.8,309.9,33.0,0.0,1542.0,0
300.8,24.8,311.1,156.0,2.0,1698.0,0
300.7,37.2,309.6,19.0,1.0,1536.0,0
302.6,40.4,310.3,105.0,0.0,1479.0,0
300.1,57.4,310.5,99.0,1.0,1329.0,0
296.9,44.8,307.9,144.0,1.0,1385.0,0
300.7,50.8,310.1,75.0,0.0,1376.0,0
296.9,45.3,308.1,62.0,0.0,1435.0,0
298.8,33.7,308.6,61.0,1.0,1571.0,0
301.0,37.3,310.9,6.0,0.0,1515.0,0
298.8,41.3,308.9,208.0,0.0,1455.0,1
300.8,46.5,312.0,7.0,0.0,1416.0,0
300.5,23.0,312.0,103.0,1.0,1867.0,0
300.5,67.5,311.2,208.0,0.0,1270.0,1
297.3,35.6,308.4,16.0,2.0,1531.0,0
296.9,29.9,307.9,177.0,0.0,1626.0,0
303.2,33.7,312.4,71.0,0.0,1663.0,0
301.5,22.4,310.5,149.0,0.0,1927.0,0
303.8,42.4,313.1,152.0,0.0,1422.0,0
298.2,44.2,309.0,87.0,0.0,1418.0,0
297.2,43.7,308.3,46.0,1.0,1431.0,0
302.0,32.5,311.0,25.0,0.0,1686.0,0
300.3,26.3,311.7,202.0,0.0,1821.0,0
298.7,42.5,309.9,146.0,0.0,1593.0,0
298.7,35.5,309.8,0.0,0.0,1530.0,0
301.3,32.5,310.4,110.0,1.0,1635.0,0
300.2,50.2,309.5,98.0,0.0,1343.0,0
300.5,49.4,311.9,37.0,0.0,1431.0,0
301.3,30.4,310.6,92.0,0.0,1576.0,0
297.9,37.5,309.0,54.0,0.0,1528.0,0
299.6,29.6,310.1,73.0,1.0,1646.0,0
300.7,48.7,309.5,21.0,1.0,1470.0,0
301.6,49.5,310.8,140.0,1.0,1343.0,0
299.0,19.3,310.1,15.0,0.0,2033.0,0
303.4,30.8,312.8,37.0,1.0,1526.0,0
302.6,53.4,312.3,42.0,0.0,1321.0,0
301.1,29.1,311.1,170.0,0.0,1711.0,0
303.6,44.8,311.8,101.0,1.0,1421.0,1
302.5,40.9,310.3,170.0,0.0,1549.0,0
300.9,35.3,310.9,153.0,1.0,1636.0,0
303.4,43.0,311.5,117.0,1.0,1483.0,0
302.9,46.8,312.3,175.0,2.0,1509.0,0
300.7,44.4,311.2,33.0,0.0,1452.0,0
300.0,58.7,310.2,68.0,1.0,1443.0,0
296.9,35.8,307.8,206.0,2.0,1549.0,1
301.0,53.6,310.6,74.0,1.0,1460.0,0
300.2,43.6,311.5,127.0,2.0,1432.0,0
300.2,49.3,309.8,163.0,0.0,1401.0,0
298.5,52.4,309.5,113.0,0.0,1370.0,0
300.8,22.4,310.7,36.0,1.0,1924.0,0
299.9,44.3,309.2,214.0,0.0,1491.0,0
298.6,33.4,309.7,99.0,0.0,1627.0,0
298.0,34.9,307.7,194.0,1.0,1621.0,0
298.9,23.2,310.2,155.0,0.0,1971.0,0
301.0,44.9,310.4,86.0,2.0,1512.0,0
300.2,20.9,311.4,20.0,1.0,1960.0,0
301.3,41.6,310.4,192.0,0.0,1501.0,0
302.3,23.9,311.4,43.0,1.0,1855.0,0
300.7,29.0,309.5,17.0,0.0,1592.0,0
299.6,23.3,310.7,205.0,0.0,1922.0,1
298.3,58.8,309.0,35.0,0.0,1339.0,0
297.9,67.0,307.6,129.0,1.0,1202.0,0
296.9,31.1,308.0,11.0,0.0,1546.0,0
297.4,25.8,309.3,91.0,1.0,1775.0,0
301.6,26.6,310.1,16.0,0.0,1687.0,0
304.2,47.8,313.5,83.0,1.0,1390.0,0
299.6,42.8,309.0,160.0,0.0,1525.0,0
302.3,26.1,311.5,7.0,0.0,1794.0,0
297.5,44.9,308.6,77.0,0.0,1552.0,0
302.7,47.5,312.2,166.0,0.0,1447.0,0
300.8,25.1,312.4,136.0,1.0,1811.0,0
302.0,36.0,311.1,23.0,0.0,1635.0,0
298.9,32.5,310.2,63.0,0.0,1705.0,0
302.6,34.4,311.5,228.0,2.0,1629.0,1
298.2,32.4,307.7,91.0,0.0,1688.0,0
298.9,42.9,310.0,170.0,0.0,1515.0,0
300.6,39.7,310.6,67.0,0.0,1454.0,0
298.8,33.7,309.9,13.0,0.0,1568.0,0
299.1,40.9,310.4,85.0,0.0,1450.0,0
303.8,43.0,313.0,0.0,0.0,1427.0,0
299.8,40.3,309.5,141.0,0.0,1542.0,0
301.3,30.7,311.1,34.0,1.0,1678.0,0
298.2,44.5,309.1,80.0,0.0,1467.0,0
298.4,19.2,309.3,132.0,2.0,1984.0,0
298.8,27.7,309.6,143.0,0.0,1613.0,0
300.7,43.7,311.8,217.0,0.0,1443.0,0
298.5,40.9,309.8,157.0,0.0,1468.0,0
301.3,32.1,311.2,12.0,0.0,1675.0,0
297.6,47.3,308.6,169.0,0.0,1415.0,0
299.4,24.6,309.1,158.0,0.0,1766.0,0
298.4,50.8,308.1,94.0,0.0,1375.0,0
298.4,57.8,310.1,96.0,1.0,1335.0,0
299.1,34.1,308.3,128.0,0.0,1524.0,0
298.7,40.2,309.9,137.0,1.0,1458.0,0
302.2,36.0,311.2,169.0,0.0,1630.0,0
300.9,27.3,310.7,76.0,1.0,1696.0,0
300.7,37.1,310.9,113.0,0.0,1535.0,0
297.8,25.5,309.8,203.0,1.0,1798.0,0
298.6,40.4,308.3,179.0,0.0,1422.0,0
300.6,52.8,310.6,75.0,1.0,1427.0,0
300.6,29.9,311.7,72.0,0.0,1734.0,0
298.4,43.8,308.2,2.0,1.0,1468.0,0
300.6,38.5,310.8,117.0,0.0,1533.0,0
299.0,59.5,310.1,46.0,0.0,1362.0,0
297.2,43.7,308.0,162.0,0.0,1474.0,0
298.4,35.3,309.4,51.0,2.0,1512.0,0
296.8,48.7,307.6,142.0,0.0,1304.0,0
302.7,35.1,311.2,128.0,0.0,1545.0,0
300.8,39.0,310.5,47.0,0.0,1482.0,0
300.2,41.8,309.6,41.0,1.0,1491.0,0
299.2,21.4,309.0,102.0,0.0,1951.0,0
300.6,47.0,311.5,63.0,0.0,1459.0,0
301.9,36.7,310.9,101.0,0.0,1542.0,0
300.8,46.8,310.4,21.0,0.0,1368.0,0
299.8,36.4,310.4,0.0,0.0,1579.0,0
299.3,43.4,309.0,67.0,1.0,1496.0,0
300.8,46.2,310.9,56.0,1.0,1522.0,0
298.1,16.3,308.8,195.0,1.0,2206.0,0
302.6,51.6,312.1,182.0,0.0,1420.0,0
301.3,40.8,311.0,148.0,1.0,1495.0,0
298.1,41.8,308.8,93.0,1.0,1434.0,0
297.8,57.9,307.8,70.0,1.0,1310.0,0
298.4,45.6,309.3,129.0,1.0,1496.0,0
297.8,25.8,307.9,43.0,1.0,1802.0,0
300.5,39.1,311.6,199.0,1.0,1476.0,0
297.9,41.9,308.9,50.0,0.0,1566.0,0
299.7,44.9,311.1,174.0,0.0,1439.0,0
301.5,47.3,310.7,77.0,0.0,1466.0,0
297.9,38.2,307.8,80.0,0.0,1451.0,0
299.8,38.7,309.2,212.0,0.0,1504.0,0
303.8,48.3,312.9,52.0,0.0,1442.0,0
302.6,29.3,312.0,37.0,2.0,1657.0,0
299.3,46.5,309.0,121.0,0.0,1449.0,0
299.9,45.9,310.0,162.0,0.0,1447.0,0
299.3,39.4,308.5,80.0,1.0,1496.0,0
300.4,56.8,311.2,173.0,0.0,1436.0,0
300.3,44.6,309.6,87.0,0.0,1404.0,0
301.7,40.3,311.0,21.0,0.0,1548.0,0
296.6,42.7,307.4,48.0,0.0,1389.0,0
300.8,46.4,311.7,217.0,0.0,1490.0,0
299.2,35.8,308.5,160.0,1.0,1594.0,0
297.9,29.0,309.0,26.0,0.0,1629.0,0
298.3,40.6,309.1,176.0,1.0,1488.0,0
298.9,43.1,309.8,218.0,1.0,1392.0,0
299.1,43.4,308.9,197.0,0.0,1445.0,0
300.3,46.3,310.3,50.0,0.0,1345.0,0
301.4,34.6,310.8,187.0,0.0,1610.0,0
300.7,35.6,310.3,198.0,0.0,1533.0,0
303.8,49.9,312.9,192.0,0.0,1367.0,0
298.6,43.1,309.8,80.0,1.0,1430.0,0
298.0,44.1,308.2,204.0,0.0,1442.0,0
297.4,33.4,308.8,186.0,0.0,1620.0,0
296.8,40.1,307.7,89.0,0.0,1565.0,0
297.7,35.8,309.7,160.0,2.0,1570.0,0
300.5,55.3,311.8,167.0,1.0,1331.0,0
298.2,40.6,309.0,89.0,0.0,1489.0,0
296.8,45.9,308.3,182.0,0.0,1506.0,0
297.7,28.1,308.9,19.0,0.0,1662.0,0
297.7,43.0,308.2,151.0,2.0,1489.0,0
298.7,32.6,310.0,197.0,0.0,1555.0,0
302.2,26.9,311.4,33.0,0.0,1754.0,0
299.0,28.0,310.3,178.0,1.0,1827.0,0
300.1,52.1,311.4,94.0,1.0,1390.0,0
300.4,40.0,311.7,51.0,0.0,1513.0,0
300.6,55.2,310.0,90.0,1.0,1397.0,0
298.5,33.1,309.3,109.0,0.0,1623.0,0
299.9,24.4,311.3,151.0,0.0,1802.0,0
296.7,41.7,307.6,148.0,0.0,1474.0,0
298.9,45.9,310.0,109.0,0.0,1470.0,0
301.7,44.0,311.0,187.0,1.0,1505.0,0
302.0,36.2,311.0,8.0,0.0,1563.0,0
301.8,43.3,310.7,60.0,0.0,1523.0,0
297.2,47.9,308.8,143.0,1.0,1485.0,0
302.8,49.5,312.4,10.0,0.0,1368.0,0
301.6,34.4,310.6,162.0,0.0,1562.0,0
298.4,32.4,308.0,154.0,0.0,1605.0,0
302.8,29.1,310.6,2.0,0.0,1670.0,0
301.0,34.9,311.5,162.0,1.0,1550.0,0
297.6,38.3,308.6,39.0,1.0,1482.0,0
297.2,35.9,307.9,197.0,1.0,1530.0,0
301.3,36.0,309.9,213.0,1.0,1565.0,0
299.8,17.7,311.1,190.0,0.0,2144.0,0
302.3,46.8,310.9,166.0,0.0,1377.0,1
299.3,48.2,308.6,65.0,0.0,1314.0,0
300.6,21.4,311.6,15.0,0.0,1964.0,0
301.3,46.7,310.4,90.0,0.0,1346.0,0
297.4,37.6,308.7,118.0,2.0,1429.0,0
295.3,38.5,305.7,189.0,1.0,1473.0,0
301.4,36.1,310.6,110.0,1.0,1565.0,0
296.9,44.5,308.0,15.0,0.0,1343.0,0
297.5,38.2,308.3,74.0,1.0,1521.0,0
301.6,34.1,310.8,150.0,0.0,1564.0,0
298.4,28.4,309.3,66.0,0.0,1716.0,0
303.6,40.2,312.6,155.0,2.0,1498.0,0
299.8,35.6,309.1,93.0,0.0,1546.0,0
297.6,41.7,308.7,81.0,1.0,1419.0,0
299.5,20.4,308.8,164.0,0.0,1965.0,0
300.9,24.5,311.8,25.0,1.0,1843.0,0
298.5,37.5,308.2,15.0,1.0,1564.0,0
299.5,58.8,309.4,195.0,0.0,1390.0,1
301.5,34.5,310.8,162.0,0.0,1593.0,0
296.9,34.5,308.0,84.0,0.0,1521.0,0
298.3,43.1,308.4,177.0,0.0,1408.0,0
299.9,51.2,309.2,185.0,1.0,1389.0,0
297.6,49.8,309.4,199.0,0.0,1326.0,0
301.7,39.2,309.9,192.0,1.0,1457.0,0
300.5,37.0,309.3,221.0,0.0,1528.0,0
301.7,28.7,311.0,19.0,0.0,1700.0,0
302.3,24.4,311.2,68.0,0.0,1758.0,0
303.5,23.6,312.2,109.0,1.0,1818.0,0
303.4,50.9,311.9,39.0,1.0,1419.0,0
296.2,29.9,307.3,42.0,0.0,1711.0,0
297.5,28.0,308.5,158.0,2.0,1671.0,0
301.5,34.3,311.1,100.0,0.0,1602.0,0
299.5,54.1,309.3,147.0,0.0,1333.0,0
299.1,51.4,310.4,66.0,1.0,1524.0,0
298.6,34.2,309.5,119.0,2.0,1523.0,0
297.1,38.9,307.9,166.0,1.0,1609.0,0
301.3,30.4,311.0,151.0,0.0,1576.0,0
301.4,38.8,310.9,162.0,0.0,1414.0,0
298.2,36.0,307.9,186.0,0.0,1551.0,0
300.8,35.1,312.1,164.0,2.0,1527.0,0
302.3,51.5,311.0,154.0,0.0,1329.0,0
300.6,43.4,309.4,233.0,0.0,1549.0,0
300.1,39.3,311.4,47.0,1.0,1617.0,0
298.6,42.5,309.6,16.0,2.0,1449.0,0
299.3,45.7,310.6,97.0,0.0,1443.0,0
300.8,28.1,310.9,63.0,1.0,1678.0,0
296.9,41.0,308.0,74.0,0.0,1658.0,0
298.9,32.5,309.3,55.0,1.0,1632.0,0
298.1,37.9,308.2,17.0,0.0,1482.0,0
300.0,23.8,309.1,84.0,0.0,1882.0,0
300.7,40.2,310.3,59.0,1.0,1471.0,0
297.0,47.4,307.9,112.0,1.0,1412.0,0
304.1,37.4,313.6,129.0,0.0,1556.0,0
297.0,28.0,307.8,188.0,0.0,1774.0,0
301.0,28.1,309.6,133.0,0.0,1724.0,0
303.5,46.5,311.6,62.0,0.0,1361.0,1
302.9,23.9,312.4,244.0,0.0,1923.0,0
297.5,30.0,308.3,54.0,2.0,1674.0,0
300.6,60.1,311.9,212.0,0.0,1372.0,1
295.3,36.2,305.8,184.0,1.0,1589.0,0
303.4,27.9,312.3,40.0,2.0,1769.0,0
296.1,38.5,307.1,14.0,1.0,1433.0,0
302.5,36.9,310.8,158.0,0.0,1577.0,0
297.3,58.8,308.1,199.0,1.0,1370.0,0
302.9,24.6,311.0,128.0,0.0,1820.0,0
299.9,38.4,310.4,144.0,0.0,1408.0,0
297.5,40.4,308.5,129.0,0.0,1546.0,0
303.7,31.7,312.8,40.0,0.0,1627.0,0
302.4,54.6,311.0,176.0,0.0,1329.0,0
301.8,31.9,310.6,126.0,0.0,1650.0,0
300.3,53.8,310.6,86.0,0.0,1433.0,0
298.6,45.8,309.7,113.0,0.0,1429.0,0
300.7,14.3,311.1,135.0,0.0,2377.0,0
298.6,33.9,309.5,70.0,1.0,1580.0,0
301.0,28.5,310.9,197.0,0.0,1813.0,0
296.9,48.3,307.5,22.0,2.0,1397.0,0
302.6,36.0,311.5,162.0,0.0,1609.0,0
299.4,14.2,309.1,57.0,0.0,2421.0,0
297.4,44.9,308.5,20.0,0.0,1501.0,0
302.4,39.9,311.5,58.0,0.0,1590.0,0
301.2,53.3,310.9,66.0,0.0,1416.0,0
303.3,30.0,312.1,80.0,1.0,1693.0,0
301.1,45.3,310.7,8.0,0.0,1436.0,0
299.7,42.6,309.3,0.0,0.0,1445.0,0
299.6,28.0,310.9,76.0,0.0,1658.0,0
300.7,50.2,311.9,222.0,0.0,1399.0,1
300.1,27.3,309.2,118.0,0.0,1783.0,0
300.6,33.8,309.5,84.0,1.0,1557.0,0
301.6,41.1,310.4,167.0,0.0,1517.0,0
301.3,46.9,310.8,59.0,0.0,1450.0,0
301.1,53.0,311.2,165.0,1.0,1407.0,0
299.0,16.8,308.7,204.0,0.0,2248.0,0
300.9,40.2,312.1,63.0,0.0,1423.0,0
303.7,18.1,313.1,185.0,1.0,2130.0,0
303.8,25.9,312.6,154.0,0.0,1735.0,0
298.2,42.6,308.7,23.0,1.0,1426.0,0
297.4,37.2,308.4,68.0,0.0,1582.0,0
299.7,40.0,309.1,123.0,0.0,1475.0,0
300.7,38.8,311.9,9.0,0.0,1485.0,0
301.0,46.3,311.2,62.0,0.0,1363.0,0
299.7,35.8,309.3,6.0,0.0,1574.0,0
301.2,32.4,310.7,98.0,0.0,1676.0,0
299.1,33.4,310.2,20.0,0.0,1598.0,0
298.0,36.1,308.8,73.0,0.0,1581.0,0
298.5,34.7,309.3,121.0,1.0,1551.0,0
300.9,41.1,311.5,129.0,0.0,1505.0,0
297.2,39.4,308.3,9.0,1.0,1604.0,0
297.2,38.5,308.7,86.0,0.0,1501.0,0
300.5,46.8,309.3,94.0,0.0,1475.0,0
297.4,34.5,308.4,205.0,0.0,1573.0,0
301.1,41.8,311.1,156.0,1.0,1436.0,0
300.6,40.3,309.4,103.0,0.0,1425.0,0
298.3,49.0,308.8,166.0,0.0,1454.0,0
300.8,40.7,309.4,104.0,2.0,1474.0,0
302.4,24.4,310.3,113.0,0.0,1900.0,0
303.9,44.1,313.2,197.0,0.0,1481.0,0
301.6,43.4,310.6,222.0,0.0,1506.0,0
298.1,28.2,307.8,76.0,0.0,1761.0,0
299.4,22.9,308.5,76.0,0.0,1845.0,0
300.8,31.8,311.9,21.0,0.0,1560.0,0
299.3,47.4,308.4,3.0,0.0,1406.0,0
296.2,40.6,307.0,28.0,2.0,1542.0,0
301.9,29.1,311.2,23.0,0.0,1657.0,0
299.7,42.8,310.2,30.0,1.0,1440.0,0
300.7,30.3,309.5,64.0,0.0,1692.0,0
298.0,55.8,308.6,65.0,1.0,1254.0,0
300.6,30.3,310.9,91.0,1.0,1702.0,0
301.2,34.9,310.1,37.0,1.0,1666.0,0
303.6,27.2,312.8,14.0,0.0,1710.0,0
297.6,31.6,308.8,79.0,1.0,1683.0,0
302.2,31.2,311.5,172.0,0.0,1744.0,0
298.8,45.4,310.1,192.0,2.0,1483.0,0
300.6,38.2,310.7,187.0,1.0,1566.0,0
298.2,49.4,308.4,209.0,0.0,1355.0,0
299.4,39.1,308.6,109.0,1.0,1541.0,0
298.9,33.5,308.6,128.0,1.0,1574.0,0
302.1,60.3,311.0,207.0,1.0,1351.0,1
301.8,50.5,310.3,64.0,0.0,1341.0,1
298.8,50.8,309.1,115.0,0.0,1368.0,0
295.8,51.7,306.4,69.0,1.0,1335.0,0
298.2,37.4,309.7,118.0,0.0,1585.0,0
302.6,47.7,310.4,189.0,0.0,1478.0,0
299.9,50.0,310.4,148.0,0.0,1470.0,0
298.6,42.8,309.8,205.0,0.0,1469.0,0
299.3,44.7,308.5,78.0,0.0,1485.0,0
299.2,35.4,308.6,64.0,1.0,1631.0,0
298.1,55.1,307.9,42.0,1.0,1377.0,0
301.4,43.9,310.6,210.0,0.0,1445.0,0
299.7,42.3,311.2,180.0,1.0,1616.0,0
301.9,34.1,310.4,155.0,0.0,1518.0,0
300.7,42.0,311.9,196.0,0.0,1476.0,0
300.2,47.0,309.1,22.0,0.0,1479.0,0
301.3,56.8,310.1,195.0,0.0,1269.0,1
299.2,29.5,310.5,95.0,0.0,1705.0,0
301.1,25.1,312.4,126.0,1.0,1809.0,0
299.1,33.3,308.2,123.0,0.0,1568.0,0
297.3,31.6,308.7,129.0,0.0,1619.0,0
295.8,47.6,306.4,84.0,0.0,1399.0,0
300.7,36.3,312.3,93.0,0.0,1590.0,0
297.8,49.0,309.9,181.0,0.0,1351.0,0
300.7,53.1,309.8,183.0,0.0,1363.0,0
300.4,48.7,310.6,24.0,0.0,1384.0,0
298.9,42.4,308.4,149.0,2.0,1449.0,0
297.5,44.8,309.2,24.0,0.0,1426.0,0
302.5,54.8,312.0,0.0,1.0,1445.0,0
303.9,41.1,313.1,12.0,0.0,1440.0,0
299.0,68.6,310.3,111.0,1.0,1303.0,1
299.1,46.8,308.5,190.0,0.0,1539.0,0
300.8,25.6,312.4,105.0,0.0,1767.0,0
301.4,26.5,310.8,6.0,1.0,1782.0,0
301.8,35.9,310.6,97.0,1.0,1552.0,0
299.2,48.7,310.5,93.0,0.0,1384.0,0
302.4,54.3,310.3,165.0,1.0,1378.0,1
303.3,24.5,311.8,67.0,0.0,1842.0,0
297.4,31.2,308.1,143.0,1.0,1620.0,0
301.7,50.7,310.8,133.0,0.0,1385.0,0
300.5,55.9,309.8,143.0,1.0,1370.0,0
299.3,44.9,310.4,162.0,2.0,1393.0,0
296.8,37.6,307.6,126.0,0.0,1588.0,0
300.5,42.9,310.5,14.0,1.0,1469.0,0
300.5,33.1,310.4,71.0,0.0,1702.0,0
303.6,39.8,312.6,21.0,0.0,1540.0,0
302.2,34.2,311.0,185.0,0.0,1555.0,0
297.6,50.6,308.7,143.0,0.0,1365.0,0
300.8,45.8,309.6,47.0,0.0,1498.0,0
297.4,38.8,308.3,23.0,0.0,1483.0,0
300.5,41.4,311.6,108.0,1.0,1454.0,0
304.0,42.6,313.2,213.0,0.0,1481.0,0
301.8,44.2,310.7,49.0,0.0,1461.0,0
297.4,34.6,308.0,181.0,1.0,1601.0,0
296.2,34.9,306.9,140.0,0.0,1526.0,0
297.4,45.5,308.3,11.0,0.0,1366.0,0
298.2,34.6,309.2,161.0,1.0,1524.0,0
297.1,38.8,308.0,229.0,2.0,1559.0,0
300.7,31.3,309.5,90.0,1.0,1633.0,0
298.7,55.3,308.6,148.0,0.0,1297.0,0
298.7,33.0,309.9,203.0,0.0,1617.0,0
300.7,18.5,310.8,95.0,0.0,2113.0,0
298.7,46.4,308.5,48.0,0.0,1375.0,0
300.4,45.1,311.8,0.0,1.0,1442.0,0
297.9,50.2,307.8,130.0,0.0,1373.0,0
297.0,43.1,308.1,51.0,1.0,1507.0,0
300.7,50.7,310.3,12.0,2.0,1369.0,0
303.4,44.8,311.5,71.0,0.0,1414.0,0
302.6,27.4,310.3,79.0,2.0,1721.0,0
300.3,37.5,310.4,219.0,0.0,1493.0,0
298.4,42.5,309.1,139.0,0.0,1467.0,0
297.7,40.1,308.2,165.0,2.0,1526.0,0
297.2,28.0,308.3,188.0,0.0,1693.0,0
301.0,64.4,311.1,177.0,0.0,1236.0,1
297.3,43.8,308.7,24.0,1.0,1451.0,0
295.6,48.9,306.2,33.0,0.0,1443.0,0
298.1,46.7,308.4,103.0,0.0,1436.0,0
300.7,47.3,310.4,203.0,0.0,1543.0,0
298.7,44.7,309.8,48.0,1.0,1501.0,0
296.1,22.7,307.1,20.0,0.0,1898.0,0
297.3,59.6,308.3,207.0,1.0,1459.0,1
304.0,26.2,313.5,126.0,1.0,1732.0,0
301.5,49.7,310.8,5.0,0.0,1417.0,0
303.4,49.9,312.7,28.0,1.0,1576.0,0
297.6,20.5,309.5,220.0,0.0,2001.0,0
302.2,35.9,310.9,61.0,2.0,1522.0,0
297.4,46.2,308.4,95.0,1.0,1478.0,0
300.8,51.7,311.2,111.0,1.0,1365.0,0
298.5,28.9,310.1,20.0,0.0,1809.0,0
303.9,40.7,313.3,164.0,0.0,1526.0,0
299.4,37.4,309.2,37.0,0.0,1552.0,0
300.5,62.1,309.5,138.0,0.0,1255.0,0
301.8,41.7,310.7,72.0,0.0,1547.0,0
298.9,48.9,308.3,38.0,0.0,1432.0,0
302.5,38.4,311.0,188.0,0.0,1548.0,0
300.2,31.1,311.5,31.0,0.0,1639.0,0
301.0,47.0,312.2,59.0,0.0,1372.0,0
301.3,36.9,310.9,159.0,1.0,1512.0,0
298.2,55.7,309.0,23.0,2.0,1371.0,0
301.0,25.0,310.4,142.0,1.0,1793.0,0
300.6,37.0,311.8,187.0,0.0,1539.0,0
302.2,43.0,311.2,91.0,1.0,1377.0,0
297.3,49.8,308.1,0.0,0.0,1468.0,0
298.9,55.3,309.6,166.0,1.0,1284.0,0
300.8,52.7,310.0,178.0,0.0,1468.0,0
297.5,42.4,309.5,60.0,1.0,1553.0,0
300.1,45.1,309.6,113.0,2.0,1463.0,0
298.0,37.7,308.9,49.0,0.0,1607.0,0
296.3,35.8,307.3,175.0,0.0,1566.0,0
298.8,39.1,310.6,211.0,0.0,1602.0,0
296.8,56.5,307.9,5.0,0.0,1337.0,0
303.7,23.1,312.3,193.0,0.0,1922.0,0
297.3,42.4,308.8,139.0,2.0,1419.0,0
300.3,47.9,309.2,163.0,1.0,1490.0,0
300.7,56.6,310.1,98.0,0.0,1261.0,0
297.8,35.2,308.8,66.0,0.0,1559.0,0
298.7,31.1,310.1,49.0,0.0,1641.0,0
300.6,40.6,309.4,99.0,0.0,1410.0,0
298.0,39.2,309.0,155.0,1.0,1562.0,0
300.5,60.9,310.5,73.0,0.0,1409.0,0
296.4,47.8,307.5,99.0,0.0,1331.0,0
297.9,45.1,308.5,70.0,0.0,1472.0,0
302.2,47.0,311.0,187.0,1.0,1436.0,0
298.9,61.9,309.8,216.0,0.0,1287.0,1
299.3,54.2,308.7,80.0,0.0,1393.0,0
300.2,37.3,311.3,102.0,1.0,1491.0,0
296.2,37.0,307.3,44.0,0.0,1475.0,0
300.1,54.8,309.0,29.0,0.0,1404.0,0
303.8,23.7,312.9,16.0,0.0,1819.0,0
302.8,32.2,311.1,78.0,0.0,1563.0,0
298.0,48.7,307.6,138.0,0.0,1450.0,0
298.9,38.0,310.1,52.0,0.0,1510.0,0
297.4,34.3,308.5,83.0,0.0,1692.0,0
298.9,39.8,309.6,202.0,0.0,1583.0,0
302.9,36.9,311.2,71.0,0.0,1634.0,0
297.4,41.0,308.2,35.0,0.0,1386.0,0
304.2,37.3,313.3,27.0,2.0,1625.0,0
297.0,69.1,307.9,153.0,0.0,1296.0,1
301.7,44.6,310.3,57.0,0.0,1397.0,0
302.3,57.1,311.1,146.0,1.0,1295.0,0
303.4,58.9,311.8,22.0,0.0,1438.0,0
298.9,27.1,308.9,37.0,1.0,1727.0,0
297.0,40.2,307.8,190.0,0.0,1521.0,0
298.5,36.3,309.4,71.0,0.0,1578.0,0
300.7,26.6,309.9,149.0,0.0,1775.0,0
297.9,28.7,307.3,7.0,2.0,1663.0,0
302.4,35.0,311.4,122.0,0.0,1564.0,0
302.2,42.6,311.5,16.0,2.0,1482.0,0
300.6,54.6,311.0,94.0,1.0,1401.0,0
298.9,37.7,310.4,159.0,0.0,1546.0,0
302.1,27.7,311.5,50.0,0.0,1727.0,0
301.5,33.7,310.6,122.0,0.0,1587.0,0
295.9,21.7,306.4,72.0,0.0,1892.0,0
301.1,45.8,310.1,42.0,0.0,1489.0,0
302.0,50.0,310.6,84.0,0.0,1392.0,0
297.9,36.1,309.1,15.0,0.0,1521.0,0
303.7,36.0,312.5,125.0,0.0,1641.0,0
303.4,39.9,312.9,63.0,1.0,1422.0,0
301.9,35.4,311.0,116.0,1.0,1638.0,0
299.0,21.2,310.1,13.0,0.0,1886.0,0
300.5,19.8,309.9,189.0,1.0,1994.0,0
297.4,30.7,309.0,177.0,1.0,1685.0,0
299.3,38.5,308.5,57.0,0.0,1413.0,0
299.0,46.4,308.6,112.0,0.0,1466.0,0
302.6,45.5,312.2,54.0,0.0,1377.0,0
303.8,35.8,312.9,147.0,2.0,1570.0,0
297.3,37.6,308.6,147.0,2.0,1499.0,0
299.2,42.5,308.4,54.0,1.0,1381.0,0
300.1,33.7,309.2,218.0,1.0,1732.0,0
295.9,41.0,306.6,109.0,0.0,1412.0,0
298.1,30.9,308.0,61.0,0.0,1704.0,0
302.3,37.8,311.5,57.0,0.0,1530.0,0
302.0,44.4,310.5,85.0,0.0,1370.0,1
300.4,55.4,311.6,160.0,1.0,1359.0,0
301.2,26.2,310.7,64.0,2.0,1656.0,0
298.1,32.9,308.7,10.0,0.0,1568.0,0
298.3,35.6,309.4,138.0,0.0,1570.0,0
296.8,47.9,307.9,127.0,1.0,1418.0,0
301.5,28.2,310.7,61.0,1.0,1744.0,0
302.5,41.8,310.3,160.0,1.0,1488.0,0
298.1,53.5,308.8,65.0,1.0,1378.0,0
