warning_t,confirmation_t,confirm_age,label,gap_prev_gt,gap_next_gt,gap_prev_det,norm_before,norm_after,norm_delta,direction,raw_before,raw_after,raw_rel_change,discord,swap_gap,swap_within,dataset,config,stage3,group,fake_rise,sub,buffer_len,acc_best,acc_new,acc_current,install_ratio,pre_trend_norm,long_trend,long_trend_norm,pre_trend,pre_dir,pre_dir_norm
2471,2503,32,orphan,,3279.0,,0.4451,0.443,-0.0021,flat,2.4467,2.2759,-0.0698,masked_fall,,0,reg_gradual_20k.csv,htr/error,"{""buffer_len"": 33, ""merged"": [], ""collection_size"": 2, ""current_idx"": 1, ""best_idx"": 0, ""acc_current_on_warning"": 0.5611054046872337, ""acc_best_on_warning"": 0.5611054046872337, ""acc_new_on_warning"": 0.379725570386081, ""winner_initial"": ""reused_copy"", ""acc_on_buffer"": {""0"": 0.5611054046872337}, ""similarity_metric"": ""residual_pearson"", ""merge_pairs"": [], ""slot_eras"": {""0"": 0, ""1"": 1}, ""score_semanti",synthetic,False,,33,0.5611054046872337,0.379725570386081,0.5611054046872337,0.9944939635333855,-0.035015665996809386,,,-0.23981759199278918,fall,fall
5991,6023,32,hit,241.0,6759.0,3520.0,0.4948,0.6274,0.1326,rise,2.8589,5.3189,0.8605,,3486.0,0,reg_gradual_20k.csv,htr/error,"{""buffer_len"": 33, ""merged"": [0], ""collection_size"": 2, ""current_idx"": 2, ""best_idx"": 1, ""acc_current_on_warning"": 0.3262473144234983, ""acc_best_on_warning"": 0.3262473144234983, ""acc_new_on_warning"": 0.3306656053864244, ""winner_initial"": ""reused_copy"", ""acc_on_buffer"": {""1"": 0.3262473144234983}, ""similarity_metric"": ""residual_pearson"", ""merge_pairs"": [[1, 0]], ""slot_eras"": {""0"": 0, ""1"": 1, ""2"": 2}",synthetic,False,,33,0.3262473144234983,0.3306656053864244,0.3262473144234983,1.588629692399442,0.06038229282615881,-0.2509329429500482,-0.013256515799614399,0.5452886587409274,rise,rise
6535,6535,0,echo_inwin,785.0,6215.0,544.0,0.623,0.5257,-0.0973,fall,5.258,3.2511,-0.3817,,323.0,1,reg_gradual_20k.csv,htr/error,"{""buffer_len"": 1, ""merged"": [], ""collection_size"": 3, ""current_idx"": 3, ""best_idx"": 2, ""acc_current_on_warning"": 0.43287269293141173, ""acc_best_on_warning"": 0.43287269293141173, ""acc_new_on_warning"": 0.0, ""winner_initial"": ""reused_copy"", ""acc_on_buffer"": {""1"": 0.0, ""2"": 0.43287269293141173}, ""similarity_metric"": ""residual_pearson"", ""merge_pairs"": [], ""slot_eras"": {""0"": 0, ""1"": 1, ""2"": 2, ""3"": 3}, ",synthetic,False,,1,0.4328726929314117,0.0,0.4328726929314117,0.9172407857016298,0.15497728706002883,-0.029014187575583494,0.021842750357602803,1.2420867840034995,rise,rise
7303,9799,2496,echo,1553.0,5447.0,768.0,0.5082,0.4214,-0.0868,fall,2.945,1.627,-0.4475,,726.0,0,reg_gradual_20k.csv,htr/error,"{""buffer_len"": 2497, ""merged"": [2], ""collection_size"": 3, ""current_idx"": 4, ""best_idx"": 3, ""acc_current_on_warning"": 0.5056145541303029, ""acc_best_on_warning"": 0.5056145541303029, ""acc_new_on_warning"": 0.582610232329633, ""winner_initial"": ""reused_copy"", ""acc_on_buffer"": {""1"": 0.19515695352949547, ""3"": 0.5056145541303029}, ""similarity_metric"": ""residual_pearson"", ""merge_pairs"": [[1, 2]], ""slot_eras",synthetic,False,,2497,0.5056145541303029,0.582610232329633,0.5056145541303029,0.6587656878719735,-0.00920210664804405,0.008676362330476861,0.02075495343621553,-0.05129467270225618,fall,flat
12967,12967,0,hit,217.0,,5664.0,0.4604,0.7211,0.2607,rise,2.43,6.469,1.6622,,3166.0,0,reg_gradual_20k.csv,htr/error,"{""buffer_len"": 1, ""merged"": [], ""collection_size"": 4, ""current_idx"": 5, ""best_idx"": 1, ""acc_current_on_warning"": 0.0, ""acc_best_on_warning"": 0.0, ""acc_new_on_warning"": 0.4509887811975448, ""winner_initial"": ""reused_copy"", ""acc_on_buffer"": {""1"": 0.0, ""3"": 0.0, ""4"": 0.0}, ""similarity_metric"": ""residual_pearson"", ""merge_pairs"": [], ""slot_eras"": {""0"": 0, ""1"": 1, ""2"": 2, ""3"": 3, ""4"": 4, ""5"": 5}, ""score_",synthetic,False,,1,0.0,0.4509887811975448,0.0,1.709425515755554,0.04972055426346428,-0.4223451920111002,-0.07203039389866972,0.8072224785370354,rise,rise
13767,13831,64,echo_inwin,1017.0,,800.0,0.6681,0.5349,-0.1332,fall,5.4905,3.4759,-0.3669,,799.0,0,reg_gradual_20k.csv,htr/error,"{""buffer_len"": 65, ""merged"": [1, 3, 5], ""collection_size"": 2, ""current_idx"": 6, ""best_idx"": 4, ""acc_current_on_warning"": 0.1465508619358019, ""acc_best_on_warning"": 0.1465508619358019, ""acc_new_on_warning"": 0.30563097813672435, ""winner_initial"": ""reused_copy"", ""acc_on_buffer"": {""4"": 0.1465508619358019}, ""similarity_metric"": ""residual_pearson"", ""merge_pairs"": [[4, 1], [4, 3], [4, 5]], ""slot_eras"": {",synthetic,False,,65,0.1465508619358019,0.3056309781367243,0.1465508619358019,1.0146068545334224,0.15486577174077742,0.04450878166198269,0.009106563922909816,0.8040173844723448,rise,rise
14311,14599,288,echo,1561.0,,544.0,0.5373,0.4735,-0.0638,fall,3.5134,2.3136,-0.3415,,479.0,1,reg_gradual_20k.csv,htr/error,"{""buffer_len"": 289, ""merged"": [], ""collection_size"": 3, ""current_idx"": 7, ""best_idx"": 6, ""acc_current_on_warning"": 0.48349005266548983, ""acc_best_on_warning"": 0.48349005266548983, ""acc_new_on_warning"": 0.40842893107807243, ""winner_initial"": ""reused_copy"", ""acc_on_buffer"": {""4"": 0.16458590847494037, ""6"": 0.48349005266548983}, ""similarity_metric"": ""residual_pearson"", ""merge_pairs"": [], ""slot_eras"": ",synthetic,False,,289,0.4834900526654898,0.4084289310780724,0.4834900526654898,0.836141821119116,-0.1005749220156339,0.23888579024725853,0.04050328875039749,-0.3837242718598547,fall,fall
17415,17479,64,orphan,4665.0,,3104.0,0.4445,0.4377,-0.0068,flat,1.8063,1.6741,-0.0732,masked_fall,3583.0,0,reg_gradual_20k.csv,htr/error,"{""buffer_len"": 65, ""merged"": [], ""collection_size"": 4, ""current_idx"": 8, ""best_idx"": 7, ""acc_current_on_warning"": 0.5703412123263887, ""acc_best_on_warning"": 0.5703412123263887, ""acc_new_on_warning"": 0.3182243603096909, ""winner_initial"": ""reused_copy"", ""acc_on_buffer"": {""4"": 0.18935860533820248, ""6"": 0.49011914917149013, ""7"": 0.5703412123263887}, ""similarity_metric"": ""residual_pearson"", ""merge_pair",synthetic,False,,65,0.5703412123263887,0.3182243603096909,0.5703412123263887,1.06077687091793,-0.03989929317508323,-0.1417367573504169,-0.01576223458391557,-0.28043298798140925,fall,fall
6055,6055,0,hit,305.0,6695.0,,0.5498,0.6388,0.0889,rise,3.5166,5.123,0.4568,,,0,reg_gradual_20k.csv,hfr/error,"{""buffer_len"": 1, ""merged"": [], ""collection_size"": 2, ""current_idx"": 1, ""best_idx"": 0, ""acc_current_on_warning"": 0.0, ""acc_best_on_warning"": 0.0, ""acc_new_on_warning"": 0.7075071351148314, ""winner_initial"": ""reused_copy"", ""acc_on_buffer"": {""0"": 0.0}, ""similarity_metric"": ""residual_pearson"", ""merge_pairs"": [], ""slot_eras"": {""0"": 0, ""1"": 1}, ""score_semantics"": ""1_minus_mean_normalized_residual""}",synthetic,False,,1,0.0,0.7075071351148314,0.0,1.358583014261412,0.05655387879593332,0.047666612719108326,0.015992353006657134,0.49320842466442705,rise,rise
6567,6567,0,echo_inwin,817.0,6183.0,512.0,0.6343,0.5354,-0.0989,fall,5.0315,3.2449,-0.3551,,324.0,1,reg_gradual_20k.csv,hfr/error,"{""buffer_len"": 1, ""merged"": [], ""collection_size"": 3, ""current_idx"": 2, ""best_idx"": 1, ""acc_current_on_warning"": 0.17605440086513724, ""acc_best_on_warning"": 0.17605440086513724, ""acc_new_on_warning"": 0.688674898734843, ""winner_initial"": ""reused_copy"", ""acc_on_buffer"": {""0"": 0.0, ""1"": 0.17605440086513724}, ""similarity_metric"": ""residual_pearson"", ""merge_pairs"": [], ""slot_eras"": {""0"": 0, ""1"": 1, ""2""",synthetic,False,,1,0.1760544008651372,0.688674898734843,0.1760544008651372,0.9079569361320509,0.12021494386948639,0.2465765703455569,0.040139248091409174,0.8116260970840528,rise,rise
10151,10151,0,orphan,4401.0,2599.0,3584.0,0.5034,0.4946,-0.0088,flat,2.8411,2.7206,-0.0424,,3908.0,0,reg_gradual_20k.csv,hfr/error,"{""buffer_len"": 1, ""merged"": [], ""collection_size"": 4, ""current_idx"": 3, ""best_idx"": 2, ""acc_current_on_warning"": 0.3694994275839363, ""acc_best_on_warning"": 0.3694994275839363, ""acc_new_on_warning"": 0.7041882411463047, ""winner_initial"": ""reused_copy"", ""acc_on_buffer"": {""0"": 0.0, ""1"": 0.06369336028612216, ""2"": 0.3694994275839363}, ""similarity_metric"": ""residual_pearson"", ""merge_pairs"": [], ""slot_era",synthetic,False,,1,0.3694994275839363,0.7041882411463047,0.3694994275839363,0.9695077446998055,0.001886949416256889,0.036045015647728995,-0.005956759750343599,0.009463219505013054,flat,flat
13063,13063,0,hit,313.0,,2912.0,0.5604,0.6099,0.0496,rise,4.3646,4.8294,0.1065,,6820.0,0,reg_gradual_20k.csv,hfr/error,"{""buffer_len"": 1, ""merged"": [], ""collection_size"": 5, ""current_idx"": 4, ""best_idx"": 2, ""acc_current_on_warning"": 0.608406242117419, ""acc_best_on_warning"": 0.6695946677085469, ""acc_new_on_warning"": 0.6989353610772207, ""winner_initial"": ""reused_copy"", ""acc_on_buffer"": {""0"": 0.6177488158044757, ""1"": 0.6623991876623623, ""2"": 0.6695946677085469, ""3"": 0.608406242117419}, ""similarity_metric"": ""residual_p",synthetic,False,,1,0.6695946677085469,0.6989353610772207,0.608406242117419,0.8983957144744505,0.060054134715069596,0.006109336989336356,-0.011527660040082766,0.5589881350420414,rise,rise
13511,13511,0,echo_inwin,761.0,,448.0,0.6085,0.5315,-0.077,fall,4.9249,3.485,-0.2924,,427.0,1,reg_gradual_20k.csv,hfr/error,"{""buffer_len"": 1, ""merged"": [], ""collection_size"": 6, ""current_idx"": 5, ""best_idx"": 0, ""acc_current_on_warning"": 0.4567456875376297, ""acc_best_on_warning"": 0.5480353718745459, ""acc_new_on_warning"": 0.6969819892030344, ""winner_initial"": ""reused_copy"", ""acc_on_buffer"": {""0"": 0.5480353718745459, ""1"": 0.4495704898860978, ""2"": 0.2454553575279319, ""3"": 0.19068360657493755, ""4"": 0.4567456875376297}, ""sim",synthetic,False,,1,0.5480353718745459,0.6969819892030344,0.4567456875376297,1.1884807468221454,0.09682828632221707,0.09066458548572931,0.004258672585374934,0.5761257373081357,rise,rise
13767,13991,224,echo_inwin,1017.0,,256.0,0.5472,0.4938,-0.0534,fall,3.71,2.8486,-0.2322,,255.0,1,reg_gradual_20k.csv,hfr/error,"{""buffer_len"": 225, ""merged"": [1, 2, 3, 4, 5], ""collection_size"": 2, ""current_idx"": 6, ""best_idx"": 0, ""acc_current_on_warning"": 0.09458203160098955, ""acc_best_on_warning"": 0.09458203160098955, ""acc_new_on_warning"": 0.4903751832912314, ""winner_initial"": ""reused_copy"", ""acc_on_buffer"": {""0"": 0.09458203160098955}, ""similarity_metric"": ""residual_pearson"", ""merge_pairs"": [[0, 1], [0, 2], [0, 3], [0, 4]",synthetic,False,,225,0.0945820316009895,0.4903751832912314,0.0945820316009895,0.9715951612731963,-0.019024889887629626,0.1130399753499769,0.008684239090190893,-0.10119262335404144,fall,flat
16327,17063,736,orphan,3577.0,,2560.0,0.4594,0.4567,-0.0027,flat,2.2986,2.2224,-0.0331,,2334.0,0,reg_gradual_20k.csv,hfr/error,"{""buffer_len"": 737, ""merged"": [0], ""collection_size"": 2, ""current_idx"": 7, ""best_idx"": 6, ""acc_current_on_warning"": 0.5454522978284735, ""acc_best_on_warning"": 0.5454522978284735, ""acc_new_on_warning"": 0.5207050960020592, ""winner_initial"": ""reused_copy"", ""acc_on_buffer"": {""6"": 0.5454522978284735}, ""similarity_metric"": ""residual_pearson"", ""merge_pairs"": [[6, 0]], ""slot_eras"": {""0"": 0, ""1"": 1, ""2"": 2",synthetic,False,,737,0.5454522978284735,0.5207050960020592,0.5454522978284735,0.9880003135456475,-0.011327967165427,-0.22208498427393875,-0.0478325387013529,-0.08182859721310376,fall,flat
1991,1991,0,orphan,,1342.0,,0.4564,0.4513,-0.0051,flat,2.5249,2.2869,-0.0943,masked_fall,,0,reg_recurring_20k.csv,htr/error,"{""buffer_len"": 1, ""merged"": [], ""collection_size"": 2, ""current_idx"": 1, ""best_idx"": 0, ""acc_current_on_warning"": 0.5945925561127641, ""acc_best_on_warning"": 0.5945925561127641, ""acc_new_on_warning"": 0.0, ""winner_initial"": ""reused_copy"", ""acc_on_buffer"": {""0"": 0.5945925561127641}, ""similarity_metric"": ""residual_pearson"", ""merge_pairs"": [], ""slot_eras"": {""0"": 0, ""1"": 1}, ""score_semantics"": ""1_minus_m",synthetic,False,,1,0.5945925561127641,0.0,0.5945925561127641,0.9872002393764094,-0.01753434595796427,,,-0.224819746667413,fall,flat
3399,3431,32,hit,66.0,3267.0,1408.0,0.5191,0.5956,0.0765,rise,3.662,4.9971,0.3646,,,0,reg_recurring_20k.csv,htr/error,"{""buffer_len"": 33, ""merged"": [1], ""collection_size"": 2, ""current_idx"": 2, ""best_idx"": 0, ""acc_current_on_warning"": 0.18410891660820927, ""acc_best_on_warning"": 0.18410891660820927, ""acc_new_on_warning"": 0.33924234951090027, ""winner_initial"": ""reused_copy"", ""acc_on_buffer"": {""0"": 0.18410891660820927}, ""similarity_metric"": ""residual_pearson"", ""merge_pairs"": [[0, 1]], ""slot_eras"": {""0"": 0, ""1"": 1, ""2""",synthetic,False,,33,0.1841089166082092,0.3392423495109002,0.1841089166082092,0.9400912430541218,0.0787397830970028,,,0.6787117316576574,rise,rise
3751,3879,128,echo_inwin,418.0,2915.0,352.0,0.6232,0.5515,-0.0717,fall,5.8323,4.2675,-0.2683,,315.0,1,reg_recurring_20k.csv,htr/error,"{""buffer_len"": 129, ""merged"": [2], ""collection_size"": 2, ""current_idx"": 3, ""best_idx"": 0, ""acc_current_on_warning"": 0.2604634412504232, ""acc_best_on_warning"": 0.2604634412504232, ""acc_new_on_warning"": 0.30628795080578897, ""winner_initial"": ""reused_copy"", ""acc_on_buffer"": {""0"": 0.2604634412504232}, ""similarity_metric"": ""residual_pearson"", ""merge_pairs"": [[0, 2]], ""slot_eras"": {""0"": 0, ""1"": 1, ""2"": ",synthetic,False,,129,0.2604634412504232,0.3062879508057889,0.2604634412504232,1.2692694894090657,0.13102133871527943,,,1.006212068278447,rise,rise
4103,4103,0,echo_inwin,770.0,2563.0,352.0,0.5459,0.5063,-0.0396,fall,4.0912,3.4389,-0.1595,,222.0,1,reg_recurring_20k.csv,htr/error,"{""buffer_len"": 1, ""merged"": [], ""collection_size"": 3, ""current_idx"": 4, ""best_idx"": 3, ""acc_current_on_warning"": 0.5255945657312067, ""acc_best_on_warning"": 0.5255945657312067, ""acc_new_on_warning"": 0.5731117311131346, ""winner_initial"": ""reused_copy"", ""acc_on_buffer"": {""0"": 0.1527226155121314, ""3"": 0.5255945657312067}, ""similarity_metric"": ""residual_pearson"", ""merge_pairs"": [], ""slot_eras"": {""0"": 0",synthetic,False,,1,0.5255945657312067,0.5731117311131346,0.5255945657312067,0.962134714776584,0.035889485759195594,,,0.206815262117247,rise,rise
4679,4711,32,echo,1346.0,1987.0,576.0,0.4967,0.4697,-0.0271,fall,3.264,2.7428,-0.1597,,572.0,1,reg_recurring_20k.csv,htr/error,"{""buffer_len"": 33, ""merged"": [3], ""collection_size"": 3, ""current_idx"": 5, ""best_idx"": 4, ""acc_current_on_warning"": 0.5376819981308391, ""acc_best_on_warning"": 0.5376819981308391, ""acc_new_on_warning"": 0.3648096904372994, ""winner_initial"": ""reused_copy"", ""acc_on_buffer"": {""0"": 0.30262547111567917, ""4"": 0.5376819981308391}, ""similarity_metric"": ""residual_pearson"", ""merge_pairs"": [[4, 3]], ""slot_eras""",synthetic,False,,33,0.5376819981308391,0.3648096904372994,0.5376819981308391,1.0139945685143872,-0.05076714321532205,,,-0.2143191004236542,fall,fall
5735,5799,64,echo,2402.0,931.0,1056.0,0.4362,0.4325,-0.0037,flat,2.0997,1.9551,-0.0689,masked_fall,1016.0,0,reg_recurring_20k.csv,htr/error,"{""buffer_len"": 65, ""merged"": [4], ""collection_size"": 3, ""current_idx"": 6, ""best_idx"": 5, ""acc_current_on_warning"": 0.557390895484005, ""acc_best_on_warning"": 0.557390895484005, ""acc_new_on_warning"": 0.33585739619215826, ""winner_initial"": ""reused_copy"", ""acc_on_buffer"": {""0"": 0.2504659577379248, ""5"": 0.557390895484005}, ""similarity_metric"": ""residual_pearson"", ""merge_pairs"": [[0, 4]], ""slot_eras"": {",synthetic,False,,65,0.557390895484005,0.3358573961921582,0.557390895484005,1.0027753232533538,-0.066379993312209,0.20384331310509696,0.04129448991845547,-0.3806270309336519,fall,fall
6727,6727,0,hit,61.0,3272.0,992.0,0.4734,0.5625,0.0891,rise,2.9826,4.3286,0.4513,,2008.0,0,reg_recurring_20k.csv,htr/error,"{""buffer_len"": 1, ""merged"": [], ""collection_size"": 4, ""current_idx"": 7, ""best_idx"": 0, ""acc_current_on_warning"": 0.0, ""acc_best_on_warning"": 0.0, ""acc_new_on_warning"": 0.0, ""winner_initial"": ""reused_copy"", ""acc_on_buffer"": {""0"": 0.0, ""5"": 0.0, ""6"": 0.0}, ""similarity_metric"": ""residual_pearson"", ""merge_pairs"": [], ""slot_eras"": {""0"": 0, ""1"": 1, ""2"": 2, ""3"": 3, ""4"": 4, ""5"": 5, ""6"": 6, ""7"": 7}, ""score",synthetic,False,,1,0.0,0.0,0.0,1.231450403640185,0.02690204932976603,-0.10414920054432386,-0.012110630297825331,0.31051814296813096,rise,rise
7207,7239,32,echo_inwin,541.0,2792.0,480.0,0.5736,0.4973,-0.0763,fall,4.5951,3.1025,-0.3248,,479.0,1,reg_recurring_20k.csv,htr/error,"{""buffer_len"": 33, ""merged"": [0, 6], ""collection_size"": 3, ""current_idx"": 8, ""best_idx"": 7, ""acc_current_on_warning"": 0.5219156124760906, ""acc_best_on_warning"": 0.5219156124760906, ""acc_new_on_warning"": 0.34349863962022875, ""winner_initial"": ""reused_copy"", ""acc_on_buffer"": {""5"": 0.1461668544349889, ""7"": 0.5219156124760906}, ""similarity_metric"": ""residual_pearson"", ""merge_pairs"": [[6, 0], [5, 6]], ",synthetic,False,,33,0.5219156124760906,0.3434986396202287,0.5219156124760906,0.9842479368215975,0.10794247365546528,-0.1312299694147524,-0.01769710442594008,0.7622274168680399,rise,rise
9031,9031,0,echo,2365.0,968.0,1824.0,0.4481,0.4802,0.0321,rise,2.1609,2.6866,0.2433,,2303.0,0,reg_recurring_20k.csv,htr/error,"{""buffer_len"": 1, ""merged"": [], ""collection_size"": 4, ""current_idx"": 9, ""best_idx"": 7, ""acc_current_on_warning"": 0.6338782330849669, ""acc_best_on_warning"": 0.6431439882686947, ""acc_new_on_warning"": 0.4866683923117281, ""winner_initial"": ""reused_copy"", ""acc_on_buffer"": {""5"": 0.0048393313701023954, ""7"": 0.6431439882686947, ""8"": 0.6338782330849669}, ""similarity_metric"": ""residual_pearson"", ""merge_pair",synthetic,False,,1,0.6431439882686947,0.4866683923117281,0.6338782330849669,1.454872132291803,-0.03860529733008128,-0.04665616678839124,0.0011320851151288003,-0.25404324959420754,fall,fall
10055,10055,0,hit,56.0,3277.0,1024.0,0.5268,0.5988,0.072,rise,3.8492,5.1135,0.3284,,3327.0,0,reg_recurring_20k.csv,htr/error,"{""buffer_len"": 1, ""merged"": [], ""collection_size"": 5, ""current_idx"": 10, ""best_idx"": 5, ""acc_current_on_warning"": 0.0, ""acc_best_on_warning"": 0.4603480485734116, ""acc_new_on_warning"": 0.6597357104609028, ""winner_initial"": ""reused_copy"", ""acc_on_buffer"": {""5"": 0.4603480485734116, ""7"": 0.02439275079899561, ""8"": 0.0, ""9"": 0.0}, ""similarity_metric"": ""residual_pearson"", ""merge_pairs"": [], ""slot_eras"": ",synthetic,False,,1,0.4603480485734116,0.6597357104609028,0.0,1.0204156318584665,0.0623640595523266,-0.05949049769656356,-0.0027047680760500237,0.5745862163999595,rise,rise
10439,10439,0,echo_inwin,440.0,2893.0,384.0,0.6064,0.5679,-0.0385,fall,5.4381,4.5569,-0.1621,,375.0,1,reg_recurring_20k.csv,htr/error,"{""buffer_len"": 1, ""merged"": [], ""collection_size"": 6, ""current_idx"": 11, ""best_idx"": 9, ""acc_current_on_warning"": 0.5890930008643012, ""acc_best_on_warning"": 0.6242568201860779, ""acc_new_on_warning"": 0.0, ""winner_initial"": ""reused_copy"", ""acc_on_buffer"": {""5"": 0.0, ""7"": 0.0, ""8"": 0.0, ""9"": 0.6242568201860779, ""10"": 0.5890930008643012}, ""similarity_metric"": ""residual_pearson"", ""merge_pairs"": [], ""sl",synthetic,False,,1,0.6242568201860779,0.0,0.5890930008643012,1.5530867899489693,0.13839393722158277,-0.004267283174682612,0.004747860904498802,1.1890023854162854,rise,rise
10887,10887,0,echo_inwin,888.0,2445.0,448.0,0.5605,0.5644,0.0039,flat,4.3983,4.454,0.0127,,436.0,1,reg_recurring_20k.csv,htr/error,"{""buffer_len"": 1, ""merged"": [], ""collection_size"": 7, ""current_idx"": 12, ""best_idx"": 9, ""acc_current_on_warning"": 0.3501682340239811, ""acc_best_on_warning"": 0.4286511075119328, ""acc_new_on_warning"": 0.5089960922723646, ""winner_initial"": ""reused_copy"", ""acc_on_buffer"": {""5"": 0.0, ""7"": 0.24818305806073793, ""8"": 0.11186462600530789, ""9"": 0.4286511075119328, ""10"": 0.36788641078617057, ""11"": 0.35016823",synthetic,False,,1,0.4286511075119328,0.5089960922723646,0.3501682340239811,1.6538766556234705,0.04316267553199549,0.04592204616411544,0.01120169806571153,0.25247249107094705,rise,rise
11399,11399,0,echo,1400.0,1933.0,512.0,0.5618,0.5,-0.0618,fall,4.3936,3.2354,-0.2636,,511.0,1,reg_recurring_20k.csv,htr/error,"{""buffer_len"": 1, ""merged"": [], ""collection_size"": 8, ""current_idx"": 13, ""best_idx"": 11, ""acc_current_on_warning"": 0.5385832981587747, ""acc_best_on_warning"": 0.6428087099461675, ""acc_new_on_warning"": 0.0, ""winner_initial"": ""reused_copy"", ""acc_on_buffer"": {""5"": 0.36804232087069455, ""7"": 0.0, ""8"": 0.2599645204322737, ""9"": 0.08158235049905871, ""10"": 0.6252240236503952, ""11"": 0.6428087099461675, ""12"":",synthetic,False,,1,0.6428087099461675,0.0,0.5385832981587747,0.8836326596366475,0.014220203190204561,0.13748973592843816,0.02549245962111296,0.05952614262321032,rise,flat
13127,13191,64,orphan,3128.0,205.0,1728.0,0.4589,0.4904,0.0315,rise,2.4507,3.3366,0.3615,,1696.0,0,reg_recurring_20k.csv,htr/error,"{""buffer_len"": 65, ""merged"": [10, 11, 12, 7, 9], ""collection_size"": 4, ""current_idx"": 14, ""best_idx"": 13, ""acc_current_on_warning"": 0.5442452365185729, ""acc_best_on_warning"": 0.5442452365185729, ""acc_new_on_warning"": 0.34717125383487535, ""winner_initial"": ""reused_copy"", ""acc_on_buffer"": {""5"": 0.191204845110866, ""8"": 0.15020101307531464, ""13"": 0.5442452365185729}, ""similarity_metric"": ""residual_pea",synthetic,False,pre_drift,65,0.5442452365185729,0.3471712538348753,0.5442452365185729,2.0322731528680853,-0.03033338664079216,0.16250236584137934,0.025827562747705535,-0.19330756654704628,fall,fall
13415,13415,0,hit,83.0,3250.0,288.0,0.5031,0.4355,-0.0676,fall,3.5618,2.015,-0.4343,,1984.0,0,reg_recurring_20k.csv,htr/error,"{""buffer_len"": 1, ""merged"": [], ""collection_size"": 5, ""current_idx"": 15, ""best_idx"": 5, ""acc_current_on_warning"": 0.0, ""acc_best_on_warning"": 0.6342635973275326, ""acc_new_on_warning"": 0.6517121462262574, ""winner_initial"": ""reused_copy"", ""acc_on_buffer"": {""5"": 0.6342635973275326, ""8"": 0.6105687316996349, ""13"": 0.0, ""14"": 0.0}, ""similarity_metric"": ""residual_pearson"", ""merge_pairs"": [], ""slot_eras"":",synthetic,False,,1,0.6342635973275326,0.6517121462262574,0.0,0.3930862167466652,0.02461359817245745,0.17308688906275727,0.024169627545068628,0.2576623444587862,rise,rise
16711,16711,0,hit,46.0,,3296.0,0.4476,0.6088,0.1613,rise,2.4811,5.078,1.0467,,5280.0,0,reg_recurring_20k.csv,htr/error,"{""buffer_len"": 1, ""merged"": [], ""collection_size"": 6, ""current_idx"": 16, ""best_idx"": 5, ""acc_current_on_warning"": 0.5362082831941348, ""acc_best_on_warning"": 0.6198279511902629, ""acc_new_on_warning"": 0.43435866227546416, ""winner_initial"": ""reused_copy"", ""acc_on_buffer"": {""5"": 0.6198279511902629, ""8"": 0.5555749268624317, ""13"": 0.2858430910899381, ""14"": 0.28357648276633374, ""15"": 0.5362082831941348},",synthetic,False,,1,0.6198279511902629,0.4343586622754641,0.5362082831941348,1.5272032613208875,0.029802726221732745,-0.43142320544292656,-0.07261496781690985,0.5756451019955175,rise,rise
17095,17223,128,echo_inwin,430.0,,384.0,0.6044,0.4482,-0.1562,fall,5.4253,2.055,-0.6212,,378.0,1,reg_recurring_20k.csv,htr/error,"{""buffer_len"": 129, ""merged"": [13, 14, 5, 16], ""collection_size"": 3, ""current_idx"": 17, ""best_idx"": 8, ""acc_current_on_warning"": 0.5579971607087149, ""acc_best_on_warning"": 0.5579971607087149, ""acc_new_on_warning"": 0.3286486033956394, ""winner_initial"": ""reused_copy"", ""acc_on_buffer"": {""8"": 0.5579971607087149, ""15"": 0.1364690833315071}, ""similarity_metric"": ""residual_pearson"", ""merge_pairs"": [[5, 13",synthetic,False,,129,0.5579971607087149,0.3286486033956394,0.5579971607087149,0.49290873919890427,0.1753013017941643,-0.24855751249351277,-0.038298463452812015,1.560695996225089,rise,rise
3399,3431,32,hit,66.0,3267.0,,0.5426,0.5413,-0.0013,flat,3.6027,3.3701,-0.0646,masked_fall,,0,reg_recurring_20k.csv,hfr/error,"{""buffer_len"": 33, ""merged"": [], ""collection_size"": 2, ""current_idx"": 1, ""best_idx"": 0, ""acc_current_on_warning"": 0.22557177103299353, ""acc_best_on_warning"": 0.22557177103299353, ""acc_new_on_warning"": 0.37905487172090013, ""winner_initial"": ""reused_copy"", ""acc_on_buffer"": {""0"": 0.22557177103299353}, ""similarity_metric"": ""residual_pearson"", ""merge_pairs"": [], ""slot_eras"": {""0"": 0, ""1"": 1}, ""score_se",synthetic,False,,33,0.2255717710329935,0.3790548717209001,0.2255717710329935,0.543187771809647,0.06761632156750397,,,0.6464505992448417,rise,rise
4647,5223,576,echo,1314.0,2019.0,1248.0,0.5047,0.5145,0.0098,flat,2.8705,3.0154,0.0505,,1215.0,0,reg_recurring_20k.csv,hfr/error,"{""buffer_len"": 577, ""merged"": [1], ""collection_size"": 2, ""current_idx"": 2, ""best_idx"": 0, ""acc_current_on_warning"": 0.22804591110690264, ""acc_best_on_warning"": 0.22804591110690264, ""acc_new_on_warning"": 0.48932932737895796, ""winner_initial"": ""reused_copy"", ""acc_on_buffer"": {""0"": 0.22804591110690264}, ""similarity_metric"": ""residual_pearson"", ""merge_pairs"": [[0, 1]], ""slot_eras"": {""0"": 0, ""1"": 1, ""2",synthetic,False,,577,0.2280459111069026,0.4893293273789579,0.2280459111069026,1.1329458746425665,-0.03754703899091949,0.21120433207769151,0.031079025237457425,-0.19702378806710874,fall,fall
6727,6759,32,hit,61.0,3272.0,2080.0,0.5379,0.5294,-0.0085,flat,3.6931,3.447,-0.0666,masked_fall,1503.0,0,reg_recurring_20k.csv,hfr/error,"{""buffer_len"": 33, ""merged"": [2], ""collection_size"": 2, ""current_idx"": 3, ""best_idx"": 0, ""acc_current_on_warning"": 0.05699723410316604, ""acc_best_on_warning"": 0.05699723410316604, ""acc_new_on_warning"": 0.41610686010403963, ""winner_initial"": ""reused_copy"", ""acc_on_buffer"": {""0"": 0.05699723410316604}, ""similarity_metric"": ""residual_pearson"", ""merge_pairs"": [[0, 2]], ""slot_eras"": {""0"": 0, ""1"": 1, ""2""",synthetic,False,,33,0.056997234103166,0.4161068601040396,0.056997234103166,0.6241922678389116,0.050635101549282635,0.13871024772701923,0.014196470418252338,0.44916963362055595,rise,rise
7527,7527,0,echo_inwin,861.0,2472.0,800.0,0.4977,0.4776,-0.0201,fall,2.9323,2.6121,-0.1092,,767.0,0,reg_recurring_20k.csv,hfr/error,"{""buffer_len"": 1, ""merged"": [], ""collection_size"": 3, ""current_idx"": 4, ""best_idx"": 3, ""acc_current_on_warning"": 0.5875969007972681, ""acc_best_on_warning"": 0.5875969007972681, ""acc_new_on_warning"": 0.6928799442057236, ""winner_initial"": ""reused_copy"", ""acc_on_buffer"": {""0"": 0.0, ""3"": 0.5875969007972681}, ""similarity_metric"": ""residual_pearson"", ""merge_pairs"": [], ""slot_eras"": {""0"": 0, ""1"": 1, ""2"": ",synthetic,False,,1,0.5875969007972681,0.6928799442057236,0.5875969007972681,0.9896390285280199,-0.03291421098686448,0.13131459982793725,0.010641530329403182,-0.1601550479975652,fall,fall
10055,10055,0,hit,56.0,3277.0,2528.0,0.5247,0.5183,-0.0064,flat,3.5781,3.2069,-0.1038,masked_fall,3295.0,0,reg_recurring_20k.csv,hfr/error,"{""buffer_len"": 1, ""merged"": [], ""collection_size"": 4, ""current_idx"": 5, ""best_idx"": 4, ""acc_current_on_warning"": 0.18201545483341253, ""acc_best_on_warning"": 0.18201545483341253, ""acc_new_on_warning"": 0.6907366608807417, ""winner_initial"": ""reused_copy"", ""acc_on_buffer"": {""0"": 0.1623962507893394, ""3"": 0.0, ""4"": 0.18201545483341253}, ""similarity_metric"": ""residual_pearson"", ""merge_pairs"": [], ""slot_e",synthetic,False,,1,0.1820154548334125,0.6907366608807417,0.1820154548334125,0.6854439302368966,0.055874628358124345,-0.09732897654650852,-0.030681652545719307,0.4716261057389606,rise,rise
10471,13447,2976,echo_inwin,472.0,2861.0,416.0,0.5648,0.6924,0.1276,rise,4.2404,7.3087,0.7236,,413.0,1,reg_recurring_20k.csv,hfr/error,"{""buffer_len"": 2977, ""merged"": [3, 0, 5], ""collection_size"": 2, ""current_idx"": 6, ""best_idx"": 4, ""acc_current_on_warning"": 0.13685964716654297, ""acc_best_on_warning"": 0.13685964716654297, ""acc_new_on_warning"": 0.4915726706529143, ""winner_initial"": ""reused_copy"", ""acc_on_buffer"": {""4"": 0.13685964716654297}, ""similarity_metric"": ""residual_pearson"", ""merge_pairs"": [[0, 3], [4, 0], [4, 5]], ""slot_eras",synthetic,False,,2977,0.1368596471665429,0.4915726706529143,0.1368596471665429,1.179103869707228,0.053273124904503866,0.12947885070253218,0.020561549695241932,0.42362059196548785,rise,rise
14983,14983,0,orphan,1651.0,1682.0,4512.0,0.6237,0.5054,-0.1184,fall,5.92,3.5203,-0.4054,,1529.0,0,reg_recurring_20k.csv,hfr/error,"{""buffer_len"": 1, ""merged"": [], ""collection_size"": 3, ""current_idx"": 7, ""best_idx"": 6, ""acc_current_on_warning"": 0.2568947011470406, ""acc_best_on_warning"": 0.2568947011470406, ""acc_new_on_warning"": 0.6788211309873851, ""winner_initial"": ""reused_copy"", ""acc_on_buffer"": {""4"": 0.0, ""6"": 0.2568947011470406}, ""similarity_metric"": ""residual_pearson"", ""merge_pairs"": [], ""slot_eras"": {""0"": 0, ""1"": 1, ""2"": ",synthetic,False,late,1,0.2568947011470406,0.6788211309873851,0.2568947011470406,0.777461535220954,-0.02509598727489637,0.6958515177252624,0.09478892658966165,-0.05724795782571024,fall,fall
15431,15431,0,orphan,2099.0,1234.0,448.0,0.5215,0.4678,-0.0537,fall,3.8397,2.7785,-0.2764,,406.0,1,reg_recurring_20k.csv,hfr/error,"{""buffer_len"": 1, ""merged"": [], ""collection_size"": 4, ""current_idx"": 8, ""best_idx"": 7, ""acc_current_on_warning"": 0.4970225842363307, ""acc_best_on_warning"": 0.4970225842363307, ""acc_new_on_warning"": 0.6798211940626953, ""winner_initial"": ""reused_copy"", ""acc_on_buffer"": {""4"": 0.13964559823991474, ""6"": 0.0, ""7"": 0.4970225842363307}, ""similarity_metric"": ""residual_pearson"", ""merge_pairs"": [], ""slot_era",synthetic,False,late,1,0.4970225842363307,0.6798211940626953,0.4970225842363307,0.9174333919081153,-0.1436511855628052,0.6958881401492159,0.09170732337905718,-0.42668398811572816,fall,fall
16743,16743,0,hit,78.0,,1312.0,0.5069,0.4555,-0.0514,fall,3.8086,2.5377,-0.3337,,1718.0,0,reg_recurring_20k.csv,hfr/error,"{""buffer_len"": 1, ""merged"": [], ""collection_size"": 5, ""current_idx"": 9, ""best_idx"": 4, ""acc_current_on_warning"": 0.0, ""acc_best_on_warning"": 0.5598935415015347, ""acc_new_on_warning"": 0.6790095609086724, ""winner_initial"": ""reused_copy"", ""acc_on_buffer"": {""4"": 0.5598935415015347, ""6"": 0.0, ""7"": 0.0, ""8"": 0.0}, ""similarity_metric"": ""residual_pearson"", ""merge_pairs"": [], ""slot_eras"": {""0"": 0, ""1"": 1, ",synthetic,False,,1,0.5598935415015347,0.6790095609086724,0.0,0.5007295592681121,0.00436744344122153,0.38027377826484376,0.041336860742550385,0.096218605002375,rise,flat
1575,1639,64,orphan,,3425.0,,0.4583,0.4502,-0.0081,flat,2.807,2.3052,-0.1788,masked_fall,,0,reg_sudden_20k.csv,htr/error,"{""buffer_len"": 65, ""merged"": [], ""collection_size"": 2, ""current_idx"": 1, ""best_idx"": 0, ""acc_current_on_warning"": 0.5912406421676539, ""acc_best_on_warning"": 0.5912406421676539, ""acc_new_on_warning"": 0.3323663922062111, ""winner_initial"": ""reused_copy"", ""acc_on_buffer"": {""0"": 0.5912406421676539}, ""similarity_metric"": ""residual_pearson"", ""merge_pairs"": [], ""slot_eras"": {""0"": 0, ""1"": 1}, ""score_semant",synthetic,False,,65,0.5912406421676539,0.3323663922062111,0.5912406421676539,0.9512372692402308,-0.06134182393411447,,,-0.3010415527289205,fall,fall
4199,4199,0,orphan,,801.0,2624.0,0.4694,0.4456,-0.0237,fall,1.976,1.5812,-0.1998,,,0,reg_sudden_20k.csv,htr/error,"{""buffer_len"": 1, ""merged"": [], ""collection_size"": 3, ""current_idx"": 2, ""best_idx"": 1, ""acc_current_on_warning"": 0.43990477857070387, ""acc_best_on_warning"": 0.43990477857070387, ""acc_new_on_warning"": 0.0, ""winner_initial"": ""reused_copy"", ""acc_on_buffer"": {""0"": 0.18361776037267397, ""1"": 0.43990477857070387}, ""similarity_metric"": ""residual_pearson"", ""merge_pairs"": [], ""slot_eras"": {""0"": 0, ""1"": 1, """,synthetic,False,,1,0.4399047785707038,0.0,0.4399047785707038,0.7496690991404033,0.03861429889361062,,,0.20161793736484857,rise,rise
5063,5063,0,hit,63.0,4937.0,864.0,0.4918,0.6248,0.133,rise,2.4932,6.5109,1.6114,,,0,reg_sudden_20k.csv,htr/error,"{""buffer_len"": 1, ""merged"": [], ""collection_size"": 4, ""current_idx"": 3, ""best_idx"": 2, ""acc_current_on_warning"": 0.6594709008091777, ""acc_best_on_warning"": 0.6594709008091777, ""acc_new_on_warning"": 0.48001654726475007, ""winner_initial"": ""reused_copy"", ""acc_on_buffer"": {""0"": 0.6545332635685612, ""1"": 0.6486110053040622, ""2"": 0.6594709008091777}, ""similarity_metric"": ""residual_pearson"", ""merge_pairs""",synthetic,False,,1,0.6594709008091777,0.48001654726475,0.6594709008091777,1.6627693722126509,0.04436021836210008,,,0.4709036563721052,rise,rise
5863,5927,64,echo_inwin,863.0,4137.0,800.0,0.5645,0.5832,0.0187,flat,4.608,4.8089,0.0436,,193.0,1,reg_sudden_20k.csv,htr/error,"{""buffer_len"": 65, ""merged"": [0, 2, 3], ""collection_size"": 2, ""current_idx"": 4, ""best_idx"": 1, ""acc_current_on_warning"": 0.22392209444956346, ""acc_best_on_warning"": 0.22392209444956346, ""acc_new_on_warning"": 0.3031715156529242, ""winner_initial"": ""reused_copy"", ""acc_on_buffer"": {""1"": 0.22392209444956346}, ""similarity_metric"": ""residual_pearson"", ""merge_pairs"": [[1, 0], [1, 2], [1, 3]], ""slot_eras"":",synthetic,False,,65,0.2239220944495634,0.3031715156529242,0.2239220944495634,1.8791931897914325,0.040032807803249915,0.10419898096206293,0.034340052186204784,0.289765074262716,rise,rise
6215,6215,0,echo,1215.0,3785.0,352.0,0.5786,0.5144,-0.0642,fall,4.6369,3.2452,-0.3001,,102.0,1,reg_sudden_20k.csv,htr/error,"{""buffer_len"": 1, ""merged"": [], ""collection_size"": 3, ""current_idx"": 5, ""best_idx"": 4, ""acc_current_on_warning"": 0.43635212181633176, ""acc_best_on_warning"": 0.43635212181633176, ""acc_new_on_warning"": 0.4869378809927908, ""winner_initial"": ""reused_copy"", ""acc_on_buffer"": {""1"": 0.0, ""4"": 0.43635212181633176}, ""similarity_metric"": ""residual_pearson"", ""merge_pairs"": [], ""slot_eras"": {""0"": 0, ""1"": 1, ""2",synthetic,False,,1,0.4363521218163317,0.4869378809927908,0.4363521218163317,0.7570076884268756,0.04639871511579374,0.2776257887473821,0.051807641673858096,0.20901722329255623,rise,rise
7111,7143,32,echo,2111.0,2889.0,896.0,0.4825,0.4697,-0.0128,flat,2.5543,2.2499,-0.1191,masked_fall,998.0,0,reg_sudden_20k.csv,htr/error,"{""buffer_len"": 33, ""merged"": [4], ""collection_size"": 3, ""current_idx"": 6, ""best_idx"": 5, ""acc_current_on_warning"": 0.5446720761845327, ""acc_best_on_warning"": 0.5446720761845327, ""acc_new_on_warning"": 0.3547927655537627, ""winner_initial"": ""reused_copy"", ""acc_on_buffer"": {""1"": 0.26055665864366284, ""5"": 0.5446720761845327}, ""similarity_metric"": ""residual_pearson"", ""merge_pairs"": [[5, 4]], ""slot_eras""",synthetic,False,,33,0.5446720761845327,0.3547927655537627,0.5446720761845327,1.0217056366438315,-0.09059270191207808,0.5356273593126026,0.06986848849635463,-0.47072741630480475,fall,fall
8391,8871,480,orphan,3391.0,1609.0,1280.0,0.4511,0.4452,-0.0059,flat,1.8306,1.6097,-0.1207,masked_fall,2278.0,0,reg_sudden_20k.csv,htr/error,"{""buffer_len"": 481, ""merged"": [], ""collection_size"": 4, ""current_idx"": 7, ""best_idx"": 6, ""acc_current_on_warning"": 0.5681902933164329, ""acc_best_on_warning"": 0.5681902933164329, ""acc_new_on_warning"": 0.4429929541002061, ""winner_initial"": ""reused_copy"", ""acc_on_buffer"": {""1"": 0.2024386240170587, ""5"": 0.5592923135289025, ""6"": 0.5681902933164329}, ""similarity_metric"": ""residual_pearson"", ""merge_pairs",synthetic,False,,481,0.5681902933164329,0.4429929541002061,0.5681902933164329,1.0726507662950273,-0.03304159397932249,-0.07838558990708178,0.0040063303104374,-0.35443626029450415,fall,fall
10055,10055,0,hit,55.0,4945.0,1664.0,0.4841,0.614,0.1299,rise,2.7361,5.0483,0.8451,,3942.0,0,reg_sudden_20k.csv,htr/error,"{""buffer_len"": 1, ""merged"": [], ""collection_size"": 5, ""current_idx"": 8, ""best_idx"": 6, ""acc_current_on_warning"": 0.5309748010018345, ""acc_best_on_warning"": 0.5429650435218456, ""acc_new_on_warning"": 0.5137847787314545, ""winner_initial"": ""reused_copy"", ""acc_on_buffer"": {""1"": 0.0, ""5"": 0.42850830161016495, ""6"": 0.5429650435218456, ""7"": 0.5309748010018345}, ""similarity_metric"": ""residual_pearson"", ""me",synthetic,False,,1,0.5429650435218456,0.5137847787314545,0.5309748010018345,1.2655699627013055,0.044059242656152964,-0.309967954848279,-0.029736724252264035,0.7757879084296042,rise,rise
10823,10855,32,echo_inwin,823.0,4177.0,768.0,0.5766,0.6163,0.0397,rise,4.2634,5.3344,0.2512,,763.0,0,reg_sudden_20k.csv,htr/error,"{""buffer_len"": 33, ""merged"": [7, 8], ""collection_size"": 4, ""current_idx"": 9, ""best_idx"": 5, ""acc_current_on_warning"": 0.11902766756023664, ""acc_best_on_warning"": 0.2064571727105502, ""acc_new_on_warning"": 0.38397108063859464, ""winner_initial"": ""reused_copy"", ""acc_on_buffer"": {""1"": 0.11902766756023664, ""5"": 0.2064571727105502, ""6"": 0.20098544194340384}, ""similarity_metric"": ""residual_pearson"", ""merg",synthetic,False,,33,0.2064571727105502,0.3839710806385946,0.1190276675602366,1.7645716586827345,0.08134713009692096,-0.054864229759121086,0.0028340954901437954,0.561305226106187,rise,rise
11431,11623,192,echo,1431.0,3569.0,608.0,0.6034,0.5256,-0.0778,fall,4.9976,3.4378,-0.3121,,570.0,1,reg_sudden_20k.csv,htr/error,"{""buffer_len"": 193, ""merged"": [], ""collection_size"": 5, ""current_idx"": 10, ""best_idx"": 9, ""acc_current_on_warning"": 0.46605106680961994, ""acc_best_on_warning"": 0.46605106680961994, ""acc_new_on_warning"": 0.36550039523520317, ""winner_initial"": ""reused_copy"", ""acc_on_buffer"": {""1"": 0.12441922140218242, ""5"": 0.15252951175741725, ""6"": 0.16143822297693378, ""9"": 0.46605106680961994}, ""similarity_metric"":",synthetic,False,,193,0.4660510668096199,0.3655003952352031,0.4660510668096199,1.029161688365996,-0.00829135594086372,0.25541632925823143,0.03998702860773978,-0.043160621393127596,flat,flat
13415,13415,0,orphan,3415.0,1585.0,1984.0,0.4883,0.466,-0.0223,fall,2.6986,2.2541,-0.1647,,2554.0,0,reg_sudden_20k.csv,htr/error,"{""buffer_len"": 1, ""merged"": [], ""collection_size"": 6, ""current_idx"": 11, ""best_idx"": 10, ""acc_current_on_warning"": 0.586987708694152, ""acc_best_on_warning"": 0.586987708694152, ""acc_new_on_warning"": 0.44157741896455815, ""winner_initial"": ""reused_copy"", ""acc_on_buffer"": {""1"": 0.5642086278142298, ""5"": 0.23050856465415215, ""6"": 0.17284616231380134, ""9"": 0.38724119306970994, ""10"": 0.586987708694152}, """,synthetic,False,,1,0.586987708694152,0.4415774189645581,0.586987708694152,0.945249353366075,-0.02435786841161114,0.21228706914773254,0.033819751524433284,-0.15151968690588924,fall,fall
15047,15047,0,hit,47.0,,1632.0,0.5023,0.4557,-0.0466,fall,3.2514,2.0281,-0.3762,,4186.0,0,reg_sudden_20k.csv,htr/error,"{""buffer_len"": 1, ""merged"": [], ""collection_size"": 7, ""current_idx"": 12, ""best_idx"": 1, ""acc_current_on_warning"": 0.215880077951786, ""acc_best_on_warning"": 0.49030589541635683, ""acc_new_on_warning"": 0.0, ""winner_initial"": ""reused_copy"", ""acc_on_buffer"": {""1"": 0.49030589541635683, ""5"": 0.0, ""6"": 0.0, ""9"": 0.0, ""10"": 0.16114896969115577, ""11"": 0.215880077951786}, ""similarity_metric"": ""residual_pears",synthetic,False,,1,0.4903058954163568,0.0,0.215880077951786,0.394193876792858,0.03026985570524643,-0.10090780568369939,-0.02022456523803251,0.3742046428778971,rise,rise
16071,16071,0,echo,1071.0,,1024.0,0.4292,0.4765,0.0473,rise,1.5,2.3826,0.5885,,5210.0,0,reg_sudden_20k.csv,htr/error,"{""buffer_len"": 1, ""merged"": [], ""collection_size"": 8, ""current_idx"": 13, ""best_idx"": 1, ""acc_current_on_warning"": 0.5007745025649031, ""acc_best_on_warning"": 0.6211480724973638, ""acc_new_on_warning"": 0.16482787636650098, ""winner_initial"": ""reused_copy"", ""acc_on_buffer"": {""1"": 0.6211480724973638, ""5"": 0.07605223723110699, ""6"": 0.16727172310954086, ""9"": 0.21106692301852426, ""10"": 0.30135729029355574,",synthetic,False,,1,0.6211480724973638,0.1648278763665009,0.5007745025649031,0.8389365204055969,-0.04525628626390804,-0.21783666855223094,-0.03739171347321779,-0.40017770052926693,fall,fall
16519,16519,0,echo,1519.0,,448.0,0.4544,0.5803,0.1258,rise,1.9478,4.371,1.2441,,5658.0,0,reg_sudden_20k.csv,htr/error,"{""buffer_len"": 1, ""merged"": [], ""collection_size"": 9, ""current_idx"": 14, ""best_idx"": 5, ""acc_current_on_warning"": 0.4252773722758313, ""acc_best_on_warning"": 0.4807561970912526, ""acc_new_on_warning"": 0.0, ""winner_initial"": ""reused_copy"", ""acc_on_buffer"": {""1"": 0.42590339926768517, ""5"": 0.4807561970912526, ""6"": 0.4707673218739421, ""9"": 0.0, ""10"": 0.0, ""11"": 0.0, ""12"": 0.4253522210692886, ""13"": 0.425",synthetic,False,,1,0.4807561970912526,0.0,0.4252773722758313,2.281692896810923,-0.007809705675562717,-0.2593317457158779,-0.043064633013237485,-0.1375123213450098,fall,flat
16967,16967,0,echo,1967.0,,448.0,0.5895,0.4466,-0.1428,fall,4.5373,1.8431,-0.5938,,442.0,1,reg_sudden_20k.csv,htr/error,"{""buffer_len"": 1, ""merged"": [], ""collection_size"": 10, ""current_idx"": 15, ""best_idx"": 13, ""acc_current_on_warning"": 0.5200209203511493, ""acc_best_on_warning"": 0.6311855713869794, ""acc_new_on_warning"": 0.0, ""winner_initial"": ""reused_copy"", ""acc_on_buffer"": {""1"": 0.5599777329244362, ""5"": 0.23462014301999945, ""6"": 0.18236165091629442, ""9"": 0.0, ""10"": 0.0, ""11"": 0.0, ""12"": 0.5413694235225885, ""13"": 0.",synthetic,False,,1,0.6311855713869794,0.0,0.5200209203511493,0.5790670401651118,0.13290131480407608,-0.13377908837198338,-0.022624935224180964,1.1255058809329834,rise,rise
5095,5095,0,hit,95.0,4905.0,,0.5562,0.5677,0.0115,flat,3.4707,3.5129,0.0121,,,0,reg_sudden_20k.csv,hfr/error,"{""buffer_len"": 1, ""merged"": [], ""collection_size"": 2, ""current_idx"": 1, ""best_idx"": 0, ""acc_current_on_warning"": 0.25698840645400467, ""acc_best_on_warning"": 0.25698840645400467, ""acc_new_on_warning"": 0.7083946698182206, ""winner_initial"": ""reused_copy"", ""acc_on_buffer"": {""0"": 0.25698840645400467}, ""similarity_metric"": ""residual_pearson"", ""merge_pairs"": [], ""slot_eras"": {""0"": 0, ""1"": 1}, ""score_sema",synthetic,False,,1,0.2569884064540046,0.7083946698182206,0.2569884064540046,0.8003134184945926,0.06782420446704568,,,0.5403105181085994,rise,rise
5383,5479,96,echo_inwin,383.0,4617.0,288.0,0.6086,0.531,-0.0777,fall,4.3623,2.9478,-0.3242,,284.0,1,reg_sudden_20k.csv,hfr/error,"{""buffer_len"": 97, ""merged"": [1], ""collection_size"": 2, ""current_idx"": 2, ""best_idx"": 0, ""acc_current_on_warning"": 0.18821761489538846, ""acc_best_on_warning"": 0.18821761489538846, ""acc_new_on_warning"": 0.4509182900381785, ""winner_initial"": ""reused_copy"", ""acc_on_buffer"": {""0"": 0.18821761489538846}, ""similarity_metric"": ""residual_pearson"", ""merge_pairs"": [[0, 1]], ""slot_eras"": {""0"": 0, ""1"": 1, ""2"":",synthetic,False,,97,0.1882176148953884,0.4509182900381785,0.1882176148953884,0.9991053680295064,0.12191150082831909,0.08192022884061467,0.018466285575235886,0.9663120155389984,rise,rise
10119,10151,32,hit,119.0,4881.0,4736.0,0.5709,0.532,-0.0388,fall,4.5065,3.2788,-0.2724,,4639.0,0,reg_sudden_20k.csv,hfr/error,"{""buffer_len"": 33, ""merged"": [2], ""collection_size"": 2, ""current_idx"": 3, ""best_idx"": 0, ""acc_current_on_warning"": 0.11472066133073389, ""acc_best_on_warning"": 0.11472066133073389, ""acc_new_on_warning"": 0.31112163790189495, ""winner_initial"": ""reused_copy"", ""acc_on_buffer"": {""0"": 0.11472066133073389}, ""similarity_metric"": ""residual_pearson"", ""merge_pairs"": [[0, 2]], ""slot_eras"": {""0"": 0, ""1"": 1, ""2""",synthetic,False,,33,0.1147206613307338,0.3111216379018949,0.1147206613307338,0.4233849513113839,0.0815066519622547,0.18831556194253585,0.013684259844049751,0.8562913411283686,rise,rise
11079,11207,128,echo,1079.0,3921.0,960.0,0.4973,0.5202,0.0228,rise,2.7597,3.0882,0.1191,,927.0,0,reg_sudden_20k.csv,hfr/error,"{""buffer_len"": 129, ""merged"": [3], ""collection_size"": 2, ""current_idx"": 4, ""best_idx"": 0, ""acc_current_on_warning"": 0.10347993387236576, ""acc_best_on_warning"": 0.10347993387236576, ""acc_new_on_warning"": 0.4559082544096196, ""winner_initial"": ""reused_copy"", ""acc_on_buffer"": {""0"": 0.10347993387236576}, ""similarity_metric"": ""residual_pearson"", ""merge_pairs"": [[0, 3]], ""slot_eras"": {""0"": 0, ""1"": 1, ""2""",synthetic,False,,129,0.1034799338723657,0.4559082544096196,0.1034799338723657,1.4873102050918563,-0.058921713134272635,0.1839449592258311,0.009800279094912878,-0.30336125159930616,fall,fall
12871,14375,1504,echo,2871.0,2129.0,1792.0,0.4917,0.4833,-0.0085,flat,2.6819,2.5419,-0.0522,masked_fall,1660.0,0,reg_sudden_20k.csv,hfr/error,"{""buffer_len"": 1505, ""merged"": [4], ""collection_size"": 2, ""current_idx"": 5, ""best_idx"": 0, ""acc_current_on_warning"": 0.10113402567956542, ""acc_best_on_warning"": 0.10113402567956542, ""acc_new_on_warning"": 0.5098869831936268, ""winner_initial"": ""reused_copy"", ""acc_on_buffer"": {""0"": 0.10113402567956542}, ""similarity_metric"": ""residual_pearson"", ""merge_pairs"": [[0, 4]], ""slot_eras"": {""0"": 0, ""1"": 1, ""2",synthetic,False,,1505,0.1011340256795654,0.5098869831936268,0.1011340256795654,1.067282679216448,-0.0002746908300018669,-0.12116439475415686,-0.030125284038734434,-0.005671505610670646,flat,flat
15047,15079,32,hit,47.0,,2176.0,0.5166,0.4769,-0.0397,fall,3.3067,2.4812,-0.2496,,669.0,0,reg_sudden_20k.csv,hfr/error,"{""buffer_len"": 33, ""merged"": [], ""collection_size"": 3, ""current_idx"": 6, ""best_idx"": 0, ""acc_current_on_warning"": 0.20845358364123567, ""acc_best_on_warning"": 0.5025675645989981, ""acc_new_on_warning"": 0.3623495561355815, ""winner_initial"": ""reused_copy"", ""acc_on_buffer"": {""0"": 0.5025675645989981, ""5"": 0.20845358364123567}, ""similarity_metric"": ""residual_pearson"", ""merge_pairs"": [], ""slot_eras"": {""0""",synthetic,False,,33,0.5025675645989981,0.3623495561355815,0.2084535836412356,0.4515191695512299,0.04718960069804229,-0.07522164241938145,-0.02210094679488045,0.4139616390168448,rise,rise
5511,9415,3904,orphan,,2609.0,,0.4894,0.4875,-0.0019,flat,1.8887,1.7909,-0.0518,masked_fall,,0,sudden/low/recurring_sudden_friedman_100k_g00.csv,htr/error,"{""buffer_len"": 3905, ""merged"": [], ""collection_size"": 2, ""current_idx"": 1, ""best_idx"": 0, ""acc_current_on_warning"": 0.5136336077578978, ""acc_best_on_warning"": 0.5136336077578978, ""acc_new_on_warning"": 0.48083656215070913, ""winner_initial"": ""reused_copy"", ""acc_on_buffer"": {""0"": 0.5136336077578978}, ""similarity_metric"": ""residual_pearson"", ""merge_pairs"": [], ""slot_eras"": {""0"": 0, ""1"": 1}, ""score_sem",joe-sudden,False,stale_warning,3905,0.5136336077578978,0.4808365621507091,0.5136336077578978,1.116460453728839,-0.0039496324033885255,-0.06314624168159355,0.0105916076797119,-0.03741240183439587,flat,flat
46023,46119,96,hit,665.0,28923.0,40512.0,0.5515,0.5371,-0.0144,flat,2.1185,2.0458,-0.0343,,36526.0,0,sudden/low/recurring_sudden_friedman_100k_g00.csv,htr/error,"{""buffer_len"": 97, ""merged"": [1], ""collection_size"": 2, ""current_idx"": 2, ""best_idx"": 0, ""acc_current_on_warning"": 0.45699770443607934, ""acc_best_on_warning"": 0.45699770443607934, ""acc_new_on_warning"": 0.3350100489563418, ""winner_initial"": ""reused_copy"", ""acc_on_buffer"": {""0"": 0.45699770443607934}, ""similarity_metric"": ""residual_pearson"", ""merge_pairs"": [[0, 1]], ""slot_eras"": {""0"": 0, ""1"": 1, ""2"":",joe-sudden,False,,97,0.4569977044360793,0.3350100489563418,0.4569977044360793,1.0573253475014257,0.037191675952904624,0.10841942767494528,0.02072749712728328,0.1836295504828005,rise,rise
50471,54535,4064,orphan,5113.0,24475.0,4448.0,0.5091,0.5197,0.0107,flat,1.7829,1.9273,0.081,,40974.0,0,sudden/low/recurring_sudden_friedman_100k_g00.csv,htr/error,"{""buffer_len"": 4065, ""merged"": [2], ""collection_size"": 2, ""current_idx"": 3, ""best_idx"": 0, ""acc_current_on_warning"": 0.44468119159240893, ""acc_best_on_warning"": 0.44468119159240893, ""acc_new_on_warning"": 0.4746325482607122, ""winner_initial"": ""reused_copy"", ""acc_on_buffer"": {""0"": 0.44468119159240893}, ""similarity_metric"": ""residual_pearson"", ""merge_pairs"": [[0, 2]], ""slot_eras"": {""0"": 0, ""1"": 1, ""2",joe-sudden,False,,4065,0.4446811915924089,0.4746325482607122,0.4446811915924089,1.1193898425432858,-0.012086014074020879,-0.03133829790064746,-0.0127938497136042,-0.060948035540385415,fall,flat
63111,63719,608,orphan,17753.0,11835.0,12640.0,0.4941,0.5344,0.0403,rise,1.6837,2.0668,0.2276,,8575.0,0,sudden/low/recurring_sudden_friedman_100k_g00.csv,htr/error,"{""buffer_len"": 609, ""merged"": [3], ""collection_size"": 2, ""current_idx"": 4, ""best_idx"": 0, ""acc_current_on_warning"": 0.44137317228812867, ""acc_best_on_warning"": 0.44137317228812867, ""acc_new_on_warning"": 0.4146933729503337, ""winner_initial"": ""reused_copy"", ""acc_on_buffer"": {""0"": 0.44137317228812867}, ""similarity_metric"": ""residual_pearson"", ""merge_pairs"": [[0, 3]], ""slot_eras"": {""0"": 0, ""1"": 1, ""2""",joe-sudden,False,,609,0.4413731722881286,0.4146933729503337,0.4413731722881286,1.3139384785421457,-0.006721228750349306,-0.05376748395376463,-0.00998175866954476,-0.04261222414890109,flat,flat
71399,72615,1216,orphan,26041.0,3547.0,8288.0,0.4966,0.522,0.0254,rise,1.7204,1.9651,0.1422,,7641.0,0,sudden/low/recurring_sudden_friedman_100k_g00.csv,htr/error,"{""buffer_len"": 1217, ""merged"": [4], ""collection_size"": 2, ""current_idx"": 5, ""best_idx"": 0, ""acc_current_on_warning"": 0.44666899949868144, ""acc_best_on_warning"": 0.44666899949868144, ""acc_new_on_warning"": 0.4473918854934248, ""winner_initial"": ""reused_copy"", ""acc_on_buffer"": {""0"": 0.44666899949868144}, ""similarity_metric"": ""residual_pearson"", ""merge_pairs"": [[0, 4]], ""slot_eras"": {""0"": 0, ""1"": 1, ""2",joe-sudden,False,,1217,0.4466689994986814,0.4473918854934248,0.4466689994986814,1.1255842763932304,-0.0016722554298276293,-0.022166771445019662,-0.0048288594465552,-0.0024261355870520696,flat,flat
76455,76455,0,orphan,1509.0,,5056.0,0.4899,0.5141,0.0242,rise,1.6784,1.8862,0.1238,,3814.0,0,sudden/low/recurring_sudden_friedman_100k_g00.csv,htr/error,"{""buffer_len"": 1, ""merged"": [], ""collection_size"": 3, ""current_idx"": 6, ""best_idx"": 0, ""acc_current_on_warning"": 0.5558872832711108, ""acc_best_on_warning"": 0.5904266682849211, ""acc_new_on_warning"": 0.0, ""winner_initial"": ""reused_copy"", ""acc_on_buffer"": {""0"": 0.5904266682849211, ""5"": 0.5558872832711108}, ""similarity_metric"": ""residual_pearson"", ""merge_pairs"": [], ""slot_eras"": {""0"": 0, ""1"": 1, ""2"": ",joe-sudden,False,late,1,0.5904266682849211,0.0,0.5558872832711108,1.260848370430567,-0.012720967313553377,-0.0315103594153191,-0.00783573252313896,-0.0710008233921311,fall,flat
46567,46695,128,orphan,1209.0,28379.0,,0.5424,0.5322,-0.0103,flat,3.3486,3.234,-0.0342,,,0,sudden/low/recurring_sudden_friedman_100k_g00.csv,hfr/error,"{""buffer_len"": 129, ""merged"": [], ""collection_size"": 2, ""current_idx"": 1, ""best_idx"": 0, ""acc_current_on_warning"": 0.45618096596559843, ""acc_best_on_warning"": 0.45618096596559843, ""acc_new_on_warning"": 0.46844416630391206, ""winner_initial"": ""reused_copy"", ""acc_on_buffer"": {""0"": 0.45618096596559843}, ""similarity_metric"": ""residual_pearson"", ""merge_pairs"": [], ""slot_eras"": {""0"": 0, ""1"": 1}, ""score_s",joe-sudden,False,late,129,0.4561809659655984,0.468444166303912,0.4561809659655984,1.005991631014503,0.020078691752829947,0.09685807584833728,0.021238849571147356,0.08356462624600236,rise,rise
59687,66631,6944,orphan,14329.0,15259.0,13120.0,0.524,0.5286,0.0046,flat,3.2476,3.3371,0.0275,,12765.0,0,sudden/low/recurring_sudden_friedman_100k_g00.csv,hfr/error,"{""buffer_len"": 6945, ""merged"": [1], ""collection_size"": 2, ""current_idx"": 2, ""best_idx"": 0, ""acc_current_on_warning"": 0.4698975803164219, ""acc_best_on_warning"": 0.4698975803164219, ""acc_new_on_warning"": 0.47535280761157594, ""winner_initial"": ""reused_copy"", ""acc_on_buffer"": {""0"": 0.4698975803164219}, ""similarity_metric"": ""residual_pearson"", ""merge_pairs"": [[0, 1]], ""slot_eras"": {""0"": 0, ""1"": 1, ""2"":",joe-sudden,False,,6945,0.4698975803164219,0.4753528076115759,0.4698975803164219,1.176619479223412,-0.018483640336484863,0.013656931244309778,0.001450331537721672,-0.0694563125391835,fall,flat
68231,76039,7808,orphan,22873.0,6715.0,8544.0,0.527,0.4719,-0.0551,fall,3.3258,2.6258,-0.2105,,182.0,1,sudden/low/recurring_sudden_friedman_100k_g00.csv,hfr/error,"{""buffer_len"": 7809, ""merged"": [2], ""collection_size"": 2, ""current_idx"": 3, ""best_idx"": 0, ""acc_current_on_warning"": 0.48003674249322315, ""acc_best_on_warning"": 0.48003674249322315, ""acc_new_on_warning"": 0.4645396177829261, ""winner_initial"": ""reused_copy"", ""acc_on_buffer"": {""0"": 0.48003674249322315}, ""similarity_metric"": ""residual_pearson"", ""merge_pairs"": [[0, 2]], ""slot_eras"": {""0"": 0, ""1"": 1, ""2",joe-sudden,False,stale_warning,7809,0.4800367424932231,0.4645396177829261,0.4800367424932231,0.9053402008099944,-0.03136190765709168,-0.039874562798476454,-0.011242197312928304,-0.12816844235883051,fall,fall
16583,16583,0,orphan,,2371.0,,0.4822,0.4892,0.007,flat,1.6938,1.7528,0.0348,,,0,sudden/low/recurring_sudden_friedman_100k_g01.csv,htr/error,"{""buffer_len"": 1, ""merged"": [], ""collection_size"": 2, ""current_idx"": 1, ""best_idx"": 0, ""acc_current_on_warning"": 0.46027440835323685, ""acc_best_on_warning"": 0.46027440835323685, ""acc_new_on_warning"": 0.0, ""winner_initial"": ""reused_copy"", ""acc_on_buffer"": {""0"": 0.46027440835323685}, ""similarity_metric"": ""residual_pearson"", ""merge_pairs"": [], ""slot_eras"": {""0"": 0, ""1"": 1}, ""score_semantics"": ""1_minu",joe-sudden,False,,1,0.4602744083532368,0.0,0.4602744083532368,1.0831270590551658,-0.008036467392361801,0.008090753019992292,0.0061777975141960595,-0.048784369335181155,flat,flat
19111,19271,160,hit,157.0,10397.0,2528.0,0.5167,0.5195,0.0029,flat,2.0017,2.031,0.0146,,,0,sudden/low/recurring_sudden_friedman_100k_g01.csv,htr/error,"{""buffer_len"": 161, ""merged"": [1], ""collection_size"": 2, ""current_idx"": 2, ""best_idx"": 0, ""acc_current_on_warning"": 0.39599029822870246, ""acc_best_on_warning"": 0.39599029822870246, ""acc_new_on_warning"": 0.3193120349091173, ""winner_initial"": ""reused_copy"", ""acc_on_buffer"": {""0"": 0.39599029822870246}, ""similarity_metric"": ""residual_pearson"", ""merge_pairs"": [[0, 1]], ""slot_eras"": {""0"": 0, ""1"": 1, ""2""",joe-sudden,False,,161,0.3959902982287024,0.3193120349091173,0.3959902982287024,0.9911306772292526,0.056133041415722174,0.026502660905683095,0.00823495343921865,0.30422512302116433,rise,rise
20935,20935,0,echo,1981.0,8573.0,1824.0,0.4883,0.5098,0.0214,rise,1.748,1.9388,0.1092,,1661.0,0,sudden/low/recurring_sudden_friedman_100k_g01.csv,htr/error,"{""buffer_len"": 1, ""merged"": [], ""collection_size"": 3, ""current_idx"": 3, ""best_idx"": 0, ""acc_current_on_warning"": 0.659205277730631, ""acc_best_on_warning"": 0.6608676721360589, ""acc_new_on_warning"": 0.0, ""winner_initial"": ""reused_copy"", ""acc_on_buffer"": {""0"": 0.6608676721360589, ""2"": 0.659205277730631}, ""similarity_metric"": ""residual_pearson"", ""merge_pairs"": [], ""slot_eras"": {""0"": 0, ""1"": 1, ""2"": 2,",joe-sudden,False,,1,0.6608676721360589,0.0,0.659205277730631,1.1568304388432944,-0.036903443694318916,0.09745475588730113,0.01984226639811687,-0.1635569397173734,fall,fall
30759,30919,160,orphan,1251.0,57905.0,9824.0,0.5171,0.6015,0.0844,rise,2.0248,2.8612,0.4131,,11485.0,0,sudden/low/recurring_sudden_friedman_100k_g01.csv,htr/error,"{""buffer_len"": 161, ""merged"": [2, 3], ""collection_size"": 2, ""current_idx"": 4, ""best_idx"": 0, ""acc_current_on_warning"": 0.2864670011826581, ""acc_best_on_warning"": 0.2864670011826581, ""acc_new_on_warning"": 0.37897552514914445, ""winner_initial"": ""reused_copy"", ""acc_on_buffer"": {""0"": 0.2864670011826581}, ""similarity_metric"": ""residual_pearson"", ""merge_pairs"": [[0, 2], [0, 3]], ""slot_eras"": {""0"": 0, ""1",joe-sudden,False,late,161,0.2864670011826581,0.3789755251491444,0.2864670011826581,1.6627868936659556,-0.002850816717289928,0.0695155908176528,0.014651055564580184,-0.0017864617160628926,flat,flat
31463,31687,224,orphan,1955.0,57201.0,704.0,0.5883,0.5973,0.009,flat,2.7351,2.9092,0.0636,,489.0,1,sudden/low/recurring_sudden_friedman_100k_g01.csv,htr/error,"{""buffer_len"": 225, ""merged"": [4], ""collection_size"": 2, ""current_idx"": 5, ""best_idx"": 0, ""acc_current_on_warning"": 0.28340867397835257, ""acc_best_on_warning"": 0.28340867397835257, ""acc_new_on_warning"": 0.3547320283055433, ""winner_initial"": ""reused_copy"", ""acc_on_buffer"": {""0"": 0.28340867397835257}, ""similarity_metric"": ""residual_pearson"", ""merge_pairs"": [[0, 4]], ""slot_eras"": {""0"": 0, ""1"": 1, ""2""",joe-sudden,False,late,225,0.2834086739783525,0.3547320283055433,0.2834086739783525,1.386069057038709,0.02327842297196625,0.2079183485260656,0.03851743710821043,0.11422637834344251,rise,rise
32199,32263,64,orphan,2691.0,56465.0,736.0,0.5938,0.6121,0.0183,flat,2.8757,3.0419,0.0578,,216.0,1,sudden/low/recurring_sudden_friedman_100k_g01.csv,htr/error,"{""buffer_len"": 65, ""merged"": [5], ""collection_size"": 2, ""current_idx"": 6, ""best_idx"": 0, ""acc_current_on_warning"": 0.2716320434976369, ""acc_best_on_warning"": 0.2716320434976369, ""acc_new_on_warning"": 0.29086509634428226, ""winner_initial"": ""reused_copy"", ""acc_on_buffer"": {""0"": 0.2716320434976369}, ""similarity_metric"": ""residual_pearson"", ""merge_pairs"": [[0, 5]], ""slot_eras"": {""0"": 0, ""1"": 1, ""2"": 2",joe-sudden,False,late,65,0.2716320434976369,0.2908650963442822,0.2716320434976369,1.587732272400258,0.02067939745115921,0.33414344749607006,0.059511644166870326,0.11630102211406257,rise,rise
32775,32775,0,orphan,3267.0,55889.0,576.0,0.6102,0.5262,-0.084,fall,3.0203,2.1998,-0.2717,,291.0,1,sudden/low/recurring_sudden_friedman_100k_g01.csv,htr/error,"{""buffer_len"": 1, ""merged"": [], ""collection_size"": 3, ""current_idx"": 7, ""best_idx"": 6, ""acc_current_on_warning"": 0.6358682130821119, ""acc_best_on_warning"": 0.6358682130821119, ""acc_new_on_warning"": 0.0, ""winner_initial"": ""reused_copy"", ""acc_on_buffer"": {""0"": 0.4644461922329721, ""6"": 0.6358682130821119}, ""similarity_metric"": ""residual_pearson"", ""merge_pairs"": [], ""slot_eras"": {""0"": 0, ""1"": 1, ""2"": ",joe-sudden,False,,1,0.6358682130821119,0.0,0.6358682130821119,0.8507082042036979,0.03086216782511786,0.4295403075192161,0.07477575694131533,0.12544735946713792,rise,rise
36871,36871,0,orphan,7363.0,51793.0,4096.0,0.4949,0.5161,0.0211,rise,1.8709,2.0944,0.1195,,4387.0,0,sudden/low/recurring_sudden_friedman_100k_g01.csv,htr/error,"{""buffer_len"": 1, ""merged"": [], ""collection_size"": 4, ""current_idx"": 8, ""best_idx"": 6, ""acc_current_on_warning"": 0.6589402836564999, ""acc_best_on_warning"": 0.6932977588421816, ""acc_new_on_warning"": 0.0, ""winner_initial"": ""reused_copy"", ""acc_on_buffer"": {""0"": 0.3843227808255989, ""6"": 0.6932977588421816, ""7"": 0.6589402836564999}, ""similarity_metric"": ""residual_pearson"", ""merge_pairs"": [], ""slot_eras",joe-sudden,False,,1,0.6932977588421816,0.0,0.6589402836564999,1.091811425980285,-0.014478047610272549,-0.09951331775600103,-0.027948471113103612,-0.07814248963818815,fall,flat
46599,46599,0,orphan,17091.0,42065.0,9728.0,0.502,0.4967,-0.0052,flat,1.9583,1.9543,-0.0021,,14115.0,0,sudden/low/recurring_sudden_friedman_100k_g01.csv,htr/error,"{""buffer_len"": 1, ""merged"": [], ""collection_size"": 5, ""current_idx"": 9, ""best_idx"": 8, ""acc_current_on_warning"": 0.37695091138775194, ""acc_best_on_warning"": 0.37695091138775194, ""acc_new_on_warning"": 0.0, ""winner_initial"": ""reused_copy"", ""acc_on_buffer"": {""0"": 0.0, ""6"": 0.07150484603740648, ""7"": 0.3048470911339738, ""8"": 0.37695091138775194}, ""similarity_metric"": ""residual_pearson"", ""merge_pairs"": ",joe-sudden,False,,1,0.3769509113877519,0.0,0.3769509113877519,1.0094896689497763,0.003053831201677071,-0.046184032778516015,-0.010083764404519746,0.00864501469430734,flat,flat
77543,89319,11776,orphan,48035.0,11121.0,30944.0,0.4755,0.5063,0.0308,rise,1.6849,2.0173,0.1973,,45059.0,0,sudden/low/recurring_sudden_friedman_100k_g01.csv,htr/error,"{""buffer_len"": 11777, ""merged"": [6, 7, 8, 9], ""collection_size"": 2, ""current_idx"": 10, ""best_idx"": 0, ""acc_current_on_warning"": 0.294989038646295, ""acc_best_on_warning"": 0.294989038646295, ""acc_new_on_warning"": 0.41027255042327226, ""winner_initial"": ""reused_copy"", ""acc_on_buffer"": {""0"": 0.294989038646295}, ""similarity_metric"": ""residual_pearson"", ""merge_pairs"": [[0, 6], [0, 7], [0, 8], [0, 9]], ""s",joe-sudden,False,stale_warning,11777,0.294989038646295,0.4102725504232722,0.294989038646295,0.736852287164623,0.057644221433092335,0.06868102772978801,0.014444939684409908,0.3030322779347838,rise,rise
19655,19655,0,hit,701.0,9853.0,,0.5494,0.5223,-0.0271,fall,3.5873,3.2383,-0.0973,,,0,sudden/low/recurring_sudden_friedman_100k_g01.csv,hfr/error,"{""buffer_len"": 1, ""merged"": [], ""collection_size"": 2, ""current_idx"": 1, ""best_idx"": 0, ""acc_current_on_warning"": 0.0, ""acc_best_on_warning"": 0.0, ""acc_new_on_warning"": 0.7276785094006365, ""winner_initial"": ""reused_copy"", ""acc_on_buffer"": {""0"": 0.0}, ""similarity_metric"": ""residual_pearson"", ""merge_pairs"": [], ""slot_eras"": {""0"": 0, ""1"": 1}, ""score_semantics"": ""1_minus_mean_normalized_residual""}",joe-sudden,False,,1,0.0,0.7276785094006365,0.0,0.9290954418350087,0.04643568730698999,0.047098171889115914,0.009826244980381427,0.2136910638725409,rise,rise
31943,31975,32,orphan,2435.0,56721.0,12288.0,0.5418,0.5592,0.0174,flat,3.6499,3.9615,0.0854,,,0,sudden/low/recurring_sudden_friedman_100k_g01.csv,hfr/error,"{""buffer_len"": 33, ""merged"": [1], ""collection_size"": 2, ""current_idx"": 2, ""best_idx"": 0, ""acc_current_on_warning"": 0.31496438979834385, ""acc_best_on_warning"": 0.31496438979834385, ""acc_new_on_warning"": 0.3301197735528387, ""winner_initial"": ""reused_copy"", ""acc_on_buffer"": {""0"": 0.31496438979834385}, ""similarity_metric"": ""residual_pearson"", ""merge_pairs"": [[0, 1]], ""slot_eras"": {""0"": 0, ""1"": 1, ""2"":",joe-sudden,False,late,33,0.3149643897983438,0.3301197735528387,0.3149643897983438,1.0794109170319823,0.00914266074428638,0.10149957537067023,0.01961001657962569,0.0367863520252103,flat,flat
40391,40615,224,orphan,10883.0,48273.0,8448.0,0.5169,0.5566,0.0398,rise,3.4408,4.0046,0.1639,,5589.0,0,sudden/low/recurring_sudden_friedman_100k_g01.csv,hfr/error,"{""buffer_len"": 225, ""merged"": [2], ""collection_size"": 2, ""current_idx"": 3, ""best_idx"": 0, ""acc_current_on_warning"": 0.44385348287021087, ""acc_best_on_warning"": 0.44385348287021087, ""acc_new_on_warning"": 0.46715443693346426, ""winner_initial"": ""reused_copy"", ""acc_on_buffer"": {""0"": 0.44385348287021087}, ""similarity_metric"": ""residual_pearson"", ""merge_pairs"": [[0, 2]], ""slot_eras"": {""0"": 0, ""1"": 1, ""2",joe-sudden,False,,225,0.4438534828702108,0.4671544369334642,0.4438534828702108,1.2629261271528995,-0.01273820652810731,-0.039636867048915114,-0.013824059095556507,-0.046225815603461284,flat,flat
49831,56583,6752,orphan,20323.0,38833.0,9440.0,0.5125,0.5199,0.0073,flat,3.4497,3.6003,0.0437,,7171.0,0,sudden/low/recurring_sudden_friedman_100k_g01.csv,hfr/error,"{""buffer_len"": 6753, ""merged"": [3], ""collection_size"": 2, ""current_idx"": 4, ""best_idx"": 0, ""acc_current_on_warning"": 0.4325386335667831, ""acc_best_on_warning"": 0.4325386335667831, ""acc_new_on_warning"": 0.485787521900952, ""winner_initial"": ""reused_copy"", ""acc_on_buffer"": {""0"": 0.4325386335667831}, ""similarity_metric"": ""residual_pearson"", ""merge_pairs"": [[0, 3]], ""slot_eras"": {""0"": 0, ""1"": 1, ""2"": 2",joe-sudden,False,,6753,0.4325386335667831,0.485787521900952,0.4325386335667831,1.1402262720607512,-0.014927854539702246,0.005966758955596063,-0.0007259120952244347,-0.06126851837733993,fall,flat
75015,75015,0,orphan,45507.0,13649.0,25184.0,0.4994,0.5345,0.0351,rise,3.3555,3.8816,0.1568,,18431.0,0,sudden/low/recurring_sudden_friedman_100k_g01.csv,hfr/error,"{""buffer_len"": 1, ""merged"": [], ""collection_size"": 3, ""current_idx"": 5, ""best_idx"": 0, ""acc_current_on_warning"": 0.5420470485922169, ""acc_best_on_warning"": 0.7239301479626764, ""acc_new_on_warning"": 0.7274671914833244, ""winner_initial"": ""reused_copy"", ""acc_on_buffer"": {""0"": 0.7239301479626764, ""4"": 0.5420470485922169}, ""similarity_metric"": ""residual_pearson"", ""merge_pairs"": [], ""slot_eras"": {""0"": 0",joe-sudden,False,,1,0.7239301479626764,0.7274671914833244,0.5420470485922169,1.0947383917686582,-0.0008619481635566695,-0.03338506671536112,-0.008137782088366907,-0.004140208089798647,flat,flat
80039,89863,9824,orphan,50531.0,8625.0,5024.0,0.4996,0.4928,-0.0067,flat,3.3784,3.2818,-0.0286,,1946.0,0,sudden/low/recurring_sudden_friedman_100k_g01.csv,hfr/error,"{""buffer_len"": 9825, ""merged"": [4, 5], ""collection_size"": 2, ""current_idx"": 6, ""best_idx"": 0, ""acc_current_on_warning"": 0.444588930267817, ""acc_best_on_warning"": 0.444588930267817, ""acc_new_on_warning"": 0.46082952323441484, ""winner_initial"": ""reused_copy"", ""acc_on_buffer"": {""0"": 0.444588930267817}, ""similarity_metric"": ""residual_pearson"", ""merge_pairs"": [[0, 4], [0, 5]], ""slot_eras"": {""0"": 0, ""1"":",joe-sudden,False,stale_warning,9825,0.444588930267817,0.4608295232344148,0.444588930267817,0.9948259720327663,-0.021249722304114815,0.0034376915407736686,3.0281377522145547e-05,-0.08569990069482669,fall,fall
16615,18631,2016,orphan,,2819.0,,0.4921,0.4838,-0.0083,flat,1.7919,1.7101,-0.0457,,,0,sudden/medium/recurring_sudden_friedman_100k_g00.csv,htr/error,"{""buffer_len"": 2017, ""merged"": [], ""collection_size"": 2, ""current_idx"": 1, ""best_idx"": 0, ""acc_current_on_warning"": 0.5103380942836622, ""acc_best_on_warning"": 0.5103380942836622, ""acc_new_on_warning"": 0.48875495781379863, ""winner_initial"": ""reused_copy"", ""acc_on_buffer"": {""0"": 0.5103380942836622}, ""similarity_metric"": ""residual_pearson"", ""merge_pairs"": [], ""slot_eras"": {""0"": 0, ""1"": 1}, ""score_sem",joe-sudden,False,,2017,0.5103380942836622,0.4887549578137986,0.5103380942836622,0.9950436145769379,-0.00406016378171109,0.012964430605266974,0.006409764455690858,-0.02221804765870572,flat,flat
19495,19527,32,hit,61.0,20080.0,2880.0,0.5112,0.6299,0.1187,rise,2.0126,3.2691,0.6243,,842.0,0,sudden/medium/recurring_sudden_friedman_100k_g00.csv,htr/error,"{""buffer_len"": 33, ""merged"": [1], ""collection_size"": 2, ""current_idx"": 2, ""best_idx"": 0, ""acc_current_on_warning"": 0.29509643495844784, ""acc_best_on_warning"": 0.29509643495844784, ""acc_new_on_warning"": 0.1952610501151778, ""winner_initial"": ""reused_copy"", ""acc_on_buffer"": {""0"": 0.29509643495844784}, ""similarity_metric"": ""residual_pearson"", ""merge_pairs"": [[0, 1]], ""slot_eras"": {""0"": 0, ""1"": 1, ""2"":",joe-sudden,False,,33,0.2950964349584478,0.1952610501151778,0.2950964349584478,1.2514574890642185,0.03400453850550522,0.04213179507222109,0.009766893379384634,0.2235792523496909,rise,rise
20295,20327,32,echo_inwin,861.0,19280.0,800.0,0.5647,0.6162,0.0515,rise,2.5616,3.1504,0.2299,,695.0,0,sudden/medium/recurring_sudden_friedman_100k_g00.csv,htr/error,"{""buffer_len"": 33, ""merged"": [2], ""collection_size"": 2, ""current_idx"": 3, ""best_idx"": 0, ""acc_current_on_warning"": 0.30781242506647566, ""acc_best_on_warning"": 0.30781242506647566, ""acc_new_on_warning"": 0.18411032229662494, ""winner_initial"": ""reused_copy"", ""acc_on_buffer"": {""0"": 0.30781242506647566}, ""similarity_metric"": ""residual_pearson"", ""merge_pairs"": [[0, 2]], ""slot_eras"": {""0"": 0, ""1"": 1, ""2""",joe-sudden,False,,33,0.3078124250664756,0.1841103222966249,0.3078124250664756,1.718458182137954,0.023350696973609586,0.2011814377897143,0.03522719099254973,0.11088801074690968,rise,rise
21223,21223,0,echo,1789.0,18352.0,928.0,0.5603,0.6198,0.0595,rise,2.5816,3.2445,0.2568,,1623.0,0,sudden/medium/recurring_sudden_friedman_100k_g00.csv,htr/error,"{""buffer_len"": 1, ""merged"": [], ""collection_size"": 3, ""current_idx"": 4, ""best_idx"": 0, ""acc_current_on_warning"": 0.5361976868073068, ""acc_best_on_warning"": 0.5960949930002666, ""acc_new_on_warning"": 0.0, ""winner_initial"": ""reused_copy"", ""acc_on_buffer"": {""0"": 0.5960949930002666, ""3"": 0.5361976868073068}, ""similarity_metric"": ""residual_pearson"", ""merge_pairs"": [], ""slot_eras"": {""0"": 0, ""1"": 1, ""2"": ",joe-sudden,False,,1,0.5960949930002666,0.0,0.5361976868073068,1.591225394630139,-0.03324570158484086,0.3868720038236022,0.06336675371416955,-0.10710285779924078,fall,fall
21607,21735,128,echo,2173.0,17968.0,384.0,0.6135,0.6138,0.0002,flat,3.1865,3.3271,0.0441,,2007.0,0,sudden/medium/recurring_sudden_friedman_100k_g00.csv,htr/error,"{""buffer_len"": 129, ""merged"": [3, 4], ""collection_size"": 2, ""current_idx"": 5, ""best_idx"": 0, ""acc_current_on_warning"": 0.28191080550795633, ""acc_best_on_warning"": 0.28191080550795633, ""acc_new_on_warning"": 0.29232579033322426, ""winner_initial"": ""reused_copy"", ""acc_on_buffer"": {""0"": 0.28191080550795633}, ""similarity_metric"": ""residual_pearson"", ""merge_pairs"": [[0, 3], [0, 4]], ""slot_eras"": {""0"": 0,",joe-sudden,False,,129,0.2819108055079563,0.2923257903332242,0.2819108055079563,1.322289625015841,0.035410778065068094,0.5453035473274537,0.08748015185565255,0.1479495041430694,rise,rise
22311,22343,32,echo,2877.0,17264.0,704.0,0.5966,0.5939,-0.0027,flat,3.0824,3.1121,0.0096,,289.0,1,sudden/medium/recurring_sudden_friedman_100k_g00.csv,htr/error,"{""buffer_len"": 33, ""merged"": [5], ""collection_size"": 2, ""current_idx"": 6, ""best_idx"": 0, ""acc_current_on_warning"": 0.308751108890266, ""acc_best_on_warning"": 0.308751108890266, ""acc_new_on_warning"": 0.25688402677676725, ""winner_initial"": ""reused_copy"", ""acc_on_buffer"": {""0"": 0.308751108890266}, ""similarity_metric"": ""residual_pearson"", ""merge_pairs"": [[0, 5]], ""slot_eras"": {""0"": 0, ""1"": 1, ""2"": 2, """,joe-sudden,False,,33,0.308751108890266,0.2568840267767672,0.308751108890266,1.4957120600362555,-0.01751464323870433,0.7250444646303384,0.11213471668060981,-0.032062948179740314,flat,flat
23143,23207,64,orphan,3709.0,16432.0,832.0,0.5566,0.6045,0.0479,rise,2.6505,3.2371,0.2213,,785.0,0,sudden/medium/recurring_sudden_friedman_100k_g00.csv,htr/error,"{""buffer_len"": 65, ""merged"": [6], ""collection_size"": 2, ""current_idx"": 7, ""best_idx"": 0, ""acc_current_on_warning"": 0.3002204076308084, ""acc_best_on_warning"": 0.3002204076308084, ""acc_new_on_warning"": 0.31575342336953527, ""winner_initial"": ""reused_copy"", ""acc_on_buffer"": {""0"": 0.3002204076308084}, ""similarity_metric"": ""residual_pearson"", ""merge_pairs"": [[0, 6]], ""slot_eras"": {""0"": 0, ""1"": 1, ""2"": 2",joe-sudden,False,,65,0.3002204076308084,0.3157534233695352,0.3002204076308084,1.51854691310811,-0.06294979246625887,0.5274357652988206,0.08334842997006442,-0.20760994405439326,fall,fall
23815,24103,288,orphan,4381.0,15760.0,672.0,0.5741,0.6032,0.029,rise,2.8896,3.264,0.1296,,595.0,1,sudden/medium/recurring_sudden_friedman_100k_g00.csv,htr/error,"{""buffer_len"": 289, ""merged"": [7], ""collection_size"": 2, ""current_idx"": 8, ""best_idx"": 0, ""acc_current_on_warning"": 0.2901899443558774, ""acc_best_on_warning"": 0.2901899443558774, ""acc_new_on_warning"": 0.32960046689176203, ""winner_initial"": ""reused_copy"", ""acc_on_buffer"": {""0"": 0.2901899443558774}, ""similarity_metric"": ""residual_pearson"", ""merge_pairs"": [[0, 7]], ""slot_eras"": {""0"": 0, ""1"": 1, ""2"": ",joe-sudden,False,,289,0.2901899443558774,0.329600466891762,0.2901899443558774,1.2821040886169155,-0.02766856211244928,0.4383503281246586,0.06902042519240026,-0.11247336682597242,fall,fall
24871,24871,0,orphan,5437.0,14704.0,1056.0,0.5527,0.5854,0.0327,rise,2.6811,3.137,0.17,,377.0,1,sudden/medium/recurring_sudden_friedman_100k_g00.csv,htr/error,"{""buffer_len"": 1, ""merged"": [], ""collection_size"": 3, ""current_idx"": 9, ""best_idx"": 0, ""acc_current_on_warning"": 0.39712798467959987, ""acc_best_on_warning"": 0.6577871370568609, ""acc_new_on_warning"": 0.0, ""winner_initial"": ""reused_copy"", ""acc_on_buffer"": {""0"": 0.6577871370568609, ""8"": 0.39712798467959987}, ""similarity_metric"": ""residual_pearson"", ""merge_pairs"": [], ""slot_eras"": {""0"": 0, ""1"": 1, ""2""",joe-sudden,False,,1,0.6577871370568609,0.0,0.3971279846795998,1.5631289438322102,-0.029269019706430477,0.2900726218239962,0.04313162665012771,-0.10127100479703799,fall,fall
25415,25639,224,orphan,5981.0,14160.0,544.0,0.5721,0.5698,-0.0023,flat,2.9548,2.9828,0.0095,,537.0,1,sudden/medium/recurring_sudden_friedman_100k_g00.csv,htr/error,"{""buffer_len"": 225, ""merged"": [8, 9], ""collection_size"": 2, ""current_idx"": 10, ""best_idx"": 0, ""acc_current_on_warning"": 0.32682779051243094, ""acc_best_on_warning"": 0.32682779051243094, ""acc_new_on_warning"": 0.37811243450156695, ""winner_initial"": ""reused_copy"", ""acc_on_buffer"": {""0"": 0.32682779051243094}, ""similarity_metric"": ""residual_pearson"", ""merge_pairs"": [[0, 8], [0, 9]], ""slot_eras"": {""0"": 0",joe-sudden,False,,225,0.3268277905124309,0.3781124345015669,0.3268277905124309,1.2978709507260322,-0.029976783603477997,0.17390314168068022,0.02113637796307355,-0.09780021507878811,fall,fall
26823,26887,64,orphan,7389.0,12752.0,1408.0,0.5254,0.5766,0.0512,rise,2.4655,3.0726,0.2462,,168.0,1,sudden/medium/recurring_sudden_friedman_100k_g00.csv,htr/error,"{""buffer_len"": 65, ""merged"": [10], ""collection_size"": 2, ""current_idx"": 11, ""best_idx"": 0, ""acc_current_on_warning"": 0.3599910924446871, ""acc_best_on_warning"": 0.3599910924446871, ""acc_new_on_warning"": 0.3141829701951203, ""winner_initial"": ""reused_copy"", ""acc_on_buffer"": {""0"": 0.3599910924446871}, ""similarity_metric"": ""residual_pearson"", ""merge_pairs"": [[0, 10]], ""slot_eras"": {""0"": 0, ""1"": 1, ""2"":",joe-sudden,False,,65,0.3599910924446871,0.3141829701951203,0.3599910924446871,1.6631651131695402,-0.044018728099220694,0.054605696786433455,-0.006346243857892286,-0.17227564015241448,fall,fall
27399,27655,256,orphan,7965.0,12176.0,576.0,0.5771,0.5998,0.0227,rise,3.0735,3.3737,0.0977,,744.0,0,sudden/medium/recurring_sudden_friedman_100k_g00.csv,htr/error,"{""buffer_len"": 257, ""merged"": [11], ""collection_size"": 2, ""current_idx"": 12, ""best_idx"": 0, ""acc_current_on_warning"": 0.30988125629386865, ""acc_best_on_warning"": 0.30988125629386865, ""acc_new_on_warning"": 0.35631928601752694, ""winner_initial"": ""reused_copy"", ""acc_on_buffer"": {""0"": 0.30988125629386865}, ""similarity_metric"": ""residual_pearson"", ""merge_pairs"": [[0, 11]], ""slot_eras"": {""0"": 0, ""1"": 1,",joe-sudden,False,,257,0.3098812562938686,0.3563192860175269,0.3098812562938686,1.5791170020914715,-0.016671500989058452,-0.019744252785073857,-0.02446479963853454,-0.0811819257894375,fall,flat
28487,28551,64,orphan,9053.0,11088.0,1088.0,0.5348,0.5782,0.0435,rise,2.5891,3.1526,0.2176,,633.0,0,sudden/medium/recurring_sudden_friedman_100k_g00.csv,htr/error,"{""buffer_len"": 65, ""merged"": [12], ""collection_size"": 2, ""current_idx"": 13, ""best_idx"": 0, ""acc_current_on_warning"": 0.3356133396746174, ""acc_best_on_warning"": 0.3356133396746174, ""acc_new_on_warning"": 0.29528559939949084, ""winner_initial"": ""reused_copy"", ""acc_on_buffer"": {""0"": 0.3356133396746174}, ""similarity_metric"": ""residual_pearson"", ""merge_pairs"": [[0, 12]], ""slot_eras"": {""0"": 0, ""1"": 1, ""2""",joe-sudden,False,,65,0.3356133396746174,0.2952855993994908,0.3356133396746174,1.583355205684438,-0.03870434750087115,-0.054203419344490134,-0.03220522633321332,-0.15218162965943483,fall,fall
29127,29159,32,orphan,9693.0,10448.0,640.0,0.5706,0.5774,0.0068,flat,3.0538,3.1662,0.0368,,570.0,1,sudden/medium/recurring_sudden_friedman_100k_g00.csv,htr/error,"{""buffer_len"": 33, ""merged"": [13], ""collection_size"": 2, ""current_idx"": 14, ""best_idx"": 0, ""acc_current_on_warning"": 0.35773882728940243, ""acc_best_on_warning"": 0.35773882728940243, ""acc_new_on_warning"": 0.2658405323973433, ""winner_initial"": ""reused_copy"", ""acc_on_buffer"": {""0"": 0.35773882728940243}, ""similarity_metric"": ""residual_pearson"", ""merge_pairs"": [[0, 13]], ""slot_eras"": {""0"": 0, ""1"": 1, """,joe-sudden,False,,33,0.3577388272894024,0.2658405323973433,0.3577388272894024,1.461487585829509,0.008313267733172425,-0.03869675350472235,-0.025833468449592112,0.05186942689879537,rise,flat
29607,29671,64,orphan,10173.0,9968.0,480.0,0.5823,0.5841,0.0017,flat,3.2218,3.2877,0.0205,,1050.0,0,sudden/medium/recurring_sudden_friedman_100k_g00.csv,htr/error,"{""buffer_len"": 65, ""merged"": [14], ""collection_size"": 2, ""current_idx"": 15, ""best_idx"": 0, ""acc_current_on_warning"": 0.3437957550221571, ""acc_best_on_warning"": 0.3437957550221571, ""acc_new_on_warning"": 0.3391263423758041, ""winner_initial"": ""reused_copy"", ""acc_on_buffer"": {""0"": 0.3437957550221571}, ""similarity_metric"": ""residual_pearson"", ""merge_pairs"": [[0, 14]], ""slot_eras"": {""0"": 0, ""1"": 1, ""2"":",joe-sudden,False,,65,0.3437957550221571,0.3391263423758041,0.3437957550221571,1.6956828815149882,0.006914808416289775,-0.0030142263336762065,-0.015516406691020834,0.043556161933498094,flat,flat
30183,30183,0,orphan,10749.0,9392.0,576.0,0.5796,0.5614,-0.0182,flat,3.2278,3.0019,-0.07,masked_fall,506.0,1,sudden/medium/recurring_sudden_friedman_100k_g00.csv,htr/error,"{""buffer_len"": 1, ""merged"": [], ""collection_size"": 3, ""current_idx"": 16, ""best_idx"": 0, ""acc_current_on_warning"": 0.6433286873403486, ""acc_best_on_warning"": 0.6755374369246898, ""acc_new_on_warning"": 0.15957938553600626, ""winner_initial"": ""reused_copy"", ""acc_on_buffer"": {""0"": 0.6755374369246898, ""15"": 0.6433286873403486}, ""similarity_metric"": ""residual_pearson"", ""merge_pairs"": [], ""slot_eras"": {""0""",joe-sudden,False,,1,0.6755374369246898,0.1595793855360062,0.6433286873403486,1.2048983291636761,0.019093291942311907,0.013308087694221316,-0.010715316788864837,0.09769270111651718,rise,flat
31079,31079,0,orphan,11645.0,8496.0,896.0,0.5112,0.5126,0.0014,flat,2.3922,2.409,0.007,,1402.0,0,sudden/medium/recurring_sudden_friedman_100k_g00.csv,htr/error,"{""buffer_len"": 1, ""merged"": [], ""collection_size"": 4, ""current_idx"": 17, ""best_idx"": 15, ""acc_current_on_warning"": 0.6593102423350967, ""acc_best_on_warning"": 0.6680515888778856, ""acc_new_on_warning"": 0.0, ""winner_initial"": ""reused_copy"", ""acc_on_buffer"": {""0"": 0.6116674280946659, ""15"": 0.6680515888778856, ""16"": 0.6593102423350967}, ""similarity_metric"": ""residual_pearson"", ""merge_pairs"": [], ""slot_",joe-sudden,False,,1,0.6680515888778856,0.0,0.6593102423350967,1.0365130323154381,-0.06362198330666025,0.004863617846546209,-0.012105871999817941,-0.24190013909718988,fall,fall
40679,40743,64,orphan,1104.0,24121.0,9600.0,0.469,0.4571,-0.0119,flat,1.8769,1.7352,-0.0755,masked_fall,11002.0,0,sudden/medium/recurring_sudden_friedman_100k_g00.csv,htr/error,"{""buffer_len"": 65, ""merged"": [17, 15], ""collection_size"": 3, ""current_idx"": 18, ""best_idx"": 0, ""acc_current_on_warning"": 0.5539457266163634, ""acc_best_on_warning"": 0.5539457266163634, ""acc_new_on_warning"": 0.43030319004533213, ""winner_initial"": ""reused_copy"", ""acc_on_buffer"": {""0"": 0.5539457266163634, ""16"": 0.41089778284895784}, ""similarity_metric"": ""residual_pearson"", ""merge_pairs"": [[0, 17], [16",joe-sudden,False,late,65,0.5539457266163634,0.4303031900453321,0.5539457266163634,1.05172453727205,-0.036043676268617375,0.02973144559010965,0.0066166183612629825,-0.19981581453753228,fall,fall
65159,65223,64,hit,359.0,,24480.0,0.5491,0.5297,-0.0195,flat,2.5685,2.3665,-0.0786,masked_fall,35482.0,0,sudden/medium/recurring_sudden_friedman_100k_g00.csv,htr/error,"{""buffer_len"": 65, ""merged"": [0, 16], ""collection_size"": 2, ""current_idx"": 19, ""best_idx"": 18, ""acc_current_on_warning"": 0.4386454133780847, ""acc_best_on_warning"": 0.4386454133780847, ""acc_new_on_warning"": 0.30462318538795874, ""winner_initial"": ""reused_copy"", ""acc_on_buffer"": {""18"": 0.4386454133780847}, ""similarity_metric"": ""residual_pearson"", ""merge_pairs"": [[18, 0], [18, 16]], ""slot_eras"": {""0"":",joe-sudden,False,,65,0.4386454133780847,0.3046231853879587,0.4386454133780847,0.8631610296149257,0.0963155073180258,0.10990881089670324,0.018749387549812258,0.6398036343485407,rise,rise
67335,67399,64,echo,2535.0,,2176.0,0.4901,0.5249,0.0348,rise,1.9344,2.3072,0.1927,,37658.0,0,sudden/medium/recurring_sudden_friedman_100k_g00.csv,htr/error,"{""buffer_len"": 65, ""merged"": [19], ""collection_size"": 2, ""current_idx"": 20, ""best_idx"": 18, ""acc_current_on_warning"": 0.4767153275414092, ""acc_best_on_warning"": 0.4767153275414092, ""acc_new_on_warning"": 0.3224151215540334, ""winner_initial"": ""reused_copy"", ""acc_on_buffer"": {""18"": 0.4767153275414092}, ""similarity_metric"": ""residual_pearson"", ""merge_pairs"": [[18, 19]], ""slot_eras"": {""0"": 0, ""1"": 1, """,joe-sudden,False,,65,0.4767153275414092,0.3224151215540334,0.4767153275414092,1.2300584950376714,-0.027045293802585635,0.3291992546873188,0.05045843891548074,-0.14242716299342373,fall,fall
69575,70471,896,orphan,4775.0,,2240.0,0.4897,0.536,0.0463,rise,1.9425,2.4875,0.2805,,39898.0,0,sudden/medium/recurring_sudden_friedman_100k_g00.csv,htr/error,"{""buffer_len"": 897, ""merged"": [20], ""collection_size"": 2, ""current_idx"": 21, ""best_idx"": 18, ""acc_current_on_warning"": 0.4553359445662487, ""acc_best_on_warning"": 0.4553359445662487, ""acc_new_on_warning"": 0.47836245083584583, ""winner_initial"": ""reused_copy"", ""acc_on_buffer"": {""18"": 0.4553359445662487}, ""similarity_metric"": ""residual_pearson"", ""merge_pairs"": [[18, 20]], ""slot_eras"": {""0"": 0, ""1"": 1,",joe-sudden,False,,897,0.4553359445662487,0.4783624508358458,0.4553359445662487,1.5825255587948597,-0.015938762969028686,0.060794097272351966,0.00922049989755619,-0.08162999664479731,fall,flat
72263,72359,96,orphan,7463.0,,2688.0,0.4946,0.5244,0.0298,rise,1.9923,2.3198,0.1644,,1355.0,0,sudden/medium/recurring_sudden_friedman_100k_g00.csv,htr/error,"{""buffer_len"": 97, ""merged"": [21], ""collection_size"": 2, ""current_idx"": 22, ""best_idx"": 18, ""acc_current_on_warning"": 0.4512753629920103, ""acc_best_on_warning"": 0.4512753629920103, ""acc_new_on_warning"": 0.31261342301134043, ""winner_initial"": ""reused_copy"", ""acc_on_buffer"": {""18"": 0.4512753629920103}, ""similarity_metric"": ""residual_pearson"", ""merge_pairs"": [[18, 21]], ""slot_eras"": {""0"": 0, ""1"": 1, ",joe-sudden,False,,97,0.4512753629920103,0.3126134230113404,0.4512753629920103,1.2651169551533794,-0.027046211919811602,0.021659537527484618,0.0023397427866546083,-0.1314385653740503,fall,fall
74567,75431,864,orphan,9767.0,,2304.0,0.4779,0.5238,0.0459,rise,1.8048,2.3245,0.2879,,2199.0,0,sudden/medium/recurring_sudden_friedman_100k_g00.csv,htr/error,"{""buffer_len"": 865, ""merged"": [22], ""collection_size"": 2, ""current_idx"": 23, ""best_idx"": 18, ""acc_current_on_warning"": 0.44574794708502385, ""acc_best_on_warning"": 0.44574794708502385, ""acc_new_on_warning"": 0.47982217561386653, ""winner_initial"": ""reused_copy"", ""acc_on_buffer"": {""18"": 0.44574794708502385}, ""similarity_metric"": ""residual_pearson"", ""merge_pairs"": [[18, 22]], ""slot_eras"": {""0"": 0, ""1"":",joe-sudden,False,,865,0.4457479470850238,0.4798221756138665,0.4457479470850238,1.2911079161308638,-0.008443293814900665,-0.03926233232693299,-0.007484015995014526,-0.047786201023488295,flat,flat
77479,77479,0,orphan,12679.0,,2912.0,0.4851,0.4821,-0.003,flat,1.8965,1.8472,-0.026,,840.0,0,sudden/medium/recurring_sudden_friedman_100k_g00.csv,htr/error,"{""buffer_len"": 1, ""merged"": [], ""collection_size"": 3, ""current_idx"": 24, ""best_idx"": 23, ""acc_current_on_warning"": 0.6604431790732193, ""acc_best_on_warning"": 0.6604431790732193, ""acc_new_on_warning"": 0.0, ""winner_initial"": ""reused_copy"", ""acc_on_buffer"": {""18"": 0.5737756348859991, ""23"": 0.6604431790732193}, ""similarity_metric"": ""residual_pearson"", ""merge_pairs"": [], ""slot_eras"": {""0"": 0, ""1"": 1, """,joe-sudden,False,,1,0.6604431790732193,0.0,0.6604431790732193,1.0134748052276243,-0.027465338963379604,-0.012883894228546966,-0.0025304892671257906,-0.13923737527015745,fall,fall
19751,19783,32,hit,317.0,19824.0,,0.586,0.6086,0.0225,rise,4.2589,4.5554,0.0696,,,0,sudden/medium/recurring_sudden_friedman_100k_g00.csv,hfr/error,"{""buffer_len"": 33, ""merged"": [], ""collection_size"": 2, ""current_idx"": 1, ""best_idx"": 0, ""acc_current_on_warning"": 0.32817534692345485, ""acc_best_on_warning"": 0.32817534692345485, ""acc_new_on_warning"": 0.39010660010419507, ""winner_initial"": ""reused_copy"", ""acc_on_buffer"": {""0"": 0.32817534692345485}, ""similarity_metric"": ""residual_pearson"", ""merge_pairs"": [], ""slot_eras"": {""0"": 0, ""1"": 1}, ""score_se",joe-sudden,False,,33,0.3281753469234548,0.390106600104195,0.3281753469234548,0.9604262005837627,0.10152829815991665,0.08461308175593074,0.017744481439365745,0.5360987005289835,rise,rise
24583,24743,160,orphan,5149.0,14992.0,4832.0,0.563,0.5846,0.0216,rise,4.1772,4.5734,0.0948,,4678.0,0,sudden/medium/recurring_sudden_friedman_100k_g00.csv,hfr/error,"{""buffer_len"": 161, ""merged"": [1], ""collection_size"": 2, ""current_idx"": 2, ""best_idx"": 0, ""acc_current_on_warning"": 0.4166666375111744, ""acc_best_on_warning"": 0.4166666375111744, ""acc_new_on_warning"": 0.45129674091083516, ""winner_initial"": ""reused_copy"", ""acc_on_buffer"": {""0"": 0.4166666375111744}, ""similarity_metric"": ""residual_pearson"", ""merge_pairs"": [[0, 1]], ""slot_eras"": {""0"": 0, ""1"": 1, ""2"": ",joe-sudden,False,,161,0.4166666375111744,0.4512967409108351,0.4166666375111744,1.2808149740391745,-0.012306058033925704,0.21313437317282902,0.03481264197697165,-0.03478134157191404,flat,flat
31911,31911,0,orphan,12477.0,7664.0,7328.0,0.5375,0.5531,0.0156,flat,4.0596,4.31,0.0617,,7114.0,0,sudden/medium/recurring_sudden_friedman_100k_g00.csv,hfr/error,"{""buffer_len"": 1, ""merged"": [], ""collection_size"": 3, ""current_idx"": 3, ""best_idx"": 2, ""acc_current_on_warning"": 0.6036600021730678, ""acc_best_on_warning"": 0.6036600021730678, ""acc_new_on_warning"": 0.7207224241409548, ""winner_initial"": ""reused_copy"", ""acc_on_buffer"": {""0"": 0.5312391828774143, ""2"": 0.6036600021730678}, ""similarity_metric"": ""residual_pearson"", ""merge_pairs"": [], ""slot_eras"": {""0"": 0",joe-sudden,False,,1,0.6036600021730678,0.7207224241409548,0.6036600021730678,1.0841223483020752,-0.0011336154289064426,-0.03239158112282836,-0.01876158165034003,0.005261586075003821,flat,flat
40295,40359,64,hit,720.0,24505.0,8384.0,0.4752,0.4737,-0.0015,flat,3.1962,3.162,-0.0107,,15498.0,0,sudden/medium/recurring_sudden_friedman_100k_g00.csv,hfr/error,"{""buffer_len"": 65, ""merged"": [2, 3], ""collection_size"": 2, ""current_idx"": 4, ""best_idx"": 0, ""acc_current_on_warning"": 0.5190446463895197, ""acc_best_on_warning"": 0.5190446463895197, ""acc_new_on_warning"": 0.5014370281298661, ""winner_initial"": ""reused_copy"", ""acc_on_buffer"": {""0"": 0.5190446463895197}, ""similarity_metric"": ""residual_pearson"", ""merge_pairs"": [[0, 2], [0, 3]], ""slot_eras"": {""0"": 0, ""1"":",joe-sudden,False,,65,0.5190446463895197,0.5014370281298661,0.5190446463895197,1.0734346463776496,-0.06397142026214137,-0.053000775987251614,-0.0194148192700756,-0.2508457786977253,fall,fall
58983,65415,6432,orphan,19408.0,5817.0,18688.0,0.49,0.5169,0.027,rise,3.2771,3.6701,0.1199,,34186.0,0,sudden/medium/recurring_sudden_friedman_100k_g00.csv,hfr/error,"{""buffer_len"": 6433, ""merged"": [0], ""collection_size"": 2, ""current_idx"": 5, ""best_idx"": 4, ""acc_current_on_warning"": 0.5140924081372961, ""acc_best_on_warning"": 0.5140924081372961, ""acc_new_on_warning"": 0.49811814843437163, ""winner_initial"": ""reused_copy"", ""acc_on_buffer"": {""4"": 0.5140924081372961}, ""similarity_metric"": ""residual_pearson"", ""merge_pairs"": [[4, 0]], ""slot_eras"": {""0"": 0, ""1"": 1, ""2"":",joe-sudden,False,stale_warning,6433,0.5140924081372961,0.4981181484343716,0.5140924081372961,0.8128153567359602,0.09006391786069079,0.07517204163461844,0.01626697910500563,0.4491003822390667,rise,rise
17319,17479,160,hit,967.0,24710.0,,0.4589,0.4537,-0.0053,flat,1.4707,1.3965,-0.0504,masked_fall,,0,sudden/medium/recurring_sudden_friedman_100k_g01.csv,htr/error,"{""buffer_len"": 161, ""merged"": [], ""collection_size"": 2, ""current_idx"": 1, ""best_idx"": 0, ""acc_current_on_warning"": 0.5438542995362812, ""acc_best_on_warning"": 0.5438542995362812, ""acc_new_on_warning"": 0.3962403562010012, ""winner_initial"": ""reused_copy"", ""acc_on_buffer"": {""0"": 0.5438542995362812}, ""similarity_metric"": ""residual_pearson"", ""merge_pairs"": [], ""slot_eras"": {""0"": 0, ""1"": 1}, ""score_seman",joe-sudden,False,,161,0.5438542995362812,0.3962403562010012,0.5438542995362812,1.0475806216884904,-0.009543829492212885,-0.06397718729727508,-0.005797805366091591,-0.06617496977612214,fall,flat
30791,31047,256,orphan,14439.0,11238.0,13472.0,0.4821,0.4563,-0.0258,fall,1.4988,1.2743,-0.1498,,,0,sudden/medium/recurring_sudden_friedman_100k_g01.csv,htr/error,"{""buffer_len"": 257, ""merged"": [0], ""collection_size"": 2, ""current_idx"": 2, ""best_idx"": 1, ""acc_current_on_warning"": 0.5267051657902582, ""acc_best_on_warning"": 0.5267051657902582, ""acc_new_on_warning"": 0.43279961837344594, ""winner_initial"": ""reused_copy"", ""acc_on_buffer"": {""1"": 0.5267051657902582}, ""similarity_metric"": ""residual_pearson"", ""merge_pairs"": [[1, 0]], ""slot_eras"": {""0"": 0, ""1"": 1, ""2"": ",joe-sudden,False,,257,0.5267051657902582,0.4327996183734459,0.5267051657902582,0.8459572222375631,0.0026826691234819178,0.03240248585390382,0.009628355283255452,0.008807259899239472,flat,flat
42151,42151,0,hit,122.0,28186.0,11360.0,0.5655,0.7539,0.1884,rise,2.8222,4.741,0.6799,,11102.0,0,sudden/medium/recurring_sudden_friedman_100k_g01.csv,htr/error,"{""buffer_len"": 1, ""merged"": [], ""collection_size"": 3, ""current_idx"": 3, ""best_idx"": 1, ""acc_current_on_warning"": 0.0, ""acc_best_on_warning"": 0.0, ""acc_new_on_warning"": 0.0, ""winner_initial"": ""reused_copy"", ""acc_on_buffer"": {""1"": 0.0, ""2"": 0.0}, ""similarity_metric"": ""residual_pearson"", ""merge_pairs"": [], ""slot_eras"": {""0"": 0, ""1"": 1, ""2"": 2, ""3"": 3}, ""score_semantics"": ""1_minus_mean_normalized_resi",joe-sudden,False,,1,0.0,0.0,0.0,1.0250266548406584,0.09660288770624098,0.16314591242772747,0.01540422483969639,1.1392897522870609,rise,rise
42983,43047,64,echo_inwin,954.0,27354.0,832.0,0.6787,0.6321,-0.0466,fall,3.5984,3.0406,-0.155,,830.0,0,sudden/medium/recurring_sudden_friedman_100k_g01.csv,htr/error,"{""buffer_len"": 65, ""merged"": [2], ""collection_size"": 3, ""current_idx"": 4, ""best_idx"": 3, ""acc_current_on_warning"": 0.3540277291616325, ""acc_best_on_warning"": 0.3540277291616325, ""acc_new_on_warning"": 0.2506082374807237, ""winner_initial"": ""reused_copy"", ""acc_on_buffer"": {""1"": 0.10379349812977501, ""3"": 0.3540277291616325}, ""similarity_metric"": ""residual_pearson"", ""merge_pairs"": [[1, 2]], ""slot_eras""",joe-sudden,False,,65,0.3540277291616325,0.2506082374807237,0.3540277291616325,1.0684493205672732,0.08861435006480467,0.78941049140998,0.08813548283592132,0.2489972567652292,rise,rise
46119,46119,0,orphan,4090.0,24218.0,3136.0,0.589,0.5815,-0.0075,flat,2.6204,2.6767,0.0215,,3060.0,0,sudden/medium/recurring_sudden_friedman_100k_g01.csv,htr/error,"{""buffer_len"": 1, ""merged"": [], ""collection_size"": 4, ""current_idx"": 5, ""best_idx"": 4, ""acc_current_on_warning"": 0.663676040464054, ""acc_best_on_warning"": 0.663676040464054, ""acc_new_on_warning"": 0.0, ""winner_initial"": ""reused_copy"", ""acc_on_buffer"": {""1"": 0.0, ""3"": 0.4215164481695184, ""4"": 0.663676040464054}, ""similarity_metric"": ""residual_pearson"", ""merge_pairs"": [], ""slot_eras"": {""0"": 0, ""1"": 1",joe-sudden,False,,1,0.663676040464054,0.0,0.663676040464054,0.9592429437572358,-0.018588132746452657,0.49955447422682053,0.09367020263402759,-0.09061209357829425,fall,flat
50247,53287,3040,orphan,8218.0,20090.0,4128.0,0.5535,0.5638,0.0103,flat,2.4071,2.629,0.0922,,7188.0,0,sudden/medium/recurring_sudden_friedman_100k_g01.csv,htr/error,"{""buffer_len"": 3041, ""merged"": [3, 4, 5], ""collection_size"": 2, ""current_idx"": 6, ""best_idx"": 1, ""acc_current_on_warning"": 0.13685641005143223, ""acc_best_on_warning"": 0.13685641005143223, ""acc_new_on_warning"": 0.43797806629124336, ""winner_initial"": ""reused_copy"", ""acc_on_buffer"": {""1"": 0.13685641005143223}, ""similarity_metric"": ""residual_pearson"", ""merge_pairs"": [[1, 3], [1, 4], [1, 5]], ""slot_era",joe-sudden,False,,3041,0.1368564100514322,0.4379780662912433,0.1368564100514322,1.092136088387853,0.00412406442903368,-0.027683804259978406,-0.015329754483263902,0.02897307349980749,flat,flat
63015,66535,3520,orphan,20986.0,7322.0,12768.0,0.5372,0.5607,0.0235,rise,2.3958,2.7358,0.1419,,9727.0,0,sudden/medium/recurring_sudden_friedman_100k_g01.csv,htr/error,"{""buffer_len"": 3521, ""merged"": [6], ""collection_size"": 2, ""current_idx"": 7, ""best_idx"": 1, ""acc_current_on_warning"": 0.141724740498143, ""acc_best_on_warning"": 0.141724740498143, ""acc_new_on_warning"": 0.4481956736099584, ""winner_initial"": ""reused_copy"", ""acc_on_buffer"": {""1"": 0.141724740498143}, ""similarity_metric"": ""residual_pearson"", ""merge_pairs"": [[1, 6]], ""slot_eras"": {""0"": 0, ""1"": 1, ""2"": 2, ",joe-sudden,False,,3521,0.141724740498143,0.4481956736099584,0.141724740498143,1.195182187019203,-0.006505466507054969,-0.02468497456853247,-0.011517303915607346,-0.024654913296956127,flat,flat
71143,71143,0,hit,806.0,,8128.0,0.4816,0.4728,-0.0088,flat,1.8036,1.7024,-0.0561,masked_fall,4604.0,0,sudden/medium/recurring_sudden_friedman_100k_g01.csv,htr/error,"{""buffer_len"": 1, ""merged"": [], ""collection_size"": 3, ""current_idx"": 8, ""best_idx"": 7, ""acc_current_on_warning"": 0.5858287513593414, ""acc_best_on_warning"": 0.5858287513593414, ""acc_new_on_warning"": 0.0, ""winner_initial"": ""reused_copy"", ""acc_on_buffer"": {""1"": 0.4708118488770646, ""7"": 0.5858287513593414}, ""similarity_metric"": ""residual_pearson"", ""merge_pairs"": [], ""slot_eras"": {""0"": 0, ""1"": 1, ""2"": ",joe-sudden,False,,1,0.5858287513593414,0.0,0.5858287513593414,0.9427437752360674,-0.07003330597824481,0.008883142240664776,-0.00017810848740318352,-0.31707404760243774,fall,fall
42535,42567,32,hit,506.0,27802.0,,0.7541,0.6096,-0.1445,fall,7.7114,4.6951,-0.3911,,,0,sudden/medium/recurring_sudden_friedman_100k_g01.csv,hfr/error,"{""buffer_len"": 33, ""merged"": [], ""collection_size"": 2, ""current_idx"": 1, ""best_idx"": 0, ""acc_current_on_warning"": 0.24861238139534658, ""acc_best_on_warning"": 0.24861238139534658, ""acc_new_on_warning"": 0.40354842842455185, ""winner_initial"": ""reused_copy"", ""acc_on_buffer"": {""0"": 0.24861238139534658}, ""similarity_metric"": ""residual_pearson"", ""merge_pairs"": [], ""slot_eras"": {""0"": 0, ""1"": 1}, ""score_se",joe-sudden,False,,33,0.2486123813953465,0.4035484284245518,0.2486123813953465,0.6705797510266458,0.24317975426342087,0.29236036294836154,0.04533597449958826,1.5102321675780073,rise,rise
50439,50759,320,orphan,8410.0,19898.0,7904.0,0.5666,0.6138,0.0472,rise,4.2827,5.0473,0.1785,,7866.0,0,sudden/medium/recurring_sudden_friedman_100k_g01.csv,hfr/error,"{""buffer_len"": 321, ""merged"": [1], ""collection_size"": 2, ""current_idx"": 2, ""best_idx"": 0, ""acc_current_on_warning"": 0.32338915785985445, ""acc_best_on_warning"": 0.32338915785985445, ""acc_new_on_warning"": 0.40181937439341087, ""winner_initial"": ""reused_copy"", ""acc_on_buffer"": {""0"": 0.32338915785985445}, ""similarity_metric"": ""residual_pearson"", ""merge_pairs"": [[0, 1]], ""slot_eras"": {""0"": 0, ""1"": 1, ""2",joe-sudden,False,,321,0.3233891578598544,0.4018193743934108,0.3233891578598544,1.0982180762371867,-0.009254225391113535,-0.06850138929308325,-0.02817384307105253,-0.024336394359640967,flat,flat
53223,65095,11872,orphan,11194.0,17114.0,2784.0,0.5594,0.5436,-0.0158,flat,4.2666,4.298,0.0074,,2449.0,0,sudden/medium/recurring_sudden_friedman_100k_g01.csv,hfr/error,"{""buffer_len"": 11873, ""merged"": [2], ""collection_size"": 2, ""current_idx"": 3, ""best_idx"": 0, ""acc_current_on_warning"": 0.34259618627133603, ""acc_best_on_warning"": 0.34259618627133603, ""acc_new_on_warning"": 0.44757883736190607, ""winner_initial"": ""reused_copy"", ""acc_on_buffer"": {""0"": 0.34259618627133603}, ""similarity_metric"": ""residual_pearson"", ""merge_pairs"": [[0, 2]], ""slot_eras"": {""0"": 0, ""1"": 1, ",joe-sudden,False,,11873,0.342596186271336,0.447578837361906,0.342596186271336,0.9163715897094409,0.0009639904571916436,0.0024321998940737277,-0.0061877070562831316,0.01346335213441563,flat,flat
71303,71367,64,hit,966.0,,18080.0,0.4967,0.495,-0.0017,flat,3.5393,3.5119,-0.0077,,6207.0,0,sudden/medium/recurring_sudden_friedman_100k_g01.csv,hfr/error,"{""buffer_len"": 65, ""merged"": [3], ""collection_size"": 2, ""current_idx"": 4, ""best_idx"": 0, ""acc_current_on_warning"": 0.49021363356285685, ""acc_best_on_warning"": 0.49021363356285685, ""acc_new_on_warning"": 0.49314910814738666, ""winner_initial"": ""reused_copy"", ""acc_on_buffer"": {""0"": 0.49021363356285685}, ""similarity_metric"": ""residual_pearson"", ""merge_pairs"": [[0, 3]], ""slot_eras"": {""0"": 0, ""1"": 1, ""2""",joe-sudden,False,,65,0.4902136335628568,0.4931491081473866,0.4902136335628568,0.9586102799645727,-0.03605117313945322,-0.06403577606688615,-0.019781812810743427,-0.148483630303343,fall,fall
16807,18631,1824,orphan,,4203.0,,0.4858,0.486,0.0002,flat,1.7021,1.6649,-0.0218,,,0,sudden/high/recurring_sudden_friedman_100k_g00.csv,htr/error,"{""buffer_len"": 1825, ""merged"": [], ""collection_size"": 2, ""current_idx"": 1, ""best_idx"": 0, ""acc_current_on_warning"": 0.5119848388122201, ""acc_best_on_warning"": 0.5119848388122201, ""acc_new_on_warning"": 0.4748063304185094, ""winner_initial"": ""reused_copy"", ""acc_on_buffer"": {""0"": 0.5119848388122201}, ""similarity_metric"": ""residual_pearson"", ""merge_pairs"": [], ""slot_eras"": {""0"": 0, ""1"": 1}, ""score_sema",joe-sudden,False,,1825,0.5119848388122201,0.4748063304185094,0.5119848388122201,0.9072371258465172,0.003338225989713506,0.00039832859303867707,0.002581684357661873,0.004418917906372499,flat,flat
21351,21383,32,hit,341.0,12820.0,4544.0,0.5521,0.5636,0.0115,flat,2.3072,2.4285,0.0526,,2711.0,0,sudden/high/recurring_sudden_friedman_100k_g00.csv,htr/error,"{""buffer_len"": 33, ""merged"": [1], ""collection_size"": 2, ""current_idx"": 2, ""best_idx"": 0, ""acc_current_on_warning"": 0.3273897337030519, ""acc_best_on_warning"": 0.3273897337030519, ""acc_new_on_warning"": 0.2590476169507676, ""winner_initial"": ""reused_copy"", ""acc_on_buffer"": {""0"": 0.3273897337030519}, ""similarity_metric"": ""residual_pearson"", ""merge_pairs"": [[0, 1]], ""slot_eras"": {""0"": 0, ""1"": 1, ""2"": 2}",joe-sudden,False,,33,0.3273897337030519,0.2590476169507676,0.3273897337030519,0.9599234370684047,0.07277171918581082,0.06255085354520284,0.014012787527358184,0.40148020597470646,rise,rise
26247,26375,128,orphan,5237.0,7924.0,4896.0,0.5297,0.5622,0.0325,rise,2.2139,2.5198,0.1382,,7607.0,0,sudden/high/recurring_sudden_friedman_100k_g00.csv,htr/error,"{""buffer_len"": 129, ""merged"": [2], ""collection_size"": 2, ""current_idx"": 3, ""best_idx"": 0, ""acc_current_on_warning"": 0.4030264114306905, ""acc_best_on_warning"": 0.4030264114306905, ""acc_new_on_warning"": 0.3234176056514598, ""winner_initial"": ""reused_copy"", ""acc_on_buffer"": {""0"": 0.4030264114306905}, ""similarity_metric"": ""residual_pearson"", ""merge_pairs"": [[0, 2]], ""slot_eras"": {""0"": 0, ""1"": 1, ""2"": 2",joe-sudden,False,,129,0.4030264114306905,0.3234176056514598,0.4030264114306905,1.1704713588448334,-0.005436217254312092,0.16695455999162068,0.02204329138873795,-0.031012903513559675,flat,flat
30471,30631,160,orphan,9461.0,3700.0,4224.0,0.5243,0.5622,0.0379,rise,2.261,2.622,0.1597,,11831.0,0,sudden/high/recurring_sudden_friedman_100k_g00.csv,htr/error,"{""buffer_len"": 161, ""merged"": [3], ""collection_size"": 2, ""current_idx"": 4, ""best_idx"": 0, ""acc_current_on_warning"": 0.4401521719477438, ""acc_best_on_warning"": 0.4401521719477438, ""acc_new_on_warning"": 0.35027319438213833, ""winner_initial"": ""reused_copy"", ""acc_on_buffer"": {""0"": 0.4401521719477438}, ""similarity_metric"": ""residual_pearson"", ""merge_pairs"": [[0, 3]], ""slot_eras"": {""0"": 0, ""1"": 1, ""2"": ",joe-sudden,False,,161,0.4401521719477438,0.3502731943821383,0.4401521719477438,1.2613525485883081,-0.014590769356180755,-0.007470698034837908,-0.010590626788258839,-0.058195797948893735,fall,flat
33703,34375,672,orphan,12693.0,468.0,3232.0,0.5201,0.5484,0.0283,rise,2.2676,2.5762,0.1361,,3068.0,0,sudden/high/recurring_sudden_friedman_100k_g00.csv,htr/error,"{""buffer_len"": 673, ""merged"": [4], ""collection_size"": 2, ""current_idx"": 5, ""best_idx"": 0, ""acc_current_on_warning"": 0.3960344459123557, ""acc_best_on_warning"": 0.3960344459123557, ""acc_new_on_warning"": 0.3780467103885411, ""winner_initial"": ""reused_copy"", ""acc_on_buffer"": {""0"": 0.3960344459123557}, ""similarity_metric"": ""residual_pearson"", ""merge_pairs"": [[0, 4]], ""slot_eras"": {""0"": 0, ""1"": 1, ""2"": 2",joe-sudden,False,pre_drift,673,0.3960344459123557,0.3780467103885411,0.3960344459123557,0.7523579883718574,0.05436278143962903,0.058179294878266674,0.0030311325923544352,0.29612547877274764,rise,rise
34983,35143,160,hit,812.0,35143.0,1280.0,0.5212,0.5339,0.0127,flat,2.2777,2.404,0.0554,,10.0,1,sudden/high/recurring_sudden_friedman_100k_g00.csv,htr/error,"{""buffer_len"": 161, ""merged"": [5], ""collection_size"": 2, ""current_idx"": 6, ""best_idx"": 0, ""acc_current_on_warning"": 0.39715926885826347, ""acc_best_on_warning"": 0.39715926885826347, ""acc_new_on_warning"": 0.39412315668404174, ""winner_initial"": ""reused_copy"", ""acc_on_buffer"": {""0"": 0.39715926885826347}, ""similarity_metric"": ""residual_pearson"", ""merge_pairs"": [[0, 5]], ""slot_eras"": {""0"": 0, ""1"": 1, ""2",joe-sudden,False,,161,0.3971592688582634,0.3941231566840417,0.3971592688582634,1.4414636331273305,-0.051851861007880085,0.024843143930464162,-0.0036750271374534904,-0.22488109287550984,fall,fall
35719,35911,192,echo,1548.0,34407.0,736.0,0.5164,0.4604,-0.056,fall,2.2115,1.6327,-0.2617,,574.0,1,sudden/high/recurring_sudden_friedman_100k_g00.csv,htr/error,"{""buffer_len"": 193, ""merged"": [], ""collection_size"": 3, ""current_idx"": 7, ""best_idx"": 6, ""acc_current_on_warning"": 0.5245966747436607, ""acc_best_on_warning"": 0.5245966747436607, ""acc_new_on_warning"": 0.4044377973462614, ""winner_initial"": ""reused_copy"", ""acc_on_buffer"": {""0"": 0.37828348115737487, ""6"": 0.5245966747436607}, ""similarity_metric"": ""residual_pearson"", ""merge_pairs"": [], ""slot_eras"": {""0""",joe-sudden,False,,193,0.5245966747436607,0.4044377973462614,0.5245966747436607,0.9751628497570151,-0.062438977563103015,0.0027768323813044393,-0.007108018922291737,-0.2685779607043436,fall,fall
42055,42343,288,orphan,7884.0,28071.0,6336.0,0.4269,0.425,-0.0019,flat,1.2277,1.1988,-0.0235,,6910.0,0,sudden/high/recurring_sudden_friedman_100k_g00.csv,htr/error,"{""buffer_len"": 289, ""merged"": [6], ""collection_size"": 3, ""current_idx"": 8, ""best_idx"": 7, ""acc_current_on_warning"": 0.5691914479025753, ""acc_best_on_warning"": 0.5691914479025753, ""acc_new_on_warning"": 0.42045840785272803, ""winner_initial"": ""reused_copy"", ""acc_on_buffer"": {""0"": 0.40599167395640867, ""7"": 0.5691914479025753}, ""similarity_metric"": ""residual_pearson"", ""merge_pairs"": [[7, 6]], ""slot_era",joe-sudden,False,,289,0.5691914479025753,0.420458407852728,0.5691914479025753,0.9826373682855383,-0.008513104690815454,-0.2810888041689189,-0.04468703507471361,-0.07207692258180798,fall,flat
58375,58727,352,orphan,24204.0,11751.0,16320.0,0.4416,0.4404,-0.0011,flat,1.2074,1.1907,-0.0138,,23230.0,0,sudden/high/recurring_sudden_friedman_100k_g00.csv,htr/error,"{""buffer_len"": 353, ""merged"": [7], ""collection_size"": 3, ""current_idx"": 9, ""best_idx"": 8, ""acc_current_on_warning"": 0.5651355582642194, ""acc_best_on_warning"": 0.5651355582642194, ""acc_new_on_warning"": 0.410520024519882, ""winner_initial"": ""reused_copy"", ""acc_on_buffer"": {""0"": 0.3503483033742153, ""8"": 0.5651355582642194}, ""similarity_metric"": ""residual_pearson"", ""merge_pairs"": [[8, 7]], ""slot_eras"":",joe-sudden,False,,353,0.5651355582642194,0.410520024519882,0.5651355582642194,1.0194257569782268,-0.002495190941954606,0.007433185691368305,0.004926236533631112,-0.02484778878698357,flat,flat
70247,70247,0,hit,121.0,,11872.0,0.5108,0.6399,0.1291,rise,1.8776,3.0589,0.6291,,35102.0,0,sudden/high/recurring_sudden_friedman_100k_g00.csv,htr/error,"{""buffer_len"": 1, ""merged"": [], ""collection_size"": 4, ""current_idx"": 10, ""best_idx"": 0, ""acc_current_on_warning"": 0.15701494512805336, ""acc_best_on_warning"": 0.6320724879149758, ""acc_new_on_warning"": 0.0, ""winner_initial"": ""reused_copy"", ""acc_on_buffer"": {""0"": 0.6320724879149758, ""8"": 0.05188582224883709, ""9"": 0.15701494512805336}, ""similarity_metric"": ""residual_pearson"", ""merge_pairs"": [], ""slot_",joe-sudden,False,,1,0.6320724879149758,0.0,0.1570149451280533,1.2324903324698497,0.06692126575843349,0.1153203830729197,0.015521294140869613,0.6193547447438796,rise,rise
70823,71143,320,echo_inwin,697.0,,576.0,0.6209,0.5704,-0.0505,fall,2.8366,2.3598,-0.1681,,35678.0,0,sudden/high/recurring_sudden_friedman_100k_g00.csv,htr/error,"{""buffer_len"": 321, ""merged"": [0, 9], ""collection_size"": 3, ""current_idx"": 11, ""best_idx"": 10, ""acc_current_on_warning"": 0.4078104095588686, ""acc_best_on_warning"": 0.4078104095588686, ""acc_new_on_warning"": 0.35960735574015124, ""winner_initial"": ""reused_copy"", ""acc_on_buffer"": {""8"": 0.2478660147145495, ""10"": 0.4078104095588686}, ""similarity_metric"": ""residual_pearson"", ""merge_pairs"": [[9, 0], [8, 9",joe-sudden,False,,321,0.4078104095588686,0.3596073557401512,0.4078104095588686,1.0012335177098148,0.06839771911155701,0.5454198055209827,0.06715761981588592,0.2937153860727755,rise,rise
78663,79079,416,orphan,8537.0,,7840.0,0.5406,0.5628,0.0222,rise,2.1213,2.3669,0.1158,,43518.0,0,sudden/high/recurring_sudden_friedman_100k_g00.csv,htr/error,"{""buffer_len"": 417, ""merged"": [10], ""collection_size"": 3, ""current_idx"": 12, ""best_idx"": 11, ""acc_current_on_warning"": 0.46245709605678065, ""acc_best_on_warning"": 0.46245709605678065, ""acc_new_on_warning"": 0.3613431852296596, ""winner_initial"": ""reused_copy"", ""acc_on_buffer"": {""8"": 0.2541688169016574, ""11"": 0.46245709605678065}, ""similarity_metric"": ""residual_pearson"", ""merge_pairs"": [[8, 10]], ""sl",joe-sudden,False,,417,0.4624570960567806,0.3613431852296596,0.4624570960567806,1.1066698310811638,-0.015538201739336843,-0.08798114251827072,-0.02683507146671782,-0.051672963972822394,fall,flat
82471,84903,2432,orphan,12345.0,,3808.0,0.5382,0.5437,0.0055,flat,2.1524,2.2099,0.0267,,3388.0,0,sudden/high/recurring_sudden_friedman_100k_g00.csv,htr/error,"{""buffer_len"": 2433, ""merged"": [11], ""collection_size"": 3, ""current_idx"": 13, ""best_idx"": 12, ""acc_current_on_warning"": 0.4572296240520456, ""acc_best_on_warning"": 0.4572296240520456, ""acc_new_on_warning"": 0.4370224225878956, ""winner_initial"": ""reused_copy"", ""acc_on_buffer"": {""8"": 0.27043530615983424, ""12"": 0.4572296240520456}, ""similarity_metric"": ""residual_pearson"", ""merge_pairs"": [[12, 11]], ""sl",joe-sudden,False,,2433,0.4572296240520456,0.4370224225878956,0.4572296240520456,1.108287141091244,-0.013937274935457156,-0.028894641246757446,-0.010165394733407718,-0.05612510421942907,fall,flat
21799,21895,96,hit,789.0,12372.0,,0.5761,0.567,-0.009,flat,3.9686,3.8986,-0.0176,,,0,sudden/high/recurring_sudden_friedman_100k_g00.csv,hfr/error,"{""buffer_len"": 97, ""merged"": [], ""collection_size"": 2, ""current_idx"": 1, ""best_idx"": 0, ""acc_current_on_warning"": 0.43134461050214445, ""acc_best_on_warning"": 0.43134461050214445, ""acc_new_on_warning"": 0.436894610444022, ""winner_initial"": ""reused_copy"", ""acc_on_buffer"": {""0"": 0.43134461050214445}, ""similarity_metric"": ""residual_pearson"", ""merge_pairs"": [], ""slot_eras"": {""0"": 0, ""1"": 1}, ""score_sema",joe-sudden,False,,97,0.4313446105021444,0.436894610444022,0.4313446105021444,1.019055799619589,0.05897823787531686,0.08478216387151205,0.018154587985704296,0.2582759967612005,rise,rise
28999,30087,1088,orphan,7989.0,5172.0,7200.0,0.5314,0.5269,-0.0044,flat,3.5809,3.5609,-0.0056,,6027.0,0,sudden/high/recurring_sudden_friedman_100k_g00.csv,hfr/error,"{""buffer_len"": 1089, ""merged"": [1], ""collection_size"": 2, ""current_idx"": 2, ""best_idx"": 0, ""acc_current_on_warning"": 0.4597964332571488, ""acc_best_on_warning"": 0.4597964332571488, ""acc_new_on_warning"": 0.4769884459710948, ""winner_initial"": ""reused_copy"", ""acc_on_buffer"": {""0"": 0.4597964332571488}, ""similarity_metric"": ""residual_pearson"", ""merge_pairs"": [[0, 1]], ""slot_eras"": {""0"": 0, ""1"": 1, ""2"": ",joe-sudden,False,,1089,0.4597964332571488,0.4769884459710948,0.4597964332571488,0.9708295800106018,0.009335959231784319,-0.03328424613351455,-0.017854894347138384,0.03875538440955184,flat,flat
35719,35719,0,orphan,1548.0,34407.0,6720.0,0.4862,0.4982,0.012,flat,3.0438,3.2141,0.0559,,813.0,0,sudden/high/recurring_sudden_friedman_100k_g00.csv,hfr/error,"{""buffer_len"": 1, ""merged"": [], ""collection_size"": 3, ""current_idx"": 3, ""best_idx"": 0, ""acc_current_on_warning"": 0.47161989055916187, ""acc_best_on_warning"": 0.6244633640525923, ""acc_new_on_warning"": 0.7280427226268471, ""winner_initial"": ""reused_copy"", ""acc_on_buffer"": {""0"": 0.6244633640525923, ""2"": 0.47161989055916187}, ""similarity_metric"": ""residual_pearson"", ""merge_pairs"": [], ""slot_eras"": {""0"":",joe-sudden,False,late,1,0.6244633640525923,0.7280427226268471,0.4716198905591618,1.1831742215323116,-0.038565488758224464,-0.03575093954520203,-0.01509481045206762,-0.15384482205977135,fall,fall
70375,70407,32,hit,249.0,,34656.0,0.5597,0.5764,0.0166,flat,3.8552,4.1326,0.072,,34625.0,0,sudden/high/recurring_sudden_friedman_100k_g00.csv,hfr/error,"{""buffer_len"": 33, ""merged"": [2, 0], ""collection_size"": 2, ""current_idx"": 4, ""best_idx"": 3, ""acc_current_on_warning"": 0.3412982266115677, ""acc_best_on_warning"": 0.3412982266115677, ""acc_new_on_warning"": 0.34493527526385204, ""winner_initial"": ""reused_copy"", ""acc_on_buffer"": {""3"": 0.3412982266115677}, ""similarity_metric"": ""residual_pearson"", ""merge_pairs"": [[0, 2], [3, 0]], ""slot_eras"": {""0"": 0, ""1""",joe-sudden,False,,33,0.3412982266115677,0.344935275263852,0.3412982266115677,0.8756118585459982,0.08461627858873272,0.07852079160390724,0.0173227653793247,0.40555136427671346,rise,rise
80103,84743,4640,orphan,9977.0,,9728.0,0.5416,0.55,0.0084,flat,3.7436,3.9155,0.0459,,9694.0,0,sudden/high/recurring_sudden_friedman_100k_g00.csv,hfr/error,"{""buffer_len"": 4641, ""merged"": [4], ""collection_size"": 2, ""current_idx"": 5, ""best_idx"": 3, ""acc_current_on_warning"": 0.41736029483880466, ""acc_best_on_warning"": 0.41736029483880466, ""acc_new_on_warning"": 0.46132383749921557, ""winner_initial"": ""reused_copy"", ""acc_on_buffer"": {""3"": 0.41736029483880466}, ""similarity_metric"": ""residual_pearson"", ""merge_pairs"": [[3, 4]], ""slot_eras"": {""0"": 0, ""1"": 1, """,joe-sudden,False,,4641,0.4173602948388046,0.4613238374992155,0.4173602948388046,1.1693732145021059,-0.009917572066532432,0.0004787378404682574,-0.0029402363661298336,-0.03286511413727988,flat,flat
15559,15591,32,hit,7.0,23582.0,,0.4887,0.6837,0.195,rise,1.7752,4.2158,1.3748,,,0,sudden/high/recurring_sudden_friedman_100k_g01.csv,htr/error,"{""buffer_len"": 33, ""merged"": [], ""collection_size"": 2, ""current_idx"": 1, ""best_idx"": 0, ""acc_current_on_warning"": 0.2380022921802306, ""acc_best_on_warning"": 0.2380022921802306, ""acc_new_on_warning"": 0.11090809291868775, ""winner_initial"": ""reused_copy"", ""acc_on_buffer"": {""0"": 0.2380022921802306}, ""similarity_metric"": ""residual_pearson"", ""merge_pairs"": [], ""slot_eras"": {""0"": 0, ""1"": 1}, ""score_seman",joe-sudden,False,,33,0.2380022921802306,0.1109080929186877,0.2380022921802306,1.8980620265607904,0.020598958040427218,0.03746976093534515,0.010378266882031528,0.17601315872610268,rise,rise
15975,16039,64,echo_inwin,423.0,23166.0,416.0,0.6527,0.6594,0.0067,flat,3.9011,3.9609,0.0153,,305.0,1,sudden/high/recurring_sudden_friedman_100k_g01.csv,htr/error,"{""buffer_len"": 65, ""merged"": [1], ""collection_size"": 2, ""current_idx"": 2, ""best_idx"": 0, ""acc_current_on_warning"": 0.22026592608746554, ""acc_best_on_warning"": 0.22026592608746554, ""acc_new_on_warning"": 0.20040540151628983, ""winner_initial"": ""reused_copy"", ""acc_on_buffer"": {""0"": 0.22026592608746554}, ""similarity_metric"": ""residual_pearson"", ""merge_pairs"": [[0, 1]], ""slot_eras"": {""0"": 0, ""1"": 1, ""2""",joe-sudden,False,,65,0.2202659260874655,0.2004054015162898,0.2202659260874655,1.6246369907385514,0.18331257523804273,0.2554395422859026,0.04038941483631281,1.3493005889399625,rise,rise
16487,16487,0,echo_inwin,935.0,22654.0,512.0,0.6666,0.5887,-0.0778,fall,4.0125,3.0518,-0.2394,,387.0,1,sudden/high/recurring_sudden_friedman_100k_g01.csv,htr/error,"{""buffer_len"": 1, ""merged"": [], ""collection_size"": 3, ""current_idx"": 3, ""best_idx"": 2, ""acc_current_on_warning"": 0.568875883132768, ""acc_best_on_warning"": 0.568875883132768, ""acc_new_on_warning"": 0.0, ""winner_initial"": ""reused_copy"", ""acc_on_buffer"": {""0"": 0.0, ""2"": 0.568875883132768}, ""similarity_metric"": ""residual_pearson"", ""merge_pairs"": [], ""slot_eras"": {""0"": 0, ""1"": 1, ""2"": 2, ""3"": 3}, ""score",joe-sudden,False,,1,0.568875883132768,0.0,0.568875883132768,0.9541977510573295,0.11798003240417787,0.4547820238610467,0.06618108197703132,0.5934150005113323,rise,rise
20039,20295,256,orphan,4487.0,19102.0,3552.0,0.5323,0.6104,0.0781,rise,2.5518,3.6129,0.4158,,3939.0,0,sudden/high/recurring_sudden_friedman_100k_g01.csv,htr/error,"{""buffer_len"": 257, ""merged"": [2, 3], ""collection_size"": 2, ""current_idx"": 4, ""best_idx"": 0, ""acc_current_on_warning"": 0.2229001693522339, ""acc_best_on_warning"": 0.2229001693522339, ""acc_new_on_warning"": 0.3377710239596814, ""winner_initial"": ""reused_copy"", ""acc_on_buffer"": {""0"": 0.2229001693522339}, ""similarity_metric"": ""residual_pearson"", ""merge_pairs"": [[0, 2], [0, 3]], ""slot_eras"": {""0"": 0, ""1""",joe-sudden,False,,257,0.2229001693522339,0.3377710239596814,0.2229001693522339,1.7296261704330969,-0.025882166230122072,0.20211732330238807,0.02376651169532229,-0.11263937419577241,fall,fall
20839,20903,64,orphan,5287.0,18302.0,800.0,0.5992,0.6249,0.0257,rise,3.4712,3.9227,0.1301,,543.0,1,sudden/high/recurring_sudden_friedman_100k_g01.csv,htr/error,"{""buffer_len"": 65, ""merged"": [4], ""collection_size"": 2, ""current_idx"": 5, ""best_idx"": 0, ""acc_current_on_warning"": 0.29557212311588654, ""acc_best_on_warning"": 0.29557212311588654, ""acc_new_on_warning"": 0.2516696484351346, ""winner_initial"": ""reused_copy"", ""acc_on_buffer"": {""0"": 0.29557212311588654}, ""similarity_metric"": ""residual_pearson"", ""merge_pairs"": [[0, 4]], ""slot_eras"": {""0"": 0, ""1"": 1, ""2"":",joe-sudden,False,,65,0.2955721231158865,0.2516696484351346,0.2955721231158865,1.530114761656258,0.03968043172622393,0.2068385878011647,0.024255576172534155,0.19453909813704406,rise,rise
21671,21799,128,orphan,6119.0,17470.0,832.0,0.5902,0.6449,0.0547,rise,3.3819,4.1954,0.2405,,765.0,0,sudden/high/recurring_sudden_friedman_100k_g01.csv,htr/error,"{""buffer_len"": 129, ""merged"": [5], ""collection_size"": 2, ""current_idx"": 6, ""best_idx"": 0, ""acc_current_on_warning"": 0.2402875819576794, ""acc_best_on_warning"": 0.2402875819576794, ""acc_new_on_warning"": 0.2725613597821148, ""winner_initial"": ""reused_copy"", ""acc_on_buffer"": {""0"": 0.2402875819576794}, ""similarity_metric"": ""residual_pearson"", ""merge_pairs"": [[0, 5]], ""slot_eras"": {""0"": 0, ""1"": 1, ""2"": 2",joe-sudden,False,,129,0.2402875819576794,0.2725613597821148,0.2402875819576794,1.67268546463252,-0.0042802406599086185,0.22274157124575833,0.0257281906666621,-0.015090527069362092,flat,flat
22311,22311,0,orphan,6759.0,16830.0,640.0,0.6429,0.618,-0.0249,fall,4.1671,4.0381,-0.031,fake_fall,317.0,1,sudden/high/recurring_sudden_friedman_100k_g01.csv,htr/error,"{""buffer_len"": 1, ""merged"": [], ""collection_size"": 3, ""current_idx"": 7, ""best_idx"": 0, ""acc_current_on_warning"": 0.0, ""acc_best_on_warning"": 0.46548854658712, ""acc_new_on_warning"": 0.0, ""winner_initial"": ""reused_copy"", ""acc_on_buffer"": {""0"": 0.46548854658712, ""6"": 0.0}, ""similarity_metric"": ""residual_pearson"", ""merge_pairs"": [], ""slot_eras"": {""0"": 0, ""1"": 1, ""2"": 2, ""3"": 3, ""4"": 4, ""5"": 5, ""6"": 6,",joe-sudden,False,,1,0.46548854658712,0.0,0.0,1.3761524068982016,0.04091281628490817,0.2671391172707329,0.03465431765238969,0.17292665227422055,rise,rise
22855,22919,64,orphan,7303.0,16286.0,544.0,0.6007,0.6303,0.0296,rise,3.7606,4.2696,0.1354,,861.0,0,sudden/high/recurring_sudden_friedman_100k_g01.csv,htr/error,"{""buffer_len"": 65, ""merged"": [6, 7], ""collection_size"": 2, ""current_idx"": 8, ""best_idx"": 0, ""acc_current_on_warning"": 0.250180928522873, ""acc_best_on_warning"": 0.250180928522873, ""acc_new_on_warning"": 0.25582643696145735, ""winner_initial"": ""reused_copy"", ""acc_on_buffer"": {""0"": 0.250180928522873}, ""similarity_metric"": ""residual_pearson"", ""merge_pairs"": [[0, 6], [0, 7]], ""slot_eras"": {""0"": 0, ""1"": 1",joe-sudden,False,,65,0.250180928522873,0.2558264369614573,0.250180928522873,1.9045895990610846,-0.03651405657443563,0.3066642480942139,0.04105982243495199,-0.0950713994969572,fall,fall
23367,23367,0,orphan,7815.0,15774.0,512.0,0.6302,0.5515,-0.0787,fall,4.2592,3.0904,-0.2744,,314.0,1,sudden/high/recurring_sudden_friedman_100k_g01.csv,htr/error,"{""buffer_len"": 1, ""merged"": [], ""collection_size"": 3, ""current_idx"": 9, ""best_idx"": 8, ""acc_current_on_warning"": 0.011279336917695004, ""acc_best_on_warning"": 0.011279336917695004, ""acc_new_on_warning"": 0.0, ""winner_initial"": ""reused_copy"", ""acc_on_buffer"": {""0"": 0.0, ""8"": 0.011279336917695004}, ""similarity_metric"": ""residual_pearson"", ""merge_pairs"": [], ""slot_eras"": {""0"": 0, ""1"": 1, ""2"": 2, ""3"": 3",joe-sudden,False,,1,0.011279336917695,0.0,0.011279336917695,0.8226432613248787,0.020441637933107715,0.35365604246325577,0.04909429455772407,0.1289447277091471,rise,rise
26951,26951,0,orphan,11399.0,12190.0,3584.0,0.5111,0.5597,0.0486,rise,2.6037,3.3545,0.2883,,3898.0,0,sudden/high/recurring_sudden_friedman_100k_g01.csv,htr/error,"{""buffer_len"": 1, ""merged"": [], ""collection_size"": 4, ""current_idx"": 10, ""best_idx"": 8, ""acc_current_on_warning"": 0.4206023786888362, ""acc_best_on_warning"": 0.4911879460696489, ""acc_new_on_warning"": 0.0, ""winner_initial"": ""reused_copy"", ""acc_on_buffer"": {""0"": 0.0, ""8"": 0.4911879460696489, ""9"": 0.4206023786888362}, ""similarity_metric"": ""residual_pearson"", ""merge_pairs"": [], ""slot_eras"": {""0"": 0, ""1",joe-sudden,False,,1,0.4911879460696489,0.0,0.4206023786888362,1.5217400159193344,-0.006543398976541881,-0.18139694208647839,-0.06248706553784744,-0.02954376589204477,flat,flat
28743,28839,96,orphan,13191.0,10398.0,1792.0,0.5185,0.5047,-0.0138,flat,2.7307,2.5621,-0.0617,masked_fall,5690.0,0,sudden/high/recurring_sudden_friedman_100k_g01.csv,htr/error,"{""buffer_len"": 97, ""merged"": [8, 10], ""collection_size"": 3, ""current_idx"": 11, ""best_idx"": 9, ""acc_current_on_warning"": 0.2732234174817041, ""acc_best_on_warning"": 0.4891450164708899, ""acc_new_on_warning"": 0.2916312731179902, ""winner_initial"": ""reused_copy"", ""acc_on_buffer"": {""0"": 0.2732234174817041, ""9"": 0.4891450164708899}, ""similarity_metric"": ""residual_pearson"", ""merge_pairs"": [[0, 8], [0, 10]]",joe-sudden,False,,97,0.4891450164708899,0.2916312731179902,0.2732234174817041,0.8647615890504051,-0.013732428880350644,-0.15270203705543184,-0.0478861647174047,-0.07310720205944876,fall,flat
37703,39303,1600,orphan,22151.0,1438.0,8960.0,0.4855,0.5168,0.0313,rise,2.2881,2.7053,0.1823,,14650.0,0,sudden/high/recurring_sudden_friedman_100k_g01.csv,htr/error,"{""buffer_len"": 1601, ""merged"": [9, 11], ""collection_size"": 2, ""current_idx"": 12, ""best_idx"": 0, ""acc_current_on_warning"": 0.2925334790946367, ""acc_best_on_warning"": 0.2925334790946367, ""acc_new_on_warning"": 0.30588889118695683, ""winner_initial"": ""reused_copy"", ""acc_on_buffer"": {""0"": 0.2925334790946367}, ""similarity_metric"": ""residual_pearson"", ""merge_pairs"": [[0, 9], [0, 11]], ""slot_eras"": {""0"": 0",joe-sudden,False,stale_warning,1601,0.2925334790946367,0.3058888911869568,0.2925334790946367,0.4925172938503453,0.08985044754427646,0.08846792946331639,0.012061262920948501,0.6156047015717174,rise,rise
40551,42247,1696,orphan,1410.0,27518.0,2848.0,0.4795,0.4927,0.0133,flat,2.1985,2.3688,0.0775,,1165.0,0,sudden/high/recurring_sudden_friedman_100k_g01.csv,htr/error,"{""buffer_len"": 1697, ""merged"": [12], ""collection_size"": 2, ""current_idx"": 13, ""best_idx"": 0, ""acc_current_on_warning"": 0.4620647417650907, ""acc_best_on_warning"": 0.4620647417650907, ""acc_new_on_warning"": 0.508847206107613, ""winner_initial"": ""reused_copy"", ""acc_on_buffer"": {""0"": 0.4620647417650907}, ""similarity_metric"": ""residual_pearson"", ""merge_pairs"": [[0, 12]], ""slot_eras"": {""0"": 0, ""1"": 1, ""2""",joe-sudden,False,late,1697,0.4620647417650907,0.508847206107613,0.4620647417650907,1.157641465598159,-0.01449191663721594,-0.04748244978523708,-0.0069268772051049865,-0.08874437172860139,fall,flat
49415,49415,0,orphan,10274.0,18654.0,8864.0,0.4752,0.4687,-0.0065,flat,2.1056,2.0212,-0.0401,,7109.0,0,sudden/high/recurring_sudden_friedman_100k_g01.csv,htr/error,"{""buffer_len"": 1, ""merged"": [], ""collection_size"": 3, ""current_idx"": 14, ""best_idx"": 13, ""acc_current_on_warning"": 0.6629237278139679, ""acc_best_on_warning"": 0.6629237278139679, ""acc_new_on_warning"": 0.0, ""winner_initial"": ""reused_copy"", ""acc_on_buffer"": {""0"": 0.5406233700512981, ""13"": 0.6629237278139679}, ""similarity_metric"": ""residual_pearson"", ""merge_pairs"": [], ""slot_eras"": {""0"": 0, ""1"": 1, ""2",joe-sudden,False,,1,0.6629237278139679,0.0,0.6629237278139679,0.9725812662851858,0.0033139019929780966,-0.06741114889994926,-0.00989173329970816,0.01669141143458175,flat,flat
65575,67655,2080,orphan,26434.0,2494.0,16160.0,0.446,0.5057,0.0597,rise,1.6332,2.4401,0.4941,,23269.0,0,sudden/high/recurring_sudden_friedman_100k_g01.csv,htr/error,"{""buffer_len"": 2081, ""merged"": [13], ""collection_size"": 3, ""current_idx"": 15, ""best_idx"": 14, ""acc_current_on_warning"": 0.5474456199272579, ""acc_best_on_warning"": 0.5474456199272579, ""acc_new_on_warning"": 0.49651081566523847, ""winner_initial"": ""reused_copy"", ""acc_on_buffer"": {""0"": 0.44409477225642946, ""14"": 0.5474456199272579}, ""similarity_metric"": ""residual_pearson"", ""merge_pairs"": [[0, 13]], ""sl",joe-sudden,False,,2081,0.5474456199272579,0.4965108156652384,0.5474456199272579,1.150859577804051,-0.0035724041861410205,-0.06237847406270869,-0.006671222015698752,-0.028763883368041476,flat,flat
68103,68135,32,hit,34.0,,2528.0,0.4783,0.5873,0.109,rise,2.0835,3.423,0.6429,,441.0,1,sudden/high/recurring_sudden_friedman_100k_g01.csv,htr/error,"{""buffer_len"": 33, ""merged"": [15], ""collection_size"": 3, ""current_idx"": 16, ""best_idx"": 0, ""acc_current_on_warning"": 0.2955793237019485, ""acc_best_on_warning"": 0.2955793237019485, ""acc_new_on_warning"": 0.15206619532287347, ""winner_initial"": ""reused_copy"", ""acc_on_buffer"": {""0"": 0.2955793237019485, ""14"": 0.279063152960784}, ""similarity_metric"": ""residual_pearson"", ""merge_pairs"": [[0, 15]], ""slot_er",joe-sudden,False,,33,0.2955793237019485,0.1520661953228734,0.2955793237019485,1.0982612241070677,0.04304179232856348,0.0049235770441034,0.0019305010278966583,0.3615562170585511,rise,rise
69383,69927,544,echo,1314.0,,1280.0,0.543,0.5449,0.0019,flat,2.9182,2.9173,-0.0003,,1721.0,0,sudden/high/recurring_sudden_friedman_100k_g01.csv,htr/error,"{""buffer_len"": 545, ""merged"": [16], ""collection_size"": 3, ""current_idx"": 17, ""best_idx"": 0, ""acc_current_on_warning"": 0.33363167425070683, ""acc_best_on_warning"": 0.33363167425070683, ""acc_new_on_warning"": 0.4543807455845398, ""winner_initial"": ""reused_copy"", ""acc_on_buffer"": {""0"": 0.33363167425070683, ""14"": 0.29962349457546655}, ""similarity_metric"": ""residual_pearson"", ""merge_pairs"": [[0, 16]], ""sl",joe-sudden,False,,545,0.3336316742507068,0.4543807455845398,0.3336316742507068,1.1021782200230683,-0.018700302539156444,0.48957013835838015,0.06710067733369263,-0.09606251296811052,fall,flat
73511,73511,0,orphan,5442.0,,4128.0,0.509,0.6513,0.1423,rise,2.4617,4.3912,0.7839,,3572.0,0,sudden/high/recurring_sudden_friedman_100k_g01.csv,htr/error,"{""buffer_len"": 1, ""merged"": [], ""collection_size"": 4, ""current_idx"": 18, ""best_idx"": 14, ""acc_current_on_warning"": 0.20633446321581406, ""acc_best_on_warning"": 0.49948101162538194, ""acc_new_on_warning"": 0.0, ""winner_initial"": ""reused_copy"", ""acc_on_buffer"": {""0"": 0.4722414558829302, ""14"": 0.49948101162538194, ""17"": 0.20633446321581406}, ""similarity_metric"": ""residual_pearson"", ""merge_pairs"": [], ""s",joe-sudden,False,,1,0.4994810116253819,0.0,0.206334463215814,1.8821340275070875,0.0007833664899258297,0.12252955948891198,0.017255235782776435,-0.00919376019659568,flat,flat
74407,74439,32,orphan,6338.0,,896.0,0.5993,0.4852,-0.1142,fall,3.6878,2.183,-0.4081,,99.0,1,sudden/high/recurring_sudden_friedman_100k_g01.csv,htr/error,"{""buffer_len"": 33, ""merged"": [18], ""collection_size"": 4, ""current_idx"": 19, ""best_idx"": 17, ""acc_current_on_warning"": 0.3337206875566411, ""acc_best_on_warning"": 0.4807747295984789, ""acc_new_on_warning"": 0.2272466531908065, ""winner_initial"": ""reused_copy"", ""acc_on_buffer"": {""0"": 0.3337206875566411, ""14"": 0.27104437843187257, ""17"": 0.4807747295984789}, ""similarity_metric"": ""residual_pearson"", ""merge",joe-sudden,False,,33,0.4807747295984789,0.2272466531908065,0.3337206875566411,0.6675560408734553,0.053103331554515854,0.23221943544826362,0.03940457431152944,0.23298104422405963,rise,rise
79047,79527,480,orphan,10978.0,,4640.0,0.4729,0.4657,-0.0072,flat,1.9945,1.9176,-0.0386,,4739.0,0,sudden/high/recurring_sudden_friedman_100k_g01.csv,htr/error,"{""buffer_len"": 481, ""merged"": [0, 17], ""collection_size"": 3, ""current_idx"": 20, ""best_idx"": 19, ""acc_current_on_warning"": 0.5328021679994289, ""acc_best_on_warning"": 0.5328021679994289, ""acc_new_on_warning"": 0.39974422402345455, ""winner_initial"": ""reused_copy"", ""acc_on_buffer"": {""14"": 0.2970915904752234, ""19"": 0.5328021679994289}, ""similarity_metric"": ""residual_pearson"", ""merge_pairs"": [[14, 0], [1",joe-sudden,False,,481,0.5328021679994289,0.3997442240234545,0.5328021679994289,1.0584543281486622,0.0012053610598246611,-0.27238258968660456,-0.052751176999180804,0.0004927687924924928,flat,flat
93863,93863,0,orphan,25794.0,,14816.0,0.4492,0.4478,-0.0014,flat,1.6334,1.601,-0.0198,,19555.0,0,sudden/high/recurring_sudden_friedman_100k_g01.csv,htr/error,"{""buffer_len"": 1, ""merged"": [], ""collection_size"": 4, ""current_idx"": 21, ""best_idx"": 20, ""acc_current_on_warning"": 0.579117828393549, ""acc_best_on_warning"": 0.579117828393549, ""acc_new_on_warning"": 0.0, ""winner_initial"": ""reused_copy"", ""acc_on_buffer"": {""14"": 0.2914405730330293, ""19"": 0.537124748953691, ""20"": 0.579117828393549}, ""similarity_metric"": ""residual_pearson"", ""merge_pairs"": [], ""slot_era",joe-sudden,False,,1,0.579117828393549,0.0,0.579117828393549,1.02576266076302,0.004180407406684905,-0.03603115273778712,-0.0033795315989268992,0.037161587151886,flat,flat
15751,15751,0,hit,199.0,23390.0,,0.5829,0.6658,0.0829,rise,4.5979,5.7567,0.252,,,0,sudden/high/recurring_sudden_friedman_100k_g01.csv,hfr/error,"{""buffer_len"": 1, ""merged"": [], ""collection_size"": 2, ""current_idx"": 1, ""best_idx"": 0, ""acc_current_on_warning"": 0.0, ""acc_best_on_warning"": 0.0, ""acc_new_on_warning"": 0.7211188274783886, ""winner_initial"": ""reused_copy"", ""acc_on_buffer"": {""0"": 0.0}, ""similarity_metric"": ""residual_pearson"", ""merge_pairs"": [], ""slot_eras"": {""0"": 0, ""1"": 1}, ""score_semantics"": ""1_minus_mean_normalized_residual""}",joe-sudden,False,,1,0.0,0.7211188274783886,0.0,0.865906075988143,0.08067041304895806,0.10819725614725328,0.0188534529288934,0.5447629166558552,rise,rise
18279,19143,864,echo,2727.0,20862.0,2528.0,0.6084,0.597,-0.0114,flat,5.1157,5.2026,0.017,,2452.0,0,sudden/high/recurring_sudden_friedman_100k_g01.csv,hfr/error,"{""buffer_len"": 865, ""merged"": [1], ""collection_size"": 2, ""current_idx"": 2, ""best_idx"": 0, ""acc_current_on_warning"": 0.3283052515739264, ""acc_best_on_warning"": 0.3283052515739264, ""acc_new_on_warning"": 0.39121247779166934, ""winner_initial"": ""reused_copy"", ""acc_on_buffer"": {""0"": 0.3283052515739264}, ""similarity_metric"": ""residual_pearson"", ""merge_pairs"": [[0, 1]], ""slot_eras"": {""0"": 0, ""1"": 1, ""2"": ",joe-sudden,False,,865,0.3283052515739264,0.3912124777916693,0.3283052515739264,1.026752765579974,-0.01075569060878423,0.6601982361653878,0.10877973528212792,0.01323290249704745,flat,flat
26311,26311,0,orphan,10759.0,12830.0,8032.0,0.5702,0.5791,0.0089,flat,5.3025,5.5002,0.0373,,7166.0,0,sudden/high/recurring_sudden_friedman_100k_g01.csv,hfr/error,"{""buffer_len"": 1, ""merged"": [], ""collection_size"": 3, ""current_idx"": 3, ""best_idx"": 2, ""acc_current_on_warning"": 0.5505774411848374, ""acc_best_on_warning"": 0.5505774411848374, ""acc_new_on_warning"": 0.7088056525576809, ""winner_initial"": ""reused_copy"", ""acc_on_buffer"": {""0"": 0.40693128341075524, ""2"": 0.5505774411848374}, ""similarity_metric"": ""residual_pearson"", ""merge_pairs"": [], ""slot_eras"": {""0"": ",joe-sudden,False,,1,0.5505774411848374,0.7088056525576809,0.5505774411848374,1.0152541840977933,-0.001199899566759366,-0.006632519888572164,-0.026094705195106926,0.005725075217547726,flat,flat
36167,36359,192,orphan,20615.0,2974.0,9856.0,0.5447,0.5543,0.0096,flat,5.2107,5.4274,0.0416,,9851.0,0,sudden/high/recurring_sudden_friedman_100k_g01.csv,hfr/error,"{""buffer_len"": 193, ""merged"": [2, 3], ""collection_size"": 2, ""current_idx"": 4, ""best_idx"": 0, ""acc_current_on_warning"": 0.36851390434262554, ""acc_best_on_warning"": 0.36851390434262554, ""acc_new_on_warning"": 0.4593766574737972, ""winner_initial"": ""reused_copy"", ""acc_on_buffer"": {""0"": 0.36851390434262554}, ""similarity_metric"": ""residual_pearson"", ""merge_pairs"": [[0, 2], [0, 3]], ""slot_eras"": {""0"": 0, ",joe-sudden,False,,193,0.3685139043426255,0.4593766574737972,0.3685139043426255,1.0399805762160554,-0.00941581982496631,-0.004433241203380067,-0.00983808333547942,-0.031521315827664376,flat,flat
39559,39559,0,hit,418.0,28510.0,3392.0,0.4753,0.4398,-0.0355,fall,3.8817,3.1488,-0.1888,,3192.0,0,sudden/high/recurring_sudden_friedman_100k_g01.csv,hfr/error,"{""buffer_len"": 1, ""merged"": [], ""collection_size"": 3, ""current_idx"": 5, ""best_idx"": 4, ""acc_current_on_warning"": 0.4583949540704768, ""acc_best_on_warning"": 0.4583949540704768, ""acc_new_on_warning"": 0.7159335568716756, ""winner_initial"": ""reused_copy"", ""acc_on_buffer"": {""0"": 0.34878483506412106, ""4"": 0.4583949540704768}, ""similarity_metric"": ""residual_pearson"", ""merge_pairs"": [], ""slot_eras"": {""0"": ",joe-sudden,False,,1,0.4583949540704768,0.7159335568716756,0.4583949540704768,1.0148618930763964,-0.07663918668554248,-0.015417755539731681,-0.01164786237301596,-0.287519601779908,fall,fall
54247,54983,736,orphan,15106.0,13822.0,14688.0,0.434,0.4335,-0.0005,flat,2.6949,2.6643,-0.0114,,14130.0,0,sudden/high/recurring_sudden_friedman_100k_g01.csv,hfr/error,"{""buffer_len"": 737, ""merged"": [4, 0], ""collection_size"": 2, ""current_idx"": 6, ""best_idx"": 5, ""acc_current_on_warning"": 0.5606201744223691, ""acc_best_on_warning"": 0.5606201744223691, ""acc_new_on_warning"": 0.5591591089069685, ""winner_initial"": ""reused_copy"", ""acc_on_buffer"": {""5"": 0.5606201744223691}, ""similarity_metric"": ""residual_pearson"", ""merge_pairs"": [[0, 4], [5, 0]], ""slot_eras"": {""0"": 0, ""1""",joe-sudden,False,,737,0.5606201744223691,0.5591591089069685,0.5606201744223691,0.8988160632605072,0.007683829473454251,-0.011934201667217925,0.002676573487734757,0.04710511736979561,flat,flat
68135,68167,32,hit,66.0,,13888.0,0.4834,0.5896,0.1062,rise,3.4177,5.4006,0.5802,,13137.0,0,sudden/high/recurring_sudden_friedman_100k_g01.csv,hfr/error,"{""buffer_len"": 33, ""merged"": [6], ""collection_size"": 2, ""current_idx"": 7, ""best_idx"": 5, ""acc_current_on_warning"": 0.3691216508053029, ""acc_best_on_warning"": 0.3691216508053029, ""acc_new_on_warning"": 0.3544527141882339, ""winner_initial"": ""reused_copy"", ""acc_on_buffer"": {""5"": 0.3691216508053029}, ""similarity_metric"": ""residual_pearson"", ""merge_pairs"": [[5, 6]], ""slot_eras"": {""0"": 0, ""1"": 1, ""2"": 2,",joe-sudden,False,,33,0.3691216508053029,0.3544527141882339,0.3691216508053029,1.2045167604689409,0.0493335401258887,0.051957482973514546,0.010639766225260916,0.33475553550198045,rise,rise
84679,85479,800,orphan,16610.0,,16544.0,0.5549,0.5539,-0.001,flat,5.0587,5.0535,-0.001,,16425.0,0,sudden/high/recurring_sudden_friedman_100k_g01.csv,hfr/error,"{""buffer_len"": 801, ""merged"": [7], ""collection_size"": 2, ""current_idx"": 8, ""best_idx"": 5, ""acc_current_on_warning"": 0.38284831359382354, ""acc_best_on_warning"": 0.38284831359382354, ""acc_new_on_warning"": 0.4560758914624933, ""winner_initial"": ""reused_copy"", ""acc_on_buffer"": {""5"": 0.38284831359382354}, ""similarity_metric"": ""residual_pearson"", ""merge_pairs"": [[5, 7]], ""slot_eras"": {""0"": 0, ""1"": 1, ""2""",joe-sudden,False,,801,0.3828483135938235,0.4560758914624933,0.3828483135938235,0.981895187041387,-0.0012629983539232947,0.010331884476108666,-0.0007854977083456838,-0.003440914354634561,flat,flat
9543,9543,0,orphan,,9221.0,,0.4962,0.493,-0.0031,flat,1.9195,1.8646,-0.0286,,,0,gradual/low/recurring_gradual_friedman_100k_g00.csv,htr/error,"{""buffer_len"": 1, ""merged"": [], ""collection_size"": 2, ""current_idx"": 1, ""best_idx"": 0, ""acc_current_on_warning"": 0.5821586464552349, ""acc_best_on_warning"": 0.5821586464552349, ""acc_new_on_warning"": 0.0, ""winner_initial"": ""reused_copy"", ""acc_on_buffer"": {""0"": 0.5821586464552349}, ""similarity_metric"": ""residual_pearson"", ""merge_pairs"": [], ""slot_eras"": {""0"": 0, ""1"": 1}, ""score_semantics"": ""1_minus_m",joe-gradual,False,,1,0.5821586464552349,0.0,0.5821586464552349,1.0234216822264983,0.021481735900259147,-0.09482660039796464,0.003103406543552678,0.11098120237058895,rise,rise
19271,19303,32,hit,507.0,33261.0,9728.0,0.5421,0.5505,0.0083,flat,2.3096,2.4044,0.0411,,,0,gradual/low/recurring_gradual_friedman_100k_g00.csv,htr/error,"{""buffer_len"": 33, ""merged"": [1], ""collection_size"": 2, ""current_idx"": 2, ""best_idx"": 0, ""acc_current_on_warning"": 0.4560492165781639, ""acc_best_on_warning"": 0.4560492165781639, ""acc_new_on_warning"": 0.3020043558842147, ""winner_initial"": ""reused_copy"", ""acc_on_buffer"": {""0"": 0.4560492165781639}, ""similarity_metric"": ""residual_pearson"", ""merge_pairs"": [[0, 1]], ""slot_eras"": {""0"": 0, ""1"": 1, ""2"": 2}",joe-gradual,False,,33,0.4560492165781639,0.3020043558842147,0.4560492165781639,1.1893169628937976,0.052470389092953484,0.0551692867278164,0.013129968879963427,0.3132731084484037,rise,rise
27399,31591,4192,echo_inwin,8635.0,25133.0,8128.0,0.5297,0.5391,0.0094,flat,2.34,2.5024,0.0694,,8093.0,0,gradual/low/recurring_gradual_friedman_100k_g00.csv,htr/error,"{""buffer_len"": 4193, ""merged"": [2], ""collection_size"": 2, ""current_idx"": 3, ""best_idx"": 0, ""acc_current_on_warning"": 0.4590059568637619, ""acc_best_on_warning"": 0.4590059568637619, ""acc_new_on_warning"": 0.4762977466735461, ""winner_initial"": ""reused_copy"", ""acc_on_buffer"": {""0"": 0.4590059568637619}, ""similarity_metric"": ""residual_pearson"", ""merge_pairs"": [[0, 2]], ""slot_eras"": {""0"": 0, ""1"": 1, ""2"": ",joe-gradual,False,,4193,0.4590059568637619,0.4762977466735461,0.4590059568637619,1.251607163316823,0.003070537061314993,-0.025735849102463182,-0.0110611502275334,0.015609049924855567,flat,flat
40295,40295,0,echo_inwin,21531.0,12237.0,12896.0,0.4779,0.4923,0.0144,flat,1.8785,2.0318,0.0816,,7555.0,0,gradual/low/recurring_gradual_friedman_100k_g00.csv,htr/error,"{""buffer_len"": 1, ""merged"": [], ""collection_size"": 3, ""current_idx"": 4, ""best_idx"": 3, ""acc_current_on_warning"": 0.5864137107029006, ""acc_best_on_warning"": 0.5864137107029006, ""acc_new_on_warning"": 0.004141855803746375, ""winner_initial"": ""reused_copy"", ""acc_on_buffer"": {""0"": 0.5856160538990898, ""3"": 0.5864137107029006}, ""similarity_metric"": ""residual_pearson"", ""merge_pairs"": [], ""slot_eras"": {""0"":",joe-gradual,False,,1,0.5864137107029006,0.0041418558037463,0.5864137107029006,1.0365591653504669,-0.04534832167908598,-0.04352929361437996,-0.012479099358693624,-0.20822701780779418,fall,fall
53095,53095,0,hit,563.0,,12800.0,0.5398,0.5993,0.0595,rise,2.5517,3.2415,0.2703,,20355.0,0,gradual/low/recurring_gradual_friedman_100k_g00.csv,htr/error,"{""buffer_len"": 1, ""merged"": [], ""collection_size"": 4, ""current_idx"": 5, ""best_idx"": 0, ""acc_current_on_warning"": 0.4679311610730592, ""acc_best_on_warning"": 0.6856201265885727, ""acc_new_on_warning"": 0.047975536975134236, ""winner_initial"": ""reused_copy"", ""acc_on_buffer"": {""0"": 0.6856201265885727, ""3"": 0.4580711201767462, ""4"": 0.4679311610730592}, ""similarity_metric"": ""residual_pearson"", ""merge_pairs",joe-gradual,False,,1,0.6856201265885727,0.0479755369751342,0.4679311610730592,1.529977961805252,0.06642868433678628,0.05498569532945119,0.010415048217564504,0.4226053602289419,rise,rise
54823,54983,160,echo_inwin,2291.0,,1728.0,0.5471,0.5608,0.0136,flat,2.5903,2.7591,0.0652,,1228.0,0,gradual/low/recurring_gradual_friedman_100k_g00.csv,htr/error,"{""buffer_len"": 161, ""merged"": [3, 4, 5], ""collection_size"": 2, ""current_idx"": 6, ""best_idx"": 0, ""acc_current_on_warning"": 0.36669133089539907, ""acc_best_on_warning"": 0.36669133089539907, ""acc_new_on_warning"": 0.3988338516102202, ""winner_initial"": ""reused_copy"", ""acc_on_buffer"": {""0"": 0.36669133089539907}, ""similarity_metric"": ""residual_pearson"", ""merge_pairs"": [[0, 3], [0, 4], [0, 5]], ""slot_eras""",joe-gradual,False,,161,0.366691330895399,0.3988338516102202,0.366691330895399,1.2557639363691684,-0.028938145690202033,0.4083305535029509,0.06773833825866998,-0.11479116443321102,fall,fall
59879,68007,8128,echo_inwin,7347.0,,5056.0,0.5231,0.5207,-0.0024,flat,2.3627,2.394,0.0132,,4849.0,0,gradual/low/recurring_gradual_friedman_100k_g00.csv,htr/error,"{""buffer_len"": 8129, ""merged"": [], ""collection_size"": 3, ""current_idx"": 7, ""best_idx"": 6, ""acc_current_on_warning"": 0.46949965773929203, ""acc_best_on_warning"": 0.46949965773929203, ""acc_new_on_warning"": 0.4728018181190292, ""winner_initial"": ""reused_copy"", ""acc_on_buffer"": {""0"": 0.38352012574292715, ""6"": 0.46949965773929203}, ""similarity_metric"": ""residual_pearson"", ""merge_pairs"": [], ""slot_eras"": ",joe-gradual,False,,8129,0.469499657739292,0.4728018181190292,0.469499657739292,1.012263454619076,-0.02151407407979944,-0.022435879167647,-0.00768867069452539,-0.08903805199954995,fall,fall
75175,75175,0,orphan,22643.0,,15296.0,0.4931,0.5124,0.0193,flat,2.1118,2.3277,0.1022,,1349.0,0,gradual/low/recurring_gradual_friedman_100k_g00.csv,htr/error,"{""buffer_len"": 1, ""merged"": [], ""collection_size"": 4, ""current_idx"": 8, ""best_idx"": 6, ""acc_current_on_warning"": 0.24751350109314385, ""acc_best_on_warning"": 0.49110519767548544, ""acc_new_on_warning"": 0.0, ""winner_initial"": ""reused_copy"", ""acc_on_buffer"": {""0"": 0.1919974112340802, ""6"": 0.49110519767548544, ""7"": 0.24751350109314385}, ""similarity_metric"": ""residual_pearson"", ""merge_pairs"": [], ""slot_",joe-gradual,False,,1,0.4911051976754854,0.0,0.2475135010931438,1.0341127194862298,-0.011254655586927786,-0.08780283290340385,-0.020801127146402254,-0.05730586405566662,fall,flat
77383,78759,1376,orphan,24851.0,,2208.0,0.4815,0.4836,0.0021,flat,2.024,2.0214,-0.0013,,3557.0,0,gradual/low/recurring_gradual_friedman_100k_g00.csv,htr/error,"{""buffer_len"": 1377, ""merged"": [6, 7], ""collection_size"": 3, ""current_idx"": 9, ""best_idx"": 8, ""acc_current_on_warning"": 0.5143016427480954, ""acc_best_on_warning"": 0.5143016427480954, ""acc_new_on_warning"": 0.5113482628393539, ""winner_initial"": ""reused_copy"", ""acc_on_buffer"": {""0"": 0.35724893940896263, ""8"": 0.5143016427480954}, ""similarity_metric"": ""residual_pearson"", ""merge_pairs"": [[7, 6], [8, 7]]",joe-gradual,False,,1377,0.5143016427480954,0.5113482628393539,0.5143016427480954,0.9938961892420254,-0.015301469653523692,-0.11932539525699082,-0.026034426898322527,-0.08245926641756418,fall,flat
83431,85927,2496,orphan,30899.0,,6048.0,0.4657,0.4709,0.0051,flat,1.8082,1.8508,0.0236,,533.0,1,gradual/low/recurring_gradual_friedman_100k_g00.csv,htr/error,"{""buffer_len"": 2497, ""merged"": [8], ""collection_size"": 3, ""current_idx"": 10, ""best_idx"": 9, ""acc_current_on_warning"": 0.538672486829451, ""acc_best_on_warning"": 0.538672486829451, ""acc_new_on_warning"": 0.5336759275813834, ""winner_initial"": ""reused_copy"", ""acc_on_buffer"": {""0"": 0.35824419861489376, ""9"": 0.538672486829451}, ""similarity_metric"": ""residual_pearson"", ""merge_pairs"": [[9, 8]], ""slot_eras""",joe-gradual,False,,2497,0.538672486829451,0.5336759275813834,0.538672486829451,1.1339898182927102,-0.009738737647690177,-0.10765805759809566,-0.017901636289168965,-0.06276958939686705,fall,flat
41991,42183,192,orphan,23227.0,10541.0,,0.4607,0.461,0.0003,flat,2.3853,2.3814,-0.0016,,,0,gradual/low/recurring_gradual_friedman_100k_g00.csv,hfr/error,"{""buffer_len"": 193, ""merged"": [], ""collection_size"": 2, ""current_idx"": 1, ""best_idx"": 0, ""acc_current_on_warning"": 0.5374832370873034, ""acc_best_on_warning"": 0.5374832370873034, ""acc_new_on_warning"": 0.5373219713748649, ""winner_initial"": ""reused_copy"", ""acc_on_buffer"": {""0"": 0.5374832370873034}, ""similarity_metric"": ""residual_pearson"", ""merge_pairs"": [], ""slot_eras"": {""0"": 0, ""1"": 1}, ""score_seman",joe-gradual,False,,193,0.5374832370873034,0.5373219713748649,0.5374832370873034,0.9613818711981942,-0.008638620134468755,-0.1120714068362394,-0.023147449125126285,-0.0481224753528926,flat,flat
53703,53703,0,hit,1171.0,,11712.0,0.503,0.5156,0.0126,flat,2.8427,2.9921,0.0526,,11508.0,0,gradual/low/recurring_gradual_friedman_100k_g00.csv,hfr/error,"{""buffer_len"": 1, ""merged"": [], ""collection_size"": 3, ""current_idx"": 2, ""best_idx"": 1, ""acc_current_on_warning"": 0.7122492581556277, ""acc_best_on_warning"": 0.7122492581556277, ""acc_new_on_warning"": 0.7252935870365407, ""winner_initial"": ""reused_copy"", ""acc_on_buffer"": {""0"": 0.6562984638361444, ""1"": 0.7122492581556277}, ""similarity_metric"": ""residual_pearson"", ""merge_pairs"": [], ""slot_eras"": {""0"": 0",joe-gradual,False,,1,0.7122492581556277,0.7252935870365407,0.7122492581556277,1.0096742357758939,0.01884887009625419,0.06713259110163472,0.014978947989964242,0.08950511494627644,rise,flat
16775,17607,832,orphan,,2513.0,,0.4989,0.4933,-0.0056,flat,1.8805,1.8191,-0.0326,,,0,gradual/low/recurring_gradual_friedman_100k_g01.csv,htr/error,"{""buffer_len"": 833, ""merged"": [], ""collection_size"": 2, ""current_idx"": 1, ""best_idx"": 0, ""acc_current_on_warning"": 0.5161049808337201, ""acc_best_on_warning"": 0.5161049808337201, ""acc_new_on_warning"": 0.45567083309463763, ""winner_initial"": ""reused_copy"", ""acc_on_buffer"": {""0"": 0.5161049808337201}, ""similarity_metric"": ""residual_pearson"", ""merge_pairs"": [], ""slot_eras"": {""0"": 0, ""1"": 1}, ""score_sema",joe-gradual,False,,833,0.5161049808337201,0.4556708330946376,0.5161049808337201,1.0382702225866947,-0.0001183664943955609,-0.008921720850090353,0.003482372789040622,-0.008666432432740123,flat,flat
19015,19015,0,orphan,,273.0,2240.0,0.4872,0.5186,0.0314,rise,1.751,2.0995,0.199,,1399.0,0,gradual/low/recurring_gradual_friedman_100k_g01.csv,htr/error,"{""buffer_len"": 1, ""merged"": [], ""collection_size"": 3, ""current_idx"": 2, ""best_idx"": 0, ""acc_current_on_warning"": 0.6326045949038632, ""acc_best_on_warning"": 0.7018631443836967, ""acc_new_on_warning"": 0.0, ""winner_initial"": ""reused_copy"", ""acc_on_buffer"": {""0"": 0.7018631443836967, ""1"": 0.6326045949038632}, ""similarity_metric"": ""residual_pearson"", ""merge_pairs"": [], ""slot_eras"": {""0"": 0, ""1"": 1, ""2"": ",joe-gradual,False,pre_drift,1,0.7018631443836967,0.0,0.6326045949038632,1.058157919148977,0.0001486015764425308,0.010790197435315951,0.006305672901297521,-0.003248054971867975,flat,flat
19591,19591,0,hit,303.0,26189.0,576.0,0.5316,0.5689,0.0373,rise,2.2438,2.691,0.1993,,1975.0,0,gradual/low/recurring_gradual_friedman_100k_g01.csv,htr/error,"{""buffer_len"": 1, ""merged"": [], ""collection_size"": 4, ""current_idx"": 3, ""best_idx"": 0, ""acc_current_on_warning"": 0.41305484244247814, ""acc_best_on_warning"": 0.6736009626783362, ""acc_new_on_warning"": 0.0, ""winner_initial"": ""reused_copy"", ""acc_on_buffer"": {""0"": 0.6736009626783362, ""1"": 0.6215367360522127, ""2"": 0.41305484244247814}, ""similarity_metric"": ""residual_pearson"", ""merge_pairs"": [], ""slot_er",joe-gradual,False,,1,0.6736009626783362,0.0,0.4130548424424781,1.0078709498580594,0.04362774484021087,0.050727681495628785,0.011972110488121523,0.27203806708680656,rise,rise
28807,28807,0,echo_inwin,9519.0,16973.0,9216.0,0.523,0.5253,0.0022,flat,2.2745,2.3134,0.0171,,9208.0,0,gradual/low/recurring_gradual_friedman_100k_g01.csv,htr/error,"{""buffer_len"": 1, ""merged"": [], ""collection_size"": 5, ""current_idx"": 4, ""best_idx"": 3, ""acc_current_on_warning"": 0.617218356985568, ""acc_best_on_warning"": 0.617218356985568, ""acc_new_on_warning"": 0.0, ""winner_initial"": ""reused_copy"", ""acc_on_buffer"": {""0"": 0.5220673228781136, ""1"": 0.5801225765073978, ""2"": 0.5144274426440156, ""3"": 0.617218356985568}, ""similarity_metric"": ""residual_pearson"", ""merge_",joe-gradual,False,,1,0.617218356985568,0.0,0.617218356985568,0.9892473692202863,-0.01123288854311999,-0.015300041225280392,-0.009879100665584395,-0.04643910676962859,flat,flat
44327,44423,96,orphan,25039.0,1453.0,15520.0,0.4695,0.5657,0.0962,rise,1.8014,2.8939,0.6065,,24728.0,0,gradual/low/recurring_gradual_friedman_100k_g01.csv,htr/error,"{""buffer_len"": 97, ""merged"": [1, 2, 3, 4], ""collection_size"": 2, ""current_idx"": 5, ""best_idx"": 0, ""acc_current_on_warning"": 0.41122051754105793, ""acc_best_on_warning"": 0.41122051754105793, ""acc_new_on_warning"": 0.40368545493060803, ""winner_initial"": ""reused_copy"", ""acc_on_buffer"": {""0"": 0.41122051754105793}, ""similarity_metric"": ""residual_pearson"", ""merge_pairs"": [[0, 1], [0, 2], [0, 3], [0, 4]], ",joe-gradual,False,,97,0.4112205175410579,0.403685454930608,0.4112205175410579,1.7241322946952216,-0.02113738681819405,-0.09990577474856677,-0.023283321294797432,-0.11098237387019827,fall,fall
45319,45319,0,orphan,26031.0,461.0,992.0,0.5138,0.5539,0.0401,rise,2.2919,2.8015,0.2224,,378.0,1,gradual/low/recurring_gradual_friedman_100k_g01.csv,htr/error,"{""buffer_len"": 1, ""merged"": [], ""collection_size"": 3, ""current_idx"": 6, ""best_idx"": 0, ""acc_current_on_warning"": 0.4525502756993678, ""acc_best_on_warning"": 0.48232360742445957, ""acc_new_on_warning"": 0.0, ""winner_initial"": ""reused_copy"", ""acc_on_buffer"": {""0"": 0.48232360742445957, ""5"": 0.4525502756993678}, ""similarity_metric"": ""residual_pearson"", ""merge_pairs"": [], ""slot_eras"": {""0"": 0, ""1"": 1, ""2""",joe-gradual,False,pre_drift,1,0.4823236074244595,0.0,0.4525502756993678,1.5632547851923557,0.015461751100090015,-0.05652362155809387,-0.014589900170109749,0.07557440137038896,rise,flat
46983,47079,96,hit,1203.0,,1664.0,0.5427,0.5737,0.0311,rise,2.6189,2.9903,0.1418,,634.0,0,gradual/low/recurring_gradual_friedman_100k_g01.csv,htr/error,"{""buffer_len"": 97, ""merged"": [5, 6], ""collection_size"": 2, ""current_idx"": 7, ""best_idx"": 0, ""acc_current_on_warning"": 0.3941774821460805, ""acc_best_on_warning"": 0.3941774821460805, ""acc_new_on_warning"": 0.4366237584361723, ""winner_initial"": ""reused_copy"", ""acc_on_buffer"": {""0"": 0.3941774821460805}, ""similarity_metric"": ""residual_pearson"", ""merge_pairs"": [[0, 5], [0, 6]], ""slot_eras"": {""0"": 0, ""1"":",joe-gradual,False,,97,0.3941774821460805,0.4366237584361723,0.3941774821460805,1.4777597128638627,-0.017847278674368527,0.16723675309925756,0.02944017767578555,-0.08668393464137847,fall,flat
47527,48039,512,echo_inwin,1747.0,,544.0,0.5651,0.5325,-0.0326,fall,2.8946,2.5336,-0.1247,,382.0,1,gradual/low/recurring_gradual_friedman_100k_g01.csv,htr/error,"{""buffer_len"": 513, ""merged"": [7], ""collection_size"": 2, ""current_idx"": 8, ""best_idx"": 0, ""acc_current_on_warning"": 0.3825320076897796, ""acc_best_on_warning"": 0.3825320076897796, ""acc_new_on_warning"": 0.44622307857110366, ""winner_initial"": ""reused_copy"", ""acc_on_buffer"": {""0"": 0.3825320076897796}, ""similarity_metric"": ""residual_pearson"", ""merge_pairs"": [[0, 7]], ""slot_eras"": {""0"": 0, ""1"": 1, ""2"": ",joe-gradual,False,,513,0.3825320076897796,0.4462230785711036,0.3825320076897796,1.0282541895402468,-0.00950239200011993,0.2197354917641765,0.04084162135588332,-0.04368638895164256,flat,flat
64423,64423,0,echo_inwin,18643.0,,16896.0,0.5049,0.5225,0.0176,flat,2.3137,2.5016,0.0812,,16344.0,0,gradual/low/recurring_gradual_friedman_100k_g01.csv,htr/error,"{""buffer_len"": 1, ""merged"": [], ""collection_size"": 3, ""current_idx"": 9, ""best_idx"": 8, ""acc_current_on_warning"": 0.5541151632545839, ""acc_best_on_warning"": 0.5541151632545839, ""acc_new_on_warning"": 0.0, ""winner_initial"": ""reused_copy"", ""acc_on_buffer"": {""0"": 0.4649072362852317, ""8"": 0.5541151632545839}, ""similarity_metric"": ""residual_pearson"", ""merge_pairs"": [], ""slot_eras"": {""0"": 0, ""1"": 1, ""2"": ",joe-gradual,False,,1,0.5541151632545839,0.0,0.5541151632545839,1.119150730464387,-0.015817834080386173,0.011062484077695611,0.000847564637355358,-0.06750124599570151,fall,flat
71079,71079,0,orphan,25299.0,,6656.0,0.4773,0.5054,0.0281,rise,2.0123,2.3243,0.1551,,23000.0,0,gradual/low/recurring_gradual_friedman_100k_g01.csv,htr/error,"{""buffer_len"": 1, ""merged"": [], ""collection_size"": 4, ""current_idx"": 10, ""best_idx"": 8, ""acc_current_on_warning"": 0.5727758612655786, ""acc_best_on_warning"": 0.6638338914190227, ""acc_new_on_warning"": 0.0, ""winner_initial"": ""reused_copy"", ""acc_on_buffer"": {""0"": 0.5882278257433082, ""8"": 0.6638338914190227, ""9"": 0.5727758612655786}, ""similarity_metric"": ""residual_pearson"", ""merge_pairs"": [], ""slot_era",joe-gradual,False,,1,0.6638338914190227,0.0,0.5727758612655786,1.2174530992098118,-0.018855765599906427,-0.05951792482428453,-0.013997390500526619,-0.09668372579670415,fall,flat
74663,74663,0,orphan,28883.0,,3584.0,0.4749,0.4714,-0.0035,flat,1.9812,1.9462,-0.0177,,26584.0,0,gradual/low/recurring_gradual_friedman_100k_g01.csv,htr/error,"{""buffer_len"": 1, ""merged"": [], ""collection_size"": 5, ""current_idx"": 11, ""best_idx"": 10, ""acc_current_on_warning"": 0.692119544214248, ""acc_best_on_warning"": 0.692119544214248, ""acc_new_on_warning"": 0.0, ""winner_initial"": ""reused_copy"", ""acc_on_buffer"": {""0"": 0.5726757949684178, ""8"": 0.4796426025438242, ""9"": 0.5882828944207893, ""10"": 0.692119544214248}, ""similarity_metric"": ""residual_pearson"", ""mer",joe-gradual,False,,1,0.692119544214248,0.0,0.692119544214248,1.0200500006973514,-0.006224447939781497,-0.1123254104023873,-0.02365401512149362,-0.03720576210662552,flat,flat
88999,88999,0,orphan,43219.0,,14336.0,0.4488,0.4892,0.0405,rise,1.649,2.0831,0.2632,,2570.0,0,gradual/low/recurring_gradual_friedman_100k_g01.csv,htr/error,"{""buffer_len"": 1, ""merged"": [], ""collection_size"": 6, ""current_idx"": 12, ""best_idx"": 9, ""acc_current_on_warning"": 0.40243699164562585, ""acc_best_on_warning"": 0.6065024025891017, ""acc_new_on_warning"": 0.0, ""winner_initial"": ""reused_copy"", ""acc_on_buffer"": {""0"": 0.38958957234710756, ""8"": 0.28428394037315663, ""9"": 0.6065024025891017, ""10"": 0.5514907102140147, ""11"": 0.40243699164562585}, ""similarity_m",joe-gradual,False,,1,0.6065024025891017,0.0,0.4024369916456258,1.4276559332611702,-0.006806175923929625,-0.08207854341985177,-0.012973348667399853,-0.04740210201477579,flat,flat
96167,96167,0,orphan,50387.0,,7168.0,0.456,0.4818,0.0258,rise,1.718,1.9846,0.1552,,1515.0,0,gradual/low/recurring_gradual_friedman_100k_g01.csv,htr/error,"{""buffer_len"": 1, ""merged"": [], ""collection_size"": 7, ""current_idx"": 13, ""best_idx"": 9, ""acc_current_on_warning"": 0.2761129486516576, ""acc_best_on_warning"": 0.6664065248466262, ""acc_new_on_warning"": 0.0, ""winner_initial"": ""reused_copy"", ""acc_on_buffer"": {""0"": 0.32410063315937676, ""8"": 0.6333985886118694, ""9"": 0.6664065248466262, ""10"": 0.6316038655159701, ""11"": 0.4948043224400852, ""12"": 0.276112948",joe-gradual,False,,1,0.6664065248466262,0.0,0.2761129486516576,1.1603057224360214,-0.01124601713819956,-0.03099734450787195,-0.004562571729687659,-0.06558153283090395,fall,flat
55495,55495,0,hit,9715.0,,,0.5124,0.5068,-0.0057,flat,3.0567,2.9793,-0.0253,,,0,gradual/low/recurring_gradual_friedman_100k_g01.csv,hfr/error,"{""buffer_len"": 1, ""merged"": [], ""collection_size"": 2, ""current_idx"": 1, ""best_idx"": 0, ""acc_current_on_warning"": 0.2999716675517149, ""acc_best_on_warning"": 0.2999716675517149, ""acc_new_on_warning"": 0.7279654042601775, ""winner_initial"": ""reused_copy"", ""acc_on_buffer"": {""0"": 0.2999716675517149}, ""similarity_metric"": ""residual_pearson"", ""merge_pairs"": [], ""slot_eras"": {""0"": 0, ""1"": 1}, ""score_semanti",joe-gradual,False,,1,0.2999716675517149,0.7279654042601775,0.2999716675517149,1.023870120902155,0.003768106247405534,0.007511483704064625,0.001316949584496685,0.017218975058581387,flat,flat
1863,14695,12832,orphan,,18919.0,,0.4693,0.457,-0.0123,flat,2.0327,1.6288,-0.1987,masked_fall,,0,gradual/medium/recurring_gradual_friedman_100k_g00.csv,htr/error,"{""buffer_len"": 12833, ""merged"": [], ""collection_size"": 2, ""current_idx"": 1, ""best_idx"": 0, ""acc_current_on_warning"": 0.505940934609604, ""acc_best_on_warning"": 0.505940934609604, ""acc_new_on_warning"": 0.5418186073663213, ""winner_initial"": ""reused_copy"", ""acc_on_buffer"": {""0"": 0.505940934609604}, ""similarity_metric"": ""residual_pearson"", ""merge_pairs"": [], ""slot_eras"": {""0"": 0, ""1"": 1}, ""score_semant",joe-gradual,False,,12833,0.505940934609604,0.5418186073663213,0.505940934609604,0.7306519241804194,0.00046450973083206337,-0.004044310183344502,0.0004375732899983831,0.005826840659932886,flat,flat
21127,21191,64,hit,345.0,31604.0,19264.0,0.517,0.527,0.01,flat,2.1839,2.2888,0.0481,,6409.0,0,gradual/medium/recurring_gradual_friedman_100k_g00.csv,htr/error,"{""buffer_len"": 65, ""merged"": [0], ""collection_size"": 2, ""current_idx"": 2, ""best_idx"": 1, ""acc_current_on_warning"": 0.4791260049495054, ""acc_best_on_warning"": 0.4791260049495054, ""acc_new_on_warning"": 0.44417429742767356, ""winner_initial"": ""reused_copy"", ""acc_on_buffer"": {""1"": 0.4791260049495054}, ""similarity_metric"": ""residual_pearson"", ""merge_pairs"": [[1, 0]], ""slot_eras"": {""0"": 0, ""1"": 1, ""2"": 2",joe-gradual,False,,65,0.4791260049495054,0.4441742974276735,0.4791260049495054,1.0176368456183404,0.05090477558477913,-0.018652799528475206,0.0032573954359814694,0.33015296956463414,rise,rise
35271,35399,128,orphan,14489.0,17460.0,14144.0,0.484,0.5405,0.0565,rise,1.9435,2.5932,0.3343,,20553.0,0,gradual/medium/recurring_gradual_friedman_100k_g00.csv,htr/error,"{""buffer_len"": 129, ""merged"": [2], ""collection_size"": 2, ""current_idx"": 3, ""best_idx"": 1, ""acc_current_on_warning"": 0.44043138079067756, ""acc_best_on_warning"": 0.44043138079067756, ""acc_new_on_warning"": 0.3935401677082234, ""winner_initial"": ""reused_copy"", ""acc_on_buffer"": {""1"": 0.44043138079067756}, ""similarity_metric"": ""residual_pearson"", ""merge_pairs"": [[1, 2]], ""slot_eras"": {""0"": 0, ""1"": 1, ""2""",joe-gradual,False,,129,0.4404313807906775,0.3935401677082234,0.4404313807906775,1.391187706267376,-0.03005063059987828,-0.053497965106350076,-0.014186846862923708,-0.14326187779721933,fall,fall
36935,37063,128,orphan,16153.0,15796.0,1664.0,0.493,0.5576,0.0646,rise,2.047,2.7858,0.3609,,117.0,1,gradual/medium/recurring_gradual_friedman_100k_g00.csv,htr/error,"{""buffer_len"": 129, ""merged"": [3], ""collection_size"": 2, ""current_idx"": 4, ""best_idx"": 1, ""acc_current_on_warning"": 0.44129948451554535, ""acc_best_on_warning"": 0.44129948451554535, ""acc_new_on_warning"": 0.39895704068234583, ""winner_initial"": ""reused_copy"", ""acc_on_buffer"": {""1"": 0.44129948451554535}, ""similarity_metric"": ""residual_pearson"", ""merge_pairs"": [[1, 3]], ""slot_eras"": {""0"": 0, ""1"": 1, ""2",joe-gradual,False,,129,0.4412994845155453,0.3989570406823458,0.4412994845155453,1.5968666513060683,-0.02637987829942584,-0.06673681302466927,-0.016985773375046698,-0.12468000298745119,fall,fall
38151,38215,64,orphan,17369.0,14580.0,1216.0,0.5181,0.5501,0.032,rise,2.3478,2.7026,0.1511,,611.0,0,gradual/medium/recurring_gradual_friedman_100k_g00.csv,htr/error,"{""buffer_len"": 65, ""merged"": [4], ""collection_size"": 2, ""current_idx"": 5, ""best_idx"": 1, ""acc_current_on_warning"": 0.4061282409849104, ""acc_best_on_warning"": 0.4061282409849104, ""acc_new_on_warning"": 0.39046582448658596, ""winner_initial"": ""reused_copy"", ""acc_on_buffer"": {""1"": 0.4061282409849104}, ""similarity_metric"": ""residual_pearson"", ""merge_pairs"": [[1, 4]], ""slot_eras"": {""0"": 0, ""1"": 1, ""2"": 2",joe-gradual,False,,65,0.4061282409849104,0.3904658244865859,0.4061282409849104,1.2051804128516754,-0.00325468773034987,0.03145746791131021,0.0032286432276723565,-0.014803363789889668,flat,flat
39463,40007,544,orphan,18681.0,13268.0,1312.0,0.5007,0.5106,0.01,flat,2.1422,2.2507,0.0506,,453.0,1,gradual/medium/recurring_gradual_friedman_100k_g00.csv,htr/error,"{""buffer_len"": 545, ""merged"": [5], ""collection_size"": 2, ""current_idx"": 6, ""best_idx"": 1, ""acc_current_on_warning"": 0.427601811465958, ""acc_best_on_warning"": 0.427601811465958, ""acc_new_on_warning"": 0.4739794878815782, ""winner_initial"": ""reused_copy"", ""acc_on_buffer"": {""1"": 0.427601811465958}, ""similarity_metric"": ""residual_pearson"", ""merge_pairs"": [[1, 5]], ""slot_eras"": {""0"": 0, ""1"": 1, ""2"": 2, """,joe-gradual,False,,545,0.427601811465958,0.4739794878815782,0.427601811465958,1.120427652136791,-0.010286404228757928,0.05526978896003398,0.008500795484344237,-0.04190770732994864,flat,flat
41895,42311,416,orphan,21113.0,10836.0,2432.0,0.473,0.5302,0.0572,rise,1.8569,2.4462,0.3173,,1885.0,0,gradual/medium/recurring_gradual_friedman_100k_g00.csv,htr/error,"{""buffer_len"": 417, ""merged"": [6], ""collection_size"": 2, ""current_idx"": 7, ""best_idx"": 1, ""acc_current_on_warning"": 0.40904308314314997, ""acc_best_on_warning"": 0.40904308314314997, ""acc_new_on_warning"": 0.474466243266472, ""winner_initial"": ""reused_copy"", ""acc_on_buffer"": {""1"": 0.40904308314314997}, ""similarity_metric"": ""residual_pearson"", ""merge_pairs"": [[1, 6]], ""slot_eras"": {""0"": 0, ""1"": 1, ""2"":",joe-gradual,False,,417,0.4090430831431499,0.474466243266472,0.4090430831431499,1.3102243367334783,-0.01899367239869637,-0.11701991846975901,-0.02637313991161777,-0.10502361945053063,fall,flat
44103,44199,96,orphan,23321.0,8628.0,2208.0,0.4757,0.5562,0.0805,rise,1.8806,2.7736,0.4749,,1780.0,0,gradual/medium/recurring_gradual_friedman_100k_g00.csv,htr/error,"{""buffer_len"": 97, ""merged"": [7], ""collection_size"": 2, ""current_idx"": 8, ""best_idx"": 1, ""acc_current_on_warning"": 0.4281900821881821, ""acc_best_on_warning"": 0.4281900821881821, ""acc_new_on_warning"": 0.41713473739671225, ""winner_initial"": ""reused_copy"", ""acc_on_buffer"": {""1"": 0.4281900821881821}, ""similarity_metric"": ""residual_pearson"", ""merge_pairs"": [[1, 7]], ""slot_eras"": {""0"": 0, ""1"": 1, ""2"": 2",joe-gradual,False,,97,0.4281900821881821,0.4171347373967122,0.4281900821881821,1.6262899537713247,-0.03433347357709193,-0.11764232693703136,-0.025073442973001736,-0.15624356234383607,fall,fall
45383,45991,608,orphan,24601.0,7348.0,1280.0,0.5131,0.5168,0.0037,flat,2.2902,2.3191,0.0126,,1008.0,0,gradual/medium/recurring_gradual_friedman_100k_g00.csv,htr/error,"{""buffer_len"": 609, ""merged"": [8], ""collection_size"": 2, ""current_idx"": 9, ""best_idx"": 1, ""acc_current_on_warning"": 0.42627624942028564, ""acc_best_on_warning"": 0.42627624942028564, ""acc_new_on_warning"": 0.47133144682650185, ""winner_initial"": ""reused_copy"", ""acc_on_buffer"": {""1"": 0.42627624942028564}, ""similarity_metric"": ""residual_pearson"", ""merge_pairs"": [[1, 8]], ""slot_eras"": {""0"": 0, ""1"": 1, ""2",joe-gradual,False,,609,0.4262762494202856,0.4713314468265018,0.4262762494202856,1.1169333125336631,-0.01940640774093494,0.006577256690872169,0.0003261522452084886,-0.08709545254955042,fall,flat
48487,48519,32,orphan,27705.0,4244.0,3104.0,0.4855,0.4698,-0.0157,flat,2.0049,1.8185,-0.093,masked_fall,2479.0,0,gradual/medium/recurring_gradual_friedman_100k_g00.csv,htr/error,"{""buffer_len"": 33, ""merged"": [], ""collection_size"": 3, ""current_idx"": 10, ""best_idx"": 9, ""acc_current_on_warning"": 0.5779767282052568, ""acc_best_on_warning"": 0.5779767282052568, ""acc_new_on_warning"": 0.3824162838753341, ""winner_initial"": ""reused_copy"", ""acc_on_buffer"": {""1"": 0.494629361798676, ""9"": 0.5779767282052568}, ""similarity_metric"": ""residual_pearson"", ""merge_pairs"": [], ""slot_eras"": {""0"": ",joe-gradual,False,,33,0.5779767282052568,0.3824162838753341,0.5779767282052568,1.1444008688189085,-0.015474806670870866,-0.02843373842976038,-0.006439802677775719,-0.07613208981414277,fall,flat
52999,53031,32,hit,268.0,,4512.0,0.512,0.5831,0.0711,rise,2.2857,3.11,0.3606,,6991.0,0,gradual/medium/recurring_gradual_friedman_100k_g00.csv,htr/error,"{""buffer_len"": 33, ""merged"": [9, 10], ""collection_size"": 2, ""current_idx"": 11, ""best_idx"": 1, ""acc_current_on_warning"": 0.3857176115719755, ""acc_best_on_warning"": 0.3857176115719755, ""acc_new_on_warning"": 0.36569650217202787, ""winner_initial"": ""reused_copy"", ""acc_on_buffer"": {""1"": 0.3857176115719755}, ""similarity_metric"": ""residual_pearson"", ""merge_pairs"": [[1, 9], [1, 10]], ""slot_eras"": {""0"": 0, ",joe-gradual,False,,33,0.3857176115719755,0.3656965021720278,0.3857176115719755,1.2412745673938084,0.042019760776775605,-0.09406306794660713,-0.017118108859287107,0.2568703842955693,rise,rise
54567,54631,64,echo_inwin,1836.0,,1568.0,0.5302,0.5665,0.0364,rise,2.4623,2.8891,0.1733,,1115.0,0,gradual/medium/recurring_gradual_friedman_100k_g00.csv,htr/error,"{""buffer_len"": 65, ""merged"": [11], ""collection_size"": 2, ""current_idx"": 12, ""best_idx"": 1, ""acc_current_on_warning"": 0.44797058705441384, ""acc_best_on_warning"": 0.44797058705441384, ""acc_new_on_warning"": 0.39853354334208646, ""winner_initial"": ""reused_copy"", ""acc_on_buffer"": {""1"": 0.44797058705441384}, ""similarity_metric"": ""residual_pearson"", ""merge_pairs"": [[1, 11]], ""slot_eras"": {""0"": 0, ""1"": 1, ",joe-gradual,False,,65,0.4479705870544138,0.3985335433420864,0.4479705870544138,1.3475116694646032,-0.035080984917651215,0.25032573022882465,0.04517525225575647,-0.14704965675785853,fall,fall
56487,63079,6592,echo_inwin,3756.0,,1920.0,0.524,0.5173,-0.0067,flat,2.4237,2.3769,-0.0193,,1710.0,0,gradual/medium/recurring_gradual_friedman_100k_g00.csv,htr/error,"{""buffer_len"": 6593, ""merged"": [12], ""collection_size"": 2, ""current_idx"": 13, ""best_idx"": 1, ""acc_current_on_warning"": 0.3915887683997389, ""acc_best_on_warning"": 0.3915887683997389, ""acc_new_on_warning"": 0.4687387735044585, ""winner_initial"": ""reused_copy"", ""acc_on_buffer"": {""1"": 0.3915887683997389}, ""similarity_metric"": ""residual_pearson"", ""merge_pairs"": [[1, 12]], ""slot_eras"": {""0"": 0, ""1"": 1, ""2",joe-gradual,False,,6593,0.3915887683997389,0.4687387735044585,0.3915887683997389,0.9027186342483872,-0.020384054283531072,-0.011497966137118176,-0.005586364953540923,-0.08164645325029463,fall,fall
68199,68199,0,orphan,15468.0,,11712.0,0.4916,0.5551,0.0635,rise,2.1287,2.8595,0.3433,,5118.0,0,gradual/medium/recurring_gradual_friedman_100k_g00.csv,htr/error,"{""buffer_len"": 1, ""merged"": [], ""collection_size"": 3, ""current_idx"": 14, ""best_idx"": 1, ""acc_current_on_warning"": 0.20092580078724487, ""acc_best_on_warning"": 0.6961244918485145, ""acc_new_on_warning"": 0.0, ""winner_initial"": ""reused_copy"", ""acc_on_buffer"": {""1"": 0.6961244918485145, ""13"": 0.20092580078724487}, ""similarity_metric"": ""residual_pearson"", ""merge_pairs"": [], ""slot_eras"": {""0"": 0, ""1"": 1, """,joe-gradual,False,,1,0.6961244918485145,0.0,0.2009258007872448,1.461348402311733,-0.011090121051516022,-0.08060131146802396,-0.020020030100850517,-0.04868295997641259,flat,flat
68999,69223,224,orphan,16268.0,,800.0,0.5226,0.4793,-0.0433,fall,2.4483,1.9937,-0.1857,,795.0,0,gradual/medium/recurring_gradual_friedman_100k_g00.csv,htr/error,"{""buffer_len"": 225, ""merged"": [14], ""collection_size"": 3, ""current_idx"": 15, ""best_idx"": 13, ""acc_current_on_warning"": 0.38430191380422374, ""acc_best_on_warning"": 0.505440780057701, ""acc_new_on_warning"": 0.4567995683557037, ""winner_initial"": ""reused_copy"", ""acc_on_buffer"": {""1"": 0.38430191380422374, ""13"": 0.505440780057701}, ""similarity_metric"": ""residual_pearson"", ""merge_pairs"": [[1, 14]], ""slot_",joe-gradual,False,,225,0.505440780057701,0.4567995683557037,0.3843019138042237,0.9393405347366831,-0.005054073392792735,-0.05866990727964505,-0.014975360160525586,-0.033860746944218256,flat,flat
77255,77415,160,orphan,24524.0,,8256.0,0.4571,0.4564,-0.0006,flat,1.7225,1.7135,-0.0053,,3112.0,0,gradual/medium/recurring_gradual_friedman_100k_g00.csv,htr/error,"{""buffer_len"": 161, ""merged"": [13], ""collection_size"": 3, ""current_idx"": 16, ""best_idx"": 15, ""acc_current_on_warning"": 0.5372026197978337, ""acc_best_on_warning"": 0.5372026197978337, ""acc_new_on_warning"": 0.41672559280657473, ""winner_initial"": ""reused_copy"", ""acc_on_buffer"": {""1"": 0.3708169854296217, ""15"": 0.5372026197978337}, ""similarity_metric"": ""residual_pearson"", ""merge_pairs"": [[15, 13]], ""slo",joe-gradual,False,,161,0.5372026197978337,0.4167255928065747,0.5372026197978337,1.129084558105398,-0.010780241426115167,-0.12078128395579668,-0.02084572207542945,-0.06841241130994147,fall,flat
37735,37959,224,orphan,16953.0,14996.0,,0.4683,0.4665,-0.0018,flat,2.4832,2.4523,-0.0124,,,0,gradual/medium/recurring_gradual_friedman_100k_g00.csv,hfr/error,"{""buffer_len"": 225, ""merged"": [], ""collection_size"": 2, ""current_idx"": 1, ""best_idx"": 0, ""acc_current_on_warning"": 0.529983960311673, ""acc_best_on_warning"": 0.529983960311673, ""acc_new_on_warning"": 0.516036266053554, ""winner_initial"": ""reused_copy"", ""acc_on_buffer"": {""0"": 0.529983960311673}, ""similarity_metric"": ""residual_pearson"", ""merge_pairs"": [], ""slot_eras"": {""0"": 0, ""1"": 1}, ""score_semantics",joe-gradual,False,,225,0.529983960311673,0.516036266053554,0.529983960311673,1.02310105802866,0.0025022762093925843,-0.12372376454429168,-0.02497861070703128,0.00917099421305112,flat,flat
52871,52935,64,hit,140.0,,15136.0,0.493,0.5103,0.0173,flat,2.6776,2.8912,0.0798,,14889.0,0,gradual/medium/recurring_gradual_friedman_100k_g00.csv,hfr/error,"{""buffer_len"": 65, ""merged"": [0], ""collection_size"": 2, ""current_idx"": 2, ""best_idx"": 1, ""acc_current_on_warning"": 0.4684380291008836, ""acc_best_on_warning"": 0.4684380291008836, ""acc_new_on_warning"": 0.4363749675558044, ""winner_initial"": ""reused_copy"", ""acc_on_buffer"": {""1"": 0.4684380291008836}, ""similarity_metric"": ""residual_pearson"", ""merge_pairs"": [[1, 0]], ""slot_eras"": {""0"": 0, ""1"": 1, ""2"": 2}",joe-gradual,False,,65,0.4684380291008836,0.4363749675558044,0.4684380291008836,0.9426068375669471,0.026903556573990295,0.028250021505800138,0.00784232023382736,0.13730821644178892,rise,rise
20263,20327,64,hit,226.0,49718.0,,0.5202,0.5458,0.0256,rise,2.0023,2.2615,0.1294,,,0,gradual/medium/recurring_gradual_friedman_100k_g01.csv,htr/error,"{""buffer_len"": 65, ""merged"": [], ""collection_size"": 2, ""current_idx"": 1, ""best_idx"": 0, ""acc_current_on_warning"": 0.41835894235762017, ""acc_best_on_warning"": 0.41835894235762017, ""acc_new_on_warning"": 0.36337478007379953, ""winner_initial"": ""reused_copy"", ""acc_on_buffer"": {""0"": 0.41835894235762017}, ""similarity_metric"": ""residual_pearson"", ""merge_pairs"": [], ""slot_eras"": {""0"": 0, ""1"": 1}, ""score_se",joe-gradual,False,,65,0.4183589423576201,0.3633747800737995,0.4183589423576201,0.8577028859259798,0.050450977987362255,0.06616027105315192,0.015692413212154643,0.31193992177313334,rise,rise
31655,34695,3040,echo_inwin,11618.0,38326.0,11392.0,0.5214,0.489,-0.0324,fall,2.1892,1.8961,-0.1339,,,0,gradual/medium/recurring_gradual_friedman_100k_g01.csv,htr/error,"{""buffer_len"": 3041, ""merged"": [1], ""collection_size"": 2, ""current_idx"": 2, ""best_idx"": 0, ""acc_current_on_warning"": 0.4250701635517643, ""acc_best_on_warning"": 0.4250701635517643, ""acc_new_on_warning"": 0.49955077227229294, ""winner_initial"": ""reused_copy"", ""acc_on_buffer"": {""0"": 0.4250701635517643}, ""similarity_metric"": ""residual_pearson"", ""merge_pairs"": [[0, 1]], ""slot_eras"": {""0"": 0, ""1"": 1, ""2"":",joe-gradual,False,,3041,0.4250701635517643,0.4995507722722929,0.4250701635517643,0.7429280503391427,-0.0012386423495962529,0.08402822595152082,0.010558129574833375,0.01491987864237565,flat,flat
42887,42887,0,orphan,22850.0,27094.0,11232.0,0.4764,0.4759,-0.0005,flat,1.7446,1.7286,-0.0091,,8190.0,0,gradual/medium/recurring_gradual_friedman_100k_g01.csv,htr/error,"{""buffer_len"": 1, ""merged"": [], ""collection_size"": 3, ""current_idx"": 3, ""best_idx"": 2, ""acc_current_on_warning"": 0.3621977519098133, ""acc_best_on_warning"": 0.3621977519098133, ""acc_new_on_warning"": 0.0, ""winner_initial"": ""reused_copy"", ""acc_on_buffer"": {""0"": 0.36217179572702074, ""2"": 0.3621977519098133}, ""similarity_metric"": ""residual_pearson"", ""merge_pairs"": [], ""slot_eras"": {""0"": 0, ""1"": 1, ""2"":",joe-gradual,False,,1,0.3621977519098133,0.0,0.3621977519098133,1.032213758922104,0.0007583348814270696,-0.10392095516769906,-0.017107039368340793,0.006660673632750136,flat,flat
70919,70951,32,hit,938.0,,28032.0,0.5576,0.5505,-0.0071,flat,2.4858,2.4107,-0.0302,,36222.0,0,gradual/medium/recurring_gradual_friedman_100k_g01.csv,htr/error,"{""buffer_len"": 33, ""merged"": [2, 0], ""collection_size"": 2, ""current_idx"": 4, ""best_idx"": 3, ""acc_current_on_warning"": 0.395613470611461, ""acc_best_on_warning"": 0.395613470611461, ""acc_new_on_warning"": 0.3038352599296634, ""winner_initial"": ""reused_copy"", ""acc_on_buffer"": {""3"": 0.395613470611461}, ""similarity_metric"": ""residual_pearson"", ""merge_pairs"": [[0, 2], [3, 0]], ""slot_eras"": {""0"": 0, ""1"": 1,",joe-gradual,False,,33,0.395613470611461,0.3038352599296634,0.395613470611461,0.9465597753847612,0.06117770937120992,0.16465210722511525,0.02499783294472835,0.3172470638279481,rise,rise
84263,84263,0,orphan,14282.0,,13344.0,0.5047,0.5158,0.011,flat,1.9925,2.1182,0.0631,,13310.0,0,gradual/medium/recurring_gradual_friedman_100k_g01.csv,htr/error,"{""buffer_len"": 1, ""merged"": [], ""collection_size"": 3, ""current_idx"": 5, ""best_idx"": 4, ""acc_current_on_warning"": 0.4014471429349801, ""acc_best_on_warning"": 0.4014471429349801, ""acc_new_on_warning"": 0.0, ""winner_initial"": ""reused_copy"", ""acc_on_buffer"": {""3"": 0.36328851753036806, ""4"": 0.4014471429349801}, ""similarity_metric"": ""residual_pearson"", ""merge_pairs"": [], ""slot_eras"": {""0"": 0, ""1"": 1, ""2"":",joe-gradual,False,,1,0.4014471429349801,0.0,0.4014471429349801,1.118833023677135,-0.024279970681078233,-0.06971640869189388,-0.018951419870591346,-0.11548033025714688,fall,fall
96551,96551,0,orphan,26570.0,,12288.0,0.472,0.5031,0.0311,rise,1.6774,1.97,0.1745,,1780.0,0,gradual/medium/recurring_gradual_friedman_100k_g01.csv,htr/error,"{""buffer_len"": 1, ""merged"": [], ""collection_size"": 4, ""current_idx"": 6, ""best_idx"": 4, ""acc_current_on_warning"": 0.39707243627379796, ""acc_best_on_warning"": 0.6452652789383388, ""acc_new_on_warning"": 0.0, ""winner_initial"": ""reused_copy"", ""acc_on_buffer"": {""3"": 0.4730660009623079, ""4"": 0.6452652789383388, ""5"": 0.39707243627379796}, ""similarity_metric"": ""residual_pearson"", ""merge_pairs"": [], ""slot_er",joe-gradual,False,,1,0.6452652789383388,0.0,0.3970724362737979,1.3417645736627393,-0.004280762659376713,-0.07604857538579335,-0.014859568473364726,-0.029237001384102568,flat,flat
36423,36807,384,orphan,16386.0,33558.0,,0.4725,0.4627,-0.0097,flat,2.5123,2.3781,-0.0534,masked_fall,,0,gradual/medium/recurring_gradual_friedman_100k_g01.csv,hfr/error,"{""buffer_len"": 385, ""merged"": [], ""collection_size"": 2, ""current_idx"": 1, ""best_idx"": 0, ""acc_current_on_warning"": 0.5260649494898149, ""acc_best_on_warning"": 0.5260649494898149, ""acc_new_on_warning"": 0.5083168306108015, ""winner_initial"": ""reused_copy"", ""acc_on_buffer"": {""0"": 0.5260649494898149}, ""similarity_metric"": ""residual_pearson"", ""merge_pairs"": [], ""slot_eras"": {""0"": 0, ""1"": 1}, ""score_seman",joe-gradual,False,,385,0.5260649494898149,0.5083168306108015,0.5260649494898149,0.8836787486045675,0.001125973932286528,-0.09174923832143411,-0.017389072330282473,0.0016585346187480976,flat,flat
70727,70951,224,hit,746.0,,34304.0,0.5171,0.5187,0.0015,flat,2.8845,2.8785,-0.0021,,11445.0,0,gradual/medium/recurring_gradual_friedman_100k_g01.csv,hfr/error,"{""buffer_len"": 225, ""merged"": [0], ""collection_size"": 2, ""current_idx"": 2, ""best_idx"": 1, ""acc_current_on_warning"": 0.4603397048658725, ""acc_best_on_warning"": 0.4603397048658725, ""acc_new_on_warning"": 0.45090250789176667, ""winner_initial"": ""reused_copy"", ""acc_on_buffer"": {""1"": 0.4603397048658725}, ""similarity_metric"": ""residual_pearson"", ""merge_pairs"": [[1, 0]], ""slot_eras"": {""0"": 0, ""1"": 1, ""2"": ",joe-gradual,False,,225,0.4603397048658725,0.4509025078917666,0.4603397048658725,0.9005844960510712,0.038621855167691566,0.08395038165027047,0.017383367089173818,0.19082357179261855,rise,rise
28423,28519,96,hit,1275.0,20725.0,,0.5434,0.5606,0.0172,flat,2.2817,2.4096,0.0561,,,0,gradual/high/recurring_gradual_friedman_100k_g00.csv,htr/error,"{""buffer_len"": 97, ""merged"": [], ""collection_size"": 2, ""current_idx"": 1, ""best_idx"": 0, ""acc_current_on_warning"": 0.46654450036904815, ""acc_best_on_warning"": 0.46654450036904815, ""acc_new_on_warning"": 0.33952897225950907, ""winner_initial"": ""reused_copy"", ""acc_on_buffer"": {""0"": 0.46654450036904815}, ""similarity_metric"": ""residual_pearson"", ""merge_pairs"": [], ""slot_eras"": {""0"": 0, ""1"": 1}, ""score_se",joe-gradual,False,,97,0.4665445003690481,0.339528972259509,0.4665445003690481,1.0149256673736968,0.025069113154508882,0.167958649290477,0.029103320093814056,0.12188615376328471,rise,rise
34215,34535,320,orphan,7067.0,14933.0,5792.0,0.5064,0.5567,0.0503,rise,1.9468,2.4944,0.2813,,,0,gradual/high/recurring_gradual_friedman_100k_g00.csv,htr/error,"{""buffer_len"": 321, ""merged"": [1], ""collection_size"": 2, ""current_idx"": 2, ""best_idx"": 0, ""acc_current_on_warning"": 0.4111788432944592, ""acc_best_on_warning"": 0.4111788432944592, ""acc_new_on_warning"": 0.41567470826720077, ""winner_initial"": ""reused_copy"", ""acc_on_buffer"": {""0"": 0.4111788432944592}, ""similarity_metric"": ""residual_pearson"", ""merge_pairs"": [[0, 1]], ""slot_eras"": {""0"": 0, ""1"": 1, ""2"": ",joe-gradual,False,,321,0.4111788432944592,0.4156747082672007,0.4111788432944592,1.3157770941696703,0.00041067513762094165,0.00023571865390037416,-0.006388790575250769,-0.0023093234822234576,flat,flat
36071,36583,512,orphan,8923.0,13077.0,1856.0,0.5098,0.5436,0.0338,rise,2.0202,2.3318,0.1543,,929.0,0,gradual/high/recurring_gradual_friedman_100k_g00.csv,htr/error,"{""buffer_len"": 513, ""merged"": [2], ""collection_size"": 2, ""current_idx"": 3, ""best_idx"": 0, ""acc_current_on_warning"": 0.42573461921853173, ""acc_best_on_warning"": 0.42573461921853173, ""acc_new_on_warning"": 0.4381917817252994, ""winner_initial"": ""reused_copy"", ""acc_on_buffer"": {""0"": 0.42573461921853173}, ""similarity_metric"": ""residual_pearson"", ""merge_pairs"": [[0, 2]], ""slot_eras"": {""0"": 0, ""1"": 1, ""2""",joe-gradual,False,,513,0.4257346192185317,0.4381917817252994,0.4257346192185317,1.1721639780002544,-0.017513222784354632,-0.0735010340167882,-0.0229639823625013,-0.07413842950197258,fall,flat
38631,38631,0,orphan,11483.0,10517.0,2560.0,0.496,0.5056,0.0095,flat,1.9039,1.9725,0.036,,2045.0,0,gradual/high/recurring_gradual_friedman_100k_g00.csv,htr/error,"{""buffer_len"": 1, ""merged"": [], ""collection_size"": 3, ""current_idx"": 4, ""best_idx"": 3, ""acc_current_on_warning"": 0.6523605269424708, ""acc_best_on_warning"": 0.6523605269424708, ""acc_new_on_warning"": 0.0, ""winner_initial"": ""reused_copy"", ""acc_on_buffer"": {""0"": 0.6284392282047824, ""3"": 0.6523605269424708}, ""similarity_metric"": ""residual_pearson"", ""merge_pairs"": [], ""slot_eras"": {""0"": 0, ""1"": 1, ""2"": ",joe-gradual,False,,1,0.6523605269424708,0.0,0.6523605269424708,1.0840512915106888,-0.03070776084625426,-0.07311553887973854,-0.021703451865088486,-0.13170834864098646,fall,fall
42567,49639,7072,orphan,15419.0,6581.0,3936.0,0.4753,0.5562,0.081,rise,1.6958,2.5279,0.4907,,5981.0,0,gradual/high/recurring_gradual_friedman_100k_g00.csv,htr/error,"{""buffer_len"": 7073, ""merged"": [3, 4], ""collection_size"": 2, ""current_idx"": 5, ""best_idx"": 0, ""acc_current_on_warning"": 0.41764854421591546, ""acc_best_on_warning"": 0.41764854421591546, ""acc_new_on_warning"": 0.48595713022714837, ""winner_initial"": ""reused_copy"", ""acc_on_buffer"": {""0"": 0.41764854421591546}, ""similarity_metric"": ""residual_pearson"", ""merge_pairs"": [[0, 3], [0, 4]], ""slot_eras"": {""0"": 0",joe-gradual,False,stale_warning,7073,0.4176485442159154,0.4859571302271483,0.4176485442159154,1.0318396363847855,0.07423919637565313,0.09627406431407959,0.015214734615506653,0.4796968361962426,rise,rise
55207,55335,128,orphan,6059.0,,12640.0,0.5207,0.5066,-0.0142,flat,2.1703,2.0403,-0.0599,masked_fall,5554.0,0,gradual/high/recurring_gradual_friedman_100k_g00.csv,htr/error,"{""buffer_len"": 129, ""merged"": [], ""collection_size"": 3, ""current_idx"": 6, ""best_idx"": 5, ""acc_current_on_warning"": 0.47571870025040064, ""acc_best_on_warning"": 0.47571870025040064, ""acc_new_on_warning"": 0.4022221632716818, ""winner_initial"": ""reused_copy"", ""acc_on_buffer"": {""0"": 0.3581050448863523, ""5"": 0.47571870025040064}, ""similarity_metric"": ""residual_pearson"", ""merge_pairs"": [], ""slot_eras"": {""",joe-gradual,False,,129,0.4757187002504006,0.4022221632716818,0.4757187002504006,0.9728363945622839,-0.024619355901544515,0.0864818669816021,0.016847269514527308,-0.1085573929507947,fall,fall
59943,59943,0,orphan,10795.0,,4736.0,0.4725,0.5209,0.0484,rise,1.7063,2.1804,0.2779,,666.0,0,gradual/high/recurring_gradual_friedman_100k_g00.csv,htr/error,"{""buffer_len"": 1, ""merged"": [], ""collection_size"": 4, ""current_idx"": 7, ""best_idx"": 5, ""acc_current_on_warning"": 0.3794059308210903, ""acc_best_on_warning"": 0.6408952176177951, ""acc_new_on_warning"": 0.0, ""winner_initial"": ""reused_copy"", ""acc_on_buffer"": {""0"": 0.3989135506816215, ""5"": 0.6408952176177951, ""6"": 0.3794059308210903}, ""similarity_metric"": ""residual_pearson"", ""merge_pairs"": [], ""slot_eras",joe-gradual,False,,1,0.6408952176177951,0.0,0.3794059308210903,1.1990544364207902,-0.023756676032811896,-0.18602731622544277,-0.044254154976784754,-0.1193684639557373,fall,fall
64135,64519,384,orphan,14987.0,,4192.0,0.4823,0.4753,-0.007,flat,1.8103,1.757,-0.0294,,4858.0,0,gradual/high/recurring_gradual_friedman_100k_g00.csv,htr/error,"{""buffer_len"": 385, ""merged"": [5, 7], ""collection_size"": 3, ""current_idx"": 8, ""best_idx"": 6, ""acc_current_on_warning"": 0.34301464034714657, ""acc_best_on_warning"": 0.5124713450305235, ""acc_new_on_warning"": 0.43545030579649446, ""winner_initial"": ""reused_copy"", ""acc_on_buffer"": {""0"": 0.34301464034714657, ""6"": 0.5124713450305235}, ""similarity_metric"": ""residual_pearson"", ""merge_pairs"": [[6, 5], [6, 7]",joe-gradual,False,,385,0.5124713450305235,0.4354503057964944,0.3430146403471465,1.042581944094096,-0.009158419782414162,-0.02308606261539814,-0.0051819229536858025,-0.04899454578521778,flat,flat
34343,34503,160,orphan,7195.0,14805.0,,0.4758,0.4606,-0.0152,flat,2.598,2.3976,-0.0771,masked_fall,,0,gradual/high/recurring_gradual_friedman_100k_g00.csv,hfr/error,"{""buffer_len"": 161, ""merged"": [], ""collection_size"": 2, ""current_idx"": 1, ""best_idx"": 0, ""acc_current_on_warning"": 0.533186548811599, ""acc_best_on_warning"": 0.533186548811599, ""acc_new_on_warning"": 0.49816855762371803, ""winner_initial"": ""reused_copy"", ""acc_on_buffer"": {""0"": 0.533186548811599}, ""similarity_metric"": ""residual_pearson"", ""merge_pairs"": [], ""slot_eras"": {""0"": 0, ""1"": 1}, ""score_semanti",joe-gradual,False,,161,0.533186548811599,0.498168557623718,0.533186548811599,0.9652998652741728,0.0015206327113369,-0.09858803466850674,-0.02102188525286869,0.0035024812955464224,flat,flat
50119,50247,128,hit,971.0,,15776.0,0.518,0.5157,-0.0023,flat,3.0095,2.9938,-0.0052,,15612.0,0,gradual/high/recurring_gradual_friedman_100k_g00.csv,hfr/error,"{""buffer_len"": 129, ""merged"": [0], ""collection_size"": 2, ""current_idx"": 2, ""best_idx"": 1, ""acc_current_on_warning"": 0.48669719149764556, ""acc_best_on_warning"": 0.48669719149764556, ""acc_new_on_warning"": 0.4886430246126937, ""winner_initial"": ""reused_copy"", ""acc_on_buffer"": {""1"": 0.48669719149764556}, ""similarity_metric"": ""residual_pearson"", ""merge_pairs"": [[1, 0]], ""slot_eras"": {""0"": 0, ""1"": 1, ""2""",joe-gradual,False,,129,0.4866971914976455,0.4886430246126937,0.4866971914976455,0.9110100140478784,0.028479827748489228,0.09772752757655967,0.020987095652039378,0.14187601942017602,rise,rise
68679,69127,448,orphan,19531.0,,18560.0,0.5165,0.517,0.0004,flat,3.0452,3.0557,0.0034,,9757.0,0,gradual/high/recurring_gradual_friedman_100k_g00.csv,hfr/error,"{""buffer_len"": 449, ""merged"": [2], ""collection_size"": 2, ""current_idx"": 3, ""best_idx"": 1, ""acc_current_on_warning"": 0.46466382608422363, ""acc_best_on_warning"": 0.46466382608422363, ""acc_new_on_warning"": 0.4962301396476386, ""winner_initial"": ""reused_copy"", ""acc_on_buffer"": {""1"": 0.46466382608422363}, ""similarity_metric"": ""residual_pearson"", ""merge_pairs"": [[1, 2]], ""slot_eras"": {""0"": 0, ""1"": 1, ""2""",joe-gradual,False,,449,0.4646638260842236,0.4962301396476386,0.4646638260842236,1.126975048145097,-0.013741404115375055,-0.02170779807794032,-0.005864761274861907,-0.05837484197366671,fall,flat
7367,7367,0,orphan,,14016.0,,0.4632,0.4815,0.0183,flat,1.6466,1.8121,0.1005,,,0,gradual/high/recurring_gradual_friedman_100k_g01.csv,htr/error,"{""buffer_len"": 1, ""merged"": [], ""collection_size"": 2, ""current_idx"": 1, ""best_idx"": 0, ""acc_current_on_warning"": 0.6883442233341821, ""acc_best_on_warning"": 0.6883442233341821, ""acc_new_on_warning"": 0.0, ""winner_initial"": ""reused_copy"", ""acc_on_buffer"": {""0"": 0.6883442233341821}, ""similarity_metric"": ""residual_pearson"", ""merge_pairs"": [], ""slot_eras"": {""0"": 0, ""1"": 1}, ""score_semantics"": ""1_minus_m",joe-gradual,False,,1,0.6883442233341821,0.0,0.6883442233341821,1.1544120193697154,-0.021505703260630282,-0.11542835496564674,0.001417004005259681,-0.12110599134438893,fall,fall
21831,21831,0,hit,448.0,29222.0,14464.0,0.5717,0.5613,-0.0105,flat,2.5945,2.4726,-0.047,,,0,gradual/high/recurring_gradual_friedman_100k_g01.csv,htr/error,"{""buffer_len"": 1, ""merged"": [], ""collection_size"": 3, ""current_idx"": 2, ""best_idx"": 0, ""acc_current_on_warning"": 0.003285601847735631, ""acc_best_on_warning"": 0.024405627480463377, ""acc_new_on_warning"": 0.0, ""winner_initial"": ""reused_copy"", ""acc_on_buffer"": {""0"": 0.024405627480463377, ""1"": 0.003285601847735631}, ""similarity_metric"": ""residual_pearson"", ""merge_pairs"": [], ""slot_eras"": {""0"": 0, ""1"": ",joe-gradual,False,,1,0.0244056274804633,0.0,0.0032856018477356,0.8431824698104189,0.08346776173268383,0.07497324474629119,0.014702336644970282,0.5001895377616037,rise,rise
29511,29511,0,orphan,8128.0,21542.0,7680.0,0.5083,0.5646,0.0563,rise,2.0434,2.671,0.3071,,,0,gradual/high/recurring_gradual_friedman_100k_g01.csv,htr/error,"{""buffer_len"": 1, ""merged"": [], ""collection_size"": 4, ""current_idx"": 3, ""best_idx"": 1, ""acc_current_on_warning"": 0.5837394936549354, ""acc_best_on_warning"": 0.6041202698316596, ""acc_new_on_warning"": 0.0, ""winner_initial"": ""reused_copy"", ""acc_on_buffer"": {""0"": 0.3579068887144674, ""1"": 0.6041202698316596, ""2"": 0.5837394936549354}, ""similarity_metric"": ""residual_pearson"", ""merge_pairs"": [], ""slot_eras",joe-gradual,False,,1,0.6041202698316596,0.0,0.5837394936549354,1.3048152488888152,-0.015287979371166438,-0.018484785560470174,-0.01174785242969012,-0.07398498517197827,fall,flat
31047,31047,0,orphan,9664.0,20006.0,1536.0,0.5109,0.5057,-0.0053,flat,2.1191,2.0561,-0.0297,,1495.0,0,gradual/high/recurring_gradual_friedman_100k_g01.csv,htr/error,"{""buffer_len"": 1, ""merged"": [], ""collection_size"": 5, ""current_idx"": 4, ""best_idx"": 2, ""acc_current_on_warning"": 0.4594856527821275, ""acc_best_on_warning"": 0.5061137964388525, ""acc_new_on_warning"": 0.3495854210220368, ""winner_initial"": ""reused_copy"", ""acc_on_buffer"": {""0"": 0.25544205551463217, ""1"": 0.4638900297192222, ""2"": 0.5061137964388525, ""3"": 0.4594856527821275}, ""similarity_metric"": ""residua",joe-gradual,False,,1,0.5061137964388525,0.3495854210220368,0.4594856527821275,1.0690306150098523,-0.027641103386890964,-0.04454457044321991,-0.018535059376122986,-0.11182733845621562,fall,fall
40199,43335,3136,orphan,18816.0,10854.0,9152.0,0.4681,0.4816,0.0134,flat,1.6482,1.7761,0.0776,,10647.0,0,gradual/high/recurring_gradual_friedman_100k_g01.csv,htr/error,"{""buffer_len"": 3137, ""merged"": [1, 2, 3], ""collection_size"": 3, ""current_idx"": 5, ""best_idx"": 4, ""acc_current_on_warning"": 0.5190154716880053, ""acc_best_on_warning"": 0.5190154716880053, ""acc_new_on_warning"": 0.521258660157722, ""winner_initial"": ""reused_copy"", ""acc_on_buffer"": {""0"": 0.37566331437397615, ""4"": 0.5190154716880053}, ""similarity_metric"": ""residual_pearson"", ""merge_pairs"": [[0, 1], [0, 2",joe-gradual,False,,3137,0.5190154716880053,0.521258660157722,0.5190154716880053,1.0364306075662075,0.002305659714227193,-0.01529137470007147,-0.0009278289484282443,0.0058005901404110105,flat,flat
51303,51335,32,hit,250.0,,11104.0,0.5131,0.5826,0.0695,rise,2.1492,2.8103,0.3076,,3689.0,0,gradual/high/recurring_gradual_friedman_100k_g01.csv,htr/error,"{""buffer_len"": 33, ""merged"": [5], ""collection_size"": 3, ""current_idx"": 6, ""best_idx"": 4, ""acc_current_on_warning"": 0.32243858573334827, ""acc_best_on_warning"": 0.4761192765686576, ""acc_new_on_warning"": 0.25029825331571887, ""winner_initial"": ""reused_copy"", ""acc_on_buffer"": {""0"": 0.32243858573334827, ""4"": 0.4761192765686576}, ""similarity_metric"": ""residual_pearson"", ""merge_pairs"": [[0, 5]], ""slot_era",joe-gradual,False,,33,0.4761192765686576,0.2502982533157188,0.3224385857333482,1.061841943159026,0.04536733427166295,0.004338926009655797,0.0013768978006600818,0.32956300123443016,rise,rise
58247,58375,128,orphan,7194.0,,6944.0,0.5178,0.5646,0.0468,rise,2.1714,2.6461,0.2186,,2.0,1,gradual/high/recurring_gradual_friedman_100k_g01.csv,htr/error,"{""buffer_len"": 129, ""merged"": [6], ""collection_size"": 3, ""current_idx"": 7, ""best_idx"": 4, ""acc_current_on_warning"": 0.34441653374921755, ""acc_best_on_warning"": 0.35397909423697327, ""acc_new_on_warning"": 0.40285891349778746, ""winner_initial"": ""reused_copy"", ""acc_on_buffer"": {""0"": 0.34441653374921755, ""4"": 0.35397909423697327}, ""similarity_metric"": ""residual_pearson"", ""merge_pairs"": [[0, 6]], ""slot_",joe-gradual,False,,129,0.3539790942369732,0.4028589134977874,0.3444165337492175,1.3735442067308214,-0.022324313102222937,0.05018086326312554,0.008261676511624683,-0.09076047571717383,fall,fall
59911,59911,0,orphan,8858.0,,1664.0,0.5126,0.5027,-0.0099,flat,2.1182,2.0236,-0.0447,,1535.0,0,gradual/high/recurring_gradual_friedman_100k_g01.csv,htr/error,"{""buffer_len"": 1, ""merged"": [], ""collection_size"": 4, ""current_idx"": 8, ""best_idx"": 7, ""acc_current_on_warning"": 0.4060080766614562, ""acc_best_on_warning"": 0.4060080766614562, ""acc_new_on_warning"": 0.0, ""winner_initial"": ""reused_copy"", ""acc_on_buffer"": {""0"": 0.0, ""4"": 0.0335900814184622, ""7"": 0.4060080766614562}, ""similarity_metric"": ""residual_pearson"", ""merge_pairs"": [], ""slot_eras"": {""0"": 0, ""1""",joe-gradual,False,,1,0.4060080766614562,0.0,0.4060080766614562,0.9908807296242765,-0.028751319152223842,-0.06911491921120616,-0.018406977191107732,-0.1245101381242516,fall,fall
63975,64743,768,orphan,12922.0,,4064.0,0.4682,0.4719,0.0037,flat,1.6779,1.7231,0.027,,5599.0,0,gradual/high/recurring_gradual_friedman_100k_g01.csv,htr/error,"{""buffer_len"": 769, ""merged"": [7], ""collection_size"": 4, ""current_idx"": 9, ""best_idx"": 8, ""acc_current_on_warning"": 0.5247639029653097, ""acc_best_on_warning"": 0.5247639029653097, ""acc_new_on_warning"": 0.460545091644723, ""winner_initial"": ""reused_copy"", ""acc_on_buffer"": {""0"": 0.33968394869888074, ""4"": 0.3366979478921216, ""8"": 0.5247639029653097}, ""similarity_metric"": ""residual_pearson"", ""merge_pair",joe-gradual,False,,769,0.5247639029653097,0.460545091644723,0.5247639029653097,1.1504247540162849,-0.008876730427094082,-0.2101148619278158,-0.047473672127926636,-0.06265033236402506,fall,flat
82151,82151,0,orphan,31098.0,,18176.0,0.4607,0.5979,0.1372,rise,1.5525,2.9691,0.9125,,17399.0,0,gradual/high/recurring_gradual_friedman_100k_g01.csv,htr/error,"{""buffer_len"": 1, ""merged"": [], ""collection_size"": 5, ""current_idx"": 10, ""best_idx"": 0, ""acc_current_on_warning"": 0.357316576412426, ""acc_best_on_warning"": 0.43342280102675756, ""acc_new_on_warning"": 0.0, ""winner_initial"": ""reused_copy"", ""acc_on_buffer"": {""0"": 0.43342280102675756, ""4"": 0.0, ""8"": 0.35076679633698726, ""9"": 0.357316576412426}, ""similarity_metric"": ""residual_pearson"", ""merge_pairs"": []",joe-gradual,False,,1,0.4334228010267575,0.0,0.357316576412426,2.1447776383947996,-0.003038641988523272,-0.05033958751385892,-0.0073066031738394654,-0.022226217664501946,flat,flat
82983,83111,128,orphan,31930.0,,832.0,0.5602,0.4716,-0.0886,fall,2.5409,1.6564,-0.3481,,809.0,0,gradual/high/recurring_gradual_friedman_100k_g01.csv,htr/error,"{""buffer_len"": 129, ""merged"": [4, 8, 10], ""collection_size"": 3, ""current_idx"": 11, ""best_idx"": 9, ""acc_current_on_warning"": 0.33748981095554775, ""acc_best_on_warning"": 0.5250562062754558, ""acc_new_on_warning"": 0.40342364970328415, ""winner_initial"": ""reused_copy"", ""acc_on_buffer"": {""0"": 0.33748981095554775, ""9"": 0.5250562062754558}, ""similarity_metric"": ""residual_pearson"", ""merge_pairs"": [[0, 4], [",joe-gradual,False,,129,0.5250562062754558,0.4034236497032841,0.3374898109555477,0.7447488281320853,0.04594250822533352,0.1195125034651976,0.021031611512671966,0.2151876788935172,rise,rise
31847,32071,224,orphan,10464.0,19206.0,,0.4694,0.4764,0.007,flat,2.4528,2.533,0.0327,,,0,gradual/high/recurring_gradual_friedman_100k_g01.csv,hfr/error,"{""buffer_len"": 225, ""merged"": [], ""collection_size"": 2, ""current_idx"": 1, ""best_idx"": 0, ""acc_current_on_warning"": 0.5477273596644466, ""acc_best_on_warning"": 0.5477273596644466, ""acc_new_on_warning"": 0.5365453703529284, ""winner_initial"": ""reused_copy"", ""acc_on_buffer"": {""0"": 0.5477273596644466}, ""similarity_metric"": ""residual_pearson"", ""merge_pairs"": [], ""slot_eras"": {""0"": 0, ""1"": 1}, ""score_seman",joe-gradual,False,,225,0.5477273596644466,0.5365453703529284,0.5477273596644466,1.157862778654413,-0.015674422224269735,-0.12002770946746877,-0.02311820208158405,-0.08258164639375776,fall,flat
52039,52071,32,hit,986.0,,20192.0,0.515,0.5153,0.0002,flat,2.8735,2.8847,0.0039,,6644.0,0,gradual/high/recurring_gradual_friedman_100k_g01.csv,hfr/error,"{""buffer_len"": 33, ""merged"": [0], ""collection_size"": 2, ""current_idx"": 2, ""best_idx"": 1, ""acc_current_on_warning"": 0.44057244364497483, ""acc_best_on_warning"": 0.44057244364497483, ""acc_new_on_warning"": 0.4338685449437696, ""winner_initial"": ""reused_copy"", ""acc_on_buffer"": {""1"": 0.44057244364497483}, ""similarity_metric"": ""residual_pearson"", ""merge_pairs"": [[1, 0]], ""slot_eras"": {""0"": 0, ""1"": 1, ""2"":",joe-gradual,False,,33,0.4405724436449748,0.4338685449437696,0.4405724436449748,0.9840232346368555,0.024889245280215522,0.05217320748161791,0.012083156462087574,0.11633648055479373,rise,rise
86983,87303,320,orphan,35930.0,,34944.0,0.5003,0.5067,0.0064,flat,2.8126,2.9038,0.0324,,34907.0,0,gradual/high/recurring_gradual_friedman_100k_g01.csv,hfr/error,"{""buffer_len"": 321, ""merged"": [2], ""collection_size"": 2, ""current_idx"": 3, ""best_idx"": 1, ""acc_current_on_warning"": 0.4767582550195828, ""acc_best_on_warning"": 0.4767582550195828, ""acc_new_on_warning"": 0.4927770662199614, ""winner_initial"": ""reused_copy"", ""acc_on_buffer"": {""1"": 0.4767582550195828}, ""similarity_metric"": ""residual_pearson"", ""merge_pairs"": [[1, 2]], ""slot_eras"": {""0"": 0, ""1"": 1, ""2"": 2",joe-gradual,False,,321,0.4767582550195828,0.4927770662199614,0.4767582550195828,1.1893256159010186,-0.009758914905164728,-0.017104830086244416,-0.0047156131906191945,-0.04120132916706687,flat,flat
