warning_t,confirmation_t,confirm_age,label,gap_prev_gt,gap_next_gt,gap_prev_det,norm_before,norm_after,norm_delta,direction,raw_before,raw_after,raw_rel_change,discord,swap_gap,swap_within,dataset,config,stage3
5511,9415,3904,orphan,,2609,,0.4894,0.4875,-0.0019,flat,1.8887,1.7909,-0.0518,masked_fall,,0,sudden/low/recurring_sudden_friedman_100k_g00.csv,htr/error,"{""buffer_len"": 3905, ""merged"": [], ""collection_size"": 2, ""current_idx"": 1, ""best_idx"": 0, ""acc_current_on_warning"": 0.5136336077578978, ""acc_best_on_warning"": 0.5136336077578978, ""acc_new_on_warning"": 0.48083656215070913, ""winner_initial"": ""reused_copy"", ""acc_on_buffer"": {""0"": 0.5136336077578978}, ""similarity_metric"": ""residual_pearson"", ""merge_pairs"": [], ""slot_eras"": {""0"": 0, ""1"": 1}, ""score_sem"
46023,46119,96,hit,665,28923,40512,0.5515,0.5371,-0.0144,flat,2.1185,2.0458,-0.0343,,36526,0,sudden/low/recurring_sudden_friedman_100k_g00.csv,htr/error,"{""buffer_len"": 97, ""merged"": [1], ""collection_size"": 2, ""current_idx"": 2, ""best_idx"": 0, ""acc_current_on_warning"": 0.45699770443607934, ""acc_best_on_warning"": 0.45699770443607934, ""acc_new_on_warning"": 0.3350100489563418, ""winner_initial"": ""reused_copy"", ""acc_on_buffer"": {""0"": 0.45699770443607934}, ""similarity_metric"": ""residual_pearson"", ""merge_pairs"": [[0, 1]], ""slot_eras"": {""0"": 0, ""1"": 1, ""2"":"
50471,54535,4064,orphan,5113,24475,4448,0.5091,0.5197,0.0107,flat,1.7829,1.9273,0.081,,40974,0,sudden/low/recurring_sudden_friedman_100k_g00.csv,htr/error,"{""buffer_len"": 4065, ""merged"": [2], ""collection_size"": 2, ""current_idx"": 3, ""best_idx"": 0, ""acc_current_on_warning"": 0.44468119159240893, ""acc_best_on_warning"": 0.44468119159240893, ""acc_new_on_warning"": 0.4746325482607122, ""winner_initial"": ""reused_copy"", ""acc_on_buffer"": {""0"": 0.44468119159240893}, ""similarity_metric"": ""residual_pearson"", ""merge_pairs"": [[0, 2]], ""slot_eras"": {""0"": 0, ""1"": 1, ""2"
63111,63719,608,orphan,17753,11835,12640,0.4941,0.5344,0.0403,rise,1.6837,2.0668,0.2276,,8575,0,sudden/low/recurring_sudden_friedman_100k_g00.csv,htr/error,"{""buffer_len"": 609, ""merged"": [3], ""collection_size"": 2, ""current_idx"": 4, ""best_idx"": 0, ""acc_current_on_warning"": 0.44137317228812867, ""acc_best_on_warning"": 0.44137317228812867, ""acc_new_on_warning"": 0.4146933729503337, ""winner_initial"": ""reused_copy"", ""acc_on_buffer"": {""0"": 0.44137317228812867}, ""similarity_metric"": ""residual_pearson"", ""merge_pairs"": [[0, 3]], ""slot_eras"": {""0"": 0, ""1"": 1, ""2"""
71399,72615,1216,orphan,26041,3547,8288,0.4966,0.522,0.0254,rise,1.7204,1.9651,0.1422,,7641,0,sudden/low/recurring_sudden_friedman_100k_g00.csv,htr/error,"{""buffer_len"": 1217, ""merged"": [4], ""collection_size"": 2, ""current_idx"": 5, ""best_idx"": 0, ""acc_current_on_warning"": 0.44666899949868144, ""acc_best_on_warning"": 0.44666899949868144, ""acc_new_on_warning"": 0.4473918854934248, ""winner_initial"": ""reused_copy"", ""acc_on_buffer"": {""0"": 0.44666899949868144}, ""similarity_metric"": ""residual_pearson"", ""merge_pairs"": [[0, 4]], ""slot_eras"": {""0"": 0, ""1"": 1, ""2"
76455,76455,0,orphan,1509,,5056,0.4899,0.5141,0.0242,rise,1.6784,1.8862,0.1238,,3814,0,sudden/low/recurring_sudden_friedman_100k_g00.csv,htr/error,"{""buffer_len"": 1, ""merged"": [], ""collection_size"": 3, ""current_idx"": 6, ""best_idx"": 0, ""acc_current_on_warning"": 0.5558872832711108, ""acc_best_on_warning"": 0.5904266682849211, ""acc_new_on_warning"": 0.0, ""winner_initial"": ""reused_copy"", ""acc_on_buffer"": {""0"": 0.5904266682849211, ""5"": 0.5558872832711108}, ""similarity_metric"": ""residual_pearson"", ""merge_pairs"": [], ""slot_eras"": {""0"": 0, ""1"": 1, ""2"": "
5511,9415,3904,orphan,,2609,,0.4894,0.4875,-0.0019,flat,1.8887,1.7909,-0.0518,masked_fall,,0,sudden/low/recurring_sudden_friedman_100k_g00.csv,htr-mwa50/error,"{""buffer_len"": 3905, ""merged"": [], ""collection_size"": 2, ""current_idx"": 1, ""best_idx"": 0, ""acc_current_on_warning"": 0.5136336077578978, ""acc_best_on_warning"": 0.5136336077578978, ""acc_new_on_warning"": 0.48083656215070913, ""winner_initial"": ""reused_copy"", ""acc_on_buffer"": {""0"": 0.5136336077578978}, ""similarity_metric"": ""residual_pearson"", ""merge_pairs"": [], ""slot_eras"": {""0"": 0, ""1"": 1}, ""score_sem"
46023,46119,96,hit,665,28923,40512,0.5515,0.5371,-0.0144,flat,2.1185,2.0458,-0.0343,,36526,0,sudden/low/recurring_sudden_friedman_100k_g00.csv,htr-mwa50/error,"{""buffer_len"": 97, ""merged"": [1], ""collection_size"": 2, ""current_idx"": 2, ""best_idx"": 0, ""acc_current_on_warning"": 0.45699770443607934, ""acc_best_on_warning"": 0.45699770443607934, ""acc_new_on_warning"": 0.3350100489563418, ""winner_initial"": ""reused_copy"", ""acc_on_buffer"": {""0"": 0.45699770443607934}, ""similarity_metric"": ""residual_pearson"", ""merge_pairs"": [[0, 1]], ""slot_eras"": {""0"": 0, ""1"": 1, ""2"":"
50471,54535,4064,orphan,5113,24475,4448,0.5091,0.5197,0.0107,flat,1.7829,1.9273,0.081,,40974,0,sudden/low/recurring_sudden_friedman_100k_g00.csv,htr-mwa50/error,"{""buffer_len"": 4065, ""merged"": [2], ""collection_size"": 2, ""current_idx"": 3, ""best_idx"": 0, ""acc_current_on_warning"": 0.44468119159240893, ""acc_best_on_warning"": 0.44468119159240893, ""acc_new_on_warning"": 0.4746325482607122, ""winner_initial"": ""reused_copy"", ""acc_on_buffer"": {""0"": 0.44468119159240893}, ""similarity_metric"": ""residual_pearson"", ""merge_pairs"": [[0, 2]], ""slot_eras"": {""0"": 0, ""1"": 1, ""2"
63111,63719,608,orphan,17753,11835,12640,0.4941,0.5344,0.0403,rise,1.6837,2.0668,0.2276,,8575,0,sudden/low/recurring_sudden_friedman_100k_g00.csv,htr-mwa50/error,"{""buffer_len"": 609, ""merged"": [3], ""collection_size"": 2, ""current_idx"": 4, ""best_idx"": 0, ""acc_current_on_warning"": 0.44137317228812867, ""acc_best_on_warning"": 0.44137317228812867, ""acc_new_on_warning"": 0.4146933729503337, ""winner_initial"": ""reused_copy"", ""acc_on_buffer"": {""0"": 0.44137317228812867}, ""similarity_metric"": ""residual_pearson"", ""merge_pairs"": [[0, 3]], ""slot_eras"": {""0"": 0, ""1"": 1, ""2"""
71399,72615,1216,orphan,26041,3547,8288,0.4966,0.522,0.0254,rise,1.7204,1.9651,0.1422,,7641,0,sudden/low/recurring_sudden_friedman_100k_g00.csv,htr-mwa50/error,"{""buffer_len"": 1217, ""merged"": [4], ""collection_size"": 2, ""current_idx"": 5, ""best_idx"": 0, ""acc_current_on_warning"": 0.44666899949868144, ""acc_best_on_warning"": 0.44666899949868144, ""acc_new_on_warning"": 0.4473918854934248, ""winner_initial"": ""reused_copy"", ""acc_on_buffer"": {""0"": 0.44666899949868144}, ""similarity_metric"": ""residual_pearson"", ""merge_pairs"": [[0, 4]], ""slot_eras"": {""0"": 0, ""1"": 1, ""2"
76455,76504,49,orphan,1509,,5056,0.4899,0.5108,0.0208,rise,1.6784,1.8523,0.1036,,3814,0,sudden/low/recurring_sudden_friedman_100k_g00.csv,htr-mwa50/error,"{""buffer_len"": 50, ""merged"": [5], ""collection_size"": 2, ""current_idx"": 6, ""best_idx"": 0, ""acc_current_on_warning"": 0.42160295859099195, ""acc_best_on_warning"": 0.42160295859099195, ""acc_new_on_warning"": 0.3510858759768284, ""winner_initial"": ""reused_copy"", ""acc_on_buffer"": {""0"": 0.42160295859099195}, ""similarity_metric"": ""residual_pearson"", ""merge_pairs"": [[0, 5]], ""slot_eras"": {""0"": 0, ""1"": 1, ""2"":"
92839,92888,49,orphan,17893,,16384,0.4812,0.5109,0.0297,rise,1.5867,1.8369,0.1577,,20198,0,sudden/low/recurring_sudden_friedman_100k_g00.csv,htr-mwa50/error,"{""buffer_len"": 50, ""merged"": [6], ""collection_size"": 2, ""current_idx"": 7, ""best_idx"": 0, ""acc_current_on_warning"": 0.48348875226511145, ""acc_best_on_warning"": 0.48348875226511145, ""acc_new_on_warning"": 0.3269903979441223, ""winner_initial"": ""reused_copy"", ""acc_on_buffer"": {""0"": 0.48348875226511145}, ""similarity_metric"": ""residual_pearson"", ""merge_pairs"": [[0, 6]], ""slot_eras"": {""0"": 0, ""1"": 1, ""2"":"
5511,9415,3904,orphan,,2609,,0.4894,0.4797,-0.0097,flat,1.8887,1.7755,-0.0599,masked_fall,,0,sudden/low/recurring_sudden_friedman_100k_g00.csv,htr-nr/error,"{""buffer_len"": 3905, ""merged"": [], ""collection_size"": 2, ""current_idx"": 1, ""best_idx"": 0, ""acc_current_on_warning"": 0.5136336077578978, ""acc_best_on_warning"": 0.5136336077578978, ""acc_new_on_warning"": 0.48083656215070913, ""winner_initial"": ""reused_copy"", ""acc_on_buffer"": {""0"": 0.5136336077578978}, ""similarity_metric"": ""residual_pearson"", ""merge_pairs"": [], ""slot_eras"": {""0"": 0, ""1"": 1}, ""score_sem"
46279,46279,0,hit,921,28667,40768,0.5474,0.5068,-0.0406,fall,2.0269,1.9457,-0.04,fake_fall,36818,0,sudden/low/recurring_sudden_friedman_100k_g00.csv,htr-nr/error,"{""buffer_len"": 1, ""merged"": [], ""collection_size"": 3, ""current_idx"": 2, ""best_idx"": 1, ""acc_current_on_warning"": 0.285018689618998, ""acc_best_on_warning"": 0.285018689618998, ""acc_new_on_warning"": 0.06642978281418799, ""winner_initial"": ""reused_copy"", ""acc_on_buffer"": {""0"": 0.23747179873863922, ""1"": 0.285018689618998}, ""similarity_metric"": ""residual_pearson"", ""merge_pairs"": [], ""slot_eras"": {""0"": 0,"
79047,79143,96,orphan,4101,,32768,0.4759,0.488,0.0122,flat,1.5184,2.018,0.3291,,69586,0,sudden/low/recurring_sudden_friedman_100k_g00.csv,htr-nr/error,"{""buffer_len"": 97, ""merged"": [1, 2], ""collection_size"": 2, ""current_idx"": 3, ""best_idx"": 0, ""acc_current_on_warning"": 0.4767982593219272, ""acc_best_on_warning"": 0.4767982593219272, ""acc_new_on_warning"": 0.38229628904522783, ""winner_initial"": ""reused_copy"", ""acc_on_buffer"": {""0"": 0.4767982593219272}, ""similarity_metric"": ""residual_pearson"", ""merge_pairs"": [[0, 1], [0, 2]], ""slot_eras"": {""0"": 0, ""1"""
16583,16583,0,orphan,,2371,,0.4822,0.4892,0.007,flat,1.6938,1.7528,0.0348,,,0,sudden/low/recurring_sudden_friedman_100k_g01.csv,htr/error,"{""buffer_len"": 1, ""merged"": [], ""collection_size"": 2, ""current_idx"": 1, ""best_idx"": 0, ""acc_current_on_warning"": 0.46027440835323685, ""acc_best_on_warning"": 0.46027440835323685, ""acc_new_on_warning"": 0.0, ""winner_initial"": ""reused_copy"", ""acc_on_buffer"": {""0"": 0.46027440835323685}, ""similarity_metric"": ""residual_pearson"", ""merge_pairs"": [], ""slot_eras"": {""0"": 0, ""1"": 1}, ""score_semantics"": ""1_minu"
19111,19271,160,hit,157,10397,2528,0.5167,0.5195,0.0029,flat,2.0017,2.031,0.0146,,,0,sudden/low/recurring_sudden_friedman_100k_g01.csv,htr/error,"{""buffer_len"": 161, ""merged"": [1], ""collection_size"": 2, ""current_idx"": 2, ""best_idx"": 0, ""acc_current_on_warning"": 0.39599029822870246, ""acc_best_on_warning"": 0.39599029822870246, ""acc_new_on_warning"": 0.3193120349091173, ""winner_initial"": ""reused_copy"", ""acc_on_buffer"": {""0"": 0.39599029822870246}, ""similarity_metric"": ""residual_pearson"", ""merge_pairs"": [[0, 1]], ""slot_eras"": {""0"": 0, ""1"": 1, ""2"""
20935,20935,0,echo,1981,8573,1824,0.4883,0.5098,0.0214,rise,1.748,1.9388,0.1092,,1661,0,sudden/low/recurring_sudden_friedman_100k_g01.csv,htr/error,"{""buffer_len"": 1, ""merged"": [], ""collection_size"": 3, ""current_idx"": 3, ""best_idx"": 0, ""acc_current_on_warning"": 0.659205277730631, ""acc_best_on_warning"": 0.6608676721360589, ""acc_new_on_warning"": 0.0, ""winner_initial"": ""reused_copy"", ""acc_on_buffer"": {""0"": 0.6608676721360589, ""2"": 0.659205277730631}, ""similarity_metric"": ""residual_pearson"", ""merge_pairs"": [], ""slot_eras"": {""0"": 0, ""1"": 1, ""2"": 2,"
30759,30919,160,orphan,1251,57905,9824,0.5171,0.6015,0.0844,rise,2.0248,2.8612,0.4131,,11485,0,sudden/low/recurring_sudden_friedman_100k_g01.csv,htr/error,"{""buffer_len"": 161, ""merged"": [2, 3], ""collection_size"": 2, ""current_idx"": 4, ""best_idx"": 0, ""acc_current_on_warning"": 0.2864670011826581, ""acc_best_on_warning"": 0.2864670011826581, ""acc_new_on_warning"": 0.37897552514914445, ""winner_initial"": ""reused_copy"", ""acc_on_buffer"": {""0"": 0.2864670011826581}, ""similarity_metric"": ""residual_pearson"", ""merge_pairs"": [[0, 2], [0, 3]], ""slot_eras"": {""0"": 0, ""1"
31463,31687,224,orphan,1955,57201,704,0.5883,0.5973,0.009,flat,2.7351,2.9092,0.0636,,489,1,sudden/low/recurring_sudden_friedman_100k_g01.csv,htr/error,"{""buffer_len"": 225, ""merged"": [4], ""collection_size"": 2, ""current_idx"": 5, ""best_idx"": 0, ""acc_current_on_warning"": 0.28340867397835257, ""acc_best_on_warning"": 0.28340867397835257, ""acc_new_on_warning"": 0.3547320283055433, ""winner_initial"": ""reused_copy"", ""acc_on_buffer"": {""0"": 0.28340867397835257}, ""similarity_metric"": ""residual_pearson"", ""merge_pairs"": [[0, 4]], ""slot_eras"": {""0"": 0, ""1"": 1, ""2"""
32199,32263,64,orphan,2691,56465,736,0.5938,0.6121,0.0183,flat,2.8757,3.0419,0.0578,,216,1,sudden/low/recurring_sudden_friedman_100k_g01.csv,htr/error,"{""buffer_len"": 65, ""merged"": [5], ""collection_size"": 2, ""current_idx"": 6, ""best_idx"": 0, ""acc_current_on_warning"": 0.2716320434976369, ""acc_best_on_warning"": 0.2716320434976369, ""acc_new_on_warning"": 0.29086509634428226, ""winner_initial"": ""reused_copy"", ""acc_on_buffer"": {""0"": 0.2716320434976369}, ""similarity_metric"": ""residual_pearson"", ""merge_pairs"": [[0, 5]], ""slot_eras"": {""0"": 0, ""1"": 1, ""2"": 2"
32775,32775,0,orphan,3267,55889,576,0.6102,0.5262,-0.084,fall,3.0203,2.1998,-0.2717,,291,1,sudden/low/recurring_sudden_friedman_100k_g01.csv,htr/error,"{""buffer_len"": 1, ""merged"": [], ""collection_size"": 3, ""current_idx"": 7, ""best_idx"": 6, ""acc_current_on_warning"": 0.6358682130821119, ""acc_best_on_warning"": 0.6358682130821119, ""acc_new_on_warning"": 0.0, ""winner_initial"": ""reused_copy"", ""acc_on_buffer"": {""0"": 0.4644461922329721, ""6"": 0.6358682130821119}, ""similarity_metric"": ""residual_pearson"", ""merge_pairs"": [], ""slot_eras"": {""0"": 0, ""1"": 1, ""2"": "
36871,36871,0,orphan,7363,51793,4096,0.4949,0.5161,0.0211,rise,1.8709,2.0944,0.1195,,4387,0,sudden/low/recurring_sudden_friedman_100k_g01.csv,htr/error,"{""buffer_len"": 1, ""merged"": [], ""collection_size"": 4, ""current_idx"": 8, ""best_idx"": 6, ""acc_current_on_warning"": 0.6589402836564999, ""acc_best_on_warning"": 0.6932977588421816, ""acc_new_on_warning"": 0.0, ""winner_initial"": ""reused_copy"", ""acc_on_buffer"": {""0"": 0.3843227808255989, ""6"": 0.6932977588421816, ""7"": 0.6589402836564999}, ""similarity_metric"": ""residual_pearson"", ""merge_pairs"": [], ""slot_eras"
46599,46599,0,orphan,17091,42065,9728,0.502,0.4967,-0.0052,flat,1.9583,1.9543,-0.0021,,14115,0,sudden/low/recurring_sudden_friedman_100k_g01.csv,htr/error,"{""buffer_len"": 1, ""merged"": [], ""collection_size"": 5, ""current_idx"": 9, ""best_idx"": 8, ""acc_current_on_warning"": 0.37695091138775194, ""acc_best_on_warning"": 0.37695091138775194, ""acc_new_on_warning"": 0.0, ""winner_initial"": ""reused_copy"", ""acc_on_buffer"": {""0"": 0.0, ""6"": 0.07150484603740648, ""7"": 0.3048470911339738, ""8"": 0.37695091138775194}, ""similarity_metric"": ""residual_pearson"", ""merge_pairs"": "
77543,89319,11776,orphan,48035,11121,30944,0.4755,0.5063,0.0308,rise,1.6849,2.0173,0.1973,,45059,0,sudden/low/recurring_sudden_friedman_100k_g01.csv,htr/error,"{""buffer_len"": 11777, ""merged"": [6, 7, 8, 9], ""collection_size"": 2, ""current_idx"": 10, ""best_idx"": 0, ""acc_current_on_warning"": 0.294989038646295, ""acc_best_on_warning"": 0.294989038646295, ""acc_new_on_warning"": 0.41027255042327226, ""winner_initial"": ""reused_copy"", ""acc_on_buffer"": {""0"": 0.294989038646295}, ""similarity_metric"": ""residual_pearson"", ""merge_pairs"": [[0, 6], [0, 7], [0, 8], [0, 9]], ""s"
16583,16632,49,orphan,,2371,,0.4822,0.4873,0.0051,flat,1.6938,1.7411,0.0279,,,0,sudden/low/recurring_sudden_friedman_100k_g01.csv,htr-mwa50/error,"{""buffer_len"": 50, ""merged"": [], ""collection_size"": 2, ""current_idx"": 1, ""best_idx"": 0, ""acc_current_on_warning"": 0.5257423715910278, ""acc_best_on_warning"": 0.5257423715910278, ""acc_new_on_warning"": 0.2589368435727276, ""winner_initial"": ""reused_copy"", ""acc_on_buffer"": {""0"": 0.5257423715910278}, ""similarity_metric"": ""residual_pearson"", ""merge_pairs"": [], ""slot_eras"": {""0"": 0, ""1"": 1}, ""score_semant"
19111,19271,160,hit,157,10397,2528,0.5162,0.5196,0.0034,flat,1.9976,2.0295,0.0159,,2477,0,sudden/low/recurring_sudden_friedman_100k_g01.csv,htr-mwa50/error,"{""buffer_len"": 161, ""merged"": [1], ""collection_size"": 2, ""current_idx"": 2, ""best_idx"": 0, ""acc_current_on_warning"": 0.39597719837196943, ""acc_best_on_warning"": 0.39597719837196943, ""acc_new_on_warning"": 0.3193046363084765, ""winner_initial"": ""reused_copy"", ""acc_on_buffer"": {""0"": 0.39597719837196943}, ""similarity_metric"": ""residual_pearson"", ""merge_pairs"": [[0, 1]], ""slot_eras"": {""0"": 0, ""1"": 1, ""2"""
20935,20984,49,echo,1981,8573,1824,0.4884,0.5146,0.0262,rise,1.748,1.9835,0.1347,,1661,0,sudden/low/recurring_sudden_friedman_100k_g01.csv,htr-mwa50/error,"{""buffer_len"": 50, ""merged"": [2], ""collection_size"": 2, ""current_idx"": 3, ""best_idx"": 0, ""acc_current_on_warning"": 0.46172680871619143, ""acc_best_on_warning"": 0.46172680871619143, ""acc_new_on_warning"": 0.2798760109336772, ""winner_initial"": ""reused_copy"", ""acc_on_buffer"": {""0"": 0.46172680871619143}, ""similarity_metric"": ""residual_pearson"", ""merge_pairs"": [[0, 2]], ""slot_eras"": {""0"": 0, ""1"": 1, ""2"":"
30727,30919,192,orphan,1219,57937,9792,0.5113,0.6011,0.0898,rise,1.9723,2.8503,0.4452,,11453,0,sudden/low/recurring_sudden_friedman_100k_g01.csv,htr-mwa50/error,"{""buffer_len"": 193, ""merged"": [3], ""collection_size"": 2, ""current_idx"": 4, ""best_idx"": 0, ""acc_current_on_warning"": 0.2828457994696649, ""acc_best_on_warning"": 0.2828457994696649, ""acc_new_on_warning"": 0.38038103879353746, ""winner_initial"": ""reused_copy"", ""acc_on_buffer"": {""0"": 0.2828457994696649}, ""similarity_metric"": ""residual_pearson"", ""merge_pairs"": [[0, 3]], ""slot_eras"": {""0"": 0, ""1"": 1, ""2"": "
31463,31687,224,orphan,1955,57201,736,0.5888,0.5974,0.0086,flat,2.7352,2.9092,0.0636,,478,1,sudden/low/recurring_sudden_friedman_100k_g01.csv,htr-mwa50/error,"{""buffer_len"": 225, ""merged"": [4], ""collection_size"": 2, ""current_idx"": 5, ""best_idx"": 0, ""acc_current_on_warning"": 0.2832978615999211, ""acc_best_on_warning"": 0.2832978615999211, ""acc_new_on_warning"": 0.3546331882318997, ""winner_initial"": ""reused_copy"", ""acc_on_buffer"": {""0"": 0.2832978615999211}, ""similarity_metric"": ""residual_pearson"", ""merge_pairs"": [[0, 4]], ""slot_eras"": {""0"": 0, ""1"": 1, ""2"": 2"
32199,32263,64,orphan,2691,56465,736,0.5939,0.6119,0.018,flat,2.8757,3.047,0.0596,,216,1,sudden/low/recurring_sudden_friedman_100k_g01.csv,htr-mwa50/error,"{""buffer_len"": 65, ""merged"": [5], ""collection_size"": 2, ""current_idx"": 6, ""best_idx"": 0, ""acc_current_on_warning"": 0.27151825359187653, ""acc_best_on_warning"": 0.27151825359187653, ""acc_new_on_warning"": 0.2907554352857402, ""winner_initial"": ""reused_copy"", ""acc_on_buffer"": {""0"": 0.27151825359187653}, ""similarity_metric"": ""residual_pearson"", ""merge_pairs"": [[0, 5]], ""slot_eras"": {""0"": 0, ""1"": 1, ""2"":"
32775,32824,49,orphan,3267,55889,576,0.61,0.5956,-0.0144,flat,3.0253,2.8939,-0.0434,,291,1,sudden/low/recurring_sudden_friedman_100k_g01.csv,htr-mwa50/error,"{""buffer_len"": 50, ""merged"": [6], ""collection_size"": 2, ""current_idx"": 7, ""best_idx"": 0, ""acc_current_on_warning"": 0.29497338408098517, ""acc_best_on_warning"": 0.29497338408098517, ""acc_new_on_warning"": 0.3518489778042124, ""winner_initial"": ""reused_copy"", ""acc_on_buffer"": {""0"": 0.29497338408098517}, ""similarity_metric"": ""residual_pearson"", ""merge_pairs"": [[0, 6]], ""slot_eras"": {""0"": 0, ""1"": 1, ""2"":"
33671,33767,96,orphan,4163,54993,896,0.5457,0.5931,0.0474,rise,2.4323,2.8976,0.1913,,742,0,sudden/low/recurring_sudden_friedman_100k_g01.csv,htr-mwa50/error,"{""buffer_len"": 97, ""merged"": [7], ""collection_size"": 2, ""current_idx"": 8, ""best_idx"": 0, ""acc_current_on_warning"": 0.25139708422602003, ""acc_best_on_warning"": 0.25139708422602003, ""acc_new_on_warning"": 0.3552388945453956, ""winner_initial"": ""reused_copy"", ""acc_on_buffer"": {""0"": 0.25139708422602003}, ""similarity_metric"": ""residual_pearson"", ""merge_pairs"": [[0, 7]], ""slot_eras"": {""0"": 0, ""1"": 1, ""2"":"
34375,34663,288,orphan,4867,54289,704,0.5639,0.5888,0.0249,rise,2.5942,2.9125,0.1227,,576,1,sudden/low/recurring_sudden_friedman_100k_g01.csv,htr-mwa50/error,"{""buffer_len"": 289, ""merged"": [8], ""collection_size"": 2, ""current_idx"": 9, ""best_idx"": 0, ""acc_current_on_warning"": 0.28421508278468843, ""acc_best_on_warning"": 0.28421508278468843, ""acc_new_on_warning"": 0.3945760911305227, ""winner_initial"": ""reused_copy"", ""acc_on_buffer"": {""0"": 0.28421508278468843}, ""similarity_metric"": ""residual_pearson"", ""merge_pairs"": [[0, 8]], ""slot_eras"": {""0"": 0, ""1"": 1, ""2"""
35495,35687,192,orphan,5987,53169,1120,0.5446,0.602,0.0574,rise,2.4225,3.0959,0.278,,468,1,sudden/low/recurring_sudden_friedman_100k_g01.csv,htr-mwa50/error,"{""buffer_len"": 193, ""merged"": [9], ""collection_size"": 2, ""current_idx"": 10, ""best_idx"": 0, ""acc_current_on_warning"": 0.30587736474951277, ""acc_best_on_warning"": 0.30587736474951277, ""acc_new_on_warning"": 0.34250518188536394, ""winner_initial"": ""reused_copy"", ""acc_on_buffer"": {""0"": 0.30587736474951277}, ""similarity_metric"": ""residual_pearson"", ""merge_pairs"": [[0, 9]], ""slot_eras"": {""0"": 0, ""1"": 1, """
36455,36504,49,orphan,6947,52209,960,0.5504,0.5761,0.0258,rise,2.5422,2.8082,0.1046,,157,1,sudden/low/recurring_sudden_friedman_100k_g01.csv,htr-mwa50/error,"{""buffer_len"": 50, ""merged"": [10], ""collection_size"": 2, ""current_idx"": 11, ""best_idx"": 0, ""acc_current_on_warning"": 0.265273119750689, ""acc_best_on_warning"": 0.265273119750689, ""acc_new_on_warning"": 0.29397468739127053, ""winner_initial"": ""reused_copy"", ""acc_on_buffer"": {""0"": 0.265273119750689}, ""similarity_metric"": ""residual_pearson"", ""merge_pairs"": [[0, 10]], ""slot_eras"": {""0"": 0, ""1"": 1, ""2"": 2"
37383,37511,128,orphan,7875,51281,928,0.5149,0.5893,0.0745,rise,2.1611,2.9825,0.3801,,864,0,sudden/low/recurring_sudden_friedman_100k_g01.csv,htr-mwa50/error,"{""buffer_len"": 129, ""merged"": [11], ""collection_size"": 2, ""current_idx"": 12, ""best_idx"": 0, ""acc_current_on_warning"": 0.3033913264658008, ""acc_best_on_warning"": 0.3033913264658008, ""acc_new_on_warning"": 0.345633841580993, ""winner_initial"": ""reused_copy"", ""acc_on_buffer"": {""0"": 0.3033913264658008}, ""similarity_metric"": ""residual_pearson"", ""merge_pairs"": [[0, 11]], ""slot_eras"": {""0"": 0, ""1"": 1, ""2"":"
38023,38072,49,orphan,8515,50641,640,0.5856,0.5753,-0.0103,flat,2.9446,2.8325,-0.0381,,211,1,sudden/low/recurring_sudden_friedman_100k_g01.csv,htr-mwa50/error,"{""buffer_len"": 50, ""merged"": [12], ""collection_size"": 2, ""current_idx"": 13, ""best_idx"": 0, ""acc_current_on_warning"": 0.32326048128710905, ""acc_best_on_warning"": 0.32326048128710905, ""acc_new_on_warning"": 0.3123530745439608, ""winner_initial"": ""reused_copy"", ""acc_on_buffer"": {""0"": 0.32326048128710905}, ""similarity_metric"": ""residual_pearson"", ""merge_pairs"": [[0, 12]], ""slot_eras"": {""0"": 0, ""1"": 1, """
38919,38968,49,orphan,9411,49745,896,0.5137,0.5816,0.0678,rise,2.1688,2.8989,0.3366,,802,0,sudden/low/recurring_sudden_friedman_100k_g01.csv,htr-mwa50/error,"{""buffer_len"": 50, ""merged"": [13], ""collection_size"": 2, ""current_idx"": 14, ""best_idx"": 0, ""acc_current_on_warning"": 0.30409504446206304, ""acc_best_on_warning"": 0.30409504446206304, ""acc_new_on_warning"": 0.2810852372251931, ""winner_initial"": ""reused_copy"", ""acc_on_buffer"": {""0"": 0.30409504446206304}, ""similarity_metric"": ""residual_pearson"", ""merge_pairs"": [[0, 13]], ""slot_eras"": {""0"": 0, ""1"": 1, """
39815,39911,96,orphan,10307,48849,896,0.5278,0.5901,0.0623,rise,2.33,3.0281,0.2996,,823,0,sudden/low/recurring_sudden_friedman_100k_g01.csv,htr-mwa50/error,"{""buffer_len"": 97, ""merged"": [14], ""collection_size"": 2, ""current_idx"": 15, ""best_idx"": 0, ""acc_current_on_warning"": 0.2703987237851956, ""acc_best_on_warning"": 0.2703987237851956, ""acc_new_on_warning"": 0.33711085443710975, ""winner_initial"": ""reused_copy"", ""acc_on_buffer"": {""0"": 0.2703987237851956}, ""similarity_metric"": ""residual_pearson"", ""merge_pairs"": [[0, 14]], ""slot_eras"": {""0"": 0, ""1"": 1, ""2"""
40391,40487,96,orphan,10883,48273,576,0.5887,0.5759,-0.0127,flat,3.0151,2.8912,-0.0411,,203,1,sudden/low/recurring_sudden_friedman_100k_g01.csv,htr-mwa50/error,"{""buffer_len"": 97, ""merged"": [15], ""collection_size"": 2, ""current_idx"": 16, ""best_idx"": 0, ""acc_current_on_warning"": 0.29846406406765313, ""acc_best_on_warning"": 0.29846406406765313, ""acc_new_on_warning"": 0.3528127425450589, ""winner_initial"": ""reused_copy"", ""acc_on_buffer"": {""0"": 0.29846406406765313}, ""similarity_metric"": ""residual_pearson"", ""merge_pairs"": [[0, 15]], ""slot_eras"": {""0"": 0, ""1"": 1, """
40999,41048,49,orphan,11491,47665,608,0.5724,0.5796,0.0072,flat,2.854,2.9435,0.0313,,331,1,sudden/low/recurring_sudden_friedman_100k_g01.csv,htr-mwa50/error,"{""buffer_len"": 50, ""merged"": [16], ""collection_size"": 2, ""current_idx"": 17, ""best_idx"": 0, ""acc_current_on_warning"": 0.3173615874857165, ""acc_best_on_warning"": 0.3173615874857165, ""acc_new_on_warning"": 0.3033922874931315, ""winner_initial"": ""reused_copy"", ""acc_on_buffer"": {""0"": 0.3173615874857165}, ""similarity_metric"": ""residual_pearson"", ""merge_pairs"": [[0, 16]], ""slot_eras"": {""0"": 0, ""1"": 1, ""2"":"
41543,41592,49,orphan,12035,47121,544,0.5798,0.5892,0.0095,flat,2.9453,3.0323,0.0296,,384,1,sudden/low/recurring_sudden_friedman_100k_g01.csv,htr-mwa50/error,"{""buffer_len"": 50, ""merged"": [17], ""collection_size"": 2, ""current_idx"": 18, ""best_idx"": 0, ""acc_current_on_warning"": 0.3639844100051731, ""acc_best_on_warning"": 0.3639844100051731, ""acc_new_on_warning"": 0.3097838548419348, ""winner_initial"": ""reused_copy"", ""acc_on_buffer"": {""0"": 0.3639844100051731}, ""similarity_metric"": ""residual_pearson"", ""merge_pairs"": [[0, 17]], ""slot_eras"": {""0"": 0, ""1"": 1, ""2"":"
42183,42471,288,orphan,12675,46481,640,0.5656,0.5784,0.0128,flat,2.7759,2.9961,0.0793,,539,1,sudden/low/recurring_sudden_friedman_100k_g01.csv,htr-mwa50/error,"{""buffer_len"": 289, ""merged"": [18], ""collection_size"": 2, ""current_idx"": 19, ""best_idx"": 0, ""acc_current_on_warning"": 0.32021760490373286, ""acc_best_on_warning"": 0.32021760490373286, ""acc_new_on_warning"": 0.39850729438216237, ""winner_initial"": ""reused_copy"", ""acc_on_buffer"": {""0"": 0.32021760490373286}, ""similarity_metric"": ""residual_pearson"", ""merge_pairs"": [[0, 18]], ""slot_eras"": {""0"": 0, ""1"": 1,"
43079,43239,160,orphan,13571,45585,896,0.5497,0.5742,0.0245,rise,2.6533,2.9217,0.1012,,405,1,sudden/low/recurring_sudden_friedman_100k_g01.csv,htr-mwa50/error,"{""buffer_len"": 161, ""merged"": [19], ""collection_size"": 2, ""current_idx"": 20, ""best_idx"": 0, ""acc_current_on_warning"": 0.322518858233642, ""acc_best_on_warning"": 0.322518858233642, ""acc_new_on_warning"": 0.3763834695664878, ""winner_initial"": ""reused_copy"", ""acc_on_buffer"": {""0"": 0.322518858233642}, ""similarity_metric"": ""residual_pearson"", ""merge_pairs"": [[0, 19]], ""slot_eras"": {""0"": 0, ""1"": 1, ""2"": 2"
43655,43751,96,orphan,14147,45009,576,0.5756,0.5692,-0.0064,flat,2.935,2.9037,-0.0106,,374,1,sudden/low/recurring_sudden_friedman_100k_g01.csv,htr-mwa50/error,"{""buffer_len"": 97, ""merged"": [20], ""collection_size"": 2, ""current_idx"": 21, ""best_idx"": 0, ""acc_current_on_warning"": 0.32613785799109096, ""acc_best_on_warning"": 0.32613785799109096, ""acc_new_on_warning"": 0.34966854051776597, ""winner_initial"": ""reused_copy"", ""acc_on_buffer"": {""0"": 0.32613785799109096}, ""similarity_metric"": ""residual_pearson"", ""merge_pairs"": [[0, 20]], ""slot_eras"": {""0"": 0, ""1"": 1, "
44199,44248,49,orphan,14691,44465,544,0.5719,0.5598,-0.0121,flat,2.9302,2.8046,-0.0429,,346,1,sudden/low/recurring_sudden_friedman_100k_g01.csv,htr-mwa50/error,"{""buffer_len"": 50, ""merged"": [21], ""collection_size"": 2, ""current_idx"": 22, ""best_idx"": 0, ""acc_current_on_warning"": 0.31323919636464626, ""acc_best_on_warning"": 0.31323919636464626, ""acc_new_on_warning"": 0.27388783606429357, ""winner_initial"": ""reused_copy"", ""acc_on_buffer"": {""0"": 0.31323919636464626}, ""similarity_metric"": ""residual_pearson"", ""merge_pairs"": [[0, 21]], ""slot_eras"": {""0"": 0, ""1"": 1, "
45159,45255,96,orphan,15651,43505,960,0.5179,0.5711,0.0532,rise,2.3207,2.9449,0.2689,,750,0,sudden/low/recurring_sudden_friedman_100k_g01.csv,htr-mwa50/error,"{""buffer_len"": 97, ""merged"": [22], ""collection_size"": 2, ""current_idx"": 23, ""best_idx"": 0, ""acc_current_on_warning"": 0.33032982302916014, ""acc_best_on_warning"": 0.33032982302916014, ""acc_new_on_warning"": 0.34718933858360834, ""winner_initial"": ""reused_copy"", ""acc_on_buffer"": {""0"": 0.33032982302916014}, ""similarity_metric"": ""residual_pearson"", ""merge_pairs"": [[0, 22]], ""slot_eras"": {""0"": 0, ""1"": 1, "
45767,45816,49,orphan,16259,42897,608,0.5694,0.5828,0.0134,flat,2.9268,3.0782,0.0517,,382,1,sudden/low/recurring_sudden_friedman_100k_g01.csv,htr-mwa50/error,"{""buffer_len"": 50, ""merged"": [23], ""collection_size"": 2, ""current_idx"": 24, ""best_idx"": 0, ""acc_current_on_warning"": 0.3117639009831725, ""acc_best_on_warning"": 0.3117639009831725, ""acc_new_on_warning"": 0.3599388317363901, ""winner_initial"": ""reused_copy"", ""acc_on_buffer"": {""0"": 0.3117639009831725}, ""similarity_metric"": ""residual_pearson"", ""merge_pairs"": [[0, 23]], ""slot_eras"": {""0"": 0, ""1"": 1, ""2"":"
46343,46392,49,orphan,16835,42321,576,0.5726,0.5587,-0.0139,flat,2.9477,2.7868,-0.0546,masked_fall,336,1,sudden/low/recurring_sudden_friedman_100k_g01.csv,htr-mwa50/error,"{""buffer_len"": 50, ""merged"": [24], ""collection_size"": 2, ""current_idx"": 25, ""best_idx"": 0, ""acc_current_on_warning"": 0.3595827042871498, ""acc_best_on_warning"": 0.3595827042871498, ""acc_new_on_warning"": 0.35834691477826264, ""winner_initial"": ""reused_copy"", ""acc_on_buffer"": {""0"": 0.3595827042871498}, ""similarity_metric"": ""residual_pearson"", ""merge_pairs"": [[0, 24]], ""slot_eras"": {""0"": 0, ""1"": 1, ""2"""
46823,46872,49,orphan,17315,41841,480,0.5531,0.5736,0.0205,rise,2.7204,2.9865,0.0978,,339,1,sudden/low/recurring_sudden_friedman_100k_g01.csv,htr-mwa50/error,"{""buffer_len"": 50, ""merged"": [25], ""collection_size"": 2, ""current_idx"": 26, ""best_idx"": 0, ""acc_current_on_warning"": 0.27654859463848647, ""acc_best_on_warning"": 0.27654859463848647, ""acc_new_on_warning"": 0.37399171387481356, ""winner_initial"": ""reused_copy"", ""acc_on_buffer"": {""0"": 0.27654859463848647}, ""similarity_metric"": ""residual_pearson"", ""merge_pairs"": [[0, 25]], ""slot_eras"": {""0"": 0, ""1"": 1, "
47719,47768,49,orphan,18211,40945,896,0.5265,0.6025,0.076,rise,2.444,3.3803,0.3831,,842,0,sudden/low/recurring_sudden_friedman_100k_g01.csv,htr-mwa50/error,"{""buffer_len"": 50, ""merged"": [26], ""collection_size"": 2, ""current_idx"": 27, ""best_idx"": 0, ""acc_current_on_warning"": 0.36814377651508834, ""acc_best_on_warning"": 0.36814377651508834, ""acc_new_on_warning"": 0.2908223630773282, ""winner_initial"": ""reused_copy"", ""acc_on_buffer"": {""0"": 0.36814377651508834}, ""similarity_metric"": ""residual_pearson"", ""merge_pairs"": [[0, 26]], ""slot_eras"": {""0"": 0, ""1"": 1, """
48071,48120,49,orphan,18563,40593,352,0.5665,0.5585,-0.008,flat,2.9305,2.8695,-0.0208,,188,1,sudden/low/recurring_sudden_friedman_100k_g01.csv,htr-mwa50/error,"{""buffer_len"": 50, ""merged"": [27], ""collection_size"": 2, ""current_idx"": 28, ""best_idx"": 0, ""acc_current_on_warning"": 0.38192068066099094, ""acc_best_on_warning"": 0.38192068066099094, ""acc_new_on_warning"": 0.3407891928344655, ""winner_initial"": ""reused_copy"", ""acc_on_buffer"": {""0"": 0.38192068066099094}, ""similarity_metric"": ""residual_pearson"", ""merge_pairs"": [[0, 27]], ""slot_eras"": {""0"": 0, ""1"": 1, """
48615,48679,64,orphan,19107,40049,544,0.5587,0.5486,-0.01,flat,2.871,2.7163,-0.0539,masked_fall,414,1,sudden/low/recurring_sudden_friedman_100k_g01.csv,htr-mwa50/error,"{""buffer_len"": 65, ""merged"": [28], ""collection_size"": 2, ""current_idx"": 29, ""best_idx"": 0, ""acc_current_on_warning"": 0.28272886284660015, ""acc_best_on_warning"": 0.28272886284660015, ""acc_new_on_warning"": 0.3176329969562357, ""winner_initial"": ""reused_copy"", ""acc_on_buffer"": {""0"": 0.28272886284660015}, ""similarity_metric"": ""residual_pearson"", ""merge_pairs"": [[0, 28]], ""slot_eras"": {""0"": 0, ""1"": 1, """
49127,49176,49,orphan,19619,39537,512,0.55,0.5635,0.0136,flat,2.7249,2.8984,0.0637,,347,1,sudden/low/recurring_sudden_friedman_100k_g01.csv,htr-mwa50/error,"{""buffer_len"": 50, ""merged"": [29], ""collection_size"": 2, ""current_idx"": 30, ""best_idx"": 0, ""acc_current_on_warning"": 0.3208593504359958, ""acc_best_on_warning"": 0.3208593504359958, ""acc_new_on_warning"": 0.33226353983812273, ""winner_initial"": ""reused_copy"", ""acc_on_buffer"": {""0"": 0.3208593504359958}, ""similarity_metric"": ""residual_pearson"", ""merge_pairs"": [[0, 29]], ""slot_eras"": {""0"": 0, ""1"": 1, ""2"""
50023,50072,49,orphan,20515,38641,896,0.5167,0.5711,0.0544,rise,2.3612,3.0256,0.2814,,817,0,sudden/low/recurring_sudden_friedman_100k_g01.csv,htr-mwa50/error,"{""buffer_len"": 50, ""merged"": [30], ""collection_size"": 2, ""current_idx"": 31, ""best_idx"": 0, ""acc_current_on_warning"": 0.36018940300068614, ""acc_best_on_warning"": 0.36018940300068614, ""acc_new_on_warning"": 0.2529745831603937, ""winner_initial"": ""reused_copy"", ""acc_on_buffer"": {""0"": 0.36018940300068614}, ""similarity_metric"": ""residual_pearson"", ""merge_pairs"": [[0, 30]], ""slot_eras"": {""0"": 0, ""1"": 1, """
50535,50631,96,orphan,21027,38129,512,0.572,0.5689,-0.0031,flat,3.0346,3.0062,-0.0094,,377,1,sudden/low/recurring_sudden_friedman_100k_g01.csv,htr-mwa50/error,"{""buffer_len"": 97, ""merged"": [31], ""collection_size"": 2, ""current_idx"": 32, ""best_idx"": 0, ""acc_current_on_warning"": 0.3035498142009406, ""acc_best_on_warning"": 0.3035498142009406, ""acc_new_on_warning"": 0.37145422335592515, ""winner_initial"": ""reused_copy"", ""acc_on_buffer"": {""0"": 0.3035498142009406}, ""similarity_metric"": ""residual_pearson"", ""merge_pairs"": [[0, 31]], ""slot_eras"": {""0"": 0, ""1"": 1, ""2"""
51143,51207,64,orphan,21635,37521,608,0.5654,0.5626,-0.0027,flat,2.967,2.9386,-0.0096,,401,1,sudden/low/recurring_sudden_friedman_100k_g01.csv,htr-mwa50/error,"{""buffer_len"": 65, ""merged"": [32], ""collection_size"": 2, ""current_idx"": 33, ""best_idx"": 0, ""acc_current_on_warning"": 0.3296960620950413, ""acc_best_on_warning"": 0.3296960620950413, ""acc_new_on_warning"": 0.3390259249680625, ""winner_initial"": ""reused_copy"", ""acc_on_buffer"": {""0"": 0.3296960620950413}, ""similarity_metric"": ""residual_pearson"", ""merge_pairs"": [[0, 32]], ""slot_eras"": {""0"": 0, ""1"": 1, ""2"":"
51783,51975,192,orphan,22275,36881,640,0.5387,0.5555,0.0169,flat,2.6611,2.8488,0.0705,,489,1,sudden/low/recurring_sudden_friedman_100k_g01.csv,htr-mwa50/error,"{""buffer_len"": 193, ""merged"": [33], ""collection_size"": 2, ""current_idx"": 34, ""best_idx"": 0, ""acc_current_on_warning"": 0.35088743437880354, ""acc_best_on_warning"": 0.35088743437880354, ""acc_new_on_warning"": 0.3933404129687371, ""winner_initial"": ""reused_copy"", ""acc_on_buffer"": {""0"": 0.35088743437880354}, ""similarity_metric"": ""residual_pearson"", ""merge_pairs"": [[0, 33]], ""slot_eras"": {""0"": 0, ""1"": 1, "
52871,52920,49,orphan,23363,35793,1088,0.4969,0.5534,0.0566,rise,2.1857,2.8908,0.3226,,628,0,sudden/low/recurring_sudden_friedman_100k_g01.csv,htr-mwa50/error,"{""buffer_len"": 50, ""merged"": [34], ""collection_size"": 2, ""current_idx"": 35, ""best_idx"": 0, ""acc_current_on_warning"": 0.29249669970733105, ""acc_best_on_warning"": 0.29249669970733105, ""acc_new_on_warning"": 0.2812493637088871, ""winner_initial"": ""reused_copy"", ""acc_on_buffer"": {""0"": 0.29249669970733105}, ""similarity_metric"": ""residual_pearson"", ""merge_pairs"": [[0, 34]], ""slot_eras"": {""0"": 0, ""1"": 1, """
53479,53767,288,orphan,23971,35185,608,0.543,0.5524,0.0094,flat,2.7497,2.8193,0.0253,,405,1,sudden/low/recurring_sudden_friedman_100k_g01.csv,htr-mwa50/error,"{""buffer_len"": 289, ""merged"": [35], ""collection_size"": 2, ""current_idx"": 36, ""best_idx"": 0, ""acc_current_on_warning"": 0.3386713001049141, ""acc_best_on_warning"": 0.3386713001049141, ""acc_new_on_warning"": 0.40718797321423705, ""winner_initial"": ""reused_copy"", ""acc_on_buffer"": {""0"": 0.3386713001049141}, ""similarity_metric"": ""residual_pearson"", ""merge_pairs"": [[0, 35]], ""slot_eras"": {""0"": 0, ""1"": 1, ""2"
54791,54840,49,orphan,25283,33873,1312,0.4967,0.5448,0.0481,rise,2.188,2.7436,0.2539,,669,0,sudden/low/recurring_sudden_friedman_100k_g01.csv,htr-mwa50/error,"{""buffer_len"": 50, ""merged"": [36], ""collection_size"": 2, ""current_idx"": 37, ""best_idx"": 0, ""acc_current_on_warning"": 0.29181818385633773, ""acc_best_on_warning"": 0.29181818385633773, ""acc_new_on_warning"": 0.30574559317819505, ""winner_initial"": ""reused_copy"", ""acc_on_buffer"": {""0"": 0.29181818385633773}, ""similarity_metric"": ""residual_pearson"", ""merge_pairs"": [[0, 36]], ""slot_eras"": {""0"": 0, ""1"": 1, "
55847,56039,192,orphan,26339,32817,1056,0.5002,0.5536,0.0534,rise,2.2436,2.855,0.2725,,995,0,sudden/low/recurring_sudden_friedman_100k_g01.csv,htr-mwa50/error,"{""buffer_len"": 193, ""merged"": [37], ""collection_size"": 2, ""current_idx"": 38, ""best_idx"": 0, ""acc_current_on_warning"": 0.35174179251289694, ""acc_best_on_warning"": 0.35174179251289694, ""acc_new_on_warning"": 0.359078648687833, ""winner_initial"": ""reused_copy"", ""acc_on_buffer"": {""0"": 0.35174179251289694}, ""similarity_metric"": ""residual_pearson"", ""merge_pairs"": [[0, 37]], ""slot_eras"": {""0"": 0, ""1"": 1, """
56647,56935,288,orphan,27139,32017,800,0.5304,0.5582,0.0278,rise,2.5852,2.9122,0.1265,,417,1,sudden/low/recurring_sudden_friedman_100k_g01.csv,htr-mwa50/error,"{""buffer_len"": 289, ""merged"": [38], ""collection_size"": 2, ""current_idx"": 39, ""best_idx"": 0, ""acc_current_on_warning"": 0.3367856896454863, ""acc_best_on_warning"": 0.3367856896454863, ""acc_new_on_warning"": 0.408593969966522, ""winner_initial"": ""reused_copy"", ""acc_on_buffer"": {""0"": 0.3367856896454863}, ""similarity_metric"": ""residual_pearson"", ""merge_pairs"": [[0, 38]], ""slot_eras"": {""0"": 0, ""1"": 1, ""2"":"
57927,57976,49,orphan,28419,30737,1280,0.4983,0.5632,0.0649,rise,2.2337,2.9663,0.328,,421,1,sudden/low/recurring_sudden_friedman_100k_g01.csv,htr-mwa50/error,"{""buffer_len"": 50, ""merged"": [39], ""collection_size"": 2, ""current_idx"": 40, ""best_idx"": 0, ""acc_current_on_warning"": 0.3323157058930526, ""acc_best_on_warning"": 0.3323157058930526, ""acc_new_on_warning"": 0.35923686379084185, ""winner_initial"": ""reused_copy"", ""acc_on_buffer"": {""0"": 0.3323157058930526}, ""similarity_metric"": ""residual_pearson"", ""merge_pairs"": [[0, 39]], ""slot_eras"": {""0"": 0, ""1"": 1, ""2"""
58407,58471,64,orphan,28899,30257,480,0.5559,0.5572,0.0014,flat,2.8898,2.9541,0.0223,,363,1,sudden/low/recurring_sudden_friedman_100k_g01.csv,htr-mwa50/error,"{""buffer_len"": 65, ""merged"": [40], ""collection_size"": 2, ""current_idx"": 41, ""best_idx"": 0, ""acc_current_on_warning"": 0.3493298389032695, ""acc_best_on_warning"": 0.3493298389032695, ""acc_new_on_warning"": 0.36400637940167757, ""winner_initial"": ""reused_copy"", ""acc_on_buffer"": {""0"": 0.3493298389032695}, ""similarity_metric"": ""residual_pearson"", ""merge_pairs"": [[0, 40]], ""slot_eras"": {""0"": 0, ""1"": 1, ""2"""
59367,59431,64,orphan,29859,29297,960,0.5194,0.5428,0.0234,rise,2.4922,2.7614,0.108,,730,0,sudden/low/recurring_sudden_friedman_100k_g01.csv,htr-mwa50/error,"{""buffer_len"": 65, ""merged"": [41], ""collection_size"": 2, ""current_idx"": 42, ""best_idx"": 0, ""acc_current_on_warning"": 0.36257690491807526, ""acc_best_on_warning"": 0.36257690491807526, ""acc_new_on_warning"": 0.3988965792267536, ""winner_initial"": ""reused_copy"", ""acc_on_buffer"": {""0"": 0.36257690491807526}, ""similarity_metric"": ""residual_pearson"", ""merge_pairs"": [[0, 41]], ""slot_eras"": {""0"": 0, ""1"": 1, """
59879,59928,49,orphan,30371,28785,512,0.544,0.5554,0.0114,flat,2.7724,2.925,0.055,,412,1,sudden/low/recurring_sudden_friedman_100k_g01.csv,htr-mwa50/error,"{""buffer_len"": 50, ""merged"": [42], ""collection_size"": 2, ""current_idx"": 43, ""best_idx"": 0, ""acc_current_on_warning"": 0.3672561742874608, ""acc_best_on_warning"": 0.3672561742874608, ""acc_new_on_warning"": 0.29464898531508343, ""winner_initial"": ""reused_copy"", ""acc_on_buffer"": {""0"": 0.3672561742874608}, ""similarity_metric"": ""residual_pearson"", ""merge_pairs"": [[0, 42]], ""slot_eras"": {""0"": 0, ""1"": 1, ""2"""
60359,60423,64,orphan,30851,28305,480,0.5501,0.5496,-0.0005,flat,2.8603,2.8601,-0.0001,,424,1,sudden/low/recurring_sudden_friedman_100k_g01.csv,htr-mwa50/error,"{""buffer_len"": 65, ""merged"": [43], ""collection_size"": 2, ""current_idx"": 44, ""best_idx"": 0, ""acc_current_on_warning"": 0.3597549549893808, ""acc_best_on_warning"": 0.3597549549893808, ""acc_new_on_warning"": 0.355605794284911, ""winner_initial"": ""reused_copy"", ""acc_on_buffer"": {""0"": 0.3597549549893808}, ""similarity_metric"": ""residual_pearson"", ""merge_pairs"": [[0, 43]], ""slot_eras"": {""0"": 0, ""1"": 1, ""2"": "
60935,61319,384,orphan,31427,27729,576,0.5461,0.5456,-0.0005,flat,2.814,2.8214,0.0026,,338,1,sudden/low/recurring_sudden_friedman_100k_g01.csv,htr-mwa50/error,"{""buffer_len"": 385, ""merged"": [44], ""collection_size"": 2, ""current_idx"": 45, ""best_idx"": 0, ""acc_current_on_warning"": 0.3265661329253102, ""acc_best_on_warning"": 0.3265661329253102, ""acc_new_on_warning"": 0.4248027727411825, ""winner_initial"": ""reused_copy"", ""acc_on_buffer"": {""0"": 0.3265661329253102}, ""similarity_metric"": ""residual_pearson"", ""merge_pairs"": [[0, 44]], ""slot_eras"": {""0"": 0, ""1"": 1, ""2"""
61895,61944,49,orphan,32387,26769,960,0.5299,0.5503,0.0204,rise,2.6455,2.8926,0.0934,,234,1,sudden/low/recurring_sudden_friedman_100k_g01.csv,htr-mwa50/error,"{""buffer_len"": 50, ""merged"": [45], ""collection_size"": 2, ""current_idx"": 46, ""best_idx"": 0, ""acc_current_on_warning"": 0.2909172874469269, ""acc_best_on_warning"": 0.2909172874469269, ""acc_new_on_warning"": 0.342144995340408, ""winner_initial"": ""reused_copy"", ""acc_on_buffer"": {""0"": 0.2909172874469269}, ""similarity_metric"": ""residual_pearson"", ""merge_pairs"": [[0, 45]], ""slot_eras"": {""0"": 0, ""1"": 1, ""2"": "
62407,62456,49,orphan,32899,26257,512,0.5551,0.54,-0.0151,flat,2.947,2.7615,-0.0629,masked_fall,350,1,sudden/low/recurring_sudden_friedman_100k_g01.csv,htr-mwa50/error,"{""buffer_len"": 50, ""merged"": [46], ""collection_size"": 2, ""current_idx"": 47, ""best_idx"": 0, ""acc_current_on_warning"": 0.3651526483484602, ""acc_best_on_warning"": 0.3651526483484602, ""acc_new_on_warning"": 0.3133810522060778, ""winner_initial"": ""reused_copy"", ""acc_on_buffer"": {""0"": 0.3651526483484602}, ""similarity_metric"": ""residual_pearson"", ""merge_pairs"": [[0, 46]], ""slot_eras"": {""0"": 0, ""1"": 1, ""2"":"
63335,63399,64,orphan,33827,25329,928,0.5023,0.5522,0.0499,rise,2.3067,2.9075,0.2605,,857,0,sudden/low/recurring_sudden_friedman_100k_g01.csv,htr-mwa50/error,"{""buffer_len"": 65, ""merged"": [47], ""collection_size"": 2, ""current_idx"": 48, ""best_idx"": 0, ""acc_current_on_warning"": 0.3696881745156749, ""acc_best_on_warning"": 0.3696881745156749, ""acc_new_on_warning"": 0.2833595387596882, ""winner_initial"": ""reused_copy"", ""acc_on_buffer"": {""0"": 0.3696881745156749}, ""similarity_metric"": ""residual_pearson"", ""merge_pairs"": [[0, 47]], ""slot_eras"": {""0"": 0, ""1"": 1, ""2"":"
64007,64295,288,orphan,34499,24657,672,0.5294,0.5569,0.0275,rise,2.6471,2.9499,0.1144,,548,1,sudden/low/recurring_sudden_friedman_100k_g01.csv,htr-mwa50/error,"{""buffer_len"": 289, ""merged"": [48], ""collection_size"": 2, ""current_idx"": 49, ""best_idx"": 0, ""acc_current_on_warning"": 0.33408235425895594, ""acc_best_on_warning"": 0.33408235425895594, ""acc_new_on_warning"": 0.4132480231899086, ""winner_initial"": ""reused_copy"", ""acc_on_buffer"": {""0"": 0.33408235425895594}, ""similarity_metric"": ""residual_pearson"", ""merge_pairs"": [[0, 48]], ""slot_eras"": {""0"": 0, ""1"": 1, "
64839,65063,224,orphan,35331,23825,832,0.5491,0.5465,-0.0026,flat,2.8594,2.8318,-0.0096,,228,1,sudden/low/recurring_sudden_friedman_100k_g01.csv,htr-mwa50/error,"{""buffer_len"": 225, ""merged"": [49], ""collection_size"": 2, ""current_idx"": 50, ""best_idx"": 0, ""acc_current_on_warning"": 0.33731153851681084, ""acc_best_on_warning"": 0.33731153851681084, ""acc_new_on_warning"": 0.406368045039336, ""winner_initial"": ""reused_copy"", ""acc_on_buffer"": {""0"": 0.33731153851681084}, ""similarity_metric"": ""residual_pearson"", ""merge_pairs"": [[0, 49]], ""slot_eras"": {""0"": 0, ""1"": 1, """
65575,65671,96,orphan,36067,23089,736,0.543,0.5597,0.0167,flat,2.7919,3.0044,0.0761,,198,1,sudden/low/recurring_sudden_friedman_100k_g01.csv,htr-mwa50/error,"{""buffer_len"": 97, ""merged"": [50], ""collection_size"": 2, ""current_idx"": 51, ""best_idx"": 0, ""acc_current_on_warning"": 0.3069688921546919, ""acc_best_on_warning"": 0.3069688921546919, ""acc_new_on_warning"": 0.39210526971047566, ""winner_initial"": ""reused_copy"", ""acc_on_buffer"": {""0"": 0.3069688921546919}, ""similarity_metric"": ""residual_pearson"", ""merge_pairs"": [[0, 50]], ""slot_eras"": {""0"": 0, ""1"": 1, ""2"""
66119,66168,49,orphan,36611,22545,544,0.5625,0.5409,-0.0216,fall,3.0357,2.7906,-0.0807,,352,1,sudden/low/recurring_sudden_friedman_100k_g01.csv,htr-mwa50/error,"{""buffer_len"": 50, ""merged"": [51], ""collection_size"": 2, ""current_idx"": 52, ""best_idx"": 0, ""acc_current_on_warning"": 0.344014103528575, ""acc_best_on_warning"": 0.344014103528575, ""acc_new_on_warning"": 0.3716291659761023, ""winner_initial"": ""reused_copy"", ""acc_on_buffer"": {""0"": 0.344014103528575}, ""similarity_metric"": ""residual_pearson"", ""merge_pairs"": [[0, 51]], ""slot_eras"": {""0"": 0, ""1"": 1, ""2"": 2,"
66727,67015,288,orphan,37219,21937,608,0.5213,0.5361,0.0148,flat,2.5678,2.7361,0.0655,,487,1,sudden/low/recurring_sudden_friedman_100k_g01.csv,htr-mwa50/error,"{""buffer_len"": 289, ""merged"": [52], ""collection_size"": 2, ""current_idx"": 53, ""best_idx"": 0, ""acc_current_on_warning"": 0.3373763285380216, ""acc_best_on_warning"": 0.3373763285380216, ""acc_new_on_warning"": 0.43025310368705205, ""winner_initial"": ""reused_copy"", ""acc_on_buffer"": {""0"": 0.3373763285380216}, ""similarity_metric"": ""residual_pearson"", ""merge_pairs"": [[0, 52]], ""slot_eras"": {""0"": 0, ""1"": 1, ""2"
67591,67640,49,orphan,38083,21073,864,0.5212,0.5471,0.0259,rise,2.5618,2.8676,0.1194,,442,1,sudden/low/recurring_sudden_friedman_100k_g01.csv,htr-mwa50/error,"{""buffer_len"": 50, ""merged"": [53], ""collection_size"": 2, ""current_idx"": 54, ""best_idx"": 0, ""acc_current_on_warning"": 0.3195075276452054, ""acc_best_on_warning"": 0.3195075276452054, ""acc_new_on_warning"": 0.29076148881242403, ""winner_initial"": ""reused_copy"", ""acc_on_buffer"": {""0"": 0.3195075276452054}, ""similarity_metric"": ""residual_pearson"", ""merge_pairs"": [[0, 53]], ""slot_eras"": {""0"": 0, ""1"": 1, ""2"""
68487,68536,49,orphan,38979,20177,896,0.501,0.5432,0.0422,rise,2.3393,2.829,0.2094,,833,0,sudden/low/recurring_sudden_friedman_100k_g01.csv,htr-mwa50/error,"{""buffer_len"": 50, ""merged"": [54], ""collection_size"": 2, ""current_idx"": 55, ""best_idx"": 0, ""acc_current_on_warning"": 0.34349974630862945, ""acc_best_on_warning"": 0.34349974630862945, ""acc_new_on_warning"": 0.3082204911126677, ""winner_initial"": ""reused_copy"", ""acc_on_buffer"": {""0"": 0.34349974630862945}, ""similarity_metric"": ""residual_pearson"", ""merge_pairs"": [[0, 54]], ""slot_eras"": {""0"": 0, ""1"": 1, """
69479,69543,64,orphan,39971,19185,992,0.505,0.5578,0.0528,rise,2.3946,3.0212,0.2616,,890,0,sudden/low/recurring_sudden_friedman_100k_g01.csv,htr-mwa50/error,"{""buffer_len"": 65, ""merged"": [55], ""collection_size"": 2, ""current_idx"": 56, ""best_idx"": 0, ""acc_current_on_warning"": 0.3151445385617223, ""acc_best_on_warning"": 0.3151445385617223, ""acc_new_on_warning"": 0.3876557247093345, ""winner_initial"": ""reused_copy"", ""acc_on_buffer"": {""0"": 0.3151445385617223}, ""similarity_metric"": ""residual_pearson"", ""merge_pairs"": [[0, 55]], ""slot_eras"": {""0"": 0, ""1"": 1, ""2"":"
70439,70488,49,orphan,40931,18225,960,0.4954,0.5458,0.0505,rise,2.2854,2.8951,0.2668,,664,0,sudden/low/recurring_sudden_friedman_100k_g01.csv,htr-mwa50/error,"{""buffer_len"": 50, ""merged"": [56], ""collection_size"": 2, ""current_idx"": 57, ""best_idx"": 0, ""acc_current_on_warning"": 0.372067827097464, ""acc_best_on_warning"": 0.372067827097464, ""acc_new_on_warning"": 0.31012848200878507, ""winner_initial"": ""reused_copy"", ""acc_on_buffer"": {""0"": 0.372067827097464}, ""similarity_metric"": ""residual_pearson"", ""merge_pairs"": [[0, 56]], ""slot_eras"": {""0"": 0, ""1"": 1, ""2"": 2"
71335,71384,49,orphan,41827,17329,896,0.4874,0.5412,0.0538,rise,2.184,2.8315,0.2965,,824,0,sudden/low/recurring_sudden_friedman_100k_g01.csv,htr-mwa50/error,"{""buffer_len"": 50, ""merged"": [57], ""collection_size"": 2, ""current_idx"": 58, ""best_idx"": 0, ""acc_current_on_warning"": 0.33378767130036346, ""acc_best_on_warning"": 0.33378767130036346, ""acc_new_on_warning"": 0.3322935332727742, ""winner_initial"": ""reused_copy"", ""acc_on_buffer"": {""0"": 0.33378767130036346}, ""similarity_metric"": ""residual_pearson"", ""merge_pairs"": [[0, 57]], ""slot_eras"": {""0"": 0, ""1"": 1, """
72103,72231,128,orphan,42595,16561,768,0.4946,0.5461,0.0515,rise,2.2774,2.8652,0.2581,,679,0,sudden/low/recurring_sudden_friedman_100k_g01.csv,htr-mwa50/error,"{""buffer_len"": 129, ""merged"": [58], ""collection_size"": 2, ""current_idx"": 59, ""best_idx"": 0, ""acc_current_on_warning"": 0.3295582519411684, ""acc_best_on_warning"": 0.3295582519411684, ""acc_new_on_warning"": 0.38689899215184764, ""winner_initial"": ""reused_copy"", ""acc_on_buffer"": {""0"": 0.3295582519411684}, ""similarity_metric"": ""residual_pearson"", ""merge_pairs"": [[0, 58]], ""slot_eras"": {""0"": 0, ""1"": 1, ""2"
72807,72999,192,orphan,43299,15857,704,0.5226,0.5471,0.0245,rise,2.5902,2.9351,0.1331,,567,1,sudden/low/recurring_sudden_friedman_100k_g01.csv,htr-mwa50/error,"{""buffer_len"": 193, ""merged"": [59], ""collection_size"": 2, ""current_idx"": 60, ""best_idx"": 0, ""acc_current_on_warning"": 0.33755796464383236, ""acc_best_on_warning"": 0.33755796464383236, ""acc_new_on_warning"": 0.3992375450354495, ""winner_initial"": ""reused_copy"", ""acc_on_buffer"": {""0"": 0.33755796464383236}, ""similarity_metric"": ""residual_pearson"", ""merge_pairs"": [[0, 59]], ""slot_eras"": {""0"": 0, ""1"": 1, "
73543,73592,49,orphan,44035,15121,736,0.534,0.5509,0.017,flat,2.767,2.9487,0.0657,,319,1,sudden/low/recurring_sudden_friedman_100k_g01.csv,htr-mwa50/error,"{""buffer_len"": 50, ""merged"": [60], ""collection_size"": 2, ""current_idx"": 61, ""best_idx"": 0, ""acc_current_on_warning"": 0.3871429772469902, ""acc_best_on_warning"": 0.3871429772469902, ""acc_new_on_warning"": 0.3787333877562048, ""winner_initial"": ""reused_copy"", ""acc_on_buffer"": {""0"": 0.3871429772469902}, ""similarity_metric"": ""residual_pearson"", ""merge_pairs"": [[0, 60]], ""slot_eras"": {""0"": 0, ""1"": 1, ""2"":"
74087,74136,49,orphan,44579,14577,544,0.5519,0.527,-0.0248,fall,2.9593,2.6832,-0.0933,,366,1,sudden/low/recurring_sudden_friedman_100k_g01.csv,htr-mwa50/error,"{""buffer_len"": 50, ""merged"": [61], ""collection_size"": 2, ""current_idx"": 62, ""best_idx"": 0, ""acc_current_on_warning"": 0.3666543358730544, ""acc_best_on_warning"": 0.3666543358730544, ""acc_new_on_warning"": 0.3779080956106413, ""winner_initial"": ""reused_copy"", ""acc_on_buffer"": {""0"": 0.3666543358730544}, ""similarity_metric"": ""residual_pearson"", ""merge_pairs"": [[0, 61]], ""slot_eras"": {""0"": 0, ""1"": 1, ""2"":"
74983,75032,49,orphan,45475,13681,896,0.4859,0.5485,0.0626,rise,2.1953,2.9367,0.3378,,843,0,sudden/low/recurring_sudden_friedman_100k_g01.csv,htr-mwa50/error,"{""buffer_len"": 50, ""merged"": [62], ""collection_size"": 2, ""current_idx"": 63, ""best_idx"": 0, ""acc_current_on_warning"": 0.34905324282261285, ""acc_best_on_warning"": 0.34905324282261285, ""acc_new_on_warning"": 0.2892725756829061, ""winner_initial"": ""reused_copy"", ""acc_on_buffer"": {""0"": 0.34905324282261285}, ""similarity_metric"": ""residual_pearson"", ""merge_pairs"": [[0, 62]], ""slot_eras"": {""0"": 0, ""1"": 1, """
75879,75928,49,orphan,46371,12785,896,0.5075,0.5422,0.0347,rise,2.4646,2.8876,0.1716,,702,0,sudden/low/recurring_sudden_friedman_100k_g01.csv,htr-mwa50/error,"{""buffer_len"": 50, ""merged"": [63], ""collection_size"": 2, ""current_idx"": 64, ""best_idx"": 0, ""acc_current_on_warning"": 0.3815526959180281, ""acc_best_on_warning"": 0.3815526959180281, ""acc_new_on_warning"": 0.36106984319076507, ""winner_initial"": ""reused_copy"", ""acc_on_buffer"": {""0"": 0.3815526959180281}, ""similarity_metric"": ""residual_pearson"", ""merge_pairs"": [[0, 63]], ""slot_eras"": {""0"": 0, ""1"": 1, ""2"""
76487,76839,352,orphan,46979,12177,608,0.5252,0.549,0.0238,rise,2.66,2.9352,0.1035,,410,1,sudden/low/recurring_sudden_friedman_100k_g01.csv,htr-mwa50/error,"{""buffer_len"": 353, ""merged"": [64], ""collection_size"": 2, ""current_idx"": 65, ""best_idx"": 0, ""acc_current_on_warning"": 0.33062919417416203, ""acc_best_on_warning"": 0.33062919417416203, ""acc_new_on_warning"": 0.4333085741463548, ""winner_initial"": ""reused_copy"", ""acc_on_buffer"": {""0"": 0.33062919417416203}, ""similarity_metric"": ""residual_pearson"", ""merge_pairs"": [[0, 64]], ""slot_eras"": {""0"": 0, ""1"": 1, "
77671,77735,64,orphan,48163,10993,1184,0.4962,0.5477,0.0515,rise,2.3098,2.9209,0.2646,,420,1,sudden/low/recurring_sudden_friedman_100k_g01.csv,htr-mwa50/error,"{""buffer_len"": 65, ""merged"": [65], ""collection_size"": 2, ""current_idx"": 66, ""best_idx"": 0, ""acc_current_on_warning"": 0.3516639181730692, ""acc_best_on_warning"": 0.3516639181730692, ""acc_new_on_warning"": 0.36248667360552655, ""winner_initial"": ""reused_copy"", ""acc_on_buffer"": {""0"": 0.3516639181730692}, ""similarity_metric"": ""residual_pearson"", ""merge_pairs"": [[0, 65]], ""slot_eras"": {""0"": 0, ""1"": 1, ""2"""
78503,78552,49,orphan,48995,10161,832,0.5027,0.5598,0.0571,rise,2.3986,3.1038,0.294,,687,0,sudden/low/recurring_sudden_friedman_100k_g01.csv,htr-mwa50/error,"{""buffer_len"": 50, ""merged"": [66], ""collection_size"": 2, ""current_idx"": 67, ""best_idx"": 0, ""acc_current_on_warning"": 0.37352568844329337, ""acc_best_on_warning"": 0.37352568844329337, ""acc_new_on_warning"": 0.3437491562383499, ""winner_initial"": ""reused_copy"", ""acc_on_buffer"": {""0"": 0.37352568844329337}, ""similarity_metric"": ""residual_pearson"", ""merge_pairs"": [[0, 66]], ""slot_eras"": {""0"": 0, ""1"": 1, """
78855,80039,1184,orphan,49347,9809,352,0.5383,0.487,-0.0513,fall,2.8459,2.2221,-0.2192,,225,1,sudden/low/recurring_sudden_friedman_100k_g01.csv,htr-mwa50/error,"{""buffer_len"": 1185, ""merged"": [67], ""collection_size"": 2, ""current_idx"": 68, ""best_idx"": 0, ""acc_current_on_warning"": 0.3539957279575494, ""acc_best_on_warning"": 0.3539957279575494, ""acc_new_on_warning"": 0.5209869563846257, ""winner_initial"": ""reused_copy"", ""acc_on_buffer"": {""0"": 0.3539957279575494}, ""similarity_metric"": ""residual_pearson"", ""merge_pairs"": [[0, 67]], ""slot_eras"": {""0"": 0, ""1"": 1, ""2"
86375,86695,320,orphan,56867,2289,7520,0.473,0.4768,0.0037,flat,2.0678,2.0951,0.0132,,2589,0,sudden/low/recurring_sudden_friedman_100k_g01.csv,htr-mwa50/error,"{""buffer_len"": 321, ""merged"": [0], ""collection_size"": 2, ""current_idx"": 69, ""best_idx"": 68, ""acc_current_on_warning"": 0.5288323174634786, ""acc_best_on_warning"": 0.5288323174634786, ""acc_new_on_warning"": 0.441810126278699, ""winner_initial"": ""reused_copy"", ""acc_on_buffer"": {""68"": 0.5288323174634786}, ""similarity_metric"": ""residual_pearson"", ""merge_pairs"": [[68, 0]], ""slot_eras"": {""0"": 0, ""1"": 1, ""2"""
95911,95960,49,orphan,7247,,9536,0.458,0.4674,0.0094,flat,1.8396,1.9363,0.0525,,12125,0,sudden/low/recurring_sudden_friedman_100k_g01.csv,htr-mwa50/error,"{""buffer_len"": 50, ""merged"": [68], ""collection_size"": 2, ""current_idx"": 70, ""best_idx"": 69, ""acc_current_on_warning"": 0.5261607576445879, ""acc_best_on_warning"": 0.5261607576445879, ""acc_new_on_warning"": 0.35382400603752573, ""winner_initial"": ""reused_copy"", ""acc_on_buffer"": {""69"": 0.5261607576445879}, ""similarity_metric"": ""residual_pearson"", ""merge_pairs"": [[69, 68]], ""slot_eras"": {""0"": 0, ""1"": 1, "
16583,16583,0,orphan,,2371,,0.4822,0.4929,0.0107,flat,1.6938,1.7528,0.0348,,,0,sudden/low/recurring_sudden_friedman_100k_g01.csv,htr-nr/error,"{""buffer_len"": 1, ""merged"": [], ""collection_size"": 2, ""current_idx"": 1, ""best_idx"": 0, ""acc_current_on_warning"": 0.46027440835323685, ""acc_best_on_warning"": 0.46027440835323685, ""acc_new_on_warning"": 0.0, ""winner_initial"": ""reused_copy"", ""acc_on_buffer"": {""0"": 0.46027440835323685}, ""similarity_metric"": ""residual_pearson"", ""merge_pairs"": [], ""slot_eras"": {""0"": 0, ""1"": 1}, ""score_semantics"": ""1_minu"
19111,19527,416,hit,157,10397,2528,0.529,0.4874,-0.0416,fall,2.0017,2.0937,0.046,fake_fall,,0,sudden/low/recurring_sudden_friedman_100k_g01.csv,htr-nr/error,"{""buffer_len"": 417, ""merged"": [1], ""collection_size"": 2, ""current_idx"": 2, ""best_idx"": 0, ""acc_current_on_warning"": 0.39933144119494723, ""acc_best_on_warning"": 0.39933144119494723, ""acc_new_on_warning"": 0.40366341558699714, ""winner_initial"": ""reused_copy"", ""acc_on_buffer"": {""0"": 0.39933144119494723}, ""similarity_metric"": ""residual_pearson"", ""merge_pairs"": [[0, 1]], ""slot_eras"": {""0"": 0, ""1"": 1, ""2"
29735,30727,992,hit,227,58929,10624,0.5124,0.4786,-0.0339,fall,1.8927,2.4133,0.275,fake_fall,10164,0,sudden/low/recurring_sudden_friedman_100k_g01.csv,htr-nr/error,"{""buffer_len"": 993, ""merged"": [2], ""collection_size"": 2, ""current_idx"": 3, ""best_idx"": 0, ""acc_current_on_warning"": 0.28151981422296124, ""acc_best_on_warning"": 0.28151981422296124, ""acc_new_on_warning"": 0.4084093809090177, ""winner_initial"": ""reused_copy"", ""acc_on_buffer"": {""0"": 0.28151981422296124}, ""similarity_metric"": ""residual_pearson"", ""merge_pairs"": [[0, 2]], ""slot_eras"": {""0"": 0, ""1"": 1, ""2"""
35783,49703,13920,orphan,6275,52881,6048,0.472,0.4647,-0.0073,flat,1.8726,1.9721,0.0531,,3432,0,sudden/low/recurring_sudden_friedman_100k_g01.csv,htr-nr/error,"{""buffer_len"": 13921, ""merged"": [3], ""collection_size"": 2, ""current_idx"": 4, ""best_idx"": 0, ""acc_current_on_warning"": 0.3090167511348836, ""acc_best_on_warning"": 0.3090167511348836, ""acc_new_on_warning"": 0.5148693019632273, ""winner_initial"": ""reused_copy"", ""acc_on_buffer"": {""0"": 0.3090167511348836}, ""similarity_metric"": ""residual_pearson"", ""merge_pairs"": [[0, 3]], ""slot_eras"": {""0"": 0, ""1"": 1, ""2"":"
50919,66087,15168,orphan,21411,37745,15136,0.4884,0.4684,-0.0199,flat,1.9147,1.8611,-0.028,,1184,0,sudden/low/recurring_sudden_friedman_100k_g01.csv,htr-nr/error,"{""buffer_len"": 15169, ""merged"": [4], ""collection_size"": 2, ""current_idx"": 5, ""best_idx"": 0, ""acc_current_on_warning"": 0.28505211787633056, ""acc_best_on_warning"": 0.28505211787633056, ""acc_new_on_warning"": 0.4938655844744396, ""winner_initial"": ""reused_copy"", ""acc_on_buffer"": {""0"": 0.28505211787633056}, ""similarity_metric"": ""residual_pearson"", ""merge_pairs"": [[0, 4]], ""slot_eras"": {""0"": 0, ""1"": 1, """
67975,89351,21376,orphan,38467,20689,17056,0.5019,0.4912,-0.0107,flat,1.9157,1.9421,0.0138,,1858,0,sudden/low/recurring_sudden_friedman_100k_g01.csv,htr-nr/error,"{""buffer_len"": 21377, ""merged"": [5], ""collection_size"": 2, ""current_idx"": 6, ""best_idx"": 0, ""acc_current_on_warning"": 0.2911894092195453, ""acc_best_on_warning"": 0.2911894092195453, ""acc_new_on_warning"": 0.4428176230369648, ""winner_initial"": ""reused_copy"", ""acc_on_buffer"": {""0"": 0.2911894092195453}, ""similarity_metric"": ""residual_pearson"", ""merge_pairs"": [[0, 5]], ""slot_eras"": {""0"": 0, ""1"": 1, ""2"":"
16615,18631,2016,orphan,,2819,,0.4921,0.4838,-0.0083,flat,1.7919,1.7101,-0.0457,,,0,sudden/medium/recurring_sudden_friedman_100k_g00.csv,htr/error,"{""buffer_len"": 2017, ""merged"": [], ""collection_size"": 2, ""current_idx"": 1, ""best_idx"": 0, ""acc_current_on_warning"": 0.5103380942836622, ""acc_best_on_warning"": 0.5103380942836622, ""acc_new_on_warning"": 0.48875495781379863, ""winner_initial"": ""reused_copy"", ""acc_on_buffer"": {""0"": 0.5103380942836622}, ""similarity_metric"": ""residual_pearson"", ""merge_pairs"": [], ""slot_eras"": {""0"": 0, ""1"": 1}, ""score_sem"
19495,19527,32,hit,61,20080,2880,0.5112,0.6299,0.1187,rise,2.0126,3.2691,0.6243,,842,0,sudden/medium/recurring_sudden_friedman_100k_g00.csv,htr/error,"{""buffer_len"": 33, ""merged"": [1], ""collection_size"": 2, ""current_idx"": 2, ""best_idx"": 0, ""acc_current_on_warning"": 0.29509643495844784, ""acc_best_on_warning"": 0.29509643495844784, ""acc_new_on_warning"": 0.1952610501151778, ""winner_initial"": ""reused_copy"", ""acc_on_buffer"": {""0"": 0.29509643495844784}, ""similarity_metric"": ""residual_pearson"", ""merge_pairs"": [[0, 1]], ""slot_eras"": {""0"": 0, ""1"": 1, ""2"":"
20295,20327,32,echo_inwin,861,19280,800,0.5647,0.6162,0.0515,rise,2.5616,3.1504,0.2299,,695,0,sudden/medium/recurring_sudden_friedman_100k_g00.csv,htr/error,"{""buffer_len"": 33, ""merged"": [2], ""collection_size"": 2, ""current_idx"": 3, ""best_idx"": 0, ""acc_current_on_warning"": 0.30781242506647566, ""acc_best_on_warning"": 0.30781242506647566, ""acc_new_on_warning"": 0.18411032229662494, ""winner_initial"": ""reused_copy"", ""acc_on_buffer"": {""0"": 0.30781242506647566}, ""similarity_metric"": ""residual_pearson"", ""merge_pairs"": [[0, 2]], ""slot_eras"": {""0"": 0, ""1"": 1, ""2"""
21223,21223,0,echo,1789,18352,928,0.5603,0.6198,0.0595,rise,2.5816,3.2445,0.2568,,1623,0,sudden/medium/recurring_sudden_friedman_100k_g00.csv,htr/error,"{""buffer_len"": 1, ""merged"": [], ""collection_size"": 3, ""current_idx"": 4, ""best_idx"": 0, ""acc_current_on_warning"": 0.5361976868073068, ""acc_best_on_warning"": 0.5960949930002666, ""acc_new_on_warning"": 0.0, ""winner_initial"": ""reused_copy"", ""acc_on_buffer"": {""0"": 0.5960949930002666, ""3"": 0.5361976868073068}, ""similarity_metric"": ""residual_pearson"", ""merge_pairs"": [], ""slot_eras"": {""0"": 0, ""1"": 1, ""2"": "
21607,21735,128,echo,2173,17968,384,0.6135,0.6138,0.0002,flat,3.1865,3.3271,0.0441,,2007,0,sudden/medium/recurring_sudden_friedman_100k_g00.csv,htr/error,"{""buffer_len"": 129, ""merged"": [3, 4], ""collection_size"": 2, ""current_idx"": 5, ""best_idx"": 0, ""acc_current_on_warning"": 0.28191080550795633, ""acc_best_on_warning"": 0.28191080550795633, ""acc_new_on_warning"": 0.29232579033322426, ""winner_initial"": ""reused_copy"", ""acc_on_buffer"": {""0"": 0.28191080550795633}, ""similarity_metric"": ""residual_pearson"", ""merge_pairs"": [[0, 3], [0, 4]], ""slot_eras"": {""0"": 0,"
22311,22343,32,echo,2877,17264,704,0.5966,0.5939,-0.0027,flat,3.0824,3.1121,0.0096,,289,1,sudden/medium/recurring_sudden_friedman_100k_g00.csv,htr/error,"{""buffer_len"": 33, ""merged"": [5], ""collection_size"": 2, ""current_idx"": 6, ""best_idx"": 0, ""acc_current_on_warning"": 0.308751108890266, ""acc_best_on_warning"": 0.308751108890266, ""acc_new_on_warning"": 0.25688402677676725, ""winner_initial"": ""reused_copy"", ""acc_on_buffer"": {""0"": 0.308751108890266}, ""similarity_metric"": ""residual_pearson"", ""merge_pairs"": [[0, 5]], ""slot_eras"": {""0"": 0, ""1"": 1, ""2"": 2, """
23143,23207,64,orphan,3709,16432,832,0.5566,0.6045,0.0479,rise,2.6505,3.2371,0.2213,,785,0,sudden/medium/recurring_sudden_friedman_100k_g00.csv,htr/error,"{""buffer_len"": 65, ""merged"": [6], ""collection_size"": 2, ""current_idx"": 7, ""best_idx"": 0, ""acc_current_on_warning"": 0.3002204076308084, ""acc_best_on_warning"": 0.3002204076308084, ""acc_new_on_warning"": 0.31575342336953527, ""winner_initial"": ""reused_copy"", ""acc_on_buffer"": {""0"": 0.3002204076308084}, ""similarity_metric"": ""residual_pearson"", ""merge_pairs"": [[0, 6]], ""slot_eras"": {""0"": 0, ""1"": 1, ""2"": 2"
23815,24103,288,orphan,4381,15760,672,0.5741,0.6032,0.029,rise,2.8896,3.264,0.1296,,595,1,sudden/medium/recurring_sudden_friedman_100k_g00.csv,htr/error,"{""buffer_len"": 289, ""merged"": [7], ""collection_size"": 2, ""current_idx"": 8, ""best_idx"": 0, ""acc_current_on_warning"": 0.2901899443558774, ""acc_best_on_warning"": 0.2901899443558774, ""acc_new_on_warning"": 0.32960046689176203, ""winner_initial"": ""reused_copy"", ""acc_on_buffer"": {""0"": 0.2901899443558774}, ""similarity_metric"": ""residual_pearson"", ""merge_pairs"": [[0, 7]], ""slot_eras"": {""0"": 0, ""1"": 1, ""2"": "
24871,24871,0,orphan,5437,14704,1056,0.5527,0.5854,0.0327,rise,2.6811,3.137,0.17,,377,1,sudden/medium/recurring_sudden_friedman_100k_g00.csv,htr/error,"{""buffer_len"": 1, ""merged"": [], ""collection_size"": 3, ""current_idx"": 9, ""best_idx"": 0, ""acc_current_on_warning"": 0.39712798467959987, ""acc_best_on_warning"": 0.6577871370568609, ""acc_new_on_warning"": 0.0, ""winner_initial"": ""reused_copy"", ""acc_on_buffer"": {""0"": 0.6577871370568609, ""8"": 0.39712798467959987}, ""similarity_metric"": ""residual_pearson"", ""merge_pairs"": [], ""slot_eras"": {""0"": 0, ""1"": 1, ""2"""
25415,25639,224,orphan,5981,14160,544,0.5721,0.5698,-0.0023,flat,2.9548,2.9828,0.0095,,537,1,sudden/medium/recurring_sudden_friedman_100k_g00.csv,htr/error,"{""buffer_len"": 225, ""merged"": [8, 9], ""collection_size"": 2, ""current_idx"": 10, ""best_idx"": 0, ""acc_current_on_warning"": 0.32682779051243094, ""acc_best_on_warning"": 0.32682779051243094, ""acc_new_on_warning"": 0.37811243450156695, ""winner_initial"": ""reused_copy"", ""acc_on_buffer"": {""0"": 0.32682779051243094}, ""similarity_metric"": ""residual_pearson"", ""merge_pairs"": [[0, 8], [0, 9]], ""slot_eras"": {""0"": 0"
26823,26887,64,orphan,7389,12752,1408,0.5254,0.5766,0.0512,rise,2.4655,3.0726,0.2462,,168,1,sudden/medium/recurring_sudden_friedman_100k_g00.csv,htr/error,"{""buffer_len"": 65, ""merged"": [10], ""collection_size"": 2, ""current_idx"": 11, ""best_idx"": 0, ""acc_current_on_warning"": 0.3599910924446871, ""acc_best_on_warning"": 0.3599910924446871, ""acc_new_on_warning"": 0.3141829701951203, ""winner_initial"": ""reused_copy"", ""acc_on_buffer"": {""0"": 0.3599910924446871}, ""similarity_metric"": ""residual_pearson"", ""merge_pairs"": [[0, 10]], ""slot_eras"": {""0"": 0, ""1"": 1, ""2"":"
27399,27655,256,orphan,7965,12176,576,0.5771,0.5998,0.0227,rise,3.0735,3.3737,0.0977,,744,0,sudden/medium/recurring_sudden_friedman_100k_g00.csv,htr/error,"{""buffer_len"": 257, ""merged"": [11], ""collection_size"": 2, ""current_idx"": 12, ""best_idx"": 0, ""acc_current_on_warning"": 0.30988125629386865, ""acc_best_on_warning"": 0.30988125629386865, ""acc_new_on_warning"": 0.35631928601752694, ""winner_initial"": ""reused_copy"", ""acc_on_buffer"": {""0"": 0.30988125629386865}, ""similarity_metric"": ""residual_pearson"", ""merge_pairs"": [[0, 11]], ""slot_eras"": {""0"": 0, ""1"": 1,"
28487,28551,64,orphan,9053,11088,1088,0.5348,0.5782,0.0435,rise,2.5891,3.1526,0.2176,,633,0,sudden/medium/recurring_sudden_friedman_100k_g00.csv,htr/error,"{""buffer_len"": 65, ""merged"": [12], ""collection_size"": 2, ""current_idx"": 13, ""best_idx"": 0, ""acc_current_on_warning"": 0.3356133396746174, ""acc_best_on_warning"": 0.3356133396746174, ""acc_new_on_warning"": 0.29528559939949084, ""winner_initial"": ""reused_copy"", ""acc_on_buffer"": {""0"": 0.3356133396746174}, ""similarity_metric"": ""residual_pearson"", ""merge_pairs"": [[0, 12]], ""slot_eras"": {""0"": 0, ""1"": 1, ""2"""
29127,29159,32,orphan,9693,10448,640,0.5706,0.5774,0.0068,flat,3.0538,3.1662,0.0368,,570,1,sudden/medium/recurring_sudden_friedman_100k_g00.csv,htr/error,"{""buffer_len"": 33, ""merged"": [13], ""collection_size"": 2, ""current_idx"": 14, ""best_idx"": 0, ""acc_current_on_warning"": 0.35773882728940243, ""acc_best_on_warning"": 0.35773882728940243, ""acc_new_on_warning"": 0.2658405323973433, ""winner_initial"": ""reused_copy"", ""acc_on_buffer"": {""0"": 0.35773882728940243}, ""similarity_metric"": ""residual_pearson"", ""merge_pairs"": [[0, 13]], ""slot_eras"": {""0"": 0, ""1"": 1, """
29607,29671,64,orphan,10173,9968,480,0.5823,0.5841,0.0017,flat,3.2218,3.2877,0.0205,,1050,0,sudden/medium/recurring_sudden_friedman_100k_g00.csv,htr/error,"{""buffer_len"": 65, ""merged"": [14], ""collection_size"": 2, ""current_idx"": 15, ""best_idx"": 0, ""acc_current_on_warning"": 0.3437957550221571, ""acc_best_on_warning"": 0.3437957550221571, ""acc_new_on_warning"": 0.3391263423758041, ""winner_initial"": ""reused_copy"", ""acc_on_buffer"": {""0"": 0.3437957550221571}, ""similarity_metric"": ""residual_pearson"", ""merge_pairs"": [[0, 14]], ""slot_eras"": {""0"": 0, ""1"": 1, ""2"":"
30183,30183,0,orphan,10749,9392,576,0.5796,0.5614,-0.0182,flat,3.2278,3.0019,-0.07,masked_fall,506,1,sudden/medium/recurring_sudden_friedman_100k_g00.csv,htr/error,"{""buffer_len"": 1, ""merged"": [], ""collection_size"": 3, ""current_idx"": 16, ""best_idx"": 0, ""acc_current_on_warning"": 0.6433286873403486, ""acc_best_on_warning"": 0.6755374369246898, ""acc_new_on_warning"": 0.15957938553600626, ""winner_initial"": ""reused_copy"", ""acc_on_buffer"": {""0"": 0.6755374369246898, ""15"": 0.6433286873403486}, ""similarity_metric"": ""residual_pearson"", ""merge_pairs"": [], ""slot_eras"": {""0"""
31079,31079,0,orphan,11645,8496,896,0.5112,0.5126,0.0014,flat,2.3922,2.409,0.007,,1402,0,sudden/medium/recurring_sudden_friedman_100k_g00.csv,htr/error,"{""buffer_len"": 1, ""merged"": [], ""collection_size"": 4, ""current_idx"": 17, ""best_idx"": 15, ""acc_current_on_warning"": 0.6593102423350967, ""acc_best_on_warning"": 0.6680515888778856, ""acc_new_on_warning"": 0.0, ""winner_initial"": ""reused_copy"", ""acc_on_buffer"": {""0"": 0.6116674280946659, ""15"": 0.6680515888778856, ""16"": 0.6593102423350967}, ""similarity_metric"": ""residual_pearson"", ""merge_pairs"": [], ""slot_"
40679,40743,64,orphan,1104,24121,9600,0.469,0.4571,-0.0119,flat,1.8769,1.7352,-0.0755,masked_fall,11002,0,sudden/medium/recurring_sudden_friedman_100k_g00.csv,htr/error,"{""buffer_len"": 65, ""merged"": [17, 15], ""collection_size"": 3, ""current_idx"": 18, ""best_idx"": 0, ""acc_current_on_warning"": 0.5539457266163634, ""acc_best_on_warning"": 0.5539457266163634, ""acc_new_on_warning"": 0.43030319004533213, ""winner_initial"": ""reused_copy"", ""acc_on_buffer"": {""0"": 0.5539457266163634, ""16"": 0.41089778284895784}, ""similarity_metric"": ""residual_pearson"", ""merge_pairs"": [[0, 17], [16"
65159,65223,64,hit,359,,24480,0.5491,0.5297,-0.0195,flat,2.5685,2.3665,-0.0786,masked_fall,35482,0,sudden/medium/recurring_sudden_friedman_100k_g00.csv,htr/error,"{""buffer_len"": 65, ""merged"": [0, 16], ""collection_size"": 2, ""current_idx"": 19, ""best_idx"": 18, ""acc_current_on_warning"": 0.4386454133780847, ""acc_best_on_warning"": 0.4386454133780847, ""acc_new_on_warning"": 0.30462318538795874, ""winner_initial"": ""reused_copy"", ""acc_on_buffer"": {""18"": 0.4386454133780847}, ""similarity_metric"": ""residual_pearson"", ""merge_pairs"": [[18, 0], [18, 16]], ""slot_eras"": {""0"":"
67335,67399,64,echo,2535,,2176,0.4901,0.5249,0.0348,rise,1.9344,2.3072,0.1927,,37658,0,sudden/medium/recurring_sudden_friedman_100k_g00.csv,htr/error,"{""buffer_len"": 65, ""merged"": [19], ""collection_size"": 2, ""current_idx"": 20, ""best_idx"": 18, ""acc_current_on_warning"": 0.4767153275414092, ""acc_best_on_warning"": 0.4767153275414092, ""acc_new_on_warning"": 0.3224151215540334, ""winner_initial"": ""reused_copy"", ""acc_on_buffer"": {""18"": 0.4767153275414092}, ""similarity_metric"": ""residual_pearson"", ""merge_pairs"": [[18, 19]], ""slot_eras"": {""0"": 0, ""1"": 1, """
69575,70471,896,orphan,4775,,2240,0.4897,0.536,0.0463,rise,1.9425,2.4875,0.2805,,39898,0,sudden/medium/recurring_sudden_friedman_100k_g00.csv,htr/error,"{""buffer_len"": 897, ""merged"": [20], ""collection_size"": 2, ""current_idx"": 21, ""best_idx"": 18, ""acc_current_on_warning"": 0.4553359445662487, ""acc_best_on_warning"": 0.4553359445662487, ""acc_new_on_warning"": 0.47836245083584583, ""winner_initial"": ""reused_copy"", ""acc_on_buffer"": {""18"": 0.4553359445662487}, ""similarity_metric"": ""residual_pearson"", ""merge_pairs"": [[18, 20]], ""slot_eras"": {""0"": 0, ""1"": 1,"
72263,72359,96,orphan,7463,,2688,0.4946,0.5244,0.0298,rise,1.9923,2.3198,0.1644,,1355,0,sudden/medium/recurring_sudden_friedman_100k_g00.csv,htr/error,"{""buffer_len"": 97, ""merged"": [21], ""collection_size"": 2, ""current_idx"": 22, ""best_idx"": 18, ""acc_current_on_warning"": 0.4512753629920103, ""acc_best_on_warning"": 0.4512753629920103, ""acc_new_on_warning"": 0.31261342301134043, ""winner_initial"": ""reused_copy"", ""acc_on_buffer"": {""18"": 0.4512753629920103}, ""similarity_metric"": ""residual_pearson"", ""merge_pairs"": [[18, 21]], ""slot_eras"": {""0"": 0, ""1"": 1, "
74567,75431,864,orphan,9767,,2304,0.4779,0.5238,0.0459,rise,1.8048,2.3245,0.2879,,2199,0,sudden/medium/recurring_sudden_friedman_100k_g00.csv,htr/error,"{""buffer_len"": 865, ""merged"": [22], ""collection_size"": 2, ""current_idx"": 23, ""best_idx"": 18, ""acc_current_on_warning"": 0.44574794708502385, ""acc_best_on_warning"": 0.44574794708502385, ""acc_new_on_warning"": 0.47982217561386653, ""winner_initial"": ""reused_copy"", ""acc_on_buffer"": {""18"": 0.44574794708502385}, ""similarity_metric"": ""residual_pearson"", ""merge_pairs"": [[18, 22]], ""slot_eras"": {""0"": 0, ""1"":"
77479,77479,0,orphan,12679,,2912,0.4851,0.4821,-0.003,flat,1.8965,1.8472,-0.026,,840,0,sudden/medium/recurring_sudden_friedman_100k_g00.csv,htr/error,"{""buffer_len"": 1, ""merged"": [], ""collection_size"": 3, ""current_idx"": 24, ""best_idx"": 23, ""acc_current_on_warning"": 0.6604431790732193, ""acc_best_on_warning"": 0.6604431790732193, ""acc_new_on_warning"": 0.0, ""winner_initial"": ""reused_copy"", ""acc_on_buffer"": {""18"": 0.5737756348859991, ""23"": 0.6604431790732193}, ""similarity_metric"": ""residual_pearson"", ""merge_pairs"": [], ""slot_eras"": {""0"": 0, ""1"": 1, """
16615,18631,2016,orphan,,2819,,0.4921,0.4838,-0.0083,flat,1.7919,1.7101,-0.0457,,,0,sudden/medium/recurring_sudden_friedman_100k_g00.csv,htr-mwa50/error,"{""buffer_len"": 2017, ""merged"": [], ""collection_size"": 2, ""current_idx"": 1, ""best_idx"": 0, ""acc_current_on_warning"": 0.5103380942836622, ""acc_best_on_warning"": 0.5103380942836622, ""acc_new_on_warning"": 0.48875495781379863, ""winner_initial"": ""reused_copy"", ""acc_on_buffer"": {""0"": 0.5103380942836622}, ""similarity_metric"": ""residual_pearson"", ""merge_pairs"": [], ""slot_eras"": {""0"": 0, ""1"": 1}, ""score_sem"
19495,19544,49,hit,61,20080,2880,0.5112,0.6301,0.1189,rise,2.0126,3.2721,0.6258,,842,0,sudden/medium/recurring_sudden_friedman_100k_g00.csv,htr-mwa50/error,"{""buffer_len"": 50, ""merged"": [1], ""collection_size"": 2, ""current_idx"": 2, ""best_idx"": 0, ""acc_current_on_warning"": 0.2659049733941583, ""acc_best_on_warning"": 0.2659049733941583, ""acc_new_on_warning"": 0.22958201836725456, ""winner_initial"": ""reused_copy"", ""acc_on_buffer"": {""0"": 0.2659049733941583}, ""similarity_metric"": ""residual_pearson"", ""merge_pairs"": [[0, 1]], ""slot_eras"": {""0"": 0, ""1"": 1, ""2"": 2"
20135,20359,224,echo_inwin,701,19440,640,0.6099,0.6186,0.0088,flat,3.0319,3.1694,0.0453,,545,1,sudden/medium/recurring_sudden_friedman_100k_g00.csv,htr-mwa50/error,"{""buffer_len"": 225, ""merged"": [2], ""collection_size"": 2, ""current_idx"": 3, ""best_idx"": 0, ""acc_current_on_warning"": 0.3065040291254565, ""acc_best_on_warning"": 0.3065040291254565, ""acc_new_on_warning"": 0.30294224547812065, ""winner_initial"": ""reused_copy"", ""acc_on_buffer"": {""0"": 0.3065040291254565}, ""similarity_metric"": ""residual_pearson"", ""merge_pairs"": [[0, 2]], ""slot_eras"": {""0"": 0, ""1"": 1, ""2"": "
21255,21304,49,echo,1821,18320,1120,0.5588,0.6215,0.0627,rise,2.558,3.283,0.2834,,1665,0,sudden/medium/recurring_sudden_friedman_100k_g00.csv,htr-mwa50/error,"{""buffer_len"": 50, ""merged"": [3], ""collection_size"": 2, ""current_idx"": 4, ""best_idx"": 0, ""acc_current_on_warning"": 0.25470550568033457, ""acc_best_on_warning"": 0.25470550568033457, ""acc_new_on_warning"": 0.2502302607491126, ""winner_initial"": ""reused_copy"", ""acc_on_buffer"": {""0"": 0.25470550568033457}, ""similarity_metric"": ""residual_pearson"", ""merge_pairs"": [[0, 3]], ""slot_eras"": {""0"": 0, ""1"": 1, ""2"":"
21607,26183,4576,echo,2173,17968,352,0.6051,0.5121,-0.0929,fall,3.1073,2.3226,-0.2525,,189,1,sudden/medium/recurring_sudden_friedman_100k_g00.csv,htr-mwa50/error,"{""buffer_len"": 4577, ""merged"": [4], ""collection_size"": 2, ""current_idx"": 5, ""best_idx"": 0, ""acc_current_on_warning"": 0.31904317841456553, ""acc_best_on_warning"": 0.31904317841456553, ""acc_new_on_warning"": 0.49840556977566963, ""winner_initial"": ""reused_copy"", ""acc_on_buffer"": {""0"": 0.31904317841456553}, ""similarity_metric"": ""residual_pearson"", ""merge_pairs"": [[0, 4]], ""slot_eras"": {""0"": 0, ""1"": 1, """
40679,41127,448,orphan,1104,24121,19072,0.4713,0.4796,0.0083,flat,1.7974,1.8753,0.0433,,14494,0,sudden/medium/recurring_sudden_friedman_100k_g00.csv,htr-mwa50/error,"{""buffer_len"": 449, ""merged"": [5], ""collection_size"": 2, ""current_idx"": 6, ""best_idx"": 0, ""acc_current_on_warning"": 0.5257523266702391, ""acc_best_on_warning"": 0.5257523266702391, ""acc_new_on_warning"": 0.4775502898854658, ""winner_initial"": ""reused_copy"", ""acc_on_buffer"": {""0"": 0.5257523266702391}, ""similarity_metric"": ""residual_pearson"", ""merge_pairs"": [[0, 5]], ""slot_eras"": {""0"": 0, ""1"": 1, ""2"": 2"
65063,65112,49,hit,263,,24384,0.537,0.5449,0.0079,flat,2.3456,2.4028,0.0244,,23932,0,sudden/medium/recurring_sudden_friedman_100k_g00.csv,htr-mwa50/error,"{""buffer_len"": 50, ""merged"": [0], ""collection_size"": 2, ""current_idx"": 7, ""best_idx"": 6, ""acc_current_on_warning"": 0.41361468352694175, ""acc_best_on_warning"": 0.41361468352694175, ""acc_new_on_warning"": 0.2699991906011645, ""winner_initial"": ""reused_copy"", ""acc_on_buffer"": {""6"": 0.41361468352694175}, ""similarity_metric"": ""residual_pearson"", ""merge_pairs"": [[6, 0]], ""slot_eras"": {""0"": 0, ""1"": 1, ""2"":"
67111,67160,49,echo,2311,,2048,0.508,0.5422,0.0342,rise,2.0597,2.3894,0.1601,,25980,0,sudden/medium/recurring_sudden_friedman_100k_g00.csv,htr-mwa50/error,"{""buffer_len"": 50, ""merged"": [7], ""collection_size"": 2, ""current_idx"": 8, ""best_idx"": 6, ""acc_current_on_warning"": 0.4898705704017664, ""acc_best_on_warning"": 0.4898705704017664, ""acc_new_on_warning"": 0.2445955341773225, ""winner_initial"": ""reused_copy"", ""acc_on_buffer"": {""6"": 0.4898705704017664}, ""similarity_metric"": ""residual_pearson"", ""merge_pairs"": [[6, 7]], ""slot_eras"": {""0"": 0, ""1"": 1, ""2"": 2,"
68391,69991,1600,orphan,3591,,1280,0.497,0.5293,0.0323,rise,1.9332,2.3099,0.1949,,27260,0,sudden/medium/recurring_sudden_friedman_100k_g00.csv,htr-mwa50/error,"{""buffer_len"": 1601, ""merged"": [8], ""collection_size"": 2, ""current_idx"": 9, ""best_idx"": 6, ""acc_current_on_warning"": 0.4192045655488946, ""acc_best_on_warning"": 0.4192045655488946, ""acc_new_on_warning"": 0.4389098401119891, ""winner_initial"": ""reused_copy"", ""acc_on_buffer"": {""6"": 0.4192045655488946}, ""similarity_metric"": ""residual_pearson"", ""merge_pairs"": [[6, 8]], ""slot_eras"": {""0"": 0, ""1"": 1, ""2"": "
72519,73575,1056,orphan,7719,,4128,0.4873,0.5136,0.0263,rise,1.8672,2.1687,0.1614,,1598,0,sudden/medium/recurring_sudden_friedman_100k_g00.csv,htr-mwa50/error,"{""buffer_len"": 1057, ""merged"": [9], ""collection_size"": 2, ""current_idx"": 10, ""best_idx"": 6, ""acc_current_on_warning"": 0.42390913204261915, ""acc_best_on_warning"": 0.42390913204261915, ""acc_new_on_warning"": 0.4955214227283846, ""winner_initial"": ""reused_copy"", ""acc_on_buffer"": {""6"": 0.42390913204261915}, ""similarity_metric"": ""residual_pearson"", ""merge_pairs"": [[6, 9]], ""slot_eras"": {""0"": 0, ""1"": 1, """
79719,79768,49,orphan,14919,,7200,0.4884,0.5474,0.059,rise,1.8627,2.4869,0.3351,,2242,0,sudden/medium/recurring_sudden_friedman_100k_g00.csv,htr-mwa50/error,"{""buffer_len"": 50, ""merged"": [10], ""collection_size"": 2, ""current_idx"": 11, ""best_idx"": 6, ""acc_current_on_warning"": 0.4500537069006729, ""acc_best_on_warning"": 0.4500537069006729, ""acc_new_on_warning"": 0.2753270637655878, ""winner_initial"": ""reused_copy"", ""acc_on_buffer"": {""6"": 0.4500537069006729}, ""similarity_metric"": ""residual_pearson"", ""merge_pairs"": [[6, 10]], ""slot_eras"": {""0"": 0, ""1"": 1, ""2"":"
81511,81703,192,orphan,16711,,1792,0.499,0.5461,0.0471,rise,1.9798,2.4579,0.2415,,1735,0,sudden/medium/recurring_sudden_friedman_100k_g00.csv,htr-mwa50/error,"{""buffer_len"": 193, ""merged"": [11], ""collection_size"": 2, ""current_idx"": 12, ""best_idx"": 6, ""acc_current_on_warning"": 0.4250411221009057, ""acc_best_on_warning"": 0.4250411221009057, ""acc_new_on_warning"": 0.3426682400196056, ""winner_initial"": ""reused_copy"", ""acc_on_buffer"": {""6"": 0.4250411221009057}, ""similarity_metric"": ""residual_pearson"", ""merge_pairs"": [[6, 11]], ""slot_eras"": {""0"": 0, ""1"": 1, ""2"""
83719,84071,352,orphan,18919,,2208,0.503,0.5536,0.0506,rise,2.0132,2.5366,0.2599,,2011,0,sudden/medium/recurring_sudden_friedman_100k_g00.csv,htr-mwa50/error,"{""buffer_len"": 353, ""merged"": [12], ""collection_size"": 2, ""current_idx"": 13, ""best_idx"": 6, ""acc_current_on_warning"": 0.43233202586436115, ""acc_best_on_warning"": 0.43233202586436115, ""acc_new_on_warning"": 0.35581285045883326, ""winner_initial"": ""reused_copy"", ""acc_on_buffer"": {""6"": 0.43233202586436115}, ""similarity_metric"": ""residual_pearson"", ""merge_pairs"": [[6, 12]], ""slot_eras"": {""0"": 0, ""1"": 1,"
85127,85223,96,orphan,20327,,1408,0.5119,0.5638,0.052,rise,2.138,2.6764,0.2518,,1013,0,sudden/medium/recurring_sudden_friedman_100k_g00.csv,htr-mwa50/error,"{""buffer_len"": 97, ""merged"": [13], ""collection_size"": 2, ""current_idx"": 14, ""best_idx"": 6, ""acc_current_on_warning"": 0.44902467514376665, ""acc_best_on_warning"": 0.44902467514376665, ""acc_new_on_warning"": 0.3246790725111769, ""winner_initial"": ""reused_copy"", ""acc_on_buffer"": {""6"": 0.44902467514376665}, ""similarity_metric"": ""residual_pearson"", ""merge_pairs"": [[6, 13]], ""slot_eras"": {""0"": 0, ""1"": 1, """
86983,87032,49,orphan,22183,,1856,0.4921,0.5258,0.0337,rise,1.9218,2.2695,0.1809,,2869,0,sudden/medium/recurring_sudden_friedman_100k_g00.csv,htr-mwa50/error,"{""buffer_len"": 50, ""merged"": [14], ""collection_size"": 2, ""current_idx"": 15, ""best_idx"": 6, ""acc_current_on_warning"": 0.4419053607990113, ""acc_best_on_warning"": 0.4419053607990113, ""acc_new_on_warning"": 0.28389564966844905, ""winner_initial"": ""reused_copy"", ""acc_on_buffer"": {""6"": 0.4419053607990113}, ""similarity_metric"": ""residual_pearson"", ""merge_pairs"": [[6, 14]], ""slot_eras"": {""0"": 0, ""1"": 1, ""2"""
90599,90648,49,orphan,25799,,3616,0.4859,0.5351,0.0493,rise,1.8497,2.3691,0.2808,,3565,0,sudden/medium/recurring_sudden_friedman_100k_g00.csv,htr-mwa50/error,"{""buffer_len"": 50, ""merged"": [15], ""collection_size"": 2, ""current_idx"": 16, ""best_idx"": 6, ""acc_current_on_warning"": 0.43706168979665116, ""acc_best_on_warning"": 0.43706168979665116, ""acc_new_on_warning"": 0.21865519940411882, ""winner_initial"": ""reused_copy"", ""acc_on_buffer"": {""6"": 0.43706168979665116}, ""similarity_metric"": ""residual_pearson"", ""merge_pairs"": [[6, 15]], ""slot_eras"": {""0"": 0, ""1"": 1, "
92935,94183,1248,orphan,28135,,2336,0.4978,0.5308,0.0331,rise,2.0151,2.323,0.1528,,5901,0,sudden/medium/recurring_sudden_friedman_100k_g00.csv,htr-mwa50/error,"{""buffer_len"": 1249, ""merged"": [16], ""collection_size"": 2, ""current_idx"": 17, ""best_idx"": 6, ""acc_current_on_warning"": 0.425883664728018, ""acc_best_on_warning"": 0.425883664728018, ""acc_new_on_warning"": 0.444326945618977, ""winner_initial"": ""reused_copy"", ""acc_on_buffer"": {""6"": 0.425883664728018}, ""similarity_metric"": ""residual_pearson"", ""merge_pairs"": [[6, 16]], ""slot_eras"": {""0"": 0, ""1"": 1, ""2"": 2"
95879,96231,352,orphan,31079,,2944,0.4922,0.5337,0.0415,rise,1.9099,2.3499,0.2303,,1592,0,sudden/medium/recurring_sudden_friedman_100k_g00.csv,htr-mwa50/error,"{""buffer_len"": 353, ""merged"": [17], ""collection_size"": 2, ""current_idx"": 18, ""best_idx"": 6, ""acc_current_on_warning"": 0.41032817039241976, ""acc_best_on_warning"": 0.41032817039241976, ""acc_new_on_warning"": 0.3592945274100988, ""winner_initial"": ""reused_copy"", ""acc_on_buffer"": {""6"": 0.41032817039241976}, ""similarity_metric"": ""residual_pearson"", ""merge_pairs"": [[6, 17]], ""slot_eras"": {""0"": 0, ""1"": 1, "
99303,99399,96,orphan,34503,,3424,0.4883,0.5375,0.0492,rise,1.8934,2.421,0.2786,,5016,0,sudden/medium/recurring_sudden_friedman_100k_g00.csv,htr-mwa50/error,"{""buffer_len"": 97, ""merged"": [18], ""collection_size"": 2, ""current_idx"": 19, ""best_idx"": 6, ""acc_current_on_warning"": 0.4236675408407383, ""acc_best_on_warning"": 0.4236675408407383, ""acc_new_on_warning"": 0.29563501076906196, ""winner_initial"": ""reused_copy"", ""acc_on_buffer"": {""6"": 0.4236675408407383}, ""similarity_metric"": ""residual_pearson"", ""merge_pairs"": [[6, 18]], ""slot_eras"": {""0"": 0, ""1"": 1, ""2"""
16615,18631,2016,orphan,,2819,,0.4921,0.4944,0.0023,flat,1.7919,1.7064,-0.0477,,,0,sudden/medium/recurring_sudden_friedman_100k_g00.csv,htr-nr/error,"{""buffer_len"": 2017, ""merged"": [], ""collection_size"": 2, ""current_idx"": 1, ""best_idx"": 0, ""acc_current_on_warning"": 0.5103380942836622, ""acc_best_on_warning"": 0.5103380942836622, ""acc_new_on_warning"": 0.48875495781379863, ""winner_initial"": ""reused_copy"", ""acc_on_buffer"": {""0"": 0.5103380942836622}, ""similarity_metric"": ""residual_pearson"", ""merge_pairs"": [], ""slot_eras"": {""0"": 0, ""1"": 1}, ""score_sem"
19527,19527,0,hit,93,20048,2912,0.5337,0.4866,-0.0472,fall,2.144,2.9225,0.3631,fake_fall,851,0,sudden/medium/recurring_sudden_friedman_100k_g00.csv,htr-nr/error,"{""buffer_len"": 1, ""merged"": [], ""collection_size"": 3, ""current_idx"": 2, ""best_idx"": 1, ""acc_current_on_warning"": 0.1471508958116614, ""acc_best_on_warning"": 0.1471508958116614, ""acc_new_on_warning"": 0.0, ""winner_initial"": ""reused_copy"", ""acc_on_buffer"": {""0"": 0.05039397991238992, ""1"": 0.1471508958116614}, ""similarity_metric"": ""residual_pearson"", ""merge_pairs"": [], ""slot_eras"": {""0"": 0, ""1"": 1, ""2"":"
24135,24135,0,orphan,4701,15440,4608,0.4995,0.4582,-0.0412,fall,2.303,3.2609,0.4159,fake_fall,4568,0,sudden/medium/recurring_sudden_friedman_100k_g00.csv,htr-nr/error,"{""buffer_len"": 1, ""merged"": [], ""collection_size"": 4, ""current_idx"": 3, ""best_idx"": 0, ""acc_current_on_warning"": 0.12111762096357659, ""acc_best_on_warning"": 0.6150757451710774, ""acc_new_on_warning"": 0.0, ""winner_initial"": ""reused_copy"", ""acc_on_buffer"": {""0"": 0.6150757451710774, ""1"": 0.47978565977033905, ""2"": 0.12111762096357659}, ""similarity_metric"": ""residual_pearson"", ""merge_pairs"": [], ""slot_e"
28743,28743,0,orphan,9309,10832,4608,0.4798,0.4845,0.0046,flat,2.0877,2.9106,0.3942,,4557,0,sudden/medium/recurring_sudden_friedman_100k_g00.csv,htr-nr/error,"{""buffer_len"": 1, ""merged"": [], ""collection_size"": 5, ""current_idx"": 4, ""best_idx"": 1, ""acc_current_on_warning"": 0.5606146245455175, ""acc_best_on_warning"": 0.6366417276916014, ""acc_new_on_warning"": 0.0, ""winner_initial"": ""reused_copy"", ""acc_on_buffer"": {""0"": 0.2654366023093604, ""1"": 0.6366417276916014, ""2"": 0.5974239800177502, ""3"": 0.5606146245455175}, ""similarity_metric"": ""residual_pearson"", ""mer"
37255,37959,704,orphan,17821,2320,8512,0.496,0.5003,0.0043,flat,2.1489,2.119,-0.0139,,13069,0,sudden/medium/recurring_sudden_friedman_100k_g00.csv,htr-nr/error,"{""buffer_len"": 705, ""merged"": [1, 0, 2, 4], ""collection_size"": 2, ""current_idx"": 5, ""best_idx"": 3, ""acc_current_on_warning"": 0.5049226970410304, ""acc_best_on_warning"": 0.5049226970410304, ""acc_new_on_warning"": 0.41929441989153404, ""winner_initial"": ""reused_copy"", ""acc_on_buffer"": {""3"": 0.5049226970410304}, ""similarity_metric"": ""residual_pearson"", ""merge_pairs"": [[0, 1], [2, 0], [3, 2], [3, 4]], ""s"
40519,40519,0,hit,944,24281,3264,0.47,0.496,0.026,rise,1.9148,1.7199,-0.1018,,16333,0,sudden/medium/recurring_sudden_friedman_100k_g00.csv,htr-nr/error,"{""buffer_len"": 1, ""merged"": [], ""collection_size"": 3, ""current_idx"": 6, ""best_idx"": 5, ""acc_current_on_warning"": 0.6415947118234946, ""acc_best_on_warning"": 0.6415947118234946, ""acc_new_on_warning"": 0.0, ""winner_initial"": ""reused_copy"", ""acc_on_buffer"": {""3"": 0.3708703431464483, ""5"": 0.6415947118234946}, ""similarity_metric"": ""residual_pearson"", ""merge_pairs"": [], ""slot_eras"": {""0"": 0, ""1"": 1, ""2"": "
65479,65575,96,hit,679,,24960,0.595,0.4959,-0.099,fall,2.5143,2.017,-0.1978,,24929,0,sudden/medium/recurring_sudden_friedman_100k_g00.csv,htr-nr/error,"{""buffer_len"": 97, ""merged"": [5, 6], ""collection_size"": 2, ""current_idx"": 7, ""best_idx"": 3, ""acc_current_on_warning"": 0.4719980570583716, ""acc_best_on_warning"": 0.4719980570583716, ""acc_new_on_warning"": 0.2655411763602452, ""winner_initial"": ""reused_copy"", ""acc_on_buffer"": {""3"": 0.4719980570583716}, ""similarity_metric"": ""residual_pearson"", ""merge_pairs"": [[3, 5], [3, 6]], ""slot_eras"": {""0"": 0, ""1"":"
17319,17479,160,hit,967,24710,,0.4589,0.4537,-0.0053,flat,1.4707,1.3965,-0.0504,masked_fall,,0,sudden/medium/recurring_sudden_friedman_100k_g01.csv,htr/error,"{""buffer_len"": 161, ""merged"": [], ""collection_size"": 2, ""current_idx"": 1, ""best_idx"": 0, ""acc_current_on_warning"": 0.5438542995362812, ""acc_best_on_warning"": 0.5438542995362812, ""acc_new_on_warning"": 0.3962403562010012, ""winner_initial"": ""reused_copy"", ""acc_on_buffer"": {""0"": 0.5438542995362812}, ""similarity_metric"": ""residual_pearson"", ""merge_pairs"": [], ""slot_eras"": {""0"": 0, ""1"": 1}, ""score_seman"
30791,31047,256,orphan,14439,11238,13472,0.4821,0.4563,-0.0258,fall,1.4988,1.2743,-0.1498,,,0,sudden/medium/recurring_sudden_friedman_100k_g01.csv,htr/error,"{""buffer_len"": 257, ""merged"": [0], ""collection_size"": 2, ""current_idx"": 2, ""best_idx"": 1, ""acc_current_on_warning"": 0.5267051657902582, ""acc_best_on_warning"": 0.5267051657902582, ""acc_new_on_warning"": 0.43279961837344594, ""winner_initial"": ""reused_copy"", ""acc_on_buffer"": {""1"": 0.5267051657902582}, ""similarity_metric"": ""residual_pearson"", ""merge_pairs"": [[1, 0]], ""slot_eras"": {""0"": 0, ""1"": 1, ""2"": "
42151,42151,0,hit,122,28186,11360,0.5655,0.7539,0.1884,rise,2.8222,4.741,0.6799,,11102,0,sudden/medium/recurring_sudden_friedman_100k_g01.csv,htr/error,"{""buffer_len"": 1, ""merged"": [], ""collection_size"": 3, ""current_idx"": 3, ""best_idx"": 1, ""acc_current_on_warning"": 0.0, ""acc_best_on_warning"": 0.0, ""acc_new_on_warning"": 0.0, ""winner_initial"": ""reused_copy"", ""acc_on_buffer"": {""1"": 0.0, ""2"": 0.0}, ""similarity_metric"": ""residual_pearson"", ""merge_pairs"": [], ""slot_eras"": {""0"": 0, ""1"": 1, ""2"": 2, ""3"": 3}, ""score_semantics"": ""1_minus_mean_normalized_resi"
42983,43047,64,echo_inwin,954,27354,832,0.6787,0.6321,-0.0466,fall,3.5984,3.0406,-0.155,,830,0,sudden/medium/recurring_sudden_friedman_100k_g01.csv,htr/error,"{""buffer_len"": 65, ""merged"": [2], ""collection_size"": 3, ""current_idx"": 4, ""best_idx"": 3, ""acc_current_on_warning"": 0.3540277291616325, ""acc_best_on_warning"": 0.3540277291616325, ""acc_new_on_warning"": 0.2506082374807237, ""winner_initial"": ""reused_copy"", ""acc_on_buffer"": {""1"": 0.10379349812977501, ""3"": 0.3540277291616325}, ""similarity_metric"": ""residual_pearson"", ""merge_pairs"": [[1, 2]], ""slot_eras"""
46119,46119,0,orphan,4090,24218,3136,0.589,0.5815,-0.0075,flat,2.6204,2.6767,0.0215,,3060,0,sudden/medium/recurring_sudden_friedman_100k_g01.csv,htr/error,"{""buffer_len"": 1, ""merged"": [], ""collection_size"": 4, ""current_idx"": 5, ""best_idx"": 4, ""acc_current_on_warning"": 0.663676040464054, ""acc_best_on_warning"": 0.663676040464054, ""acc_new_on_warning"": 0.0, ""winner_initial"": ""reused_copy"", ""acc_on_buffer"": {""1"": 0.0, ""3"": 0.4215164481695184, ""4"": 0.663676040464054}, ""similarity_metric"": ""residual_pearson"", ""merge_pairs"": [], ""slot_eras"": {""0"": 0, ""1"": 1"
50247,53287,3040,orphan,8218,20090,4128,0.5535,0.5638,0.0103,flat,2.4071,2.629,0.0922,,7188,0,sudden/medium/recurring_sudden_friedman_100k_g01.csv,htr/error,"{""buffer_len"": 3041, ""merged"": [3, 4, 5], ""collection_size"": 2, ""current_idx"": 6, ""best_idx"": 1, ""acc_current_on_warning"": 0.13685641005143223, ""acc_best_on_warning"": 0.13685641005143223, ""acc_new_on_warning"": 0.43797806629124336, ""winner_initial"": ""reused_copy"", ""acc_on_buffer"": {""1"": 0.13685641005143223}, ""similarity_metric"": ""residual_pearson"", ""merge_pairs"": [[1, 3], [1, 4], [1, 5]], ""slot_era"
63015,66535,3520,orphan,20986,7322,12768,0.5372,0.5607,0.0235,rise,2.3958,2.7358,0.1419,,9727,0,sudden/medium/recurring_sudden_friedman_100k_g01.csv,htr/error,"{""buffer_len"": 3521, ""merged"": [6], ""collection_size"": 2, ""current_idx"": 7, ""best_idx"": 1, ""acc_current_on_warning"": 0.141724740498143, ""acc_best_on_warning"": 0.141724740498143, ""acc_new_on_warning"": 0.4481956736099584, ""winner_initial"": ""reused_copy"", ""acc_on_buffer"": {""1"": 0.141724740498143}, ""similarity_metric"": ""residual_pearson"", ""merge_pairs"": [[1, 6]], ""slot_eras"": {""0"": 0, ""1"": 1, ""2"": 2, "
71143,71143,0,hit,806,,8128,0.4816,0.4728,-0.0088,flat,1.8036,1.7024,-0.0561,masked_fall,4604,0,sudden/medium/recurring_sudden_friedman_100k_g01.csv,htr/error,"{""buffer_len"": 1, ""merged"": [], ""collection_size"": 3, ""current_idx"": 8, ""best_idx"": 7, ""acc_current_on_warning"": 0.5858287513593414, ""acc_best_on_warning"": 0.5858287513593414, ""acc_new_on_warning"": 0.0, ""winner_initial"": ""reused_copy"", ""acc_on_buffer"": {""1"": 0.4708118488770646, ""7"": 0.5858287513593414}, ""similarity_metric"": ""residual_pearson"", ""merge_pairs"": [], ""slot_eras"": {""0"": 0, ""1"": 1, ""2"": "
17319,17479,160,hit,967,24710,,0.4589,0.4537,-0.0053,flat,1.4707,1.3965,-0.0504,masked_fall,,0,sudden/medium/recurring_sudden_friedman_100k_g01.csv,htr-mwa50/error,"{""buffer_len"": 161, ""merged"": [], ""collection_size"": 2, ""current_idx"": 1, ""best_idx"": 0, ""acc_current_on_warning"": 0.5438542995362812, ""acc_best_on_warning"": 0.5438542995362812, ""acc_new_on_warning"": 0.3962403562010012, ""winner_initial"": ""reused_copy"", ""acc_on_buffer"": {""0"": 0.5438542995362812}, ""similarity_metric"": ""residual_pearson"", ""merge_pairs"": [], ""slot_eras"": {""0"": 0, ""1"": 1}, ""score_seman"
30791,31047,256,orphan,14439,11238,13472,0.4821,0.4563,-0.0258,fall,1.4988,1.2743,-0.1498,,,0,sudden/medium/recurring_sudden_friedman_100k_g01.csv,htr-mwa50/error,"{""buffer_len"": 257, ""merged"": [0], ""collection_size"": 2, ""current_idx"": 2, ""best_idx"": 1, ""acc_current_on_warning"": 0.5267051657902582, ""acc_best_on_warning"": 0.5267051657902582, ""acc_new_on_warning"": 0.43279961837344594, ""winner_initial"": ""reused_copy"", ""acc_on_buffer"": {""1"": 0.5267051657902582}, ""similarity_metric"": ""residual_pearson"", ""merge_pairs"": [[1, 0]], ""slot_eras"": {""0"": 0, ""1"": 1, ""2"": "
42151,42200,49,hit,122,28186,11360,0.5655,0.7494,0.1838,rise,2.8222,4.6118,0.6341,,11102,0,sudden/medium/recurring_sudden_friedman_100k_g01.csv,htr-mwa50/error,"{""buffer_len"": 50, ""merged"": [2], ""collection_size"": 2, ""current_idx"": 3, ""best_idx"": 1, ""acc_current_on_warning"": 0.14656431850491303, ""acc_best_on_warning"": 0.14656431850491303, ""acc_new_on_warning"": 0.24083100999604734, ""winner_initial"": ""reused_copy"", ""acc_on_buffer"": {""1"": 0.14656431850491303}, ""similarity_metric"": ""residual_pearson"", ""merge_pairs"": [[1, 2]], ""slot_eras"": {""0"": 0, ""1"": 1, ""2"""
42919,42968,49,echo_inwin,890,27418,768,0.693,0.7251,0.0322,rise,3.7653,4.3074,0.144,,713,0,sudden/medium/recurring_sudden_friedman_100k_g01.csv,htr-mwa50/error,"{""buffer_len"": 50, ""merged"": [3], ""collection_size"": 2, ""current_idx"": 4, ""best_idx"": 1, ""acc_current_on_warning"": 0.09030287744836907, ""acc_best_on_warning"": 0.09030287744836907, ""acc_new_on_warning"": 0.21705842981538448, ""winner_initial"": ""reused_copy"", ""acc_on_buffer"": {""1"": 0.09030287744836907}, ""similarity_metric"": ""residual_pearson"", ""merge_pairs"": [[1, 3]], ""slot_eras"": {""0"": 0, ""1"": 1, ""2"""
43847,43896,49,echo,1818,26490,928,0.6583,0.705,0.0467,rise,3.3035,4.2908,0.2989,,871,0,sudden/medium/recurring_sudden_friedman_100k_g01.csv,htr-mwa50/error,"{""buffer_len"": 50, ""merged"": [4], ""collection_size"": 2, ""current_idx"": 5, ""best_idx"": 1, ""acc_current_on_warning"": 0.14947616547189246, ""acc_best_on_warning"": 0.14947616547189246, ""acc_new_on_warning"": 0.22903026303356566, ""winner_initial"": ""reused_copy"", ""acc_on_buffer"": {""1"": 0.14947616547189246}, ""similarity_metric"": ""residual_pearson"", ""merge_pairs"": [[1, 4]], ""slot_eras"": {""0"": 0, ""1"": 1, ""2"""
44647,44871,224,echo,2618,25690,800,0.6584,0.66,0.0016,flat,3.5609,3.6493,0.0248,,750,0,sudden/medium/recurring_sudden_friedman_100k_g01.csv,htr-mwa50/error,"{""buffer_len"": 225, ""merged"": [5], ""collection_size"": 2, ""current_idx"": 6, ""best_idx"": 1, ""acc_current_on_warning"": 0.14538402323810085, ""acc_best_on_warning"": 0.14538402323810085, ""acc_new_on_warning"": 0.3095083431826744, ""winner_initial"": ""reused_copy"", ""acc_on_buffer"": {""1"": 0.14538402323810085}, ""similarity_metric"": ""residual_pearson"", ""merge_pairs"": [[1, 5]], ""slot_eras"": {""0"": 0, ""1"": 1, ""2"""
46023,46072,49,orphan,3994,24314,1376,0.6078,0.6096,0.0018,flat,2.8992,3.0542,0.0535,,1151,0,sudden/medium/recurring_sudden_friedman_100k_g01.csv,htr-mwa50/error,"{""buffer_len"": 50, ""merged"": [], ""collection_size"": 3, ""current_idx"": 7, ""best_idx"": 6, ""acc_current_on_warning"": 0.40241132849004624, ""acc_best_on_warning"": 0.40241132849004624, ""acc_new_on_warning"": 0.2751722448089228, ""winner_initial"": ""reused_copy"", ""acc_on_buffer"": {""1"": 0.12305175408971625, ""6"": 0.40241132849004624}, ""similarity_metric"": ""residual_pearson"", ""merge_pairs"": [], ""slot_eras"": {"""
49095,49144,49,orphan,7066,21242,3072,0.5779,0.6932,0.1152,rise,2.7373,4.3738,0.5979,,3014,0,sudden/medium/recurring_sudden_friedman_100k_g01.csv,htr-mwa50/error,"{""buffer_len"": 50, ""merged"": [6, 7], ""collection_size"": 2, ""current_idx"": 8, ""best_idx"": 1, ""acc_current_on_warning"": 0.09277830319368818, ""acc_best_on_warning"": 0.09277830319368818, ""acc_new_on_warning"": 0.19228656390299326, ""winner_initial"": ""reused_copy"", ""acc_on_buffer"": {""1"": 0.09277830319368818}, ""similarity_metric"": ""residual_pearson"", ""merge_pairs"": [[1, 6], [1, 7]], ""slot_eras"": {""0"": 0, "
49671,49720,49,orphan,7642,20666,576,0.6773,0.6607,-0.0165,flat,4.1001,3.9461,-0.0375,,489,1,sudden/medium/recurring_sudden_friedman_100k_g01.csv,htr-mwa50/error,"{""buffer_len"": 50, ""merged"": [8], ""collection_size"": 2, ""current_idx"": 9, ""best_idx"": 1, ""acc_current_on_warning"": 0.1232713727590139, ""acc_best_on_warning"": 0.1232713727590139, ""acc_new_on_warning"": 0.26105943928759456, ""winner_initial"": ""reused_copy"", ""acc_on_buffer"": {""1"": 0.1232713727590139}, ""similarity_metric"": ""residual_pearson"", ""merge_pairs"": [[1, 8]], ""slot_eras"": {""0"": 0, ""1"": 1, ""2"": 2"
51335,51431,96,orphan,9306,19002,1664,0.6097,0.6568,0.0471,rise,3.2633,3.9523,0.2111,,1613,0,sudden/medium/recurring_sudden_friedman_100k_g01.csv,htr-mwa50/error,"{""buffer_len"": 97, ""merged"": [9], ""collection_size"": 2, ""current_idx"": 10, ""best_idx"": 1, ""acc_current_on_warning"": 0.1039168206569221, ""acc_best_on_warning"": 0.1039168206569221, ""acc_new_on_warning"": 0.3218693118265552, ""winner_initial"": ""reused_copy"", ""acc_on_buffer"": {""1"": 0.1039168206569221}, ""similarity_metric"": ""residual_pearson"", ""merge_pairs"": [[1, 9]], ""slot_eras"": {""0"": 0, ""1"": 1, ""2"": 2"
52199,52248,49,orphan,10170,18138,864,0.6097,0.5899,-0.0198,flat,3.309,3.0475,-0.079,masked_fall,761,0,sudden/medium/recurring_sudden_friedman_100k_g01.csv,htr-mwa50/error,"{""buffer_len"": 50, ""merged"": [], ""collection_size"": 3, ""current_idx"": 11, ""best_idx"": 10, ""acc_current_on_warning"": 0.3722949974630059, ""acc_best_on_warning"": 0.3722949974630059, ""acc_new_on_warning"": 0.28015375943940113, ""winner_initial"": ""reused_copy"", ""acc_on_buffer"": {""1"": 0.152462206363025, ""10"": 0.3722949974630059}, ""similarity_metric"": ""residual_pearson"", ""merge_pairs"": [], ""slot_eras"": {""0"
54247,54343,96,orphan,12218,16090,2048,0.5706,0.5834,0.0129,flat,2.8801,2.9964,0.0404,,1996,0,sudden/medium/recurring_sudden_friedman_100k_g01.csv,htr-mwa50/error,"{""buffer_len"": 97, ""merged"": [11], ""collection_size"": 3, ""current_idx"": 12, ""best_idx"": 10, ""acc_current_on_warning"": 0.1419499578088147, ""acc_best_on_warning"": 0.39626782362905877, ""acc_new_on_warning"": 0.2811487059806381, ""winner_initial"": ""reused_copy"", ""acc_on_buffer"": {""1"": 0.1419499578088147, ""10"": 0.39626782362905877}, ""similarity_metric"": ""residual_pearson"", ""merge_pairs"": [[1, 11]], ""slot"
59079,60487,1408,orphan,17050,11258,4832,0.5365,0.5566,0.0201,rise,2.5234,2.8259,0.1199,,4710,0,sudden/medium/recurring_sudden_friedman_100k_g01.csv,htr-mwa50/error,"{""buffer_len"": 1409, ""merged"": [12], ""collection_size"": 3, ""current_idx"": 13, ""best_idx"": 10, ""acc_current_on_warning"": 0.16016564430649416, ""acc_best_on_warning"": 0.41539519488801746, ""acc_new_on_warning"": 0.4336728445751826, ""winner_initial"": ""reused_copy"", ""acc_on_buffer"": {""1"": 0.16016564430649416, ""10"": 0.41539519488801746}, ""similarity_metric"": ""residual_pearson"", ""merge_pairs"": [[1, 12]], """
68359,68647,288,orphan,26330,1978,9280,0.5218,0.5633,0.0415,rise,2.4442,2.9687,0.2146,,7857,0,sudden/medium/recurring_sudden_friedman_100k_g01.csv,htr-mwa50/error,"{""buffer_len"": 289, ""merged"": [13], ""collection_size"": 3, ""current_idx"": 14, ""best_idx"": 10, ""acc_current_on_warning"": 0.14816954251688952, ""acc_best_on_warning"": 0.4406253043558612, ""acc_new_on_warning"": 0.3498375130645075, ""winner_initial"": ""reused_copy"", ""acc_on_buffer"": {""1"": 0.14816954251688952, ""10"": 0.4406253043558612}, ""similarity_metric"": ""residual_pearson"", ""merge_pairs"": [[1, 13]], ""slo"
70695,70744,49,hit,358,,2336,0.5321,0.5766,0.0445,rise,2.5858,3.1125,0.2037,,10193,0,sudden/medium/recurring_sudden_friedman_100k_g01.csv,htr-mwa50/error,"{""buffer_len"": 50, ""merged"": [14], ""collection_size"": 3, ""current_idx"": 15, ""best_idx"": 1, ""acc_current_on_warning"": 0.3503224521800149, ""acc_best_on_warning"": 0.3503224521800149, ""acc_new_on_warning"": 0.33727952095934066, ""winner_initial"": ""reused_copy"", ""acc_on_buffer"": {""1"": 0.3503224521800149, ""10"": 0.29995641837865095}, ""similarity_metric"": ""residual_pearson"", ""merge_pairs"": [[1, 14]], ""slot_"
71591,71640,49,echo,1254,,896,0.5206,0.5678,0.0472,rise,2.4197,3.0596,0.2645,,273,1,sudden/medium/recurring_sudden_friedman_100k_g01.csv,htr-mwa50/error,"{""buffer_len"": 50, ""merged"": [15], ""collection_size"": 3, ""current_idx"": 16, ""best_idx"": 1, ""acc_current_on_warning"": 0.335882137074464, ""acc_best_on_warning"": 0.335882137074464, ""acc_new_on_warning"": 0.323712542520705, ""winner_initial"": ""reused_copy"", ""acc_on_buffer"": {""1"": 0.335882137074464, ""10"": 0.29581404096919295}, ""similarity_metric"": ""residual_pearson"", ""merge_pairs"": [[1, 15]], ""slot_eras"""
72647,72696,49,echo,2310,,1056,0.5162,0.572,0.0559,rise,2.385,3.0725,0.2883,,138,1,sudden/medium/recurring_sudden_friedman_100k_g01.csv,htr-mwa50/error,"{""buffer_len"": 50, ""merged"": [16], ""collection_size"": 3, ""current_idx"": 17, ""best_idx"": 1, ""acc_current_on_warning"": 0.3863689453595659, ""acc_best_on_warning"": 0.3863689453595659, ""acc_new_on_warning"": 0.35649064869756275, ""winner_initial"": ""reused_copy"", ""acc_on_buffer"": {""1"": 0.3863689453595659, ""10"": 0.2515014255997998}, ""similarity_metric"": ""residual_pearson"", ""merge_pairs"": [[1, 16]], ""slot_e"
73255,73575,320,echo,2918,,608,0.5553,0.534,-0.0213,fall,2.859,2.6167,-0.0848,,285,1,sudden/medium/recurring_sudden_friedman_100k_g01.csv,htr-mwa50/error,"{""buffer_len"": 321, ""merged"": [17], ""collection_size"": 3, ""current_idx"": 18, ""best_idx"": 1, ""acc_current_on_warning"": 0.34976141676228134, ""acc_best_on_warning"": 0.34976141676228134, ""acc_new_on_warning"": 0.42812063782215326, ""winner_initial"": ""reused_copy"", ""acc_on_buffer"": {""1"": 0.34976141676228134, ""10"": 0.30432568270214344}, ""similarity_metric"": ""residual_pearson"", ""merge_pairs"": [[1, 17]], ""s"
75367,75416,49,orphan,5030,,2112,0.4803,0.5673,0.087,rise,1.9531,3.0267,0.5497,,464,1,sudden/medium/recurring_sudden_friedman_100k_g01.csv,htr-mwa50/error,"{""buffer_len"": 50, ""merged"": [18], ""collection_size"": 3, ""current_idx"": 19, ""best_idx"": 1, ""acc_current_on_warning"": 0.3717825667102307, ""acc_best_on_warning"": 0.3717825667102307, ""acc_new_on_warning"": 0.37175595991822985, ""winner_initial"": ""reused_copy"", ""acc_on_buffer"": {""1"": 0.3717825667102307, ""10"": 0.304984376487224}, ""similarity_metric"": ""residual_pearson"", ""merge_pairs"": [[1, 18]], ""slot_er"
76519,76568,49,orphan,6182,,1152,0.5161,0.5858,0.0696,rise,2.391,3.276,0.3701,,212,1,sudden/medium/recurring_sudden_friedman_100k_g01.csv,htr-mwa50/error,"{""buffer_len"": 50, ""merged"": [19], ""collection_size"": 3, ""current_idx"": 20, ""best_idx"": 1, ""acc_current_on_warning"": 0.3946409107411143, ""acc_best_on_warning"": 0.3946409107411143, ""acc_new_on_warning"": 0.3512541691841151, ""winner_initial"": ""reused_copy"", ""acc_on_buffer"": {""1"": 0.3946409107411143, ""10"": 0.32661194945779315}, ""similarity_metric"": ""residual_pearson"", ""merge_pairs"": [[1, 19]], ""slot_e"
77447,77496,49,orphan,7110,,928,0.5206,0.5838,0.0632,rise,2.4642,3.2459,0.3172,,376,1,sudden/medium/recurring_sudden_friedman_100k_g01.csv,htr-mwa50/error,"{""buffer_len"": 50, ""merged"": [20], ""collection_size"": 3, ""current_idx"": 21, ""best_idx"": 1, ""acc_current_on_warning"": 0.3661200970277757, ""acc_best_on_warning"": 0.3661200970277757, ""acc_new_on_warning"": 0.38056444118870736, ""winner_initial"": ""reused_copy"", ""acc_on_buffer"": {""1"": 0.3661200970277757, ""10"": 0.25445342318468944}, ""similarity_metric"": ""residual_pearson"", ""merge_pairs"": [[1, 20]], ""slot_"
77799,78343,544,orphan,7462,,352,0.5549,0.5284,-0.0265,fall,2.8905,2.5676,-0.1117,,114,1,sudden/medium/recurring_sudden_friedman_100k_g01.csv,htr-mwa50/error,"{""buffer_len"": 545, ""merged"": [21], ""collection_size"": 3, ""current_idx"": 22, ""best_idx"": 1, ""acc_current_on_warning"": 0.3594252075118446, ""acc_best_on_warning"": 0.3594252075118446, ""acc_new_on_warning"": 0.47819811826026026, ""winner_initial"": ""reused_copy"", ""acc_on_buffer"": {""1"": 0.3594252075118446, ""10"": 0.3096589547346995}, ""similarity_metric"": ""residual_pearson"", ""merge_pairs"": [[1, 21]], ""slot_"
79367,79495,128,orphan,9030,,1568,0.4862,0.5689,0.0828,rise,2.0397,3.0678,0.5041,,1023,0,sudden/medium/recurring_sudden_friedman_100k_g01.csv,htr-mwa50/error,"{""buffer_len"": 129, ""merged"": [22], ""collection_size"": 3, ""current_idx"": 23, ""best_idx"": 1, ""acc_current_on_warning"": 0.32865147840031406, ""acc_best_on_warning"": 0.32865147840031406, ""acc_new_on_warning"": 0.4001408605617276, ""winner_initial"": ""reused_copy"", ""acc_on_buffer"": {""1"": 0.32865147840031406, ""10"": 0.2786043855032738}, ""similarity_metric"": ""residual_pearson"", ""merge_pairs"": [[1, 22]], ""slo"
80391,80440,49,orphan,10054,,1024,0.5193,0.569,0.0497,rise,2.4592,3.0691,0.248,,815,0,sudden/medium/recurring_sudden_friedman_100k_g01.csv,htr-mwa50/error,"{""buffer_len"": 50, ""merged"": [23], ""collection_size"": 3, ""current_idx"": 24, ""best_idx"": 1, ""acc_current_on_warning"": 0.32902664238473334, ""acc_best_on_warning"": 0.32902664238473334, ""acc_new_on_warning"": 0.3469104355334697, ""winner_initial"": ""reused_copy"", ""acc_on_buffer"": {""1"": 0.32902664238473334, ""10"": 0.30803082379883506}, ""similarity_metric"": ""residual_pearson"", ""merge_pairs"": [[1, 23]], ""slo"
81287,81336,49,orphan,10950,,896,0.5134,0.563,0.0497,rise,2.3871,3.031,0.2697,,411,1,sudden/medium/recurring_sudden_friedman_100k_g01.csv,htr-mwa50/error,"{""buffer_len"": 50, ""merged"": [24], ""collection_size"": 2, ""current_idx"": 25, ""best_idx"": 1, ""acc_current_on_warning"": 0.3339661075667919, ""acc_best_on_warning"": 0.3339661075667919, ""acc_new_on_warning"": 0.35503619101256745, ""winner_initial"": ""reused_copy"", ""acc_on_buffer"": {""1"": 0.3339661075667919, ""10"": 0.28609877342724455}, ""similarity_metric"": ""residual_pearson"", ""merge_pairs"": [[1, 24]], ""slot_"
82279,82328,49,orphan,11942,,992,0.5123,0.5653,0.053,rise,2.3747,3.0657,0.291,,332,1,sudden/medium/recurring_sudden_friedman_100k_g01.csv,htr-mwa50/error,"{""buffer_len"": 50, ""merged"": [25], ""collection_size"": 2, ""current_idx"": 26, ""best_idx"": 1, ""acc_current_on_warning"": 0.3583772835223362, ""acc_best_on_warning"": 0.3583772835223362, ""acc_new_on_warning"": 0.3592800620804104, ""winner_initial"": ""reused_copy"", ""acc_on_buffer"": {""1"": 0.3583772835223362}, ""similarity_metric"": ""residual_pearson"", ""merge_pairs"": [[1, 25]], ""slot_eras"": {""0"": 0, ""1"": 1, ""2"":"
83463,83512,49,orphan,13126,,1184,0.5092,0.5809,0.0717,rise,2.3573,3.271,0.3876,,63,1,sudden/medium/recurring_sudden_friedman_100k_g01.csv,htr-mwa50/error,"{""buffer_len"": 50, ""merged"": [26], ""collection_size"": 2, ""current_idx"": 27, ""best_idx"": 1, ""acc_current_on_warning"": 0.35871288530448553, ""acc_best_on_warning"": 0.35871288530448553, ""acc_new_on_warning"": 0.3171973463949882, ""winner_initial"": ""reused_copy"", ""acc_on_buffer"": {""1"": 0.35871288530448553}, ""similarity_metric"": ""residual_pearson"", ""merge_pairs"": [[1, 26]], ""slot_eras"": {""0"": 0, ""1"": 1, """
84199,84359,160,orphan,13862,,736,0.5336,0.5545,0.0209,rise,2.6579,2.9207,0.0989,,140,1,sudden/medium/recurring_sudden_friedman_100k_g01.csv,htr-mwa50/error,"{""buffer_len"": 161, ""merged"": [27], ""collection_size"": 2, ""current_idx"": 28, ""best_idx"": 1, ""acc_current_on_warning"": 0.3557016035894971, ""acc_best_on_warning"": 0.3557016035894971, ""acc_new_on_warning"": 0.40652170735826065, ""winner_initial"": ""reused_copy"", ""acc_on_buffer"": {""1"": 0.3557016035894971}, ""similarity_metric"": ""residual_pearson"", ""merge_pairs"": [[1, 27]], ""slot_eras"": {""0"": 0, ""1"": 1, ""2"
85383,85432,49,orphan,15046,,1184,0.5239,0.5701,0.0461,rise,2.5367,3.1314,0.2345,,15,1,sudden/medium/recurring_sudden_friedman_100k_g01.csv,htr-mwa50/error,"{""buffer_len"": 50, ""merged"": [28], ""collection_size"": 2, ""current_idx"": 29, ""best_idx"": 1, ""acc_current_on_warning"": 0.3857947342701056, ""acc_best_on_warning"": 0.3857947342701056, ""acc_new_on_warning"": 0.3238055277872519, ""winner_initial"": ""reused_copy"", ""acc_on_buffer"": {""1"": 0.3857947342701056}, ""similarity_metric"": ""residual_pearson"", ""merge_pairs"": [[1, 28]], ""slot_eras"": {""0"": 0, ""1"": 1, ""2"":"
86311,86360,49,orphan,15974,,928,0.5226,0.5816,0.0589,rise,2.5337,3.2881,0.2977,,216,1,sudden/medium/recurring_sudden_friedman_100k_g01.csv,htr-mwa50/error,"{""buffer_len"": 50, ""merged"": [29], ""collection_size"": 2, ""current_idx"": 30, ""best_idx"": 1, ""acc_current_on_warning"": 0.38618593829266457, ""acc_best_on_warning"": 0.38618593829266457, ""acc_new_on_warning"": 0.34410038737653337, ""winner_initial"": ""reused_copy"", ""acc_on_buffer"": {""1"": 0.38618593829266457}, ""similarity_metric"": ""residual_pearson"", ""merge_pairs"": [[1, 29]], ""slot_eras"": {""0"": 0, ""1"": 1, "
87207,87256,49,orphan,16870,,896,0.5163,0.5648,0.0486,rise,2.4584,3.0737,0.2503,,602,0,sudden/medium/recurring_sudden_friedman_100k_g01.csv,htr-mwa50/error,"{""buffer_len"": 50, ""merged"": [30], ""collection_size"": 2, ""current_idx"": 31, ""best_idx"": 1, ""acc_current_on_warning"": 0.3812422760086669, ""acc_best_on_warning"": 0.3812422760086669, ""acc_new_on_warning"": 0.32013723604684785, ""winner_initial"": ""reused_copy"", ""acc_on_buffer"": {""1"": 0.3812422760086669}, ""similarity_metric"": ""residual_pearson"", ""merge_pairs"": [[1, 30]], ""slot_eras"": {""0"": 0, ""1"": 1, ""2"""
88359,88408,49,orphan,18022,,1152,0.4961,0.5806,0.0845,rise,2.2212,3.2848,0.4788,,168,1,sudden/medium/recurring_sudden_friedman_100k_g01.csv,htr-mwa50/error,"{""buffer_len"": 50, ""merged"": [31], ""collection_size"": 2, ""current_idx"": 32, ""best_idx"": 1, ""acc_current_on_warning"": 0.3896770205857151, ""acc_best_on_warning"": 0.3896770205857151, ""acc_new_on_warning"": 0.321302185671101, ""winner_initial"": ""reused_copy"", ""acc_on_buffer"": {""1"": 0.3896770205857151}, ""similarity_metric"": ""residual_pearson"", ""merge_pairs"": [[1, 31]], ""slot_eras"": {""0"": 0, ""1"": 1, ""2"": "
17319,17479,160,hit,967,24710,,0.4589,0.4902,0.0313,rise,1.4707,1.401,-0.0474,,,0,sudden/medium/recurring_sudden_friedman_100k_g01.csv,htr-nr/error,"{""buffer_len"": 161, ""merged"": [], ""collection_size"": 2, ""current_idx"": 1, ""best_idx"": 0, ""acc_current_on_warning"": 0.5438542995362812, ""acc_best_on_warning"": 0.5438542995362812, ""acc_new_on_warning"": 0.3962403562010012, ""winner_initial"": ""reused_copy"", ""acc_on_buffer"": {""0"": 0.5438542995362812}, ""similarity_metric"": ""residual_pearson"", ""merge_pairs"": [], ""slot_eras"": {""0"": 0, ""1"": 1}, ""score_seman"
42183,42183,0,hit,154,28154,24864,0.6101,0.4599,-0.1503,fall,3.1007,4.4937,0.4493,fake_fall,24673,0,sudden/medium/recurring_sudden_friedman_100k_g01.csv,htr-nr/error,"{""buffer_len"": 1, ""merged"": [], ""collection_size"": 3, ""current_idx"": 2, ""best_idx"": 0, ""acc_current_on_warning"": 0.0, ""acc_best_on_warning"": 0.0, ""acc_new_on_warning"": 0.0, ""winner_initial"": ""reused_copy"", ""acc_on_buffer"": {""0"": 0.0, ""1"": 0.0}, ""similarity_metric"": ""residual_pearson"", ""merge_pairs"": [], ""slot_eras"": {""0"": 0, ""1"": 1, ""2"": 2}, ""score_semantics"": ""1_minus_mean_normalized_residual""}"
46279,48327,2048,orphan,4250,24058,4096,0.4726,0.501,0.0284,rise,2.5018,2.4591,-0.0171,,2109,0,sudden/medium/recurring_sudden_friedman_100k_g01.csv,htr-nr/error,"{""buffer_len"": 2049, ""merged"": [1, 0], ""collection_size"": 2, ""current_idx"": 3, ""best_idx"": 2, ""acc_current_on_warning"": 0.5202130953243189, ""acc_best_on_warning"": 0.5202130953243189, ""acc_new_on_warning"": 0.5012590049913844, ""winner_initial"": ""reused_copy"", ""acc_on_buffer"": {""2"": 0.5202130953243189}, ""similarity_metric"": ""residual_pearson"", ""merge_pairs"": [[0, 1], [2, 0]], ""slot_eras"": {""0"": 0, ""1"
62663,63047,384,orphan,20634,7674,16384,0.4877,0.4992,0.0115,flat,2.286,2.5279,0.1058,,4891,0,sudden/medium/recurring_sudden_friedman_100k_g01.csv,htr-nr/error,"{""buffer_len"": 385, ""merged"": [3], ""collection_size"": 2, ""current_idx"": 4, ""best_idx"": 2, ""acc_current_on_warning"": 0.49328625689634165, ""acc_best_on_warning"": 0.49328625689634165, ""acc_new_on_warning"": 0.40530137402258726, ""winner_initial"": ""reused_copy"", ""acc_on_buffer"": {""2"": 0.49328625689634165}, ""similarity_metric"": ""residual_pearson"", ""merge_pairs"": [[2, 3]], ""slot_eras"": {""0"": 0, ""1"": 1, ""2"
71239,71271,32,hit,902,,8576,0.4491,0.4935,0.0445,rise,1.8711,1.6531,-0.1165,,13467,0,sudden/medium/recurring_sudden_friedman_100k_g01.csv,htr-nr/error,"{""buffer_len"": 33, ""merged"": [], ""collection_size"": 3, ""current_idx"": 5, ""best_idx"": 4, ""acc_current_on_warning"": 0.5912724162449107, ""acc_best_on_warning"": 0.5912724162449107, ""acc_new_on_warning"": 0.2773718025183489, ""winner_initial"": ""reused_copy"", ""acc_on_buffer"": {""2"": 0.457931306276654, ""4"": 0.5912724162449107}, ""similarity_metric"": ""residual_pearson"", ""merge_pairs"": [], ""slot_eras"": {""0"": 0"
16807,18631,1824,orphan,,4203,,0.4858,0.486,0.0002,flat,1.7021,1.6649,-0.0218,,,0,sudden/high/recurring_sudden_friedman_100k_g00.csv,htr/error,"{""buffer_len"": 1825, ""merged"": [], ""collection_size"": 2, ""current_idx"": 1, ""best_idx"": 0, ""acc_current_on_warning"": 0.5119848388122201, ""acc_best_on_warning"": 0.5119848388122201, ""acc_new_on_warning"": 0.4748063304185094, ""winner_initial"": ""reused_copy"", ""acc_on_buffer"": {""0"": 0.5119848388122201}, ""similarity_metric"": ""residual_pearson"", ""merge_pairs"": [], ""slot_eras"": {""0"": 0, ""1"": 1}, ""score_sema"
21351,21383,32,hit,341,12820,4544,0.5521,0.5636,0.0115,flat,2.3072,2.4285,0.0526,,2711,0,sudden/high/recurring_sudden_friedman_100k_g00.csv,htr/error,"{""buffer_len"": 33, ""merged"": [1], ""collection_size"": 2, ""current_idx"": 2, ""best_idx"": 0, ""acc_current_on_warning"": 0.3273897337030519, ""acc_best_on_warning"": 0.3273897337030519, ""acc_new_on_warning"": 0.2590476169507676, ""winner_initial"": ""reused_copy"", ""acc_on_buffer"": {""0"": 0.3273897337030519}, ""similarity_metric"": ""residual_pearson"", ""merge_pairs"": [[0, 1]], ""slot_eras"": {""0"": 0, ""1"": 1, ""2"": 2}"
26247,26375,128,orphan,5237,7924,4896,0.5297,0.5622,0.0325,rise,2.2139,2.5198,0.1382,,7607,0,sudden/high/recurring_sudden_friedman_100k_g00.csv,htr/error,"{""buffer_len"": 129, ""merged"": [2], ""collection_size"": 2, ""current_idx"": 3, ""best_idx"": 0, ""acc_current_on_warning"": 0.4030264114306905, ""acc_best_on_warning"": 0.4030264114306905, ""acc_new_on_warning"": 0.3234176056514598, ""winner_initial"": ""reused_copy"", ""acc_on_buffer"": {""0"": 0.4030264114306905}, ""similarity_metric"": ""residual_pearson"", ""merge_pairs"": [[0, 2]], ""slot_eras"": {""0"": 0, ""1"": 1, ""2"": 2"
30471,30631,160,orphan,9461,3700,4224,0.5243,0.5622,0.0379,rise,2.261,2.622,0.1597,,11831,0,sudden/high/recurring_sudden_friedman_100k_g00.csv,htr/error,"{""buffer_len"": 161, ""merged"": [3], ""collection_size"": 2, ""current_idx"": 4, ""best_idx"": 0, ""acc_current_on_warning"": 0.4401521719477438, ""acc_best_on_warning"": 0.4401521719477438, ""acc_new_on_warning"": 0.35027319438213833, ""winner_initial"": ""reused_copy"", ""acc_on_buffer"": {""0"": 0.4401521719477438}, ""similarity_metric"": ""residual_pearson"", ""merge_pairs"": [[0, 3]], ""slot_eras"": {""0"": 0, ""1"": 1, ""2"": "
33703,34375,672,orphan,12693,468,3232,0.5201,0.5484,0.0283,rise,2.2676,2.5762,0.1361,,3068,0,sudden/high/recurring_sudden_friedman_100k_g00.csv,htr/error,"{""buffer_len"": 673, ""merged"": [4], ""collection_size"": 2, ""current_idx"": 5, ""best_idx"": 0, ""acc_current_on_warning"": 0.3960344459123557, ""acc_best_on_warning"": 0.3960344459123557, ""acc_new_on_warning"": 0.3780467103885411, ""winner_initial"": ""reused_copy"", ""acc_on_buffer"": {""0"": 0.3960344459123557}, ""similarity_metric"": ""residual_pearson"", ""merge_pairs"": [[0, 4]], ""slot_eras"": {""0"": 0, ""1"": 1, ""2"": 2"
34983,35143,160,hit,812,35143,1280,0.5212,0.5339,0.0127,flat,2.2777,2.404,0.0554,,10,1,sudden/high/recurring_sudden_friedman_100k_g00.csv,htr/error,"{""buffer_len"": 161, ""merged"": [5], ""collection_size"": 2, ""current_idx"": 6, ""best_idx"": 0, ""acc_current_on_warning"": 0.39715926885826347, ""acc_best_on_warning"": 0.39715926885826347, ""acc_new_on_warning"": 0.39412315668404174, ""winner_initial"": ""reused_copy"", ""acc_on_buffer"": {""0"": 0.39715926885826347}, ""similarity_metric"": ""residual_pearson"", ""merge_pairs"": [[0, 5]], ""slot_eras"": {""0"": 0, ""1"": 1, ""2"
35719,35911,192,echo,1548,34407,736,0.5164,0.4604,-0.056,fall,2.2115,1.6327,-0.2617,,574,1,sudden/high/recurring_sudden_friedman_100k_g00.csv,htr/error,"{""buffer_len"": 193, ""merged"": [], ""collection_size"": 3, ""current_idx"": 7, ""best_idx"": 6, ""acc_current_on_warning"": 0.5245966747436607, ""acc_best_on_warning"": 0.5245966747436607, ""acc_new_on_warning"": 0.4044377973462614, ""winner_initial"": ""reused_copy"", ""acc_on_buffer"": {""0"": 0.37828348115737487, ""6"": 0.5245966747436607}, ""similarity_metric"": ""residual_pearson"", ""merge_pairs"": [], ""slot_eras"": {""0"""
42055,42343,288,orphan,7884,28071,6336,0.4269,0.425,-0.0019,flat,1.2277,1.1988,-0.0235,,6910,0,sudden/high/recurring_sudden_friedman_100k_g00.csv,htr/error,"{""buffer_len"": 289, ""merged"": [6], ""collection_size"": 3, ""current_idx"": 8, ""best_idx"": 7, ""acc_current_on_warning"": 0.5691914479025753, ""acc_best_on_warning"": 0.5691914479025753, ""acc_new_on_warning"": 0.42045840785272803, ""winner_initial"": ""reused_copy"", ""acc_on_buffer"": {""0"": 0.40599167395640867, ""7"": 0.5691914479025753}, ""similarity_metric"": ""residual_pearson"", ""merge_pairs"": [[7, 6]], ""slot_era"
58375,58727,352,orphan,24204,11751,16320,0.4416,0.4404,-0.0011,flat,1.2074,1.1907,-0.0138,,23230,0,sudden/high/recurring_sudden_friedman_100k_g00.csv,htr/error,"{""buffer_len"": 353, ""merged"": [7], ""collection_size"": 3, ""current_idx"": 9, ""best_idx"": 8, ""acc_current_on_warning"": 0.5651355582642194, ""acc_best_on_warning"": 0.5651355582642194, ""acc_new_on_warning"": 0.410520024519882, ""winner_initial"": ""reused_copy"", ""acc_on_buffer"": {""0"": 0.3503483033742153, ""8"": 0.5651355582642194}, ""similarity_metric"": ""residual_pearson"", ""merge_pairs"": [[8, 7]], ""slot_eras"":"
70247,70247,0,hit,121,,11872,0.5108,0.6399,0.1291,rise,1.8776,3.0589,0.6291,,35102,0,sudden/high/recurring_sudden_friedman_100k_g00.csv,htr/error,"{""buffer_len"": 1, ""merged"": [], ""collection_size"": 4, ""current_idx"": 10, ""best_idx"": 0, ""acc_current_on_warning"": 0.15701494512805336, ""acc_best_on_warning"": 0.6320724879149758, ""acc_new_on_warning"": 0.0, ""winner_initial"": ""reused_copy"", ""acc_on_buffer"": {""0"": 0.6320724879149758, ""8"": 0.05188582224883709, ""9"": 0.15701494512805336}, ""similarity_metric"": ""residual_pearson"", ""merge_pairs"": [], ""slot_"
70823,71143,320,echo_inwin,697,,576,0.6209,0.5704,-0.0505,fall,2.8366,2.3598,-0.1681,,35678,0,sudden/high/recurring_sudden_friedman_100k_g00.csv,htr/error,"{""buffer_len"": 321, ""merged"": [0, 9], ""collection_size"": 3, ""current_idx"": 11, ""best_idx"": 10, ""acc_current_on_warning"": 0.4078104095588686, ""acc_best_on_warning"": 0.4078104095588686, ""acc_new_on_warning"": 0.35960735574015124, ""winner_initial"": ""reused_copy"", ""acc_on_buffer"": {""8"": 0.2478660147145495, ""10"": 0.4078104095588686}, ""similarity_metric"": ""residual_pearson"", ""merge_pairs"": [[9, 0], [8, 9"
78663,79079,416,orphan,8537,,7840,0.5406,0.5628,0.0222,rise,2.1213,2.3669,0.1158,,43518,0,sudden/high/recurring_sudden_friedman_100k_g00.csv,htr/error,"{""buffer_len"": 417, ""merged"": [10], ""collection_size"": 3, ""current_idx"": 12, ""best_idx"": 11, ""acc_current_on_warning"": 0.46245709605678065, ""acc_best_on_warning"": 0.46245709605678065, ""acc_new_on_warning"": 0.3613431852296596, ""winner_initial"": ""reused_copy"", ""acc_on_buffer"": {""8"": 0.2541688169016574, ""11"": 0.46245709605678065}, ""similarity_metric"": ""residual_pearson"", ""merge_pairs"": [[8, 10]], ""sl"
82471,84903,2432,orphan,12345,,3808,0.5382,0.5437,0.0055,flat,2.1524,2.2099,0.0267,,3388,0,sudden/high/recurring_sudden_friedman_100k_g00.csv,htr/error,"{""buffer_len"": 2433, ""merged"": [11], ""collection_size"": 3, ""current_idx"": 13, ""best_idx"": 12, ""acc_current_on_warning"": 0.4572296240520456, ""acc_best_on_warning"": 0.4572296240520456, ""acc_new_on_warning"": 0.4370224225878956, ""winner_initial"": ""reused_copy"", ""acc_on_buffer"": {""8"": 0.27043530615983424, ""12"": 0.4572296240520456}, ""similarity_metric"": ""residual_pearson"", ""merge_pairs"": [[12, 11]], ""sl"
16807,18631,1824,orphan,,4203,,0.4858,0.486,0.0002,flat,1.7021,1.6649,-0.0218,,,0,sudden/high/recurring_sudden_friedman_100k_g00.csv,htr-mwa50/error,"{""buffer_len"": 1825, ""merged"": [], ""collection_size"": 2, ""current_idx"": 1, ""best_idx"": 0, ""acc_current_on_warning"": 0.5119848388122201, ""acc_best_on_warning"": 0.5119848388122201, ""acc_new_on_warning"": 0.4748063304185094, ""winner_initial"": ""reused_copy"", ""acc_on_buffer"": {""0"": 0.5119848388122201}, ""similarity_metric"": ""residual_pearson"", ""merge_pairs"": [], ""slot_eras"": {""0"": 0, ""1"": 1}, ""score_sema"
21351,21400,49,hit,341,12820,4544,0.5521,0.5658,0.0137,flat,2.3072,2.4566,0.0647,,2711,0,sudden/high/recurring_sudden_friedman_100k_g00.csv,htr-mwa50/error,"{""buffer_len"": 50, ""merged"": [1], ""collection_size"": 2, ""current_idx"": 2, ""best_idx"": 0, ""acc_current_on_warning"": 0.3651963283589442, ""acc_best_on_warning"": 0.3651963283589442, ""acc_new_on_warning"": 0.23637357574163975, ""winner_initial"": ""reused_copy"", ""acc_on_buffer"": {""0"": 0.3651963283589442}, ""similarity_metric"": ""residual_pearson"", ""merge_pairs"": [[0, 1]], ""slot_eras"": {""0"": 0, ""1"": 1, ""2"": 2"
26247,26296,49,orphan,5237,7924,4896,0.529,0.5577,0.0287,rise,2.2058,2.4764,0.1227,,4830,0,sudden/high/recurring_sudden_friedman_100k_g00.csv,htr-mwa50/error,"{""buffer_len"": 50, ""merged"": [2], ""collection_size"": 2, ""current_idx"": 3, ""best_idx"": 0, ""acc_current_on_warning"": 0.4039087042769225, ""acc_best_on_warning"": 0.4039087042769225, ""acc_new_on_warning"": 0.3186647798147857, ""winner_initial"": ""reused_copy"", ""acc_on_buffer"": {""0"": 0.4039087042769225}, ""similarity_metric"": ""residual_pearson"", ""merge_pairs"": [[0, 2]], ""slot_eras"": {""0"": 0, ""1"": 1, ""2"": 2,"
30951,31175,224,orphan,9941,3220,4704,0.5277,0.558,0.0303,rise,2.2669,2.6172,0.1546,,9534,0,sudden/high/recurring_sudden_friedman_100k_g00.csv,htr-mwa50/error,"{""buffer_len"": 225, ""merged"": [3], ""collection_size"": 2, ""current_idx"": 4, ""best_idx"": 0, ""acc_current_on_warning"": 0.41800949325279757, ""acc_best_on_warning"": 0.41800949325279757, ""acc_new_on_warning"": 0.35279527809586375, ""winner_initial"": ""reused_copy"", ""acc_on_buffer"": {""0"": 0.41800949325279757}, ""similarity_metric"": ""residual_pearson"", ""merge_pairs"": [[0, 3]], ""slot_eras"": {""0"": 0, ""1"": 1, ""2"
35143,35192,49,hit,972,34983,4192,0.5106,0.5366,0.026,rise,2.1739,2.4372,0.1211,,13726,0,sudden/high/recurring_sudden_friedman_100k_g00.csv,htr-mwa50/error,"{""buffer_len"": 50, ""merged"": [4], ""collection_size"": 2, ""current_idx"": 5, ""best_idx"": 0, ""acc_current_on_warning"": 0.31568694823380195, ""acc_best_on_warning"": 0.31568694823380195, ""acc_new_on_warning"": 0.30451872433068716, ""winner_initial"": ""reused_copy"", ""acc_on_buffer"": {""0"": 0.31568694823380195}, ""similarity_metric"": ""residual_pearson"", ""merge_pairs"": [[0, 4]], ""slot_eras"": {""0"": 0, ""1"": 1, ""2"""
36039,36088,49,echo,1868,34087,896,0.4948,0.545,0.0502,rise,1.9906,2.5319,0.2719,,840,0,sudden/high/recurring_sudden_friedman_100k_g00.csv,htr-mwa50/error,"{""buffer_len"": 50, ""merged"": [5], ""collection_size"": 2, ""current_idx"": 6, ""best_idx"": 0, ""acc_current_on_warning"": 0.3796154971351249, ""acc_best_on_warning"": 0.3796154971351249, ""acc_new_on_warning"": 0.299728035323126, ""winner_initial"": ""reused_copy"", ""acc_on_buffer"": {""0"": 0.3796154971351249}, ""similarity_metric"": ""residual_pearson"", ""merge_pairs"": [[0, 5]], ""slot_eras"": {""0"": 0, ""1"": 1, ""2"": 2, "
37063,37112,49,echo,2892,33063,1024,0.4821,0.5444,0.0623,rise,1.8634,2.5522,0.3696,,1864,0,sudden/high/recurring_sudden_friedman_100k_g00.csv,htr-mwa50/error,"{""buffer_len"": 50, ""merged"": [6], ""collection_size"": 2, ""current_idx"": 7, ""best_idx"": 0, ""acc_current_on_warning"": 0.38891611193033826, ""acc_best_on_warning"": 0.38891611193033826, ""acc_new_on_warning"": 0.26865385051866686, ""winner_initial"": ""reused_copy"", ""acc_on_buffer"": {""0"": 0.38891611193033826}, ""similarity_metric"": ""residual_pearson"", ""merge_pairs"": [[0, 6]], ""slot_eras"": {""0"": 0, ""1"": 1, ""2"""
37703,38023,320,orphan,3532,32423,640,0.5305,0.5055,-0.025,fall,2.3922,2.1072,-0.1191,,586,1,sudden/high/recurring_sudden_friedman_100k_g00.csv,htr-mwa50/error,"{""buffer_len"": 321, ""merged"": [7], ""collection_size"": 2, ""current_idx"": 8, ""best_idx"": 0, ""acc_current_on_warning"": 0.4013485977058884, ""acc_best_on_warning"": 0.4013485977058884, ""acc_new_on_warning"": 0.4773229923750826, ""winner_initial"": ""reused_copy"", ""acc_on_buffer"": {""0"": 0.4013485977058884}, ""similarity_metric"": ""residual_pearson"", ""merge_pairs"": [[0, 7]], ""slot_eras"": {""0"": 0, ""1"": 1, ""2"": 2"
39015,39143,128,orphan,4844,31111,1312,0.4689,0.4606,-0.0083,flat,1.7295,1.6397,-0.0519,masked_fall,986,0,sudden/high/recurring_sudden_friedman_100k_g00.csv,htr-mwa50/error,"{""buffer_len"": 129, ""merged"": [], ""collection_size"": 3, ""current_idx"": 9, ""best_idx"": 8, ""acc_current_on_warning"": 0.5369377955009632, ""acc_best_on_warning"": 0.5369377955009632, ""acc_new_on_warning"": 0.3626372536263365, ""winner_initial"": ""reused_copy"", ""acc_on_buffer"": {""0"": 0.39371921222219664, ""8"": 0.5369377955009632}, ""similarity_metric"": ""residual_pearson"", ""merge_pairs"": [], ""slot_eras"": {""0"""
42535,43239,704,orphan,8364,27591,3520,0.4262,0.4315,0.0053,flat,1.2601,1.2972,0.0294,,4506,0,sudden/high/recurring_sudden_friedman_100k_g00.csv,htr-mwa50/error,"{""buffer_len"": 705, ""merged"": [8], ""collection_size"": 3, ""current_idx"": 10, ""best_idx"": 9, ""acc_current_on_warning"": 0.569952676026326, ""acc_best_on_warning"": 0.569952676026326, ""acc_new_on_warning"": 0.5208656679449586, ""winner_initial"": ""reused_copy"", ""acc_on_buffer"": {""0"": 0.3802991817820557, ""9"": 0.569952676026326}, ""similarity_metric"": ""residual_pearson"", ""merge_pairs"": [[9, 8]], ""slot_eras"": "
69575,70151,576,orphan,35404,551,27040,0.4379,0.7335,0.2957,rise,1.1395,4.3499,2.8173,,31546,0,sudden/high/recurring_sudden_friedman_100k_g00.csv,htr-mwa50/error,"{""buffer_len"": 577, ""merged"": [9], ""collection_size"": 3, ""current_idx"": 11, ""best_idx"": 10, ""acc_current_on_warning"": 0.5398125879087488, ""acc_best_on_warning"": 0.5398125879087488, ""acc_new_on_warning"": 0.45757257725806366, ""winner_initial"": ""reused_copy"", ""acc_on_buffer"": {""0"": 0.3329506380470927, ""10"": 0.5398125879087488}, ""similarity_metric"": ""residual_pearson"", ""merge_pairs"": [[10, 9]], ""slot_"
71143,71192,49,orphan,1017,,1568,0.6466,0.6447,-0.0019,flat,3.2014,3.3259,0.0389,,501,1,sudden/high/recurring_sudden_friedman_100k_g00.csv,htr-mwa50/error,"{""buffer_len"": 50, ""merged"": [11], ""collection_size"": 3, ""current_idx"": 12, ""best_idx"": 0, ""acc_current_on_warning"": 0.29685277311141334, ""acc_best_on_warning"": 0.29685277311141334, ""acc_new_on_warning"": 0.24919659496230662, ""winner_initial"": ""reused_copy"", ""acc_on_buffer"": {""0"": 0.29685277311141334, ""10"": 0.2786041557399912}, ""similarity_metric"": ""residual_pearson"", ""merge_pairs"": [[0, 11]], ""slo"
71591,71687,96,orphan,1465,,448,0.6509,0.6274,-0.0235,fall,3.3921,3.1091,-0.0834,,224,1,sudden/high/recurring_sudden_friedman_100k_g00.csv,htr-mwa50/error,"{""buffer_len"": 97, ""merged"": [12], ""collection_size"": 3, ""current_idx"": 13, ""best_idx"": 0, ""acc_current_on_warning"": 0.3235279663143398, ""acc_best_on_warning"": 0.3235279663143398, ""acc_new_on_warning"": 0.30957552140810995, ""winner_initial"": ""reused_copy"", ""acc_on_buffer"": {""0"": 0.3235279663143398, ""10"": 0.25380177347195587}, ""similarity_metric"": ""residual_pearson"", ""merge_pairs"": [[0, 12]], ""slot_"
73479,73528,49,orphan,3353,,1888,0.5566,0.6259,0.0693,rise,2.3369,3.0965,0.325,,1790,0,sudden/high/recurring_sudden_friedman_100k_g00.csv,htr-mwa50/error,"{""buffer_len"": 50, ""merged"": [13], ""collection_size"": 3, ""current_idx"": 14, ""best_idx"": 0, ""acc_current_on_warning"": 0.29767296890154016, ""acc_best_on_warning"": 0.29767296890154016, ""acc_new_on_warning"": 0.2040863251015348, ""winner_initial"": ""reused_copy"", ""acc_on_buffer"": {""0"": 0.29767296890154016, ""10"": 0.2707256118600764}, ""similarity_metric"": ""residual_pearson"", ""merge_pairs"": [[0, 13]], ""slot"
74567,74631,64,orphan,4441,,1088,0.5706,0.6186,0.0481,rise,2.4863,3.024,0.2163,,1024,0,sudden/high/recurring_sudden_friedman_100k_g00.csv,htr-mwa50/error,"{""buffer_len"": 65, ""merged"": [14], ""collection_size"": 3, ""current_idx"": 15, ""best_idx"": 0, ""acc_current_on_warning"": 0.2938704211450206, ""acc_best_on_warning"": 0.2938704211450206, ""acc_new_on_warning"": 0.26711225993682963, ""winner_initial"": ""reused_copy"", ""acc_on_buffer"": {""0"": 0.2938704211450206, ""10"": 0.27061984493269975}, ""similarity_metric"": ""residual_pearson"", ""merge_pairs"": [[0, 14]], ""slot_"
75495,75655,160,orphan,5369,,928,0.5744,0.6446,0.0702,rise,2.554,3.352,0.3124,,855,0,sudden/high/recurring_sudden_friedman_100k_g00.csv,htr-mwa50/error,"{""buffer_len"": 161, ""merged"": [15], ""collection_size"": 3, ""current_idx"": 16, ""best_idx"": 0, ""acc_current_on_warning"": 0.2923433951195249, ""acc_best_on_warning"": 0.2923433951195249, ""acc_new_on_warning"": 0.30115380760316457, ""winner_initial"": ""reused_copy"", ""acc_on_buffer"": {""0"": 0.2923433951195249, ""10"": 0.24817486686779933}, ""similarity_metric"": ""residual_pearson"", ""merge_pairs"": [[0, 15]], ""slot"
76231,76280,49,orphan,6105,,736,0.621,0.6145,-0.0065,flat,3.0926,3.0208,-0.0232,,268,1,sudden/high/recurring_sudden_friedman_100k_g00.csv,htr-mwa50/error,"{""buffer_len"": 50, ""merged"": [16], ""collection_size"": 3, ""current_idx"": 17, ""best_idx"": 0, ""acc_current_on_warning"": 0.3193276069435982, ""acc_best_on_warning"": 0.3193276069435982, ""acc_new_on_warning"": 0.24984351252906578, ""winner_initial"": ""reused_copy"", ""acc_on_buffer"": {""0"": 0.3193276069435982, ""10"": 0.25962891299137203}, ""similarity_metric"": ""residual_pearson"", ""merge_pairs"": [[0, 16]], ""slot_"
77287,77511,224,orphan,7161,,1056,0.5717,0.6168,0.0451,rise,2.5659,3.0679,0.1956,,997,0,sudden/high/recurring_sudden_friedman_100k_g00.csv,htr-mwa50/error,"{""buffer_len"": 225, ""merged"": [17], ""collection_size"": 3, ""current_idx"": 18, ""best_idx"": 0, ""acc_current_on_warning"": 0.33291034250337925, ""acc_best_on_warning"": 0.33291034250337925, ""acc_new_on_warning"": 0.34144045457582595, ""winner_initial"": ""reused_copy"", ""acc_on_buffer"": {""0"": 0.33291034250337925, ""10"": 0.27868886043468455}, ""similarity_metric"": ""residual_pearson"", ""merge_pairs"": [[0, 17]], ""s"
78279,78407,128,orphan,8153,,992,0.5678,0.6572,0.0894,rise,2.5558,3.6361,0.4227,,186,1,sudden/high/recurring_sudden_friedman_100k_g00.csv,htr-mwa50/error,"{""buffer_len"": 129, ""merged"": [0, 18], ""collection_size"": 2, ""current_idx"": 19, ""best_idx"": 10, ""acc_current_on_warning"": 0.2973911397111745, ""acc_best_on_warning"": 0.2973911397111745, ""acc_new_on_warning"": 0.284928310679349, ""winner_initial"": ""reused_copy"", ""acc_on_buffer"": {""10"": 0.2973911397111745}, ""similarity_metric"": ""residual_pearson"", ""merge_pairs"": [[10, 0], [10, 18]], ""slot_eras"": {""0"": "
79399,79448,49,orphan,9273,,1120,0.5974,0.5534,-0.044,fall,2.905,2.4728,-0.1488,,955,0,sudden/high/recurring_sudden_friedman_100k_g00.csv,htr-mwa50/error,"{""buffer_len"": 50, ""merged"": [], ""collection_size"": 3, ""current_idx"": 20, ""best_idx"": 19, ""acc_current_on_warning"": 0.4413364540197986, ""acc_best_on_warning"": 0.4413364540197986, ""acc_new_on_warning"": 0.2755028973847955, ""winner_initial"": ""reused_copy"", ""acc_on_buffer"": {""10"": 0.29165128388695694, ""19"": 0.4413364540197986}, ""similarity_metric"": ""residual_pearson"", ""merge_pairs"": [], ""slot_eras"": {"
83527,83655,128,orphan,13401,,4128,0.5329,0.5297,-0.0032,flat,2.2339,2.2122,-0.0097,,5083,0,sudden/high/recurring_sudden_friedman_100k_g00.csv,htr-mwa50/error,"{""buffer_len"": 129, ""merged"": [19], ""collection_size"": 3, ""current_idx"": 21, ""best_idx"": 20, ""acc_current_on_warning"": 0.4821869102397657, ""acc_best_on_warning"": 0.4821869102397657, ""acc_new_on_warning"": 0.2956966709367733, ""winner_initial"": ""reused_copy"", ""acc_on_buffer"": {""10"": 0.3118767235065383, ""20"": 0.4821869102397657}, ""similarity_metric"": ""residual_pearson"", ""merge_pairs"": [[20, 19]], ""slo"
93959,94008,49,orphan,23833,,10432,0.5079,0.5057,-0.0022,flat,1.9885,1.9693,-0.0096,,15515,0,sudden/high/recurring_sudden_friedman_100k_g00.csv,htr-mwa50/error,"{""buffer_len"": 50, ""merged"": [20], ""collection_size"": 3, ""current_idx"": 22, ""best_idx"": 21, ""acc_current_on_warning"": 0.49358817713469694, ""acc_best_on_warning"": 0.49358817713469694, ""acc_new_on_warning"": 0.30788993230539174, ""winner_initial"": ""reused_copy"", ""acc_on_buffer"": {""10"": 0.27965057222223777, ""21"": 0.49358817713469694}, ""similarity_metric"": ""residual_pearson"", ""merge_pairs"": [[21, 20]], "
16807,18631,1824,orphan,,4203,,0.4858,0.4921,0.0063,flat,1.7021,1.662,-0.0235,,,0,sudden/high/recurring_sudden_friedman_100k_g00.csv,htr-nr/error,"{""buffer_len"": 1825, ""merged"": [], ""collection_size"": 2, ""current_idx"": 1, ""best_idx"": 0, ""acc_current_on_warning"": 0.5119848388122201, ""acc_best_on_warning"": 0.5119848388122201, ""acc_new_on_warning"": 0.4748063304185094, ""winner_initial"": ""reused_copy"", ""acc_on_buffer"": {""0"": 0.5119848388122201}, ""similarity_metric"": ""residual_pearson"", ""merge_pairs"": [], ""slot_eras"": {""0"": 0, ""1"": 1}, ""score_sema"
21575,21575,0,hit,565,12596,4768,0.5739,0.4891,-0.0847,fall,2.5426,2.2893,-0.0996,,2913,0,sudden/high/recurring_sudden_friedman_100k_g00.csv,htr-nr/error,"{""buffer_len"": 1, ""merged"": [], ""collection_size"": 3, ""current_idx"": 2, ""best_idx"": 1, ""acc_current_on_warning"": 0.673787413577509, ""acc_best_on_warning"": 0.673787413577509, ""acc_new_on_warning"": 0.0, ""winner_initial"": ""reused_copy"", ""acc_on_buffer"": {""0"": 0.6141699091036044, ""1"": 0.673787413577509}, ""similarity_metric"": ""residual_pearson"", ""merge_pairs"": [], ""slot_eras"": {""0"": 0, ""1"": 1, ""2"": 2},"
34343,34375,32,hit,172,35783,12768,0.5391,0.4718,-0.0674,fall,2.8174,2.4774,-0.1207,,15681,0,sudden/high/recurring_sudden_friedman_100k_g00.csv,htr-nr/error,"{""buffer_len"": 33, ""merged"": [1, 2], ""collection_size"": 2, ""current_idx"": 3, ""best_idx"": 0, ""acc_current_on_warning"": 0.42350701523109924, ""acc_best_on_warning"": 0.42350701523109924, ""acc_new_on_warning"": 0.31880492347353007, ""winner_initial"": ""reused_copy"", ""acc_on_buffer"": {""0"": 0.42350701523109924}, ""similarity_metric"": ""residual_pearson"", ""merge_pairs"": [[0, 1], [0, 2]], ""slot_eras"": {""0"": 0, "
36903,39527,2624,echo,2732,33223,2560,0.4451,0.485,0.0399,rise,1.3416,1.4104,0.0513,,931,0,sudden/high/recurring_sudden_friedman_100k_g00.csv,htr-nr/error,"{""buffer_len"": 2625, ""merged"": [], ""collection_size"": 3, ""current_idx"": 4, ""best_idx"": 3, ""acc_current_on_warning"": 0.5257994809383246, ""acc_best_on_warning"": 0.5257994809383246, ""acc_new_on_warning"": 0.5291086525018134, ""winner_initial"": ""reused_copy"", ""acc_on_buffer"": {""0"": 0.3377665415230947, ""3"": 0.5257994809383246}, ""similarity_metric"": ""residual_pearson"", ""merge_pairs"": [], ""slot_eras"": {""0"""
50663,68199,17536,orphan,16492,19463,13760,0.4897,0.4942,0.0045,flat,1.1877,1.1915,0.0032,,6673,0,sudden/high/recurring_sudden_friedman_100k_g00.csv,htr-nr/error,"{""buffer_len"": 17537, ""merged"": [4], ""collection_size"": 3, ""current_idx"": 5, ""best_idx"": 3, ""acc_current_on_warning"": 0.25933133865352753, ""acc_best_on_warning"": 0.46836459348957615, ""acc_new_on_warning"": 0.5058957430398612, ""winner_initial"": ""reused_copy"", ""acc_on_buffer"": {""0"": 0.25933133865352753, ""3"": 0.46836459348957615}, ""similarity_metric"": ""residual_pearson"", ""merge_pairs"": [[3, 4]], ""slot"
70183,70183,0,hit,57,,19520,0.5328,0.4788,-0.0539,fall,1.5844,4.0386,1.5489,fake_fall,1952,0,sudden/high/recurring_sudden_friedman_100k_g00.csv,htr-nr/error,"{""buffer_len"": 1, ""merged"": [], ""collection_size"": 4, ""current_idx"": 6, ""best_idx"": 3, ""acc_current_on_warning"": 0.18641006558188988, ""acc_best_on_warning"": 0.3061580320639966, ""acc_new_on_warning"": 0.0, ""winner_initial"": ""reused_copy"", ""acc_on_buffer"": {""0"": 0.0, ""3"": 0.3061580320639966, ""5"": 0.18641006558188988}, ""similarity_metric"": ""residual_pearson"", ""merge_pairs"": [], ""slot_eras"": {""0"": 0, """
70631,70663,32,echo_inwin,505,,448,0.5142,0.48,-0.0342,fall,4.1685,3.7769,-0.0939,,228,1,sudden/high/recurring_sudden_friedman_100k_g00.csv,htr-nr/error,"{""buffer_len"": 33, ""merged"": [5, 0, 6], ""collection_size"": 2, ""current_idx"": 7, ""best_idx"": 3, ""acc_current_on_warning"": 0.5517359730308401, ""acc_best_on_warning"": 0.5517359730308401, ""acc_new_on_warning"": 0.40838161429075537, ""winner_initial"": ""reused_copy"", ""acc_on_buffer"": {""3"": 0.5517359730308401}, ""similarity_metric"": ""residual_pearson"", ""merge_pairs"": [[0, 5], [6, 0], [3, 6]], ""slot_eras"": {"
71687,73223,1536,echo,1561,,1056,0.4414,0.4881,0.0466,rise,2.5378,2.4774,-0.0238,,817,0,sudden/high/recurring_sudden_friedman_100k_g00.csv,htr-nr/error,"{""buffer_len"": 1537, ""merged"": [], ""collection_size"": 3, ""current_idx"": 8, ""best_idx"": 7, ""acc_current_on_warning"": 0.5187239363265395, ""acc_best_on_warning"": 0.5187239363265395, ""acc_new_on_warning"": 0.5265847639851149, ""winner_initial"": ""reused_copy"", ""acc_on_buffer"": {""3"": 0.3821730112471582, ""7"": 0.5187239363265395}, ""similarity_metric"": ""residual_pearson"", ""merge_pairs"": [], ""slot_eras"": {""0"""
15559,15591,32,hit,7,23582,,0.4887,0.6837,0.195,rise,1.7752,4.2158,1.3748,,,0,sudden/high/recurring_sudden_friedman_100k_g01.csv,htr/error,"{""buffer_len"": 33, ""merged"": [], ""collection_size"": 2, ""current_idx"": 1, ""best_idx"": 0, ""acc_current_on_warning"": 0.2380022921802306, ""acc_best_on_warning"": 0.2380022921802306, ""acc_new_on_warning"": 0.11090809291868775, ""winner_initial"": ""reused_copy"", ""acc_on_buffer"": {""0"": 0.2380022921802306}, ""similarity_metric"": ""residual_pearson"", ""merge_pairs"": [], ""slot_eras"": {""0"": 0, ""1"": 1}, ""score_seman"
15975,16039,64,echo_inwin,423,23166,416,0.6527,0.6594,0.0067,flat,3.9011,3.9609,0.0153,,305,1,sudden/high/recurring_sudden_friedman_100k_g01.csv,htr/error,"{""buffer_len"": 65, ""merged"": [1], ""collection_size"": 2, ""current_idx"": 2, ""best_idx"": 0, ""acc_current_on_warning"": 0.22026592608746554, ""acc_best_on_warning"": 0.22026592608746554, ""acc_new_on_warning"": 0.20040540151628983, ""winner_initial"": ""reused_copy"", ""acc_on_buffer"": {""0"": 0.22026592608746554}, ""similarity_metric"": ""residual_pearson"", ""merge_pairs"": [[0, 1]], ""slot_eras"": {""0"": 0, ""1"": 1, ""2"""
16487,16487,0,echo_inwin,935,22654,512,0.6666,0.5887,-0.0778,fall,4.0125,3.0518,-0.2394,,387,1,sudden/high/recurring_sudden_friedman_100k_g01.csv,htr/error,"{""buffer_len"": 1, ""merged"": [], ""collection_size"": 3, ""current_idx"": 3, ""best_idx"": 2, ""acc_current_on_warning"": 0.568875883132768, ""acc_best_on_warning"": 0.568875883132768, ""acc_new_on_warning"": 0.0, ""winner_initial"": ""reused_copy"", ""acc_on_buffer"": {""0"": 0.0, ""2"": 0.568875883132768}, ""similarity_metric"": ""residual_pearson"", ""merge_pairs"": [], ""slot_eras"": {""0"": 0, ""1"": 1, ""2"": 2, ""3"": 3}, ""score"
20039,20295,256,orphan,4487,19102,3552,0.5323,0.6104,0.0781,rise,2.5518,3.6129,0.4158,,3939,0,sudden/high/recurring_sudden_friedman_100k_g01.csv,htr/error,"{""buffer_len"": 257, ""merged"": [2, 3], ""collection_size"": 2, ""current_idx"": 4, ""best_idx"": 0, ""acc_current_on_warning"": 0.2229001693522339, ""acc_best_on_warning"": 0.2229001693522339, ""acc_new_on_warning"": 0.3377710239596814, ""winner_initial"": ""reused_copy"", ""acc_on_buffer"": {""0"": 0.2229001693522339}, ""similarity_metric"": ""residual_pearson"", ""merge_pairs"": [[0, 2], [0, 3]], ""slot_eras"": {""0"": 0, ""1"""
20839,20903,64,orphan,5287,18302,800,0.5992,0.6249,0.0257,rise,3.4712,3.9227,0.1301,,543,1,sudden/high/recurring_sudden_friedman_100k_g01.csv,htr/error,"{""buffer_len"": 65, ""merged"": [4], ""collection_size"": 2, ""current_idx"": 5, ""best_idx"": 0, ""acc_current_on_warning"": 0.29557212311588654, ""acc_best_on_warning"": 0.29557212311588654, ""acc_new_on_warning"": 0.2516696484351346, ""winner_initial"": ""reused_copy"", ""acc_on_buffer"": {""0"": 0.29557212311588654}, ""similarity_metric"": ""residual_pearson"", ""merge_pairs"": [[0, 4]], ""slot_eras"": {""0"": 0, ""1"": 1, ""2"":"
21671,21799,128,orphan,6119,17470,832,0.5902,0.6449,0.0547,rise,3.3819,4.1954,0.2405,,765,0,sudden/high/recurring_sudden_friedman_100k_g01.csv,htr/error,"{""buffer_len"": 129, ""merged"": [5], ""collection_size"": 2, ""current_idx"": 6, ""best_idx"": 0, ""acc_current_on_warning"": 0.2402875819576794, ""acc_best_on_warning"": 0.2402875819576794, ""acc_new_on_warning"": 0.2725613597821148, ""winner_initial"": ""reused_copy"", ""acc_on_buffer"": {""0"": 0.2402875819576794}, ""similarity_metric"": ""residual_pearson"", ""merge_pairs"": [[0, 5]], ""slot_eras"": {""0"": 0, ""1"": 1, ""2"": 2"
22311,22311,0,orphan,6759,16830,640,0.6429,0.618,-0.0249,fall,4.1671,4.0381,-0.031,fake_fall,317,1,sudden/high/recurring_sudden_friedman_100k_g01.csv,htr/error,"{""buffer_len"": 1, ""merged"": [], ""collection_size"": 3, ""current_idx"": 7, ""best_idx"": 0, ""acc_current_on_warning"": 0.0, ""acc_best_on_warning"": 0.46548854658712, ""acc_new_on_warning"": 0.0, ""winner_initial"": ""reused_copy"", ""acc_on_buffer"": {""0"": 0.46548854658712, ""6"": 0.0}, ""similarity_metric"": ""residual_pearson"", ""merge_pairs"": [], ""slot_eras"": {""0"": 0, ""1"": 1, ""2"": 2, ""3"": 3, ""4"": 4, ""5"": 5, ""6"": 6,"
22855,22919,64,orphan,7303,16286,544,0.6007,0.6303,0.0296,rise,3.7606,4.2696,0.1354,,861,0,sudden/high/recurring_sudden_friedman_100k_g01.csv,htr/error,"{""buffer_len"": 65, ""merged"": [6, 7], ""collection_size"": 2, ""current_idx"": 8, ""best_idx"": 0, ""acc_current_on_warning"": 0.250180928522873, ""acc_best_on_warning"": 0.250180928522873, ""acc_new_on_warning"": 0.25582643696145735, ""winner_initial"": ""reused_copy"", ""acc_on_buffer"": {""0"": 0.250180928522873}, ""similarity_metric"": ""residual_pearson"", ""merge_pairs"": [[0, 6], [0, 7]], ""slot_eras"": {""0"": 0, ""1"": 1"
23367,23367,0,orphan,7815,15774,512,0.6302,0.5515,-0.0787,fall,4.2592,3.0904,-0.2744,,314,1,sudden/high/recurring_sudden_friedman_100k_g01.csv,htr/error,"{""buffer_len"": 1, ""merged"": [], ""collection_size"": 3, ""current_idx"": 9, ""best_idx"": 8, ""acc_current_on_warning"": 0.011279336917695004, ""acc_best_on_warning"": 0.011279336917695004, ""acc_new_on_warning"": 0.0, ""winner_initial"": ""reused_copy"", ""acc_on_buffer"": {""0"": 0.0, ""8"": 0.011279336917695004}, ""similarity_metric"": ""residual_pearson"", ""merge_pairs"": [], ""slot_eras"": {""0"": 0, ""1"": 1, ""2"": 2, ""3"": 3"
26951,26951,0,orphan,11399,12190,3584,0.5111,0.5597,0.0486,rise,2.6037,3.3545,0.2883,,3898,0,sudden/high/recurring_sudden_friedman_100k_g01.csv,htr/error,"{""buffer_len"": 1, ""merged"": [], ""collection_size"": 4, ""current_idx"": 10, ""best_idx"": 8, ""acc_current_on_warning"": 0.4206023786888362, ""acc_best_on_warning"": 0.4911879460696489, ""acc_new_on_warning"": 0.0, ""winner_initial"": ""reused_copy"", ""acc_on_buffer"": {""0"": 0.0, ""8"": 0.4911879460696489, ""9"": 0.4206023786888362}, ""similarity_metric"": ""residual_pearson"", ""merge_pairs"": [], ""slot_eras"": {""0"": 0, ""1"
28743,28839,96,orphan,13191,10398,1792,0.5185,0.5047,-0.0138,flat,2.7307,2.5621,-0.0617,masked_fall,5690,0,sudden/high/recurring_sudden_friedman_100k_g01.csv,htr/error,"{""buffer_len"": 97, ""merged"": [8, 10], ""collection_size"": 3, ""current_idx"": 11, ""best_idx"": 9, ""acc_current_on_warning"": 0.2732234174817041, ""acc_best_on_warning"": 0.4891450164708899, ""acc_new_on_warning"": 0.2916312731179902, ""winner_initial"": ""reused_copy"", ""acc_on_buffer"": {""0"": 0.2732234174817041, ""9"": 0.4891450164708899}, ""similarity_metric"": ""residual_pearson"", ""merge_pairs"": [[0, 8], [0, 10]]"
37703,39303,1600,orphan,22151,1438,8960,0.4855,0.5168,0.0313,rise,2.2881,2.7053,0.1823,,14650,0,sudden/high/recurring_sudden_friedman_100k_g01.csv,htr/error,"{""buffer_len"": 1601, ""merged"": [9, 11], ""collection_size"": 2, ""current_idx"": 12, ""best_idx"": 0, ""acc_current_on_warning"": 0.2925334790946367, ""acc_best_on_warning"": 0.2925334790946367, ""acc_new_on_warning"": 0.30588889118695683, ""winner_initial"": ""reused_copy"", ""acc_on_buffer"": {""0"": 0.2925334790946367}, ""similarity_metric"": ""residual_pearson"", ""merge_pairs"": [[0, 9], [0, 11]], ""slot_eras"": {""0"": 0"
40551,42247,1696,orphan,1410,27518,2848,0.4795,0.4927,0.0133,flat,2.1985,2.3688,0.0775,,1165,0,sudden/high/recurring_sudden_friedman_100k_g01.csv,htr/error,"{""buffer_len"": 1697, ""merged"": [12], ""collection_size"": 2, ""current_idx"": 13, ""best_idx"": 0, ""acc_current_on_warning"": 0.4620647417650907, ""acc_best_on_warning"": 0.4620647417650907, ""acc_new_on_warning"": 0.508847206107613, ""winner_initial"": ""reused_copy"", ""acc_on_buffer"": {""0"": 0.4620647417650907}, ""similarity_metric"": ""residual_pearson"", ""merge_pairs"": [[0, 12]], ""slot_eras"": {""0"": 0, ""1"": 1, ""2"""
49415,49415,0,orphan,10274,18654,8864,0.4752,0.4687,-0.0065,flat,2.1056,2.0212,-0.0401,,7109,0,sudden/high/recurring_sudden_friedman_100k_g01.csv,htr/error,"{""buffer_len"": 1, ""merged"": [], ""collection_size"": 3, ""current_idx"": 14, ""best_idx"": 13, ""acc_current_on_warning"": 0.6629237278139679, ""acc_best_on_warning"": 0.6629237278139679, ""acc_new_on_warning"": 0.0, ""winner_initial"": ""reused_copy"", ""acc_on_buffer"": {""0"": 0.5406233700512981, ""13"": 0.6629237278139679}, ""similarity_metric"": ""residual_pearson"", ""merge_pairs"": [], ""slot_eras"": {""0"": 0, ""1"": 1, ""2"
65575,67655,2080,orphan,26434,2494,16160,0.446,0.5057,0.0597,rise,1.6332,2.4401,0.4941,,23269,0,sudden/high/recurring_sudden_friedman_100k_g01.csv,htr/error,"{""buffer_len"": 2081, ""merged"": [13], ""collection_size"": 3, ""current_idx"": 15, ""best_idx"": 14, ""acc_current_on_warning"": 0.5474456199272579, ""acc_best_on_warning"": 0.5474456199272579, ""acc_new_on_warning"": 0.49651081566523847, ""winner_initial"": ""reused_copy"", ""acc_on_buffer"": {""0"": 0.44409477225642946, ""14"": 0.5474456199272579}, ""similarity_metric"": ""residual_pearson"", ""merge_pairs"": [[0, 13]], ""sl"
68103,68135,32,hit,34,,2528,0.4783,0.5873,0.109,rise,2.0835,3.423,0.6429,,441,1,sudden/high/recurring_sudden_friedman_100k_g01.csv,htr/error,"{""buffer_len"": 33, ""merged"": [15], ""collection_size"": 3, ""current_idx"": 16, ""best_idx"": 0, ""acc_current_on_warning"": 0.2955793237019485, ""acc_best_on_warning"": 0.2955793237019485, ""acc_new_on_warning"": 0.15206619532287347, ""winner_initial"": ""reused_copy"", ""acc_on_buffer"": {""0"": 0.2955793237019485, ""14"": 0.279063152960784}, ""similarity_metric"": ""residual_pearson"", ""merge_pairs"": [[0, 15]], ""slot_er"
69383,69927,544,echo,1314,,1280,0.543,0.5449,0.0019,flat,2.9182,2.9173,-0.0003,,1721,0,sudden/high/recurring_sudden_friedman_100k_g01.csv,htr/error,"{""buffer_len"": 545, ""merged"": [16], ""collection_size"": 3, ""current_idx"": 17, ""best_idx"": 0, ""acc_current_on_warning"": 0.33363167425070683, ""acc_best_on_warning"": 0.33363167425070683, ""acc_new_on_warning"": 0.4543807455845398, ""winner_initial"": ""reused_copy"", ""acc_on_buffer"": {""0"": 0.33363167425070683, ""14"": 0.29962349457546655}, ""similarity_metric"": ""residual_pearson"", ""merge_pairs"": [[0, 16]], ""sl"
73511,73511,0,orphan,5442,,4128,0.509,0.6513,0.1423,rise,2.4617,4.3912,0.7839,,3572,0,sudden/high/recurring_sudden_friedman_100k_g01.csv,htr/error,"{""buffer_len"": 1, ""merged"": [], ""collection_size"": 4, ""current_idx"": 18, ""best_idx"": 14, ""acc_current_on_warning"": 0.20633446321581406, ""acc_best_on_warning"": 0.49948101162538194, ""acc_new_on_warning"": 0.0, ""winner_initial"": ""reused_copy"", ""acc_on_buffer"": {""0"": 0.4722414558829302, ""14"": 0.49948101162538194, ""17"": 0.20633446321581406}, ""similarity_metric"": ""residual_pearson"", ""merge_pairs"": [], ""s"
74407,74439,32,orphan,6338,,896,0.5993,0.4852,-0.1142,fall,3.6878,2.183,-0.4081,,99,1,sudden/high/recurring_sudden_friedman_100k_g01.csv,htr/error,"{""buffer_len"": 33, ""merged"": [18], ""collection_size"": 4, ""current_idx"": 19, ""best_idx"": 17, ""acc_current_on_warning"": 0.3337206875566411, ""acc_best_on_warning"": 0.4807747295984789, ""acc_new_on_warning"": 0.2272466531908065, ""winner_initial"": ""reused_copy"", ""acc_on_buffer"": {""0"": 0.3337206875566411, ""14"": 0.27104437843187257, ""17"": 0.4807747295984789}, ""similarity_metric"": ""residual_pearson"", ""merge"
79047,79527,480,orphan,10978,,4640,0.4729,0.4657,-0.0072,flat,1.9945,1.9176,-0.0386,,4739,0,sudden/high/recurring_sudden_friedman_100k_g01.csv,htr/error,"{""buffer_len"": 481, ""merged"": [0, 17], ""collection_size"": 3, ""current_idx"": 20, ""best_idx"": 19, ""acc_current_on_warning"": 0.5328021679994289, ""acc_best_on_warning"": 0.5328021679994289, ""acc_new_on_warning"": 0.39974422402345455, ""winner_initial"": ""reused_copy"", ""acc_on_buffer"": {""14"": 0.2970915904752234, ""19"": 0.5328021679994289}, ""similarity_metric"": ""residual_pearson"", ""merge_pairs"": [[14, 0], [1"
93863,93863,0,orphan,25794,,14816,0.4492,0.4478,-0.0014,flat,1.6334,1.601,-0.0198,,19555,0,sudden/high/recurring_sudden_friedman_100k_g01.csv,htr/error,"{""buffer_len"": 1, ""merged"": [], ""collection_size"": 4, ""current_idx"": 21, ""best_idx"": 20, ""acc_current_on_warning"": 0.579117828393549, ""acc_best_on_warning"": 0.579117828393549, ""acc_new_on_warning"": 0.0, ""winner_initial"": ""reused_copy"", ""acc_on_buffer"": {""14"": 0.2914405730330293, ""19"": 0.537124748953691, ""20"": 0.579117828393549}, ""similarity_metric"": ""residual_pearson"", ""merge_pairs"": [], ""slot_era"
15559,15608,49,hit,7,23582,,0.4887,0.6562,0.1674,rise,1.7752,3.7976,1.1392,,,0,sudden/high/recurring_sudden_friedman_100k_g01.csv,htr-mwa50/error,"{""buffer_len"": 50, ""merged"": [], ""collection_size"": 2, ""current_idx"": 1, ""best_idx"": 0, ""acc_current_on_warning"": 0.2549513077935397, ""acc_best_on_warning"": 0.2549513077935397, ""acc_new_on_warning"": 0.16212555416548935, ""winner_initial"": ""reused_copy"", ""acc_on_buffer"": {""0"": 0.2549513077935397}, ""similarity_metric"": ""residual_pearson"", ""merge_pairs"": [], ""slot_eras"": {""0"": 0, ""1"": 1}, ""score_seman"
16039,16088,49,echo_inwin,487,23102,480,0.6682,0.5945,-0.0737,fall,4.0421,3.0255,-0.2515,,362,1,sudden/high/recurring_sudden_friedman_100k_g01.csv,htr-mwa50/error,"{""buffer_len"": 50, ""merged"": [], ""collection_size"": 3, ""current_idx"": 2, ""best_idx"": 1, ""acc_current_on_warning"": 0.42241945231278155, ""acc_best_on_warning"": 0.42241945231278155, ""acc_new_on_warning"": 0.22841972026954693, ""winner_initial"": ""reused_copy"", ""acc_on_buffer"": {""0"": 0.20218427944517148, ""1"": 0.42241945231278155}, ""similarity_metric"": ""residual_pearson"", ""merge_pairs"": [], ""slot_eras"": {"
19751,20007,256,orphan,4199,19390,3712,0.5557,0.6465,0.0908,rise,2.785,4.0179,0.4427,,4074,0,sudden/high/recurring_sudden_friedman_100k_g01.csv,htr-mwa50/error,"{""buffer_len"": 257, ""merged"": [1, 2], ""collection_size"": 2, ""current_idx"": 3, ""best_idx"": 0, ""acc_current_on_warning"": 0.20690289426636577, ""acc_best_on_warning"": 0.20690289426636577, ""acc_new_on_warning"": 0.2864934237303908, ""winner_initial"": ""reused_copy"", ""acc_on_buffer"": {""0"": 0.20690289426636577}, ""similarity_metric"": ""residual_pearson"", ""merge_pairs"": [[0, 1], [0, 2]], ""slot_eras"": {""0"": 0, "
20615,20903,288,orphan,5063,18526,864,0.6187,0.6265,0.0079,flat,3.6776,3.9217,0.0664,,354,1,sudden/high/recurring_sudden_friedman_100k_g01.csv,htr-mwa50/error,"{""buffer_len"": 289, ""merged"": [3], ""collection_size"": 2, ""current_idx"": 4, ""best_idx"": 0, ""acc_current_on_warning"": 0.24100999585437732, ""acc_best_on_warning"": 0.24100999585437732, ""acc_new_on_warning"": 0.27587722438475704, ""winner_initial"": ""reused_copy"", ""acc_on_buffer"": {""0"": 0.24100999585437732}, ""similarity_metric"": ""residual_pearson"", ""merge_pairs"": [[0, 3]], ""slot_eras"": {""0"": 0, ""1"": 1, ""2"
21735,21799,64,orphan,6183,17406,1120,0.5915,0.6457,0.0542,rise,3.3782,4.2428,0.2559,,829,0,sudden/high/recurring_sudden_friedman_100k_g01.csv,htr-mwa50/error,"{""buffer_len"": 65, ""merged"": [4], ""collection_size"": 2, ""current_idx"": 5, ""best_idx"": 0, ""acc_current_on_warning"": 0.2368948001263791, ""acc_best_on_warning"": 0.2368948001263791, ""acc_new_on_warning"": 0.25453474823806377, ""winner_initial"": ""reused_copy"", ""acc_on_buffer"": {""0"": 0.2368948001263791}, ""similarity_metric"": ""residual_pearson"", ""merge_pairs"": [[0, 4]], ""slot_eras"": {""0"": 0, ""1"": 1, ""2"": 2"
22311,22360,49,orphan,6759,16830,576,0.6437,0.6117,-0.032,fall,4.2142,3.9325,-0.0668,,345,1,sudden/high/recurring_sudden_friedman_100k_g01.csv,htr-mwa50/error,"{""buffer_len"": 50, ""merged"": [5], ""collection_size"": 2, ""current_idx"": 6, ""best_idx"": 0, ""acc_current_on_warning"": 0.2668316102435039, ""acc_best_on_warning"": 0.2668316102435039, ""acc_new_on_warning"": 0.24740660185967345, ""winner_initial"": ""reused_copy"", ""acc_on_buffer"": {""0"": 0.2668316102435039}, ""similarity_metric"": ""residual_pearson"", ""merge_pairs"": [[0, 5]], ""slot_eras"": {""0"": 0, ""1"": 1, ""2"": 2"
22919,23207,288,orphan,7367,16222,608,0.5954,0.6236,0.0282,rise,3.6492,4.0382,0.1066,,953,0,sudden/high/recurring_sudden_friedman_100k_g01.csv,htr-mwa50/error,"{""buffer_len"": 289, ""merged"": [6], ""collection_size"": 2, ""current_idx"": 7, ""best_idx"": 0, ""acc_current_on_warning"": 0.25450957183033074, ""acc_best_on_warning"": 0.25450957183033074, ""acc_new_on_warning"": 0.3205968475756089, ""winner_initial"": ""reused_copy"", ""acc_on_buffer"": {""0"": 0.25450957183033074}, ""similarity_metric"": ""residual_pearson"", ""merge_pairs"": [[0, 6]], ""slot_eras"": {""0"": 0, ""1"": 1, ""2"""
23655,23704,49,orphan,8103,15486,736,0.6195,0.6311,0.0116,flat,3.9939,4.368,0.0937,,172,1,sudden/high/recurring_sudden_friedman_100k_g01.csv,htr-mwa50/error,"{""buffer_len"": 50, ""merged"": [7], ""collection_size"": 2, ""current_idx"": 8, ""best_idx"": 0, ""acc_current_on_warning"": 0.27954035253423315, ""acc_best_on_warning"": 0.27954035253423315, ""acc_new_on_warning"": 0.23544819605436063, ""winner_initial"": ""reused_copy"", ""acc_on_buffer"": {""0"": 0.27954035253423315}, ""similarity_metric"": ""residual_pearson"", ""merge_pairs"": [[0, 7]], ""slot_eras"": {""0"": 0, ""1"": 1, ""2"""
24135,24199,64,orphan,8583,15006,480,0.6341,0.6764,0.0423,rise,4.3913,5.0598,0.1522,,317,1,sudden/high/recurring_sudden_friedman_100k_g01.csv,htr-mwa50/error,"{""buffer_len"": 65, ""merged"": [8], ""collection_size"": 2, ""current_idx"": 9, ""best_idx"": 0, ""acc_current_on_warning"": 0.265151829965692, ""acc_best_on_warning"": 0.265151829965692, ""acc_new_on_warning"": 0.2696041059301977, ""winner_initial"": ""reused_copy"", ""acc_on_buffer"": {""0"": 0.265151829965692}, ""similarity_metric"": ""residual_pearson"", ""merge_pairs"": [[0, 8]], ""slot_eras"": {""0"": 0, ""1"": 1, ""2"": 2, ""3"
24487,24536,49,orphan,8935,14654,352,0.6235,0.627,0.0035,flat,4.2221,4.3685,0.0347,,168,1,sudden/high/recurring_sudden_friedman_100k_g01.csv,htr-mwa50/error,"{""buffer_len"": 50, ""merged"": [9], ""collection_size"": 2, ""current_idx"": 10, ""best_idx"": 0, ""acc_current_on_warning"": 0.29341220236135834, ""acc_best_on_warning"": 0.29341220236135834, ""acc_new_on_warning"": 0.2883685377426728, ""winner_initial"": ""reused_copy"", ""acc_on_buffer"": {""0"": 0.29341220236135834}, ""similarity_metric"": ""residual_pearson"", ""merge_pairs"": [[0, 9]], ""slot_eras"": {""0"": 0, ""1"": 1, ""2"""
24999,25048,49,orphan,9447,14142,512,0.632,0.6089,-0.0231,fall,4.4362,4.2054,-0.052,,332,1,sudden/high/recurring_sudden_friedman_100k_g01.csv,htr-mwa50/error,"{""buffer_len"": 50, ""merged"": [10], ""collection_size"": 2, ""current_idx"": 11, ""best_idx"": 0, ""acc_current_on_warning"": 0.28810882556255335, ""acc_best_on_warning"": 0.28810882556255335, ""acc_new_on_warning"": 0.28185890149302606, ""winner_initial"": ""reused_copy"", ""acc_on_buffer"": {""0"": 0.28810882556255335}, ""similarity_metric"": ""residual_pearson"", ""merge_pairs"": [[0, 10]], ""slot_eras"": {""0"": 0, ""1"": 1, "
25575,25624,49,orphan,10023,13566,576,0.5933,0.6084,0.015,flat,3.9622,4.1838,0.0559,,421,1,sudden/high/recurring_sudden_friedman_100k_g01.csv,htr-mwa50/error,"{""buffer_len"": 50, ""merged"": [11], ""collection_size"": 2, ""current_idx"": 12, ""best_idx"": 0, ""acc_current_on_warning"": 0.23311284912565133, ""acc_best_on_warning"": 0.23311284912565133, ""acc_new_on_warning"": 0.35450643204975363, ""winner_initial"": ""reused_copy"", ""acc_on_buffer"": {""0"": 0.23311284912565133}, ""similarity_metric"": ""residual_pearson"", ""merge_pairs"": [[0, 11]], ""slot_eras"": {""0"": 0, ""1"": 1, "
26183,26471,288,orphan,10631,12958,608,0.5847,0.5993,0.0146,flat,3.8103,4.0423,0.0609,,419,1,sudden/high/recurring_sudden_friedman_100k_g01.csv,htr-mwa50/error,"{""buffer_len"": 289, ""merged"": [12], ""collection_size"": 2, ""current_idx"": 13, ""best_idx"": 0, ""acc_current_on_warning"": 0.2566129883466436, ""acc_best_on_warning"": 0.2566129883466436, ""acc_new_on_warning"": 0.33366299219997786, ""winner_initial"": ""reused_copy"", ""acc_on_buffer"": {""0"": 0.2566129883466436}, ""similarity_metric"": ""residual_pearson"", ""merge_pairs"": [[0, 12]], ""slot_eras"": {""0"": 0, ""1"": 1, ""2"
27047,27096,49,orphan,11495,12094,864,0.5933,0.6005,0.0072,flat,3.9426,4.226,0.0719,,333,1,sudden/high/recurring_sudden_friedman_100k_g01.csv,htr-mwa50/error,"{""buffer_len"": 50, ""merged"": [13], ""collection_size"": 2, ""current_idx"": 14, ""best_idx"": 0, ""acc_current_on_warning"": 0.311421921817263, ""acc_best_on_warning"": 0.311421921817263, ""acc_new_on_warning"": 0.28185173566635624, ""winner_initial"": ""reused_copy"", ""acc_on_buffer"": {""0"": 0.311421921817263}, ""similarity_metric"": ""residual_pearson"", ""merge_pairs"": [[0, 13]], ""slot_eras"": {""0"": 0, ""1"": 1, ""2"": 2"
27655,27704,49,orphan,12103,11486,608,0.5804,0.585,0.0046,flat,3.8521,3.9912,0.0361,,463,1,sudden/high/recurring_sudden_friedman_100k_g01.csv,htr-mwa50/error,"{""buffer_len"": 50, ""merged"": [14], ""collection_size"": 2, ""current_idx"": 15, ""best_idx"": 0, ""acc_current_on_warning"": 0.2896122742535612, ""acc_best_on_warning"": 0.2896122742535612, ""acc_new_on_warning"": 0.3177472773861372, ""winner_initial"": ""reused_copy"", ""acc_on_buffer"": {""0"": 0.2896122742535612}, ""similarity_metric"": ""residual_pearson"", ""merge_pairs"": [[0, 14]], ""slot_eras"": {""0"": 0, ""1"": 1, ""2"":"
28455,28504,49,orphan,12903,10686,800,0.536,0.5884,0.0524,rise,3.2039,4.0365,0.2599,,748,0,sudden/high/recurring_sudden_friedman_100k_g01.csv,htr-mwa50/error,"{""buffer_len"": 50, ""merged"": [15], ""collection_size"": 2, ""current_idx"": 16, ""best_idx"": 0, ""acc_current_on_warning"": 0.3221069544833699, ""acc_best_on_warning"": 0.3221069544833699, ""acc_new_on_warning"": 0.2864189117431408, ""winner_initial"": ""reused_copy"", ""acc_on_buffer"": {""0"": 0.3221069544833699}, ""similarity_metric"": ""residual_pearson"", ""merge_pairs"": [[0, 15]], ""slot_eras"": {""0"": 0, ""1"": 1, ""2"":"
29031,29080,49,orphan,13479,10110,576,0.5789,0.5818,0.0029,flat,3.8876,4.0196,0.0339,,363,1,sudden/high/recurring_sudden_friedman_100k_g01.csv,htr-mwa50/error,"{""buffer_len"": 50, ""merged"": [16], ""collection_size"": 2, ""current_idx"": 17, ""best_idx"": 0, ""acc_current_on_warning"": 0.3002585828338947, ""acc_best_on_warning"": 0.3002585828338947, ""acc_new_on_warning"": 0.2999671612707686, ""winner_initial"": ""reused_copy"", ""acc_on_buffer"": {""0"": 0.3002585828338947}, ""similarity_metric"": ""residual_pearson"", ""merge_pairs"": [[0, 16]], ""slot_eras"": {""0"": 0, ""1"": 1, ""2"":"
29639,29959,320,orphan,14087,9502,608,0.5651,0.5836,0.0185,flat,3.7376,4.031,0.0785,,543,1,sudden/high/recurring_sudden_friedman_100k_g01.csv,htr-mwa50/error,"{""buffer_len"": 321, ""merged"": [17], ""collection_size"": 2, ""current_idx"": 18, ""best_idx"": 0, ""acc_current_on_warning"": 0.2958132548922906, ""acc_best_on_warning"": 0.2958132548922906, ""acc_new_on_warning"": 0.3642350505271713, ""winner_initial"": ""reused_copy"", ""acc_on_buffer"": {""0"": 0.2958132548922906}, ""similarity_metric"": ""residual_pearson"", ""merge_pairs"": [[0, 17]], ""slot_eras"": {""0"": 0, ""1"": 1, ""2"""
30407,30535,128,orphan,14855,8734,768,0.5882,0.6011,0.0129,flat,4.0951,4.3339,0.0583,,165,1,sudden/high/recurring_sudden_friedman_100k_g01.csv,htr-mwa50/error,"{""buffer_len"": 129, ""merged"": [18], ""collection_size"": 2, ""current_idx"": 19, ""best_idx"": 0, ""acc_current_on_warning"": 0.29195715627387364, ""acc_best_on_warning"": 0.29195715627387364, ""acc_new_on_warning"": 0.3133656646389893, ""winner_initial"": ""reused_copy"", ""acc_on_buffer"": {""0"": 0.29195715627387364}, ""similarity_metric"": ""residual_pearson"", ""merge_pairs"": [[0, 18]], ""slot_eras"": {""0"": 0, ""1"": 1, "
31047,31096,49,orphan,15495,8094,640,0.5956,0.5887,-0.007,flat,4.2325,4.2286,-0.0009,,260,1,sudden/high/recurring_sudden_friedman_100k_g01.csv,htr-mwa50/error,"{""buffer_len"": 50, ""merged"": [19], ""collection_size"": 2, ""current_idx"": 20, ""best_idx"": 0, ""acc_current_on_warning"": 0.23284560976957414, ""acc_best_on_warning"": 0.23284560976957414, ""acc_new_on_warning"": 0.34018062810339567, ""winner_initial"": ""reused_copy"", ""acc_on_buffer"": {""0"": 0.23284560976957414}, ""similarity_metric"": ""residual_pearson"", ""merge_pairs"": [[0, 19]], ""slot_eras"": {""0"": 0, ""1"": 1, "
31527,31623,96,orphan,15975,7614,480,0.5862,0.5784,-0.0078,flat,4.1838,4.0728,-0.0265,,285,1,sudden/high/recurring_sudden_friedman_100k_g01.csv,htr-mwa50/error,"{""buffer_len"": 97, ""merged"": [20], ""collection_size"": 2, ""current_idx"": 21, ""best_idx"": 0, ""acc_current_on_warning"": 0.314031164948368, ""acc_best_on_warning"": 0.314031164948368, ""acc_new_on_warning"": 0.3485500367322165, ""winner_initial"": ""reused_copy"", ""acc_on_buffer"": {""0"": 0.314031164948368}, ""similarity_metric"": ""residual_pearson"", ""merge_pairs"": [[0, 20]], ""slot_eras"": {""0"": 0, ""1"": 1, ""2"": 2,"
32167,32519,352,orphan,16615,6974,640,0.568,0.5652,-0.0028,flat,3.9096,3.9004,-0.0024,,324,1,sudden/high/recurring_sudden_friedman_100k_g01.csv,htr-mwa50/error,"{""buffer_len"": 353, ""merged"": [21], ""collection_size"": 2, ""current_idx"": 22, ""best_idx"": 0, ""acc_current_on_warning"": 0.3268718846141695, ""acc_best_on_warning"": 0.3268718846141695, ""acc_new_on_warning"": 0.3817548124000033, ""winner_initial"": ""reused_copy"", ""acc_on_buffer"": {""0"": 0.3268718846141695}, ""similarity_metric"": ""residual_pearson"", ""merge_pairs"": [[0, 21]], ""slot_eras"": {""0"": 0, ""1"": 1, ""2"""
32999,33048,49,orphan,17447,6142,832,0.5623,0.5802,0.0179,flat,3.8532,4.1471,0.0763,,469,1,sudden/high/recurring_sudden_friedman_100k_g01.csv,htr-mwa50/error,"{""buffer_len"": 50, ""merged"": [22], ""collection_size"": 2, ""current_idx"": 23, ""best_idx"": 0, ""acc_current_on_warning"": 0.3414564346807941, ""acc_best_on_warning"": 0.3414564346807941, ""acc_new_on_warning"": 0.2792369963967286, ""winner_initial"": ""reused_copy"", ""acc_on_buffer"": {""0"": 0.3414564346807941}, ""similarity_metric"": ""residual_pearson"", ""merge_pairs"": [[0, 22]], ""slot_eras"": {""0"": 0, ""1"": 1, ""2"":"
33799,33848,49,orphan,18247,5342,800,0.5321,0.5793,0.0472,rise,3.3316,4.1276,0.2389,,746,0,sudden/high/recurring_sudden_friedman_100k_g01.csv,htr-mwa50/error,"{""buffer_len"": 50, ""merged"": [23], ""collection_size"": 2, ""current_idx"": 24, ""best_idx"": 0, ""acc_current_on_warning"": 0.3623779940555749, ""acc_best_on_warning"": 0.3623779940555749, ""acc_new_on_warning"": 0.2822624851034692, ""winner_initial"": ""reused_copy"", ""acc_on_buffer"": {""0"": 0.3623779940555749}, ""similarity_metric"": ""residual_pearson"", ""merge_pairs"": [[0, 23]], ""slot_eras"": {""0"": 0, ""1"": 1, ""2"":"
34151,34823,672,orphan,18599,4990,352,0.5592,0.5067,-0.0526,fall,3.8016,2.9858,-0.2146,,163,1,sudden/high/recurring_sudden_friedman_100k_g01.csv,htr-mwa50/error,"{""buffer_len"": 673, ""merged"": [24], ""collection_size"": 2, ""current_idx"": 25, ""best_idx"": 0, ""acc_current_on_warning"": 0.28960057485861723, ""acc_best_on_warning"": 0.28960057485861723, ""acc_new_on_warning"": 0.4982388490058578, ""winner_initial"": ""reused_copy"", ""acc_on_buffer"": {""0"": 0.28960057485861723}, ""similarity_metric"": ""residual_pearson"", ""merge_pairs"": [[0, 24]], ""slot_eras"": {""0"": 0, ""1"": 1, "
37895,37944,49,orphan,22343,1246,3744,0.4575,0.5699,0.1124,rise,2.2253,4.0349,0.8131,,3071,0,sudden/high/recurring_sudden_friedman_100k_g01.csv,htr-mwa50/error,"{""buffer_len"": 50, ""merged"": [25], ""collection_size"": 2, ""current_idx"": 26, ""best_idx"": 0, ""acc_current_on_warning"": 0.29548009786545903, ""acc_best_on_warning"": 0.29548009786545903, ""acc_new_on_warning"": 0.2513414309674531, ""winner_initial"": ""reused_copy"", ""acc_on_buffer"": {""0"": 0.29548009786545903}, ""similarity_metric"": ""residual_pearson"", ""merge_pairs"": [[0, 25]], ""slot_eras"": {""0"": 0, ""1"": 1, """
38919,38968,49,orphan,23367,222,1024,0.5166,0.5628,0.0462,rise,3.1425,3.9209,0.2477,,4095,0,sudden/high/recurring_sudden_friedman_100k_g01.csv,htr-mwa50/error,"{""buffer_len"": 50, ""merged"": [26], ""collection_size"": 2, ""current_idx"": 27, ""best_idx"": 0, ""acc_current_on_warning"": 0.2786641831391624, ""acc_best_on_warning"": 0.2786641831391624, ""acc_new_on_warning"": 0.2850437250839768, ""winner_initial"": ""reused_copy"", ""acc_on_buffer"": {""0"": 0.2786641831391624}, ""similarity_metric"": ""residual_pearson"", ""merge_pairs"": [[0, 26]], ""slot_eras"": {""0"": 0, ""1"": 1, ""2"":"
39239,39288,49,hit,98,28830,320,0.5582,0.488,-0.0702,fall,3.8593,2.6694,-0.3083,,138,1,sudden/high/recurring_sudden_friedman_100k_g01.csv,htr-mwa50/error,"{""buffer_len"": 50, ""merged"": [27], ""collection_size"": 2, ""current_idx"": 28, ""best_idx"": 0, ""acc_current_on_warning"": 0.5057661014548849, ""acc_best_on_warning"": 0.5057661014548849, ""acc_new_on_warning"": 0.4097737371011302, ""winner_initial"": ""reused_copy"", ""acc_on_buffer"": {""0"": 0.5057661014548849}, ""similarity_metric"": ""residual_pearson"", ""merge_pairs"": [[0, 27]], ""slot_eras"": {""0"": 0, ""1"": 1, ""2"":"
42247,43591,1344,orphan,3106,25822,3008,0.4514,0.4568,0.0054,flat,2.0724,2.1361,0.0307,,2931,0,sudden/high/recurring_sudden_friedman_100k_g01.csv,htr-mwa50/error,"{""buffer_len"": 1345, ""merged"": [0], ""collection_size"": 2, ""current_idx"": 29, ""best_idx"": 28, ""acc_current_on_warning"": 0.5389443272515804, ""acc_best_on_warning"": 0.5389443272515804, ""acc_new_on_warning"": 0.5272482214146799, ""winner_initial"": ""reused_copy"", ""acc_on_buffer"": {""28"": 0.5389443272515804}, ""similarity_metric"": ""residual_pearson"", ""merge_pairs"": [[28, 0]], ""slot_eras"": {""0"": 0, ""1"": 1, """
68135,68184,49,hit,66,,25888,0.4798,0.5986,0.1187,rise,2.2917,3.9495,0.7234,,6486,0,sudden/high/recurring_sudden_friedman_100k_g01.csv,htr-mwa50/error,"{""buffer_len"": 50, ""merged"": [28], ""collection_size"": 2, ""current_idx"": 30, ""best_idx"": 29, ""acc_current_on_warning"": 0.34162596913994603, ""acc_best_on_warning"": 0.34162596913994603, ""acc_new_on_warning"": 0.30286279785382664, ""winner_initial"": ""reused_copy"", ""acc_on_buffer"": {""29"": 0.34162596913994603}, ""similarity_metric"": ""residual_pearson"", ""merge_pairs"": [[29, 28]], ""slot_eras"": {""0"": 0, ""1"": "
69223,69272,49,echo,1154,,1088,0.5597,0.5989,0.0393,rise,3.3924,3.9816,0.1737,,1031,0,sudden/high/recurring_sudden_friedman_100k_g01.csv,htr-mwa50/error,"{""buffer_len"": 50, ""merged"": [30], ""collection_size"": 2, ""current_idx"": 31, ""best_idx"": 29, ""acc_current_on_warning"": 0.35545684348891105, ""acc_best_on_warning"": 0.35545684348891105, ""acc_new_on_warning"": 0.29537497899355825, ""winner_initial"": ""reused_copy"", ""acc_on_buffer"": {""29"": 0.35545684348891105}, ""similarity_metric"": ""residual_pearson"", ""merge_pairs"": [[29, 30]], ""slot_eras"": {""0"": 0, ""1"": "
70279,70328,49,echo,2210,,1056,0.5419,0.6105,0.0686,rise,3.1722,4.2054,0.3257,,1005,0,sudden/high/recurring_sudden_friedman_100k_g01.csv,htr-mwa50/error,"{""buffer_len"": 50, ""merged"": [31], ""collection_size"": 2, ""current_idx"": 32, ""best_idx"": 29, ""acc_current_on_warning"": 0.356857688100081, ""acc_best_on_warning"": 0.356857688100081, ""acc_new_on_warning"": 0.2590796776563947, ""winner_initial"": ""reused_copy"", ""acc_on_buffer"": {""29"": 0.356857688100081}, ""similarity_metric"": ""residual_pearson"", ""merge_pairs"": [[29, 31]], ""slot_eras"": {""0"": 0, ""1"": 1, ""2"":"
71303,71352,49,orphan,3234,,1024,0.5495,0.5849,0.0354,rise,3.279,3.8437,0.1722,,951,0,sudden/high/recurring_sudden_friedman_100k_g01.csv,htr-mwa50/error,"{""buffer_len"": 50, ""merged"": [32], ""collection_size"": 2, ""current_idx"": 33, ""best_idx"": 29, ""acc_current_on_warning"": 0.3875646908483714, ""acc_best_on_warning"": 0.3875646908483714, ""acc_new_on_warning"": 0.2844492859436093, ""winner_initial"": ""reused_copy"", ""acc_on_buffer"": {""29"": 0.3875646908483714}, ""similarity_metric"": ""residual_pearson"", ""merge_pairs"": [[29, 32]], ""slot_eras"": {""0"": 0, ""1"": 1, """
72263,74343,2080,orphan,4194,,960,0.5394,0.506,-0.0334,fall,3.1366,2.7442,-0.1251,,892,0,sudden/high/recurring_sudden_friedman_100k_g01.csv,htr-mwa50/error,"{""buffer_len"": 2081, ""merged"": [33], ""collection_size"": 2, ""current_idx"": 34, ""best_idx"": 29, ""acc_current_on_warning"": 0.3631438304409692, ""acc_best_on_warning"": 0.3631438304409692, ""acc_new_on_warning"": 0.5008930968956204, ""winner_initial"": ""reused_copy"", ""acc_on_buffer"": {""29"": 0.3631438304409692}, ""similarity_metric"": ""residual_pearson"", ""merge_pairs"": [[29, 33]], ""slot_eras"": {""0"": 0, ""1"": 1,"
76199,76807,608,orphan,8130,,3936,0.4833,0.4625,-0.0207,fall,2.4018,2.076,-0.1357,,1855,0,sudden/high/recurring_sudden_friedman_100k_g01.csv,htr-mwa50/error,"{""buffer_len"": 609, ""merged"": [], ""collection_size"": 3, ""current_idx"": 35, ""best_idx"": 34, ""acc_current_on_warning"": 0.5274436071928263, ""acc_best_on_warning"": 0.5274436071928263, ""acc_new_on_warning"": 0.3956513526417562, ""winner_initial"": ""reused_copy"", ""acc_on_buffer"": {""29"": 0.3679676491971343, ""34"": 0.5274436071928263}, ""similarity_metric"": ""residual_pearson"", ""merge_pairs"": [], ""slot_eras"": {"
91143,91192,49,orphan,23074,,14944,0.44,0.4392,-0.0008,flat,1.6647,1.6622,-0.0015,,16799,0,sudden/high/recurring_sudden_friedman_100k_g01.csv,htr-mwa50/error,"{""buffer_len"": 50, ""merged"": [34], ""collection_size"": 3, ""current_idx"": 36, ""best_idx"": 35, ""acc_current_on_warning"": 0.5552787608553398, ""acc_best_on_warning"": 0.5552787608553398, ""acc_new_on_warning"": 0.2504724375561408, ""winner_initial"": ""reused_copy"", ""acc_on_buffer"": {""29"": 0.29425121397165444, ""35"": 0.5552787608553398}, ""similarity_metric"": ""residual_pearson"", ""merge_pairs"": [[35, 34]], ""slo"
15559,15591,32,hit,7,23582,,0.4887,0.4528,-0.0359,fall,1.7752,3.8821,1.1868,fake_fall,,0,sudden/high/recurring_sudden_friedman_100k_g01.csv,htr-nr/error,"{""buffer_len"": 33, ""merged"": [], ""collection_size"": 2, ""current_idx"": 1, ""best_idx"": 0, ""acc_current_on_warning"": 0.2380022921802306, ""acc_best_on_warning"": 0.2380022921802306, ""acc_new_on_warning"": 0.11090809291868775, ""winner_initial"": ""reused_copy"", ""acc_on_buffer"": {""0"": 0.2380022921802306}, ""similarity_metric"": ""residual_pearson"", ""merge_pairs"": [], ""slot_eras"": {""0"": 0, ""1"": 1}, ""score_seman"
19175,19207,32,orphan,3623,19966,3616,0.4797,0.5001,0.0204,rise,2.7443,2.7865,0.0154,,3495,0,sudden/high/recurring_sudden_friedman_100k_g01.csv,htr-nr/error,"{""buffer_len"": 33, ""merged"": [0], ""collection_size"": 2, ""current_idx"": 2, ""best_idx"": 1, ""acc_current_on_warning"": 0.49711584430006894, ""acc_best_on_warning"": 0.49711584430006894, ""acc_new_on_warning"": 0.23646885423095498, ""winner_initial"": ""reused_copy"", ""acc_on_buffer"": {""1"": 0.49711584430006894}, ""similarity_metric"": ""residual_pearson"", ""merge_pairs"": [[1, 0]], ""slot_eras"": {""0"": 0, ""1"": 1, ""2"""
28871,28903,32,orphan,13319,10270,9696,0.4654,0.5064,0.041,rise,2.1435,2.647,0.2349,,1009,0,sudden/high/recurring_sudden_friedman_100k_g01.csv,htr-nr/error,"{""buffer_len"": 33, ""merged"": [2], ""collection_size"": 2, ""current_idx"": 3, ""best_idx"": 1, ""acc_current_on_warning"": 0.5352912340688596, ""acc_best_on_warning"": 0.5352912340688596, ""acc_new_on_warning"": 0.17970475955565457, ""winner_initial"": ""reused_copy"", ""acc_on_buffer"": {""1"": 0.5352912340688596}, ""similarity_metric"": ""residual_pearson"", ""merge_pairs"": [[1, 2]], ""slot_eras"": {""0"": 0, ""1"": 1, ""2"": 2"
39271,39303,32,hit,130,28798,10400,0.5475,0.4583,-0.0892,fall,3.382,3.2178,-0.0485,fake_fall,11409,0,sudden/high/recurring_sudden_friedman_100k_g01.csv,htr-nr/error,"{""buffer_len"": 33, ""merged"": [3], ""collection_size"": 2, ""current_idx"": 4, ""best_idx"": 1, ""acc_current_on_warning"": 0.25399991372397535, ""acc_best_on_warning"": 0.25399991372397535, ""acc_new_on_warning"": 0.3472506005826037, ""winner_initial"": ""reused_copy"", ""acc_on_buffer"": {""1"": 0.25399991372397535}, ""similarity_metric"": ""residual_pearson"", ""merge_pairs"": [[1, 3]], ""slot_eras"": {""0"": 0, ""1"": 1, ""2"":"
68327,68327,0,hit,258,,29056,0.5977,0.489,-0.1087,fall,3.1865,3.552,0.1147,fake_fall,24490,0,sudden/high/recurring_sudden_friedman_100k_g01.csv,htr-nr/error,"{""buffer_len"": 1, ""merged"": [], ""collection_size"": 3, ""current_idx"": 5, ""best_idx"": 4, ""acc_current_on_warning"": 0.5236371829582429, ""acc_best_on_warning"": 0.5236371829582429, ""acc_new_on_warning"": 0.0, ""winner_initial"": ""reused_copy"", ""acc_on_buffer"": {""1"": 0.4344841035242406, ""4"": 0.5236371829582429}, ""similarity_metric"": ""residual_pearson"", ""merge_pairs"": [], ""slot_eras"": {""0"": 0, ""1"": 1, ""2"": "
71911,71911,0,orphan,3842,,3584,0.4536,0.5048,0.0512,rise,2.2298,2.3155,0.0385,,1325,0,sudden/high/recurring_sudden_friedman_100k_g01.csv,htr-nr/error,"{""buffer_len"": 1, ""merged"": [], ""collection_size"": 4, ""current_idx"": 6, ""best_idx"": 5, ""acc_current_on_warning"": 0.6402869069224977, ""acc_best_on_warning"": 0.6402869069224977, ""acc_new_on_warning"": 0.0, ""winner_initial"": ""reused_copy"", ""acc_on_buffer"": {""1"": 0.3611927892182669, ""4"": 0.5496526716401006, ""5"": 0.6402869069224977}, ""similarity_metric"": ""residual_pearson"", ""merge_pairs"": [], ""slot_eras"
79111,79335,224,orphan,11042,,7200,0.4841,0.4993,0.0153,flat,1.9393,2.2607,0.1657,,8525,0,sudden/high/recurring_sudden_friedman_100k_g01.csv,htr-nr/error,"{""buffer_len"": 225, ""merged"": [1, 4, 6], ""collection_size"": 2, ""current_idx"": 7, ""best_idx"": 5, ""acc_current_on_warning"": 0.49289374460532576, ""acc_best_on_warning"": 0.49289374460532576, ""acc_new_on_warning"": 0.3038418131401118, ""winner_initial"": ""reused_copy"", ""acc_on_buffer"": {""5"": 0.49289374460532576}, ""similarity_metric"": ""residual_pearson"", ""merge_pairs"": [[5, 1], [5, 4], [5, 6]], ""slot_eras"""
84327,89575,5248,orphan,16258,,5216,0.4836,0.4974,0.0138,flat,2.0329,2.3834,0.1724,,4959,0,sudden/high/recurring_sudden_friedman_100k_g01.csv,htr-nr/error,"{""buffer_len"": 5249, ""merged"": [7], ""collection_size"": 2, ""current_idx"": 8, ""best_idx"": 5, ""acc_current_on_warning"": 0.49441959891429443, ""acc_best_on_warning"": 0.49441959891429443, ""acc_new_on_warning"": 0.4197029982022408, ""winner_initial"": ""reused_copy"", ""acc_on_buffer"": {""5"": 0.49441959891429443}, ""similarity_metric"": ""residual_pearson"", ""merge_pairs"": [[5, 7]], ""slot_eras"": {""0"": 0, ""1"": 1, ""2"
