warning_t,confirmation_t,confirm_age,label,gap_prev_gt,gap_next_gt,gap_prev_det,norm_before,norm_after,norm_delta,direction,raw_before,raw_after,raw_rel_change,discord,swap_gap,swap_within,dataset,config,stage3,group,fake_rise,sub,buffer_len,acc_best,acc_new,acc_current,install_ratio,pre_trend_norm,long_trend,long_trend_norm,pre_trend,pre_dir,pre_dir_norm
5511,9415,3904,orphan,,2609.0,,0.4894,0.4875,-0.0019,flat,1.8887,1.7909,-0.0518,masked_fall,,0,sudden/low/recurring_sudden_friedman_100k_g00.csv,htr/error,"{""buffer_len"": 3905, ""merged"": [], ""collection_size"": 2, ""current_idx"": 1, ""best_idx"": 0, ""acc_current_on_warning"": 0.5136336077578978, ""acc_best_on_warning"": 0.5136336077578978, ""acc_new_on_warning"": 0.48083656215070913, ""winner_initial"": ""reused_copy"", ""acc_on_buffer"": {""0"": 0.5136336077578978}, ""similarity_metric"": ""residual_pearson"", ""merge_pairs"": [], ""slot_eras"": {""0"": 0, ""1"": 1}, ""score_sem",joe-sudden,False,stale_warning,3905,0.5136336077578978,0.4808365621507091,0.5136336077578978,1.116460453728839,-0.0039496324033885255,-0.06314624168159355,0.0105916076797119,-0.03741240183439587,flat,flat
46023,46119,96,hit,665.0,28923.0,40512.0,0.5515,0.5371,-0.0144,flat,2.1185,2.0458,-0.0343,,36526.0,0,sudden/low/recurring_sudden_friedman_100k_g00.csv,htr/error,"{""buffer_len"": 97, ""merged"": [1], ""collection_size"": 2, ""current_idx"": 2, ""best_idx"": 0, ""acc_current_on_warning"": 0.45699770443607934, ""acc_best_on_warning"": 0.45699770443607934, ""acc_new_on_warning"": 0.3350100489563418, ""winner_initial"": ""reused_copy"", ""acc_on_buffer"": {""0"": 0.45699770443607934}, ""similarity_metric"": ""residual_pearson"", ""merge_pairs"": [[0, 1]], ""slot_eras"": {""0"": 0, ""1"": 1, ""2"":",joe-sudden,False,,97,0.4569977044360793,0.3350100489563418,0.4569977044360793,1.0573253475014257,0.037191675952904624,0.10841942767494528,0.02072749712728328,0.1836295504828005,rise,rise
50471,54535,4064,orphan,5113.0,24475.0,4448.0,0.5091,0.5197,0.0107,flat,1.7829,1.9273,0.081,,40974.0,0,sudden/low/recurring_sudden_friedman_100k_g00.csv,htr/error,"{""buffer_len"": 4065, ""merged"": [2], ""collection_size"": 2, ""current_idx"": 3, ""best_idx"": 0, ""acc_current_on_warning"": 0.44468119159240893, ""acc_best_on_warning"": 0.44468119159240893, ""acc_new_on_warning"": 0.4746325482607122, ""winner_initial"": ""reused_copy"", ""acc_on_buffer"": {""0"": 0.44468119159240893}, ""similarity_metric"": ""residual_pearson"", ""merge_pairs"": [[0, 2]], ""slot_eras"": {""0"": 0, ""1"": 1, ""2",joe-sudden,False,,4065,0.4446811915924089,0.4746325482607122,0.4446811915924089,1.1193898425432858,-0.012086014074020879,-0.03133829790064746,-0.0127938497136042,-0.060948035540385415,fall,flat
63111,63719,608,orphan,17753.0,11835.0,12640.0,0.4941,0.5344,0.0403,rise,1.6837,2.0668,0.2276,,8575.0,0,sudden/low/recurring_sudden_friedman_100k_g00.csv,htr/error,"{""buffer_len"": 609, ""merged"": [3], ""collection_size"": 2, ""current_idx"": 4, ""best_idx"": 0, ""acc_current_on_warning"": 0.44137317228812867, ""acc_best_on_warning"": 0.44137317228812867, ""acc_new_on_warning"": 0.4146933729503337, ""winner_initial"": ""reused_copy"", ""acc_on_buffer"": {""0"": 0.44137317228812867}, ""similarity_metric"": ""residual_pearson"", ""merge_pairs"": [[0, 3]], ""slot_eras"": {""0"": 0, ""1"": 1, ""2""",joe-sudden,False,,609,0.4413731722881286,0.4146933729503337,0.4413731722881286,1.3139384785421457,-0.006721228750349306,-0.05376748395376463,-0.00998175866954476,-0.04261222414890109,flat,flat
71399,72615,1216,orphan,26041.0,3547.0,8288.0,0.4966,0.522,0.0254,rise,1.7204,1.9651,0.1422,,7641.0,0,sudden/low/recurring_sudden_friedman_100k_g00.csv,htr/error,"{""buffer_len"": 1217, ""merged"": [4], ""collection_size"": 2, ""current_idx"": 5, ""best_idx"": 0, ""acc_current_on_warning"": 0.44666899949868144, ""acc_best_on_warning"": 0.44666899949868144, ""acc_new_on_warning"": 0.4473918854934248, ""winner_initial"": ""reused_copy"", ""acc_on_buffer"": {""0"": 0.44666899949868144}, ""similarity_metric"": ""residual_pearson"", ""merge_pairs"": [[0, 4]], ""slot_eras"": {""0"": 0, ""1"": 1, ""2",joe-sudden,False,,1217,0.4466689994986814,0.4473918854934248,0.4466689994986814,1.1255842763932304,-0.0016722554298276293,-0.022166771445019662,-0.0048288594465552,-0.0024261355870520696,flat,flat
76455,76455,0,orphan,1509.0,,5056.0,0.4899,0.5141,0.0242,rise,1.6784,1.8862,0.1238,,3814.0,0,sudden/low/recurring_sudden_friedman_100k_g00.csv,htr/error,"{""buffer_len"": 1, ""merged"": [], ""collection_size"": 3, ""current_idx"": 6, ""best_idx"": 0, ""acc_current_on_warning"": 0.5558872832711108, ""acc_best_on_warning"": 0.5904266682849211, ""acc_new_on_warning"": 0.0, ""winner_initial"": ""reused_copy"", ""acc_on_buffer"": {""0"": 0.5904266682849211, ""5"": 0.5558872832711108}, ""similarity_metric"": ""residual_pearson"", ""merge_pairs"": [], ""slot_eras"": {""0"": 0, ""1"": 1, ""2"": ",joe-sudden,False,late,1,0.5904266682849211,0.0,0.5558872832711108,1.260848370430567,-0.012720967313553377,-0.0315103594153191,-0.00783573252313896,-0.0710008233921311,fall,flat
5511,9415,3904,orphan,,2609.0,,0.4894,0.4875,-0.0019,flat,1.8887,1.7909,-0.0518,masked_fall,,0,sudden/low/recurring_sudden_friedman_100k_g00.csv,htr-mwa50/error,"{""buffer_len"": 3905, ""merged"": [], ""collection_size"": 2, ""current_idx"": 1, ""best_idx"": 0, ""acc_current_on_warning"": 0.5136336077578978, ""acc_best_on_warning"": 0.5136336077578978, ""acc_new_on_warning"": 0.48083656215070913, ""winner_initial"": ""reused_copy"", ""acc_on_buffer"": {""0"": 0.5136336077578978}, ""similarity_metric"": ""residual_pearson"", ""merge_pairs"": [], ""slot_eras"": {""0"": 0, ""1"": 1}, ""score_sem",joe-sudden,False,stale_warning,3905,0.5136336077578978,0.4808365621507091,0.5136336077578978,1.116460453728839,-0.0039496324033885255,-0.06314624168159355,0.0105916076797119,-0.03741240183439587,flat,flat
46023,46119,96,hit,665.0,28923.0,40512.0,0.5515,0.5371,-0.0144,flat,2.1185,2.0458,-0.0343,,36526.0,0,sudden/low/recurring_sudden_friedman_100k_g00.csv,htr-mwa50/error,"{""buffer_len"": 97, ""merged"": [1], ""collection_size"": 2, ""current_idx"": 2, ""best_idx"": 0, ""acc_current_on_warning"": 0.45699770443607934, ""acc_best_on_warning"": 0.45699770443607934, ""acc_new_on_warning"": 0.3350100489563418, ""winner_initial"": ""reused_copy"", ""acc_on_buffer"": {""0"": 0.45699770443607934}, ""similarity_metric"": ""residual_pearson"", ""merge_pairs"": [[0, 1]], ""slot_eras"": {""0"": 0, ""1"": 1, ""2"":",joe-sudden,False,,97,0.4569977044360793,0.3350100489563418,0.4569977044360793,1.0573253475014257,0.037191675952904624,0.10841942767494528,0.02072749712728328,0.1836295504828005,rise,rise
50471,54535,4064,orphan,5113.0,24475.0,4448.0,0.5091,0.5197,0.0107,flat,1.7829,1.9273,0.081,,40974.0,0,sudden/low/recurring_sudden_friedman_100k_g00.csv,htr-mwa50/error,"{""buffer_len"": 4065, ""merged"": [2], ""collection_size"": 2, ""current_idx"": 3, ""best_idx"": 0, ""acc_current_on_warning"": 0.44468119159240893, ""acc_best_on_warning"": 0.44468119159240893, ""acc_new_on_warning"": 0.4746325482607122, ""winner_initial"": ""reused_copy"", ""acc_on_buffer"": {""0"": 0.44468119159240893}, ""similarity_metric"": ""residual_pearson"", ""merge_pairs"": [[0, 2]], ""slot_eras"": {""0"": 0, ""1"": 1, ""2",joe-sudden,False,,4065,0.4446811915924089,0.4746325482607122,0.4446811915924089,1.1193898425432858,-0.012086014074020879,-0.03133829790064746,-0.0127938497136042,-0.060948035540385415,fall,flat
63111,63719,608,orphan,17753.0,11835.0,12640.0,0.4941,0.5344,0.0403,rise,1.6837,2.0668,0.2276,,8575.0,0,sudden/low/recurring_sudden_friedman_100k_g00.csv,htr-mwa50/error,"{""buffer_len"": 609, ""merged"": [3], ""collection_size"": 2, ""current_idx"": 4, ""best_idx"": 0, ""acc_current_on_warning"": 0.44137317228812867, ""acc_best_on_warning"": 0.44137317228812867, ""acc_new_on_warning"": 0.4146933729503337, ""winner_initial"": ""reused_copy"", ""acc_on_buffer"": {""0"": 0.44137317228812867}, ""similarity_metric"": ""residual_pearson"", ""merge_pairs"": [[0, 3]], ""slot_eras"": {""0"": 0, ""1"": 1, ""2""",joe-sudden,False,,609,0.4413731722881286,0.4146933729503337,0.4413731722881286,1.3139384785421457,-0.006721228750349306,-0.05376748395376463,-0.00998175866954476,-0.04261222414890109,flat,flat
71399,72615,1216,orphan,26041.0,3547.0,8288.0,0.4966,0.522,0.0254,rise,1.7204,1.9651,0.1422,,7641.0,0,sudden/low/recurring_sudden_friedman_100k_g00.csv,htr-mwa50/error,"{""buffer_len"": 1217, ""merged"": [4], ""collection_size"": 2, ""current_idx"": 5, ""best_idx"": 0, ""acc_current_on_warning"": 0.44666899949868144, ""acc_best_on_warning"": 0.44666899949868144, ""acc_new_on_warning"": 0.4473918854934248, ""winner_initial"": ""reused_copy"", ""acc_on_buffer"": {""0"": 0.44666899949868144}, ""similarity_metric"": ""residual_pearson"", ""merge_pairs"": [[0, 4]], ""slot_eras"": {""0"": 0, ""1"": 1, ""2",joe-sudden,False,,1217,0.4466689994986814,0.4473918854934248,0.4466689994986814,1.1255842763932304,-0.0016722554298276293,-0.022166771445019662,-0.0048288594465552,-0.0024261355870520696,flat,flat
76455,76504,49,orphan,1509.0,,5056.0,0.4899,0.5108,0.0208,rise,1.6784,1.8523,0.1036,,3814.0,0,sudden/low/recurring_sudden_friedman_100k_g00.csv,htr-mwa50/error,"{""buffer_len"": 50, ""merged"": [5], ""collection_size"": 2, ""current_idx"": 6, ""best_idx"": 0, ""acc_current_on_warning"": 0.42160295859099195, ""acc_best_on_warning"": 0.42160295859099195, ""acc_new_on_warning"": 0.3510858759768284, ""winner_initial"": ""reused_copy"", ""acc_on_buffer"": {""0"": 0.42160295859099195}, ""similarity_metric"": ""residual_pearson"", ""merge_pairs"": [[0, 5]], ""slot_eras"": {""0"": 0, ""1"": 1, ""2"":",joe-sudden,False,late,50,0.4216029585909919,0.3510858759768284,0.4216029585909919,1.1489046158085792,-0.008911881602715332,-0.040514357668026135,-0.009739748504157153,-0.05316532659937878,fall,flat
92839,92888,49,orphan,17893.0,,16384.0,0.4812,0.5109,0.0297,rise,1.5867,1.8369,0.1577,,20198.0,0,sudden/low/recurring_sudden_friedman_100k_g00.csv,htr-mwa50/error,"{""buffer_len"": 50, ""merged"": [6], ""collection_size"": 2, ""current_idx"": 7, ""best_idx"": 0, ""acc_current_on_warning"": 0.48348875226511145, ""acc_best_on_warning"": 0.48348875226511145, ""acc_new_on_warning"": 0.3269903979441223, ""winner_initial"": ""reused_copy"", ""acc_on_buffer"": {""0"": 0.48348875226511145}, ""similarity_metric"": ""residual_pearson"", ""merge_pairs"": [[0, 6]], ""slot_eras"": {""0"": 0, ""1"": 1, ""2"":",joe-sudden,False,,50,0.4834887522651114,0.3269903979441223,0.4834887522651114,1.320342601187034,-0.004119790517871813,-0.013880216407772705,-0.0017051132428131388,-0.021185607195320255,flat,flat
5511,9415,3904,orphan,,2609.0,,0.4894,0.4797,-0.0097,flat,1.8887,1.7755,-0.0599,masked_fall,,0,sudden/low/recurring_sudden_friedman_100k_g00.csv,htr-nr/error,"{""buffer_len"": 3905, ""merged"": [], ""collection_size"": 2, ""current_idx"": 1, ""best_idx"": 0, ""acc_current_on_warning"": 0.5136336077578978, ""acc_best_on_warning"": 0.5136336077578978, ""acc_new_on_warning"": 0.48083656215070913, ""winner_initial"": ""reused_copy"", ""acc_on_buffer"": {""0"": 0.5136336077578978}, ""similarity_metric"": ""residual_pearson"", ""merge_pairs"": [], ""slot_eras"": {""0"": 0, ""1"": 1}, ""score_sem",joe-sudden,False,stale_warning,3905,0.5136336077578978,0.4808365621507091,0.5136336077578978,1.0948563624221532,-0.0039496324033885255,-0.06314624168159355,0.0105916076797119,-0.03741240183439587,flat,flat
46279,46279,0,hit,921.0,28667.0,40768.0,0.5474,0.5068,-0.0406,fall,2.0269,1.9457,-0.04,fake_fall,36818.0,0,sudden/low/recurring_sudden_friedman_100k_g00.csv,htr-nr/error,"{""buffer_len"": 1, ""merged"": [], ""collection_size"": 3, ""current_idx"": 2, ""best_idx"": 1, ""acc_current_on_warning"": 0.285018689618998, ""acc_best_on_warning"": 0.285018689618998, ""acc_new_on_warning"": 0.06642978281418799, ""winner_initial"": ""reused_copy"", ""acc_on_buffer"": {""0"": 0.23747179873863922, ""1"": 0.285018689618998}, ""similarity_metric"": ""residual_pearson"", ""merge_pairs"": [], ""slot_eras"": {""0"": 0,",joe-sudden,False,,1,0.285018689618998,0.0664297828141879,0.285018689618998,0.9572247785714612,0.03101595053549211,0.11786543754357814,0.022400578817138805,0.14870351861063114,rise,rise
79047,79143,96,orphan,4101.0,,32768.0,0.4759,0.488,0.0122,flat,1.5184,2.018,0.3291,,69586.0,0,sudden/low/recurring_sudden_friedman_100k_g00.csv,htr-nr/error,"{""buffer_len"": 97, ""merged"": [1, 2], ""collection_size"": 2, ""current_idx"": 3, ""best_idx"": 0, ""acc_current_on_warning"": 0.4767982593219272, ""acc_best_on_warning"": 0.4767982593219272, ""acc_new_on_warning"": 0.38229628904522783, ""winner_initial"": ""reused_copy"", ""acc_on_buffer"": {""0"": 0.4767982593219272}, ""similarity_metric"": ""residual_pearson"", ""merge_pairs"": [[0, 1], [0, 2]], ""slot_eras"": {""0"": 0, ""1""",joe-sudden,False,,97,0.4767982593219272,0.3822962890452278,0.4767982593219272,1.3755053607515724,-0.000817101924635022,-0.10556548844869029,-0.019088071159469533,-0.005763615245723441,flat,flat
16583,16583,0,orphan,,2371.0,,0.4822,0.4892,0.007,flat,1.6938,1.7528,0.0348,,,0,sudden/low/recurring_sudden_friedman_100k_g01.csv,htr/error,"{""buffer_len"": 1, ""merged"": [], ""collection_size"": 2, ""current_idx"": 1, ""best_idx"": 0, ""acc_current_on_warning"": 0.46027440835323685, ""acc_best_on_warning"": 0.46027440835323685, ""acc_new_on_warning"": 0.0, ""winner_initial"": ""reused_copy"", ""acc_on_buffer"": {""0"": 0.46027440835323685}, ""similarity_metric"": ""residual_pearson"", ""merge_pairs"": [], ""slot_eras"": {""0"": 0, ""1"": 1}, ""score_semantics"": ""1_minu",joe-sudden,False,,1,0.4602744083532368,0.0,0.4602744083532368,1.0831270590551658,-0.008036467392361801,0.008090753019992292,0.0061777975141960595,-0.048784369335181155,flat,flat
19111,19271,160,hit,157.0,10397.0,2528.0,0.5167,0.5195,0.0029,flat,2.0017,2.031,0.0146,,,0,sudden/low/recurring_sudden_friedman_100k_g01.csv,htr/error,"{""buffer_len"": 161, ""merged"": [1], ""collection_size"": 2, ""current_idx"": 2, ""best_idx"": 0, ""acc_current_on_warning"": 0.39599029822870246, ""acc_best_on_warning"": 0.39599029822870246, ""acc_new_on_warning"": 0.3193120349091173, ""winner_initial"": ""reused_copy"", ""acc_on_buffer"": {""0"": 0.39599029822870246}, ""similarity_metric"": ""residual_pearson"", ""merge_pairs"": [[0, 1]], ""slot_eras"": {""0"": 0, ""1"": 1, ""2""",joe-sudden,False,,161,0.3959902982287024,0.3193120349091173,0.3959902982287024,0.9911306772292526,0.056133041415722174,0.026502660905683095,0.00823495343921865,0.30422512302116433,rise,rise
20935,20935,0,echo,1981.0,8573.0,1824.0,0.4883,0.5098,0.0214,rise,1.748,1.9388,0.1092,,1661.0,0,sudden/low/recurring_sudden_friedman_100k_g01.csv,htr/error,"{""buffer_len"": 1, ""merged"": [], ""collection_size"": 3, ""current_idx"": 3, ""best_idx"": 0, ""acc_current_on_warning"": 0.659205277730631, ""acc_best_on_warning"": 0.6608676721360589, ""acc_new_on_warning"": 0.0, ""winner_initial"": ""reused_copy"", ""acc_on_buffer"": {""0"": 0.6608676721360589, ""2"": 0.659205277730631}, ""similarity_metric"": ""residual_pearson"", ""merge_pairs"": [], ""slot_eras"": {""0"": 0, ""1"": 1, ""2"": 2,",joe-sudden,False,,1,0.6608676721360589,0.0,0.659205277730631,1.1568304388432944,-0.036903443694318916,0.09745475588730113,0.01984226639811687,-0.1635569397173734,fall,fall
30759,30919,160,orphan,1251.0,57905.0,9824.0,0.5171,0.6015,0.0844,rise,2.0248,2.8612,0.4131,,11485.0,0,sudden/low/recurring_sudden_friedman_100k_g01.csv,htr/error,"{""buffer_len"": 161, ""merged"": [2, 3], ""collection_size"": 2, ""current_idx"": 4, ""best_idx"": 0, ""acc_current_on_warning"": 0.2864670011826581, ""acc_best_on_warning"": 0.2864670011826581, ""acc_new_on_warning"": 0.37897552514914445, ""winner_initial"": ""reused_copy"", ""acc_on_buffer"": {""0"": 0.2864670011826581}, ""similarity_metric"": ""residual_pearson"", ""merge_pairs"": [[0, 2], [0, 3]], ""slot_eras"": {""0"": 0, ""1",joe-sudden,False,late,161,0.2864670011826581,0.3789755251491444,0.2864670011826581,1.6627868936659556,-0.002850816717289928,0.0695155908176528,0.014651055564580184,-0.0017864617160628926,flat,flat
31463,31687,224,orphan,1955.0,57201.0,704.0,0.5883,0.5973,0.009,flat,2.7351,2.9092,0.0636,,489.0,1,sudden/low/recurring_sudden_friedman_100k_g01.csv,htr/error,"{""buffer_len"": 225, ""merged"": [4], ""collection_size"": 2, ""current_idx"": 5, ""best_idx"": 0, ""acc_current_on_warning"": 0.28340867397835257, ""acc_best_on_warning"": 0.28340867397835257, ""acc_new_on_warning"": 0.3547320283055433, ""winner_initial"": ""reused_copy"", ""acc_on_buffer"": {""0"": 0.28340867397835257}, ""similarity_metric"": ""residual_pearson"", ""merge_pairs"": [[0, 4]], ""slot_eras"": {""0"": 0, ""1"": 1, ""2""",joe-sudden,False,late,225,0.2834086739783525,0.3547320283055433,0.2834086739783525,1.386069057038709,0.02327842297196625,0.2079183485260656,0.03851743710821043,0.11422637834344251,rise,rise
32199,32263,64,orphan,2691.0,56465.0,736.0,0.5938,0.6121,0.0183,flat,2.8757,3.0419,0.0578,,216.0,1,sudden/low/recurring_sudden_friedman_100k_g01.csv,htr/error,"{""buffer_len"": 65, ""merged"": [5], ""collection_size"": 2, ""current_idx"": 6, ""best_idx"": 0, ""acc_current_on_warning"": 0.2716320434976369, ""acc_best_on_warning"": 0.2716320434976369, ""acc_new_on_warning"": 0.29086509634428226, ""winner_initial"": ""reused_copy"", ""acc_on_buffer"": {""0"": 0.2716320434976369}, ""similarity_metric"": ""residual_pearson"", ""merge_pairs"": [[0, 5]], ""slot_eras"": {""0"": 0, ""1"": 1, ""2"": 2",joe-sudden,False,late,65,0.2716320434976369,0.2908650963442822,0.2716320434976369,1.587732272400258,0.02067939745115921,0.33414344749607006,0.059511644166870326,0.11630102211406257,rise,rise
32775,32775,0,orphan,3267.0,55889.0,576.0,0.6102,0.5262,-0.084,fall,3.0203,2.1998,-0.2717,,291.0,1,sudden/low/recurring_sudden_friedman_100k_g01.csv,htr/error,"{""buffer_len"": 1, ""merged"": [], ""collection_size"": 3, ""current_idx"": 7, ""best_idx"": 6, ""acc_current_on_warning"": 0.6358682130821119, ""acc_best_on_warning"": 0.6358682130821119, ""acc_new_on_warning"": 0.0, ""winner_initial"": ""reused_copy"", ""acc_on_buffer"": {""0"": 0.4644461922329721, ""6"": 0.6358682130821119}, ""similarity_metric"": ""residual_pearson"", ""merge_pairs"": [], ""slot_eras"": {""0"": 0, ""1"": 1, ""2"": ",joe-sudden,False,,1,0.6358682130821119,0.0,0.6358682130821119,0.8507082042036979,0.03086216782511786,0.4295403075192161,0.07477575694131533,0.12544735946713792,rise,rise
36871,36871,0,orphan,7363.0,51793.0,4096.0,0.4949,0.5161,0.0211,rise,1.8709,2.0944,0.1195,,4387.0,0,sudden/low/recurring_sudden_friedman_100k_g01.csv,htr/error,"{""buffer_len"": 1, ""merged"": [], ""collection_size"": 4, ""current_idx"": 8, ""best_idx"": 6, ""acc_current_on_warning"": 0.6589402836564999, ""acc_best_on_warning"": 0.6932977588421816, ""acc_new_on_warning"": 0.0, ""winner_initial"": ""reused_copy"", ""acc_on_buffer"": {""0"": 0.3843227808255989, ""6"": 0.6932977588421816, ""7"": 0.6589402836564999}, ""similarity_metric"": ""residual_pearson"", ""merge_pairs"": [], ""slot_eras",joe-sudden,False,,1,0.6932977588421816,0.0,0.6589402836564999,1.091811425980285,-0.014478047610272549,-0.09951331775600103,-0.027948471113103612,-0.07814248963818815,fall,flat
46599,46599,0,orphan,17091.0,42065.0,9728.0,0.502,0.4967,-0.0052,flat,1.9583,1.9543,-0.0021,,14115.0,0,sudden/low/recurring_sudden_friedman_100k_g01.csv,htr/error,"{""buffer_len"": 1, ""merged"": [], ""collection_size"": 5, ""current_idx"": 9, ""best_idx"": 8, ""acc_current_on_warning"": 0.37695091138775194, ""acc_best_on_warning"": 0.37695091138775194, ""acc_new_on_warning"": 0.0, ""winner_initial"": ""reused_copy"", ""acc_on_buffer"": {""0"": 0.0, ""6"": 0.07150484603740648, ""7"": 0.3048470911339738, ""8"": 0.37695091138775194}, ""similarity_metric"": ""residual_pearson"", ""merge_pairs"": ",joe-sudden,False,,1,0.3769509113877519,0.0,0.3769509113877519,1.0094896689497763,0.003053831201677071,-0.046184032778516015,-0.010083764404519746,0.00864501469430734,flat,flat
77543,89319,11776,orphan,48035.0,11121.0,30944.0,0.4755,0.5063,0.0308,rise,1.6849,2.0173,0.1973,,45059.0,0,sudden/low/recurring_sudden_friedman_100k_g01.csv,htr/error,"{""buffer_len"": 11777, ""merged"": [6, 7, 8, 9], ""collection_size"": 2, ""current_idx"": 10, ""best_idx"": 0, ""acc_current_on_warning"": 0.294989038646295, ""acc_best_on_warning"": 0.294989038646295, ""acc_new_on_warning"": 0.41027255042327226, ""winner_initial"": ""reused_copy"", ""acc_on_buffer"": {""0"": 0.294989038646295}, ""similarity_metric"": ""residual_pearson"", ""merge_pairs"": [[0, 6], [0, 7], [0, 8], [0, 9]], ""s",joe-sudden,False,stale_warning,11777,0.294989038646295,0.4102725504232722,0.294989038646295,0.736852287164623,0.057644221433092335,0.06868102772978801,0.014444939684409908,0.3030322779347838,rise,rise
16583,16632,49,orphan,,2371.0,,0.4822,0.4873,0.0051,flat,1.6938,1.7411,0.0279,,,0,sudden/low/recurring_sudden_friedman_100k_g01.csv,htr-mwa50/error,"{""buffer_len"": 50, ""merged"": [], ""collection_size"": 2, ""current_idx"": 1, ""best_idx"": 0, ""acc_current_on_warning"": 0.5257423715910278, ""acc_best_on_warning"": 0.5257423715910278, ""acc_new_on_warning"": 0.2589368435727276, ""winner_initial"": ""reused_copy"", ""acc_on_buffer"": {""0"": 0.5257423715910278}, ""similarity_metric"": ""residual_pearson"", ""merge_pairs"": [], ""slot_eras"": {""0"": 0, ""1"": 1}, ""score_semant",joe-sudden,False,,50,0.5257423715910278,0.2589368435727276,0.5257423715910278,1.1019203500478796,-0.012715436293097349,0.013842225922775508,0.007085722342779821,-0.07435135255205705,fall,flat
19111,19271,160,hit,157.0,10397.0,2528.0,0.5162,0.5196,0.0034,flat,1.9976,2.0295,0.0159,,2477.0,0,sudden/low/recurring_sudden_friedman_100k_g01.csv,htr-mwa50/error,"{""buffer_len"": 161, ""merged"": [1], ""collection_size"": 2, ""current_idx"": 2, ""best_idx"": 0, ""acc_current_on_warning"": 0.39597719837196943, ""acc_best_on_warning"": 0.39597719837196943, ""acc_new_on_warning"": 0.3193046363084765, ""winner_initial"": ""reused_copy"", ""acc_on_buffer"": {""0"": 0.39597719837196943}, ""similarity_metric"": ""residual_pearson"", ""merge_pairs"": [[0, 1]], ""slot_eras"": {""0"": 0, ""1"": 1, ""2""",joe-sudden,False,,161,0.3959771983719694,0.3193046363084765,0.3959771983719694,0.9975801988857026,0.055063006617916466,0.025189704523302048,0.007867929139563523,0.2987797570011326,rise,rise
20935,20984,49,echo,1981.0,8573.0,1824.0,0.4884,0.5146,0.0262,rise,1.748,1.9835,0.1347,,1661.0,0,sudden/low/recurring_sudden_friedman_100k_g01.csv,htr-mwa50/error,"{""buffer_len"": 50, ""merged"": [2], ""collection_size"": 2, ""current_idx"": 3, ""best_idx"": 0, ""acc_current_on_warning"": 0.46172680871619143, ""acc_best_on_warning"": 0.46172680871619143, ""acc_new_on_warning"": 0.2798760109336772, ""winner_initial"": ""reused_copy"", ""acc_on_buffer"": {""0"": 0.46172680871619143}, ""similarity_metric"": ""residual_pearson"", ""merge_pairs"": [[0, 2]], ""slot_eras"": {""0"": 0, ""1"": 1, ""2"":",joe-sudden,False,,50,0.4617268087161914,0.2798760109336772,0.4617268087161914,1.3587571511782222,-0.04084987926635253,0.09093750598319561,0.018655513981127747,-0.18173769002853812,fall,fall
30727,30919,192,orphan,1219.0,57937.0,9792.0,0.5113,0.6011,0.0898,rise,1.9723,2.8503,0.4452,,11453.0,0,sudden/low/recurring_sudden_friedman_100k_g01.csv,htr-mwa50/error,"{""buffer_len"": 193, ""merged"": [3], ""collection_size"": 2, ""current_idx"": 4, ""best_idx"": 0, ""acc_current_on_warning"": 0.2828457994696649, ""acc_best_on_warning"": 0.2828457994696649, ""acc_new_on_warning"": 0.38038103879353746, ""winner_initial"": ""reused_copy"", ""acc_on_buffer"": {""0"": 0.2828457994696649}, ""similarity_metric"": ""residual_pearson"", ""merge_pairs"": [[0, 3]], ""slot_eras"": {""0"": 0, ""1"": 1, ""2"": ",joe-sudden,False,late,193,0.2828457994696649,0.3803810387935374,0.2828457994696649,1.6679061018165542,-0.0036306838054099844,0.0686332180246878,0.01449640055989082,-0.006439975414918808,flat,flat
31463,31687,224,orphan,1955.0,57201.0,736.0,0.5888,0.5974,0.0086,flat,2.7352,2.9092,0.0636,,478.0,1,sudden/low/recurring_sudden_friedman_100k_g01.csv,htr-mwa50/error,"{""buffer_len"": 225, ""merged"": [4], ""collection_size"": 2, ""current_idx"": 5, ""best_idx"": 0, ""acc_current_on_warning"": 0.2832978615999211, ""acc_best_on_warning"": 0.2832978615999211, ""acc_new_on_warning"": 0.3546331882318997, ""winner_initial"": ""reused_copy"", ""acc_on_buffer"": {""0"": 0.2832978615999211}, ""similarity_metric"": ""residual_pearson"", ""merge_pairs"": [[0, 4]], ""slot_eras"": {""0"": 0, ""1"": 1, ""2"": 2",joe-sudden,False,late,225,0.2832978615999211,0.3546331882318997,0.2832978615999211,1.386069057038709,0.023695686158425544,0.20603109879060666,0.038309487772239526,0.1173336231934532,rise,rise
32199,32263,64,orphan,2691.0,56465.0,736.0,0.5939,0.6119,0.018,flat,2.8757,3.047,0.0596,,216.0,1,sudden/low/recurring_sudden_friedman_100k_g01.csv,htr-mwa50/error,"{""buffer_len"": 65, ""merged"": [5], ""collection_size"": 2, ""current_idx"": 6, ""best_idx"": 0, ""acc_current_on_warning"": 0.27151825359187653, ""acc_best_on_warning"": 0.27151825359187653, ""acc_new_on_warning"": 0.2907554352857402, ""winner_initial"": ""reused_copy"", ""acc_on_buffer"": {""0"": 0.27151825359187653}, ""similarity_metric"": ""residual_pearson"", ""merge_pairs"": [[0, 5]], ""slot_eras"": {""0"": 0, ""1"": 1, ""2"":",joe-sudden,False,late,65,0.2715182535918765,0.2907554352857402,0.2715182535918765,1.593157610744639,0.021103900592064684,0.3322093877888932,0.05930543822100076,0.11929556997099655,rise,rise
32775,32824,49,orphan,3267.0,55889.0,576.0,0.61,0.5956,-0.0144,flat,3.0253,2.8939,-0.0434,,291.0,1,sudden/low/recurring_sudden_friedman_100k_g01.csv,htr-mwa50/error,"{""buffer_len"": 50, ""merged"": [6], ""collection_size"": 2, ""current_idx"": 7, ""best_idx"": 0, ""acc_current_on_warning"": 0.29497338408098517, ""acc_best_on_warning"": 0.29497338408098517, ""acc_new_on_warning"": 0.3518489778042124, ""winner_initial"": ""reused_copy"", ""acc_on_buffer"": {""0"": 0.29497338408098517}, ""similarity_metric"": ""residual_pearson"", ""merge_pairs"": [[0, 6]], ""slot_eras"": {""0"": 0, ""1"": 1, ""2"":",joe-sudden,False,,50,0.2949733840809851,0.3518489778042124,0.2949733840809851,1.3645264554003549,0.011343183738540374,0.4298101671295298,0.0747991099518881,0.04843736866748838,flat,flat
33671,33767,96,orphan,4163.0,54993.0,896.0,0.5457,0.5931,0.0474,rise,2.4323,2.8976,0.1913,,742.0,0,sudden/low/recurring_sudden_friedman_100k_g01.csv,htr-mwa50/error,"{""buffer_len"": 97, ""merged"": [7], ""collection_size"": 2, ""current_idx"": 8, ""best_idx"": 0, ""acc_current_on_warning"": 0.25139708422602003, ""acc_best_on_warning"": 0.25139708422602003, ""acc_new_on_warning"": 0.3552388945453956, ""winner_initial"": ""reused_copy"", ""acc_on_buffer"": {""0"": 0.25139708422602003}, ""similarity_metric"": ""residual_pearson"", ""merge_pairs"": [[0, 7]], ""slot_eras"": {""0"": 0, ""1"": 1, ""2"":",joe-sudden,False,,97,0.25139708422602,0.3552388945453956,0.25139708422602,1.5236760262873394,-0.055920217267670935,0.47605584314772553,0.08219791992802006,-0.18898936839033031,fall,fall
34375,34663,288,orphan,4867.0,54289.0,704.0,0.5639,0.5888,0.0249,rise,2.5942,2.9125,0.1227,,576.0,1,sudden/low/recurring_sudden_friedman_100k_g01.csv,htr-mwa50/error,"{""buffer_len"": 289, ""merged"": [8], ""collection_size"": 2, ""current_idx"": 9, ""best_idx"": 0, ""acc_current_on_warning"": 0.28421508278468843, ""acc_best_on_warning"": 0.28421508278468843, ""acc_new_on_warning"": 0.3945760911305227, ""winner_initial"": ""reused_copy"", ""acc_on_buffer"": {""0"": 0.28421508278468843}, ""similarity_metric"": ""residual_pearson"", ""merge_pairs"": [[0, 8]], ""slot_eras"": {""0"": 0, ""1"": 1, ""2""",joe-sudden,False,,289,0.2842150827846884,0.3945760911305227,0.2842150827846884,1.3706555807814587,-0.03310184964697205,0.3894157535277716,0.06796397593508452,-0.12275042155485716,fall,fall
35495,35687,192,orphan,5987.0,53169.0,1120.0,0.5446,0.602,0.0574,rise,2.4225,3.0959,0.278,,468.0,1,sudden/low/recurring_sudden_friedman_100k_g01.csv,htr-mwa50/error,"{""buffer_len"": 193, ""merged"": [9], ""collection_size"": 2, ""current_idx"": 10, ""best_idx"": 0, ""acc_current_on_warning"": 0.30587736474951277, ""acc_best_on_warning"": 0.30587736474951277, ""acc_new_on_warning"": 0.34250518188536394, ""winner_initial"": ""reused_copy"", ""acc_on_buffer"": {""0"": 0.30587736474951277}, ""similarity_metric"": ""residual_pearson"", ""merge_pairs"": [[0, 9]], ""slot_eras"": {""0"": 0, ""1"": 1, """,joe-sudden,False,,193,0.3058773647495127,0.3425051818853639,0.3058773647495127,1.6858369877517991,-0.052252413793301256,0.18928088922339792,0.03183390563303656,-0.19746475760235205,fall,fall
36455,36504,49,orphan,6947.0,52209.0,960.0,0.5504,0.5761,0.0258,rise,2.5422,2.8082,0.1046,,157.0,1,sudden/low/recurring_sudden_friedman_100k_g01.csv,htr-mwa50/error,"{""buffer_len"": 50, ""merged"": [10], ""collection_size"": 2, ""current_idx"": 11, ""best_idx"": 0, ""acc_current_on_warning"": 0.265273119750689, ""acc_best_on_warning"": 0.265273119750689, ""acc_new_on_warning"": 0.29397468739127053, ""winner_initial"": ""reused_copy"", ""acc_on_buffer"": {""0"": 0.265273119750689}, ""similarity_metric"": ""residual_pearson"", ""merge_pairs"": [[0, 10]], ""slot_eras"": {""0"": 0, ""1"": 1, ""2"": 2",joe-sudden,False,,50,0.265273119750689,0.2939746873912705,0.265273119750689,1.5784850990434023,-0.03168273073075323,0.1458074227152233,0.021440649684510205,-0.10903057127927052,fall,fall
37383,37511,128,orphan,7875.0,51281.0,928.0,0.5149,0.5893,0.0745,rise,2.1611,2.9825,0.3801,,864.0,0,sudden/low/recurring_sudden_friedman_100k_g01.csv,htr-mwa50/error,"{""buffer_len"": 129, ""merged"": [11], ""collection_size"": 2, ""current_idx"": 12, ""best_idx"": 0, ""acc_current_on_warning"": 0.3033913264658008, ""acc_best_on_warning"": 0.3033913264658008, ""acc_new_on_warning"": 0.345633841580993, ""winner_initial"": ""reused_copy"", ""acc_on_buffer"": {""0"": 0.3033913264658008}, ""similarity_metric"": ""residual_pearson"", ""merge_pairs"": [[0, 11]], ""slot_eras"": {""0"": 0, ""1"": 1, ""2"":",joe-sudden,False,,129,0.3033913264658008,0.345633841580993,0.3033913264658008,1.5615170602640667,-0.05129595083682292,0.06615698969241945,0.0035786319688189128,-0.2008227302648402,fall,fall
38023,38072,49,orphan,8515.0,50641.0,640.0,0.5856,0.5753,-0.0103,flat,2.9446,2.8325,-0.0381,,211.0,1,sudden/low/recurring_sudden_friedman_100k_g01.csv,htr-mwa50/error,"{""buffer_len"": 50, ""merged"": [12], ""collection_size"": 2, ""current_idx"": 13, ""best_idx"": 0, ""acc_current_on_warning"": 0.32326048128710905, ""acc_best_on_warning"": 0.32326048128710905, ""acc_new_on_warning"": 0.3123530745439608, ""winner_initial"": ""reused_copy"", ""acc_on_buffer"": {""0"": 0.32326048128710905}, ""similarity_metric"": ""residual_pearson"", ""merge_pairs"": [[0, 12]], ""slot_eras"": {""0"": 0, ""1"": 1, """,joe-sudden,False,,50,0.323260481287109,0.3123530745439608,0.323260481287109,1.514321951875592,0.028750881920269977,0.031229210172798005,-0.004712152593999819,0.129439476966152,rise,rise
38919,38968,49,orphan,9411.0,49745.0,896.0,0.5137,0.5816,0.0678,rise,2.1688,2.8989,0.3366,,802.0,0,sudden/low/recurring_sudden_friedman_100k_g01.csv,htr-mwa50/error,"{""buffer_len"": 50, ""merged"": [13], ""collection_size"": 2, ""current_idx"": 14, ""best_idx"": 0, ""acc_current_on_warning"": 0.30409504446206304, ""acc_best_on_warning"": 0.30409504446206304, ""acc_new_on_warning"": 0.2810852372251931, ""winner_initial"": ""reused_copy"", ""acc_on_buffer"": {""0"": 0.30409504446206304}, ""similarity_metric"": ""residual_pearson"", ""merge_pairs"": [[0, 13]], ""slot_eras"": {""0"": 0, ""1"": 1, """,joe-sudden,False,,50,0.304095044462063,0.2810852372251931,0.304095044462063,1.6035289033135742,-0.04543064596300883,-0.016974035787210684,-0.01628247553592843,-0.1783727430679708,fall,fall
39815,39911,96,orphan,10307.0,48849.0,896.0,0.5278,0.5901,0.0623,rise,2.33,3.0281,0.2996,,823.0,0,sudden/low/recurring_sudden_friedman_100k_g01.csv,htr-mwa50/error,"{""buffer_len"": 97, ""merged"": [14], ""collection_size"": 2, ""current_idx"": 15, ""best_idx"": 0, ""acc_current_on_warning"": 0.2703987237851956, ""acc_best_on_warning"": 0.2703987237851956, ""acc_new_on_warning"": 0.33711085443710975, ""winner_initial"": ""reused_copy"", ""acc_on_buffer"": {""0"": 0.2703987237851956}, ""similarity_metric"": ""residual_pearson"", ""merge_pairs"": [[0, 14]], ""slot_eras"": {""0"": 0, ""1"": 1, ""2""",joe-sudden,False,,97,0.2703987237851956,0.3371108544371097,0.2703987237851956,1.6523680643274563,-0.03822482801433791,-0.059119493227888786,-0.025966290035863482,-0.15047514780963755,fall,fall
40391,40487,96,orphan,10883.0,48273.0,576.0,0.5887,0.5759,-0.0127,flat,3.0151,2.8912,-0.0411,,203.0,1,sudden/low/recurring_sudden_friedman_100k_g01.csv,htr-mwa50/error,"{""buffer_len"": 97, ""merged"": [15], ""collection_size"": 2, ""current_idx"": 16, ""best_idx"": 0, ""acc_current_on_warning"": 0.29846406406765313, ""acc_best_on_warning"": 0.29846406406765313, ""acc_new_on_warning"": 0.3528127425450589, ""winner_initial"": ""reused_copy"", ""acc_on_buffer"": {""0"": 0.29846406406765313}, ""similarity_metric"": ""residual_pearson"", ""merge_pairs"": [[0, 15]], ""slot_eras"": {""0"": 0, ""1"": 1, """,joe-sudden,False,,97,0.2984640640676531,0.3528127425450589,0.2984640640676531,1.476788806800452,0.016488665282788362,0.016832238913166764,-0.00558597643841352,0.07093042793926285,rise,flat
40999,41048,49,orphan,11491.0,47665.0,608.0,0.5724,0.5796,0.0072,flat,2.854,2.9435,0.0313,,331.0,1,sudden/low/recurring_sudden_friedman_100k_g01.csv,htr-mwa50/error,"{""buffer_len"": 50, ""merged"": [16], ""collection_size"": 2, ""current_idx"": 17, ""best_idx"": 0, ""acc_current_on_warning"": 0.3173615874857165, ""acc_best_on_warning"": 0.3173615874857165, ""acc_new_on_warning"": 0.3033922874931315, ""winner_initial"": ""reused_copy"", ""acc_on_buffer"": {""0"": 0.3173615874857165}, ""similarity_metric"": ""residual_pearson"", ""merge_pairs"": [[0, 16]], ""slot_eras"": {""0"": 0, ""1"": 1, ""2"":",joe-sudden,False,,50,0.3173615874857165,0.3033922874931315,0.3173615874857165,1.4529561893185357,-0.001465730746471161,0.01615951219535594,-0.005188327704839568,0.0029955948210591554,flat,flat
41543,41592,49,orphan,12035.0,47121.0,544.0,0.5798,0.5892,0.0095,flat,2.9453,3.0323,0.0296,,384.0,1,sudden/low/recurring_sudden_friedman_100k_g01.csv,htr-mwa50/error,"{""buffer_len"": 50, ""merged"": [17], ""collection_size"": 2, ""current_idx"": 18, ""best_idx"": 0, ""acc_current_on_warning"": 0.3639844100051731, ""acc_best_on_warning"": 0.3639844100051731, ""acc_new_on_warning"": 0.3097838548419348, ""winner_initial"": ""reused_copy"", ""acc_on_buffer"": {""0"": 0.3639844100051731}, ""similarity_metric"": ""residual_pearson"", ""merge_pairs"": [[0, 17]], ""slot_eras"": {""0"": 0, ""1"": 1, ""2"":",joe-sudden,False,,50,0.3639844100051731,0.3097838548419348,0.3639844100051731,1.4258519116367603,0.0012417033228139251,0.027517930699787252,-0.0021120905109319743,0.011993109098250576,flat,flat
42183,42471,288,orphan,12675.0,46481.0,640.0,0.5656,0.5784,0.0128,flat,2.7759,2.9961,0.0793,,539.0,1,sudden/low/recurring_sudden_friedman_100k_g01.csv,htr-mwa50/error,"{""buffer_len"": 289, ""merged"": [18], ""collection_size"": 2, ""current_idx"": 19, ""best_idx"": 0, ""acc_current_on_warning"": 0.32021760490373286, ""acc_best_on_warning"": 0.32021760490373286, ""acc_new_on_warning"": 0.39850729438216237, ""winner_initial"": ""reused_copy"", ""acc_on_buffer"": {""0"": 0.32021760490373286}, ""similarity_metric"": ""residual_pearson"", ""merge_pairs"": [[0, 18]], ""slot_eras"": {""0"": 0, ""1"": 1,",joe-sudden,False,,289,0.3202176049037328,0.3985072943821623,0.3202176049037328,1.5431188416290893,-0.05606260043166478,0.04327491324085142,0.002608321030414862,-0.20517458000398803,fall,fall
43079,43239,160,orphan,13571.0,45585.0,896.0,0.5497,0.5742,0.0245,rise,2.6533,2.9217,0.1012,,405.0,1,sudden/low/recurring_sudden_friedman_100k_g01.csv,htr-mwa50/error,"{""buffer_len"": 161, ""merged"": [19], ""collection_size"": 2, ""current_idx"": 20, ""best_idx"": 0, ""acc_current_on_warning"": 0.322518858233642, ""acc_best_on_warning"": 0.322518858233642, ""acc_new_on_warning"": 0.3763834695664878, ""winner_initial"": ""reused_copy"", ""acc_on_buffer"": {""0"": 0.322518858233642}, ""similarity_metric"": ""residual_pearson"", ""merge_pairs"": [[0, 19]], ""slot_eras"": {""0"": 0, ""1"": 1, ""2"": 2",joe-sudden,False,,161,0.322518858233642,0.3763834695664878,0.322518858233642,1.5533606704060763,-0.029748131821377033,0.042383995312412326,0.0020478560848563587,-0.1162222736052132,fall,fall
43655,43751,96,orphan,14147.0,45009.0,576.0,0.5756,0.5692,-0.0064,flat,2.935,2.9037,-0.0106,,374.0,1,sudden/low/recurring_sudden_friedman_100k_g01.csv,htr-mwa50/error,"{""buffer_len"": 97, ""merged"": [20], ""collection_size"": 2, ""current_idx"": 21, ""best_idx"": 0, ""acc_current_on_warning"": 0.32613785799109096, ""acc_best_on_warning"": 0.32613785799109096, ""acc_new_on_warning"": 0.34966854051776597, ""winner_initial"": ""reused_copy"", ""acc_on_buffer"": {""0"": 0.32613785799109096}, ""similarity_metric"": ""residual_pearson"", ""merge_pairs"": [[0, 20]], ""slot_eras"": {""0"": 0, ""1"": 1, ",joe-sudden,False,,97,0.3261378579910909,0.3496685405177659,0.3261378579910909,1.477497241890566,0.022163035118224372,0.032429696378952544,-0.00023657870351234678,0.09731050582531187,rise,rise
44199,44248,49,orphan,14691.0,44465.0,544.0,0.5719,0.5598,-0.0121,flat,2.9302,2.8046,-0.0429,,346.0,1,sudden/low/recurring_sudden_friedman_100k_g01.csv,htr-mwa50/error,"{""buffer_len"": 50, ""merged"": [21], ""collection_size"": 2, ""current_idx"": 22, ""best_idx"": 0, ""acc_current_on_warning"": 0.31323919636464626, ""acc_best_on_warning"": 0.31323919636464626, ""acc_new_on_warning"": 0.27388783606429357, ""winner_initial"": ""reused_copy"", ""acc_on_buffer"": {""0"": 0.31323919636464626}, ""similarity_metric"": ""residual_pearson"", ""merge_pairs"": [[0, 21]], ""slot_eras"": {""0"": 0, ""1"": 1, ",joe-sudden,False,,50,0.3132391963646462,0.2738878360642935,0.3132391963646462,1.4179296420182423,0.01335757319474895,0.030986965597449734,-0.0006941985703656783,0.06596399825068322,rise,flat
45159,45255,96,orphan,15651.0,43505.0,960.0,0.5179,0.5711,0.0532,rise,2.3207,2.9449,0.2689,,750.0,0,sudden/low/recurring_sudden_friedman_100k_g01.csv,htr-mwa50/error,"{""buffer_len"": 97, ""merged"": [22], ""collection_size"": 2, ""current_idx"": 23, ""best_idx"": 0, ""acc_current_on_warning"": 0.33032982302916014, ""acc_best_on_warning"": 0.33032982302916014, ""acc_new_on_warning"": 0.34718933858360834, ""winner_initial"": ""reused_copy"", ""acc_on_buffer"": {""0"": 0.33032982302916014}, ""similarity_metric"": ""residual_pearson"", ""merge_pairs"": [[0, 22]], ""slot_eras"": {""0"": 0, ""1"": 1, ",joe-sudden,False,,97,0.3303298230291601,0.3471893385836083,0.3303298230291601,1.7735290104481192,-0.05644748376619402,-0.0002920849658686331,-0.009205980095623012,-0.21815075944847007,fall,fall
45767,45816,49,orphan,16259.0,42897.0,608.0,0.5694,0.5828,0.0134,flat,2.9268,3.0782,0.0517,,382.0,1,sudden/low/recurring_sudden_friedman_100k_g01.csv,htr-mwa50/error,"{""buffer_len"": 50, ""merged"": [23], ""collection_size"": 2, ""current_idx"": 24, ""best_idx"": 0, ""acc_current_on_warning"": 0.3117639009831725, ""acc_best_on_warning"": 0.3117639009831725, ""acc_new_on_warning"": 0.3599388317363901, ""winner_initial"": ""reused_copy"", ""acc_on_buffer"": {""0"": 0.3117639009831725}, ""similarity_metric"": ""residual_pearson"", ""merge_pairs"": [[0, 23]], ""slot_eras"": {""0"": 0, ""1"": 1, ""2"":",joe-sudden,False,,50,0.3117639009831725,0.3599388317363901,0.3117639009831725,1.7270700466955766,0.015024269289545367,-0.008631189645544768,-0.010724439803961205,0.06427351180076335,rise,flat
46343,46392,49,orphan,16835.0,42321.0,576.0,0.5726,0.5587,-0.0139,flat,2.9477,2.7868,-0.0546,masked_fall,336.0,1,sudden/low/recurring_sudden_friedman_100k_g01.csv,htr-mwa50/error,"{""buffer_len"": 50, ""merged"": [24], ""collection_size"": 2, ""current_idx"": 25, ""best_idx"": 0, ""acc_current_on_warning"": 0.3595827042871498, ""acc_best_on_warning"": 0.3595827042871498, ""acc_new_on_warning"": 0.35834691477826264, ""winner_initial"": ""reused_copy"", ""acc_on_buffer"": {""0"": 0.3595827042871498}, ""similarity_metric"": ""residual_pearson"", ""merge_pairs"": [[0, 24]], ""slot_eras"": {""0"": 0, ""1"": 1, ""2""",joe-sudden,False,,50,0.3595827042871498,0.3583469147782626,0.3595827042871498,1.2566385916113836,0.014715294843262727,-0.00014636873264695094,-0.008571009165006638,0.049576289932311335,flat,flat
46823,46872,49,orphan,17315.0,41841.0,480.0,0.5531,0.5736,0.0205,rise,2.7204,2.9865,0.0978,,339.0,1,sudden/low/recurring_sudden_friedman_100k_g01.csv,htr-mwa50/error,"{""buffer_len"": 50, ""merged"": [25], ""collection_size"": 2, ""current_idx"": 26, ""best_idx"": 0, ""acc_current_on_warning"": 0.27654859463848647, ""acc_best_on_warning"": 0.27654859463848647, ""acc_new_on_warning"": 0.37399171387481356, ""winner_initial"": ""reused_copy"", ""acc_on_buffer"": {""0"": 0.27654859463848647}, ""similarity_metric"": ""residual_pearson"", ""merge_pairs"": [[0, 25]], ""slot_eras"": {""0"": 0, ""1"": 1, ",joe-sudden,False,,50,0.2765485946384864,0.3739917138748135,0.2765485946384864,1.4814724407581494,0.0013446855191611151,-0.012403704100358959,-0.011026977303604468,0.00032841815134943,flat,flat
47719,47768,49,orphan,18211.0,40945.0,896.0,0.5265,0.6025,0.076,rise,2.444,3.3803,0.3831,,842.0,0,sudden/low/recurring_sudden_friedman_100k_g01.csv,htr-mwa50/error,"{""buffer_len"": 50, ""merged"": [26], ""collection_size"": 2, ""current_idx"": 27, ""best_idx"": 0, ""acc_current_on_warning"": 0.36814377651508834, ""acc_best_on_warning"": 0.36814377651508834, ""acc_new_on_warning"": 0.2908223630773282, ""winner_initial"": ""reused_copy"", ""acc_on_buffer"": {""0"": 0.36814377651508834}, ""similarity_metric"": ""residual_pearson"", ""merge_pairs"": [[0, 26]], ""slot_eras"": {""0"": 0, ""1"": 1, """,joe-sudden,False,,50,0.3681437765150883,0.2908223630773282,0.3681437765150883,1.6370649588256037,-0.04647876956199004,-0.02121148789650662,-0.012504698665283143,-0.18013705436954408,fall,fall
48071,48120,49,orphan,18563.0,40593.0,352.0,0.5665,0.5585,-0.008,flat,2.9305,2.8695,-0.0208,,188.0,1,sudden/low/recurring_sudden_friedman_100k_g01.csv,htr-mwa50/error,"{""buffer_len"": 50, ""merged"": [27], ""collection_size"": 2, ""current_idx"": 28, ""best_idx"": 0, ""acc_current_on_warning"": 0.38192068066099094, ""acc_best_on_warning"": 0.38192068066099094, ""acc_new_on_warning"": 0.3407891928344655, ""winner_initial"": ""reused_copy"", ""acc_on_buffer"": {""0"": 0.38192068066099094}, ""similarity_metric"": ""residual_pearson"", ""merge_pairs"": [[0, 27]], ""slot_eras"": {""0"": 0, ""1"": 1, """,joe-sudden,False,,50,0.3819206806609909,0.3407891928344655,0.3819206806609909,1.4080325986621305,0.01532244300007124,0.022191733874667552,-0.001971530720168091,0.08049448563039885,rise,flat
48615,48679,64,orphan,19107.0,40049.0,544.0,0.5587,0.5486,-0.01,flat,2.871,2.7163,-0.0539,masked_fall,414.0,1,sudden/low/recurring_sudden_friedman_100k_g01.csv,htr-mwa50/error,"{""buffer_len"": 65, ""merged"": [28], ""collection_size"": 2, ""current_idx"": 29, ""best_idx"": 0, ""acc_current_on_warning"": 0.28272886284660015, ""acc_best_on_warning"": 0.28272886284660015, ""acc_new_on_warning"": 0.3176329969562357, ""winner_initial"": ""reused_copy"", ""acc_on_buffer"": {""0"": 0.28272886284660015}, ""similarity_metric"": ""residual_pearson"", ""merge_pairs"": [[0, 28]], ""slot_eras"": {""0"": 0, ""1"": 1, """,joe-sudden,False,,65,0.2827288628466001,0.3176329969562357,0.2827288628466001,1.4655105933610113,-0.016121092453524666,0.014878916891087224,-0.0035378419468744537,-0.061024534706060396,fall,flat
49127,49176,49,orphan,19619.0,39537.0,512.0,0.55,0.5635,0.0136,flat,2.7249,2.8984,0.0637,,347.0,1,sudden/low/recurring_sudden_friedman_100k_g01.csv,htr-mwa50/error,"{""buffer_len"": 50, ""merged"": [29], ""collection_size"": 2, ""current_idx"": 30, ""best_idx"": 0, ""acc_current_on_warning"": 0.3208593504359958, ""acc_best_on_warning"": 0.3208593504359958, ""acc_new_on_warning"": 0.33226353983812273, ""winner_initial"": ""reused_copy"", ""acc_on_buffer"": {""0"": 0.3208593504359958}, ""similarity_metric"": ""residual_pearson"", ""merge_pairs"": [[0, 29]], ""slot_eras"": {""0"": 0, ""1"": 1, ""2""",joe-sudden,False,,50,0.3208593504359958,0.3322635398381227,0.3208593504359958,1.4411213149330648,-5.102592689620877e-05,-0.004354247875264505,-0.007643556854257327,-0.004402951816036782,flat,flat
50023,50072,49,orphan,20515.0,38641.0,896.0,0.5167,0.5711,0.0544,rise,2.3612,3.0256,0.2814,,817.0,0,sudden/low/recurring_sudden_friedman_100k_g01.csv,htr-mwa50/error,"{""buffer_len"": 50, ""merged"": [30], ""collection_size"": 2, ""current_idx"": 31, ""best_idx"": 0, ""acc_current_on_warning"": 0.36018940300068614, ""acc_best_on_warning"": 0.36018940300068614, ""acc_new_on_warning"": 0.2529745831603937, ""winner_initial"": ""reused_copy"", ""acc_on_buffer"": {""0"": 0.36018940300068614}, ""similarity_metric"": ""residual_pearson"", ""merge_pairs"": [[0, 30]], ""slot_eras"": {""0"": 0, ""1"": 1, """,joe-sudden,False,,50,0.3601894030006861,0.2529745831603937,0.3601894030006861,1.7540836022437218,-0.044842407697745945,-0.032258312335898265,-0.01445224980467863,-0.18299747665337684,fall,fall
50535,50631,96,orphan,21027.0,38129.0,512.0,0.572,0.5689,-0.0031,flat,3.0346,3.0062,-0.0094,,377.0,1,sudden/low/recurring_sudden_friedman_100k_g01.csv,htr-mwa50/error,"{""buffer_len"": 97, ""merged"": [31], ""collection_size"": 2, ""current_idx"": 32, ""best_idx"": 0, ""acc_current_on_warning"": 0.3035498142009406, ""acc_best_on_warning"": 0.3035498142009406, ""acc_new_on_warning"": 0.37145422335592515, ""winner_initial"": ""reused_copy"", ""acc_on_buffer"": {""0"": 0.3035498142009406}, ""similarity_metric"": ""residual_pearson"", ""merge_pairs"": [[0, 31]], ""slot_eras"": {""0"": 0, ""1"": 1, ""2""",joe-sudden,False,,97,0.3035498142009406,0.3714542233559251,0.3035498142009406,1.5273706831025613,0.010427568610759552,0.014622486209858954,-0.003187811895681958,0.05325769717597417,rise,flat
51143,51207,64,orphan,21635.0,37521.0,608.0,0.5654,0.5626,-0.0027,flat,2.967,2.9386,-0.0096,,401.0,1,sudden/low/recurring_sudden_friedman_100k_g01.csv,htr-mwa50/error,"{""buffer_len"": 65, ""merged"": [32], ""collection_size"": 2, ""current_idx"": 33, ""best_idx"": 0, ""acc_current_on_warning"": 0.3296960620950413, ""acc_best_on_warning"": 0.3296960620950413, ""acc_new_on_warning"": 0.3390259249680625, ""winner_initial"": ""reused_copy"", ""acc_on_buffer"": {""0"": 0.3296960620950413}, ""similarity_metric"": ""residual_pearson"", ""merge_pairs"": [[0, 32]], ""slot_eras"": {""0"": 0, ""1"": 1, ""2"":",joe-sudden,False,,65,0.3296960620950413,0.3390259249680625,0.3296960620950413,1.3523135414034466,-0.002273980096927364,-0.014576085817366247,-0.009031978290085618,-0.010650832170408742,flat,flat
51783,51975,192,orphan,22275.0,36881.0,640.0,0.5387,0.5555,0.0169,flat,2.6611,2.8488,0.0705,,489.0,1,sudden/low/recurring_sudden_friedman_100k_g01.csv,htr-mwa50/error,"{""buffer_len"": 193, ""merged"": [33], ""collection_size"": 2, ""current_idx"": 34, ""best_idx"": 0, ""acc_current_on_warning"": 0.35088743437880354, ""acc_best_on_warning"": 0.35088743437880354, ""acc_new_on_warning"": 0.3933404129687371, ""winner_initial"": ""reused_copy"", ""acc_on_buffer"": {""0"": 0.35088743437880354}, ""similarity_metric"": ""residual_pearson"", ""merge_pairs"": [[0, 33]], ""slot_eras"": {""0"": 0, ""1"": 1, ",joe-sudden,False,,193,0.3508874343788035,0.3933404129687371,0.3508874343788035,1.3437435575818026,-0.03673440184288701,-0.011208043495239184,-0.008783212057500434,-0.14675885140394795,fall,fall
52871,52920,49,orphan,23363.0,35793.0,1088.0,0.4969,0.5534,0.0566,rise,2.1857,2.8908,0.3226,,628.0,0,sudden/low/recurring_sudden_friedman_100k_g01.csv,htr-mwa50/error,"{""buffer_len"": 50, ""merged"": [34], ""collection_size"": 2, ""current_idx"": 35, ""best_idx"": 0, ""acc_current_on_warning"": 0.29249669970733105, ""acc_best_on_warning"": 0.29249669970733105, ""acc_new_on_warning"": 0.2812493637088871, ""winner_initial"": ""reused_copy"", ""acc_on_buffer"": {""0"": 0.29249669970733105}, ""similarity_metric"": ""residual_pearson"", ""merge_pairs"": [[0, 34]], ""slot_eras"": {""0"": 0, ""1"": 1, """,joe-sudden,False,,50,0.292496699707331,0.2812493637088871,0.292496699707331,1.5008365391073724,-0.046928566493969315,-0.009813719695849876,-0.008613361026216904,-0.185886679226564,fall,fall
53479,53767,288,orphan,23971.0,35185.0,608.0,0.543,0.5524,0.0094,flat,2.7497,2.8193,0.0253,,405.0,1,sudden/low/recurring_sudden_friedman_100k_g01.csv,htr-mwa50/error,"{""buffer_len"": 289, ""merged"": [35], ""collection_size"": 2, ""current_idx"": 36, ""best_idx"": 0, ""acc_current_on_warning"": 0.3386713001049141, ""acc_best_on_warning"": 0.3386713001049141, ""acc_new_on_warning"": 0.40718797321423705, ""winner_initial"": ""reused_copy"", ""acc_on_buffer"": {""0"": 0.3386713001049141}, ""similarity_metric"": ""residual_pearson"", ""merge_pairs"": [[0, 35]], ""slot_eras"": {""0"": 0, ""1"": 1, ""2",joe-sudden,False,,289,0.3386713001049141,0.407187973214237,0.3386713001049141,1.301637652487035,-0.028234995812016384,-0.05534410316344618,-0.019242956669399014,-0.12983737461746647,fall,fall
54791,54840,49,orphan,25283.0,33873.0,1312.0,0.4967,0.5448,0.0481,rise,2.188,2.7436,0.2539,,669.0,0,sudden/low/recurring_sudden_friedman_100k_g01.csv,htr-mwa50/error,"{""buffer_len"": 50, ""merged"": [36], ""collection_size"": 2, ""current_idx"": 37, ""best_idx"": 0, ""acc_current_on_warning"": 0.29181818385633773, ""acc_best_on_warning"": 0.29181818385633773, ""acc_new_on_warning"": 0.30574559317819505, ""winner_initial"": ""reused_copy"", ""acc_on_buffer"": {""0"": 0.29181818385633773}, ""similarity_metric"": ""residual_pearson"", ""merge_pairs"": [[0, 36]], ""slot_eras"": {""0"": 0, ""1"": 1, ",joe-sudden,False,,50,0.2918181838563377,0.305745593178195,0.2918181838563377,1.4850081373184392,-0.039896715750681155,-0.08986969650418064,-0.02704145164248717,-0.17946016267840237,fall,fall
55847,56039,192,orphan,26339.0,32817.0,1056.0,0.5002,0.5536,0.0534,rise,2.2436,2.855,0.2725,,995.0,0,sudden/low/recurring_sudden_friedman_100k_g01.csv,htr-mwa50/error,"{""buffer_len"": 193, ""merged"": [37], ""collection_size"": 2, ""current_idx"": 38, ""best_idx"": 0, ""acc_current_on_warning"": 0.35174179251289694, ""acc_best_on_warning"": 0.35174179251289694, ""acc_new_on_warning"": 0.359078648687833, ""winner_initial"": ""reused_copy"", ""acc_on_buffer"": {""0"": 0.35174179251289694}, ""similarity_metric"": ""residual_pearson"", ""merge_pairs"": [[0, 37]], ""slot_eras"": {""0"": 0, ""1"": 1, """,joe-sudden,False,,193,0.3517417925128969,0.359078648687833,0.3517417925128969,1.4815276175306324,-0.02809449167957001,-0.10129905474891476,-0.02692627509860379,-0.12637396098823728,fall,fall
56647,56935,288,orphan,27139.0,32017.0,800.0,0.5304,0.5582,0.0278,rise,2.5852,2.9122,0.1265,,417.0,1,sudden/low/recurring_sudden_friedman_100k_g01.csv,htr-mwa50/error,"{""buffer_len"": 289, ""merged"": [38], ""collection_size"": 2, ""current_idx"": 39, ""best_idx"": 0, ""acc_current_on_warning"": 0.3367856896454863, ""acc_best_on_warning"": 0.3367856896454863, ""acc_new_on_warning"": 0.408593969966522, ""winner_initial"": ""reused_copy"", ""acc_on_buffer"": {""0"": 0.3367856896454863}, ""similarity_metric"": ""residual_pearson"", ""merge_pairs"": [[0, 38]], ""slot_eras"": {""0"": 0, ""1"": 1, ""2"":",joe-sudden,False,,289,0.3367856896454863,0.408593969966522,0.3367856896454863,1.297004866753701,-0.0108189046992071,-0.08613065129116004,-0.022659873989758883,-0.04524702954135518,flat,flat
57927,57976,49,orphan,28419.0,30737.0,1280.0,0.4983,0.5632,0.0649,rise,2.2337,2.9663,0.328,,421.0,1,sudden/low/recurring_sudden_friedman_100k_g01.csv,htr-mwa50/error,"{""buffer_len"": 50, ""merged"": [39], ""collection_size"": 2, ""current_idx"": 40, ""best_idx"": 0, ""acc_current_on_warning"": 0.3323157058930526, ""acc_best_on_warning"": 0.3323157058930526, ""acc_new_on_warning"": 0.35923686379084185, ""winner_initial"": ""reused_copy"", ""acc_on_buffer"": {""0"": 0.3323157058930526}, ""similarity_metric"": ""residual_pearson"", ""merge_pairs"": [[0, 39]], ""slot_eras"": {""0"": 0, ""1"": 1, ""2""",joe-sudden,False,,50,0.3323157058930526,0.3592368637908418,0.3323157058930526,1.8204580910125543,-0.04842807311889796,-0.06913065636659066,-0.018162183551250433,-0.20707114534381865,fall,fall
58407,58471,64,orphan,28899.0,30257.0,480.0,0.5559,0.5572,0.0014,flat,2.8898,2.9541,0.0223,,363.0,1,sudden/low/recurring_sudden_friedman_100k_g01.csv,htr-mwa50/error,"{""buffer_len"": 65, ""merged"": [40], ""collection_size"": 2, ""current_idx"": 41, ""best_idx"": 0, ""acc_current_on_warning"": 0.3493298389032695, ""acc_best_on_warning"": 0.3493298389032695, ""acc_new_on_warning"": 0.36400637940167757, ""winner_initial"": ""reused_copy"", ""acc_on_buffer"": {""0"": 0.3493298389032695}, ""similarity_metric"": ""residual_pearson"", ""merge_pairs"": [[0, 40]], ""slot_eras"": {""0"": 0, ""1"": 1, ""2""",joe-sudden,False,,65,0.3493298389032695,0.3640063794016775,0.3493298389032695,1.28912675706418,0.04290658163269334,-0.03619129638300245,-0.010335172821052785,0.1986249237473443,rise,rise
59367,59431,64,orphan,29859.0,29297.0,960.0,0.5194,0.5428,0.0234,rise,2.4922,2.7614,0.108,,730.0,0,sudden/low/recurring_sudden_friedman_100k_g01.csv,htr-mwa50/error,"{""buffer_len"": 65, ""merged"": [41], ""collection_size"": 2, ""current_idx"": 42, ""best_idx"": 0, ""acc_current_on_warning"": 0.36257690491807526, ""acc_best_on_warning"": 0.36257690491807526, ""acc_new_on_warning"": 0.3988965792267536, ""winner_initial"": ""reused_copy"", ""acc_on_buffer"": {""0"": 0.36257690491807526}, ""similarity_metric"": ""residual_pearson"", ""merge_pairs"": [[0, 41]], ""slot_eras"": {""0"": 0, ""1"": 1, """,joe-sudden,False,,65,0.3625769049180752,0.3988965792267536,0.3625769049180752,1.4171751916604347,-0.024966592533600118,0.008747188159116348,-0.0007270089161297566,-0.10412468029563848,fall,fall
59879,59928,49,orphan,30371.0,28785.0,512.0,0.544,0.5554,0.0114,flat,2.7724,2.925,0.055,,412.0,1,sudden/low/recurring_sudden_friedman_100k_g01.csv,htr-mwa50/error,"{""buffer_len"": 50, ""merged"": [42], ""collection_size"": 2, ""current_idx"": 43, ""best_idx"": 0, ""acc_current_on_warning"": 0.3672561742874608, ""acc_best_on_warning"": 0.3672561742874608, ""acc_new_on_warning"": 0.29464898531508343, ""winner_initial"": ""reused_copy"", ""acc_on_buffer"": {""0"": 0.3672561742874608}, ""similarity_metric"": ""residual_pearson"", ""merge_pairs"": [[0, 42]], ""slot_eras"": {""0"": 0, ""1"": 1, ""2""",joe-sudden,False,,50,0.3672561742874608,0.2946489853150834,0.3672561742874608,1.7689617991213376,0.000555955122915841,0.05080252891296122,0.00846701211160028,-0.0003118499798379082,flat,flat
60359,60423,64,orphan,30851.0,28305.0,480.0,0.5501,0.5496,-0.0005,flat,2.8603,2.8601,-0.0001,,424.0,1,sudden/low/recurring_sudden_friedman_100k_g01.csv,htr-mwa50/error,"{""buffer_len"": 65, ""merged"": [43], ""collection_size"": 2, ""current_idx"": 44, ""best_idx"": 0, ""acc_current_on_warning"": 0.3597549549893808, ""acc_best_on_warning"": 0.3597549549893808, ""acc_new_on_warning"": 0.355605794284911, ""winner_initial"": ""reused_copy"", ""acc_on_buffer"": {""0"": 0.3597549549893808}, ""similarity_metric"": ""residual_pearson"", ""merge_pairs"": [[0, 43]], ""slot_eras"": {""0"": 0, ""1"": 1, ""2"": ",joe-sudden,False,,65,0.3597549549893808,0.355605794284911,0.3597549549893808,1.447640576946889,0.01895052561361832,0.04829499100051304,0.007487626582104001,0.0851580574430657,rise,flat
60935,61319,384,orphan,31427.0,27729.0,576.0,0.5461,0.5456,-0.0005,flat,2.814,2.8214,0.0026,,338.0,1,sudden/low/recurring_sudden_friedman_100k_g01.csv,htr-mwa50/error,"{""buffer_len"": 385, ""merged"": [44], ""collection_size"": 2, ""current_idx"": 45, ""best_idx"": 0, ""acc_current_on_warning"": 0.3265661329253102, ""acc_best_on_warning"": 0.3265661329253102, ""acc_new_on_warning"": 0.4248027727411825, ""winner_initial"": ""reused_copy"", ""acc_on_buffer"": {""0"": 0.3265661329253102}, ""similarity_metric"": ""residual_pearson"", ""merge_pairs"": [[0, 44]], ""slot_eras"": {""0"": 0, ""1"": 1, ""2""",joe-sudden,False,,385,0.3265661329253102,0.4248027727411825,0.3265661329253102,1.4042940415547172,-0.03070674568021292,0.07446021942826664,0.013064452017538808,-0.13189547586567496,fall,fall
61895,61944,49,orphan,32387.0,26769.0,960.0,0.5299,0.5503,0.0204,rise,2.6455,2.8926,0.0934,,234.0,1,sudden/low/recurring_sudden_friedman_100k_g01.csv,htr-mwa50/error,"{""buffer_len"": 50, ""merged"": [45], ""collection_size"": 2, ""current_idx"": 46, ""best_idx"": 0, ""acc_current_on_warning"": 0.2909172874469269, ""acc_best_on_warning"": 0.2909172874469269, ""acc_new_on_warning"": 0.342144995340408, ""winner_initial"": ""reused_copy"", ""acc_on_buffer"": {""0"": 0.2909172874469269}, ""similarity_metric"": ""residual_pearson"", ""merge_pairs"": [[0, 45]], ""slot_eras"": {""0"": 0, ""1"": 1, ""2"": ",joe-sudden,False,,50,0.2909172874469269,0.342144995340408,0.2909172874469269,1.4963373358204812,-0.01972248808645105,0.04409256830029795,0.006579666362160341,-0.07090411297980992,fall,flat
62407,62456,49,orphan,32899.0,26257.0,512.0,0.5551,0.54,-0.0151,flat,2.947,2.7615,-0.0629,masked_fall,350.0,1,sudden/low/recurring_sudden_friedman_100k_g01.csv,htr-mwa50/error,"{""buffer_len"": 50, ""merged"": [46], ""collection_size"": 2, ""current_idx"": 47, ""best_idx"": 0, ""acc_current_on_warning"": 0.3651526483484602, ""acc_best_on_warning"": 0.3651526483484602, ""acc_new_on_warning"": 0.3133810522060778, ""winner_initial"": ""reused_copy"", ""acc_on_buffer"": {""0"": 0.3651526483484602}, ""similarity_metric"": ""residual_pearson"", ""merge_pairs"": [[0, 46]], ""slot_eras"": {""0"": 0, ""1"": 1, ""2"":",joe-sudden,False,,50,0.3651526483484602,0.3133810522060778,0.3651526483484602,1.3847452143621215,0.011775172435757875,0.0816420623741716,0.014266851926761803,0.06004662960506657,rise,flat
63335,63399,64,orphan,33827.0,25329.0,928.0,0.5023,0.5522,0.0499,rise,2.3067,2.9075,0.2605,,857.0,0,sudden/low/recurring_sudden_friedman_100k_g01.csv,htr-mwa50/error,"{""buffer_len"": 65, ""merged"": [47], ""collection_size"": 2, ""current_idx"": 48, ""best_idx"": 0, ""acc_current_on_warning"": 0.3696881745156749, ""acc_best_on_warning"": 0.3696881745156749, ""acc_new_on_warning"": 0.2833595387596882, ""winner_initial"": ""reused_copy"", ""acc_on_buffer"": {""0"": 0.3696881745156749}, ""similarity_metric"": ""residual_pearson"", ""merge_pairs"": [[0, 47]], ""slot_eras"": {""0"": 0, ""1"": 1, ""2"":",joe-sudden,False,,65,0.3696881745156749,0.2833595387596882,0.3696881745156749,1.6060674686070262,-0.04358557740583335,0.036040735030207216,0.004578540182623048,-0.18926389489700945,fall,fall
64007,64295,288,orphan,34499.0,24657.0,672.0,0.5294,0.5569,0.0275,rise,2.6471,2.9499,0.1144,,548.0,1,sudden/low/recurring_sudden_friedman_100k_g01.csv,htr-mwa50/error,"{""buffer_len"": 289, ""merged"": [48], ""collection_size"": 2, ""current_idx"": 49, ""best_idx"": 0, ""acc_current_on_warning"": 0.33408235425895594, ""acc_best_on_warning"": 0.33408235425895594, ""acc_new_on_warning"": 0.4132480231899086, ""winner_initial"": ""reused_copy"", ""acc_on_buffer"": {""0"": 0.33408235425895594}, ""similarity_metric"": ""residual_pearson"", ""merge_pairs"": [[0, 48]], ""slot_eras"": {""0"": 0, ""1"": 1, ",joe-sudden,False,,289,0.3340823542589559,0.4132480231899086,0.3340823542589559,1.4173154772799912,-0.018259098412638952,0.015152404025840394,-0.00026435579192640724,-0.07884612512726041,fall,flat
64839,65063,224,orphan,35331.0,23825.0,832.0,0.5491,0.5465,-0.0026,flat,2.8594,2.8318,-0.0096,,228.0,1,sudden/low/recurring_sudden_friedman_100k_g01.csv,htr-mwa50/error,"{""buffer_len"": 225, ""merged"": [49], ""collection_size"": 2, ""current_idx"": 50, ""best_idx"": 0, ""acc_current_on_warning"": 0.33731153851681084, ""acc_best_on_warning"": 0.33731153851681084, ""acc_new_on_warning"": 0.406368045039336, ""winner_initial"": ""reused_copy"", ""acc_on_buffer"": {""0"": 0.33731153851681084}, ""similarity_metric"": ""residual_pearson"", ""merge_pairs"": [[0, 49]], ""slot_eras"": {""0"": 0, ""1"": 1, """,joe-sudden,False,,225,0.3373115385168108,0.406368045039336,0.3373115385168108,1.5092860536097048,-0.025204301606826296,-0.03117911705414511,-0.010038061557590905,-0.10739238023092634,fall,fall
65575,65671,96,orphan,36067.0,23089.0,736.0,0.543,0.5597,0.0167,flat,2.7919,3.0044,0.0761,,198.0,1,sudden/low/recurring_sudden_friedman_100k_g01.csv,htr-mwa50/error,"{""buffer_len"": 97, ""merged"": [50], ""collection_size"": 2, ""current_idx"": 51, ""best_idx"": 0, ""acc_current_on_warning"": 0.3069688921546919, ""acc_best_on_warning"": 0.3069688921546919, ""acc_new_on_warning"": 0.39210526971047566, ""winner_initial"": ""reused_copy"", ""acc_on_buffer"": {""0"": 0.3069688921546919}, ""similarity_metric"": ""residual_pearson"", ""merge_pairs"": [[0, 50]], ""slot_eras"": {""0"": 0, ""1"": 1, ""2""",joe-sudden,False,,97,0.3069688921546919,0.3921052697104756,0.3069688921546919,1.4983049790451162,-0.01053337993490433,-0.04056804376575218,-0.011507896323227906,-0.04579511962110372,flat,flat
66119,66168,49,orphan,36611.0,22545.0,544.0,0.5625,0.5409,-0.0216,fall,3.0357,2.7906,-0.0807,,352.0,1,sudden/low/recurring_sudden_friedman_100k_g01.csv,htr-mwa50/error,"{""buffer_len"": 50, ""merged"": [51], ""collection_size"": 2, ""current_idx"": 52, ""best_idx"": 0, ""acc_current_on_warning"": 0.344014103528575, ""acc_best_on_warning"": 0.344014103528575, ""acc_new_on_warning"": 0.3716291659761023, ""winner_initial"": ""reused_copy"", ""acc_on_buffer"": {""0"": 0.344014103528575}, ""similarity_metric"": ""residual_pearson"", ""merge_pairs"": [[0, 51]], ""slot_eras"": {""0"": 0, ""1"": 1, ""2"": 2,",joe-sudden,False,,50,0.344014103528575,0.3716291659761023,0.344014103528575,1.3881004599242706,0.025774932756892355,0.0024676800600327287,-0.001213632066889292,0.11955132901301835,rise,rise
66727,67015,288,orphan,37219.0,21937.0,608.0,0.5213,0.5361,0.0148,flat,2.5678,2.7361,0.0655,,487.0,1,sudden/low/recurring_sudden_friedman_100k_g01.csv,htr-mwa50/error,"{""buffer_len"": 289, ""merged"": [52], ""collection_size"": 2, ""current_idx"": 53, ""best_idx"": 0, ""acc_current_on_warning"": 0.3373763285380216, ""acc_best_on_warning"": 0.3373763285380216, ""acc_new_on_warning"": 0.43025310368705205, ""winner_initial"": ""reused_copy"", ""acc_on_buffer"": {""0"": 0.3373763285380216}, ""similarity_metric"": ""residual_pearson"", ""merge_pairs"": [[0, 52]], ""slot_eras"": {""0"": 0, ""1"": 1, ""2",joe-sudden,False,,289,0.3373763285380216,0.430253103687052,0.3373763285380216,1.4669698977436156,-0.05719301147775174,-0.014514968946901852,-0.004880043346247032,-0.22471200245944334,fall,fall
67591,67640,49,orphan,38083.0,21073.0,864.0,0.5212,0.5471,0.0259,rise,2.5618,2.8676,0.1194,,442.0,1,sudden/low/recurring_sudden_friedman_100k_g01.csv,htr-mwa50/error,"{""buffer_len"": 50, ""merged"": [53], ""collection_size"": 2, ""current_idx"": 54, ""best_idx"": 0, ""acc_current_on_warning"": 0.3195075276452054, ""acc_best_on_warning"": 0.3195075276452054, ""acc_new_on_warning"": 0.29076148881242403, ""winner_initial"": ""reused_copy"", ""acc_on_buffer"": {""0"": 0.3195075276452054}, ""similarity_metric"": ""residual_pearson"", ""merge_pairs"": [[0, 53]], ""slot_eras"": {""0"": 0, ""1"": 1, ""2""",joe-sudden,False,,50,0.3195075276452054,0.290761488812424,0.3195075276452054,1.5723704379003363,-0.03280815405591897,-0.023599382177161732,-0.007371601700906227,-0.13402423506969907,fall,fall
68487,68536,49,orphan,38979.0,20177.0,896.0,0.501,0.5432,0.0422,rise,2.3393,2.829,0.2094,,833.0,0,sudden/low/recurring_sudden_friedman_100k_g01.csv,htr-mwa50/error,"{""buffer_len"": 50, ""merged"": [54], ""collection_size"": 2, ""current_idx"": 55, ""best_idx"": 0, ""acc_current_on_warning"": 0.34349974630862945, ""acc_best_on_warning"": 0.34349974630862945, ""acc_new_on_warning"": 0.3082204911126677, ""winner_initial"": ""reused_copy"", ""acc_on_buffer"": {""0"": 0.34349974630862945}, ""similarity_metric"": ""residual_pearson"", ""merge_pairs"": [[0, 54]], ""slot_eras"": {""0"": 0, ""1"": 1, """,joe-sudden,False,,50,0.3434997463086294,0.3082204911126677,0.3434997463086294,1.473949018777981,-0.02170001594684179,-0.017444658358634846,-0.006252700985606374,-0.09369196681505698,fall,fall
69479,69543,64,orphan,39971.0,19185.0,992.0,0.505,0.5578,0.0528,rise,2.3946,3.0212,0.2616,,890.0,0,sudden/low/recurring_sudden_friedman_100k_g01.csv,htr-mwa50/error,"{""buffer_len"": 65, ""merged"": [55], ""collection_size"": 2, ""current_idx"": 56, ""best_idx"": 0, ""acc_current_on_warning"": 0.3151445385617223, ""acc_best_on_warning"": 0.3151445385617223, ""acc_new_on_warning"": 0.3876557247093345, ""winner_initial"": ""reused_copy"", ""acc_on_buffer"": {""0"": 0.3151445385617223}, ""similarity_metric"": ""residual_pearson"", ""merge_pairs"": [[0, 55]], ""slot_eras"": {""0"": 0, ""1"": 1, ""2"":",joe-sudden,False,,65,0.3151445385617223,0.3876557247093345,0.3151445385617223,1.440342507618107,-0.028736620487184394,-0.06185545209976262,-0.017125796474581234,-0.11966013118229302,fall,fall
70439,70488,49,orphan,40931.0,18225.0,960.0,0.4954,0.5458,0.0505,rise,2.2854,2.8951,0.2668,,664.0,0,sudden/low/recurring_sudden_friedman_100k_g01.csv,htr-mwa50/error,"{""buffer_len"": 50, ""merged"": [56], ""collection_size"": 2, ""current_idx"": 57, ""best_idx"": 0, ""acc_current_on_warning"": 0.372067827097464, ""acc_best_on_warning"": 0.372067827097464, ""acc_new_on_warning"": 0.31012848200878507, ""winner_initial"": ""reused_copy"", ""acc_on_buffer"": {""0"": 0.372067827097464}, ""similarity_metric"": ""residual_pearson"", ""merge_pairs"": [[0, 56]], ""slot_eras"": {""0"": 0, ""1"": 1, ""2"": 2",joe-sudden,False,,50,0.372067827097464,0.310128482008785,0.372067827097464,1.7262764034724412,-0.04452707686202789,-0.03561637427396802,-0.011031679698897512,-0.1887080249752029,fall,fall
71335,71384,49,orphan,41827.0,17329.0,896.0,0.4874,0.5412,0.0538,rise,2.184,2.8315,0.2965,,824.0,0,sudden/low/recurring_sudden_friedman_100k_g01.csv,htr-mwa50/error,"{""buffer_len"": 50, ""merged"": [57], ""collection_size"": 2, ""current_idx"": 58, ""best_idx"": 0, ""acc_current_on_warning"": 0.33378767130036346, ""acc_best_on_warning"": 0.33378767130036346, ""acc_new_on_warning"": 0.3322935332727742, ""winner_initial"": ""reused_copy"", ""acc_on_buffer"": {""0"": 0.33378767130036346}, ""similarity_metric"": ""residual_pearson"", ""merge_pairs"": [[0, 57]], ""slot_eras"": {""0"": 0, ""1"": 1, """,joe-sudden,False,,50,0.3337876713003634,0.3322935332727742,0.3337876713003634,1.4950012269815571,-0.04816027329133582,-0.0312747438275045,-0.010475721762922663,-0.20822495401175123,fall,fall
72103,72231,128,orphan,42595.0,16561.0,768.0,0.4946,0.5461,0.0515,rise,2.2774,2.8652,0.2581,,679.0,0,sudden/low/recurring_sudden_friedman_100k_g01.csv,htr-mwa50/error,"{""buffer_len"": 129, ""merged"": [58], ""collection_size"": 2, ""current_idx"": 59, ""best_idx"": 0, ""acc_current_on_warning"": 0.3295582519411684, ""acc_best_on_warning"": 0.3295582519411684, ""acc_new_on_warning"": 0.38689899215184764, ""winner_initial"": ""reused_copy"", ""acc_on_buffer"": {""0"": 0.3295582519411684}, ""similarity_metric"": ""residual_pearson"", ""merge_pairs"": [[0, 58]], ""slot_eras"": {""0"": 0, ""1"": 1, ""2",joe-sudden,False,,129,0.3295582519411684,0.3868989921518476,0.3295582519411684,1.3896295277777642,-0.02984076407705799,-0.04414261848177836,-0.013465952432942907,-0.13890079797561905,fall,fall
72807,72999,192,orphan,43299.0,15857.0,704.0,0.5226,0.5471,0.0245,rise,2.5902,2.9351,0.1331,,567.0,1,sudden/low/recurring_sudden_friedman_100k_g01.csv,htr-mwa50/error,"{""buffer_len"": 193, ""merged"": [59], ""collection_size"": 2, ""current_idx"": 60, ""best_idx"": 0, ""acc_current_on_warning"": 0.33755796464383236, ""acc_best_on_warning"": 0.33755796464383236, ""acc_new_on_warning"": 0.3992375450354495, ""winner_initial"": ""reused_copy"", ""acc_on_buffer"": {""0"": 0.33755796464383236}, ""similarity_metric"": ""residual_pearson"", ""merge_pairs"": [[0, 59]], ""slot_eras"": {""0"": 0, ""1"": 1, ",joe-sudden,False,,193,0.3375579646438323,0.3992375450354495,0.3375579646438323,1.4157209225670817,-0.007884358247801537,-0.0522767303717111,-0.014691439235340997,-0.036892481294706125,flat,flat
73543,73592,49,orphan,44035.0,15121.0,736.0,0.534,0.5509,0.017,flat,2.767,2.9487,0.0657,,319.0,1,sudden/low/recurring_sudden_friedman_100k_g01.csv,htr-mwa50/error,"{""buffer_len"": 50, ""merged"": [60], ""collection_size"": 2, ""current_idx"": 61, ""best_idx"": 0, ""acc_current_on_warning"": 0.3871429772469902, ""acc_best_on_warning"": 0.3871429772469902, ""acc_new_on_warning"": 0.3787333877562048, ""winner_initial"": ""reused_copy"", ""acc_on_buffer"": {""0"": 0.3871429772469902}, ""similarity_metric"": ""residual_pearson"", ""merge_pairs"": [[0, 60]], ""slot_eras"": {""0"": 0, ""1"": 1, ""2"":",joe-sudden,False,,50,0.3871429772469902,0.3787333877562048,0.3871429772469902,1.6225281044680158,0.0006049694972113384,-0.01782320822262784,-0.006657426409400591,0.007265204398908098,flat,flat
74087,74136,49,orphan,44579.0,14577.0,544.0,0.5519,0.527,-0.0248,fall,2.9593,2.6832,-0.0933,,366.0,1,sudden/low/recurring_sudden_friedman_100k_g01.csv,htr-mwa50/error,"{""buffer_len"": 50, ""merged"": [61], ""collection_size"": 2, ""current_idx"": 62, ""best_idx"": 0, ""acc_current_on_warning"": 0.3666543358730544, ""acc_best_on_warning"": 0.3666543358730544, ""acc_new_on_warning"": 0.3779080956106413, ""winner_initial"": ""reused_copy"", ""acc_on_buffer"": {""0"": 0.3666543358730544}, ""similarity_metric"": ""residual_pearson"", ""merge_pairs"": [[0, 61]], ""slot_eras"": {""0"": 0, ""1"": 1, ""2"":",joe-sudden,False,,50,0.3666543358730544,0.3779080956106413,0.3666543358730544,1.2537238526973198,0.005118170463485283,0.009142365540472985,-0.0001617880825957041,0.017003920581090792,flat,flat
74983,75032,49,orphan,45475.0,13681.0,896.0,0.4859,0.5485,0.0626,rise,2.1953,2.9367,0.3378,,843.0,0,sudden/low/recurring_sudden_friedman_100k_g01.csv,htr-mwa50/error,"{""buffer_len"": 50, ""merged"": [62], ""collection_size"": 2, ""current_idx"": 63, ""best_idx"": 0, ""acc_current_on_warning"": 0.34905324282261285, ""acc_best_on_warning"": 0.34905324282261285, ""acc_new_on_warning"": 0.2892725756829061, ""winner_initial"": ""reused_copy"", ""acc_on_buffer"": {""0"": 0.34905324282261285}, ""similarity_metric"": ""residual_pearson"", ""merge_pairs"": [[0, 62]], ""slot_eras"": {""0"": 0, ""1"": 1, """,joe-sudden,False,,50,0.3490532428226128,0.2892725756829061,0.3490532428226128,1.4762393293987501,-0.05172118367016526,0.028447804407196298,0.004215805812011197,-0.2091475584921485,fall,fall
75879,75928,49,orphan,46371.0,12785.0,896.0,0.5075,0.5422,0.0347,rise,2.4646,2.8876,0.1716,,702.0,0,sudden/low/recurring_sudden_friedman_100k_g01.csv,htr-mwa50/error,"{""buffer_len"": 50, ""merged"": [63], ""collection_size"": 2, ""current_idx"": 64, ""best_idx"": 0, ""acc_current_on_warning"": 0.3815526959180281, ""acc_best_on_warning"": 0.3815526959180281, ""acc_new_on_warning"": 0.36106984319076507, ""winner_initial"": ""reused_copy"", ""acc_on_buffer"": {""0"": 0.3815526959180281}, ""similarity_metric"": ""residual_pearson"", ""merge_pairs"": [[0, 63]], ""slot_eras"": {""0"": 0, ""1"": 1, ""2""",joe-sudden,False,,50,0.3815526959180281,0.361069843190765,0.3815526959180281,1.4911125756442838,-0.02235808897836211,0.02976098698001839,0.0037345139331707022,-0.09924281651411104,fall,fall
76487,76839,352,orphan,46979.0,12177.0,608.0,0.5252,0.549,0.0238,rise,2.66,2.9352,0.1035,,410.0,1,sudden/low/recurring_sudden_friedman_100k_g01.csv,htr-mwa50/error,"{""buffer_len"": 353, ""merged"": [64], ""collection_size"": 2, ""current_idx"": 65, ""best_idx"": 0, ""acc_current_on_warning"": 0.33062919417416203, ""acc_best_on_warning"": 0.33062919417416203, ""acc_new_on_warning"": 0.4333085741463548, ""winner_initial"": ""reused_copy"", ""acc_on_buffer"": {""0"": 0.33062919417416203}, ""similarity_metric"": ""residual_pearson"", ""merge_pairs"": [[0, 64]], ""slot_eras"": {""0"": 0, ""1"": 1, ",joe-sudden,False,,353,0.330629194174162,0.4333085741463548,0.330629194174162,1.329504470652011,-0.02694320224189839,-0.021988357490924093,-0.007223719030590159,-0.12781521596790635,fall,fall
77671,77735,64,orphan,48163.0,10993.0,1184.0,0.4962,0.5477,0.0515,rise,2.3098,2.9209,0.2646,,420.0,1,sudden/low/recurring_sudden_friedman_100k_g01.csv,htr-mwa50/error,"{""buffer_len"": 65, ""merged"": [65], ""collection_size"": 2, ""current_idx"": 66, ""best_idx"": 0, ""acc_current_on_warning"": 0.3516639181730692, ""acc_best_on_warning"": 0.3516639181730692, ""acc_new_on_warning"": 0.36248667360552655, ""winner_initial"": ""reused_copy"", ""acc_on_buffer"": {""0"": 0.3516639181730692}, ""similarity_metric"": ""residual_pearson"", ""merge_pairs"": [[0, 65]], ""slot_eras"": {""0"": 0, ""1"": 1, ""2""",joe-sudden,False,,65,0.3516639181730692,0.3624866736055265,0.3516639181730692,1.4879713819851914,-0.03905153069685369,-0.01565612571972408,-0.005478499927638936,-0.1727867671518858,fall,fall
78503,78552,49,orphan,48995.0,10161.0,832.0,0.5027,0.5598,0.0571,rise,2.3986,3.1038,0.294,,687.0,0,sudden/low/recurring_sudden_friedman_100k_g01.csv,htr-mwa50/error,"{""buffer_len"": 50, ""merged"": [66], ""collection_size"": 2, ""current_idx"": 67, ""best_idx"": 0, ""acc_current_on_warning"": 0.37352568844329337, ""acc_best_on_warning"": 0.37352568844329337, ""acc_new_on_warning"": 0.3437491562383499, ""winner_initial"": ""reused_copy"", ""acc_on_buffer"": {""0"": 0.37352568844329337}, ""similarity_metric"": ""residual_pearson"", ""merge_pairs"": [[0, 66]], ""slot_eras"": {""0"": 0, ""1"": 1, """,joe-sudden,False,,50,0.3735256884432933,0.3437491562383499,0.3735256884432933,1.7058372199497418,-0.02366498306074183,-0.031658629961869966,-0.008537889565741308,-0.10536406176619673,fall,fall
78855,80039,1184,orphan,49347.0,9809.0,352.0,0.5383,0.487,-0.0513,fall,2.8459,2.2221,-0.2192,,225.0,1,sudden/low/recurring_sudden_friedman_100k_g01.csv,htr-mwa50/error,"{""buffer_len"": 1185, ""merged"": [67], ""collection_size"": 2, ""current_idx"": 68, ""best_idx"": 0, ""acc_current_on_warning"": 0.3539957279575494, ""acc_best_on_warning"": 0.3539957279575494, ""acc_new_on_warning"": 0.5209869563846257, ""winner_initial"": ""reused_copy"", ""acc_on_buffer"": {""0"": 0.3539957279575494}, ""similarity_metric"": ""residual_pearson"", ""merge_pairs"": [[0, 67]], ""slot_eras"": {""0"": 0, ""1"": 1, ""2",joe-sudden,False,,1185,0.3539957279575494,0.5209869563846257,0.3539957279575494,0.9048084086339633,-0.028558378082239377,-0.008103822096070967,-0.002824098961422883,-0.1285085736263536,fall,fall
86375,86695,320,orphan,56867.0,2289.0,7520.0,0.473,0.4768,0.0037,flat,2.0678,2.0951,0.0132,,2589.0,0,sudden/low/recurring_sudden_friedman_100k_g01.csv,htr-mwa50/error,"{""buffer_len"": 321, ""merged"": [0], ""collection_size"": 2, ""current_idx"": 69, ""best_idx"": 68, ""acc_current_on_warning"": 0.5288323174634786, ""acc_best_on_warning"": 0.5288323174634786, ""acc_new_on_warning"": 0.441810126278699, ""winner_initial"": ""reused_copy"", ""acc_on_buffer"": {""68"": 0.5288323174634786}, ""similarity_metric"": ""residual_pearson"", ""merge_pairs"": [[68, 0]], ""slot_eras"": {""0"": 0, ""1"": 1, ""2""",joe-sudden,False,,321,0.5288323174634786,0.441810126278699,0.5288323174634786,0.9913489877029216,0.012191470129714443,-0.15629302901455921,-0.03131897819236873,0.07782600690628905,rise,flat
95911,95960,49,orphan,7247.0,,9536.0,0.458,0.4674,0.0094,flat,1.8396,1.9363,0.0525,,12125.0,0,sudden/low/recurring_sudden_friedman_100k_g01.csv,htr-mwa50/error,"{""buffer_len"": 50, ""merged"": [68], ""collection_size"": 2, ""current_idx"": 70, ""best_idx"": 69, ""acc_current_on_warning"": 0.5261607576445879, ""acc_best_on_warning"": 0.5261607576445879, ""acc_new_on_warning"": 0.35382400603752573, ""winner_initial"": ""reused_copy"", ""acc_on_buffer"": {""69"": 0.5261607576445879}, ""similarity_metric"": ""residual_pearson"", ""merge_pairs"": [[69, 68]], ""slot_eras"": {""0"": 0, ""1"": 1, ",joe-sudden,False,,50,0.5261607576445879,0.3538240060375257,0.5261607576445879,0.878496643648347,0.005803224262825979,-0.05837917744325394,-0.008239008818311855,0.04058255180428927,flat,flat
16583,16583,0,orphan,,2371.0,,0.4822,0.4929,0.0107,flat,1.6938,1.7528,0.0348,,,0,sudden/low/recurring_sudden_friedman_100k_g01.csv,htr-nr/error,"{""buffer_len"": 1, ""merged"": [], ""collection_size"": 2, ""current_idx"": 1, ""best_idx"": 0, ""acc_current_on_warning"": 0.46027440835323685, ""acc_best_on_warning"": 0.46027440835323685, ""acc_new_on_warning"": 0.0, ""winner_initial"": ""reused_copy"", ""acc_on_buffer"": {""0"": 0.46027440835323685}, ""similarity_metric"": ""residual_pearson"", ""merge_pairs"": [], ""slot_eras"": {""0"": 0, ""1"": 1}, ""score_semantics"": ""1_minu",joe-sudden,False,,1,0.4602744083532368,0.0,0.4602744083532368,1.0831270590551658,-0.008036467392361801,0.008090753019992292,0.0061777975141960595,-0.048784369335181155,flat,flat
19111,19527,416,hit,157.0,10397.0,2528.0,0.529,0.4874,-0.0416,fall,2.0017,2.0937,0.046,fake_fall,,0,sudden/low/recurring_sudden_friedman_100k_g01.csv,htr-nr/error,"{""buffer_len"": 417, ""merged"": [1], ""collection_size"": 2, ""current_idx"": 2, ""best_idx"": 0, ""acc_current_on_warning"": 0.39933144119494723, ""acc_best_on_warning"": 0.39933144119494723, ""acc_new_on_warning"": 0.40366341558699714, ""winner_initial"": ""reused_copy"", ""acc_on_buffer"": {""0"": 0.39933144119494723}, ""similarity_metric"": ""residual_pearson"", ""merge_pairs"": [[0, 1]], ""slot_eras"": {""0"": 0, ""1"": 1, ""2",joe-sudden,False,,417,0.3993314411949472,0.4036634155869971,0.3993314411949472,0.9341129347088751,0.05163442116678851,0.05473834144955281,0.02237544705579647,0.30009427293907853,rise,rise
29735,30727,992,hit,227.0,58929.0,10624.0,0.5124,0.4786,-0.0339,fall,1.8927,2.4133,0.275,fake_fall,10164.0,0,sudden/low/recurring_sudden_friedman_100k_g01.csv,htr-nr/error,"{""buffer_len"": 993, ""merged"": [2], ""collection_size"": 2, ""current_idx"": 3, ""best_idx"": 0, ""acc_current_on_warning"": 0.28151981422296124, ""acc_best_on_warning"": 0.28151981422296124, ""acc_new_on_warning"": 0.4084093809090177, ""winner_initial"": ""reused_copy"", ""acc_on_buffer"": {""0"": 0.28151981422296124}, ""similarity_metric"": ""residual_pearson"", ""merge_pairs"": [[0, 2]], ""slot_eras"": {""0"": 0, ""1"": 1, ""2""",joe-sudden,False,,993,0.2815198142229612,0.4084093809090177,0.2815198142229612,1.1624163729030015,0.0226122038932014,0.08634487370845312,0.019412599068659497,0.12160936492694208,rise,rise
35783,49703,13920,orphan,6275.0,52881.0,6048.0,0.472,0.4647,-0.0073,flat,1.8726,1.9721,0.0531,,3432.0,0,sudden/low/recurring_sudden_friedman_100k_g01.csv,htr-nr/error,"{""buffer_len"": 13921, ""merged"": [3], ""collection_size"": 2, ""current_idx"": 4, ""best_idx"": 0, ""acc_current_on_warning"": 0.3090167511348836, ""acc_best_on_warning"": 0.3090167511348836, ""acc_new_on_warning"": 0.5148693019632273, ""winner_initial"": ""reused_copy"", ""acc_on_buffer"": {""0"": 0.3090167511348836}, ""similarity_metric"": ""residual_pearson"", ""merge_pairs"": [[0, 3]], ""slot_eras"": {""0"": 0, ""1"": 1, ""2"":",joe-sudden,False,,13921,0.3090167511348836,0.5148693019632273,0.3090167511348836,1.0513389742001162,0.016283463040409396,-0.006943681317053474,0.00044721458811719517,0.08081291139956326,rise,flat
50919,66087,15168,orphan,21411.0,37745.0,15136.0,0.4884,0.4684,-0.0199,flat,1.9147,1.8611,-0.028,,1184.0,0,sudden/low/recurring_sudden_friedman_100k_g01.csv,htr-nr/error,"{""buffer_len"": 15169, ""merged"": [4], ""collection_size"": 2, ""current_idx"": 5, ""best_idx"": 0, ""acc_current_on_warning"": 0.28505211787633056, ""acc_best_on_warning"": 0.28505211787633056, ""acc_new_on_warning"": 0.4938655844744396, ""winner_initial"": ""reused_copy"", ""acc_on_buffer"": {""0"": 0.28505211787633056}, ""similarity_metric"": ""residual_pearson"", ""merge_pairs"": [[0, 4]], ""slot_eras"": {""0"": 0, ""1"": 1, """,joe-sudden,False,,15169,0.2850521178763305,0.4938655844744396,0.2850521178763305,0.9945328587612206,0.010558468286475553,0.03739153756242386,0.00750299808425009,0.06486616019671088,rise,flat
67975,89351,21376,orphan,38467.0,20689.0,17056.0,0.5019,0.4912,-0.0107,flat,1.9157,1.9421,0.0138,,1858.0,0,sudden/low/recurring_sudden_friedman_100k_g01.csv,htr-nr/error,"{""buffer_len"": 21377, ""merged"": [5], ""collection_size"": 2, ""current_idx"": 6, ""best_idx"": 0, ""acc_current_on_warning"": 0.2911894092195453, ""acc_best_on_warning"": 0.2911894092195453, ""acc_new_on_warning"": 0.4428176230369648, ""winner_initial"": ""reused_copy"", ""acc_on_buffer"": {""0"": 0.2911894092195453}, ""similarity_metric"": ""residual_pearson"", ""merge_pairs"": [[0, 5]], ""slot_eras"": {""0"": 0, ""1"": 1, ""2"":",joe-sudden,False,stale_warning,21377,0.2911894092195453,0.4428176230369648,0.2911894092195453,0.7039789780788325,0.0663186145923701,0.07050911452105146,0.013497197972832442,0.35775575130373793,rise,rise
16615,18631,2016,orphan,,2819.0,,0.4921,0.4838,-0.0083,flat,1.7919,1.7101,-0.0457,,,0,sudden/medium/recurring_sudden_friedman_100k_g00.csv,htr/error,"{""buffer_len"": 2017, ""merged"": [], ""collection_size"": 2, ""current_idx"": 1, ""best_idx"": 0, ""acc_current_on_warning"": 0.5103380942836622, ""acc_best_on_warning"": 0.5103380942836622, ""acc_new_on_warning"": 0.48875495781379863, ""winner_initial"": ""reused_copy"", ""acc_on_buffer"": {""0"": 0.5103380942836622}, ""similarity_metric"": ""residual_pearson"", ""merge_pairs"": [], ""slot_eras"": {""0"": 0, ""1"": 1}, ""score_sem",joe-sudden,False,,2017,0.5103380942836622,0.4887549578137986,0.5103380942836622,0.9950436145769379,-0.00406016378171109,0.012964430605266974,0.006409764455690858,-0.02221804765870572,flat,flat
19495,19527,32,hit,61.0,20080.0,2880.0,0.5112,0.6299,0.1187,rise,2.0126,3.2691,0.6243,,842.0,0,sudden/medium/recurring_sudden_friedman_100k_g00.csv,htr/error,"{""buffer_len"": 33, ""merged"": [1], ""collection_size"": 2, ""current_idx"": 2, ""best_idx"": 0, ""acc_current_on_warning"": 0.29509643495844784, ""acc_best_on_warning"": 0.29509643495844784, ""acc_new_on_warning"": 0.1952610501151778, ""winner_initial"": ""reused_copy"", ""acc_on_buffer"": {""0"": 0.29509643495844784}, ""similarity_metric"": ""residual_pearson"", ""merge_pairs"": [[0, 1]], ""slot_eras"": {""0"": 0, ""1"": 1, ""2"":",joe-sudden,False,,33,0.2950964349584478,0.1952610501151778,0.2950964349584478,1.2514574890642185,0.03400453850550522,0.04213179507222109,0.009766893379384634,0.2235792523496909,rise,rise
20295,20327,32,echo_inwin,861.0,19280.0,800.0,0.5647,0.6162,0.0515,rise,2.5616,3.1504,0.2299,,695.0,0,sudden/medium/recurring_sudden_friedman_100k_g00.csv,htr/error,"{""buffer_len"": 33, ""merged"": [2], ""collection_size"": 2, ""current_idx"": 3, ""best_idx"": 0, ""acc_current_on_warning"": 0.30781242506647566, ""acc_best_on_warning"": 0.30781242506647566, ""acc_new_on_warning"": 0.18411032229662494, ""winner_initial"": ""reused_copy"", ""acc_on_buffer"": {""0"": 0.30781242506647566}, ""similarity_metric"": ""residual_pearson"", ""merge_pairs"": [[0, 2]], ""slot_eras"": {""0"": 0, ""1"": 1, ""2""",joe-sudden,False,,33,0.3078124250664756,0.1841103222966249,0.3078124250664756,1.718458182137954,0.023350696973609586,0.2011814377897143,0.03522719099254973,0.11088801074690968,rise,rise
21223,21223,0,echo,1789.0,18352.0,928.0,0.5603,0.6198,0.0595,rise,2.5816,3.2445,0.2568,,1623.0,0,sudden/medium/recurring_sudden_friedman_100k_g00.csv,htr/error,"{""buffer_len"": 1, ""merged"": [], ""collection_size"": 3, ""current_idx"": 4, ""best_idx"": 0, ""acc_current_on_warning"": 0.5361976868073068, ""acc_best_on_warning"": 0.5960949930002666, ""acc_new_on_warning"": 0.0, ""winner_initial"": ""reused_copy"", ""acc_on_buffer"": {""0"": 0.5960949930002666, ""3"": 0.5361976868073068}, ""similarity_metric"": ""residual_pearson"", ""merge_pairs"": [], ""slot_eras"": {""0"": 0, ""1"": 1, ""2"": ",joe-sudden,False,,1,0.5960949930002666,0.0,0.5361976868073068,1.591225394630139,-0.03324570158484086,0.3868720038236022,0.06336675371416955,-0.10710285779924078,fall,fall
21607,21735,128,echo,2173.0,17968.0,384.0,0.6135,0.6138,0.0002,flat,3.1865,3.3271,0.0441,,2007.0,0,sudden/medium/recurring_sudden_friedman_100k_g00.csv,htr/error,"{""buffer_len"": 129, ""merged"": [3, 4], ""collection_size"": 2, ""current_idx"": 5, ""best_idx"": 0, ""acc_current_on_warning"": 0.28191080550795633, ""acc_best_on_warning"": 0.28191080550795633, ""acc_new_on_warning"": 0.29232579033322426, ""winner_initial"": ""reused_copy"", ""acc_on_buffer"": {""0"": 0.28191080550795633}, ""similarity_metric"": ""residual_pearson"", ""merge_pairs"": [[0, 3], [0, 4]], ""slot_eras"": {""0"": 0,",joe-sudden,False,,129,0.2819108055079563,0.2923257903332242,0.2819108055079563,1.322289625015841,0.035410778065068094,0.5453035473274537,0.08748015185565255,0.1479495041430694,rise,rise
22311,22343,32,echo,2877.0,17264.0,704.0,0.5966,0.5939,-0.0027,flat,3.0824,3.1121,0.0096,,289.0,1,sudden/medium/recurring_sudden_friedman_100k_g00.csv,htr/error,"{""buffer_len"": 33, ""merged"": [5], ""collection_size"": 2, ""current_idx"": 6, ""best_idx"": 0, ""acc_current_on_warning"": 0.308751108890266, ""acc_best_on_warning"": 0.308751108890266, ""acc_new_on_warning"": 0.25688402677676725, ""winner_initial"": ""reused_copy"", ""acc_on_buffer"": {""0"": 0.308751108890266}, ""similarity_metric"": ""residual_pearson"", ""merge_pairs"": [[0, 5]], ""slot_eras"": {""0"": 0, ""1"": 1, ""2"": 2, """,joe-sudden,False,,33,0.308751108890266,0.2568840267767672,0.308751108890266,1.4957120600362555,-0.01751464323870433,0.7250444646303384,0.11213471668060981,-0.032062948179740314,flat,flat
23143,23207,64,orphan,3709.0,16432.0,832.0,0.5566,0.6045,0.0479,rise,2.6505,3.2371,0.2213,,785.0,0,sudden/medium/recurring_sudden_friedman_100k_g00.csv,htr/error,"{""buffer_len"": 65, ""merged"": [6], ""collection_size"": 2, ""current_idx"": 7, ""best_idx"": 0, ""acc_current_on_warning"": 0.3002204076308084, ""acc_best_on_warning"": 0.3002204076308084, ""acc_new_on_warning"": 0.31575342336953527, ""winner_initial"": ""reused_copy"", ""acc_on_buffer"": {""0"": 0.3002204076308084}, ""similarity_metric"": ""residual_pearson"", ""merge_pairs"": [[0, 6]], ""slot_eras"": {""0"": 0, ""1"": 1, ""2"": 2",joe-sudden,False,,65,0.3002204076308084,0.3157534233695352,0.3002204076308084,1.51854691310811,-0.06294979246625887,0.5274357652988206,0.08334842997006442,-0.20760994405439326,fall,fall
23815,24103,288,orphan,4381.0,15760.0,672.0,0.5741,0.6032,0.029,rise,2.8896,3.264,0.1296,,595.0,1,sudden/medium/recurring_sudden_friedman_100k_g00.csv,htr/error,"{""buffer_len"": 289, ""merged"": [7], ""collection_size"": 2, ""current_idx"": 8, ""best_idx"": 0, ""acc_current_on_warning"": 0.2901899443558774, ""acc_best_on_warning"": 0.2901899443558774, ""acc_new_on_warning"": 0.32960046689176203, ""winner_initial"": ""reused_copy"", ""acc_on_buffer"": {""0"": 0.2901899443558774}, ""similarity_metric"": ""residual_pearson"", ""merge_pairs"": [[0, 7]], ""slot_eras"": {""0"": 0, ""1"": 1, ""2"": ",joe-sudden,False,,289,0.2901899443558774,0.329600466891762,0.2901899443558774,1.2821040886169155,-0.02766856211244928,0.4383503281246586,0.06902042519240026,-0.11247336682597242,fall,fall
24871,24871,0,orphan,5437.0,14704.0,1056.0,0.5527,0.5854,0.0327,rise,2.6811,3.137,0.17,,377.0,1,sudden/medium/recurring_sudden_friedman_100k_g00.csv,htr/error,"{""buffer_len"": 1, ""merged"": [], ""collection_size"": 3, ""current_idx"": 9, ""best_idx"": 0, ""acc_current_on_warning"": 0.39712798467959987, ""acc_best_on_warning"": 0.6577871370568609, ""acc_new_on_warning"": 0.0, ""winner_initial"": ""reused_copy"", ""acc_on_buffer"": {""0"": 0.6577871370568609, ""8"": 0.39712798467959987}, ""similarity_metric"": ""residual_pearson"", ""merge_pairs"": [], ""slot_eras"": {""0"": 0, ""1"": 1, ""2""",joe-sudden,False,,1,0.6577871370568609,0.0,0.3971279846795998,1.5631289438322102,-0.029269019706430477,0.2900726218239962,0.04313162665012771,-0.10127100479703799,fall,fall
25415,25639,224,orphan,5981.0,14160.0,544.0,0.5721,0.5698,-0.0023,flat,2.9548,2.9828,0.0095,,537.0,1,sudden/medium/recurring_sudden_friedman_100k_g00.csv,htr/error,"{""buffer_len"": 225, ""merged"": [8, 9], ""collection_size"": 2, ""current_idx"": 10, ""best_idx"": 0, ""acc_current_on_warning"": 0.32682779051243094, ""acc_best_on_warning"": 0.32682779051243094, ""acc_new_on_warning"": 0.37811243450156695, ""winner_initial"": ""reused_copy"", ""acc_on_buffer"": {""0"": 0.32682779051243094}, ""similarity_metric"": ""residual_pearson"", ""merge_pairs"": [[0, 8], [0, 9]], ""slot_eras"": {""0"": 0",joe-sudden,False,,225,0.3268277905124309,0.3781124345015669,0.3268277905124309,1.2978709507260322,-0.029976783603477997,0.17390314168068022,0.02113637796307355,-0.09780021507878811,fall,fall
26823,26887,64,orphan,7389.0,12752.0,1408.0,0.5254,0.5766,0.0512,rise,2.4655,3.0726,0.2462,,168.0,1,sudden/medium/recurring_sudden_friedman_100k_g00.csv,htr/error,"{""buffer_len"": 65, ""merged"": [10], ""collection_size"": 2, ""current_idx"": 11, ""best_idx"": 0, ""acc_current_on_warning"": 0.3599910924446871, ""acc_best_on_warning"": 0.3599910924446871, ""acc_new_on_warning"": 0.3141829701951203, ""winner_initial"": ""reused_copy"", ""acc_on_buffer"": {""0"": 0.3599910924446871}, ""similarity_metric"": ""residual_pearson"", ""merge_pairs"": [[0, 10]], ""slot_eras"": {""0"": 0, ""1"": 1, ""2"":",joe-sudden,False,,65,0.3599910924446871,0.3141829701951203,0.3599910924446871,1.6631651131695402,-0.044018728099220694,0.054605696786433455,-0.006346243857892286,-0.17227564015241448,fall,fall
27399,27655,256,orphan,7965.0,12176.0,576.0,0.5771,0.5998,0.0227,rise,3.0735,3.3737,0.0977,,744.0,0,sudden/medium/recurring_sudden_friedman_100k_g00.csv,htr/error,"{""buffer_len"": 257, ""merged"": [11], ""collection_size"": 2, ""current_idx"": 12, ""best_idx"": 0, ""acc_current_on_warning"": 0.30988125629386865, ""acc_best_on_warning"": 0.30988125629386865, ""acc_new_on_warning"": 0.35631928601752694, ""winner_initial"": ""reused_copy"", ""acc_on_buffer"": {""0"": 0.30988125629386865}, ""similarity_metric"": ""residual_pearson"", ""merge_pairs"": [[0, 11]], ""slot_eras"": {""0"": 0, ""1"": 1,",joe-sudden,False,,257,0.3098812562938686,0.3563192860175269,0.3098812562938686,1.5791170020914715,-0.016671500989058452,-0.019744252785073857,-0.02446479963853454,-0.0811819257894375,fall,flat
28487,28551,64,orphan,9053.0,11088.0,1088.0,0.5348,0.5782,0.0435,rise,2.5891,3.1526,0.2176,,633.0,0,sudden/medium/recurring_sudden_friedman_100k_g00.csv,htr/error,"{""buffer_len"": 65, ""merged"": [12], ""collection_size"": 2, ""current_idx"": 13, ""best_idx"": 0, ""acc_current_on_warning"": 0.3356133396746174, ""acc_best_on_warning"": 0.3356133396746174, ""acc_new_on_warning"": 0.29528559939949084, ""winner_initial"": ""reused_copy"", ""acc_on_buffer"": {""0"": 0.3356133396746174}, ""similarity_metric"": ""residual_pearson"", ""merge_pairs"": [[0, 12]], ""slot_eras"": {""0"": 0, ""1"": 1, ""2""",joe-sudden,False,,65,0.3356133396746174,0.2952855993994908,0.3356133396746174,1.583355205684438,-0.03870434750087115,-0.054203419344490134,-0.03220522633321332,-0.15218162965943483,fall,fall
29127,29159,32,orphan,9693.0,10448.0,640.0,0.5706,0.5774,0.0068,flat,3.0538,3.1662,0.0368,,570.0,1,sudden/medium/recurring_sudden_friedman_100k_g00.csv,htr/error,"{""buffer_len"": 33, ""merged"": [13], ""collection_size"": 2, ""current_idx"": 14, ""best_idx"": 0, ""acc_current_on_warning"": 0.35773882728940243, ""acc_best_on_warning"": 0.35773882728940243, ""acc_new_on_warning"": 0.2658405323973433, ""winner_initial"": ""reused_copy"", ""acc_on_buffer"": {""0"": 0.35773882728940243}, ""similarity_metric"": ""residual_pearson"", ""merge_pairs"": [[0, 13]], ""slot_eras"": {""0"": 0, ""1"": 1, """,joe-sudden,False,,33,0.3577388272894024,0.2658405323973433,0.3577388272894024,1.461487585829509,0.008313267733172425,-0.03869675350472235,-0.025833468449592112,0.05186942689879537,rise,flat
29607,29671,64,orphan,10173.0,9968.0,480.0,0.5823,0.5841,0.0017,flat,3.2218,3.2877,0.0205,,1050.0,0,sudden/medium/recurring_sudden_friedman_100k_g00.csv,htr/error,"{""buffer_len"": 65, ""merged"": [14], ""collection_size"": 2, ""current_idx"": 15, ""best_idx"": 0, ""acc_current_on_warning"": 0.3437957550221571, ""acc_best_on_warning"": 0.3437957550221571, ""acc_new_on_warning"": 0.3391263423758041, ""winner_initial"": ""reused_copy"", ""acc_on_buffer"": {""0"": 0.3437957550221571}, ""similarity_metric"": ""residual_pearson"", ""merge_pairs"": [[0, 14]], ""slot_eras"": {""0"": 0, ""1"": 1, ""2"":",joe-sudden,False,,65,0.3437957550221571,0.3391263423758041,0.3437957550221571,1.6956828815149882,0.006914808416289775,-0.0030142263336762065,-0.015516406691020834,0.043556161933498094,flat,flat
30183,30183,0,orphan,10749.0,9392.0,576.0,0.5796,0.5614,-0.0182,flat,3.2278,3.0019,-0.07,masked_fall,506.0,1,sudden/medium/recurring_sudden_friedman_100k_g00.csv,htr/error,"{""buffer_len"": 1, ""merged"": [], ""collection_size"": 3, ""current_idx"": 16, ""best_idx"": 0, ""acc_current_on_warning"": 0.6433286873403486, ""acc_best_on_warning"": 0.6755374369246898, ""acc_new_on_warning"": 0.15957938553600626, ""winner_initial"": ""reused_copy"", ""acc_on_buffer"": {""0"": 0.6755374369246898, ""15"": 0.6433286873403486}, ""similarity_metric"": ""residual_pearson"", ""merge_pairs"": [], ""slot_eras"": {""0""",joe-sudden,False,,1,0.6755374369246898,0.1595793855360062,0.6433286873403486,1.2048983291636761,0.019093291942311907,0.013308087694221316,-0.010715316788864837,0.09769270111651718,rise,flat
31079,31079,0,orphan,11645.0,8496.0,896.0,0.5112,0.5126,0.0014,flat,2.3922,2.409,0.007,,1402.0,0,sudden/medium/recurring_sudden_friedman_100k_g00.csv,htr/error,"{""buffer_len"": 1, ""merged"": [], ""collection_size"": 4, ""current_idx"": 17, ""best_idx"": 15, ""acc_current_on_warning"": 0.6593102423350967, ""acc_best_on_warning"": 0.6680515888778856, ""acc_new_on_warning"": 0.0, ""winner_initial"": ""reused_copy"", ""acc_on_buffer"": {""0"": 0.6116674280946659, ""15"": 0.6680515888778856, ""16"": 0.6593102423350967}, ""similarity_metric"": ""residual_pearson"", ""merge_pairs"": [], ""slot_",joe-sudden,False,,1,0.6680515888778856,0.0,0.6593102423350967,1.0365130323154381,-0.06362198330666025,0.004863617846546209,-0.012105871999817941,-0.24190013909718988,fall,fall
40679,40743,64,orphan,1104.0,24121.0,9600.0,0.469,0.4571,-0.0119,flat,1.8769,1.7352,-0.0755,masked_fall,11002.0,0,sudden/medium/recurring_sudden_friedman_100k_g00.csv,htr/error,"{""buffer_len"": 65, ""merged"": [17, 15], ""collection_size"": 3, ""current_idx"": 18, ""best_idx"": 0, ""acc_current_on_warning"": 0.5539457266163634, ""acc_best_on_warning"": 0.5539457266163634, ""acc_new_on_warning"": 0.43030319004533213, ""winner_initial"": ""reused_copy"", ""acc_on_buffer"": {""0"": 0.5539457266163634, ""16"": 0.41089778284895784}, ""similarity_metric"": ""residual_pearson"", ""merge_pairs"": [[0, 17], [16",joe-sudden,False,late,65,0.5539457266163634,0.4303031900453321,0.5539457266163634,1.05172453727205,-0.036043676268617375,0.02973144559010965,0.0066166183612629825,-0.19981581453753228,fall,fall
65159,65223,64,hit,359.0,,24480.0,0.5491,0.5297,-0.0195,flat,2.5685,2.3665,-0.0786,masked_fall,35482.0,0,sudden/medium/recurring_sudden_friedman_100k_g00.csv,htr/error,"{""buffer_len"": 65, ""merged"": [0, 16], ""collection_size"": 2, ""current_idx"": 19, ""best_idx"": 18, ""acc_current_on_warning"": 0.4386454133780847, ""acc_best_on_warning"": 0.4386454133780847, ""acc_new_on_warning"": 0.30462318538795874, ""winner_initial"": ""reused_copy"", ""acc_on_buffer"": {""18"": 0.4386454133780847}, ""similarity_metric"": ""residual_pearson"", ""merge_pairs"": [[18, 0], [18, 16]], ""slot_eras"": {""0"":",joe-sudden,False,,65,0.4386454133780847,0.3046231853879587,0.4386454133780847,0.8631610296149257,0.0963155073180258,0.10990881089670324,0.018749387549812258,0.6398036343485407,rise,rise
67335,67399,64,echo,2535.0,,2176.0,0.4901,0.5249,0.0348,rise,1.9344,2.3072,0.1927,,37658.0,0,sudden/medium/recurring_sudden_friedman_100k_g00.csv,htr/error,"{""buffer_len"": 65, ""merged"": [19], ""collection_size"": 2, ""current_idx"": 20, ""best_idx"": 18, ""acc_current_on_warning"": 0.4767153275414092, ""acc_best_on_warning"": 0.4767153275414092, ""acc_new_on_warning"": 0.3224151215540334, ""winner_initial"": ""reused_copy"", ""acc_on_buffer"": {""18"": 0.4767153275414092}, ""similarity_metric"": ""residual_pearson"", ""merge_pairs"": [[18, 19]], ""slot_eras"": {""0"": 0, ""1"": 1, """,joe-sudden,False,,65,0.4767153275414092,0.3224151215540334,0.4767153275414092,1.2300584950376714,-0.027045293802585635,0.3291992546873188,0.05045843891548074,-0.14242716299342373,fall,fall
69575,70471,896,orphan,4775.0,,2240.0,0.4897,0.536,0.0463,rise,1.9425,2.4875,0.2805,,39898.0,0,sudden/medium/recurring_sudden_friedman_100k_g00.csv,htr/error,"{""buffer_len"": 897, ""merged"": [20], ""collection_size"": 2, ""current_idx"": 21, ""best_idx"": 18, ""acc_current_on_warning"": 0.4553359445662487, ""acc_best_on_warning"": 0.4553359445662487, ""acc_new_on_warning"": 0.47836245083584583, ""winner_initial"": ""reused_copy"", ""acc_on_buffer"": {""18"": 0.4553359445662487}, ""similarity_metric"": ""residual_pearson"", ""merge_pairs"": [[18, 20]], ""slot_eras"": {""0"": 0, ""1"": 1,",joe-sudden,False,,897,0.4553359445662487,0.4783624508358458,0.4553359445662487,1.5825255587948597,-0.015938762969028686,0.060794097272351966,0.00922049989755619,-0.08162999664479731,fall,flat
72263,72359,96,orphan,7463.0,,2688.0,0.4946,0.5244,0.0298,rise,1.9923,2.3198,0.1644,,1355.0,0,sudden/medium/recurring_sudden_friedman_100k_g00.csv,htr/error,"{""buffer_len"": 97, ""merged"": [21], ""collection_size"": 2, ""current_idx"": 22, ""best_idx"": 18, ""acc_current_on_warning"": 0.4512753629920103, ""acc_best_on_warning"": 0.4512753629920103, ""acc_new_on_warning"": 0.31261342301134043, ""winner_initial"": ""reused_copy"", ""acc_on_buffer"": {""18"": 0.4512753629920103}, ""similarity_metric"": ""residual_pearson"", ""merge_pairs"": [[18, 21]], ""slot_eras"": {""0"": 0, ""1"": 1, ",joe-sudden,False,,97,0.4512753629920103,0.3126134230113404,0.4512753629920103,1.2651169551533794,-0.027046211919811602,0.021659537527484618,0.0023397427866546083,-0.1314385653740503,fall,fall
74567,75431,864,orphan,9767.0,,2304.0,0.4779,0.5238,0.0459,rise,1.8048,2.3245,0.2879,,2199.0,0,sudden/medium/recurring_sudden_friedman_100k_g00.csv,htr/error,"{""buffer_len"": 865, ""merged"": [22], ""collection_size"": 2, ""current_idx"": 23, ""best_idx"": 18, ""acc_current_on_warning"": 0.44574794708502385, ""acc_best_on_warning"": 0.44574794708502385, ""acc_new_on_warning"": 0.47982217561386653, ""winner_initial"": ""reused_copy"", ""acc_on_buffer"": {""18"": 0.44574794708502385}, ""similarity_metric"": ""residual_pearson"", ""merge_pairs"": [[18, 22]], ""slot_eras"": {""0"": 0, ""1"":",joe-sudden,False,,865,0.4457479470850238,0.4798221756138665,0.4457479470850238,1.2911079161308638,-0.008443293814900665,-0.03926233232693299,-0.007484015995014526,-0.047786201023488295,flat,flat
77479,77479,0,orphan,12679.0,,2912.0,0.4851,0.4821,-0.003,flat,1.8965,1.8472,-0.026,,840.0,0,sudden/medium/recurring_sudden_friedman_100k_g00.csv,htr/error,"{""buffer_len"": 1, ""merged"": [], ""collection_size"": 3, ""current_idx"": 24, ""best_idx"": 23, ""acc_current_on_warning"": 0.6604431790732193, ""acc_best_on_warning"": 0.6604431790732193, ""acc_new_on_warning"": 0.0, ""winner_initial"": ""reused_copy"", ""acc_on_buffer"": {""18"": 0.5737756348859991, ""23"": 0.6604431790732193}, ""similarity_metric"": ""residual_pearson"", ""merge_pairs"": [], ""slot_eras"": {""0"": 0, ""1"": 1, """,joe-sudden,False,,1,0.6604431790732193,0.0,0.6604431790732193,1.0134748052276243,-0.027465338963379604,-0.012883894228546966,-0.0025304892671257906,-0.13923737527015745,fall,fall
16615,18631,2016,orphan,,2819.0,,0.4921,0.4838,-0.0083,flat,1.7919,1.7101,-0.0457,,,0,sudden/medium/recurring_sudden_friedman_100k_g00.csv,htr-mwa50/error,"{""buffer_len"": 2017, ""merged"": [], ""collection_size"": 2, ""current_idx"": 1, ""best_idx"": 0, ""acc_current_on_warning"": 0.5103380942836622, ""acc_best_on_warning"": 0.5103380942836622, ""acc_new_on_warning"": 0.48875495781379863, ""winner_initial"": ""reused_copy"", ""acc_on_buffer"": {""0"": 0.5103380942836622}, ""similarity_metric"": ""residual_pearson"", ""merge_pairs"": [], ""slot_eras"": {""0"": 0, ""1"": 1}, ""score_sem",joe-sudden,False,,2017,0.5103380942836622,0.4887549578137986,0.5103380942836622,0.9950436145769379,-0.00406016378171109,0.012964430605266974,0.006409764455690858,-0.02221804765870572,flat,flat
19495,19544,49,hit,61.0,20080.0,2880.0,0.5112,0.6301,0.1189,rise,2.0126,3.2721,0.6258,,842.0,0,sudden/medium/recurring_sudden_friedman_100k_g00.csv,htr-mwa50/error,"{""buffer_len"": 50, ""merged"": [1], ""collection_size"": 2, ""current_idx"": 2, ""best_idx"": 0, ""acc_current_on_warning"": 0.2659049733941583, ""acc_best_on_warning"": 0.2659049733941583, ""acc_new_on_warning"": 0.22958201836725456, ""winner_initial"": ""reused_copy"", ""acc_on_buffer"": {""0"": 0.2659049733941583}, ""similarity_metric"": ""residual_pearson"", ""merge_pairs"": [[0, 1]], ""slot_eras"": {""0"": 0, ""1"": 1, ""2"": 2",joe-sudden,False,,50,0.2659049733941583,0.2295820183672545,0.2659049733941583,1.1422212922575805,0.04527453966850192,0.05263558310326122,0.011589742746778042,0.28779858481467646,rise,rise
20135,20359,224,echo_inwin,701.0,19440.0,640.0,0.6099,0.6186,0.0088,flat,3.0319,3.1694,0.0453,,545.0,1,sudden/medium/recurring_sudden_friedman_100k_g00.csv,htr-mwa50/error,"{""buffer_len"": 225, ""merged"": [2], ""collection_size"": 2, ""current_idx"": 3, ""best_idx"": 0, ""acc_current_on_warning"": 0.3065040291254565, ""acc_best_on_warning"": 0.3065040291254565, ""acc_new_on_warning"": 0.30294224547812065, ""winner_initial"": ""reused_copy"", ""acc_on_buffer"": {""0"": 0.3065040291254565}, ""similarity_metric"": ""residual_pearson"", ""merge_pairs"": [[0, 2]], ""slot_eras"": {""0"": 0, ""1"": 1, ""2"": ",joe-sudden,False,,225,0.3065040291254565,0.3029422454781206,0.3065040291254565,1.7209483636344651,0.018881861568914582,0.21448600876830537,0.03742824483565782,0.09506458230822856,rise,flat
21255,21304,49,echo,1821.0,18320.0,1120.0,0.5588,0.6215,0.0627,rise,2.558,3.283,0.2834,,1665.0,0,sudden/medium/recurring_sudden_friedman_100k_g00.csv,htr-mwa50/error,"{""buffer_len"": 50, ""merged"": [3], ""collection_size"": 2, ""current_idx"": 4, ""best_idx"": 0, ""acc_current_on_warning"": 0.25470550568033457, ""acc_best_on_warning"": 0.25470550568033457, ""acc_new_on_warning"": 0.2502302607491126, ""winner_initial"": ""reused_copy"", ""acc_on_buffer"": {""0"": 0.25470550568033457}, ""similarity_metric"": ""residual_pearson"", ""merge_pairs"": [[0, 3]], ""slot_eras"": {""0"": 0, ""1"": 1, ""2"":",joe-sudden,False,,50,0.2547055056803345,0.2502302607491126,0.2547055056803345,1.523307037456284,-0.04650994942308284,0.4107766970193376,0.06714640413761547,-0.15045735303888919,fall,fall
21607,26183,4576,echo,2173.0,17968.0,352.0,0.6051,0.5121,-0.0929,fall,3.1073,2.3226,-0.2525,,189.0,1,sudden/medium/recurring_sudden_friedman_100k_g00.csv,htr-mwa50/error,"{""buffer_len"": 4577, ""merged"": [4], ""collection_size"": 2, ""current_idx"": 5, ""best_idx"": 0, ""acc_current_on_warning"": 0.31904317841456553, ""acc_best_on_warning"": 0.31904317841456553, ""acc_new_on_warning"": 0.49840556977566963, ""winner_initial"": ""reused_copy"", ""acc_on_buffer"": {""0"": 0.31904317841456553}, ""similarity_metric"": ""residual_pearson"", ""merge_pairs"": [[0, 4]], ""slot_eras"": {""0"": 0, ""1"": 1, """,joe-sudden,False,,4577,0.3190431784145655,0.4984055697756696,0.3190431784145655,0.8560253053544759,-0.015259584293371153,0.16334757158079238,0.018911765256149793,-0.05329268705482659,fall,flat
40679,41127,448,orphan,1104.0,24121.0,19072.0,0.4713,0.4796,0.0083,flat,1.7974,1.8753,0.0433,,14494.0,0,sudden/medium/recurring_sudden_friedman_100k_g00.csv,htr-mwa50/error,"{""buffer_len"": 449, ""merged"": [5], ""collection_size"": 2, ""current_idx"": 6, ""best_idx"": 0, ""acc_current_on_warning"": 0.5257523266702391, ""acc_best_on_warning"": 0.5257523266702391, ""acc_new_on_warning"": 0.4775502898854658, ""winner_initial"": ""reused_copy"", ""acc_on_buffer"": {""0"": 0.5257523266702391}, ""similarity_metric"": ""residual_pearson"", ""merge_pairs"": [[0, 5]], ""slot_eras"": {""0"": 0, ""1"": 1, ""2"": 2",joe-sudden,False,late,449,0.5257523266702391,0.4775502898854658,0.5257523266702391,1.1255774865731454,-0.033794226060184895,0.02546096390553476,0.00550808777572781,-0.18867902525188507,fall,fall
65063,65112,49,hit,263.0,,24384.0,0.537,0.5449,0.0079,flat,2.3456,2.4028,0.0244,,23932.0,0,sudden/medium/recurring_sudden_friedman_100k_g00.csv,htr-mwa50/error,"{""buffer_len"": 50, ""merged"": [0], ""collection_size"": 2, ""current_idx"": 7, ""best_idx"": 6, ""acc_current_on_warning"": 0.41361468352694175, ""acc_best_on_warning"": 0.41361468352694175, ""acc_new_on_warning"": 0.2699991906011645, ""winner_initial"": ""reused_copy"", ""acc_on_buffer"": {""6"": 0.41361468352694175}, ""similarity_metric"": ""residual_pearson"", ""merge_pairs"": [[6, 0]], ""slot_eras"": {""0"": 0, ""1"": 1, ""2"":",joe-sudden,False,,50,0.4136146835269417,0.2699991906011645,0.4136146835269417,0.902057110618685,0.08218272727913783,0.08782946238280132,0.015503353532804187,0.5303247522778121,rise,rise
67111,67160,49,echo,2311.0,,2048.0,0.508,0.5422,0.0342,rise,2.0597,2.3894,0.1601,,25980.0,0,sudden/medium/recurring_sudden_friedman_100k_g00.csv,htr-mwa50/error,"{""buffer_len"": 50, ""merged"": [7], ""collection_size"": 2, ""current_idx"": 8, ""best_idx"": 6, ""acc_current_on_warning"": 0.4898705704017664, ""acc_best_on_warning"": 0.4898705704017664, ""acc_new_on_warning"": 0.2445955341773225, ""winner_initial"": ""reused_copy"", ""acc_on_buffer"": {""6"": 0.4898705704017664}, ""similarity_metric"": ""residual_pearson"", ""merge_pairs"": [[6, 7]], ""slot_eras"": {""0"": 0, ""1"": 1, ""2"": 2,",joe-sudden,False,,50,0.4898705704017664,0.2445955341773225,0.4898705704017664,1.5190472437175249,-0.018799398486979424,0.30235318180539683,0.048198992652054906,-0.08554691024038541,fall,flat
68391,69991,1600,orphan,3591.0,,1280.0,0.497,0.5293,0.0323,rise,1.9332,2.3099,0.1949,,27260.0,0,sudden/medium/recurring_sudden_friedman_100k_g00.csv,htr-mwa50/error,"{""buffer_len"": 1601, ""merged"": [8], ""collection_size"": 2, ""current_idx"": 9, ""best_idx"": 6, ""acc_current_on_warning"": 0.4192045655488946, ""acc_best_on_warning"": 0.4192045655488946, ""acc_new_on_warning"": 0.4389098401119891, ""winner_initial"": ""reused_copy"", ""acc_on_buffer"": {""6"": 0.4192045655488946}, ""similarity_metric"": ""residual_pearson"", ""merge_pairs"": [[6, 8]], ""slot_eras"": {""0"": 0, ""1"": 1, ""2"": ",joe-sudden,False,,1601,0.4192045655488946,0.4389098401119891,0.4192045655488946,1.0661718990307143,0.00571843921609172,0.12027117032538204,0.020852035792441492,0.03148923445304219,flat,flat
72519,73575,1056,orphan,7719.0,,4128.0,0.4873,0.5136,0.0263,rise,1.8672,2.1687,0.1614,,1598.0,0,sudden/medium/recurring_sudden_friedman_100k_g00.csv,htr-mwa50/error,"{""buffer_len"": 1057, ""merged"": [9], ""collection_size"": 2, ""current_idx"": 10, ""best_idx"": 6, ""acc_current_on_warning"": 0.42390913204261915, ""acc_best_on_warning"": 0.42390913204261915, ""acc_new_on_warning"": 0.4955214227283846, ""winner_initial"": ""reused_copy"", ""acc_on_buffer"": {""6"": 0.42390913204261915}, ""similarity_metric"": ""residual_pearson"", ""merge_pairs"": [[6, 9]], ""slot_eras"": {""0"": 0, ""1"": 1, """,joe-sudden,False,,1057,0.4239091320426191,0.4955214227283846,0.4239091320426191,1.092289514408648,-0.007429333288906381,-0.0779549948360404,-0.018093467961622922,-0.025905363445335783,flat,flat
79719,79768,49,orphan,14919.0,,7200.0,0.4884,0.5474,0.059,rise,1.8627,2.4869,0.3351,,2242.0,0,sudden/medium/recurring_sudden_friedman_100k_g00.csv,htr-mwa50/error,"{""buffer_len"": 50, ""merged"": [10], ""collection_size"": 2, ""current_idx"": 11, ""best_idx"": 6, ""acc_current_on_warning"": 0.4500537069006729, ""acc_best_on_warning"": 0.4500537069006729, ""acc_new_on_warning"": 0.2753270637655878, ""winner_initial"": ""reused_copy"", ""acc_on_buffer"": {""6"": 0.4500537069006729}, ""similarity_metric"": ""residual_pearson"", ""merge_pairs"": [[6, 10]], ""slot_eras"": {""0"": 0, ""1"": 1, ""2"":",joe-sudden,False,,50,0.4500537069006729,0.2753270637655878,0.4500537069006729,1.4855183783092873,-0.0010569697744585715,-0.0759906329994312,-0.015059562471070376,-0.01676969140334894,flat,flat
81511,81703,192,orphan,16711.0,,1792.0,0.499,0.5461,0.0471,rise,1.9798,2.4579,0.2415,,1735.0,0,sudden/medium/recurring_sudden_friedman_100k_g00.csv,htr-mwa50/error,"{""buffer_len"": 193, ""merged"": [11], ""collection_size"": 2, ""current_idx"": 12, ""best_idx"": 6, ""acc_current_on_warning"": 0.4250411221009057, ""acc_best_on_warning"": 0.4250411221009057, ""acc_new_on_warning"": 0.3426682400196056, ""winner_initial"": ""reused_copy"", ""acc_on_buffer"": {""6"": 0.4250411221009057}, ""similarity_metric"": ""residual_pearson"", ""merge_pairs"": [[6, 11]], ""slot_eras"": {""0"": 0, ""1"": 1, ""2""",joe-sudden,False,,193,0.4250411221009057,0.3426682400196056,0.4250411221009057,1.2553368142673607,-0.02866690534184735,0.032571150080223266,0.008371225646368496,-0.1314559417044966,fall,fall
83719,84071,352,orphan,18919.0,,2208.0,0.503,0.5536,0.0506,rise,2.0132,2.5366,0.2599,,2011.0,0,sudden/medium/recurring_sudden_friedman_100k_g00.csv,htr-mwa50/error,"{""buffer_len"": 353, ""merged"": [12], ""collection_size"": 2, ""current_idx"": 13, ""best_idx"": 6, ""acc_current_on_warning"": 0.43233202586436115, ""acc_best_on_warning"": 0.43233202586436115, ""acc_new_on_warning"": 0.35581285045883326, ""winner_initial"": ""reused_copy"", ""acc_on_buffer"": {""6"": 0.43233202586436115}, ""similarity_metric"": ""residual_pearson"", ""merge_pairs"": [[6, 12]], ""slot_eras"": {""0"": 0, ""1"": 1,",joe-sudden,False,,353,0.4323320258643611,0.3558128504588332,0.4323320258643611,1.3480841521646902,-0.01481826986124185,0.047234500534206525,0.01013941279819297,-0.05675220659436675,fall,flat
85127,85223,96,orphan,20327.0,,1408.0,0.5119,0.5638,0.052,rise,2.138,2.6764,0.2518,,1013.0,0,sudden/medium/recurring_sudden_friedman_100k_g00.csv,htr-mwa50/error,"{""buffer_len"": 97, ""merged"": [13], ""collection_size"": 2, ""current_idx"": 14, ""best_idx"": 6, ""acc_current_on_warning"": 0.44902467514376665, ""acc_best_on_warning"": 0.44902467514376665, ""acc_new_on_warning"": 0.3246790725111769, ""winner_initial"": ""reused_copy"", ""acc_on_buffer"": {""6"": 0.44902467514376665}, ""similarity_metric"": ""residual_pearson"", ""merge_pairs"": [[6, 13]], ""slot_eras"": {""0"": 0, ""1"": 1, """,joe-sudden,False,,97,0.4490246751437666,0.3246790725111769,0.4490246751437666,1.4000132930050806,-0.01617195257239168,0.0648527382342341,0.01231458088119819,-0.0645522443382105,fall,flat
86983,87032,49,orphan,22183.0,,1856.0,0.4921,0.5258,0.0337,rise,1.9218,2.2695,0.1809,,2869.0,0,sudden/medium/recurring_sudden_friedman_100k_g00.csv,htr-mwa50/error,"{""buffer_len"": 50, ""merged"": [14], ""collection_size"": 2, ""current_idx"": 15, ""best_idx"": 6, ""acc_current_on_warning"": 0.4419053607990113, ""acc_best_on_warning"": 0.4419053607990113, ""acc_new_on_warning"": 0.28389564966844905, ""winner_initial"": ""reused_copy"", ""acc_on_buffer"": {""6"": 0.4419053607990113}, ""similarity_metric"": ""residual_pearson"", ""merge_pairs"": [[6, 14]], ""slot_eras"": {""0"": 0, ""1"": 1, ""2""",joe-sudden,False,,50,0.4419053607990113,0.283895649668449,0.4419053607990113,1.322619206821087,-0.044516204904707424,0.10461311096244463,0.019392596029383702,-0.1990178003914198,fall,fall
90599,90648,49,orphan,25799.0,,3616.0,0.4859,0.5351,0.0493,rise,1.8497,2.3691,0.2808,,3565.0,0,sudden/medium/recurring_sudden_friedman_100k_g00.csv,htr-mwa50/error,"{""buffer_len"": 50, ""merged"": [15], ""collection_size"": 2, ""current_idx"": 16, ""best_idx"": 6, ""acc_current_on_warning"": 0.43706168979665116, ""acc_best_on_warning"": 0.43706168979665116, ""acc_new_on_warning"": 0.21865519940411882, ""winner_initial"": ""reused_copy"", ""acc_on_buffer"": {""6"": 0.43706168979665116}, ""similarity_metric"": ""residual_pearson"", ""merge_pairs"": [[6, 15]], ""slot_eras"": {""0"": 0, ""1"": 1, ",joe-sudden,False,,50,0.4370616897966511,0.2186551994041188,0.4370616897966511,1.2766792313440705,-0.003054267382257392,-0.11189647024137872,-0.025408122269851452,-0.026721206626386773,flat,flat
92935,94183,1248,orphan,28135.0,,2336.0,0.4978,0.5308,0.0331,rise,2.0151,2.323,0.1528,,5901.0,0,sudden/medium/recurring_sudden_friedman_100k_g00.csv,htr-mwa50/error,"{""buffer_len"": 1249, ""merged"": [16], ""collection_size"": 2, ""current_idx"": 17, ""best_idx"": 6, ""acc_current_on_warning"": 0.425883664728018, ""acc_best_on_warning"": 0.425883664728018, ""acc_new_on_warning"": 0.444326945618977, ""winner_initial"": ""reused_copy"", ""acc_on_buffer"": {""6"": 0.425883664728018}, ""similarity_metric"": ""residual_pearson"", ""merge_pairs"": [[6, 16]], ""slot_eras"": {""0"": 0, ""1"": 1, ""2"": 2",joe-sudden,False,,1249,0.425883664728018,0.444326945618977,0.425883664728018,1.1874841135807794,-0.0007929919351670756,-0.05489980223632296,-0.012454359168462714,-0.01029021321789958,flat,flat
95879,96231,352,orphan,31079.0,,2944.0,0.4922,0.5337,0.0415,rise,1.9099,2.3499,0.2303,,1592.0,0,sudden/medium/recurring_sudden_friedman_100k_g00.csv,htr-mwa50/error,"{""buffer_len"": 353, ""merged"": [17], ""collection_size"": 2, ""current_idx"": 18, ""best_idx"": 6, ""acc_current_on_warning"": 0.41032817039241976, ""acc_best_on_warning"": 0.41032817039241976, ""acc_new_on_warning"": 0.3592945274100988, ""winner_initial"": ""reused_copy"", ""acc_on_buffer"": {""6"": 0.41032817039241976}, ""similarity_metric"": ""residual_pearson"", ""merge_pairs"": [[6, 17]], ""slot_eras"": {""0"": 0, ""1"": 1, ",joe-sudden,False,,353,0.4103281703924197,0.3592945274100988,0.4103281703924197,1.293759770661915,-0.010916386139530054,0.0037867605311814323,0.0013819542340135493,-0.05680806085233192,fall,flat
99303,99399,96,orphan,34503.0,,3424.0,0.4883,0.5375,0.0492,rise,1.8934,2.421,0.2786,,5016.0,0,sudden/medium/recurring_sudden_friedman_100k_g00.csv,htr-mwa50/error,"{""buffer_len"": 97, ""merged"": [18], ""collection_size"": 2, ""current_idx"": 19, ""best_idx"": 6, ""acc_current_on_warning"": 0.4236675408407383, ""acc_best_on_warning"": 0.4236675408407383, ""acc_new_on_warning"": 0.29563501076906196, ""winner_initial"": ""reused_copy"", ""acc_on_buffer"": {""6"": 0.4236675408407383}, ""similarity_metric"": ""residual_pearson"", ""merge_pairs"": [[6, 18]], ""slot_eras"": {""0"": 0, ""1"": 1, ""2""",joe-sudden,False,,97,0.4236675408407383,0.2956350107690619,0.4236675408407383,1.3062604134548506,-0.012525519422343867,-0.028080455580742347,-0.005702884843060918,-0.05902626769714825,fall,flat
16615,18631,2016,orphan,,2819.0,,0.4921,0.4944,0.0023,flat,1.7919,1.7064,-0.0477,,,0,sudden/medium/recurring_sudden_friedman_100k_g00.csv,htr-nr/error,"{""buffer_len"": 2017, ""merged"": [], ""collection_size"": 2, ""current_idx"": 1, ""best_idx"": 0, ""acc_current_on_warning"": 0.5103380942836622, ""acc_best_on_warning"": 0.5103380942836622, ""acc_new_on_warning"": 0.48875495781379863, ""winner_initial"": ""reused_copy"", ""acc_on_buffer"": {""0"": 0.5103380942836622}, ""similarity_metric"": ""residual_pearson"", ""merge_pairs"": [], ""slot_eras"": {""0"": 0, ""1"": 1}, ""score_sem",joe-sudden,False,,2017,0.5103380942836622,0.4887549578137986,0.5103380942836622,0.9896115014389605,-0.00406016378171109,0.012964430605266974,0.006409764455690858,-0.02221804765870572,flat,flat
19527,19527,0,hit,93.0,20048.0,2912.0,0.5337,0.4866,-0.0472,fall,2.144,2.9225,0.3631,fake_fall,851.0,0,sudden/medium/recurring_sudden_friedman_100k_g00.csv,htr-nr/error,"{""buffer_len"": 1, ""merged"": [], ""collection_size"": 3, ""current_idx"": 2, ""best_idx"": 1, ""acc_current_on_warning"": 0.1471508958116614, ""acc_best_on_warning"": 0.1471508958116614, ""acc_new_on_warning"": 0.0, ""winner_initial"": ""reused_copy"", ""acc_on_buffer"": {""0"": 0.05039397991238992, ""1"": 0.1471508958116614}, ""similarity_metric"": ""residual_pearson"", ""merge_pairs"": [], ""slot_eras"": {""0"": 0, ""1"": 1, ""2"":",joe-sudden,False,,1,0.1471508958116614,0.0,0.1471508958116614,1.0677473493371834,0.040997594705388885,0.040687666788264965,0.012723836341530903,0.2179248220005665,rise,rise
24135,24135,0,orphan,4701.0,15440.0,4608.0,0.4995,0.4582,-0.0412,fall,2.303,3.2609,0.4159,fake_fall,4568.0,0,sudden/medium/recurring_sudden_friedman_100k_g00.csv,htr-nr/error,"{""buffer_len"": 1, ""merged"": [], ""collection_size"": 4, ""current_idx"": 3, ""best_idx"": 0, ""acc_current_on_warning"": 0.12111762096357659, ""acc_best_on_warning"": 0.6150757451710774, ""acc_new_on_warning"": 0.0, ""winner_initial"": ""reused_copy"", ""acc_on_buffer"": {""0"": 0.6150757451710774, ""1"": 0.47978565977033905, ""2"": 0.12111762096357659}, ""similarity_metric"": ""residual_pearson"", ""merge_pairs"": [], ""slot_e",joe-sudden,False,,1,0.6150757451710774,0.0,0.1211176209635765,1.6034450796451223,0.017528615243815215,0.08968891006058688,-0.007278369408067198,0.0846592321951316,rise,flat
28743,28743,0,orphan,9309.0,10832.0,4608.0,0.4798,0.4845,0.0046,flat,2.0877,2.9106,0.3942,,4557.0,0,sudden/medium/recurring_sudden_friedman_100k_g00.csv,htr-nr/error,"{""buffer_len"": 1, ""merged"": [], ""collection_size"": 5, ""current_idx"": 4, ""best_idx"": 1, ""acc_current_on_warning"": 0.5606146245455175, ""acc_best_on_warning"": 0.6366417276916014, ""acc_new_on_warning"": 0.0, ""winner_initial"": ""reused_copy"", ""acc_on_buffer"": {""0"": 0.2654366023093604, ""1"": 0.6366417276916014, ""2"": 0.5974239800177502, ""3"": 0.5606146245455175}, ""similarity_metric"": ""residual_pearson"", ""mer",joe-sudden,False,,1,0.6366417276916014,0.0,0.5606146245455175,1.490513836011767,0.0026957054854302998,-0.08644186760690431,0.002063149943471232,-0.006856895576227373,flat,flat
37255,37959,704,orphan,17821.0,2320.0,8512.0,0.496,0.5003,0.0043,flat,2.1489,2.119,-0.0139,,13069.0,0,sudden/medium/recurring_sudden_friedman_100k_g00.csv,htr-nr/error,"{""buffer_len"": 705, ""merged"": [1, 0, 2, 4], ""collection_size"": 2, ""current_idx"": 5, ""best_idx"": 3, ""acc_current_on_warning"": 0.5049226970410304, ""acc_best_on_warning"": 0.5049226970410304, ""acc_new_on_warning"": 0.41929441989153404, ""winner_initial"": ""reused_copy"", ""acc_on_buffer"": {""3"": 0.5049226970410304}, ""similarity_metric"": ""residual_pearson"", ""merge_pairs"": [[0, 1], [2, 0], [3, 2], [3, 4]], ""s",joe-sudden,False,,705,0.5049226970410304,0.419294419891534,0.5049226970410304,1.0452494370650325,0.0017623414469295495,-0.028269477323620174,0.010612267765013228,0.005529972315647891,flat,flat
40519,40519,0,hit,944.0,24281.0,3264.0,0.47,0.496,0.026,rise,1.9148,1.7199,-0.1018,fake_rise,16333.0,0,sudden/medium/recurring_sudden_friedman_100k_g00.csv,htr-nr/error,"{""buffer_len"": 1, ""merged"": [], ""collection_size"": 3, ""current_idx"": 6, ""best_idx"": 5, ""acc_current_on_warning"": 0.6415947118234946, ""acc_best_on_warning"": 0.6415947118234946, ""acc_new_on_warning"": 0.0, ""winner_initial"": ""reused_copy"", ""acc_on_buffer"": {""3"": 0.3708703431464483, ""5"": 0.6415947118234946}, ""similarity_metric"": ""residual_pearson"", ""merge_pairs"": [], ""slot_eras"": {""0"": 0, ""1"": 1, ""2"": ",joe-sudden,True,,1,0.6415947118234946,0.0,0.6415947118234946,0.9079643231122566,-0.04008770315090204,0.07178193731348648,0.014790782236574929,-0.18584431053225214,fall,fall
65479,65575,96,hit,679.0,,24960.0,0.595,0.4959,-0.099,fall,2.5143,2.017,-0.1978,,24929.0,0,sudden/medium/recurring_sudden_friedman_100k_g00.csv,htr-nr/error,"{""buffer_len"": 97, ""merged"": [5, 6], ""collection_size"": 2, ""current_idx"": 7, ""best_idx"": 3, ""acc_current_on_warning"": 0.4719980570583716, ""acc_best_on_warning"": 0.4719980570583716, ""acc_new_on_warning"": 0.2655411763602452, ""winner_initial"": ""reused_copy"", ""acc_on_buffer"": {""3"": 0.4719980570583716}, ""similarity_metric"": ""residual_pearson"", ""merge_pairs"": [[3, 5], [3, 6]], ""slot_eras"": {""0"": 0, ""1"":",joe-sudden,False,,97,0.4719980570583716,0.2655411763602452,0.4719980570583716,0.8859070766809101,0.06334543360189404,0.16954028051621917,0.030677170720157354,0.3045101697078292,rise,rise
17319,17479,160,hit,967.0,24710.0,,0.4589,0.4537,-0.0053,flat,1.4707,1.3965,-0.0504,masked_fall,,0,sudden/medium/recurring_sudden_friedman_100k_g01.csv,htr/error,"{""buffer_len"": 161, ""merged"": [], ""collection_size"": 2, ""current_idx"": 1, ""best_idx"": 0, ""acc_current_on_warning"": 0.5438542995362812, ""acc_best_on_warning"": 0.5438542995362812, ""acc_new_on_warning"": 0.3962403562010012, ""winner_initial"": ""reused_copy"", ""acc_on_buffer"": {""0"": 0.5438542995362812}, ""similarity_metric"": ""residual_pearson"", ""merge_pairs"": [], ""slot_eras"": {""0"": 0, ""1"": 1}, ""score_seman",joe-sudden,False,,161,0.5438542995362812,0.3962403562010012,0.5438542995362812,1.0475806216884904,-0.009543829492212885,-0.06397718729727508,-0.005797805366091591,-0.06617496977612214,fall,flat
30791,31047,256,orphan,14439.0,11238.0,13472.0,0.4821,0.4563,-0.0258,fall,1.4988,1.2743,-0.1498,,,0,sudden/medium/recurring_sudden_friedman_100k_g01.csv,htr/error,"{""buffer_len"": 257, ""merged"": [0], ""collection_size"": 2, ""current_idx"": 2, ""best_idx"": 1, ""acc_current_on_warning"": 0.5267051657902582, ""acc_best_on_warning"": 0.5267051657902582, ""acc_new_on_warning"": 0.43279961837344594, ""winner_initial"": ""reused_copy"", ""acc_on_buffer"": {""1"": 0.5267051657902582}, ""similarity_metric"": ""residual_pearson"", ""merge_pairs"": [[1, 0]], ""slot_eras"": {""0"": 0, ""1"": 1, ""2"": ",joe-sudden,False,,257,0.5267051657902582,0.4327996183734459,0.5267051657902582,0.8459572222375631,0.0026826691234819178,0.03240248585390382,0.009628355283255452,0.008807259899239472,flat,flat
42151,42151,0,hit,122.0,28186.0,11360.0,0.5655,0.7539,0.1884,rise,2.8222,4.741,0.6799,,11102.0,0,sudden/medium/recurring_sudden_friedman_100k_g01.csv,htr/error,"{""buffer_len"": 1, ""merged"": [], ""collection_size"": 3, ""current_idx"": 3, ""best_idx"": 1, ""acc_current_on_warning"": 0.0, ""acc_best_on_warning"": 0.0, ""acc_new_on_warning"": 0.0, ""winner_initial"": ""reused_copy"", ""acc_on_buffer"": {""1"": 0.0, ""2"": 0.0}, ""similarity_metric"": ""residual_pearson"", ""merge_pairs"": [], ""slot_eras"": {""0"": 0, ""1"": 1, ""2"": 2, ""3"": 3}, ""score_semantics"": ""1_minus_mean_normalized_resi",joe-sudden,False,,1,0.0,0.0,0.0,1.0250266548406584,0.09660288770624098,0.16314591242772747,0.01540422483969639,1.1392897522870609,rise,rise
42983,43047,64,echo_inwin,954.0,27354.0,832.0,0.6787,0.6321,-0.0466,fall,3.5984,3.0406,-0.155,,830.0,0,sudden/medium/recurring_sudden_friedman_100k_g01.csv,htr/error,"{""buffer_len"": 65, ""merged"": [2], ""collection_size"": 3, ""current_idx"": 4, ""best_idx"": 3, ""acc_current_on_warning"": 0.3540277291616325, ""acc_best_on_warning"": 0.3540277291616325, ""acc_new_on_warning"": 0.2506082374807237, ""winner_initial"": ""reused_copy"", ""acc_on_buffer"": {""1"": 0.10379349812977501, ""3"": 0.3540277291616325}, ""similarity_metric"": ""residual_pearson"", ""merge_pairs"": [[1, 2]], ""slot_eras""",joe-sudden,False,,65,0.3540277291616325,0.2506082374807237,0.3540277291616325,1.0684493205672732,0.08861435006480467,0.78941049140998,0.08813548283592132,0.2489972567652292,rise,rise
46119,46119,0,orphan,4090.0,24218.0,3136.0,0.589,0.5815,-0.0075,flat,2.6204,2.6767,0.0215,,3060.0,0,sudden/medium/recurring_sudden_friedman_100k_g01.csv,htr/error,"{""buffer_len"": 1, ""merged"": [], ""collection_size"": 4, ""current_idx"": 5, ""best_idx"": 4, ""acc_current_on_warning"": 0.663676040464054, ""acc_best_on_warning"": 0.663676040464054, ""acc_new_on_warning"": 0.0, ""winner_initial"": ""reused_copy"", ""acc_on_buffer"": {""1"": 0.0, ""3"": 0.4215164481695184, ""4"": 0.663676040464054}, ""similarity_metric"": ""residual_pearson"", ""merge_pairs"": [], ""slot_eras"": {""0"": 0, ""1"": 1",joe-sudden,False,,1,0.663676040464054,0.0,0.663676040464054,0.9592429437572358,-0.018588132746452657,0.49955447422682053,0.09367020263402759,-0.09061209357829425,fall,flat
50247,53287,3040,orphan,8218.0,20090.0,4128.0,0.5535,0.5638,0.0103,flat,2.4071,2.629,0.0922,,7188.0,0,sudden/medium/recurring_sudden_friedman_100k_g01.csv,htr/error,"{""buffer_len"": 3041, ""merged"": [3, 4, 5], ""collection_size"": 2, ""current_idx"": 6, ""best_idx"": 1, ""acc_current_on_warning"": 0.13685641005143223, ""acc_best_on_warning"": 0.13685641005143223, ""acc_new_on_warning"": 0.43797806629124336, ""winner_initial"": ""reused_copy"", ""acc_on_buffer"": {""1"": 0.13685641005143223}, ""similarity_metric"": ""residual_pearson"", ""merge_pairs"": [[1, 3], [1, 4], [1, 5]], ""slot_era",joe-sudden,False,,3041,0.1368564100514322,0.4379780662912433,0.1368564100514322,1.092136088387853,0.00412406442903368,-0.027683804259978406,-0.015329754483263902,0.02897307349980749,flat,flat
63015,66535,3520,orphan,20986.0,7322.0,12768.0,0.5372,0.5607,0.0235,rise,2.3958,2.7358,0.1419,,9727.0,0,sudden/medium/recurring_sudden_friedman_100k_g01.csv,htr/error,"{""buffer_len"": 3521, ""merged"": [6], ""collection_size"": 2, ""current_idx"": 7, ""best_idx"": 1, ""acc_current_on_warning"": 0.141724740498143, ""acc_best_on_warning"": 0.141724740498143, ""acc_new_on_warning"": 0.4481956736099584, ""winner_initial"": ""reused_copy"", ""acc_on_buffer"": {""1"": 0.141724740498143}, ""similarity_metric"": ""residual_pearson"", ""merge_pairs"": [[1, 6]], ""slot_eras"": {""0"": 0, ""1"": 1, ""2"": 2, ",joe-sudden,False,,3521,0.141724740498143,0.4481956736099584,0.141724740498143,1.195182187019203,-0.006505466507054969,-0.02468497456853247,-0.011517303915607346,-0.024654913296956127,flat,flat
71143,71143,0,hit,806.0,,8128.0,0.4816,0.4728,-0.0088,flat,1.8036,1.7024,-0.0561,masked_fall,4604.0,0,sudden/medium/recurring_sudden_friedman_100k_g01.csv,htr/error,"{""buffer_len"": 1, ""merged"": [], ""collection_size"": 3, ""current_idx"": 8, ""best_idx"": 7, ""acc_current_on_warning"": 0.5858287513593414, ""acc_best_on_warning"": 0.5858287513593414, ""acc_new_on_warning"": 0.0, ""winner_initial"": ""reused_copy"", ""acc_on_buffer"": {""1"": 0.4708118488770646, ""7"": 0.5858287513593414}, ""similarity_metric"": ""residual_pearson"", ""merge_pairs"": [], ""slot_eras"": {""0"": 0, ""1"": 1, ""2"": ",joe-sudden,False,,1,0.5858287513593414,0.0,0.5858287513593414,0.9427437752360674,-0.07003330597824481,0.008883142240664776,-0.00017810848740318352,-0.31707404760243774,fall,fall
17319,17479,160,hit,967.0,24710.0,,0.4589,0.4537,-0.0053,flat,1.4707,1.3965,-0.0504,masked_fall,,0,sudden/medium/recurring_sudden_friedman_100k_g01.csv,htr-mwa50/error,"{""buffer_len"": 161, ""merged"": [], ""collection_size"": 2, ""current_idx"": 1, ""best_idx"": 0, ""acc_current_on_warning"": 0.5438542995362812, ""acc_best_on_warning"": 0.5438542995362812, ""acc_new_on_warning"": 0.3962403562010012, ""winner_initial"": ""reused_copy"", ""acc_on_buffer"": {""0"": 0.5438542995362812}, ""similarity_metric"": ""residual_pearson"", ""merge_pairs"": [], ""slot_eras"": {""0"": 0, ""1"": 1}, ""score_seman",joe-sudden,False,,161,0.5438542995362812,0.3962403562010012,0.5438542995362812,1.0475806216884904,-0.009543829492212885,-0.06397718729727508,-0.005797805366091591,-0.06617496977612214,fall,flat
30791,31047,256,orphan,14439.0,11238.0,13472.0,0.4821,0.4563,-0.0258,fall,1.4988,1.2743,-0.1498,,,0,sudden/medium/recurring_sudden_friedman_100k_g01.csv,htr-mwa50/error,"{""buffer_len"": 257, ""merged"": [0], ""collection_size"": 2, ""current_idx"": 2, ""best_idx"": 1, ""acc_current_on_warning"": 0.5267051657902582, ""acc_best_on_warning"": 0.5267051657902582, ""acc_new_on_warning"": 0.43279961837344594, ""winner_initial"": ""reused_copy"", ""acc_on_buffer"": {""1"": 0.5267051657902582}, ""similarity_metric"": ""residual_pearson"", ""merge_pairs"": [[1, 0]], ""slot_eras"": {""0"": 0, ""1"": 1, ""2"": ",joe-sudden,False,,257,0.5267051657902582,0.4327996183734459,0.5267051657902582,0.8459572222375631,0.0026826691234819178,0.03240248585390382,0.009628355283255452,0.008807259899239472,flat,flat
42151,42200,49,hit,122.0,28186.0,11360.0,0.5655,0.7494,0.1838,rise,2.8222,4.6118,0.6341,,11102.0,0,sudden/medium/recurring_sudden_friedman_100k_g01.csv,htr-mwa50/error,"{""buffer_len"": 50, ""merged"": [2], ""collection_size"": 2, ""current_idx"": 3, ""best_idx"": 1, ""acc_current_on_warning"": 0.14656431850491303, ""acc_best_on_warning"": 0.14656431850491303, ""acc_new_on_warning"": 0.24083100999604734, ""winner_initial"": ""reused_copy"", ""acc_on_buffer"": {""1"": 0.14656431850491303}, ""similarity_metric"": ""residual_pearson"", ""merge_pairs"": [[1, 2]], ""slot_eras"": {""0"": 0, ""1"": 1, ""2""",joe-sudden,False,,50,0.146564318504913,0.2408310099960473,0.146564318504913,0.826480068619357,0.1358861396120183,0.21702593848681984,0.021195383518089972,1.5144654586330621,rise,rise
42919,42968,49,echo_inwin,890.0,27418.0,768.0,0.693,0.7251,0.0322,rise,3.7653,4.3074,0.144,,713.0,0,sudden/medium/recurring_sudden_friedman_100k_g01.csv,htr-mwa50/error,"{""buffer_len"": 50, ""merged"": [3], ""collection_size"": 2, ""current_idx"": 4, ""best_idx"": 1, ""acc_current_on_warning"": 0.09030287744836907, ""acc_best_on_warning"": 0.09030287744836907, ""acc_new_on_warning"": 0.21705842981538448, ""winner_initial"": ""reused_copy"", ""acc_on_buffer"": {""1"": 0.09030287744836907}, ""similarity_metric"": ""residual_pearson"", ""merge_pairs"": [[1, 3]], ""slot_eras"": {""0"": 0, ""1"": 1, ""2""",joe-sudden,False,,50,0.090302877448369,0.2170584298153844,0.090302877448369,1.5682102864225784,0.1152197240560443,0.7502566738786929,0.08373501814221146,0.3854674144475383,rise,rise
43847,43896,49,echo,1818.0,26490.0,928.0,0.6583,0.705,0.0467,rise,3.3035,4.2908,0.2989,,871.0,0,sudden/medium/recurring_sudden_friedman_100k_g01.csv,htr-mwa50/error,"{""buffer_len"": 50, ""merged"": [4], ""collection_size"": 2, ""current_idx"": 5, ""best_idx"": 1, ""acc_current_on_warning"": 0.14947616547189246, ""acc_best_on_warning"": 0.14947616547189246, ""acc_new_on_warning"": 0.22903026303356566, ""winner_initial"": ""reused_copy"", ""acc_on_buffer"": {""1"": 0.14947616547189246}, ""similarity_metric"": ""residual_pearson"", ""merge_pairs"": [[1, 4]], ""slot_eras"": {""0"": 0, ""1"": 1, ""2""",joe-sudden,False,,50,0.1494761654718924,0.2290302630335656,0.1494761654718924,1.49128030444491,-0.05024253588380767,1.309845259311225,0.15079179418626704,-0.22007038269004675,fall,fall
44647,44871,224,echo,2618.0,25690.0,800.0,0.6584,0.66,0.0016,flat,3.5609,3.6493,0.0248,,750.0,0,sudden/medium/recurring_sudden_friedman_100k_g01.csv,htr-mwa50/error,"{""buffer_len"": 225, ""merged"": [5], ""collection_size"": 2, ""current_idx"": 6, ""best_idx"": 1, ""acc_current_on_warning"": 0.14538402323810085, ""acc_best_on_warning"": 0.14538402323810085, ""acc_new_on_warning"": 0.3095083431826744, ""winner_initial"": ""reused_copy"", ""acc_on_buffer"": {""1"": 0.14538402323810085}, ""similarity_metric"": ""residual_pearson"", ""merge_pairs"": [[1, 5]], ""slot_eras"": {""0"": 0, ""1"": 1, ""2""",joe-sudden,False,,225,0.1453840232381008,0.3095083431826744,0.1453840232381008,1.3210017050335803,-0.07033172049630632,1.9234061287687947,0.21825775827623284,-0.22123682167670755,fall,fall
46023,46072,49,orphan,3994.0,24314.0,1376.0,0.6078,0.6096,0.0018,flat,2.8992,3.0542,0.0535,,1151.0,0,sudden/medium/recurring_sudden_friedman_100k_g01.csv,htr-mwa50/error,"{""buffer_len"": 50, ""merged"": [], ""collection_size"": 3, ""current_idx"": 7, ""best_idx"": 6, ""acc_current_on_warning"": 0.40241132849004624, ""acc_best_on_warning"": 0.40241132849004624, ""acc_new_on_warning"": 0.2751722448089228, ""winner_initial"": ""reused_copy"", ""acc_on_buffer"": {""1"": 0.12305175408971625, ""6"": 0.40241132849004624}, ""similarity_metric"": ""residual_pearson"", ""merge_pairs"": [], ""slot_eras"": {""",joe-sudden,False,,50,0.4024113284900462,0.2751722448089228,0.4024113284900462,1.059704066959979,-0.05311806929016072,0.8408709439210942,0.1408146873174716,-0.19253119134313235,fall,fall
49095,49144,49,orphan,7066.0,21242.0,3072.0,0.5779,0.6932,0.1152,rise,2.7373,4.3738,0.5979,,3014.0,0,sudden/medium/recurring_sudden_friedman_100k_g01.csv,htr-mwa50/error,"{""buffer_len"": 50, ""merged"": [6, 7], ""collection_size"": 2, ""current_idx"": 8, ""best_idx"": 1, ""acc_current_on_warning"": 0.09277830319368818, ""acc_best_on_warning"": 0.09277830319368818, ""acc_new_on_warning"": 0.19228656390299326, ""winner_initial"": ""reused_copy"", ""acc_on_buffer"": {""1"": 0.09277830319368818}, ""similarity_metric"": ""residual_pearson"", ""merge_pairs"": [[1, 6], [1, 7]], ""slot_eras"": {""0"": 0, ",joe-sudden,False,,50,0.0927783031936881,0.1922865639029932,0.0927783031936881,1.9940544304273882,0.002732280385084107,-0.0783473087997425,-0.026473197457696496,0.040911247821754815,flat,flat
49671,49720,49,orphan,7642.0,20666.0,576.0,0.6773,0.6607,-0.0165,flat,4.1001,3.9461,-0.0375,,489.0,1,sudden/medium/recurring_sudden_friedman_100k_g01.csv,htr-mwa50/error,"{""buffer_len"": 50, ""merged"": [8], ""collection_size"": 2, ""current_idx"": 9, ""best_idx"": 1, ""acc_current_on_warning"": 0.1232713727590139, ""acc_best_on_warning"": 0.1232713727590139, ""acc_new_on_warning"": 0.26105943928759456, ""winner_initial"": ""reused_copy"", ""acc_on_buffer"": {""1"": 0.1232713727590139}, ""similarity_metric"": ""residual_pearson"", ""merge_pairs"": [[1, 8]], ""slot_eras"": {""0"": 0, ""1"": 1, ""2"": 2",joe-sudden,False,,50,0.1232713727590139,0.2610594392875945,0.1232713727590139,1.2888187982867039,0.08206902464740073,-0.04628836138217607,-0.02295133724839593,0.3806248093517528,rise,rise
51335,51431,96,orphan,9306.0,19002.0,1664.0,0.6097,0.6568,0.0471,rise,3.2633,3.9523,0.2111,,1613.0,0,sudden/medium/recurring_sudden_friedman_100k_g01.csv,htr-mwa50/error,"{""buffer_len"": 97, ""merged"": [9], ""collection_size"": 2, ""current_idx"": 10, ""best_idx"": 1, ""acc_current_on_warning"": 0.1039168206569221, ""acc_best_on_warning"": 0.1039168206569221, ""acc_new_on_warning"": 0.3218693118265552, ""winner_initial"": ""reused_copy"", ""acc_on_buffer"": {""1"": 0.1039168206569221}, ""similarity_metric"": ""residual_pearson"", ""merge_pairs"": [[1, 9]], ""slot_eras"": {""0"": 0, ""1"": 1, ""2"": 2",joe-sudden,False,,97,0.1039168206569221,0.3218693118265552,0.1039168206569221,1.4739597978867087,-0.051936101123941425,0.05501676590384008,-0.007870485075338274,-0.1597867319820735,fall,fall
52199,52248,49,orphan,10170.0,18138.0,864.0,0.6097,0.5899,-0.0198,flat,3.309,3.0475,-0.079,masked_fall,761.0,0,sudden/medium/recurring_sudden_friedman_100k_g01.csv,htr-mwa50/error,"{""buffer_len"": 50, ""merged"": [], ""collection_size"": 3, ""current_idx"": 11, ""best_idx"": 10, ""acc_current_on_warning"": 0.3722949974630059, ""acc_best_on_warning"": 0.3722949974630059, ""acc_new_on_warning"": 0.28015375943940113, ""winner_initial"": ""reused_copy"", ""acc_on_buffer"": {""1"": 0.152462206363025, ""10"": 0.3722949974630059}, ""similarity_metric"": ""residual_pearson"", ""merge_pairs"": [], ""slot_eras"": {""0",joe-sudden,False,,50,0.3722949974630059,0.2801537594394011,0.3722949974630059,0.9369409572387757,-0.02912018168922892,0.14870614010380123,0.016413909656566528,-0.09265164975589446,fall,fall
54247,54343,96,orphan,12218.0,16090.0,2048.0,0.5706,0.5834,0.0129,flat,2.8801,2.9964,0.0404,,1996.0,0,sudden/medium/recurring_sudden_friedman_100k_g01.csv,htr-mwa50/error,"{""buffer_len"": 97, ""merged"": [11], ""collection_size"": 3, ""current_idx"": 12, ""best_idx"": 10, ""acc_current_on_warning"": 0.1419499578088147, ""acc_best_on_warning"": 0.39626782362905877, ""acc_new_on_warning"": 0.2811487059806381, ""winner_initial"": ""reused_copy"", ""acc_on_buffer"": {""1"": 0.1419499578088147, ""10"": 0.39626782362905877}, ""similarity_metric"": ""residual_pearson"", ""merge_pairs"": [[1, 11]], ""slot",joe-sudden,False,,97,0.3962678236290587,0.2811487059806381,0.1419499578088147,1.1134322897197964,-0.021480996011367992,0.010071193592049665,-0.014634125104328266,-0.07255085332712985,fall,fall
59079,60487,1408,orphan,17050.0,11258.0,4832.0,0.5365,0.5566,0.0201,rise,2.5234,2.8259,0.1199,,4710.0,0,sudden/medium/recurring_sudden_friedman_100k_g01.csv,htr-mwa50/error,"{""buffer_len"": 1409, ""merged"": [12], ""collection_size"": 3, ""current_idx"": 13, ""best_idx"": 10, ""acc_current_on_warning"": 0.16016564430649416, ""acc_best_on_warning"": 0.41539519488801746, ""acc_new_on_warning"": 0.4336728445751826, ""winner_initial"": ""reused_copy"", ""acc_on_buffer"": {""1"": 0.16016564430649416, ""10"": 0.41539519488801746}, ""similarity_metric"": ""residual_pearson"", ""merge_pairs"": [[1, 12]], """,joe-sudden,False,,1409,0.4153951948880174,0.4336728445751826,0.1601656443064941,0.9763893030591237,0.007738195213471966,-0.11196242977124815,-0.0334754511261508,0.04425988397642544,flat,flat
68359,68647,288,orphan,26330.0,1978.0,9280.0,0.5218,0.5633,0.0415,rise,2.4442,2.9687,0.2146,,7857.0,0,sudden/medium/recurring_sudden_friedman_100k_g01.csv,htr-mwa50/error,"{""buffer_len"": 289, ""merged"": [13], ""collection_size"": 3, ""current_idx"": 14, ""best_idx"": 10, ""acc_current_on_warning"": 0.14816954251688952, ""acc_best_on_warning"": 0.4406253043558612, ""acc_new_on_warning"": 0.3498375130645075, ""winner_initial"": ""reused_copy"", ""acc_on_buffer"": {""1"": 0.14816954251688952, ""10"": 0.4406253043558612}, ""similarity_metric"": ""residual_pearson"", ""merge_pairs"": [[1, 13]], ""slo",joe-sudden,False,,289,0.4406253043558612,0.3498375130645075,0.1481695425168895,1.2677581482201135,-0.010922375373085602,-0.05725893226334522,-0.014967427786573118,-0.05117591316742187,fall,flat
70695,70744,49,hit,358.0,,2336.0,0.5321,0.5766,0.0445,rise,2.5858,3.1125,0.2037,,10193.0,0,sudden/medium/recurring_sudden_friedman_100k_g01.csv,htr-mwa50/error,"{""buffer_len"": 50, ""merged"": [14], ""collection_size"": 3, ""current_idx"": 15, ""best_idx"": 1, ""acc_current_on_warning"": 0.3503224521800149, ""acc_best_on_warning"": 0.3503224521800149, ""acc_new_on_warning"": 0.33727952095934066, ""winner_initial"": ""reused_copy"", ""acc_on_buffer"": {""1"": 0.3503224521800149, ""10"": 0.29995641837865095}, ""similarity_metric"": ""residual_pearson"", ""merge_pairs"": [[1, 14]], ""slot_",joe-sudden,False,,50,0.3503224521800149,0.3372795209593406,0.3503224521800149,1.8069828626780695,-0.03868475559225071,-0.0028179528378122765,-0.004235877252718678,-0.16626283710223566,fall,fall
71591,71640,49,echo,1254.0,,896.0,0.5206,0.5678,0.0472,rise,2.4197,3.0596,0.2645,,273.0,1,sudden/medium/recurring_sudden_friedman_100k_g01.csv,htr-mwa50/error,"{""buffer_len"": 50, ""merged"": [15], ""collection_size"": 3, ""current_idx"": 16, ""best_idx"": 1, ""acc_current_on_warning"": 0.335882137074464, ""acc_best_on_warning"": 0.335882137074464, ""acc_new_on_warning"": 0.323712542520705, ""winner_initial"": ""reused_copy"", ""acc_on_buffer"": {""1"": 0.335882137074464, ""10"": 0.29581404096919295}, ""similarity_metric"": ""residual_pearson"", ""merge_pairs"": [[1, 15]], ""slot_eras""",joe-sudden,False,,50,0.335882137074464,0.323712542520705,0.335882137074464,1.7439376943362384,-0.04121612990936485,0.04966637927475559,0.007330632164992967,-0.1883753828978212,fall,fall
72647,72696,49,echo,2310.0,,1056.0,0.5162,0.572,0.0559,rise,2.385,3.0725,0.2883,,138.0,1,sudden/medium/recurring_sudden_friedman_100k_g01.csv,htr-mwa50/error,"{""buffer_len"": 50, ""merged"": [16], ""collection_size"": 3, ""current_idx"": 17, ""best_idx"": 1, ""acc_current_on_warning"": 0.3863689453595659, ""acc_best_on_warning"": 0.3863689453595659, ""acc_new_on_warning"": 0.35649064869756275, ""winner_initial"": ""reused_copy"", ""acc_on_buffer"": {""1"": 0.3863689453595659, ""10"": 0.2515014255997998}, ""similarity_metric"": ""residual_pearson"", ""merge_pairs"": [[1, 16]], ""slot_e",joe-sudden,False,,50,0.3863689453595659,0.3564906486975627,0.3863689453595659,1.7580705000021273,-0.035566496657316926,0.007618891363187386,-0.0005036144660903741,-0.1533944680866045,fall,fall
73255,73575,320,echo,2918.0,,608.0,0.5553,0.534,-0.0213,fall,2.859,2.6167,-0.0848,,285.0,1,sudden/medium/recurring_sudden_friedman_100k_g01.csv,htr-mwa50/error,"{""buffer_len"": 321, ""merged"": [17], ""collection_size"": 3, ""current_idx"": 18, ""best_idx"": 1, ""acc_current_on_warning"": 0.34976141676228134, ""acc_best_on_warning"": 0.34976141676228134, ""acc_new_on_warning"": 0.42812063782215326, ""winner_initial"": ""reused_copy"", ""acc_on_buffer"": {""1"": 0.34976141676228134, ""10"": 0.30432568270214344}, ""similarity_metric"": ""residual_pearson"", ""merge_pairs"": [[1, 17]], ""s",joe-sudden,False,,321,0.3497614167622813,0.4281206378221532,0.3497614167622813,0.9454144347532689,-0.008692569638336645,0.010476336885231419,0.0009534267129270857,-0.04171578056114589,flat,flat
75367,75416,49,orphan,5030.0,,2112.0,0.4803,0.5673,0.087,rise,1.9531,3.0267,0.5497,,464.0,1,sudden/medium/recurring_sudden_friedman_100k_g01.csv,htr-mwa50/error,"{""buffer_len"": 50, ""merged"": [18], ""collection_size"": 3, ""current_idx"": 19, ""best_idx"": 1, ""acc_current_on_warning"": 0.3717825667102307, ""acc_best_on_warning"": 0.3717825667102307, ""acc_new_on_warning"": 0.37175595991822985, ""winner_initial"": ""reused_copy"", ""acc_on_buffer"": {""1"": 0.3717825667102307, ""10"": 0.304984376487224}, ""similarity_metric"": ""residual_pearson"", ""merge_pairs"": [[1, 18]], ""slot_er",joe-sudden,False,,50,0.3717825667102307,0.3717559599182298,0.3717825667102307,1.5510900474173628,-0.04767113731381595,-0.09495293952986006,-0.022147717170746928,-0.23552620012355108,fall,fall
76519,76568,49,orphan,6182.0,,1152.0,0.5161,0.5858,0.0696,rise,2.391,3.276,0.3701,,212.0,1,sudden/medium/recurring_sudden_friedman_100k_g01.csv,htr-mwa50/error,"{""buffer_len"": 50, ""merged"": [19], ""collection_size"": 3, ""current_idx"": 20, ""best_idx"": 1, ""acc_current_on_warning"": 0.3946409107411143, ""acc_best_on_warning"": 0.3946409107411143, ""acc_new_on_warning"": 0.3512541691841151, ""winner_initial"": ""reused_copy"", ""acc_on_buffer"": {""1"": 0.3946409107411143, ""10"": 0.32661194945779315}, ""similarity_metric"": ""residual_pearson"", ""merge_pairs"": [[1, 19]], ""slot_e",joe-sudden,False,,50,0.3946409107411143,0.3512541691841151,0.3946409107411143,1.808907764155241,-0.009819551883169853,-0.11092427646016823,-0.025365840662422645,-0.05103913232217572,fall,flat
77447,77496,49,orphan,7110.0,,928.0,0.5206,0.5838,0.0632,rise,2.4642,3.2459,0.3172,,376.0,1,sudden/medium/recurring_sudden_friedman_100k_g01.csv,htr-mwa50/error,"{""buffer_len"": 50, ""merged"": [20], ""collection_size"": 3, ""current_idx"": 21, ""best_idx"": 1, ""acc_current_on_warning"": 0.3661200970277757, ""acc_best_on_warning"": 0.3661200970277757, ""acc_new_on_warning"": 0.38056444118870736, ""winner_initial"": ""reused_copy"", ""acc_on_buffer"": {""1"": 0.3661200970277757, ""10"": 0.25445342318468944}, ""similarity_metric"": ""residual_pearson"", ""merge_pairs"": [[1, 20]], ""slot_",joe-sudden,False,,50,0.3661200970277757,0.3805644411887073,0.3661200970277757,1.9968700957598324,-0.03192384627014566,-0.08107326729596798,-0.018698186406737594,-0.13997540346969983,fall,fall
77799,78343,544,orphan,7462.0,,352.0,0.5549,0.5284,-0.0265,fall,2.8905,2.5676,-0.1117,,114.0,1,sudden/medium/recurring_sudden_friedman_100k_g01.csv,htr-mwa50/error,"{""buffer_len"": 545, ""merged"": [21], ""collection_size"": 3, ""current_idx"": 22, ""best_idx"": 1, ""acc_current_on_warning"": 0.3594252075118446, ""acc_best_on_warning"": 0.3594252075118446, ""acc_new_on_warning"": 0.47819811826026026, ""winner_initial"": ""reused_copy"", ""acc_on_buffer"": {""1"": 0.3594252075118446, ""10"": 0.3096589547346995}, ""similarity_metric"": ""residual_pearson"", ""merge_pairs"": [[1, 21]], ""slot_",joe-sudden,False,,545,0.3594252075118446,0.4781981182602602,0.3594252075118446,1.0351393706627054,-0.003274603546101651,0.05911195490983734,0.01148057039497985,-0.01749586459003616,flat,flat
79367,79495,128,orphan,9030.0,,1568.0,0.4862,0.5689,0.0828,rise,2.0397,3.0678,0.5041,,1023.0,0,sudden/medium/recurring_sudden_friedman_100k_g01.csv,htr-mwa50/error,"{""buffer_len"": 129, ""merged"": [22], ""collection_size"": 3, ""current_idx"": 23, ""best_idx"": 1, ""acc_current_on_warning"": 0.32865147840031406, ""acc_best_on_warning"": 0.32865147840031406, ""acc_new_on_warning"": 0.4001408605617276, ""winner_initial"": ""reused_copy"", ""acc_on_buffer"": {""1"": 0.32865147840031406, ""10"": 0.2786043855032738}, ""similarity_metric"": ""residual_pearson"", ""merge_pairs"": [[1, 22]], ""slo",joe-sudden,False,,129,0.328651478400314,0.4001408605617276,0.328651478400314,1.6230928170777092,-0.05466650927735017,0.019270185810742246,0.0024477502275102037,-0.24409928393984992,fall,fall
80391,80440,49,orphan,10054.0,,1024.0,0.5193,0.569,0.0497,rise,2.4592,3.0691,0.248,,815.0,0,sudden/medium/recurring_sudden_friedman_100k_g01.csv,htr-mwa50/error,"{""buffer_len"": 50, ""merged"": [23], ""collection_size"": 3, ""current_idx"": 24, ""best_idx"": 1, ""acc_current_on_warning"": 0.32902664238473334, ""acc_best_on_warning"": 0.32902664238473334, ""acc_new_on_warning"": 0.3469104355334697, ""winner_initial"": ""reused_copy"", ""acc_on_buffer"": {""1"": 0.32902664238473334, ""10"": 0.30803082379883506}, ""similarity_metric"": ""residual_pearson"", ""merge_pairs"": [[1, 23]], ""slo",joe-sudden,False,,50,0.3290266423847333,0.3469104355334697,0.3290266423847333,1.3865136067062036,-0.002948691569347739,0.017415111983728027,0.002286493849021465,-0.011992249527768006,flat,flat
81287,81336,49,orphan,10950.0,,896.0,0.5134,0.563,0.0497,rise,2.3871,3.031,0.2697,,411.0,1,sudden/medium/recurring_sudden_friedman_100k_g01.csv,htr-mwa50/error,"{""buffer_len"": 50, ""merged"": [24], ""collection_size"": 2, ""current_idx"": 25, ""best_idx"": 1, ""acc_current_on_warning"": 0.3339661075667919, ""acc_best_on_warning"": 0.3339661075667919, ""acc_new_on_warning"": 0.35503619101256745, ""winner_initial"": ""reused_copy"", ""acc_on_buffer"": {""1"": 0.3339661075667919, ""10"": 0.28609877342724455}, ""similarity_metric"": ""residual_pearson"", ""merge_pairs"": [[1, 24]], ""slot_",joe-sudden,False,,50,0.3339661075667919,0.3550361910125674,0.3339661075667919,1.461413036315053,-0.041918119931885434,-0.01995738439440342,-0.005875937416405574,-0.18172890954204057,fall,fall
82279,82328,49,orphan,11942.0,,992.0,0.5123,0.5653,0.053,rise,2.3747,3.0657,0.291,,332.0,1,sudden/medium/recurring_sudden_friedman_100k_g01.csv,htr-mwa50/error,"{""buffer_len"": 50, ""merged"": [25], ""collection_size"": 2, ""current_idx"": 26, ""best_idx"": 1, ""acc_current_on_warning"": 0.3583772835223362, ""acc_best_on_warning"": 0.3583772835223362, ""acc_new_on_warning"": 0.3592800620804104, ""winner_initial"": ""reused_copy"", ""acc_on_buffer"": {""1"": 0.3583772835223362}, ""similarity_metric"": ""residual_pearson"", ""merge_pairs"": [[1, 25]], ""slot_eras"": {""0"": 0, ""1"": 1, ""2"":",joe-sudden,False,,50,0.3583772835223362,0.3592800620804104,0.3583772835223362,1.6097424504440758,-0.040735354157597325,0.047309585780275,0.007864610190777443,-0.18068058819838007,fall,fall
83463,83512,49,orphan,13126.0,,1184.0,0.5092,0.5809,0.0717,rise,2.3573,3.271,0.3876,,63.0,1,sudden/medium/recurring_sudden_friedman_100k_g01.csv,htr-mwa50/error,"{""buffer_len"": 50, ""merged"": [26], ""collection_size"": 2, ""current_idx"": 27, ""best_idx"": 1, ""acc_current_on_warning"": 0.35871288530448553, ""acc_best_on_warning"": 0.35871288530448553, ""acc_new_on_warning"": 0.3171973463949882, ""winner_initial"": ""reused_copy"", ""acc_on_buffer"": {""1"": 0.35871288530448553}, ""similarity_metric"": ""residual_pearson"", ""merge_pairs"": [[1, 26]], ""slot_eras"": {""0"": 0, ""1"": 1, """,joe-sudden,False,,50,0.3587128853044855,0.3171973463949882,0.3587128853044855,1.9139204793163112,-0.03341555240008198,0.030068962178261716,0.003808077494266704,-0.1507947631988107,fall,fall
84199,84359,160,orphan,13862.0,,736.0,0.5336,0.5545,0.0209,rise,2.6579,2.9207,0.0989,,140.0,1,sudden/medium/recurring_sudden_friedman_100k_g01.csv,htr-mwa50/error,"{""buffer_len"": 161, ""merged"": [27], ""collection_size"": 2, ""current_idx"": 28, ""best_idx"": 1, ""acc_current_on_warning"": 0.3557016035894971, ""acc_best_on_warning"": 0.3557016035894971, ""acc_new_on_warning"": 0.40652170735826065, ""winner_initial"": ""reused_copy"", ""acc_on_buffer"": {""1"": 0.3557016035894971}, ""similarity_metric"": ""residual_pearson"", ""merge_pairs"": [[1, 27]], ""slot_eras"": {""0"": 0, ""1"": 1, ""2",joe-sudden,False,,161,0.3557016035894971,0.4065217073582606,0.3557016035894971,1.6129793815516402,-0.04548917018618126,0.004375655591744021,-0.0019845721013018736,-0.20428185245942676,fall,fall
85383,85432,49,orphan,15046.0,,1184.0,0.5239,0.5701,0.0461,rise,2.5367,3.1314,0.2345,,15.0,1,sudden/medium/recurring_sudden_friedman_100k_g01.csv,htr-mwa50/error,"{""buffer_len"": 50, ""merged"": [28], ""collection_size"": 2, ""current_idx"": 29, ""best_idx"": 1, ""acc_current_on_warning"": 0.3857947342701056, ""acc_best_on_warning"": 0.3857947342701056, ""acc_new_on_warning"": 0.3238055277872519, ""winner_initial"": ""reused_copy"", ""acc_on_buffer"": {""1"": 0.3857947342701056}, ""similarity_metric"": ""residual_pearson"", ""merge_pairs"": [[1, 28]], ""slot_eras"": {""0"": 0, ""1"": 1, ""2"":",joe-sudden,False,,50,0.3857947342701056,0.3238055277872519,0.3857947342701056,1.6930341513313534,-0.030227658362687482,-0.004786411816851244,-0.0032248250416458957,-0.1374311177739852,fall,fall
86311,86360,49,orphan,15974.0,,928.0,0.5226,0.5816,0.0589,rise,2.5337,3.2881,0.2977,,216.0,1,sudden/medium/recurring_sudden_friedman_100k_g01.csv,htr-mwa50/error,"{""buffer_len"": 50, ""merged"": [29], ""collection_size"": 2, ""current_idx"": 30, ""best_idx"": 1, ""acc_current_on_warning"": 0.38618593829266457, ""acc_best_on_warning"": 0.38618593829266457, ""acc_new_on_warning"": 0.34410038737653337, ""winner_initial"": ""reused_copy"", ""acc_on_buffer"": {""1"": 0.38618593829266457}, ""similarity_metric"": ""residual_pearson"", ""merge_pairs"": [[1, 29]], ""slot_eras"": {""0"": 0, ""1"": 1, ",joe-sudden,False,,50,0.3861859382926645,0.3441003873765333,0.3861859382926645,1.6320834193953442,-0.03620493163197336,0.012479546803287889,0.00038113779773651935,-0.15912311489518915,fall,fall
87207,87256,49,orphan,16870.0,,896.0,0.5163,0.5648,0.0486,rise,2.4584,3.0737,0.2503,,602.0,0,sudden/medium/recurring_sudden_friedman_100k_g01.csv,htr-mwa50/error,"{""buffer_len"": 50, ""merged"": [30], ""collection_size"": 2, ""current_idx"": 31, ""best_idx"": 1, ""acc_current_on_warning"": 0.3812422760086669, ""acc_best_on_warning"": 0.3812422760086669, ""acc_new_on_warning"": 0.32013723604684785, ""winner_initial"": ""reused_copy"", ""acc_on_buffer"": {""1"": 0.3812422760086669}, ""similarity_metric"": ""residual_pearson"", ""merge_pairs"": [[1, 30]], ""slot_eras"": {""0"": 0, ""1"": 1, ""2""",joe-sudden,False,,50,0.3812422760086669,0.3201372360468478,0.3812422760086669,1.453135984234204,-0.04478118790726748,0.025721746710209548,0.003580604592128611,-0.1949636933963872,fall,fall
88359,88408,49,orphan,18022.0,,1152.0,0.4961,0.5806,0.0845,rise,2.2212,3.2848,0.4788,,168.0,1,sudden/medium/recurring_sudden_friedman_100k_g01.csv,htr-mwa50/error,"{""buffer_len"": 50, ""merged"": [31], ""collection_size"": 2, ""current_idx"": 32, ""best_idx"": 1, ""acc_current_on_warning"": 0.3896770205857151, ""acc_best_on_warning"": 0.3896770205857151, ""acc_new_on_warning"": 0.321302185671101, ""winner_initial"": ""reused_copy"", ""acc_on_buffer"": {""1"": 0.3896770205857151}, ""similarity_metric"": ""residual_pearson"", ""merge_pairs"": [[1, 31]], ""slot_eras"": {""0"": 0, ""1"": 1, ""2"": ",joe-sudden,False,,50,0.3896770205857151,0.321302185671101,0.3896770205857151,2.0708662669798112,-0.061797410361611904,0.0035535729533244798,-0.0014849223473384354,-0.2643188039170994,fall,fall
17319,17479,160,hit,967.0,24710.0,,0.4589,0.4902,0.0313,rise,1.4707,1.401,-0.0474,fake_rise,,0,sudden/medium/recurring_sudden_friedman_100k_g01.csv,htr-nr/error,"{""buffer_len"": 161, ""merged"": [], ""collection_size"": 2, ""current_idx"": 1, ""best_idx"": 0, ""acc_current_on_warning"": 0.5438542995362812, ""acc_best_on_warning"": 0.5438542995362812, ""acc_new_on_warning"": 0.3962403562010012, ""winner_initial"": ""reused_copy"", ""acc_on_buffer"": {""0"": 0.5438542995362812}, ""similarity_metric"": ""residual_pearson"", ""merge_pairs"": [], ""slot_eras"": {""0"": 0, ""1"": 1}, ""score_seman",joe-sudden,True,,161,0.5438542995362812,0.3962403562010012,0.5438542995362812,1.0557197937187928,-0.009543829492212885,-0.06397718729727508,-0.005797805366091591,-0.06617496977612214,fall,flat
42183,42183,0,hit,154.0,28154.0,24864.0,0.6101,0.4599,-0.1503,fall,3.1007,4.4937,0.4493,fake_fall,24673.0,0,sudden/medium/recurring_sudden_friedman_100k_g01.csv,htr-nr/error,"{""buffer_len"": 1, ""merged"": [], ""collection_size"": 3, ""current_idx"": 2, ""best_idx"": 0, ""acc_current_on_warning"": 0.0, ""acc_best_on_warning"": 0.0, ""acc_new_on_warning"": 0.0, ""winner_initial"": ""reused_copy"", ""acc_on_buffer"": {""0"": 0.0, ""1"": 0.0}, ""similarity_metric"": ""residual_pearson"", ""merge_pairs"": [], ""slot_eras"": {""0"": 0, ""1"": 1, ""2"": 2}, ""score_semantics"": ""1_minus_mean_normalized_residual""}",joe-sudden,False,,1,0.0,0.0,0.0,0.9540476633487759,0.11880413873108714,0.19499119584569846,0.016721024817947516,1.3354612590971833,rise,rise
46279,48327,2048,orphan,4250.0,24058.0,4096.0,0.4726,0.501,0.0284,rise,2.5018,2.4591,-0.0171,fake_rise,2109.0,0,sudden/medium/recurring_sudden_friedman_100k_g01.csv,htr-nr/error,"{""buffer_len"": 2049, ""merged"": [1, 0], ""collection_size"": 2, ""current_idx"": 3, ""best_idx"": 2, ""acc_current_on_warning"": 0.5202130953243189, ""acc_best_on_warning"": 0.5202130953243189, ""acc_new_on_warning"": 0.5012590049913844, ""winner_initial"": ""reused_copy"", ""acc_on_buffer"": {""2"": 0.5202130953243189}, ""similarity_metric"": ""residual_pearson"", ""merge_pairs"": [[0, 1], [2, 0]], ""slot_eras"": {""0"": 0, ""1",joe-sudden,True,,2049,0.5202130953243189,0.5012590049913844,0.5202130953243189,1.0611441804773412,-0.00776668890686899,0.05135344130833097,-0.009840698181440566,-0.0627445922363643,fall,flat
62663,63047,384,orphan,20634.0,7674.0,16384.0,0.4877,0.4992,0.0115,flat,2.286,2.5279,0.1058,,4891.0,0,sudden/medium/recurring_sudden_friedman_100k_g01.csv,htr-nr/error,"{""buffer_len"": 385, ""merged"": [3], ""collection_size"": 2, ""current_idx"": 4, ""best_idx"": 2, ""acc_current_on_warning"": 0.49328625689634165, ""acc_best_on_warning"": 0.49328625689634165, ""acc_new_on_warning"": 0.40530137402258726, ""winner_initial"": ""reused_copy"", ""acc_on_buffer"": {""2"": 0.49328625689634165}, ""similarity_metric"": ""residual_pearson"", ""merge_pairs"": [[2, 3]], ""slot_eras"": {""0"": 0, ""1"": 1, ""2",joe-sudden,False,,385,0.4932862568963416,0.4053013740225872,0.4932862568963416,1.2223239237336174,-0.0019149965662714763,-0.04783545678407397,-0.0032550068656123643,-0.020868076853012396,flat,flat
71239,71271,32,hit,902.0,,8576.0,0.4491,0.4935,0.0445,rise,1.8711,1.6531,-0.1165,fake_rise,13467.0,0,sudden/medium/recurring_sudden_friedman_100k_g01.csv,htr-nr/error,"{""buffer_len"": 33, ""merged"": [], ""collection_size"": 3, ""current_idx"": 5, ""best_idx"": 4, ""acc_current_on_warning"": 0.5912724162449107, ""acc_best_on_warning"": 0.5912724162449107, ""acc_new_on_warning"": 0.2773718025183489, ""winner_initial"": ""reused_copy"", ""acc_on_buffer"": {""2"": 0.457931306276654, ""4"": 0.5912724162449107}, ""similarity_metric"": ""residual_pearson"", ""merge_pairs"": [], ""slot_eras"": {""0"": 0",joe-sudden,True,,33,0.5912724162449107,0.2773718025183489,0.5912724162449107,0.9206658528373315,-0.057625792218931604,-0.013202170813508607,-0.0023865252898884193,-0.29032850794155673,fall,fall
16807,18631,1824,orphan,,4203.0,,0.4858,0.486,0.0002,flat,1.7021,1.6649,-0.0218,,,0,sudden/high/recurring_sudden_friedman_100k_g00.csv,htr/error,"{""buffer_len"": 1825, ""merged"": [], ""collection_size"": 2, ""current_idx"": 1, ""best_idx"": 0, ""acc_current_on_warning"": 0.5119848388122201, ""acc_best_on_warning"": 0.5119848388122201, ""acc_new_on_warning"": 0.4748063304185094, ""winner_initial"": ""reused_copy"", ""acc_on_buffer"": {""0"": 0.5119848388122201}, ""similarity_metric"": ""residual_pearson"", ""merge_pairs"": [], ""slot_eras"": {""0"": 0, ""1"": 1}, ""score_sema",joe-sudden,False,,1825,0.5119848388122201,0.4748063304185094,0.5119848388122201,0.9072371258465172,0.003338225989713506,0.00039832859303867707,0.002581684357661873,0.004418917906372499,flat,flat
21351,21383,32,hit,341.0,12820.0,4544.0,0.5521,0.5636,0.0115,flat,2.3072,2.4285,0.0526,,2711.0,0,sudden/high/recurring_sudden_friedman_100k_g00.csv,htr/error,"{""buffer_len"": 33, ""merged"": [1], ""collection_size"": 2, ""current_idx"": 2, ""best_idx"": 0, ""acc_current_on_warning"": 0.3273897337030519, ""acc_best_on_warning"": 0.3273897337030519, ""acc_new_on_warning"": 0.2590476169507676, ""winner_initial"": ""reused_copy"", ""acc_on_buffer"": {""0"": 0.3273897337030519}, ""similarity_metric"": ""residual_pearson"", ""merge_pairs"": [[0, 1]], ""slot_eras"": {""0"": 0, ""1"": 1, ""2"": 2}",joe-sudden,False,,33,0.3273897337030519,0.2590476169507676,0.3273897337030519,0.9599234370684047,0.07277171918581082,0.06255085354520284,0.014012787527358184,0.40148020597470646,rise,rise
26247,26375,128,orphan,5237.0,7924.0,4896.0,0.5297,0.5622,0.0325,rise,2.2139,2.5198,0.1382,,7607.0,0,sudden/high/recurring_sudden_friedman_100k_g00.csv,htr/error,"{""buffer_len"": 129, ""merged"": [2], ""collection_size"": 2, ""current_idx"": 3, ""best_idx"": 0, ""acc_current_on_warning"": 0.4030264114306905, ""acc_best_on_warning"": 0.4030264114306905, ""acc_new_on_warning"": 0.3234176056514598, ""winner_initial"": ""reused_copy"", ""acc_on_buffer"": {""0"": 0.4030264114306905}, ""similarity_metric"": ""residual_pearson"", ""merge_pairs"": [[0, 2]], ""slot_eras"": {""0"": 0, ""1"": 1, ""2"": 2",joe-sudden,False,,129,0.4030264114306905,0.3234176056514598,0.4030264114306905,1.1704713588448334,-0.005436217254312092,0.16695455999162068,0.02204329138873795,-0.031012903513559675,flat,flat
30471,30631,160,orphan,9461.0,3700.0,4224.0,0.5243,0.5622,0.0379,rise,2.261,2.622,0.1597,,11831.0,0,sudden/high/recurring_sudden_friedman_100k_g00.csv,htr/error,"{""buffer_len"": 161, ""merged"": [3], ""collection_size"": 2, ""current_idx"": 4, ""best_idx"": 0, ""acc_current_on_warning"": 0.4401521719477438, ""acc_best_on_warning"": 0.4401521719477438, ""acc_new_on_warning"": 0.35027319438213833, ""winner_initial"": ""reused_copy"", ""acc_on_buffer"": {""0"": 0.4401521719477438}, ""similarity_metric"": ""residual_pearson"", ""merge_pairs"": [[0, 3]], ""slot_eras"": {""0"": 0, ""1"": 1, ""2"": ",joe-sudden,False,,161,0.4401521719477438,0.3502731943821383,0.4401521719477438,1.2613525485883081,-0.014590769356180755,-0.007470698034837908,-0.010590626788258839,-0.058195797948893735,fall,flat
33703,34375,672,orphan,12693.0,468.0,3232.0,0.5201,0.5484,0.0283,rise,2.2676,2.5762,0.1361,,3068.0,0,sudden/high/recurring_sudden_friedman_100k_g00.csv,htr/error,"{""buffer_len"": 673, ""merged"": [4], ""collection_size"": 2, ""current_idx"": 5, ""best_idx"": 0, ""acc_current_on_warning"": 0.3960344459123557, ""acc_best_on_warning"": 0.3960344459123557, ""acc_new_on_warning"": 0.3780467103885411, ""winner_initial"": ""reused_copy"", ""acc_on_buffer"": {""0"": 0.3960344459123557}, ""similarity_metric"": ""residual_pearson"", ""merge_pairs"": [[0, 4]], ""slot_eras"": {""0"": 0, ""1"": 1, ""2"": 2",joe-sudden,False,pre_drift,673,0.3960344459123557,0.3780467103885411,0.3960344459123557,0.7523579883718574,0.05436278143962903,0.058179294878266674,0.0030311325923544352,0.29612547877274764,rise,rise
34983,35143,160,hit,812.0,35143.0,1280.0,0.5212,0.5339,0.0127,flat,2.2777,2.404,0.0554,,10.0,1,sudden/high/recurring_sudden_friedman_100k_g00.csv,htr/error,"{""buffer_len"": 161, ""merged"": [5], ""collection_size"": 2, ""current_idx"": 6, ""best_idx"": 0, ""acc_current_on_warning"": 0.39715926885826347, ""acc_best_on_warning"": 0.39715926885826347, ""acc_new_on_warning"": 0.39412315668404174, ""winner_initial"": ""reused_copy"", ""acc_on_buffer"": {""0"": 0.39715926885826347}, ""similarity_metric"": ""residual_pearson"", ""merge_pairs"": [[0, 5]], ""slot_eras"": {""0"": 0, ""1"": 1, ""2",joe-sudden,False,,161,0.3971592688582634,0.3941231566840417,0.3971592688582634,1.4414636331273305,-0.051851861007880085,0.024843143930464162,-0.0036750271374534904,-0.22488109287550984,fall,fall
35719,35911,192,echo,1548.0,34407.0,736.0,0.5164,0.4604,-0.056,fall,2.2115,1.6327,-0.2617,,574.0,1,sudden/high/recurring_sudden_friedman_100k_g00.csv,htr/error,"{""buffer_len"": 193, ""merged"": [], ""collection_size"": 3, ""current_idx"": 7, ""best_idx"": 6, ""acc_current_on_warning"": 0.5245966747436607, ""acc_best_on_warning"": 0.5245966747436607, ""acc_new_on_warning"": 0.4044377973462614, ""winner_initial"": ""reused_copy"", ""acc_on_buffer"": {""0"": 0.37828348115737487, ""6"": 0.5245966747436607}, ""similarity_metric"": ""residual_pearson"", ""merge_pairs"": [], ""slot_eras"": {""0""",joe-sudden,False,,193,0.5245966747436607,0.4044377973462614,0.5245966747436607,0.9751628497570151,-0.062438977563103015,0.0027768323813044393,-0.007108018922291737,-0.2685779607043436,fall,fall
42055,42343,288,orphan,7884.0,28071.0,6336.0,0.4269,0.425,-0.0019,flat,1.2277,1.1988,-0.0235,,6910.0,0,sudden/high/recurring_sudden_friedman_100k_g00.csv,htr/error,"{""buffer_len"": 289, ""merged"": [6], ""collection_size"": 3, ""current_idx"": 8, ""best_idx"": 7, ""acc_current_on_warning"": 0.5691914479025753, ""acc_best_on_warning"": 0.5691914479025753, ""acc_new_on_warning"": 0.42045840785272803, ""winner_initial"": ""reused_copy"", ""acc_on_buffer"": {""0"": 0.40599167395640867, ""7"": 0.5691914479025753}, ""similarity_metric"": ""residual_pearson"", ""merge_pairs"": [[7, 6]], ""slot_era",joe-sudden,False,,289,0.5691914479025753,0.420458407852728,0.5691914479025753,0.9826373682855383,-0.008513104690815454,-0.2810888041689189,-0.04468703507471361,-0.07207692258180798,fall,flat
58375,58727,352,orphan,24204.0,11751.0,16320.0,0.4416,0.4404,-0.0011,flat,1.2074,1.1907,-0.0138,,23230.0,0,sudden/high/recurring_sudden_friedman_100k_g00.csv,htr/error,"{""buffer_len"": 353, ""merged"": [7], ""collection_size"": 3, ""current_idx"": 9, ""best_idx"": 8, ""acc_current_on_warning"": 0.5651355582642194, ""acc_best_on_warning"": 0.5651355582642194, ""acc_new_on_warning"": 0.410520024519882, ""winner_initial"": ""reused_copy"", ""acc_on_buffer"": {""0"": 0.3503483033742153, ""8"": 0.5651355582642194}, ""similarity_metric"": ""residual_pearson"", ""merge_pairs"": [[8, 7]], ""slot_eras"":",joe-sudden,False,,353,0.5651355582642194,0.410520024519882,0.5651355582642194,1.0194257569782268,-0.002495190941954606,0.007433185691368305,0.004926236533631112,-0.02484778878698357,flat,flat
70247,70247,0,hit,121.0,,11872.0,0.5108,0.6399,0.1291,rise,1.8776,3.0589,0.6291,,35102.0,0,sudden/high/recurring_sudden_friedman_100k_g00.csv,htr/error,"{""buffer_len"": 1, ""merged"": [], ""collection_size"": 4, ""current_idx"": 10, ""best_idx"": 0, ""acc_current_on_warning"": 0.15701494512805336, ""acc_best_on_warning"": 0.6320724879149758, ""acc_new_on_warning"": 0.0, ""winner_initial"": ""reused_copy"", ""acc_on_buffer"": {""0"": 0.6320724879149758, ""8"": 0.05188582224883709, ""9"": 0.15701494512805336}, ""similarity_metric"": ""residual_pearson"", ""merge_pairs"": [], ""slot_",joe-sudden,False,,1,0.6320724879149758,0.0,0.1570149451280533,1.2324903324698497,0.06692126575843349,0.1153203830729197,0.015521294140869613,0.6193547447438796,rise,rise
70823,71143,320,echo_inwin,697.0,,576.0,0.6209,0.5704,-0.0505,fall,2.8366,2.3598,-0.1681,,35678.0,0,sudden/high/recurring_sudden_friedman_100k_g00.csv,htr/error,"{""buffer_len"": 321, ""merged"": [0, 9], ""collection_size"": 3, ""current_idx"": 11, ""best_idx"": 10, ""acc_current_on_warning"": 0.4078104095588686, ""acc_best_on_warning"": 0.4078104095588686, ""acc_new_on_warning"": 0.35960735574015124, ""winner_initial"": ""reused_copy"", ""acc_on_buffer"": {""8"": 0.2478660147145495, ""10"": 0.4078104095588686}, ""similarity_metric"": ""residual_pearson"", ""merge_pairs"": [[9, 0], [8, 9",joe-sudden,False,,321,0.4078104095588686,0.3596073557401512,0.4078104095588686,1.0012335177098148,0.06839771911155701,0.5454198055209827,0.06715761981588592,0.2937153860727755,rise,rise
78663,79079,416,orphan,8537.0,,7840.0,0.5406,0.5628,0.0222,rise,2.1213,2.3669,0.1158,,43518.0,0,sudden/high/recurring_sudden_friedman_100k_g00.csv,htr/error,"{""buffer_len"": 417, ""merged"": [10], ""collection_size"": 3, ""current_idx"": 12, ""best_idx"": 11, ""acc_current_on_warning"": 0.46245709605678065, ""acc_best_on_warning"": 0.46245709605678065, ""acc_new_on_warning"": 0.3613431852296596, ""winner_initial"": ""reused_copy"", ""acc_on_buffer"": {""8"": 0.2541688169016574, ""11"": 0.46245709605678065}, ""similarity_metric"": ""residual_pearson"", ""merge_pairs"": [[8, 10]], ""sl",joe-sudden,False,,417,0.4624570960567806,0.3613431852296596,0.4624570960567806,1.1066698310811638,-0.015538201739336843,-0.08798114251827072,-0.02683507146671782,-0.051672963972822394,fall,flat
82471,84903,2432,orphan,12345.0,,3808.0,0.5382,0.5437,0.0055,flat,2.1524,2.2099,0.0267,,3388.0,0,sudden/high/recurring_sudden_friedman_100k_g00.csv,htr/error,"{""buffer_len"": 2433, ""merged"": [11], ""collection_size"": 3, ""current_idx"": 13, ""best_idx"": 12, ""acc_current_on_warning"": 0.4572296240520456, ""acc_best_on_warning"": 0.4572296240520456, ""acc_new_on_warning"": 0.4370224225878956, ""winner_initial"": ""reused_copy"", ""acc_on_buffer"": {""8"": 0.27043530615983424, ""12"": 0.4572296240520456}, ""similarity_metric"": ""residual_pearson"", ""merge_pairs"": [[12, 11]], ""sl",joe-sudden,False,,2433,0.4572296240520456,0.4370224225878956,0.4572296240520456,1.108287141091244,-0.013937274935457156,-0.028894641246757446,-0.010165394733407718,-0.05612510421942907,fall,flat
16807,18631,1824,orphan,,4203.0,,0.4858,0.486,0.0002,flat,1.7021,1.6649,-0.0218,,,0,sudden/high/recurring_sudden_friedman_100k_g00.csv,htr-mwa50/error,"{""buffer_len"": 1825, ""merged"": [], ""collection_size"": 2, ""current_idx"": 1, ""best_idx"": 0, ""acc_current_on_warning"": 0.5119848388122201, ""acc_best_on_warning"": 0.5119848388122201, ""acc_new_on_warning"": 0.4748063304185094, ""winner_initial"": ""reused_copy"", ""acc_on_buffer"": {""0"": 0.5119848388122201}, ""similarity_metric"": ""residual_pearson"", ""merge_pairs"": [], ""slot_eras"": {""0"": 0, ""1"": 1}, ""score_sema",joe-sudden,False,,1825,0.5119848388122201,0.4748063304185094,0.5119848388122201,0.9072371258465172,0.003338225989713506,0.00039832859303867707,0.002581684357661873,0.004418917906372499,flat,flat
21351,21400,49,hit,341.0,12820.0,4544.0,0.5521,0.5658,0.0137,flat,2.3072,2.4566,0.0647,,2711.0,0,sudden/high/recurring_sudden_friedman_100k_g00.csv,htr-mwa50/error,"{""buffer_len"": 50, ""merged"": [1], ""collection_size"": 2, ""current_idx"": 2, ""best_idx"": 0, ""acc_current_on_warning"": 0.3651963283589442, ""acc_best_on_warning"": 0.3651963283589442, ""acc_new_on_warning"": 0.23637357574163975, ""winner_initial"": ""reused_copy"", ""acc_on_buffer"": {""0"": 0.3651963283589442}, ""similarity_metric"": ""residual_pearson"", ""merge_pairs"": [[0, 1]], ""slot_eras"": {""0"": 0, ""1"": 1, ""2"": 2",joe-sudden,False,,50,0.3651963283589442,0.2363735757416397,0.3651963283589442,0.9941134641991147,0.07478322805583998,0.06406461535331331,0.014255821820724546,0.41245525636141567,rise,rise
26247,26296,49,orphan,5237.0,7924.0,4896.0,0.529,0.5577,0.0287,rise,2.2058,2.4764,0.1227,,4830.0,0,sudden/high/recurring_sudden_friedman_100k_g00.csv,htr-mwa50/error,"{""buffer_len"": 50, ""merged"": [2], ""collection_size"": 2, ""current_idx"": 3, ""best_idx"": 0, ""acc_current_on_warning"": 0.4039087042769225, ""acc_best_on_warning"": 0.4039087042769225, ""acc_new_on_warning"": 0.3186647798147857, ""winner_initial"": ""reused_copy"", ""acc_on_buffer"": {""0"": 0.4039087042769225}, ""similarity_metric"": ""residual_pearson"", ""merge_pairs"": [[0, 2]], ""slot_eras"": {""0"": 0, ""1"": 1, ""2"": 2,",joe-sudden,False,,50,0.4039087042769225,0.3186647798147857,0.4039087042769225,1.1106972045126837,-0.003650052837823159,0.16892612182089062,0.022569547942589585,-0.024156458940820413,flat,flat
30951,31175,224,orphan,9941.0,3220.0,4704.0,0.5277,0.558,0.0303,rise,2.2669,2.6172,0.1546,,9534.0,0,sudden/high/recurring_sudden_friedman_100k_g00.csv,htr-mwa50/error,"{""buffer_len"": 225, ""merged"": [3], ""collection_size"": 2, ""current_idx"": 4, ""best_idx"": 0, ""acc_current_on_warning"": 0.41800949325279757, ""acc_best_on_warning"": 0.41800949325279757, ""acc_new_on_warning"": 0.35279527809586375, ""winner_initial"": ""reused_copy"", ""acc_on_buffer"": {""0"": 0.41800949325279757}, ""similarity_metric"": ""residual_pearson"", ""merge_pairs"": [[0, 3]], ""slot_eras"": {""0"": 0, ""1"": 1, ""2",joe-sudden,False,,225,0.4180094932527975,0.3527952780958637,0.4180094932527975,1.333460213359727,0.003948340273845052,-0.027736979824090846,-0.014246035703537663,0.013304066946703275,flat,flat
35143,35192,49,hit,972.0,34983.0,4192.0,0.5106,0.5366,0.026,rise,2.1739,2.4372,0.1211,,13726.0,0,sudden/high/recurring_sudden_friedman_100k_g00.csv,htr-mwa50/error,"{""buffer_len"": 50, ""merged"": [4], ""collection_size"": 2, ""current_idx"": 5, ""best_idx"": 0, ""acc_current_on_warning"": 0.31568694823380195, ""acc_best_on_warning"": 0.31568694823380195, ""acc_new_on_warning"": 0.30451872433068716, ""winner_initial"": ""reused_copy"", ""acc_on_buffer"": {""0"": 0.31568694823380195}, ""similarity_metric"": ""residual_pearson"", ""merge_pairs"": [[0, 4]], ""slot_eras"": {""0"": 0, ""1"": 1, ""2""",joe-sudden,False,,50,0.3156869482338019,0.3045187243306871,0.3156869482338019,1.3388726730552896,-0.03825928469784701,0.025668255022427644,-0.0031874774257315552,-0.16221341800208733,fall,fall
36039,36088,49,echo,1868.0,34087.0,896.0,0.4948,0.545,0.0502,rise,1.9906,2.5319,0.2719,,840.0,0,sudden/high/recurring_sudden_friedman_100k_g00.csv,htr-mwa50/error,"{""buffer_len"": 50, ""merged"": [5], ""collection_size"": 2, ""current_idx"": 6, ""best_idx"": 0, ""acc_current_on_warning"": 0.3796154971351249, ""acc_best_on_warning"": 0.3796154971351249, ""acc_new_on_warning"": 0.299728035323126, ""winner_initial"": ""reused_copy"", ""acc_on_buffer"": {""0"": 0.3796154971351249}, ""similarity_metric"": ""residual_pearson"", ""merge_pairs"": [[0, 5]], ""slot_eras"": {""0"": 0, ""1"": 1, ""2"": 2, ",joe-sudden,False,,50,0.3796154971351249,0.299728035323126,0.3796154971351249,1.4401180492568622,-0.05229861108742517,0.007073236330497945,-0.005926139182949375,-0.22681504759901427,fall,fall
37063,37112,49,echo,2892.0,33063.0,1024.0,0.4821,0.5444,0.0623,rise,1.8634,2.5522,0.3696,,1864.0,0,sudden/high/recurring_sudden_friedman_100k_g00.csv,htr-mwa50/error,"{""buffer_len"": 50, ""merged"": [6], ""collection_size"": 2, ""current_idx"": 7, ""best_idx"": 0, ""acc_current_on_warning"": 0.38891611193033826, ""acc_best_on_warning"": 0.38891611193033826, ""acc_new_on_warning"": 0.26865385051866686, ""winner_initial"": ""reused_copy"", ""acc_on_buffer"": {""0"": 0.38891611193033826}, ""similarity_metric"": ""residual_pearson"", ""merge_pairs"": [[0, 6]], ""slot_eras"": {""0"": 0, ""1"": 1, ""2""",joe-sudden,False,,50,0.3889161119303382,0.2686538505186668,0.3889161119303382,1.653783750546112,-0.04609643546687303,-0.010285360186946146,-0.008392484222539132,-0.204753669486346,fall,fall
37703,38023,320,orphan,3532.0,32423.0,640.0,0.5305,0.5055,-0.025,fall,2.3922,2.1072,-0.1191,,586.0,1,sudden/high/recurring_sudden_friedman_100k_g00.csv,htr-mwa50/error,"{""buffer_len"": 321, ""merged"": [7], ""collection_size"": 2, ""current_idx"": 8, ""best_idx"": 0, ""acc_current_on_warning"": 0.4013485977058884, ""acc_best_on_warning"": 0.4013485977058884, ""acc_new_on_warning"": 0.4773229923750826, ""winner_initial"": ""reused_copy"", ""acc_on_buffer"": {""0"": 0.4013485977058884}, ""similarity_metric"": ""residual_pearson"", ""merge_pairs"": [[0, 7]], ""slot_eras"": {""0"": 0, ""1"": 1, ""2"": 2",joe-sudden,False,,321,0.4013485977058884,0.4773229923750826,0.4013485977058884,1.1901413049653204,-0.03239498997234219,-0.08377490734796289,-0.0222487104508573,-0.15283151795992111,fall,fall
39015,39143,128,orphan,4844.0,31111.0,1312.0,0.4689,0.4606,-0.0083,flat,1.7295,1.6397,-0.0519,masked_fall,986.0,0,sudden/high/recurring_sudden_friedman_100k_g00.csv,htr-mwa50/error,"{""buffer_len"": 129, ""merged"": [], ""collection_size"": 3, ""current_idx"": 9, ""best_idx"": 8, ""acc_current_on_warning"": 0.5369377955009632, ""acc_best_on_warning"": 0.5369377955009632, ""acc_new_on_warning"": 0.3626372536263365, ""winner_initial"": ""reused_copy"", ""acc_on_buffer"": {""0"": 0.39371921222219664, ""8"": 0.5369377955009632}, ""similarity_metric"": ""residual_pearson"", ""merge_pairs"": [], ""slot_eras"": {""0""",joe-sudden,False,,129,0.5369377955009632,0.3626372536263365,0.5369377955009632,0.9641344354177835,-0.046799670487632616,-0.13137633417724337,-0.03228340231927718,-0.22702908655111997,fall,fall
42535,43239,704,orphan,8364.0,27591.0,3520.0,0.4262,0.4315,0.0053,flat,1.2601,1.2972,0.0294,,4506.0,0,sudden/high/recurring_sudden_friedman_100k_g00.csv,htr-mwa50/error,"{""buffer_len"": 705, ""merged"": [8], ""collection_size"": 3, ""current_idx"": 10, ""best_idx"": 9, ""acc_current_on_warning"": 0.569952676026326, ""acc_best_on_warning"": 0.569952676026326, ""acc_new_on_warning"": 0.5208656679449586, ""winner_initial"": ""reused_copy"", ""acc_on_buffer"": {""0"": 0.3802991817820557, ""9"": 0.569952676026326}, ""similarity_metric"": ""residual_pearson"", ""merge_pairs"": [[9, 8]], ""slot_eras"": ",joe-sudden,False,,705,0.569952676026326,0.5208656679449586,0.569952676026326,0.9096882541995118,0.0012350210243048387,-0.34777045534184314,-0.06720047998834228,-0.0007412553692609514,flat,flat
69575,70151,576,orphan,35404.0,551.0,27040.0,0.4379,0.7335,0.2957,rise,1.1395,4.3499,2.8173,,31546.0,0,sudden/high/recurring_sudden_friedman_100k_g00.csv,htr-mwa50/error,"{""buffer_len"": 577, ""merged"": [9], ""collection_size"": 3, ""current_idx"": 11, ""best_idx"": 10, ""acc_current_on_warning"": 0.5398125879087488, ""acc_best_on_warning"": 0.5398125879087488, ""acc_new_on_warning"": 0.45757257725806366, ""winner_initial"": ""reused_copy"", ""acc_on_buffer"": {""0"": 0.3329506380470927, ""10"": 0.5398125879087488}, ""similarity_metric"": ""residual_pearson"", ""merge_pairs"": [[10, 9]], ""slot_",joe-sudden,False,stale_warning,577,0.5398125879087488,0.4575725772580636,0.5398125879087488,2.6003239044445583,0.02059438502475347,0.023361650128366662,0.005583403950982169,0.17901773954105016,rise,rise
71143,71192,49,orphan,1017.0,,1568.0,0.6466,0.6447,-0.0019,flat,3.2014,3.3259,0.0389,,501.0,1,sudden/high/recurring_sudden_friedman_100k_g00.csv,htr-mwa50/error,"{""buffer_len"": 50, ""merged"": [11], ""collection_size"": 3, ""current_idx"": 12, ""best_idx"": 0, ""acc_current_on_warning"": 0.29685277311141334, ""acc_best_on_warning"": 0.29685277311141334, ""acc_new_on_warning"": 0.24919659496230662, ""winner_initial"": ""reused_copy"", ""acc_on_buffer"": {""0"": 0.29685277311141334, ""10"": 0.2786041557399912}, ""similarity_metric"": ""residual_pearson"", ""merge_pairs"": [[0, 11]], ""slo",joe-sudden,False,late,50,0.2968527731114133,0.2491965949623066,0.2968527731114133,1.4475588908147863,0.09639962704541527,0.7861015887062435,0.09070548349214813,0.36692348677354936,rise,rise
71591,71687,96,orphan,1465.0,,448.0,0.6509,0.6274,-0.0235,fall,3.3921,3.1091,-0.0834,,224.0,1,sudden/high/recurring_sudden_friedman_100k_g00.csv,htr-mwa50/error,"{""buffer_len"": 97, ""merged"": [12], ""collection_size"": 3, ""current_idx"": 13, ""best_idx"": 0, ""acc_current_on_warning"": 0.3235279663143398, ""acc_best_on_warning"": 0.3235279663143398, ""acc_new_on_warning"": 0.30957552140810995, ""winner_initial"": ""reused_copy"", ""acc_on_buffer"": {""0"": 0.3235279663143398, ""10"": 0.25380177347195587}, ""similarity_metric"": ""residual_pearson"", ""merge_pairs"": [[0, 12]], ""slot_",joe-sudden,False,late,97,0.3235279663143398,0.3095755214081099,0.3235279663143398,1.1958451092475246,0.026076096481356337,1.0901218897856908,0.12429717506427956,0.09989112468670824,rise,rise
73479,73528,49,orphan,3353.0,,1888.0,0.5566,0.6259,0.0693,rise,2.3369,3.0965,0.325,,1790.0,0,sudden/high/recurring_sudden_friedman_100k_g00.csv,htr-mwa50/error,"{""buffer_len"": 50, ""merged"": [13], ""collection_size"": 3, ""current_idx"": 14, ""best_idx"": 0, ""acc_current_on_warning"": 0.29767296890154016, ""acc_best_on_warning"": 0.29767296890154016, ""acc_new_on_warning"": 0.2040863251015348, ""winner_initial"": ""reused_copy"", ""acc_on_buffer"": {""0"": 0.29767296890154016, ""10"": 0.2707256118600764}, ""similarity_metric"": ""residual_pearson"", ""merge_pairs"": [[0, 13]], ""slot",joe-sudden,False,,50,0.2976729689015401,0.2040863251015348,0.2976729689015401,1.3679815643052842,-0.036740385443158496,1.0924481851722776,0.15115378154513798,-0.14841102118057448,fall,fall
74567,74631,64,orphan,4441.0,,1088.0,0.5706,0.6186,0.0481,rise,2.4863,3.024,0.2163,,1024.0,0,sudden/high/recurring_sudden_friedman_100k_g00.csv,htr-mwa50/error,"{""buffer_len"": 65, ""merged"": [14], ""collection_size"": 3, ""current_idx"": 15, ""best_idx"": 0, ""acc_current_on_warning"": 0.2938704211450206, ""acc_best_on_warning"": 0.2938704211450206, ""acc_new_on_warning"": 0.26711225993682963, ""winner_initial"": ""reused_copy"", ""acc_on_buffer"": {""0"": 0.2938704211450206, ""10"": 0.27061984493269975}, ""similarity_metric"": ""residual_pearson"", ""merge_pairs"": [[0, 14]], ""slot_",joe-sudden,False,,65,0.2938704211450206,0.2671122599368296,0.2938704211450206,1.5036155123249215,-0.01553738704892893,0.5020410943562481,0.0890468767123962,-0.06238908194359549,fall,flat
75495,75655,160,orphan,5369.0,,928.0,0.5744,0.6446,0.0702,rise,2.554,3.352,0.3124,,855.0,0,sudden/high/recurring_sudden_friedman_100k_g00.csv,htr-mwa50/error,"{""buffer_len"": 161, ""merged"": [15], ""collection_size"": 3, ""current_idx"": 16, ""best_idx"": 0, ""acc_current_on_warning"": 0.2923433951195249, ""acc_best_on_warning"": 0.2923433951195249, ""acc_new_on_warning"": 0.30115380760316457, ""winner_initial"": ""reused_copy"", ""acc_on_buffer"": {""0"": 0.2923433951195249, ""10"": 0.24817486686779933}, ""similarity_metric"": ""residual_pearson"", ""merge_pairs"": [[0, 15]], ""slot",joe-sudden,False,,161,0.2923433951195249,0.3011538076031645,0.2923433951195249,1.4723632227076515,-0.01984158334330266,0.27332947237295513,0.05679268336510679,-0.07027109805352583,fall,flat
76231,76280,49,orphan,6105.0,,736.0,0.621,0.6145,-0.0065,flat,3.0926,3.0208,-0.0232,,268.0,1,sudden/high/recurring_sudden_friedman_100k_g00.csv,htr-mwa50/error,"{""buffer_len"": 50, ""merged"": [16], ""collection_size"": 3, ""current_idx"": 17, ""best_idx"": 0, ""acc_current_on_warning"": 0.3193276069435982, ""acc_best_on_warning"": 0.3193276069435982, ""acc_new_on_warning"": 0.24984351252906578, ""winner_initial"": ""reused_copy"", ""acc_on_buffer"": {""0"": 0.3193276069435982, ""10"": 0.25962891299137203}, ""similarity_metric"": ""residual_pearson"", ""merge_pairs"": [[0, 16]], ""slot_",joe-sudden,False,,50,0.3193276069435982,0.2498435125290657,0.3193276069435982,1.3389097633111646,0.011964922067967176,0.2719309214963468,0.058078136632234045,0.05614537082780835,rise,flat
77287,77511,224,orphan,7161.0,,1056.0,0.5717,0.6168,0.0451,rise,2.5659,3.0679,0.1956,,997.0,0,sudden/high/recurring_sudden_friedman_100k_g00.csv,htr-mwa50/error,"{""buffer_len"": 225, ""merged"": [17], ""collection_size"": 3, ""current_idx"": 18, ""best_idx"": 0, ""acc_current_on_warning"": 0.33291034250337925, ""acc_best_on_warning"": 0.33291034250337925, ""acc_new_on_warning"": 0.34144045457582595, ""winner_initial"": ""reused_copy"", ""acc_on_buffer"": {""0"": 0.33291034250337925, ""10"": 0.27868886043468455}, ""similarity_metric"": ""residual_pearson"", ""merge_pairs"": [[0, 17]], ""s",joe-sudden,False,,225,0.3329103425033792,0.3414404545758259,0.3329103425033792,1.4679480738837816,-0.04040834386168746,0.11130485292421421,0.024431837557434166,-0.1373691444032128,fall,fall
78279,78407,128,orphan,8153.0,,992.0,0.5678,0.6572,0.0894,rise,2.5558,3.6361,0.4227,,186.0,1,sudden/high/recurring_sudden_friedman_100k_g00.csv,htr-mwa50/error,"{""buffer_len"": 129, ""merged"": [0, 18], ""collection_size"": 2, ""current_idx"": 19, ""best_idx"": 10, ""acc_current_on_warning"": 0.2973911397111745, ""acc_best_on_warning"": 0.2973911397111745, ""acc_new_on_warning"": 0.284928310679349, ""winner_initial"": ""reused_copy"", ""acc_on_buffer"": {""10"": 0.2973911397111745}, ""similarity_metric"": ""residual_pearson"", ""merge_pairs"": [[10, 0], [10, 18]], ""slot_eras"": {""0"": ",joe-sudden,False,,129,0.2973911397111745,0.284928310679349,0.2973911397111745,1.663658609438873,-0.028046244522378916,0.017003060047225738,0.00029749996414907276,-0.10154655901512999,fall,fall
79399,79448,49,orphan,9273.0,,1120.0,0.5974,0.5534,-0.044,fall,2.905,2.4728,-0.1488,,955.0,0,sudden/high/recurring_sudden_friedman_100k_g00.csv,htr-mwa50/error,"{""buffer_len"": 50, ""merged"": [], ""collection_size"": 3, ""current_idx"": 20, ""best_idx"": 19, ""acc_current_on_warning"": 0.4413364540197986, ""acc_best_on_warning"": 0.4413364540197986, ""acc_new_on_warning"": 0.2755028973847955, ""winner_initial"": ""reused_copy"", ""acc_on_buffer"": {""10"": 0.29165128388695694, ""19"": 0.4413364540197986}, ""similarity_metric"": ""residual_pearson"", ""merge_pairs"": [], ""slot_eras"": {",joe-sudden,False,,50,0.4413364540197986,0.2755028973847955,0.4413364540197986,1.0027880915121177,-0.019757666501543425,-0.013687280178179106,-0.012811191480527895,-0.060877054613795556,fall,flat
83527,83655,128,orphan,13401.0,,4128.0,0.5329,0.5297,-0.0032,flat,2.2339,2.2122,-0.0097,,5083.0,0,sudden/high/recurring_sudden_friedman_100k_g00.csv,htr-mwa50/error,"{""buffer_len"": 129, ""merged"": [19], ""collection_size"": 3, ""current_idx"": 21, ""best_idx"": 20, ""acc_current_on_warning"": 0.4821869102397657, ""acc_best_on_warning"": 0.4821869102397657, ""acc_new_on_warning"": 0.2956966709367733, ""winner_initial"": ""reused_copy"", ""acc_on_buffer"": {""10"": 0.3118767235065383, ""20"": 0.4821869102397657}, ""similarity_metric"": ""residual_pearson"", ""merge_pairs"": [[20, 19]], ""slo",joe-sudden,False,,129,0.4821869102397657,0.2956966709367733,0.4821869102397657,0.9291355579478462,-0.008164038119899297,-0.17985885745660968,-0.05446640321350826,-0.030041042074206326,flat,flat
93959,94008,49,orphan,23833.0,,10432.0,0.5079,0.5057,-0.0022,flat,1.9885,1.9693,-0.0096,,15515.0,0,sudden/high/recurring_sudden_friedman_100k_g00.csv,htr-mwa50/error,"{""buffer_len"": 50, ""merged"": [20], ""collection_size"": 3, ""current_idx"": 22, ""best_idx"": 21, ""acc_current_on_warning"": 0.49358817713469694, ""acc_best_on_warning"": 0.49358817713469694, ""acc_new_on_warning"": 0.30788993230539174, ""winner_initial"": ""reused_copy"", ""acc_on_buffer"": {""10"": 0.27965057222223777, ""21"": 0.49358817713469694}, ""similarity_metric"": ""residual_pearson"", ""merge_pairs"": [[21, 20]], ",joe-sudden,False,,50,0.4935881771346969,0.3078899323053917,0.4935881771346969,0.9725549650074482,0.004446776285185083,-0.032356867988966975,-0.007212431569256661,0.030750851831410353,flat,flat
16807,18631,1824,orphan,,4203.0,,0.4858,0.4921,0.0063,flat,1.7021,1.662,-0.0235,,,0,sudden/high/recurring_sudden_friedman_100k_g00.csv,htr-nr/error,"{""buffer_len"": 1825, ""merged"": [], ""collection_size"": 2, ""current_idx"": 1, ""best_idx"": 0, ""acc_current_on_warning"": 0.5119848388122201, ""acc_best_on_warning"": 0.5119848388122201, ""acc_new_on_warning"": 0.4748063304185094, ""winner_initial"": ""reused_copy"", ""acc_on_buffer"": {""0"": 0.5119848388122201}, ""similarity_metric"": ""residual_pearson"", ""merge_pairs"": [], ""slot_eras"": {""0"": 0, ""1"": 1}, ""score_sema",joe-sudden,False,,1825,0.5119848388122201,0.4748063304185094,0.5119848388122201,0.9033345418179786,0.003338225989713506,0.00039832859303867707,0.002581684357661873,0.004418917906372499,flat,flat
21575,21575,0,hit,565.0,12596.0,4768.0,0.5739,0.4891,-0.0847,fall,2.5426,2.2893,-0.0996,,2913.0,0,sudden/high/recurring_sudden_friedman_100k_g00.csv,htr-nr/error,"{""buffer_len"": 1, ""merged"": [], ""collection_size"": 3, ""current_idx"": 2, ""best_idx"": 1, ""acc_current_on_warning"": 0.673787413577509, ""acc_best_on_warning"": 0.673787413577509, ""acc_new_on_warning"": 0.0, ""winner_initial"": ""reused_copy"", ""acc_on_buffer"": {""0"": 0.6141699091036044, ""1"": 0.673787413577509}, ""similarity_metric"": ""residual_pearson"", ""merge_pairs"": [], ""slot_eras"": {""0"": 0, ""1"": 1, ""2"": 2},",joe-sudden,False,,1,0.673787413577509,0.0,0.673787413577509,0.9323812613822076,0.06962691616038086,0.08135043780547058,0.02428904933053061,0.44166185295170757,rise,rise
34343,34375,32,hit,172.0,35783.0,12768.0,0.5391,0.4718,-0.0674,fall,2.8174,2.4774,-0.1207,,15681.0,0,sudden/high/recurring_sudden_friedman_100k_g00.csv,htr-nr/error,"{""buffer_len"": 33, ""merged"": [1, 2], ""collection_size"": 2, ""current_idx"": 3, ""best_idx"": 0, ""acc_current_on_warning"": 0.42350701523109924, ""acc_best_on_warning"": 0.42350701523109924, ""acc_new_on_warning"": 0.31880492347353007, ""winner_initial"": ""reused_copy"", ""acc_on_buffer"": {""0"": 0.42350701523109924}, ""similarity_metric"": ""residual_pearson"", ""merge_pairs"": [[0, 1], [0, 2]], ""slot_eras"": {""0"": 0, ",joe-sudden,False,,33,0.4235070152310992,0.31880492347353,0.4235070152310992,0.7906515605874301,0.05124961913153803,0.06485987710799668,0.012921976645088484,0.28893323242219915,rise,rise
36903,39527,2624,echo,2732.0,33223.0,2560.0,0.4451,0.485,0.0399,rise,1.3416,1.4104,0.0513,,931.0,0,sudden/high/recurring_sudden_friedman_100k_g00.csv,htr-nr/error,"{""buffer_len"": 2625, ""merged"": [], ""collection_size"": 3, ""current_idx"": 4, ""best_idx"": 3, ""acc_current_on_warning"": 0.5257994809383246, ""acc_best_on_warning"": 0.5257994809383246, ""acc_new_on_warning"": 0.5291086525018134, ""winner_initial"": ""reused_copy"", ""acc_on_buffer"": {""0"": 0.3377665415230947, ""3"": 0.5257994809383246}, ""similarity_metric"": ""residual_pearson"", ""merge_pairs"": [], ""slot_eras"": {""0""",joe-sudden,False,,2625,0.5257994809383246,0.5291086525018134,0.5257994809383246,0.973098156527916,0.009851631209598088,-0.3697048664444298,-0.024318855177803245,0.021025503555349045,flat,flat
50663,68199,17536,orphan,16492.0,19463.0,13760.0,0.4897,0.4942,0.0045,flat,1.1877,1.1915,0.0032,,6673.0,0,sudden/high/recurring_sudden_friedman_100k_g00.csv,htr-nr/error,"{""buffer_len"": 17537, ""merged"": [4], ""collection_size"": 3, ""current_idx"": 5, ""best_idx"": 3, ""acc_current_on_warning"": 0.25933133865352753, ""acc_best_on_warning"": 0.46836459348957615, ""acc_new_on_warning"": 0.5058957430398612, ""winner_initial"": ""reused_copy"", ""acc_on_buffer"": {""0"": 0.25933133865352753, ""3"": 0.46836459348957615}, ""similarity_metric"": ""residual_pearson"", ""merge_pairs"": [[3, 4]], ""slot",joe-sudden,False,,17537,0.4683645934895761,0.5058957430398612,0.2593313386535275,0.9873899478678692,0.016671964423808583,-0.007752068390631028,-0.000755624507839614,0.0810096260404487,rise,flat
70183,70183,0,hit,57.0,,19520.0,0.5328,0.4788,-0.0539,fall,1.5844,4.0386,1.5489,fake_fall,1952.0,0,sudden/high/recurring_sudden_friedman_100k_g00.csv,htr-nr/error,"{""buffer_len"": 1, ""merged"": [], ""collection_size"": 4, ""current_idx"": 6, ""best_idx"": 3, ""acc_current_on_warning"": 0.18641006558188988, ""acc_best_on_warning"": 0.3061580320639966, ""acc_new_on_warning"": 0.0, ""winner_initial"": ""reused_copy"", ""acc_on_buffer"": {""0"": 0.0, ""3"": 0.3061580320639966, ""5"": 0.18641006558188988}, ""similarity_metric"": ""residual_pearson"", ""merge_pairs"": [], ""slot_eras"": {""0"": 0, """,joe-sudden,False,,1,0.3061580320639966,0.0,0.1864100655818898,2.1201233316731827,0.03657805927679403,0.05513813326650174,0.009190326701688456,0.34029567258492177,rise,rise
70631,70663,32,echo_inwin,505.0,,448.0,0.5142,0.48,-0.0342,fall,4.1685,3.7769,-0.0939,,228.0,1,sudden/high/recurring_sudden_friedman_100k_g00.csv,htr-nr/error,"{""buffer_len"": 33, ""merged"": [5, 0, 6], ""collection_size"": 2, ""current_idx"": 7, ""best_idx"": 3, ""acc_current_on_warning"": 0.5517359730308401, ""acc_best_on_warning"": 0.5517359730308401, ""acc_new_on_warning"": 0.40838161429075537, ""winner_initial"": ""reused_copy"", ""acc_on_buffer"": {""3"": 0.5517359730308401}, ""similarity_metric"": ""residual_pearson"", ""merge_pairs"": [[0, 5], [6, 0], [3, 6]], ""slot_eras"": {",joe-sudden,False,,33,0.5517359730308401,0.4083816142907553,0.5517359730308401,1.28130030700645,-0.01877748091719561,0.4391256982392642,0.007514734941863055,2.160091481247481,rise,flat
71687,73223,1536,echo,1561.0,,1056.0,0.4414,0.4881,0.0466,rise,2.5378,2.4774,-0.0238,fake_rise,817.0,0,sudden/high/recurring_sudden_friedman_100k_g00.csv,htr-nr/error,"{""buffer_len"": 1537, ""merged"": [], ""collection_size"": 3, ""current_idx"": 8, ""best_idx"": 7, ""acc_current_on_warning"": 0.5187239363265395, ""acc_best_on_warning"": 0.5187239363265395, ""acc_new_on_warning"": 0.5265847639851149, ""winner_initial"": ""reused_copy"", ""acc_on_buffer"": {""3"": 0.3821730112471582, ""7"": 0.5187239363265395}, ""similarity_metric"": ""residual_pearson"", ""merge_pairs"": [], ""slot_eras"": {""0""",joe-sudden,True,,1537,0.5187239363265395,0.5265847639851149,0.5187239363265395,0.9936486996039552,0.015591938067566202,1.4174907562361803,-0.029425689610691974,-0.002932563973392699,flat,flat
15559,15591,32,hit,7.0,23582.0,,0.4887,0.6837,0.195,rise,1.7752,4.2158,1.3748,,,0,sudden/high/recurring_sudden_friedman_100k_g01.csv,htr/error,"{""buffer_len"": 33, ""merged"": [], ""collection_size"": 2, ""current_idx"": 1, ""best_idx"": 0, ""acc_current_on_warning"": 0.2380022921802306, ""acc_best_on_warning"": 0.2380022921802306, ""acc_new_on_warning"": 0.11090809291868775, ""winner_initial"": ""reused_copy"", ""acc_on_buffer"": {""0"": 0.2380022921802306}, ""similarity_metric"": ""residual_pearson"", ""merge_pairs"": [], ""slot_eras"": {""0"": 0, ""1"": 1}, ""score_seman",joe-sudden,False,,33,0.2380022921802306,0.1109080929186877,0.2380022921802306,1.8980620265607904,0.020598958040427218,0.03746976093534515,0.010378266882031528,0.17601315872610268,rise,rise
15975,16039,64,echo_inwin,423.0,23166.0,416.0,0.6527,0.6594,0.0067,flat,3.9011,3.9609,0.0153,,305.0,1,sudden/high/recurring_sudden_friedman_100k_g01.csv,htr/error,"{""buffer_len"": 65, ""merged"": [1], ""collection_size"": 2, ""current_idx"": 2, ""best_idx"": 0, ""acc_current_on_warning"": 0.22026592608746554, ""acc_best_on_warning"": 0.22026592608746554, ""acc_new_on_warning"": 0.20040540151628983, ""winner_initial"": ""reused_copy"", ""acc_on_buffer"": {""0"": 0.22026592608746554}, ""similarity_metric"": ""residual_pearson"", ""merge_pairs"": [[0, 1]], ""slot_eras"": {""0"": 0, ""1"": 1, ""2""",joe-sudden,False,,65,0.2202659260874655,0.2004054015162898,0.2202659260874655,1.6246369907385514,0.18331257523804273,0.2554395422859026,0.04038941483631281,1.3493005889399625,rise,rise
16487,16487,0,echo_inwin,935.0,22654.0,512.0,0.6666,0.5887,-0.0778,fall,4.0125,3.0518,-0.2394,,387.0,1,sudden/high/recurring_sudden_friedman_100k_g01.csv,htr/error,"{""buffer_len"": 1, ""merged"": [], ""collection_size"": 3, ""current_idx"": 3, ""best_idx"": 2, ""acc_current_on_warning"": 0.568875883132768, ""acc_best_on_warning"": 0.568875883132768, ""acc_new_on_warning"": 0.0, ""winner_initial"": ""reused_copy"", ""acc_on_buffer"": {""0"": 0.0, ""2"": 0.568875883132768}, ""similarity_metric"": ""residual_pearson"", ""merge_pairs"": [], ""slot_eras"": {""0"": 0, ""1"": 1, ""2"": 2, ""3"": 3}, ""score",joe-sudden,False,,1,0.568875883132768,0.0,0.568875883132768,0.9541977510573295,0.11798003240417787,0.4547820238610467,0.06618108197703132,0.5934150005113323,rise,rise
20039,20295,256,orphan,4487.0,19102.0,3552.0,0.5323,0.6104,0.0781,rise,2.5518,3.6129,0.4158,,3939.0,0,sudden/high/recurring_sudden_friedman_100k_g01.csv,htr/error,"{""buffer_len"": 257, ""merged"": [2, 3], ""collection_size"": 2, ""current_idx"": 4, ""best_idx"": 0, ""acc_current_on_warning"": 0.2229001693522339, ""acc_best_on_warning"": 0.2229001693522339, ""acc_new_on_warning"": 0.3377710239596814, ""winner_initial"": ""reused_copy"", ""acc_on_buffer"": {""0"": 0.2229001693522339}, ""similarity_metric"": ""residual_pearson"", ""merge_pairs"": [[0, 2], [0, 3]], ""slot_eras"": {""0"": 0, ""1""",joe-sudden,False,,257,0.2229001693522339,0.3377710239596814,0.2229001693522339,1.7296261704330969,-0.025882166230122072,0.20211732330238807,0.02376651169532229,-0.11263937419577241,fall,fall
20839,20903,64,orphan,5287.0,18302.0,800.0,0.5992,0.6249,0.0257,rise,3.4712,3.9227,0.1301,,543.0,1,sudden/high/recurring_sudden_friedman_100k_g01.csv,htr/error,"{""buffer_len"": 65, ""merged"": [4], ""collection_size"": 2, ""current_idx"": 5, ""best_idx"": 0, ""acc_current_on_warning"": 0.29557212311588654, ""acc_best_on_warning"": 0.29557212311588654, ""acc_new_on_warning"": 0.2516696484351346, ""winner_initial"": ""reused_copy"", ""acc_on_buffer"": {""0"": 0.29557212311588654}, ""similarity_metric"": ""residual_pearson"", ""merge_pairs"": [[0, 4]], ""slot_eras"": {""0"": 0, ""1"": 1, ""2"":",joe-sudden,False,,65,0.2955721231158865,0.2516696484351346,0.2955721231158865,1.530114761656258,0.03968043172622393,0.2068385878011647,0.024255576172534155,0.19453909813704406,rise,rise
21671,21799,128,orphan,6119.0,17470.0,832.0,0.5902,0.6449,0.0547,rise,3.3819,4.1954,0.2405,,765.0,0,sudden/high/recurring_sudden_friedman_100k_g01.csv,htr/error,"{""buffer_len"": 129, ""merged"": [5], ""collection_size"": 2, ""current_idx"": 6, ""best_idx"": 0, ""acc_current_on_warning"": 0.2402875819576794, ""acc_best_on_warning"": 0.2402875819576794, ""acc_new_on_warning"": 0.2725613597821148, ""winner_initial"": ""reused_copy"", ""acc_on_buffer"": {""0"": 0.2402875819576794}, ""similarity_metric"": ""residual_pearson"", ""merge_pairs"": [[0, 5]], ""slot_eras"": {""0"": 0, ""1"": 1, ""2"": 2",joe-sudden,False,,129,0.2402875819576794,0.2725613597821148,0.2402875819576794,1.67268546463252,-0.0042802406599086185,0.22274157124575833,0.0257281906666621,-0.015090527069362092,flat,flat
22311,22311,0,orphan,6759.0,16830.0,640.0,0.6429,0.618,-0.0249,fall,4.1671,4.0381,-0.031,fake_fall,317.0,1,sudden/high/recurring_sudden_friedman_100k_g01.csv,htr/error,"{""buffer_len"": 1, ""merged"": [], ""collection_size"": 3, ""current_idx"": 7, ""best_idx"": 0, ""acc_current_on_warning"": 0.0, ""acc_best_on_warning"": 0.46548854658712, ""acc_new_on_warning"": 0.0, ""winner_initial"": ""reused_copy"", ""acc_on_buffer"": {""0"": 0.46548854658712, ""6"": 0.0}, ""similarity_metric"": ""residual_pearson"", ""merge_pairs"": [], ""slot_eras"": {""0"": 0, ""1"": 1, ""2"": 2, ""3"": 3, ""4"": 4, ""5"": 5, ""6"": 6,",joe-sudden,False,,1,0.46548854658712,0.0,0.0,1.3761524068982016,0.04091281628490817,0.2671391172707329,0.03465431765238969,0.17292665227422055,rise,rise
22855,22919,64,orphan,7303.0,16286.0,544.0,0.6007,0.6303,0.0296,rise,3.7606,4.2696,0.1354,,861.0,0,sudden/high/recurring_sudden_friedman_100k_g01.csv,htr/error,"{""buffer_len"": 65, ""merged"": [6, 7], ""collection_size"": 2, ""current_idx"": 8, ""best_idx"": 0, ""acc_current_on_warning"": 0.250180928522873, ""acc_best_on_warning"": 0.250180928522873, ""acc_new_on_warning"": 0.25582643696145735, ""winner_initial"": ""reused_copy"", ""acc_on_buffer"": {""0"": 0.250180928522873}, ""similarity_metric"": ""residual_pearson"", ""merge_pairs"": [[0, 6], [0, 7]], ""slot_eras"": {""0"": 0, ""1"": 1",joe-sudden,False,,65,0.250180928522873,0.2558264369614573,0.250180928522873,1.9045895990610846,-0.03651405657443563,0.3066642480942139,0.04105982243495199,-0.0950713994969572,fall,fall
23367,23367,0,orphan,7815.0,15774.0,512.0,0.6302,0.5515,-0.0787,fall,4.2592,3.0904,-0.2744,,314.0,1,sudden/high/recurring_sudden_friedman_100k_g01.csv,htr/error,"{""buffer_len"": 1, ""merged"": [], ""collection_size"": 3, ""current_idx"": 9, ""best_idx"": 8, ""acc_current_on_warning"": 0.011279336917695004, ""acc_best_on_warning"": 0.011279336917695004, ""acc_new_on_warning"": 0.0, ""winner_initial"": ""reused_copy"", ""acc_on_buffer"": {""0"": 0.0, ""8"": 0.011279336917695004}, ""similarity_metric"": ""residual_pearson"", ""merge_pairs"": [], ""slot_eras"": {""0"": 0, ""1"": 1, ""2"": 2, ""3"": 3",joe-sudden,False,,1,0.011279336917695,0.0,0.011279336917695,0.8226432613248787,0.020441637933107715,0.35365604246325577,0.04909429455772407,0.1289447277091471,rise,rise
26951,26951,0,orphan,11399.0,12190.0,3584.0,0.5111,0.5597,0.0486,rise,2.6037,3.3545,0.2883,,3898.0,0,sudden/high/recurring_sudden_friedman_100k_g01.csv,htr/error,"{""buffer_len"": 1, ""merged"": [], ""collection_size"": 4, ""current_idx"": 10, ""best_idx"": 8, ""acc_current_on_warning"": 0.4206023786888362, ""acc_best_on_warning"": 0.4911879460696489, ""acc_new_on_warning"": 0.0, ""winner_initial"": ""reused_copy"", ""acc_on_buffer"": {""0"": 0.0, ""8"": 0.4911879460696489, ""9"": 0.4206023786888362}, ""similarity_metric"": ""residual_pearson"", ""merge_pairs"": [], ""slot_eras"": {""0"": 0, ""1",joe-sudden,False,,1,0.4911879460696489,0.0,0.4206023786888362,1.5217400159193344,-0.006543398976541881,-0.18139694208647839,-0.06248706553784744,-0.02954376589204477,flat,flat
28743,28839,96,orphan,13191.0,10398.0,1792.0,0.5185,0.5047,-0.0138,flat,2.7307,2.5621,-0.0617,masked_fall,5690.0,0,sudden/high/recurring_sudden_friedman_100k_g01.csv,htr/error,"{""buffer_len"": 97, ""merged"": [8, 10], ""collection_size"": 3, ""current_idx"": 11, ""best_idx"": 9, ""acc_current_on_warning"": 0.2732234174817041, ""acc_best_on_warning"": 0.4891450164708899, ""acc_new_on_warning"": 0.2916312731179902, ""winner_initial"": ""reused_copy"", ""acc_on_buffer"": {""0"": 0.2732234174817041, ""9"": 0.4891450164708899}, ""similarity_metric"": ""residual_pearson"", ""merge_pairs"": [[0, 8], [0, 10]]",joe-sudden,False,,97,0.4891450164708899,0.2916312731179902,0.2732234174817041,0.8647615890504051,-0.013732428880350644,-0.15270203705543184,-0.0478861647174047,-0.07310720205944876,fall,flat
37703,39303,1600,orphan,22151.0,1438.0,8960.0,0.4855,0.5168,0.0313,rise,2.2881,2.7053,0.1823,,14650.0,0,sudden/high/recurring_sudden_friedman_100k_g01.csv,htr/error,"{""buffer_len"": 1601, ""merged"": [9, 11], ""collection_size"": 2, ""current_idx"": 12, ""best_idx"": 0, ""acc_current_on_warning"": 0.2925334790946367, ""acc_best_on_warning"": 0.2925334790946367, ""acc_new_on_warning"": 0.30588889118695683, ""winner_initial"": ""reused_copy"", ""acc_on_buffer"": {""0"": 0.2925334790946367}, ""similarity_metric"": ""residual_pearson"", ""merge_pairs"": [[0, 9], [0, 11]], ""slot_eras"": {""0"": 0",joe-sudden,False,stale_warning,1601,0.2925334790946367,0.3058888911869568,0.2925334790946367,0.4925172938503453,0.08985044754427646,0.08846792946331639,0.012061262920948501,0.6156047015717174,rise,rise
40551,42247,1696,orphan,1410.0,27518.0,2848.0,0.4795,0.4927,0.0133,flat,2.1985,2.3688,0.0775,,1165.0,0,sudden/high/recurring_sudden_friedman_100k_g01.csv,htr/error,"{""buffer_len"": 1697, ""merged"": [12], ""collection_size"": 2, ""current_idx"": 13, ""best_idx"": 0, ""acc_current_on_warning"": 0.4620647417650907, ""acc_best_on_warning"": 0.4620647417650907, ""acc_new_on_warning"": 0.508847206107613, ""winner_initial"": ""reused_copy"", ""acc_on_buffer"": {""0"": 0.4620647417650907}, ""similarity_metric"": ""residual_pearson"", ""merge_pairs"": [[0, 12]], ""slot_eras"": {""0"": 0, ""1"": 1, ""2""",joe-sudden,False,late,1697,0.4620647417650907,0.508847206107613,0.4620647417650907,1.157641465598159,-0.01449191663721594,-0.04748244978523708,-0.0069268772051049865,-0.08874437172860139,fall,flat
49415,49415,0,orphan,10274.0,18654.0,8864.0,0.4752,0.4687,-0.0065,flat,2.1056,2.0212,-0.0401,,7109.0,0,sudden/high/recurring_sudden_friedman_100k_g01.csv,htr/error,"{""buffer_len"": 1, ""merged"": [], ""collection_size"": 3, ""current_idx"": 14, ""best_idx"": 13, ""acc_current_on_warning"": 0.6629237278139679, ""acc_best_on_warning"": 0.6629237278139679, ""acc_new_on_warning"": 0.0, ""winner_initial"": ""reused_copy"", ""acc_on_buffer"": {""0"": 0.5406233700512981, ""13"": 0.6629237278139679}, ""similarity_metric"": ""residual_pearson"", ""merge_pairs"": [], ""slot_eras"": {""0"": 0, ""1"": 1, ""2",joe-sudden,False,,1,0.6629237278139679,0.0,0.6629237278139679,0.9725812662851858,0.0033139019929780966,-0.06741114889994926,-0.00989173329970816,0.01669141143458175,flat,flat
65575,67655,2080,orphan,26434.0,2494.0,16160.0,0.446,0.5057,0.0597,rise,1.6332,2.4401,0.4941,,23269.0,0,sudden/high/recurring_sudden_friedman_100k_g01.csv,htr/error,"{""buffer_len"": 2081, ""merged"": [13], ""collection_size"": 3, ""current_idx"": 15, ""best_idx"": 14, ""acc_current_on_warning"": 0.5474456199272579, ""acc_best_on_warning"": 0.5474456199272579, ""acc_new_on_warning"": 0.49651081566523847, ""winner_initial"": ""reused_copy"", ""acc_on_buffer"": {""0"": 0.44409477225642946, ""14"": 0.5474456199272579}, ""similarity_metric"": ""residual_pearson"", ""merge_pairs"": [[0, 13]], ""sl",joe-sudden,False,,2081,0.5474456199272579,0.4965108156652384,0.5474456199272579,1.150859577804051,-0.0035724041861410205,-0.06237847406270869,-0.006671222015698752,-0.028763883368041476,flat,flat
68103,68135,32,hit,34.0,,2528.0,0.4783,0.5873,0.109,rise,2.0835,3.423,0.6429,,441.0,1,sudden/high/recurring_sudden_friedman_100k_g01.csv,htr/error,"{""buffer_len"": 33, ""merged"": [15], ""collection_size"": 3, ""current_idx"": 16, ""best_idx"": 0, ""acc_current_on_warning"": 0.2955793237019485, ""acc_best_on_warning"": 0.2955793237019485, ""acc_new_on_warning"": 0.15206619532287347, ""winner_initial"": ""reused_copy"", ""acc_on_buffer"": {""0"": 0.2955793237019485, ""14"": 0.279063152960784}, ""similarity_metric"": ""residual_pearson"", ""merge_pairs"": [[0, 15]], ""slot_er",joe-sudden,False,,33,0.2955793237019485,0.1520661953228734,0.2955793237019485,1.0982612241070677,0.04304179232856348,0.0049235770441034,0.0019305010278966583,0.3615562170585511,rise,rise
69383,69927,544,echo,1314.0,,1280.0,0.543,0.5449,0.0019,flat,2.9182,2.9173,-0.0003,,1721.0,0,sudden/high/recurring_sudden_friedman_100k_g01.csv,htr/error,"{""buffer_len"": 545, ""merged"": [16], ""collection_size"": 3, ""current_idx"": 17, ""best_idx"": 0, ""acc_current_on_warning"": 0.33363167425070683, ""acc_best_on_warning"": 0.33363167425070683, ""acc_new_on_warning"": 0.4543807455845398, ""winner_initial"": ""reused_copy"", ""acc_on_buffer"": {""0"": 0.33363167425070683, ""14"": 0.29962349457546655}, ""similarity_metric"": ""residual_pearson"", ""merge_pairs"": [[0, 16]], ""sl",joe-sudden,False,,545,0.3336316742507068,0.4543807455845398,0.3336316742507068,1.1021782200230683,-0.018700302539156444,0.48957013835838015,0.06710067733369263,-0.09606251296811052,fall,flat
73511,73511,0,orphan,5442.0,,4128.0,0.509,0.6513,0.1423,rise,2.4617,4.3912,0.7839,,3572.0,0,sudden/high/recurring_sudden_friedman_100k_g01.csv,htr/error,"{""buffer_len"": 1, ""merged"": [], ""collection_size"": 4, ""current_idx"": 18, ""best_idx"": 14, ""acc_current_on_warning"": 0.20633446321581406, ""acc_best_on_warning"": 0.49948101162538194, ""acc_new_on_warning"": 0.0, ""winner_initial"": ""reused_copy"", ""acc_on_buffer"": {""0"": 0.4722414558829302, ""14"": 0.49948101162538194, ""17"": 0.20633446321581406}, ""similarity_metric"": ""residual_pearson"", ""merge_pairs"": [], ""s",joe-sudden,False,,1,0.4994810116253819,0.0,0.206334463215814,1.8821340275070875,0.0007833664899258297,0.12252955948891198,0.017255235782776435,-0.00919376019659568,flat,flat
74407,74439,32,orphan,6338.0,,896.0,0.5993,0.4852,-0.1142,fall,3.6878,2.183,-0.4081,,99.0,1,sudden/high/recurring_sudden_friedman_100k_g01.csv,htr/error,"{""buffer_len"": 33, ""merged"": [18], ""collection_size"": 4, ""current_idx"": 19, ""best_idx"": 17, ""acc_current_on_warning"": 0.3337206875566411, ""acc_best_on_warning"": 0.4807747295984789, ""acc_new_on_warning"": 0.2272466531908065, ""winner_initial"": ""reused_copy"", ""acc_on_buffer"": {""0"": 0.3337206875566411, ""14"": 0.27104437843187257, ""17"": 0.4807747295984789}, ""similarity_metric"": ""residual_pearson"", ""merge",joe-sudden,False,,33,0.4807747295984789,0.2272466531908065,0.3337206875566411,0.6675560408734553,0.053103331554515854,0.23221943544826362,0.03940457431152944,0.23298104422405963,rise,rise
79047,79527,480,orphan,10978.0,,4640.0,0.4729,0.4657,-0.0072,flat,1.9945,1.9176,-0.0386,,4739.0,0,sudden/high/recurring_sudden_friedman_100k_g01.csv,htr/error,"{""buffer_len"": 481, ""merged"": [0, 17], ""collection_size"": 3, ""current_idx"": 20, ""best_idx"": 19, ""acc_current_on_warning"": 0.5328021679994289, ""acc_best_on_warning"": 0.5328021679994289, ""acc_new_on_warning"": 0.39974422402345455, ""winner_initial"": ""reused_copy"", ""acc_on_buffer"": {""14"": 0.2970915904752234, ""19"": 0.5328021679994289}, ""similarity_metric"": ""residual_pearson"", ""merge_pairs"": [[14, 0], [1",joe-sudden,False,,481,0.5328021679994289,0.3997442240234545,0.5328021679994289,1.0584543281486622,0.0012053610598246611,-0.27238258968660456,-0.052751176999180804,0.0004927687924924928,flat,flat
93863,93863,0,orphan,25794.0,,14816.0,0.4492,0.4478,-0.0014,flat,1.6334,1.601,-0.0198,,19555.0,0,sudden/high/recurring_sudden_friedman_100k_g01.csv,htr/error,"{""buffer_len"": 1, ""merged"": [], ""collection_size"": 4, ""current_idx"": 21, ""best_idx"": 20, ""acc_current_on_warning"": 0.579117828393549, ""acc_best_on_warning"": 0.579117828393549, ""acc_new_on_warning"": 0.0, ""winner_initial"": ""reused_copy"", ""acc_on_buffer"": {""14"": 0.2914405730330293, ""19"": 0.537124748953691, ""20"": 0.579117828393549}, ""similarity_metric"": ""residual_pearson"", ""merge_pairs"": [], ""slot_era",joe-sudden,False,,1,0.579117828393549,0.0,0.579117828393549,1.02576266076302,0.004180407406684905,-0.03603115273778712,-0.0033795315989268992,0.037161587151886,flat,flat
15559,15608,49,hit,7.0,23582.0,,0.4887,0.6562,0.1674,rise,1.7752,3.7976,1.1392,,,0,sudden/high/recurring_sudden_friedman_100k_g01.csv,htr-mwa50/error,"{""buffer_len"": 50, ""merged"": [], ""collection_size"": 2, ""current_idx"": 1, ""best_idx"": 0, ""acc_current_on_warning"": 0.2549513077935397, ""acc_best_on_warning"": 0.2549513077935397, ""acc_new_on_warning"": 0.16212555416548935, ""winner_initial"": ""reused_copy"", ""acc_on_buffer"": {""0"": 0.2549513077935397}, ""similarity_metric"": ""residual_pearson"", ""merge_pairs"": [], ""slot_eras"": {""0"": 0, ""1"": 1}, ""score_seman",joe-sudden,False,,50,0.2549513077935397,0.1621255541654893,0.2549513077935397,1.6495427168330903,0.027586224415485583,0.048054739904802135,0.011698094002297876,0.23230490154289396,rise,rise
16039,16088,49,echo_inwin,487.0,23102.0,480.0,0.6682,0.5945,-0.0737,fall,4.0421,3.0255,-0.2515,,362.0,1,sudden/high/recurring_sudden_friedman_100k_g01.csv,htr-mwa50/error,"{""buffer_len"": 50, ""merged"": [], ""collection_size"": 3, ""current_idx"": 2, ""best_idx"": 1, ""acc_current_on_warning"": 0.42241945231278155, ""acc_best_on_warning"": 0.42241945231278155, ""acc_new_on_warning"": 0.22841972026954693, ""winner_initial"": ""reused_copy"", ""acc_on_buffer"": {""0"": 0.20218427944517148, ""1"": 0.42241945231278155}, ""similarity_metric"": ""residual_pearson"", ""merge_pairs"": [], ""slot_eras"": {",joe-sudden,False,,50,0.4224194523127815,0.2284197202695469,0.4224194523127815,1.0578670408184125,0.16389742916725447,0.25230523605263433,0.04022635475133002,1.0712541801696203,rise,rise
19751,20007,256,orphan,4199.0,19390.0,3712.0,0.5557,0.6465,0.0908,rise,2.785,4.0179,0.4427,,4074.0,0,sudden/high/recurring_sudden_friedman_100k_g01.csv,htr-mwa50/error,"{""buffer_len"": 257, ""merged"": [1, 2], ""collection_size"": 2, ""current_idx"": 3, ""best_idx"": 0, ""acc_current_on_warning"": 0.20690289426636577, ""acc_best_on_warning"": 0.20690289426636577, ""acc_new_on_warning"": 0.2864934237303908, ""winner_initial"": ""reused_copy"", ""acc_on_buffer"": {""0"": 0.20690289426636577}, ""similarity_metric"": ""residual_pearson"", ""merge_pairs"": [[0, 1], [0, 2]], ""slot_eras"": {""0"": 0, ",joe-sudden,False,,257,0.2069028942663657,0.2864934237303908,0.2069028942663657,1.7403211737945137,-0.010415542180903126,0.3085875148611319,0.04240385633461341,-0.02599501434803486,flat,flat
20615,20903,288,orphan,5063.0,18526.0,864.0,0.6187,0.6265,0.0079,flat,3.6776,3.9217,0.0664,,354.0,1,sudden/high/recurring_sudden_friedman_100k_g01.csv,htr-mwa50/error,"{""buffer_len"": 289, ""merged"": [3], ""collection_size"": 2, ""current_idx"": 4, ""best_idx"": 0, ""acc_current_on_warning"": 0.24100999585437732, ""acc_best_on_warning"": 0.24100999585437732, ""acc_new_on_warning"": 0.27587722438475704, ""winner_initial"": ""reused_copy"", ""acc_on_buffer"": {""0"": 0.24100999585437732}, ""similarity_metric"": ""residual_pearson"", ""merge_pairs"": [[0, 3]], ""slot_eras"": {""0"": 0, ""1"": 1, ""2",joe-sudden,False,,289,0.2410099958543773,0.275877224384757,0.2410099958543773,1.5227497307179976,-0.0037641199482830734,0.3247691253581,0.045620792209656535,0.009551782249066942,flat,flat
21735,21799,64,orphan,6183.0,17406.0,1120.0,0.5915,0.6457,0.0542,rise,3.3782,4.2428,0.2559,,829.0,0,sudden/high/recurring_sudden_friedman_100k_g01.csv,htr-mwa50/error,"{""buffer_len"": 65, ""merged"": [4], ""collection_size"": 2, ""current_idx"": 5, ""best_idx"": 0, ""acc_current_on_warning"": 0.2368948001263791, ""acc_best_on_warning"": 0.2368948001263791, ""acc_new_on_warning"": 0.25453474823806377, ""winner_initial"": ""reused_copy"", ""acc_on_buffer"": {""0"": 0.2368948001263791}, ""similarity_metric"": ""residual_pearson"", ""merge_pairs"": [[0, 4]], ""slot_eras"": {""0"": 0, ""1"": 1, ""2"": 2",joe-sudden,False,,65,0.2368948001263791,0.2545347482380637,0.2368948001263791,1.7606650627748892,-0.02927975582555553,0.33361486084710235,0.045433874341080815,-0.0971423991868342,fall,fall
22311,22360,49,orphan,6759.0,16830.0,576.0,0.6437,0.6117,-0.032,fall,4.2142,3.9325,-0.0668,,345.0,1,sudden/high/recurring_sudden_friedman_100k_g01.csv,htr-mwa50/error,"{""buffer_len"": 50, ""merged"": [5], ""collection_size"": 2, ""current_idx"": 6, ""best_idx"": 0, ""acc_current_on_warning"": 0.2668316102435039, ""acc_best_on_warning"": 0.2668316102435039, ""acc_new_on_warning"": 0.24740660185967345, ""winner_initial"": ""reused_copy"", ""acc_on_buffer"": {""0"": 0.2668316102435039}, ""similarity_metric"": ""residual_pearson"", ""merge_pairs"": [[0, 5]], ""slot_eras"": {""0"": 0, ""1"": 1, ""2"": 2",joe-sudden,False,,50,0.2668316102435039,0.2474066018596734,0.2668316102435039,1.4084067485831746,0.024791541033369335,0.3775545842081687,0.05319929161749448,0.1180883874651184,rise,rise
22919,23207,288,orphan,7367.0,16222.0,608.0,0.5954,0.6236,0.0282,rise,3.6492,4.0382,0.1066,,953.0,0,sudden/high/recurring_sudden_friedman_100k_g01.csv,htr-mwa50/error,"{""buffer_len"": 289, ""merged"": [6], ""collection_size"": 2, ""current_idx"": 7, ""best_idx"": 0, ""acc_current_on_warning"": 0.25450957183033074, ""acc_best_on_warning"": 0.25450957183033074, ""acc_new_on_warning"": 0.3205968475756089, ""winner_initial"": ""reused_copy"", ""acc_on_buffer"": {""0"": 0.25450957183033074}, ""similarity_metric"": ""residual_pearson"", ""merge_pairs"": [[0, 6]], ""slot_eras"": {""0"": 0, ""1"": 1, ""2""",joe-sudden,False,,289,0.2545095718303307,0.3205968475756089,0.2545095718303307,1.5295060203355548,-0.06851720464845634,0.3197619492562267,0.04045200184107012,-0.2305077752472534,fall,fall
23655,23704,49,orphan,8103.0,15486.0,736.0,0.6195,0.6311,0.0116,flat,3.9939,4.368,0.0937,,172.0,1,sudden/high/recurring_sudden_friedman_100k_g01.csv,htr-mwa50/error,"{""buffer_len"": 50, ""merged"": [7], ""collection_size"": 2, ""current_idx"": 8, ""best_idx"": 0, ""acc_current_on_warning"": 0.27954035253423315, ""acc_best_on_warning"": 0.27954035253423315, ""acc_new_on_warning"": 0.23544819605436063, ""winner_initial"": ""reused_copy"", ""acc_on_buffer"": {""0"": 0.27954035253423315}, ""similarity_metric"": ""residual_pearson"", ""merge_pairs"": [[0, 7]], ""slot_eras"": {""0"": 0, ""1"": 1, ""2""",joe-sudden,False,,50,0.2795403525342331,0.2354481960543606,0.2795403525342331,1.7347618705393522,0.019105840059007395,0.29320391001651,0.03571697170275667,0.07873133986996739,rise,flat
24135,24199,64,orphan,8583.0,15006.0,480.0,0.6341,0.6764,0.0423,rise,4.3913,5.0598,0.1522,,317.0,1,sudden/high/recurring_sudden_friedman_100k_g01.csv,htr-mwa50/error,"{""buffer_len"": 65, ""merged"": [8], ""collection_size"": 2, ""current_idx"": 9, ""best_idx"": 0, ""acc_current_on_warning"": 0.265151829965692, ""acc_best_on_warning"": 0.265151829965692, ""acc_new_on_warning"": 0.2696041059301977, ""winner_initial"": ""reused_copy"", ""acc_on_buffer"": {""0"": 0.265151829965692}, ""similarity_metric"": ""residual_pearson"", ""merge_pairs"": [[0, 8]], ""slot_eras"": {""0"": 0, ""1"": 1, ""2"": 2, ""3",joe-sudden,False,,65,0.265151829965692,0.2696041059301977,0.265151829965692,1.5891816832835304,0.03204058462272508,0.2583571106046483,0.02809017327854868,0.18038477513615492,rise,rise
24487,24536,49,orphan,8935.0,14654.0,352.0,0.6235,0.627,0.0035,flat,4.2221,4.3685,0.0347,,168.0,1,sudden/high/recurring_sudden_friedman_100k_g01.csv,htr-mwa50/error,"{""buffer_len"": 50, ""merged"": [9], ""collection_size"": 2, ""current_idx"": 10, ""best_idx"": 0, ""acc_current_on_warning"": 0.29341220236135834, ""acc_best_on_warning"": 0.29341220236135834, ""acc_new_on_warning"": 0.2883685377426728, ""winner_initial"": ""reused_copy"", ""acc_on_buffer"": {""0"": 0.29341220236135834}, ""similarity_metric"": ""residual_pearson"", ""merge_pairs"": [[0, 9]], ""slot_eras"": {""0"": 0, ""1"": 1, ""2""",joe-sudden,False,,50,0.2934122023613583,0.2883685377426728,0.2934122023613583,1.3071574065252647,0.023190092017197794,0.2626288006728903,0.02833262546378701,0.1266048579618686,rise,rise
24999,25048,49,orphan,9447.0,14142.0,512.0,0.632,0.6089,-0.0231,fall,4.4362,4.2054,-0.052,,332.0,1,sudden/high/recurring_sudden_friedman_100k_g01.csv,htr-mwa50/error,"{""buffer_len"": 50, ""merged"": [10], ""collection_size"": 2, ""current_idx"": 11, ""best_idx"": 0, ""acc_current_on_warning"": 0.28810882556255335, ""acc_best_on_warning"": 0.28810882556255335, ""acc_new_on_warning"": 0.28185890149302606, ""winner_initial"": ""reused_copy"", ""acc_on_buffer"": {""0"": 0.28810882556255335}, ""similarity_metric"": ""residual_pearson"", ""merge_pairs"": [[0, 10]], ""slot_eras"": {""0"": 0, ""1"": 1, ",joe-sudden,False,,50,0.2881088255625533,0.281858901493026,0.2881088255625533,1.4514480931778238,-0.005390906608500501,0.28881983873061357,0.03171712545246108,0.017154310745403523,flat,flat
25575,25624,49,orphan,10023.0,13566.0,576.0,0.5933,0.6084,0.015,flat,3.9622,4.1838,0.0559,,421.0,1,sudden/high/recurring_sudden_friedman_100k_g01.csv,htr-mwa50/error,"{""buffer_len"": 50, ""merged"": [11], ""collection_size"": 2, ""current_idx"": 12, ""best_idx"": 0, ""acc_current_on_warning"": 0.23311284912565133, ""acc_best_on_warning"": 0.23311284912565133, ""acc_new_on_warning"": 0.35450643204975363, ""winner_initial"": ""reused_copy"", ""acc_on_buffer"": {""0"": 0.23311284912565133}, ""similarity_metric"": ""residual_pearson"", ""merge_pairs"": [[0, 11]], ""slot_eras"": {""0"": 0, ""1"": 1, ",joe-sudden,False,,50,0.2331128491256513,0.3545064320497536,0.2331128491256513,1.7488685604117153,-0.06347194485576646,0.25278035045622116,0.02499611224254239,-0.19123201766464004,fall,fall
26183,26471,288,orphan,10631.0,12958.0,608.0,0.5847,0.5993,0.0146,flat,3.8103,4.0423,0.0609,,419.0,1,sudden/high/recurring_sudden_friedman_100k_g01.csv,htr-mwa50/error,"{""buffer_len"": 289, ""merged"": [12], ""collection_size"": 2, ""current_idx"": 13, ""best_idx"": 0, ""acc_current_on_warning"": 0.2566129883466436, ""acc_best_on_warning"": 0.2566129883466436, ""acc_new_on_warning"": 0.33366299219997786, ""winner_initial"": ""reused_copy"", ""acc_on_buffer"": {""0"": 0.2566129883466436}, ""similarity_metric"": ""residual_pearson"", ""merge_pairs"": [[0, 12]], ""slot_eras"": {""0"": 0, ""1"": 1, ""2",joe-sudden,False,,289,0.2566129883466436,0.3336629921999778,0.2566129883466436,1.5182844995415203,-0.07841978083136081,0.2225456639269936,0.017193647285889346,-0.2724570152378111,fall,fall
27047,27096,49,orphan,11495.0,12094.0,864.0,0.5933,0.6005,0.0072,flat,3.9426,4.226,0.0719,,333.0,1,sudden/high/recurring_sudden_friedman_100k_g01.csv,htr-mwa50/error,"{""buffer_len"": 50, ""merged"": [13], ""collection_size"": 2, ""current_idx"": 14, ""best_idx"": 0, ""acc_current_on_warning"": 0.311421921817263, ""acc_best_on_warning"": 0.311421921817263, ""acc_new_on_warning"": 0.28185173566635624, ""winner_initial"": ""reused_copy"", ""acc_on_buffer"": {""0"": 0.311421921817263}, ""similarity_metric"": ""residual_pearson"", ""merge_pairs"": [[0, 13]], ""slot_eras"": {""0"": 0, ""1"": 1, ""2"": 2",joe-sudden,False,,50,0.311421921817263,0.2818517356663562,0.311421921817263,1.4156887790837804,0.004486072961957466,0.15860805374408016,0.005074017535075859,0.01852295444313401,flat,flat
27655,27704,49,orphan,12103.0,11486.0,608.0,0.5804,0.585,0.0046,flat,3.8521,3.9912,0.0361,,463.0,1,sudden/high/recurring_sudden_friedman_100k_g01.csv,htr-mwa50/error,"{""buffer_len"": 50, ""merged"": [14], ""collection_size"": 2, ""current_idx"": 15, ""best_idx"": 0, ""acc_current_on_warning"": 0.2896122742535612, ""acc_best_on_warning"": 0.2896122742535612, ""acc_new_on_warning"": 0.3177472773861372, ""winner_initial"": ""reused_copy"", ""acc_on_buffer"": {""0"": 0.2896122742535612}, ""similarity_metric"": ""residual_pearson"", ""merge_pairs"": [[0, 14]], ""slot_eras"": {""0"": 0, ""1"": 1, ""2"":",joe-sudden,False,,50,0.2896122742535612,0.3177472773861372,0.2896122742535612,1.466118106169871,-0.01786939993698411,0.05734751203348143,-0.01740719181677053,-0.05541237296739143,fall,flat
28455,28504,49,orphan,12903.0,10686.0,800.0,0.536,0.5884,0.0524,rise,3.2039,4.0365,0.2599,,748.0,0,sudden/high/recurring_sudden_friedman_100k_g01.csv,htr-mwa50/error,"{""buffer_len"": 50, ""merged"": [15], ""collection_size"": 2, ""current_idx"": 16, ""best_idx"": 0, ""acc_current_on_warning"": 0.3221069544833699, ""acc_best_on_warning"": 0.3221069544833699, ""acc_new_on_warning"": 0.2864189117431408, ""winner_initial"": ""reused_copy"", ""acc_on_buffer"": {""0"": 0.3221069544833699}, ""similarity_metric"": ""residual_pearson"", ""merge_pairs"": [[0, 15]], ""slot_eras"": {""0"": 0, ""1"": 1, ""2"":",joe-sudden,False,,50,0.3221069544833699,0.2864189117431408,0.3221069544833699,1.7248991049630302,-0.061253189831542265,-0.02053665570025931,-0.034594324911047525,-0.22266405293681923,fall,fall
29031,29080,49,orphan,13479.0,10110.0,576.0,0.5789,0.5818,0.0029,flat,3.8876,4.0196,0.0339,,363.0,1,sudden/high/recurring_sudden_friedman_100k_g01.csv,htr-mwa50/error,"{""buffer_len"": 50, ""merged"": [16], ""collection_size"": 2, ""current_idx"": 17, ""best_idx"": 0, ""acc_current_on_warning"": 0.3002585828338947, ""acc_best_on_warning"": 0.3002585828338947, ""acc_new_on_warning"": 0.2999671612707686, ""winner_initial"": ""reused_copy"", ""acc_on_buffer"": {""0"": 0.3002585828338947}, ""similarity_metric"": ""residual_pearson"", ""merge_pairs"": [[0, 16]], ""slot_eras"": {""0"": 0, ""1"": 1, ""2"":",joe-sudden,False,,50,0.3002585828338947,0.2999671612707686,0.3002585828338947,1.63088958165,-0.015018217451495564,-0.04935492511425699,-0.04036825872581462,-0.062452431770542605,fall,flat
29639,29959,320,orphan,14087.0,9502.0,608.0,0.5651,0.5836,0.0185,flat,3.7376,4.031,0.0785,,543.0,1,sudden/high/recurring_sudden_friedman_100k_g01.csv,htr-mwa50/error,"{""buffer_len"": 321, ""merged"": [17], ""collection_size"": 2, ""current_idx"": 18, ""best_idx"": 0, ""acc_current_on_warning"": 0.2958132548922906, ""acc_best_on_warning"": 0.2958132548922906, ""acc_new_on_warning"": 0.3642350505271713, ""winner_initial"": ""reused_copy"", ""acc_on_buffer"": {""0"": 0.2958132548922906}, ""similarity_metric"": ""residual_pearson"", ""merge_pairs"": [[0, 17]], ""slot_eras"": {""0"": 0, ""1"": 1, ""2""",joe-sudden,False,,321,0.2958132548922906,0.3642350505271713,0.2958132548922906,1.4402138121074248,-0.03973037101762311,-0.04754274961678073,-0.03773592289174965,-0.1653094368691581,fall,fall
30407,30535,128,orphan,14855.0,8734.0,768.0,0.5882,0.6011,0.0129,flat,4.0951,4.3339,0.0583,,165.0,1,sudden/high/recurring_sudden_friedman_100k_g01.csv,htr-mwa50/error,"{""buffer_len"": 129, ""merged"": [18], ""collection_size"": 2, ""current_idx"": 19, ""best_idx"": 0, ""acc_current_on_warning"": 0.29195715627387364, ""acc_best_on_warning"": 0.29195715627387364, ""acc_new_on_warning"": 0.3133656646389893, ""winner_initial"": ""reused_copy"", ""acc_on_buffer"": {""0"": 0.29195715627387364}, ""similarity_metric"": ""residual_pearson"", ""merge_pairs"": [[0, 18]], ""slot_eras"": {""0"": 0, ""1"": 1, ",joe-sudden,False,,129,0.2919571562738736,0.3133656646389893,0.2919571562738736,1.7605662986209905,-0.001595152780694442,-0.07438026687314603,-0.04168677221775274,0.004333816110041022,flat,flat
31047,31096,49,orphan,15495.0,8094.0,640.0,0.5956,0.5887,-0.007,flat,4.2325,4.2286,-0.0009,,260.0,1,sudden/high/recurring_sudden_friedman_100k_g01.csv,htr-mwa50/error,"{""buffer_len"": 50, ""merged"": [19], ""collection_size"": 2, ""current_idx"": 20, ""best_idx"": 0, ""acc_current_on_warning"": 0.23284560976957414, ""acc_best_on_warning"": 0.23284560976957414, ""acc_new_on_warning"": 0.34018062810339567, ""winner_initial"": ""reused_copy"", ""acc_on_buffer"": {""0"": 0.23284560976957414}, ""similarity_metric"": ""residual_pearson"", ""merge_pairs"": [[0, 19]], ""slot_eras"": {""0"": 0, ""1"": 1, ",joe-sudden,False,,50,0.2328456097695741,0.3401806281033956,0.2328456097695741,1.5669243630028704,0.011340846798717275,-0.06369250404241988,-0.036200025189445206,0.047680356008890534,flat,flat
31527,31623,96,orphan,15975.0,7614.0,480.0,0.5862,0.5784,-0.0078,flat,4.1838,4.0728,-0.0265,,285.0,1,sudden/high/recurring_sudden_friedman_100k_g01.csv,htr-mwa50/error,"{""buffer_len"": 97, ""merged"": [20], ""collection_size"": 2, ""current_idx"": 21, ""best_idx"": 0, ""acc_current_on_warning"": 0.314031164948368, ""acc_best_on_warning"": 0.314031164948368, ""acc_new_on_warning"": 0.3485500367322165, ""winner_initial"": ""reused_copy"", ""acc_on_buffer"": {""0"": 0.314031164948368}, ""similarity_metric"": ""residual_pearson"", ""merge_pairs"": [[0, 20]], ""slot_eras"": {""0"": 0, ""1"": 1, ""2"": 2,",joe-sudden,False,,97,0.314031164948368,0.3485500367322165,0.314031164948368,1.5723117338508419,0.003551215782225947,-0.025359748051629993,-0.025395731293065493,0.033854504521688034,flat,flat
32167,32519,352,orphan,16615.0,6974.0,640.0,0.568,0.5652,-0.0028,flat,3.9096,3.9004,-0.0024,,324.0,1,sudden/high/recurring_sudden_friedman_100k_g01.csv,htr-mwa50/error,"{""buffer_len"": 353, ""merged"": [21], ""collection_size"": 2, ""current_idx"": 22, ""best_idx"": 0, ""acc_current_on_warning"": 0.3268718846141695, ""acc_best_on_warning"": 0.3268718846141695, ""acc_new_on_warning"": 0.3817548124000033, ""winner_initial"": ""reused_copy"", ""acc_on_buffer"": {""0"": 0.3268718846141695}, ""similarity_metric"": ""residual_pearson"", ""merge_pairs"": [[0, 21]], ""slot_eras"": {""0"": 0, ""1"": 1, ""2""",joe-sudden,False,,353,0.3268718846141695,0.3817548124000033,0.3268718846141695,1.7912800593933726,-0.06943811097141017,-0.05249442096569745,-0.029235445999747034,-0.26143621730858524,fall,fall
32999,33048,49,orphan,17447.0,6142.0,832.0,0.5623,0.5802,0.0179,flat,3.8532,4.1471,0.0763,,469.0,1,sudden/high/recurring_sudden_friedman_100k_g01.csv,htr-mwa50/error,"{""buffer_len"": 50, ""merged"": [22], ""collection_size"": 2, ""current_idx"": 23, ""best_idx"": 0, ""acc_current_on_warning"": 0.3414564346807941, ""acc_best_on_warning"": 0.3414564346807941, ""acc_new_on_warning"": 0.2792369963967286, ""winner_initial"": ""reused_copy"", ""acc_on_buffer"": {""0"": 0.3414564346807941}, ""similarity_metric"": ""residual_pearson"", ""merge_pairs"": [[0, 22]], ""slot_eras"": {""0"": 0, ""1"": 1, ""2"":",joe-sudden,False,,50,0.3414564346807941,0.2792369963967286,0.3414564346807941,1.4720519737621334,-0.004869560792147398,-0.00938106508858727,-0.01783903167806733,-0.011071172052071754,flat,flat
33799,33848,49,orphan,18247.0,5342.0,800.0,0.5321,0.5793,0.0472,rise,3.3316,4.1276,0.2389,,746.0,0,sudden/high/recurring_sudden_friedman_100k_g01.csv,htr-mwa50/error,"{""buffer_len"": 50, ""merged"": [23], ""collection_size"": 2, ""current_idx"": 24, ""best_idx"": 0, ""acc_current_on_warning"": 0.3623779940555749, ""acc_best_on_warning"": 0.3623779940555749, ""acc_new_on_warning"": 0.2822624851034692, ""winner_initial"": ""reused_copy"", ""acc_on_buffer"": {""0"": 0.3623779940555749}, ""similarity_metric"": ""residual_pearson"", ""merge_pairs"": [[0, 23]], ""slot_eras"": {""0"": 0, ""1"": 1, ""2"":",joe-sudden,False,,50,0.3623779940555749,0.2822624851034692,0.3623779940555749,1.8925071476369826,-0.035243701432098096,-0.029033993608370112,-0.02148644811026401,-0.15676966256644465,fall,fall
34151,34823,672,orphan,18599.0,4990.0,352.0,0.5592,0.5067,-0.0526,fall,3.8016,2.9858,-0.2146,,163.0,1,sudden/high/recurring_sudden_friedman_100k_g01.csv,htr-mwa50/error,"{""buffer_len"": 673, ""merged"": [24], ""collection_size"": 2, ""current_idx"": 25, ""best_idx"": 0, ""acc_current_on_warning"": 0.28960057485861723, ""acc_best_on_warning"": 0.28960057485861723, ""acc_new_on_warning"": 0.4982388490058578, ""winner_initial"": ""reused_copy"", ""acc_on_buffer"": {""0"": 0.28960057485861723}, ""similarity_metric"": ""residual_pearson"", ""merge_pairs"": [[0, 24]], ""slot_eras"": {""0"": 0, ""1"": 1, ",joe-sudden,False,,673,0.2896005748586172,0.4982388490058578,0.2896005748586172,1.0816973208319758,-0.027184706207666998,-0.06197552873194856,-0.02728798236289187,-0.11659891000874822,fall,fall
37895,37944,49,orphan,22343.0,1246.0,3744.0,0.4575,0.5699,0.1124,rise,2.2253,4.0349,0.8131,,3071.0,0,sudden/high/recurring_sudden_friedman_100k_g01.csv,htr-mwa50/error,"{""buffer_len"": 50, ""merged"": [25], ""collection_size"": 2, ""current_idx"": 26, ""best_idx"": 0, ""acc_current_on_warning"": 0.29548009786545903, ""acc_best_on_warning"": 0.29548009786545903, ""acc_new_on_warning"": 0.2513414309674531, ""winner_initial"": ""reused_copy"", ""acc_on_buffer"": {""0"": 0.29548009786545903}, ""similarity_metric"": ""residual_pearson"", ""merge_pairs"": [[0, 25]], ""slot_eras"": {""0"": 0, ""1"": 1, """,joe-sudden,False,,50,0.295480097865459,0.2513414309674531,0.295480097865459,1.7396871241134415,-0.016646294117338145,-0.2975604284484664,-0.0774107316185505,-0.10684177480692514,fall,flat
38919,38968,49,orphan,23367.0,222.0,1024.0,0.5166,0.5628,0.0462,rise,3.1425,3.9209,0.2477,,4095.0,0,sudden/high/recurring_sudden_friedman_100k_g01.csv,htr-mwa50/error,"{""buffer_len"": 50, ""merged"": [26], ""collection_size"": 2, ""current_idx"": 27, ""best_idx"": 0, ""acc_current_on_warning"": 0.2786641831391624, ""acc_best_on_warning"": 0.2786641831391624, ""acc_new_on_warning"": 0.2850437250839768, ""winner_initial"": ""reused_copy"", ""acc_on_buffer"": {""0"": 0.2786641831391624}, ""similarity_metric"": ""residual_pearson"", ""merge_pairs"": [[0, 26]], ""slot_eras"": {""0"": 0, ""1"": 1, ""2"":",joe-sudden,False,pre_drift,50,0.2786641831391624,0.2850437250839768,0.2786641831391624,1.6655958453089135,0.014216034755727303,-0.21516100965201845,-0.054661218482090046,0.07110473920060167,rise,flat
39239,39288,49,hit,98.0,28830.0,320.0,0.5582,0.488,-0.0702,fall,3.8593,2.6694,-0.3083,,138.0,1,sudden/high/recurring_sudden_friedman_100k_g01.csv,htr-mwa50/error,"{""buffer_len"": 50, ""merged"": [27], ""collection_size"": 2, ""current_idx"": 28, ""best_idx"": 0, ""acc_current_on_warning"": 0.5057661014548849, ""acc_best_on_warning"": 0.5057661014548849, ""acc_new_on_warning"": 0.4097737371011302, ""winner_initial"": ""reused_copy"", ""acc_on_buffer"": {""0"": 0.5057661014548849}, ""similarity_metric"": ""residual_pearson"", ""merge_pairs"": [[0, 27]], ""slot_eras"": {""0"": 0, ""1"": 1, ""2"":",joe-sudden,False,,50,0.5057661014548849,0.4097737371011302,0.5057661014548849,0.812582869565704,0.054907907654487054,-0.14668339247487516,-0.03724965113451306,0.2993324169563132,rise,rise
42247,43591,1344,orphan,3106.0,25822.0,3008.0,0.4514,0.4568,0.0054,flat,2.0724,2.1361,0.0307,,2931.0,0,sudden/high/recurring_sudden_friedman_100k_g01.csv,htr-mwa50/error,"{""buffer_len"": 1345, ""merged"": [0], ""collection_size"": 2, ""current_idx"": 29, ""best_idx"": 28, ""acc_current_on_warning"": 0.5389443272515804, ""acc_best_on_warning"": 0.5389443272515804, ""acc_new_on_warning"": 0.5272482214146799, ""winner_initial"": ""reused_copy"", ""acc_on_buffer"": {""28"": 0.5389443272515804}, ""similarity_metric"": ""residual_pearson"", ""merge_pairs"": [[28, 0]], ""slot_eras"": {""0"": 0, ""1"": 1, """,joe-sudden,False,,1345,0.5389443272515804,0.5272482214146799,0.5389443272515804,1.0962911070702777,-0.0026301428844271446,-0.22678565282835417,-0.03766929887745735,-0.02394303025669875,flat,flat
68135,68184,49,hit,66.0,,25888.0,0.4798,0.5986,0.1187,rise,2.2917,3.9495,0.7234,,6486.0,0,sudden/high/recurring_sudden_friedman_100k_g01.csv,htr-mwa50/error,"{""buffer_len"": 50, ""merged"": [28], ""collection_size"": 2, ""current_idx"": 30, ""best_idx"": 29, ""acc_current_on_warning"": 0.34162596913994603, ""acc_best_on_warning"": 0.34162596913994603, ""acc_new_on_warning"": 0.30286279785382664, ""winner_initial"": ""reused_copy"", ""acc_on_buffer"": {""29"": 0.34162596913994603}, ""similarity_metric"": ""residual_pearson"", ""merge_pairs"": [[29, 28]], ""slot_eras"": {""0"": 0, ""1"": ",joe-sudden,False,,50,0.341625969139946,0.3028627978538266,0.341625969139946,1.0406383923855862,0.05507548928594863,0.016842464839476046,0.00403692245007542,0.46444360656273465,rise,rise
69223,69272,49,echo,1154.0,,1088.0,0.5597,0.5989,0.0393,rise,3.3924,3.9816,0.1737,,1031.0,0,sudden/high/recurring_sudden_friedman_100k_g01.csv,htr-mwa50/error,"{""buffer_len"": 50, ""merged"": [30], ""collection_size"": 2, ""current_idx"": 31, ""best_idx"": 29, ""acc_current_on_warning"": 0.35545684348891105, ""acc_best_on_warning"": 0.35545684348891105, ""acc_new_on_warning"": 0.29537497899355825, ""winner_initial"": ""reused_copy"", ""acc_on_buffer"": {""29"": 0.35545684348891105}, ""similarity_metric"": ""residual_pearson"", ""merge_pairs"": [[29, 30]], ""slot_eras"": {""0"": 0, ""1"": ",joe-sudden,False,,50,0.355456843488911,0.2953749789935582,0.355456843488911,1.2967852352329265,0.03861185053089078,0.40028922467202577,0.05399457745328068,0.18362098233178492,rise,rise
70279,70328,49,echo,2210.0,,1056.0,0.5419,0.6105,0.0686,rise,3.1722,4.2054,0.3257,,1005.0,0,sudden/high/recurring_sudden_friedman_100k_g01.csv,htr-mwa50/error,"{""buffer_len"": 50, ""merged"": [31], ""collection_size"": 2, ""current_idx"": 32, ""best_idx"": 29, ""acc_current_on_warning"": 0.356857688100081, ""acc_best_on_warning"": 0.356857688100081, ""acc_new_on_warning"": 0.2590796776563947, ""winner_initial"": ""reused_copy"", ""acc_on_buffer"": {""29"": 0.356857688100081}, ""similarity_metric"": ""residual_pearson"", ""merge_pairs"": [[29, 31]], ""slot_eras"": {""0"": 0, ""1"": 1, ""2"":",joe-sudden,False,,50,0.356857688100081,0.2590796776563947,0.356857688100081,1.5250946082732975,-0.038613935213562156,0.7528018027549603,0.09782706986117062,-0.14470093994502253,fall,fall
71303,71352,49,orphan,3234.0,,1024.0,0.5495,0.5849,0.0354,rise,3.279,3.8437,0.1722,,951.0,0,sudden/high/recurring_sudden_friedman_100k_g01.csv,htr-mwa50/error,"{""buffer_len"": 50, ""merged"": [32], ""collection_size"": 2, ""current_idx"": 33, ""best_idx"": 29, ""acc_current_on_warning"": 0.3875646908483714, ""acc_best_on_warning"": 0.3875646908483714, ""acc_new_on_warning"": 0.2844492859436093, ""winner_initial"": ""reused_copy"", ""acc_on_buffer"": {""29"": 0.3875646908483714}, ""similarity_metric"": ""residual_pearson"", ""merge_pairs"": [[29, 32]], ""slot_eras"": {""0"": 0, ""1"": 1, """,joe-sudden,False,,50,0.3875646908483714,0.2844492859436093,0.3875646908483714,1.4412521154064086,-0.03927529988246958,0.8341503821206033,0.11456347293227481,-0.15458386161031468,fall,fall
72263,74343,2080,orphan,4194.0,,960.0,0.5394,0.506,-0.0334,fall,3.1366,2.7442,-0.1251,,892.0,0,sudden/high/recurring_sudden_friedman_100k_g01.csv,htr-mwa50/error,"{""buffer_len"": 2081, ""merged"": [33], ""collection_size"": 2, ""current_idx"": 34, ""best_idx"": 29, ""acc_current_on_warning"": 0.3631438304409692, ""acc_best_on_warning"": 0.3631438304409692, ""acc_new_on_warning"": 0.5008930968956204, ""winner_initial"": ""reused_copy"", ""acc_on_buffer"": {""29"": 0.3631438304409692}, ""similarity_metric"": ""residual_pearson"", ""merge_pairs"": [[29, 33]], ""slot_eras"": {""0"": 0, ""1"": 1,",joe-sudden,False,,2081,0.3631438304409692,0.5008930968956204,0.3631438304409692,1.2430518920009224,-0.024202402955967206,0.1569238860780795,0.028050685511873175,-0.10396821433141101,fall,fall
76199,76807,608,orphan,8130.0,,3936.0,0.4833,0.4625,-0.0207,fall,2.4018,2.076,-0.1357,,1855.0,0,sudden/high/recurring_sudden_friedman_100k_g01.csv,htr-mwa50/error,"{""buffer_len"": 609, ""merged"": [], ""collection_size"": 3, ""current_idx"": 35, ""best_idx"": 34, ""acc_current_on_warning"": 0.5274436071928263, ""acc_best_on_warning"": 0.5274436071928263, ""acc_new_on_warning"": 0.3956513526417562, ""winner_initial"": ""reused_copy"", ""acc_on_buffer"": {""29"": 0.3679676491971343, ""34"": 0.5274436071928263}, ""similarity_metric"": ""residual_pearson"", ""merge_pairs"": [], ""slot_eras"": {",joe-sudden,False,,609,0.5274436071928263,0.3956513526417562,0.5274436071928263,1.0451333059107706,-0.01119279031120668,-0.27382854267665147,-0.06945998773578399,-0.07514284622431433,fall,flat
91143,91192,49,orphan,23074.0,,14944.0,0.44,0.4392,-0.0008,flat,1.6647,1.6622,-0.0015,,16799.0,0,sudden/high/recurring_sudden_friedman_100k_g01.csv,htr-mwa50/error,"{""buffer_len"": 50, ""merged"": [34], ""collection_size"": 3, ""current_idx"": 36, ""best_idx"": 35, ""acc_current_on_warning"": 0.5552787608553398, ""acc_best_on_warning"": 0.5552787608553398, ""acc_new_on_warning"": 0.2504724375561408, ""winner_initial"": ""reused_copy"", ""acc_on_buffer"": {""29"": 0.29425121397165444, ""35"": 0.5552787608553398}, ""similarity_metric"": ""residual_pearson"", ""merge_pairs"": [[35, 34]], ""slo",joe-sudden,False,,50,0.5552787608553398,0.2504724375561408,0.5552787608553398,0.9598854957525415,-0.0010340532917750278,-0.05873323348871706,-0.005275923363981305,-0.017327596121300637,flat,flat
15559,15591,32,hit,7.0,23582.0,,0.4887,0.4528,-0.0359,fall,1.7752,3.8821,1.1868,fake_fall,,0,sudden/high/recurring_sudden_friedman_100k_g01.csv,htr-nr/error,"{""buffer_len"": 33, ""merged"": [], ""collection_size"": 2, ""current_idx"": 1, ""best_idx"": 0, ""acc_current_on_warning"": 0.2380022921802306, ""acc_best_on_warning"": 0.2380022921802306, ""acc_new_on_warning"": 0.11090809291868775, ""winner_initial"": ""reused_copy"", ""acc_on_buffer"": {""0"": 0.2380022921802306}, ""similarity_metric"": ""residual_pearson"", ""merge_pairs"": [], ""slot_eras"": {""0"": 0, ""1"": 1}, ""score_seman",joe-sudden,False,,33,0.2380022921802306,0.1109080929186877,0.2380022921802306,1.9000091829487398,0.020598958040427218,0.03746976093534515,0.010378266882031528,0.17601315872610268,rise,rise
19175,19207,32,orphan,3623.0,19966.0,3616.0,0.4797,0.5001,0.0204,rise,2.7443,2.7865,0.0154,fake_rise,3495.0,0,sudden/high/recurring_sudden_friedman_100k_g01.csv,htr-nr/error,"{""buffer_len"": 33, ""merged"": [0], ""collection_size"": 2, ""current_idx"": 2, ""best_idx"": 1, ""acc_current_on_warning"": 0.49711584430006894, ""acc_best_on_warning"": 0.49711584430006894, ""acc_new_on_warning"": 0.23646885423095498, ""winner_initial"": ""reused_copy"", ""acc_on_buffer"": {""1"": 0.49711584430006894}, ""similarity_metric"": ""residual_pearson"", ""merge_pairs"": [[1, 0]], ""slot_eras"": {""0"": 0, ""1"": 1, ""2""",joe-sudden,True,,33,0.4971158443000689,0.2364688542309549,0.4971158443000689,0.9971024759239258,0.0028759782977136883,0.43875639716695813,-0.007789857413248447,-0.005862756631664134,flat,flat
28871,28903,32,orphan,13319.0,10270.0,9696.0,0.4654,0.5064,0.041,rise,2.1435,2.647,0.2349,,1009.0,0,sudden/high/recurring_sudden_friedman_100k_g01.csv,htr-nr/error,"{""buffer_len"": 33, ""merged"": [2], ""collection_size"": 2, ""current_idx"": 3, ""best_idx"": 1, ""acc_current_on_warning"": 0.5352912340688596, ""acc_best_on_warning"": 0.5352912340688596, ""acc_new_on_warning"": 0.17970475955565457, ""winner_initial"": ""reused_copy"", ""acc_on_buffer"": {""1"": 0.5352912340688596}, ""similarity_metric"": ""residual_pearson"", ""merge_pairs"": [[1, 2]], ""slot_eras"": {""0"": 0, ""1"": 1, ""2"": 2",joe-sudden,False,,33,0.5352912340688596,0.1797047595556545,0.5352912340688596,1.2774532634628288,-0.013887541484597254,-0.08003063208624028,-0.014008761825314908,-0.11553352397470751,fall,flat
39271,39303,32,hit,130.0,28798.0,10400.0,0.5475,0.4583,-0.0892,fall,3.382,3.2178,-0.0485,fake_fall,11409.0,0,sudden/high/recurring_sudden_friedman_100k_g01.csv,htr-nr/error,"{""buffer_len"": 33, ""merged"": [3], ""collection_size"": 2, ""current_idx"": 4, ""best_idx"": 1, ""acc_current_on_warning"": 0.25399991372397535, ""acc_best_on_warning"": 0.25399991372397535, ""acc_new_on_warning"": 0.3472506005826037, ""winner_initial"": ""reused_copy"", ""acc_on_buffer"": {""1"": 0.25399991372397535}, ""similarity_metric"": ""residual_pearson"", ""merge_pairs"": [[1, 3]], ""slot_eras"": {""0"": 0, ""1"": 1, ""2"":",joe-sudden,False,,33,0.2539999137239753,0.3472506005826037,0.2539999137239753,0.827112177099467,0.06427656909397345,0.06172160299007001,0.01333854738374346,0.399153530042337,rise,rise
68327,68327,0,hit,258.0,,29056.0,0.5977,0.489,-0.1087,fall,3.1865,3.552,0.1147,fake_fall,24490.0,0,sudden/high/recurring_sudden_friedman_100k_g01.csv,htr-nr/error,"{""buffer_len"": 1, ""merged"": [], ""collection_size"": 3, ""current_idx"": 5, ""best_idx"": 4, ""acc_current_on_warning"": 0.5236371829582429, ""acc_best_on_warning"": 0.5236371829582429, ""acc_new_on_warning"": 0.0, ""winner_initial"": ""reused_copy"", ""acc_on_buffer"": {""1"": 0.4344841035242406, ""4"": 0.5236371829582429}, ""similarity_metric"": ""residual_pearson"", ""merge_pairs"": [], ""slot_eras"": {""0"": 0, ""1"": 1, ""2"": ",joe-sudden,False,,1,0.5236371829582429,0.0,0.5236371829582429,0.895155624194162,0.12156976844119999,0.1088894513861427,0.019360754303534566,0.8356442806237916,rise,rise
71911,71911,0,orphan,3842.0,,3584.0,0.4536,0.5048,0.0512,rise,2.2298,2.3155,0.0385,fake_rise,1325.0,0,sudden/high/recurring_sudden_friedman_100k_g01.csv,htr-nr/error,"{""buffer_len"": 1, ""merged"": [], ""collection_size"": 4, ""current_idx"": 6, ""best_idx"": 5, ""acc_current_on_warning"": 0.6402869069224977, ""acc_best_on_warning"": 0.6402869069224977, ""acc_new_on_warning"": 0.0, ""winner_initial"": ""reused_copy"", ""acc_on_buffer"": {""1"": 0.3611927892182669, ""4"": 0.5496526716401006, ""5"": 0.6402869069224977}, ""similarity_metric"": ""residual_pearson"", ""merge_pairs"": [], ""slot_eras",joe-sudden,True,,1,0.6402869069224977,0.0,0.6402869069224977,0.923536293446606,-0.005976836625268267,0.3532307995848605,-0.01859997710495953,-0.1361189883909132,fall,flat
79111,79335,224,orphan,11042.0,,7200.0,0.4841,0.4993,0.0153,flat,1.9393,2.2607,0.1657,,8525.0,0,sudden/high/recurring_sudden_friedman_100k_g01.csv,htr-nr/error,"{""buffer_len"": 225, ""merged"": [1, 4, 6], ""collection_size"": 2, ""current_idx"": 7, ""best_idx"": 5, ""acc_current_on_warning"": 0.49289374460532576, ""acc_best_on_warning"": 0.49289374460532576, ""acc_new_on_warning"": 0.3038418131401118, ""winner_initial"": ""reused_copy"", ""acc_on_buffer"": {""5"": 0.49289374460532576}, ""similarity_metric"": ""residual_pearson"", ""merge_pairs"": [[5, 1], [5, 4], [5, 6]], ""slot_eras""",joe-sudden,False,,225,0.4928937446053257,0.3038418131401118,0.4928937446053257,1.2170702034961176,-0.0013831357985865655,-0.14543544596376035,-0.003103996480371851,-0.024159956640152247,flat,flat
84327,89575,5248,orphan,16258.0,,5216.0,0.4836,0.4974,0.0138,flat,2.0329,2.3834,0.1724,,4959.0,0,sudden/high/recurring_sudden_friedman_100k_g01.csv,htr-nr/error,"{""buffer_len"": 5249, ""merged"": [7], ""collection_size"": 2, ""current_idx"": 8, ""best_idx"": 5, ""acc_current_on_warning"": 0.49441959891429443, ""acc_best_on_warning"": 0.49441959891429443, ""acc_new_on_warning"": 0.4197029982022408, ""winner_initial"": ""reused_copy"", ""acc_on_buffer"": {""5"": 0.49441959891429443}, ""similarity_metric"": ""residual_pearson"", ""merge_pairs"": [[5, 7]], ""slot_eras"": {""0"": 0, ""1"": 1, ""2",joe-sudden,False,,5249,0.4944195989142944,0.4197029982022408,0.4944195989142944,1.094458252702961,0.005443506474048954,-0.007356383965989255,0.003341445125130127,0.030582482993347204,flat,flat
