event_id,config_id,file,warning_t,confirmation_t,warning_to_confirm_age,source,best_idx,current_idx,collection_size,acc_current_on_warning,acc_best_on_warning,acc_new_on_warning,buffer_len,reuse_looked_better,acc_best_minus_new,gt_match,nearest_drift_start,confirmation_delay,prewarn_slope,prewarn_peak,prewarn_mean,n_leader_swaps,fresh_ever_led,final_leader_origin,duel_final_margin,duel_segment_len,reuse_survived,snapshot_matched_duel
uq_entropy_adwin::recurring_sud_sea100k_g00.csv::2535::4295,uq_entropy_adwin,recurring_sud_sea100k_g00.csv,2535,4295,1760,ecpf_detector_dual_adwin,0,1,2,0.9540034071550255,0.9540034071550255,0.9619534355479841,1761,0,-0.007950028392958552,FP,14476,-10181,-9.884163662472596e-05,0.9999989338542113,0.6391442576030139,3,1,fresh,1,1400,0,1
uq_entropy_adwin::recurring_sud_sea100k_g00.csv::5703::16487,uq_entropy_adwin,recurring_sud_sea100k_g00.csv,5703,16487,10784,ecpf_detector_dual_adwin,1,2,2,0.959573481687529,0.959573481687529,0.9573481687528975,10785,1,0.0022253129346314626,TP,14476,2011,-0.00011672098262169298,0.9999981751601008,0.6316952473429582,1,1,fresh,160,20100,0,0
uq_entropy_adwin::recurring_sud_sea100k_g00.csv::36615::41927,uq_entropy_adwin,recurring_sud_sea100k_g00.csv,36615,41927,5312,ecpf_detector_dual_adwin,1,3,3,0.9322416713721061,0.9373235460191982,0.9224543572369659,5313,1,0.014869188782232312,TP,40858,1069,-0.0001482654170646551,0.9999184555647117,0.5740228637997976,0,0,reused,78,11000,1,1
uq_entropy_adwin::recurring_sud_sea100k_g00.csv::52935::60039,uq_entropy_adwin,recurring_sud_sea100k_g00.csv,52935,60039,7104,ecpf_detector_dual_adwin,1,4,4,0.9387755102040817,0.9446868402533427,0.9486277269528501,7105,0,-0.003940886699507429,TP,57376,2663,-0.0004029107531032494,0.9999706419871748,0.5985347401666989,6,1,reused,43,8400,0,1
uq_entropy_adwin::recurring_sud_sea100k_g00.csv::68487::72743,uq_entropy_adwin,recurring_sud_sea100k_g00.csv,68487,72743,4256,ecpf_detector_dual_adwin,1,5,5,0.9187221047686164,0.9415081042988019,0.9588912379610054,4257,0,-0.017383133662203454,TP,71319,1424,1.014376599139713e-06,0.9999103293027348,0.5681590520229868,3,1,fresh,29,27250,0,1
uq_entropy_adwin::recurring_sud_sea100k_g01.csv::2183::2343,uq_entropy_adwin,recurring_sud_sea100k_g01.csv,2183,2343,160,ecpf_detector_dual_adwin,0,1,2,0.9751552795031055,0.9751552795031055,0.9565217391304348,161,1,0.01863354037267073,FP,4631,-2288,-0.00012806783878044673,0.9974474831080138,0.6352149150416346,10,1,reused,99,97650,0,0
uq_entropy_adwin::recurring_sud_sea100k_g02.csv::5703::9927,uq_entropy_adwin,recurring_sud_sea100k_g02.csv,5703,9927,4224,ecpf_detector_dual_adwin,0,1,2,0.9557396449704142,0.9557396449704142,0.9573964497041421,4225,0,-0.001656804733727868,FP,10693,-766,9.92469636667801e-05,0.9996375494947924,0.5794325662709292,7,1,fresh,0,3300,0,1
uq_entropy_adwin::recurring_sud_sea100k_g02.csv::13255::25703,uq_entropy_adwin,recurring_sud_sea100k_g02.csv,13255,25703,12448,ecpf_detector_dual_adwin,1,2,3,0.9272230701261146,0.9272230701261146,0.9483492650012049,12449,0,-0.021126194875090265,TP,23213,2490,8.754942445603825e-05,0.9999833575216897,0.6331898889611166,6,1,reused,12,3050,0,1
uq_entropy_adwin::recurring_sud_sea100k_g02.csv::28775::37575,uq_entropy_adwin,recurring_sud_sea100k_g02.csv,28775,37575,8800,ecpf_detector_dual_adwin,2,3,3,0.9418247926372003,0.9418247926372003,0.9414839222815589,8801,1,0.00034087035564145385,TP,36092,1483,-0.0002952584418178176,0.999511224821398,0.5918423359035446,1,1,fresh,24,2400,0,0
uq_entropy_adwin::recurring_sud_sea100k_g02.csv::40007::44807,uq_entropy_adwin,recurring_sud_sea100k_g02.csv,40007,44807,4800,ecpf_detector_dual_adwin,3,4,4,0.9552176629868777,0.9552176629868777,0.9550093730472818,4801,1,0.00020828993959587372,FP,51587,-6780,4.8171437974904055e-05,0.9992279093339026,0.6625518190626334,5,1,fresh,92,14900,0,0
uq_entropy_adwin::recurring_sud_sea100k_g02.csv::59719::71239,uq_entropy_adwin,recurring_sud_sea100k_g02.csv,59719,71239,11520,ecpf_detector_dual_adwin,3,5,5,0.9487023695859734,0.9513931082371322,0.9466192170818505,11521,1,0.0047738911552817065,TP,69710,1529,-1.528179052190797e-05,0.9998187808431779,0.5497742373907122,17,1,fresh,32,28750,0,0
uq_entropy_adwin::recurring_sud_sea100k_g03.csv::4007::6215,uq_entropy_adwin,recurring_sud_sea100k_g03.csv,4007,6215,2208,ecpf_detector_dual_adwin,0,1,2,0.965142598460842,0.965142598460842,0.9520144861928475,2209,1,0.013128112267994596,FP,8454,-2239,-0.00011299236996294256,0.99948497785687,0.6250918291867034,2,1,reused,12,3050,0,0
uq_entropy_adwin::recurring_sud_sea100k_g03.csv::9287::9287,uq_entropy_adwin,recurring_sud_sea100k_g03.csv,9287,9287,0,ecpf_detector_dual_adwin,0,2,2,1.0,1.0,1.0,1,1,0.0,FP,8454,833,-7.47100794391452e-05,0.9999663523132917,0.67189156882257,7,1,fresh,14,1800,0,0
uq_entropy_adwin::recurring_sud_sea100k_g03.csv::11111::11335,uq_entropy_adwin,recurring_sud_sea100k_g03.csv,11111,11335,224,ecpf_detector_dual_adwin,0,3,2,0.9244444444444444,0.9244444444444444,0.8711111111111111,225,1,0.053333333333333344,FP,8454,2881,-3.137799401500026e-05,0.9999530505953356,0.7007006021212424,13,1,fresh,35,8450,0,0
uq_entropy_adwin::recurring_sud_sea100k_g03.csv::19815::20231,uq_entropy_adwin,recurring_sud_sea100k_g03.csv,19815,20231,416,ecpf_detector_dual_adwin,0,4,3,0.9016786570743405,0.9592326139088729,0.9112709832134293,417,1,0.04796163069544368,FP,19297,934,0.0002507528619791083,0.9985091841491531,0.693073963420254,0,0,reused,115,14100,1,1
uq_entropy_adwin::recurring_sud_sea100k_g03.csv::34343::41351,uq_entropy_adwin,recurring_sud_sea100k_g03.csv,34343,41351,7008,ecpf_detector_dual_adwin,3,5,4,0.9389356541589385,0.9529176772720788,0.9299472107290626,7009,1,0.022970466543016155,TP,39513,1838,-5.4771171557322515e-05,0.9999982815824121,0.6959272205303507,3,1,fresh,36,2000,0,0
uq_entropy_adwin::recurring_sud_sea100k_g03.csv::43399::44551,uq_entropy_adwin,recurring_sud_sea100k_g03.csv,43399,44551,1152,ecpf_detector_dual_adwin,5,6,3,0.971379011274935,0.971379011274935,0.9670424978317432,1153,1,0.004336513443191747,FP,44854,-303,-0.0002821000288190431,0.9998095814654827,0.6208282148905697,3,1,fresh,33,2200,0,0
uq_entropy_adwin::recurring_sud_sea100k_g03.csv::46759::49159,uq_entropy_adwin,recurring_sud_sea100k_g03.csv,46759,49159,2400,ecpf_detector_dual_adwin,3,7,3,0.9670970428987922,0.9670970428987922,0.9816743023740109,2401,0,-0.014577259475218707,FP,44854,4305,0.00012043279833212883,0.9999996239174592,0.7073619723433425,4,1,reused,39,50800,0,1
uq_entropy_adwin::recurring_sud_sea100k_g04.csv::3783::3783,uq_entropy_adwin,recurring_sud_sea100k_g04.csv,3783,3783,0,ecpf_detector_dual_adwin,0,1,2,1.0,1.0,1.0,1,1,0.0,FP,18553,-14770,6.766540011421129e-05,0.9984187713708499,0.6634468193274197,0,0,reused,174,96200,1,1
uq_entropy_adwin::recurring_sud_sea100k_g05.csv::14535::14663,uq_entropy_adwin,recurring_sud_sea100k_g05.csv,14535,14663,128,ecpf_detector_dual_adwin,0,1,2,0.9069767441860465,0.9069767441860465,0.9224806201550387,129,0,-0.015503875968992276,FP,14788,-125,9.778263011621767e-05,0.9999952573490432,0.6453848040142242,5,1,fresh,15,850,0,1
uq_entropy_adwin::recurring_sud_sea100k_g05.csv::15559::15815,uq_entropy_adwin,recurring_sud_sea100k_g05.csv,15559,15815,256,ecpf_detector_dual_adwin,1,2,3,0.9416342412451362,0.9416342412451362,0.9610894941634242,257,0,-0.01945525291828798,FP,14788,1027,4.1256826515930254e-05,0.9999919503273207,0.7716815231950663,9,1,fresh,8,12600,0,1
uq_entropy_adwin::recurring_sud_sea100k_g05.csv::28423::29607,uq_entropy_adwin,recurring_sud_sea100k_g05.csv,28423,29607,1184,ecpf_detector_dual_adwin,0,3,4,0.9029535864978903,0.9071729957805907,0.9291139240506329,1185,0,-0.021940928270042126,FP,25836,3771,-0.0002751907802478853,0.9999777172953659,0.6575065241420623,7,1,fresh,21,10900,0,1
uq_entropy_adwin::recurring_sud_sea100k_g05.csv::40519::42791,uq_entropy_adwin,recurring_sud_sea100k_g05.csv,40519,42791,2272,ecpf_detector_dual_adwin,1,4,5,0.8464584249890014,0.9467663880334359,0.9736031676198856,2273,0,-0.0268367795864497,FP,38906,3885,-8.518697189907139e-05,0.9999926856870793,0.7183671467360283,4,1,reused,36,15350,0,1
uq_entropy_adwin::recurring_sud_sea100k_g05.csv::58151::58471,uq_entropy_adwin,recurring_sud_sea100k_g05.csv,58151,58471,320,ecpf_detector_dual_adwin,4,5,6,0.9657320872274143,0.9657320872274143,0.9345794392523364,321,1,0.031152647975077885,FP,63689,-5218,-5.8832039169134626e-05,0.9999048419410461,0.604669228888369,1,1,fresh,39,7250,0,0
uq_entropy_adwin::recurring_sud_sea100k_g05.csv::65735::65767,uq_entropy_adwin,recurring_sud_sea100k_g05.csv,65735,65767,32,ecpf_detector_dual_adwin,5,6,6,1.0,1.0,0.9090909090909091,33,1,0.09090909090909094,FP,63689,2078,0.0001323634474052281,0.9999996981628108,0.7306056477511702,1,1,fresh,42,4850,0,0
uq_entropy_adwin::recurring_sud_sea100k_g05.csv::70663::73479,uq_entropy_adwin,recurring_sud_sea100k_g05.csv,70663,73479,2816,ecpf_detector_dual_adwin,6,7,7,0.9566915157969471,0.9566915157969471,0.9094781682641108,2817,1,0.04721334753283635,TP,73316,163,3.9080216889824336e-05,0.9999450676803365,0.6743269708966773,1,1,fresh,62,2300,0,0
uq_entropy_adwin::recurring_sud_sea100k_g05.csv::75783::75783,uq_entropy_adwin,recurring_sud_sea100k_g05.csv,75783,75783,0,ecpf_detector_dual_adwin,0,8,7,1.0,1.0,1.0,1,1,0.0,FP,73316,2467,0.00016117436134855463,0.9999635216119623,0.5855067510258556,4,1,reused,13,200,0,0
uq_entropy_adwin::recurring_sud_sea100k_g05.csv::76007::83975,uq_entropy_adwin,recurring_sud_sea100k_g05.csv,76007,83975,7968,ecpf_detector_dual_adwin,4,9,7,0.8939641109298532,0.9104028108922073,0.8917053582632701,7969,1,0.018697452628937183,TP,81533,2442,,,,1,1,fresh,897,15950,0,0
uq_entropy_adwin::recurring_sud_sea100k_g06.csv::2247::3271,uq_entropy_adwin,recurring_sud_sea100k_g06.csv,2247,3271,1024,ecpf_detector_dual_adwin,0,1,2,0.9609756097560975,0.9609756097560975,0.9278048780487805,1025,1,0.03317073170731699,FP,12981,-9710,-5.62176804238028e-05,0.9999938834807389,0.6759228439323345,8,1,reused,79,96700,0,0
uq_entropy_adwin::recurring_sud_sea100k_g07.csv::7367::15559,uq_entropy_adwin,recurring_sud_sea100k_g07.csv,7367,15559,8192,ecpf_detector_dual_adwin,0,1,2,0.9541071646527524,0.9541071646527524,0.967655315513243,8193,0,-0.01354815086049066,TP,14736,823,0.00026545002246647137,0.9999978083638978,0.5841766405766499,2,1,reused,114,17500,0,1
uq_entropy_adwin::recurring_sud_sea100k_g07.csv::33063::49383,uq_entropy_adwin,recurring_sud_sea100k_g07.csv,33063,49383,16320,ecpf_detector_dual_adwin,0,2,2,0.9463880889651369,0.9463880889651369,0.9474909625635685,16321,0,-0.0011028735984315308,TP,50607,-1224,0.00014834778879670345,0.9999189753210056,0.5684024382612152,0,0,reused,40,4700,1,0
uq_entropy_adwin::recurring_sud_sea100k_g07.csv::54119::60647,uq_entropy_adwin,recurring_sud_sea100k_g07.csv,54119,60647,6528,ecpf_detector_dual_adwin,0,3,2,0.9522132026344003,0.9522132026344003,0.9447082248430081,6529,1,0.007504977791392253,TP,59907,740,-6.907572125725084e-05,0.9999725988205208,0.5737028917994175,0,0,reused,138,25400,1,1
uq_entropy_adwin::recurring_sud_sea100k_g07.csv::86055::86055,uq_entropy_adwin,recurring_sud_sea100k_g07.csv,86055,86055,0,ecpf_detector_dual_adwin,3,4,2,1.0,1.0,1.0,1,1,0.0,FP,89311,-3256,-1.7461155865294468e-05,0.9992596379010124,0.5902420866083378,1,1,fresh,48,13900,0,0
uq_entropy_adwin::recurring_sud_sea100k_g08.csv::1607::2247,uq_entropy_adwin,recurring_sud_sea100k_g08.csv,1607,2247,640,ecpf_detector_dual_adwin,0,1,2,0.9719188767550702,0.9719188767550702,0.9391575663026521,641,1,0.032761310452418035,FP,12151,-9904,-0.00022872476549643393,0.9999989149882356,0.7198559888269657,0,0,reused,16,1000,1,1
uq_entropy_adwin::recurring_sud_sea100k_g08.csv::3271::18631,uq_entropy_adwin,recurring_sud_sea100k_g08.csv,3271,18631,15360,ecpf_detector_dual_adwin,1,2,2,0.9634138402447757,0.9634138402447757,0.9703144326541241,15361,0,-0.006900592409348372,TP,12151,6480,0.00012136218939631045,0.9999999999375242,0.6650439834810492,1,1,fresh,57,4050,0,1
uq_entropy_adwin::recurring_sud_sea100k_g08.csv::22727::33991,uq_entropy_adwin,recurring_sud_sea100k_g08.csv,22727,33991,11264,ecpf_detector_dual_adwin,2,3,3,0.9732800710164226,0.9732800710164226,0.959254327563249,11265,1,0.014025743453173534,TP,30170,3821,-3.316969837392809e-05,0.9998284859910518,0.6563303500944315,7,1,fresh,46,66000,0,0
uq_entropy_adwin::recurring_sud_sea100k_g09.csv::5735::8391,uq_entropy_adwin,recurring_sud_sea100k_g09.csv,5735,8391,2656,ecpf_detector_dual_adwin,0,1,2,0.9382762514113662,0.9382762514113662,0.937147158449379,2657,1,0.0011290929619871548,TP,7989,402,0.0001204698360198546,0.9999897112427981,0.5852403720092139,1,1,fresh,357,37650,0,0
uq_entropy_adwin::recurring_sud_sea100k_g09.csv::46087::46727,uq_entropy_adwin,recurring_sud_sea100k_g09.csv,46087,46727,640,ecpf_detector_dual_adwin,1,2,3,0.9500780031201248,0.9500780031201248,0.9703588143525741,641,0,-0.020280811232449292,FP,51002,-4275,-9.376898280453876e-05,0.9999981073015807,0.6955970372309224,3,1,fresh,149,8350,0,1
uq_entropy_adwin::recurring_sud_sea100k_g09.csv::55111::55623,uq_entropy_adwin,recurring_sud_sea100k_g09.csv,55111,55623,512,ecpf_detector_dual_adwin,0,3,4,0.9181286549707602,0.949317738791423,0.9454191033138402,513,1,0.003898635477582846,FP,57655,-2032,0.00020782407329098405,0.9999954163490963,0.5938689371492327,3,1,fresh,5,1150,0,0
uq_entropy_adwin::recurring_sud_sea100k_g09.csv::56775::57991,uq_entropy_adwin,recurring_sud_sea100k_g09.csv,56775,57991,1216,ecpf_detector_dual_adwin,3,4,4,0.9309778142974527,0.9309778142974527,0.9285127362366475,1217,1,0.0024650780608052036,TP,57655,336,-0.00024609558172840546,0.9999854573715721,0.5322405423937806,1,1,fresh,69,11600,0,0
uq_entropy_adwin::recurring_sud_sea100k_g09.csv::69639::78343,uq_entropy_adwin,recurring_sud_sea100k_g09.csv,69639,78343,8704,ecpf_detector_dual_adwin,3,5,5,0.9010913268236646,0.9596783457782884,0.9658816771970132,8705,0,-0.006203331418724867,FP,83140,-4797,0.000115632089739457,0.9999999232350225,0.6251711740819912,1,1,fresh,57,2800,0,1
uq_entropy_adwin::recurring_sud_sea100k_g09.csv::81159::83303,uq_entropy_adwin,recurring_sud_sea100k_g09.csv,81159,83303,2144,ecpf_detector_dual_adwin,3,6,6,0.9365967365967366,0.9440559440559441,0.938927738927739,2145,1,0.00512820512820511,TP,83140,163,0.0003990092606225125,0.9999252991175092,0.5593274293689772,2,1,reused,30,14200,0,0
uq_entropy_adwin::recurring_sud_sea100k_g09.csv::97543::97543,uq_entropy_adwin,recurring_sud_sea100k_g09.csv,97543,97543,0,ecpf_detector_dual_adwin,1,7,6,1.0,1.0,1.0,1,1,0.0,FP,90931,6612,-4.5853462890133866e-05,0.9999640393976345,0.6145083974990543,9,1,fresh,6,1650,0,0
uq_entropy_adwin::recurring_sud_sea100k_g09.csv::99239::99655,uq_entropy_adwin,recurring_sud_sea100k_g09.csv,99239,99655,416,ecpf_detector_dual_adwin,3,8,5,0.9088729016786571,0.9616306954436451,0.8968824940047961,417,1,0.06474820143884896,FP,90931,8724,-0.00029024700150920356,0.9988535013613619,0.5621262945598706,0,0,reused,18,300,1,1
uq_variance_seqdrift2::recurring_sud_sea100k_g00.csv::399::3199,uq_variance_seqdrift2,recurring_sud_sea100k_g00.csv,399,3199,2800,ecpf_detector_dual_seqdrift2,0,1,2,0.9250267761513745,0.9250267761513745,0.9842913245269547,2801,0,-0.05926454837558015,FP,14476,-11277,0.00017026546506263837,0.6068100501105181,0.12218992331484639,1,1,fresh,5,150,0,1
uq_variance_seqdrift2::recurring_sud_sea100k_g00.csv::3399::4799,uq_variance_seqdrift2,recurring_sud_sea100k_g00.csv,3399,4799,1400,ecpf_detector_dual_seqdrift2,1,2,3,0.9721627408993576,0.9721627408993576,0.9657387580299786,1401,1,0.0064239828693790635,FP,14476,-9677,,,,0,0,reused,15,550,1,1
uq_variance_seqdrift2::recurring_sud_sea100k_g00.csv::5399::5599,uq_variance_seqdrift2,recurring_sud_sea100k_g00.csv,5399,5599,200,ecpf_detector_dual_seqdrift2,2,3,3,0.9601990049751243,0.9601990049751243,0.9800995024875622,201,0,-0.01990049751243783,FP,14476,-8877,0.00022365857379707204,0.6654423453515009,0.1928366092023599,2,1,reused,16,650,0,1
uq_variance_seqdrift2::recurring_sud_sea100k_g00.csv::6299::8799,uq_variance_seqdrift2,recurring_sud_sea100k_g00.csv,6299,8799,2500,ecpf_detector_dual_seqdrift2,2,4,3,0.9164334266293482,0.975609756097561,0.9840063974410236,2501,0,-0.00839664134346263,FP,14476,-5677,6.098998277484179e-05,0.5987799530276487,0.17961765204916255,0,0,reused,2,150,1,0
uq_variance_seqdrift2::recurring_sud_sea100k_g00.csv::8999::11799,uq_variance_seqdrift2,recurring_sud_sea100k_g00.csv,8999,11799,2800,ecpf_detector_dual_seqdrift2,2,5,3,0.9260978222063548,0.9714387718671903,0.9746519100321314,2801,0,-0.003213138164941065,FP,14476,-2677,,,,4,1,reused,3,350,0,1
uq_variance_seqdrift2::recurring_sud_sea100k_g00.csv::12199::13999,uq_variance_seqdrift2,recurring_sud_sea100k_g00.csv,12199,13999,1800,ecpf_detector_dual_seqdrift2,2,6,3,0.917823431426985,0.974458634092171,0.9616879511382566,1801,1,0.01277068295391448,FP,14476,-477,0.0007709965901252102,0.6327404191812118,0.2054575911846884,2,1,reused,11,450,0,0
uq_variance_seqdrift2::recurring_sud_sea100k_g00.csv::14499::14599,uq_variance_seqdrift2,recurring_sud_sea100k_g00.csv,14499,14599,100,ecpf_detector_dual_seqdrift2,0,7,3,0.9702970297029703,0.9702970297029703,0.8910891089108911,101,1,0.07920792079207917,TP,14476,123,0.00031486849302945596,0.5780627199435591,0.20136490873225618,0,0,reused,30,550,1,1
uq_variance_seqdrift2::recurring_sud_sea100k_g00.csv::15199::15199,uq_variance_seqdrift2,recurring_sud_sea100k_g00.csv,15199,15199,0,ecpf_detector_dual_seqdrift2,2,8,2,1.0,1.0,1.0,1,1,0.0,FP,14476,723,0.00023589249826508454,0.614873345683445,0.1484396753304894,0,0,reused,4,150,1,1
uq_variance_seqdrift2::recurring_sud_sea100k_g00.csv::15399::15999,uq_variance_seqdrift2,recurring_sud_sea100k_g00.csv,15399,15999,600,ecpf_detector_dual_seqdrift2,2,9,2,0.9367720465890182,0.9367720465890182,0.9351081530782029,601,1,0.0016638935108153063,FP,14476,1523,,,,3,1,fresh,6,350,0,0
uq_variance_seqdrift2::recurring_sud_sea100k_g00.csv::16399::20599,uq_variance_seqdrift2,recurring_sud_sea100k_g00.csv,16399,20599,4200,ecpf_detector_dual_seqdrift2,9,10,3,0.9457272078076648,0.9457272078076648,0.9369197810045228,4201,1,0.00880742680314206,TP,20300,299,-0.0006229370702180888,0.607228398710685,0.1817952102304731,0,0,reused,0,250,1,1
uq_variance_seqdrift2::recurring_sud_sea100k_g00.csv::20899::21399,uq_variance_seqdrift2,recurring_sud_sea100k_g00.csv,20899,21399,500,ecpf_detector_dual_seqdrift2,2,11,4,0.9201596806387226,0.9760479041916168,0.93812375249501,501,1,0.03792415169660679,FP,20300,1099,,,,0,0,reused,23,250,1,1
uq_variance_seqdrift2::recurring_sud_sea100k_g00.csv::21699::22199,uq_variance_seqdrift2,recurring_sud_sea100k_g00.csv,21699,22199,500,ecpf_detector_dual_seqdrift2,2,12,4,0.9720558882235529,0.9720558882235529,0.9321357285429142,501,1,0.03992015968063878,FP,20300,1899,,,,0,0,reused,5,150,1,1
uq_variance_seqdrift2::recurring_sud_sea100k_g00.csv::22399::25199,uq_variance_seqdrift2,recurring_sud_sea100k_g00.csv,22399,25199,2800,ecpf_detector_dual_seqdrift2,2,13,4,0.9739378793288112,0.9739378793288112,0.9560871117458051,2801,1,0.017850767583006077,TP,24709,490,,,,2,1,reused,1,172,0,0
uq_variance_seqdrift2::recurring_sud_sea100k_g00.csv::25399::25999,uq_variance_seqdrift2,recurring_sud_sea100k_g00.csv,25399,25999,600,ecpf_detector_dual_seqdrift2,10,14,4,0.9284525790349417,0.9633943427620633,0.9284525790349417,601,1,0.034941763727121544,FP,24709,1290,,,,4,1,reused,3,350,0,0
uq_variance_seqdrift2::recurring_sud_sea100k_g00.csv::26399::41199,uq_variance_seqdrift2,recurring_sud_sea100k_g00.csv,26399,41199,14800,ecpf_detector_dual_seqdrift2,14,15,4,0.9550030403351125,0.9550030403351125,0.9431795148976421,14801,1,0.01182352543747045,TP,40858,341,0.0003902618789739573,0.5903895340032895,0.18219369019635998,0,0,reused,18,650,1,1
uq_variance_seqdrift2::recurring_sud_sea100k_g00.csv::41899::56599,uq_variance_seqdrift2,recurring_sud_sea100k_g00.csv,41899,56599,14700,ecpf_detector_dual_seqdrift2,2,16,5,0.9306169648323244,0.9505475817971567,0.9269437453234474,14701,1,0.02360383647370934,TP,57376,-777,0.00010538644197981219,0.5278548067909952,0.17361936283532503,1,1,fresh,7,150,0,0
uq_variance_seqdrift2::recurring_sud_sea100k_g00.csv::56799::57599,uq_variance_seqdrift2,recurring_sud_sea100k_g00.csv,56799,57599,800,ecpf_detector_dual_seqdrift2,14,17,5,0.9350811485642946,0.9375780274656679,0.9213483146067416,801,1,0.01622971285892627,TP,57376,223,,,,0,0,reused,0,150,1,1
uq_variance_seqdrift2::recurring_sud_sea100k_g00.csv::57799::61399,uq_variance_seqdrift2,recurring_sud_sea100k_g00.csv,57799,61399,3600,ecpf_detector_dual_seqdrift2,2,18,5,0.9744515412385448,0.9744515412385448,0.972785337406276,3601,1,0.0016662038322687867,FP,65033,-3634,,,,0,0,reused,7,350,1,1
uq_variance_seqdrift2::recurring_sud_sea100k_g00.csv::61799::65199,uq_variance_seqdrift2,recurring_sud_sea100k_g00.csv,61799,65199,3400,ecpf_detector_dual_seqdrift2,18,19,5,0.97559541311379,0.97559541311379,0.9700088209350192,3401,1,0.005586592178770888,TP,65033,166,0.0001616371852579682,0.6728895010319158,0.20828253803853516,1,1,fresh,1,150,0,0
uq_variance_seqdrift2::recurring_sud_sea100k_g00.csv::65399::66799,uq_variance_seqdrift2,recurring_sud_sea100k_g00.csv,65399,66799,1400,ecpf_detector_dual_seqdrift2,16,20,5,0.953604568165596,0.9635974304068522,0.9436117059243397,1401,1,0.019985724482512457,FP,65033,1766,,,,6,1,reused,14,1250,0,0
uq_variance_seqdrift2::recurring_sud_sea100k_g00.csv::68099::69199,uq_variance_seqdrift2,recurring_sud_sea100k_g00.csv,68099,69199,1100,ecpf_detector_dual_seqdrift2,16,21,5,0.9545867393278837,0.9564032697547684,0.9118982742960945,1101,1,0.044504995458673924,FP,71319,-2120,0.000137579350774166,0.8829984938011004,0.16373732853360515,2,1,reused,15,550,0,0
uq_variance_seqdrift2::recurring_sud_sea100k_g00.csv::69799::70599,uq_variance_seqdrift2,recurring_sud_sea100k_g00.csv,69799,70599,800,ecpf_detector_dual_seqdrift2,16,22,5,0.9438202247191011,0.9525593008739076,0.9151061173533084,801,1,0.03745318352059923,FP,71319,-720,0.00016157276454644126,0.6741840728097859,0.1503916470754443,2,1,reused,8,250,0,0
uq_variance_seqdrift2::recurring_sud_sea100k_g00.csv::70899::71399,uq_variance_seqdrift2,recurring_sud_sea100k_g00.csv,70899,71399,500,ecpf_detector_dual_seqdrift2,16,23,4,0.936127744510978,0.9401197604790419,0.9500998003992016,501,0,-0.009980039920159722,TP,71319,80,,,,1,1,fresh,1,150,0,1
uq_variance_seqdrift2::recurring_sud_sea100k_g00.csv::71599::76399,uq_variance_seqdrift2,recurring_sud_sea100k_g00.csv,71599,76399,4800,ecpf_detector_dual_seqdrift2,18,24,5,0.9391793376379921,0.9779212664028327,0.9750052072484899,4801,1,0.002916059154342787,FP,71319,5080,,,,2,1,reused,5,350,0,0
uq_variance_seqdrift2::recurring_sud_sea100k_g00.csv::76799::79599,uq_variance_seqdrift2,recurring_sud_sea100k_g00.csv,76799,79599,2800,ecpf_detector_dual_seqdrift2,18,25,5,0.9310960371295965,0.9753659407354516,0.9710817565155302,2801,1,0.004284184219921383,FP,87385,-7786,0.0005998610169296877,0.6359556569236914,0.240972958765603,0,0,reused,4,150,1,1
uq_variance_seqdrift2::recurring_sud_sea100k_g00.csv::79799::80799,uq_variance_seqdrift2,recurring_sud_sea100k_g00.csv,79799,80799,1000,ecpf_detector_dual_seqdrift2,18,26,5,0.9270729270729271,0.984015984015984,0.971028971028971,1001,1,0.012987012987012991,FP,87385,-6586,,,,0,0,reused,4,150,1,1
uq_variance_seqdrift2::recurring_sud_sea100k_g00.csv::80999::82999,uq_variance_seqdrift2,recurring_sud_sea100k_g00.csv,80999,82999,2000,ecpf_detector_dual_seqdrift2,18,27,5,0.9355322338830585,0.9790104947526237,0.9470264867566217,2001,1,0.031984007996001984,FP,87385,-4386,,,,0,0,reused,8,250,1,1
uq_variance_seqdrift2::recurring_sud_sea100k_g00.csv::83299::87599,uq_variance_seqdrift2,recurring_sud_sea100k_g00.csv,83299,87599,4300,ecpf_detector_dual_seqdrift2,18,28,5,0.9330388281794931,0.9755870727737735,0.9572192513368984,4301,1,0.018367821436875098,TP,87385,214,,,,1,1,fresh,11,550,0,0
uq_variance_seqdrift2::recurring_sud_sea100k_g00.csv::88199::89599,uq_variance_seqdrift2,recurring_sud_sea100k_g00.csv,88199,89599,1400,ecpf_detector_dual_seqdrift2,28,29,5,0.9621698786581013,0.9621698786581013,0.9643112062812277,1401,0,-0.0021413276231263545,FP,87385,2214,9.23393865136264e-05,0.7214399926717507,0.16920971152210967,4,1,reused,12,450,0,1
uq_variance_seqdrift2::recurring_sud_sea100k_g00.csv::90099::90599,uq_variance_seqdrift2,recurring_sud_sea100k_g00.csv,90099,90599,500,ecpf_detector_dual_seqdrift2,16,30,4,0.93812375249501,0.9401197604790419,0.8842315369261478,501,1,0.055888223552894134,FP,93064,-2465,5.327776054055647e-05,0.6147949207699688,0.16916932516223504,2,1,reused,7,250,0,0
uq_variance_seqdrift2::recurring_sud_sea100k_g00.csv::90899::93199,uq_variance_seqdrift2,recurring_sud_sea100k_g00.csv,90899,93199,2300,ecpf_detector_dual_seqdrift2,30,31,3,0.9513255106475446,0.9513255106475446,0.9534984789222077,2301,0,-0.0021729682746631784,TP,93064,135,,,,0,0,reused,4,250,1,0
uq_variance_seqdrift2::recurring_sud_sea100k_g00.csv::93499::98199,uq_variance_seqdrift2,recurring_sud_sea100k_g00.csv,93499,98199,4700,ecpf_detector_dual_seqdrift2,18,32,3,0.9783024888321634,0.9783024888321634,0.9689427781323122,4701,1,0.009359710699851198,FP,93064,5135,,,,0,0,reused,4,250,1,1
uq_variance_seqdrift2::recurring_sud_sea100k_g00.csv::98499::99199,uq_variance_seqdrift2,recurring_sud_sea100k_g00.csv,98499,99199,700,ecpf_detector_dual_seqdrift2,18,33,3,0.9728958630527818,0.9728958630527818,0.9472182596291013,701,1,0.025677603423680417,FP,93064,6135,,,,0,0,reused,8,150,1,1
uq_variance_seqdrift2::recurring_sud_sea100k_g00.csv::99399::99599,uq_variance_seqdrift2,recurring_sud_sea100k_g00.csv,99399,99599,200,ecpf_detector_dual_seqdrift2,18,34,3,0.9552238805970149,0.9552238805970149,0.8159203980099502,201,1,0.1393034825870647,FP,93064,6535,,,,0,0,reused,20,350,1,1
uq_variance_seqdrift2::recurring_sud_sea100k_g01.csv::399::1999,uq_variance_seqdrift2,recurring_sud_sea100k_g01.csv,399,1999,1600,ecpf_detector_dual_seqdrift2,0,1,2,0.8944409743910057,0.8944409743910057,0.9643972517176764,1601,0,-0.06995627732667076,FP,4631,-2632,0.00032058506422350067,0.6074605025768653,0.17974045601024183,1,1,fresh,15,550,0,1
uq_variance_seqdrift2::recurring_sud_sea100k_g01.csv::2599::2599,uq_variance_seqdrift2,recurring_sud_sea100k_g01.csv,2599,2599,0,ecpf_detector_dual_seqdrift2,1,2,3,1.0,1.0,1.0,1,1,0.0,FP,4631,-2032,0.00023883295092890427,0.6388969027651715,0.18613785727773496,0,0,reused,16,150,1,1
uq_variance_seqdrift2::recurring_sud_sea100k_g01.csv::2799::2999,uq_variance_seqdrift2,recurring_sud_sea100k_g01.csv,2799,2999,200,ecpf_detector_dual_seqdrift2,2,3,3,0.9253731343283582,0.9253731343283582,0.9203980099502488,201,1,0.00497512437810943,FP,4631,-1632,,,,2,1,reused,7,250,0,0
uq_variance_seqdrift2::recurring_sud_sea100k_g01.csv::3299::4799,uq_variance_seqdrift2,recurring_sud_sea100k_g01.csv,3299,4799,1500,ecpf_detector_dual_seqdrift2,3,4,3,0.9233844103930713,0.9233844103930713,0.9227181878747501,1501,1,0.0006662225183211579,TP,4631,168,,,,3,1,fresh,14,650,0,0
uq_variance_seqdrift2::recurring_sud_sea100k_g01.csv::5499::12799,uq_variance_seqdrift2,recurring_sud_sea100k_g01.csv,5499,12799,7300,ecpf_detector_dual_seqdrift2,4,5,4,0.9448020819065881,0.9448020819065881,0.9783591288864539,7301,0,-0.033557046979865834,FP,13318,-519,7.09822816764569e-05,0.832525020688913,0.19684675429878218,1,1,fresh,15,350,0,1
uq_variance_seqdrift2::recurring_sud_sea100k_g01.csv::13199::13399,uq_variance_seqdrift2,recurring_sud_sea100k_g01.csv,13199,13399,200,ecpf_detector_dual_seqdrift2,5,6,4,0.945273631840796,0.945273631840796,0.8855721393034826,201,1,0.059701492537313494,TP,13318,81,-0.00042967894114443416,0.6235279724343766,0.23813393672437225,0,0,reused,6,650,1,1
uq_variance_seqdrift2::recurring_sud_sea100k_g01.csv::14099::15599,uq_variance_seqdrift2,recurring_sud_sea100k_g01.csv,14099,15599,1500,ecpf_detector_dual_seqdrift2,3,7,4,0.9000666222518321,0.9427048634243838,0.9533644237175216,1501,0,-0.01065956029313786,FP,13318,2281,-2.607615424974034e-05,0.9139610523357218,0.2323280805148995,4,1,reused,4,1650,0,1
uq_variance_seqdrift2::recurring_sud_sea100k_g01.csv::17299::20599,uq_variance_seqdrift2,recurring_sud_sea100k_g01.csv,17299,20599,3300,ecpf_detector_dual_seqdrift2,7,8,4,0.9618297485610421,0.9618297485610421,0.9754619812178128,3301,0,-0.013632232656770715,FP,13318,7281,0.00023346647938619468,0.6155406777192691,0.19034862718973392,2,1,reused,1,594,0,1
uq_variance_seqdrift2::recurring_sud_sea100k_g01.csv::21199::21199,uq_variance_seqdrift2,recurring_sud_sea100k_g01.csv,21199,21199,0,ecpf_detector_dual_seqdrift2,5,9,4,0.0,1.0,1.0,1,1,0.0,FP,28724,-7525,0.00016823434389549107,0.6791953062287628,0.18938760727393686,0,0,reused,10,250,1,1
uq_variance_seqdrift2::recurring_sud_sea100k_g01.csv::21499::22999,uq_variance_seqdrift2,recurring_sud_sea100k_g01.csv,21499,22999,1500,ecpf_detector_dual_seqdrift2,7,10,4,0.8920719520319786,0.9640239840106596,0.972018654230513,1501,0,-0.00799467021985345,FP,28724,-5725,,,,0,0,reused,4,250,1,0
uq_variance_seqdrift2::recurring_sud_sea100k_g01.csv::23299::25399,uq_variance_seqdrift2,recurring_sud_sea100k_g01.csv,23299,25399,2100,ecpf_detector_dual_seqdrift2,10,11,4,0.9685863874345549,0.9685863874345549,0.9747739171822941,2101,0,-0.006187529747739173,FP,28724,-3325,,,,0,0,reused,4,150,1,0
uq_variance_seqdrift2::recurring_sud_sea100k_g01.csv::25599::28999,uq_variance_seqdrift2,recurring_sud_sea100k_g01.csv,25599,28999,3400,ecpf_detector_dual_seqdrift2,10,12,4,0.8912084680976183,0.9729491326080565,0.9632461040870333,3401,1,0.009703028521023227,TP,28724,275,,,,2,1,reused,4,1050,0,0
uq_variance_seqdrift2::recurring_sud_sea100k_g01.csv::30099::30599,uq_variance_seqdrift2,recurring_sud_sea100k_g01.csv,30099,30599,500,ecpf_detector_dual_seqdrift2,5,13,5,0.8922155688622755,0.9880239520958084,0.9640718562874252,501,1,0.0239520958083832,FP,28724,1875,0.00014707541125433125,0.8330432696487634,0.19041498257347578,0,0,reused,26,450,1,1
uq_variance_seqdrift2::recurring_sud_sea100k_g01.csv::31099::31399,uq_variance_seqdrift2,recurring_sud_sea100k_g01.csv,31099,31399,300,ecpf_detector_dual_seqdrift2,5,14,5,0.8272425249169435,0.9700996677740864,0.946843853820598,301,1,0.023255813953488413,FP,28724,2675,0.00012588600577771914,0.7578919283332926,0.22095316547145777,2,1,reused,1,150,0,0
uq_variance_seqdrift2::recurring_sud_sea100k_g01.csv::31599::35199,uq_variance_seqdrift2,recurring_sud_sea100k_g01.csv,31599,35199,3600,ecpf_detector_dual_seqdrift2,5,15,4,0.8311580116634268,0.9805609552901972,0.9858372674257151,3601,0,-0.005276312135517935,FP,28724,6475,,,,5,1,fresh,1,266,0,1
uq_variance_seqdrift2::recurring_sud_sea100k_g01.csv::35499::36599,uq_variance_seqdrift2,recurring_sud_sea100k_g01.csv,35499,36599,1100,ecpf_detector_dual_seqdrift2,5,16,4,0.9754768392370572,0.9754768392370572,0.9591280653950953,1101,1,0.016348773841961872,FP,28724,7875,,,,0,0,reused,5,650,1,1
uq_variance_seqdrift2::recurring_sud_sea100k_g01.csv::37299::37599,uq_variance_seqdrift2,recurring_sud_sea100k_g01.csv,37299,37599,300,ecpf_detector_dual_seqdrift2,5,17,4,0.9700996677740864,0.9700996677740864,0.9601328903654485,301,1,0.009966777408637939,FP,45219,-7620,4.358369497550691e-05,0.8762210595631017,0.23607023604155958,0,0,reused,12,350,1,1
uq_variance_seqdrift2::recurring_sud_sea100k_g01.csv::37999::38799,uq_variance_seqdrift2,recurring_sud_sea100k_g01.csv,37999,38799,800,ecpf_detector_dual_seqdrift2,5,18,4,0.9737827715355806,0.9737827715355806,0.9700374531835206,801,1,0.0037453183520599342,FP,45219,-6420,-0.0004892975214960373,0.7602590220577093,0.2361864438304172,0,0,reused,13,650,1,1
uq_variance_seqdrift2::recurring_sud_sea100k_g01.csv::39499::42799,uq_variance_seqdrift2,recurring_sud_sea100k_g01.csv,39499,42799,3300,ecpf_detector_dual_seqdrift2,18,19,4,0.9784913662526508,0.9784913662526508,0.97364435019691,3301,1,0.004847016055740783,FP,45219,-2420,0.00020252234926921293,0.7236405572996558,0.19748325904834504,0,0,reused,4,250,1,1
uq_variance_seqdrift2::recurring_sud_sea100k_g01.csv::43099::43399,uq_variance_seqdrift2,recurring_sud_sea100k_g01.csv,43099,43399,300,ecpf_detector_dual_seqdrift2,18,20,4,0.9036544850498339,0.9833887043189369,0.9269102990033222,301,1,0.056478405315614655,FP,45219,-1820,,,,0,0,reused,21,650,1,1
uq_variance_seqdrift2::recurring_sud_sea100k_g01.csv::44099::45399,uq_variance_seqdrift2,recurring_sud_sea100k_g01.csv,44099,45399,1300,ecpf_detector_dual_seqdrift2,20,21,4,0.9769408147578785,0.9769408147578785,0.9139123750960799,1301,1,0.06302843966179861,TP,45219,180,0.00010337645874677574,0.8093642822578413,0.24388741439858921,1,1,fresh,11,450,0,0
uq_variance_seqdrift2::recurring_sud_sea100k_g01.csv::45899::46599,uq_variance_seqdrift2,recurring_sud_sea100k_g01.csv,45899,46599,700,ecpf_detector_dual_seqdrift2,10,22,5,0.9329529243937232,0.9600570613409415,0.9529243937232525,701,1,0.007132667617688937,FP,45219,1380,0.00047155644754726036,0.702231442647931,0.19696231796329314,2,1,reused,2,350,0,0
uq_variance_seqdrift2::recurring_sud_sea100k_g01.csv::46999::51799,uq_variance_seqdrift2,recurring_sud_sea100k_g01.csv,46999,51799,4800,ecpf_detector_dual_seqdrift2,10,23,5,0.9689647990002083,0.9689647990002083,0.9777129764632368,4801,0,-0.008748177463028584,TP,51577,222,-9.912179967870626e-05,0.6661317663189162,0.21374280376321791,1,1,fresh,13,350,0,1
uq_variance_seqdrift2::recurring_sud_sea100k_g01.csv::52199::52599,uq_variance_seqdrift2,recurring_sud_sea100k_g01.csv,52199,52599,400,ecpf_detector_dual_seqdrift2,20,24,6,0.8877805486284289,0.9800498753117207,0.912718204488778,401,1,0.06733167082294267,FP,51577,1022,0.0008220845692700629,0.6606680432406831,0.20665069624275173,2,1,reused,14,550,0,0
uq_variance_seqdrift2::recurring_sud_sea100k_g01.csv::53199::63599,uq_variance_seqdrift2,recurring_sud_sea100k_g01.csv,53199,63599,10400,ecpf_detector_dual_seqdrift2,20,25,6,0.896163830400923,0.9801942120949909,0.985578309777906,10401,0,-0.005384097682915034,FP,71295,-7696,3.0426161628217923e-05,0.7942160440203878,0.21538815685016932,0,0,reused,0,150,1,0
uq_variance_seqdrift2::recurring_sud_sea100k_g01.csv::63799::65599,uq_variance_seqdrift2,recurring_sud_sea100k_g01.csv,63799,65599,1800,ecpf_detector_dual_seqdrift2,25,26,6,0.9872293170460855,0.9872293170460855,0.9772348695169351,1801,1,0.009994447529150463,FP,71295,-5696,,,,0,0,reused,11,350,1,1
uq_variance_seqdrift2::recurring_sud_sea100k_g01.csv::65999::69399,uq_variance_seqdrift2,recurring_sud_sea100k_g01.csv,65999,69399,3400,ecpf_detector_dual_seqdrift2,25,27,5,0.8909144369303146,0.982358129961776,0.9564833872390474,3401,1,0.025874742722728605,FP,71295,-1896,0.0002039639047690007,0.7978624740591911,0.22982777312766223,0,0,reused,2,150,1,1
uq_variance_seqdrift2::recurring_sud_sea100k_g01.csv::69599::70199,uq_variance_seqdrift2,recurring_sud_sea100k_g01.csv,69599,70199,600,ecpf_detector_dual_seqdrift2,25,28,5,0.8835274542429284,0.9800332778702163,0.9700499168053245,601,1,0.009983361064891838,FP,71295,-1096,,,,0,0,reused,14,150,1,1
uq_variance_seqdrift2::recurring_sud_sea100k_g01.csv::70399::71399,uq_variance_seqdrift2,recurring_sud_sea100k_g01.csv,70399,71399,1000,ecpf_detector_dual_seqdrift2,25,29,4,0.8991008991008991,0.983016983016983,0.9400599400599401,1001,1,0.042957042957042946,TP,71295,104,,,,5,1,fresh,1,265,0,0
uq_variance_seqdrift2::recurring_sud_sea100k_g01.csv::71699::72399,uq_variance_seqdrift2,recurring_sud_sea100k_g01.csv,71699,72399,700,ecpf_detector_dual_seqdrift2,10,30,5,0.9443651925820257,0.9700427960057061,0.9429386590584878,701,1,0.02710413694721825,FP,71295,1104,,,,0,0,reused,8,150,1,1
uq_variance_seqdrift2::recurring_sud_sea100k_g01.csv::72599::76199,uq_variance_seqdrift2,recurring_sud_sea100k_g01.csv,72599,76199,3600,ecpf_detector_dual_seqdrift2,10,31,5,0.968619827825604,0.968619827825604,0.9697306303804498,3601,0,-0.0011108025548458578,FP,71295,4904,,,,0,0,reused,4,150,1,0
uq_variance_seqdrift2::recurring_sud_sea100k_g01.csv::76399::76599,uq_variance_seqdrift2,recurring_sud_sea100k_g01.csv,76399,76599,200,ecpf_detector_dual_seqdrift2,10,32,5,0.9502487562189055,0.9502487562189055,0.9751243781094527,201,0,-0.02487562189054726,FP,71295,5304,,,,0,0,reused,20,350,1,0
uq_variance_seqdrift2::recurring_sud_sea100k_g01.csv::76999::77399,uq_variance_seqdrift2,recurring_sud_sea100k_g01.csv,76999,77399,400,ecpf_detector_dual_seqdrift2,21,33,5,0.970074812967581,0.9825436408977556,0.940149625935162,401,1,0.04239401496259354,FP,82873,-5474,0.00020344269817771383,0.69849414281655,0.22267729075628032,0,0,reused,8,150,1,1
uq_variance_seqdrift2::recurring_sud_sea100k_g01.csv::77599::77799,uq_variance_seqdrift2,recurring_sud_sea100k_g01.csv,77599,77799,200,ecpf_detector_dual_seqdrift2,10,34,5,0.9552238805970149,0.9701492537313433,0.8308457711442786,201,1,0.1393034825870647,FP,82873,-5074,,,,0,0,reused,24,250,1,1
uq_variance_seqdrift2::recurring_sud_sea100k_g01.csv::78099::78399,uq_variance_seqdrift2,recurring_sud_sea100k_g01.csv,78099,78399,300,ecpf_detector_dual_seqdrift2,33,35,6,0.9169435215946844,0.973421926910299,0.9634551495016611,301,1,0.009966777408637939,FP,82873,-4474,,,,0,0,reused,10,350,1,1
uq_variance_seqdrift2::recurring_sud_sea100k_g01.csv::78799::81199,uq_variance_seqdrift2,recurring_sud_sea100k_g01.csv,78799,81199,2400,ecpf_detector_dual_seqdrift2,10,36,6,0.9695960016659725,0.9695960016659725,0.929612661391087,2401,1,0.03998334027488548,FP,82873,-1674,0.000527736860319326,0.6546202591682725,0.2135833415958418,2,1,reused,3,150,0,0
uq_variance_seqdrift2::recurring_sud_sea100k_g01.csv::81399::82999,uq_variance_seqdrift2,recurring_sud_sea100k_g01.csv,81399,82999,1600,ecpf_detector_dual_seqdrift2,33,37,6,0.9500312304809494,0.9656464709556527,0.9331667707682698,1601,1,0.03247970018738289,TP,82873,126,,,,0,0,reused,6,250,1,1
uq_variance_seqdrift2::recurring_sud_sea100k_g01.csv::83299::83999,uq_variance_seqdrift2,recurring_sud_sea100k_g01.csv,83299,83999,700,ecpf_detector_dual_seqdrift2,25,38,7,0.9172610556348074,0.9885877318116976,0.8930099857346647,701,1,0.09557774607703284,FP,82873,1126,,,,0,0,reused,7,150,1,1
uq_variance_seqdrift2::recurring_sud_sea100k_g01.csv::84199::85399,uq_variance_seqdrift2,recurring_sud_sea100k_g01.csv,84199,85399,1200,ecpf_detector_dual_seqdrift2,25,39,6,0.8892589508742714,0.9800166527893422,0.9675270607826811,1201,1,0.01248959200666111,FP,82873,2526,,,,0,0,reused,11,250,1,1
uq_variance_seqdrift2::recurring_sud_sea100k_g01.csv::85699::86399,uq_variance_seqdrift2,recurring_sud_sea100k_g01.csv,85699,86399,700,ecpf_detector_dual_seqdrift2,25,40,6,0.9001426533523538,0.9828815977175464,0.9329529243937232,701,1,0.049928673323823114,FP,82873,3526,,,,2,1,reused,11,450,0,0
uq_variance_seqdrift2::recurring_sud_sea100k_g01.csv::86899::88599,uq_variance_seqdrift2,recurring_sud_sea100k_g01.csv,86899,88599,1700,ecpf_detector_dual_seqdrift2,25,41,6,0.8883009994121105,0.9794238683127572,0.9594356261022927,1701,1,0.01998824221046447,FP,92933,-4334,9.85126696483932e-05,0.8287771607204995,0.21856131342855054,0,0,reused,7,250,1,1
uq_variance_seqdrift2::recurring_sud_sea100k_g01.csv::88899::90599,uq_variance_seqdrift2,recurring_sud_sea100k_g01.csv,88899,90599,1700,ecpf_detector_dual_seqdrift2,41,42,6,0.982363315696649,0.982363315696649,0.9641387419165197,1701,1,0.018224573780129316,FP,92933,-2334,,,,2,1,reused,4,150,0,0
uq_variance_seqdrift2::recurring_sud_sea100k_g01.csv::90799::92199,uq_variance_seqdrift2,recurring_sud_sea100k_g01.csv,90799,92199,1400,ecpf_detector_dual_seqdrift2,41,43,6,0.8872234118486795,0.979300499643112,0.9628836545324768,1401,1,0.016416845110635236,FP,92933,-734,,,,0,0,reused,5,150,1,1
uq_variance_seqdrift2::recurring_sud_sea100k_g01.csv::92399::93199,uq_variance_seqdrift2,recurring_sud_sea100k_g01.csv,92399,93199,800,ecpf_detector_dual_seqdrift2,41,44,5,0.9063670411985019,0.9637952559300874,0.9263420724094882,801,1,0.03745318352059923,TP,92933,266,,,,1,1,fresh,13,250,0,0
uq_variance_seqdrift2::recurring_sud_sea100k_g01.csv::93499::94399,uq_variance_seqdrift2,recurring_sud_sea100k_g01.csv,93499,94399,900,ecpf_detector_dual_seqdrift2,10,45,6,0.951165371809101,0.9678135405105438,0.951165371809101,901,1,0.01664816870144281,FP,92933,1466,,,,0,0,reused,5,150,1,1
uq_variance_seqdrift2::recurring_sud_sea100k_g01.csv::94599::94799,uq_variance_seqdrift2,recurring_sud_sea100k_g01.csv,94599,94799,200,ecpf_detector_dual_seqdrift2,45,46,6,0.9601990049751243,0.9601990049751243,0.9402985074626866,201,1,0.01990049751243772,FP,92933,1866,,,,0,0,reused,34,1350,1,1
uq_variance_seqdrift2::recurring_sud_sea100k_g01.csv::96199::97399,uq_variance_seqdrift2,recurring_sud_sea100k_g01.csv,96199,97399,1200,ecpf_detector_dual_seqdrift2,45,47,5,0.9167360532889259,0.9691923397169026,0.9708576186511241,1201,0,-0.0016652789342215257,FP,92933,4466,2.695453645656065e-05,0.86891807204486,0.19132930197020534,2,1,reused,23,1350,0,1
uq_variance_seqdrift2::recurring_sud_sea100k_g01.csv::98799::99799,uq_variance_seqdrift2,recurring_sud_sea100k_g01.csv,98799,99799,1000,ecpf_detector_dual_seqdrift2,45,48,5,0.916083916083916,0.9690309690309691,0.9410589410589411,1001,1,0.027972027972028024,FP,92933,6866,0.0002181661369566221,0.7440086518425229,0.19760871415831877,2,1,reused,3,200,0,0
uq_variance_seqdrift2::recurring_sud_sea100k_g02.csv::1099::2199,uq_variance_seqdrift2,recurring_sud_sea100k_g02.csv,1099,2199,1100,ecpf_detector_dual_seqdrift2,0,1,2,0.9255222524977293,0.9255222524977293,0.924613987284287,1101,1,0.0009082652134423386,FP,10693,-8494,0.00012022871154801745,0.6874674269542986,0.17475823138678262,0,0,reused,6,350,1,1
uq_variance_seqdrift2::recurring_sud_sea100k_g02.csv::2599::2599,uq_variance_seqdrift2,recurring_sud_sea100k_g02.csv,2599,2599,0,ecpf_detector_dual_seqdrift2,1,2,3,1.0,1.0,1.0,1,1,0.0,FP,10693,-8094,0.0006203253777865346,0.636485496326544,0.19340957145495483,0,0,reused,14,750,1,1
uq_variance_seqdrift2::recurring_sud_sea100k_g02.csv::3399::4199,uq_variance_seqdrift2,recurring_sud_sea100k_g02.csv,3399,4199,800,ecpf_detector_dual_seqdrift2,2,3,2,0.9413233458177278,0.9413233458177278,0.9088639200998752,801,1,0.03245942571785265,FP,10693,-6494,0.000135869320552536,0.6964177891219014,0.16856163107721758,0,0,reused,6,150,1,1
uq_variance_seqdrift2::recurring_sud_sea100k_g02.csv::4399::5999,uq_variance_seqdrift2,recurring_sud_sea100k_g02.csv,4399,5999,1600,ecpf_detector_dual_seqdrift2,3,4,2,0.9525296689569019,0.9525296689569019,0.9494066208619613,1601,1,0.0031230480949406836,FP,10693,-4694,,,,0,0,reused,6,350,1,1
uq_variance_seqdrift2::recurring_sud_sea100k_g02.csv::6399::6399,uq_variance_seqdrift2,recurring_sud_sea100k_g02.csv,6399,6399,0,ecpf_detector_dual_seqdrift2,3,5,2,1.0,1.0,1.0,1,1,0.0,FP,10693,-4294,-0.0006681329268109454,0.6358872955267025,0.18297890501308495,0,0,reused,13,250,1,1
uq_variance_seqdrift2::recurring_sud_sea100k_g02.csv::6699::6999,uq_variance_seqdrift2,recurring_sud_sea100k_g02.csv,6699,6999,300,ecpf_detector_dual_seqdrift2,3,6,2,0.9501661129568106,0.9501661129568106,0.9102990033222591,301,1,0.039867109634551534,FP,10693,-3694,,,,0,0,reused,7,250,1,1
uq_variance_seqdrift2::recurring_sud_sea100k_g02.csv::7299::9599,uq_variance_seqdrift2,recurring_sud_sea100k_g02.csv,7299,9599,2300,ecpf_detector_dual_seqdrift2,6,7,2,0.9713168187744459,0.9713168187744459,0.9387222946544981,2301,1,0.03259452411994779,FP,10693,-1094,,,,0,0,reused,7,650,1,1
uq_variance_seqdrift2::recurring_sud_sea100k_g02.csv::10299::10799,uq_variance_seqdrift2,recurring_sud_sea100k_g02.csv,10299,10799,500,ecpf_detector_dual_seqdrift2,7,8,2,0.9461077844311377,0.9461077844311377,0.8542914171656687,501,1,0.09181636726546905,TP,10693,106,6.531954651402024e-05,0.7125845647426097,0.17116410132244225,0,0,reused,1,150,1,1
uq_variance_seqdrift2::recurring_sud_sea100k_g02.csv::10999::12799,uq_variance_seqdrift2,recurring_sud_sea100k_g02.csv,10999,12799,1800,ecpf_detector_dual_seqdrift2,7,9,2,0.8917268184342032,0.8917268184342032,0.9655746807329262,1801,0,-0.07384786229872298,FP,10693,2106,,,,1,1,fresh,46,550,0,1
uq_variance_seqdrift2::recurring_sud_sea100k_g02.csv::13399::20199,uq_variance_seqdrift2,recurring_sud_sea100k_g02.csv,13399,20199,6800,ecpf_detector_dual_seqdrift2,9,10,3,0.9667695927069548,0.9667695927069548,0.9810322011468902,6801,0,-0.01426260843993532,FP,23213,-3014,7.678574113005429e-05,0.6374307048308541,0.1768145222566567,1,1,fresh,7,250,0,1
uq_variance_seqdrift2::recurring_sud_sea100k_g02.csv::20499::23399,uq_variance_seqdrift2,recurring_sud_sea100k_g02.csv,20499,23399,2900,ecpf_detector_dual_seqdrift2,10,11,3,0.9700103412616339,0.9700103412616339,0.9686315063771114,2901,1,0.0013788348845225062,TP,23213,186,,,,2,1,reused,4,250,0,0
uq_variance_seqdrift2::recurring_sud_sea100k_g02.csv::23699::24799,uq_variance_seqdrift2,recurring_sud_sea100k_g02.csv,23699,24799,1100,ecpf_detector_dual_seqdrift2,7,12,3,0.9554950045413261,0.9554950045413261,0.9373297002724795,1101,1,0.01816530426884655,FP,23213,1586,,,,0,0,reused,5,150,1,1
uq_variance_seqdrift2::recurring_sud_sea100k_g02.csv::24999::25599,uq_variance_seqdrift2,recurring_sud_sea100k_g02.csv,24999,25599,600,ecpf_detector_dual_seqdrift2,7,13,3,0.9584026622296173,0.9584026622296173,0.908485856905158,601,1,0.0499168053244593,FP,23213,2386,,,,0,0,reused,13,250,1,1
uq_variance_seqdrift2::recurring_sud_sea100k_g02.csv::25899::26799,uq_variance_seqdrift2,recurring_sud_sea100k_g02.csv,25899,26799,900,ecpf_detector_dual_seqdrift2,13,14,3,0.9567147613762487,0.9567147613762487,0.8967813540510544,901,1,0.059933407325194255,FP,23213,3586,,,,0,0,reused,19,1550,1,1
uq_variance_seqdrift2::recurring_sud_sea100k_g02.csv::28399::36399,uq_variance_seqdrift2,recurring_sud_sea100k_g02.csv,28399,36399,8000,ecpf_detector_dual_seqdrift2,13,15,3,0.9355080614923135,0.9476315460567429,0.9546306711661042,8001,0,-0.006999125109361293,TP,36092,307,0.00014471062242464653,0.6559279727236375,0.14200734705289048,2,1,reused,1,150,0,1
uq_variance_seqdrift2::recurring_sud_sea100k_g02.csv::36599::39799,uq_variance_seqdrift2,recurring_sud_sea100k_g02.csv,36599,39799,3200,ecpf_detector_dual_seqdrift2,10,16,3,0.9696969696969697,0.9696969696969697,0.9487660106216808,3201,1,0.02093095907528897,FP,36092,3707,,,,0,0,reused,4,150,1,1
uq_variance_seqdrift2::recurring_sud_sea100k_g02.csv::39999::42399,uq_variance_seqdrift2,recurring_sud_sea100k_g02.csv,39999,42399,2400,ecpf_detector_dual_seqdrift2,10,17,3,0.9725114535610162,0.9725114535610162,0.9629321116201582,2401,1,0.009579341940857966,FP,36092,6307,,,,0,0,reused,7,150,1,1
uq_variance_seqdrift2::recurring_sud_sea100k_g02.csv::42599::43799,uq_variance_seqdrift2,recurring_sud_sea100k_g02.csv,42599,43799,1200,ecpf_detector_dual_seqdrift2,10,18,3,0.9725228975853455,0.9725228975853455,0.9500416319733556,1201,1,0.02248126561198993,FP,36092,7707,,,,0,0,reused,13,450,1,1
uq_variance_seqdrift2::recurring_sud_sea100k_g02.csv::44299::44999,uq_variance_seqdrift2,recurring_sud_sea100k_g02.csv,44299,44999,700,ecpf_detector_dual_seqdrift2,18,19,3,0.9743223965763196,0.9743223965763196,0.9415121255349501,701,1,0.032810271041369465,FP,51587,-6588,0.00014290634502331218,0.7557922686991296,0.19599215518296093,0,0,reused,24,1150,1,1
uq_variance_seqdrift2::recurring_sud_sea100k_g02.csv::46199::51799,uq_variance_seqdrift2,recurring_sud_sea100k_g02.csv,46199,51799,5600,ecpf_detector_dual_seqdrift2,18,20,3,0.8825209783967148,0.9721478307445099,0.9492947687912873,5601,1,0.022853061953222675,TP,51587,212,0.00016551956689100241,0.7156033559225288,0.1933941846241163,0,0,reused,1,250,1,1
uq_variance_seqdrift2::recurring_sud_sea100k_g02.csv::52099::52199,uq_variance_seqdrift2,recurring_sud_sea100k_g02.csv,52099,52199,100,ecpf_detector_dual_seqdrift2,13,21,3,0.9207920792079208,0.9207920792079208,0.9306930693069307,101,0,-0.00990099009900991,FP,51587,612,,,,2,1,reused,10,150,0,1
uq_variance_seqdrift2::recurring_sud_sea100k_g02.csv::52399::59199,uq_variance_seqdrift2,recurring_sud_sea100k_g02.csv,52399,59199,6800,ecpf_detector_dual_seqdrift2,13,22,3,0.9500073518600206,0.9500073518600206,0.9551536538744302,6801,0,-0.005146302014409576,FP,51587,7612,,,,2,1,reused,1,650,0,1
uq_variance_seqdrift2::recurring_sud_sea100k_g02.csv::59899::59999,uq_variance_seqdrift2,recurring_sud_sea100k_g02.csv,59899,59999,100,ecpf_detector_dual_seqdrift2,18,23,3,0.900990099009901,0.9405940594059405,0.8712871287128713,101,1,0.06930693069306926,FP,51587,8412,0.00011386515209255878,0.7025714444857326,0.15416996490809248,2,1,reused,6,350,0,0
uq_variance_seqdrift2::recurring_sud_sea100k_g02.csv::60399::61599,uq_variance_seqdrift2,recurring_sud_sea100k_g02.csv,60399,61599,1200,ecpf_detector_dual_seqdrift2,13,24,3,0.948376353039134,0.948376353039134,0.9508742714404663,1201,0,-0.0024979184013322886,FP,69710,-8111,0.00016601573982521207,0.9555710040474199,0.20741977136510747,0,0,reused,4,150,1,0
uq_variance_seqdrift2::recurring_sud_sea100k_g02.csv::61799::64599,uq_variance_seqdrift2,recurring_sud_sea100k_g02.csv,61799,64599,2800,ecpf_detector_dual_seqdrift2,24,25,3,0.9582292038557658,0.9582292038557658,0.9518029275258836,2801,1,0.006426276329882241,FP,69710,-5111,,,,0,0,reused,10,450,1,1
uq_variance_seqdrift2::recurring_sud_sea100k_g02.csv::65099::69599,uq_variance_seqdrift2,recurring_sud_sea100k_g02.csv,65099,69599,4500,ecpf_detector_dual_seqdrift2,24,26,3,0.9449011330815374,0.9642301710730948,0.9489002443901355,4501,1,0.015329926682959294,FP,69710,-111,4.915222542825938e-05,0.6271930557421965,0.17661715444140014,1,1,fresh,4,250,0,0
uq_variance_seqdrift2::recurring_sud_sea100k_g02.csv::69899::69999,uq_variance_seqdrift2,recurring_sud_sea100k_g02.csv,69899,69999,100,ecpf_detector_dual_seqdrift2,18,27,3,0.9801980198019802,0.9801980198019802,0.9504950495049505,101,1,0.02970297029702973,FP,69710,289,,,,0,0,reused,9,150,1,1
uq_variance_seqdrift2::recurring_sud_sea100k_g02.csv::70199::73399,uq_variance_seqdrift2,recurring_sud_sea100k_g02.csv,70199,73399,3200,ecpf_detector_dual_seqdrift2,18,28,3,0.9771946266791628,0.9771946266791628,0.9621993127147767,3201,1,0.014995313964386137,FP,75621,-2222,,,,0,0,reused,1,150,1,1
uq_variance_seqdrift2::recurring_sud_sea100k_g02.csv::73599::74199,uq_variance_seqdrift2,recurring_sud_sea100k_g02.csv,73599,74199,600,ecpf_detector_dual_seqdrift2,18,29,3,0.9733777038269551,0.9733777038269551,0.9683860232945092,601,1,0.004991680532445919,FP,75621,-1422,,,,0,0,reused,11,250,1,1
uq_variance_seqdrift2::recurring_sud_sea100k_g02.csv::74499::74999,uq_variance_seqdrift2,recurring_sud_sea100k_g02.csv,74499,74999,500,ecpf_detector_dual_seqdrift2,18,30,3,0.9720558882235529,0.9720558882235529,0.9341317365269461,501,1,0.03792415169660679,FP,75621,-622,,,,0,0,reused,19,1150,1,1
uq_variance_seqdrift2::recurring_sud_sea100k_g02.csv::76199::76199,uq_variance_seqdrift2,recurring_sud_sea100k_g02.csv,76199,76199,0,ecpf_detector_dual_seqdrift2,18,31,3,1.0,1.0,1.0,1,1,0.0,FP,75621,578,9.530803962197455e-05,0.7314529698864363,0.1859688762985997,0,0,reused,9,450,1,1
uq_variance_seqdrift2::recurring_sud_sea100k_g02.csv::76699::77399,uq_variance_seqdrift2,recurring_sud_sea100k_g02.csv,76699,77399,700,ecpf_detector_dual_seqdrift2,24,32,3,0.9400855920114123,0.9586305278174037,0.9472182596291013,701,1,0.011412268188302321,FP,75621,1778,0.00023495906166616612,0.6527761637046603,0.1882557193606881,0,0,reused,39,1250,1,1
uq_variance_seqdrift2::recurring_sud_sea100k_g02.csv::78699::79599,uq_variance_seqdrift2,recurring_sud_sea100k_g02.csv,78699,79599,900,ecpf_detector_dual_seqdrift2,24,33,3,0.9334073251942286,0.9622641509433962,0.9334073251942286,901,1,0.02885682574916759,FP,82515,-2916,6.941795296606163e-05,0.7676438836329809,0.17270600374869963,0,0,reused,5,550,1,1
uq_variance_seqdrift2::recurring_sud_sea100k_g02.csv::80199::80999,uq_variance_seqdrift2,recurring_sud_sea100k_g02.csv,80199,80999,800,ecpf_detector_dual_seqdrift2,24,34,3,0.9188514357053683,0.9612983770287141,0.9300873907615481,801,1,0.031210986267166008,FP,82515,-1516,0.00012235688959287344,0.7776728999229956,0.16710245785585356,0,0,reused,14,250,1,1
uq_variance_seqdrift2::recurring_sud_sea100k_g02.csv::81299::81399,uq_variance_seqdrift2,recurring_sud_sea100k_g02.csv,81299,81399,100,ecpf_detector_dual_seqdrift2,24,35,3,0.8811881188118812,0.9801980198019802,0.9108910891089109,101,1,0.06930693069306926,FP,82515,-1116,,,,0,0,reused,38,650,1,1
uq_variance_seqdrift2::recurring_sud_sea100k_g02.csv::82099::82199,uq_variance_seqdrift2,recurring_sud_sea100k_g02.csv,82099,82199,100,ecpf_detector_dual_seqdrift2,35,36,4,0.9504950495049505,0.9504950495049505,0.9405940594059405,101,1,0.00990099009900991,FP,82515,-316,0.00031193368759325514,0.8054360727167564,0.1790383196721474,0,0,reused,16,250,1,1
uq_variance_seqdrift2::recurring_sud_sea100k_g02.csv::82499::82799,uq_variance_seqdrift2,recurring_sud_sea100k_g02.csv,82499,82799,300,ecpf_detector_dual_seqdrift2,18,37,3,0.9800664451827242,0.9800664451827242,0.9069767441860465,301,1,0.07308970099667778,TP,82515,284,,,,0,0,reused,58,1150,1,1
uq_variance_seqdrift2::recurring_sud_sea100k_g02.csv::83999::85799,uq_variance_seqdrift2,recurring_sud_sea100k_g02.csv,83999,85799,1800,ecpf_detector_dual_seqdrift2,18,38,3,0.9711271515824542,0.9711271515824542,0.968906163242643,1801,1,0.002220988339811214,FP,82515,3284,2.634755828383172e-05,0.7094169200198146,0.19590009759995952,0,0,reused,11,450,1,1
uq_variance_seqdrift2::recurring_sud_sea100k_g02.csv::86299::86399,uq_variance_seqdrift2,recurring_sud_sea100k_g02.csv,86299,86399,100,ecpf_detector_dual_seqdrift2,18,39,3,0.9801980198019802,0.9801980198019802,0.900990099009901,101,1,0.07920792079207917,FP,82515,3884,4.3760426586586245e-06,0.6792246906030683,0.2035682924831994,0,0,reused,10,350,1,1
uq_variance_seqdrift2::recurring_sud_sea100k_g02.csv::86799::86799,uq_variance_seqdrift2,recurring_sud_sea100k_g02.csv,86799,86799,0,ecpf_detector_dual_seqdrift2,18,40,3,1.0,1.0,1.0,1,1,0.0,FP,82515,4284,-8.490331342879721e-05,0.9047355473806613,0.2271326482276404,0,0,reused,32,250,1,1
uq_variance_seqdrift2::recurring_sud_sea100k_g02.csv::87099::92999,uq_variance_seqdrift2,recurring_sud_sea100k_g02.csv,87099,92999,5900,ecpf_detector_dual_seqdrift2,18,41,3,0.9718691747161498,0.9718691747161498,0.9581426876800543,5901,1,0.01372648703609547,TP,92733,266,,,,3,1,fresh,2,550,0,0
uq_variance_seqdrift2::recurring_sud_sea100k_g02.csv::93599::94999,uq_variance_seqdrift2,recurring_sud_sea100k_g02.csv,93599,94999,1400,ecpf_detector_dual_seqdrift2,24,42,3,0.9386152748037117,0.961456102783726,0.9586009992862241,1401,1,0.002855103497501843,FP,92733,2266,0.0001208890843200907,0.7642974674688866,0.18929932361085555,0,0,reused,12,550,1,1
uq_variance_seqdrift2::recurring_sud_sea100k_g02.csv::95599::99599,uq_variance_seqdrift2,recurring_sud_sea100k_g02.csv,95599,99599,4000,ecpf_detector_dual_seqdrift2,24,43,3,0.934266433391652,0.9662584353911522,0.9495126218445389,4001,1,0.01674581354661331,FP,92733,6866,0.0001378006627890407,0.5994703125505447,0.15536937425742234,0,0,reused,6,250,1,1
uq_variance_seqdrift2::recurring_sud_sea100k_g03.csv::899::8599,uq_variance_seqdrift2,recurring_sud_sea100k_g03.csv,899,8599,7700,ecpf_detector_dual_seqdrift2,0,1,2,0.9541617971691988,0.9541617971691988,0.9748084664329308,7701,0,-0.020646669263732043,TP,8454,145,0.00016399117847620408,0.5486826111800376,0.15781125615130367,2,1,reused,6,350,0,1
uq_variance_seqdrift2::recurring_sud_sea100k_g03.csv::8999::11599,uq_variance_seqdrift2,recurring_sud_sea100k_g03.csv,8999,11599,2600,ecpf_detector_dual_seqdrift2,1,2,3,0.928873510188389,0.928873510188389,0.9773164167627836,2601,0,-0.04844290657439454,FP,8454,3145,-0.00031553736942685256,0.6126205021283915,0.19269566143717737,1,1,fresh,5,450,0,1
uq_variance_seqdrift2::recurring_sud_sea100k_g03.csv::12099::12599,uq_variance_seqdrift2,recurring_sud_sea100k_g03.csv,12099,12599,500,ecpf_detector_dual_seqdrift2,1,3,4,0.9281437125748503,0.9321357285429142,0.8942115768463074,501,1,0.03792415169660679,FP,8454,4145,0.00016646816891959537,0.6820918479635911,0.1959838356733405,0,0,reused,1,250,1,1
uq_variance_seqdrift2::recurring_sud_sea100k_g03.csv::12899::15599,uq_variance_seqdrift2,recurring_sud_sea100k_g03.csv,12899,15599,2700,ecpf_detector_dual_seqdrift2,3,4,4,0.9526101443909664,0.9526101443909664,0.972972972972973,2701,0,-0.020362828582006665,FP,19297,-3698,,,,3,1,fresh,0,250,0,1
uq_variance_seqdrift2::recurring_sud_sea100k_g03.csv::15899::17399,uq_variance_seqdrift2,recurring_sud_sea100k_g03.csv,15899,17399,1500,ecpf_detector_dual_seqdrift2,2,5,4,0.8954030646235843,0.9633577614923384,0.9746835443037974,1501,0,-0.011325782811459018,FP,19297,-1898,,,,2,1,reused,15,850,0,1
uq_variance_seqdrift2::recurring_sud_sea100k_g03.csv::18299::19399,uq_variance_seqdrift2,recurring_sud_sea100k_g03.csv,18299,19399,1100,ecpf_detector_dual_seqdrift2,5,6,4,0.9673024523160763,0.9673024523160763,0.9173478655767484,1101,1,0.049954586739327844,TP,19297,102,0.00015103169196775066,0.6710609618583383,0.20408505928862125,3,1,fresh,1,250,0,0
uq_variance_seqdrift2::recurring_sud_sea100k_g03.csv::19699::23999,uq_variance_seqdrift2,recurring_sud_sea100k_g03.csv,19699,23999,4300,ecpf_detector_dual_seqdrift2,0,7,3,0.9472215763775866,0.9472215763775866,0.9583817716810045,4301,0,-0.01116019530341783,FP,19297,4702,,,,1,1,fresh,3,150,0,1
uq_variance_seqdrift2::recurring_sud_sea100k_g03.csv::24199::24599,uq_variance_seqdrift2,recurring_sud_sea100k_g03.csv,24199,24599,400,ecpf_detector_dual_seqdrift2,0,8,4,0.9600997506234414,0.9600997506234414,0.9351620947630923,401,1,0.02493765586034913,FP,19297,5302,,,,2,1,reused,7,350,0,0
uq_variance_seqdrift2::recurring_sud_sea100k_g03.csv::24999::25599,uq_variance_seqdrift2,recurring_sud_sea100k_g03.csv,24999,25599,600,ecpf_detector_dual_seqdrift2,7,9,3,0.9217970049916805,0.9633943427620633,0.961730449251248,601,1,0.0016638935108153063,FP,31292,-5693,-0.0004690863571245306,0.6022909431678676,0.1839742839371758,2,1,reused,2,150,0,0
uq_variance_seqdrift2::recurring_sud_sea100k_g03.csv::25799::27599,uq_variance_seqdrift2,recurring_sud_sea100k_g03.csv,25799,27599,1800,ecpf_detector_dual_seqdrift2,7,10,3,0.9161576901721266,0.9516935036091061,0.9561354802887285,1801,0,-0.004441976679622428,FP,31292,-3693,,,,4,1,reused,23,1250,0,1
uq_variance_seqdrift2::recurring_sud_sea100k_g03.csv::28899::28999,uq_variance_seqdrift2,recurring_sud_sea100k_g03.csv,28899,28999,100,ecpf_detector_dual_seqdrift2,10,11,3,0.9405940594059405,0.9405940594059405,0.8811881188118812,101,1,0.05940594059405935,FP,31292,-2293,0.000237273318426537,0.7520294164173627,0.18012519328816948,0,0,reused,8,150,1,1
uq_variance_seqdrift2::recurring_sud_sea100k_g03.csv::29199::30599,uq_variance_seqdrift2,recurring_sud_sea100k_g03.csv,29199,30599,1400,ecpf_detector_dual_seqdrift2,10,12,3,0.9236259814418273,0.9621698786581013,0.9357601713062098,1401,1,0.02640970735189152,FP,31292,-693,,,,1,1,fresh,6,150,0,0
uq_variance_seqdrift2::recurring_sud_sea100k_g03.csv::30799::31399,uq_variance_seqdrift2,recurring_sud_sea100k_g03.csv,30799,31399,600,ecpf_detector_dual_seqdrift2,10,13,4,0.9317803660565723,0.940099833610649,0.930116472545757,601,1,0.009983361064891949,TP,31292,107,,,,1,1,fresh,15,350,0,0
uq_variance_seqdrift2::recurring_sud_sea100k_g03.csv::31799::31999,uq_variance_seqdrift2,recurring_sud_sea100k_g03.csv,31799,31999,200,ecpf_detector_dual_seqdrift2,5,14,5,0.9253731343283582,0.9701492537313433,0.8855721393034826,201,1,0.08457711442786076,FP,31292,707,0.0008873161480218548,0.6171885058905829,0.18746724852190308,0,0,reused,17,250,1,1
uq_variance_seqdrift2::recurring_sud_sea100k_g03.csv::32299::33399,uq_variance_seqdrift2,recurring_sud_sea100k_g03.csv,32299,33399,1100,ecpf_detector_dual_seqdrift2,14,15,5,0.9845594913714805,0.9845594913714805,0.9545867393278837,1101,1,0.02997275204359673,FP,31292,2107,,,,0,0,reused,21,650,1,1
uq_variance_seqdrift2::recurring_sud_sea100k_g03.csv::34099::39799,uq_variance_seqdrift2,recurring_sud_sea100k_g03.csv,34099,39799,5700,ecpf_detector_dual_seqdrift2,14,16,5,0.8991405016663743,0.9722855639361515,0.9761445360463077,5701,0,-0.003858972110156178,TP,39513,286,6.030944637130958e-05,0.7806745647122855,0.22002677297414103,7,1,fresh,1,2484,0,1
uq_variance_seqdrift2::recurring_sud_sea100k_g03.csv::42299::43599,uq_variance_seqdrift2,recurring_sud_sea100k_g03.csv,42299,43599,1300,ecpf_detector_dual_seqdrift2,10,17,5,0.9738662567255957,0.9738662567255957,0.9592621060722522,1301,1,0.014604150653343528,FP,44854,-1255,4.924789438280357e-06,0.7359952913789367,0.18873469508163876,5,1,fresh,0,450,0,0
uq_variance_seqdrift2::recurring_sud_sea100k_g03.csv::44099::44999,uq_variance_seqdrift2,recurring_sud_sea100k_g03.csv,44099,44999,900,ecpf_detector_dual_seqdrift2,10,18,5,0.9633740288568258,0.9633740288568258,0.9622641509433962,901,1,0.0011098779134295356,TP,44854,145,0.0001333675694066242,0.6051321792646689,0.1904892149052562,1,1,fresh,7,250,0,0
uq_variance_seqdrift2::recurring_sud_sea100k_g03.csv::45299::45599,uq_variance_seqdrift2,recurring_sud_sea100k_g03.csv,45299,45599,300,ecpf_detector_dual_seqdrift2,14,19,6,0.8903654485049833,0.9900332225913622,0.9401993355481728,301,1,0.04983388704318936,FP,44854,745,,,,2,1,reused,5,150,0,0
uq_variance_seqdrift2::recurring_sud_sea100k_g03.csv::45799::53999,uq_variance_seqdrift2,recurring_sud_sea100k_g03.csv,45799,53999,8200,ecpf_detector_dual_seqdrift2,14,20,6,0.8992805755395683,0.9780514571393732,0.9789050115839532,8201,0,-0.000853554444579907,TP,53821,178,,,,1,1,fresh,2,250,0,1
uq_variance_seqdrift2::recurring_sud_sea100k_g03.csv::54299::55399,uq_variance_seqdrift2,recurring_sud_sea100k_g03.csv,54299,55399,1100,ecpf_detector_dual_seqdrift2,10,21,6,0.9600363306085377,0.9600363306085377,0.963669391462307,1101,0,-0.0036330608537693543,FP,53821,1578,,,,2,1,reused,4,450,0,1
uq_variance_seqdrift2::recurring_sud_sea100k_g03.csv::55899::56399,uq_variance_seqdrift2,recurring_sud_sea100k_g03.csv,55899,56399,500,ecpf_detector_dual_seqdrift2,10,22,6,0.9760479041916168,0.9760479041916168,0.9481037924151696,501,1,0.027944111776447178,FP,53821,2578,0.0001565352826275918,0.643094990216631,0.17675448940649865,0,0,reused,9,150,1,1
uq_variance_seqdrift2::recurring_sud_sea100k_g03.csv::56599::57199,uq_variance_seqdrift2,recurring_sud_sea100k_g03.csv,56599,57199,600,ecpf_detector_dual_seqdrift2,22,23,6,0.9683860232945092,0.9683860232945092,0.9633943427620633,601,1,0.004991680532445919,FP,53821,3378,,,,0,0,reused,3,250,1,1
uq_variance_seqdrift2::recurring_sud_sea100k_g03.csv::57499::59799,uq_variance_seqdrift2,recurring_sud_sea100k_g03.csv,57499,59799,2300,ecpf_detector_dual_seqdrift2,22,24,6,0.9369839200347675,0.9661016949152542,0.9626249456757932,2301,1,0.0034767492394610633,FP,63370,-3571,,,,1,1,fresh,2,250,0,0
uq_variance_seqdrift2::recurring_sud_sea100k_g03.csv::60099::62599,uq_variance_seqdrift2,recurring_sud_sea100k_g03.csv,60099,62599,2500,ecpf_detector_dual_seqdrift2,22,25,6,0.9388244702119153,0.9632147141143542,0.9660135945621752,2501,0,-0.0027988804478209506,FP,63370,-771,,,,1,1,fresh,1,150,0,1
uq_variance_seqdrift2::recurring_sud_sea100k_g03.csv::62799::63599,uq_variance_seqdrift2,recurring_sud_sea100k_g03.csv,62799,63599,800,ecpf_detector_dual_seqdrift2,22,26,6,0.9300873907615481,0.9525593008739076,0.9363295880149812,801,1,0.01622971285892638,TP,63370,229,,,,1,1,fresh,5,250,0,0
uq_variance_seqdrift2::recurring_sud_sea100k_g03.csv::63899::70999,uq_variance_seqdrift2,recurring_sud_sea100k_g03.csv,63899,70999,7100,ecpf_detector_dual_seqdrift2,14,27,6,0.9290240811153359,0.9524010702717927,0.9378960709759189,7101,1,0.014504999295873788,TP,72908,-1909,,,,1,1,fresh,30,950,0,0
uq_variance_seqdrift2::recurring_sud_sea100k_g03.csv::71999::73199,uq_variance_seqdrift2,recurring_sud_sea100k_g03.csv,71999,73199,1200,ecpf_detector_dual_seqdrift2,22,28,5,0.9084096586178185,0.9558701082431307,0.9050791007493755,1201,1,0.0507910074937552,TP,72908,291,0.0002688117966032279,0.6515234162317787,0.19280679199165832,1,1,fresh,5,150,0,0
uq_variance_seqdrift2::recurring_sud_sea100k_g03.csv::73399::75399,uq_variance_seqdrift2,recurring_sud_sea100k_g03.csv,73399,75399,2000,ecpf_detector_dual_seqdrift2,14,29,6,0.9055472263868066,0.9765117441279361,0.9615192403798101,2001,1,0.014992503748125996,FP,72908,2491,,,,0,0,reused,8,350,1,1
uq_variance_seqdrift2::recurring_sud_sea100k_g03.csv::75799::76399,uq_variance_seqdrift2,recurring_sud_sea100k_g03.csv,75799,76399,600,ecpf_detector_dual_seqdrift2,29,30,6,0.9767054908485857,0.9767054908485857,0.9667221297836939,601,1,0.009983361064891838,FP,72908,3491,-0.000851361849629829,0.665243515008312,0.2300865389842179,2,1,reused,6,450,0,0
uq_variance_seqdrift2::recurring_sud_sea100k_g03.csv::76899::76999,uq_variance_seqdrift2,recurring_sud_sea100k_g03.csv,76899,76999,100,ecpf_detector_dual_seqdrift2,29,31,6,0.8415841584158416,0.9702970297029703,0.8316831683168316,101,1,0.13861386138613863,FP,72908,4091,0.00011349605480833551,0.7648222990581336,0.20582617323666497,0,0,reused,15,250,1,1
uq_variance_seqdrift2::recurring_sud_sea100k_g03.csv::77299::79999,uq_variance_seqdrift2,recurring_sud_sea100k_g03.csv,77299,79999,2700,ecpf_detector_dual_seqdrift2,29,32,6,0.9137356534616808,0.9777860051832654,0.970381340244354,2701,1,0.007404664938911454,FP,84842,-4843,,,,0,0,reused,12,250,1,1
uq_variance_seqdrift2::recurring_sud_sea100k_g03.csv::80299::80399,uq_variance_seqdrift2,recurring_sud_sea100k_g03.csv,80299,80399,100,ecpf_detector_dual_seqdrift2,29,33,5,0.9108910891089109,0.9603960396039604,0.9207920792079208,101,1,0.03960396039603953,FP,84842,-4443,,,,0,0,reused,60,1250,1,1
uq_variance_seqdrift2::recurring_sud_sea100k_g03.csv::81699::81799,uq_variance_seqdrift2,recurring_sud_sea100k_g03.csv,81699,81799,100,ecpf_detector_dual_seqdrift2,29,34,5,0.9207920792079208,1.0,0.8712871287128713,101,1,0.12871287128712872,FP,84842,-3043,3.9074217780720384e-05,0.7307004066352887,0.21778870952153226,0,0,reused,48,750,1,1
uq_variance_seqdrift2::recurring_sud_sea100k_g03.csv::82599::82599,uq_variance_seqdrift2,recurring_sud_sea100k_g03.csv,82599,82599,0,ecpf_detector_dual_seqdrift2,22,35,5,1.0,1.0,1.0,1,1,0.0,FP,84842,-2243,0.0001670420113420819,0.8232966227073921,0.21546190728916575,1,1,fresh,3,150,0,0
uq_variance_seqdrift2::recurring_sud_sea100k_g03.csv::82799::82999,uq_variance_seqdrift2,recurring_sud_sea100k_g03.csv,82799,82999,200,ecpf_detector_dual_seqdrift2,29,36,6,0.8606965174129353,0.9751243781094527,0.9552238805970149,201,1,0.01990049751243783,FP,84842,-1843,,,,0,0,reused,35,650,1,1
uq_variance_seqdrift2::recurring_sud_sea100k_g03.csv::83699::84999,uq_variance_seqdrift2,recurring_sud_sea100k_g03.csv,83699,84999,1300,ecpf_detector_dual_seqdrift2,29,37,6,0.90315142198309,0.9707916986933128,0.9431206764027671,1301,1,0.027671022290545744,TP,84842,157,4.343268280788545e-05,0.6761938912036941,0.20750888325787084,1,1,fresh,12,350,0,0
uq_variance_seqdrift2::recurring_sud_sea100k_g03.csv::85399::89199,uq_variance_seqdrift2,recurring_sud_sea100k_g03.csv,85399,89199,3800,ecpf_detector_dual_seqdrift2,22,38,6,0.9597474348855565,0.9597474348855565,0.9668508287292817,3801,0,-0.00710339384372527,TP,89022,177,0.0004909138048780783,0.6456302996296456,0.20398887911338498,3,1,fresh,2,150,0,1
uq_variance_seqdrift2::recurring_sud_sea100k_g04.csv::599::799,uq_variance_seqdrift2,recurring_sud_sea100k_g04.csv,599,799,200,ecpf_detector_dual_seqdrift2,0,1,2,0.8805970149253731,0.8805970149253731,0.9651741293532339,201,0,-0.08457711442786076,FP,18553,-17754,6.239376944984146e-05,0.7056438993905964,0.18413416618870196,0,0,reused,8,150,1,0
uq_variance_seqdrift2::recurring_sud_sea100k_g04.csv::999::5599,uq_variance_seqdrift2,recurring_sud_sea100k_g04.csv,999,5599,4600,ecpf_detector_dual_seqdrift2,1,2,3,0.9491414909802217,0.9491414909802217,0.9730493371006304,4601,0,-0.023907846120408638,FP,18553,-12954,,,,1,1,fresh,5,150,0,1
uq_variance_seqdrift2::recurring_sud_sea100k_g04.csv::5799::6999,uq_variance_seqdrift2,recurring_sud_sea100k_g04.csv,5799,6999,1200,ecpf_detector_dual_seqdrift2,1,3,4,0.9458784346378019,0.9500416319733556,0.951706910907577,1201,0,-0.0016652789342214147,FP,18553,-11554,,,,1,1,fresh,12,650,0,1
uq_variance_seqdrift2::recurring_sud_sea100k_g04.csv::7699::7799,uq_variance_seqdrift2,recurring_sud_sea100k_g04.csv,7699,7799,100,ecpf_detector_dual_seqdrift2,3,4,5,0.9405940594059405,0.9405940594059405,0.9603960396039604,101,0,-0.01980198019801982,FP,18553,-10754,0.0001491535129323618,0.6783735190772024,0.19229340980116713,2,1,reused,47,550,0,1
uq_variance_seqdrift2::recurring_sud_sea100k_g04.csv::8399::9599,uq_variance_seqdrift2,recurring_sud_sea100k_g04.csv,8399,9599,1200,ecpf_detector_dual_seqdrift2,4,5,5,0.9683597002497918,0.9683597002497918,0.9600333055786844,1201,1,0.008326394671107407,FP,18553,-8954,0.00013865837758458052,0.759243414350925,0.22083741778949625,0,0,reused,35,1150,1,1
uq_variance_seqdrift2::recurring_sud_sea100k_g04.csv::10799::13599,uq_variance_seqdrift2,recurring_sud_sea100k_g04.csv,10799,13599,2800,ecpf_detector_dual_seqdrift2,4,6,5,0.8843270260621207,0.964655480185648,0.9717957872188504,2801,0,-0.007140307033202453,FP,18553,-4954,2.2184560323942663e-05,0.7421264348113372,0.2117613634876263,0,0,reused,1,150,1,0
uq_variance_seqdrift2::recurring_sud_sea100k_g04.csv::13799::14599,uq_variance_seqdrift2,recurring_sud_sea100k_g04.csv,13799,14599,800,ecpf_detector_dual_seqdrift2,4,7,5,0.8976279650436954,0.9662921348314607,0.9637952559300874,801,1,0.0024968789013732895,FP,18553,-3954,,,,0,0,reused,16,650,1,1
uq_variance_seqdrift2::recurring_sud_sea100k_g04.csv::15299::16599,uq_variance_seqdrift2,recurring_sud_sea100k_g04.csv,15299,16599,1300,ecpf_detector_dual_seqdrift2,7,8,5,0.9523443504996156,0.9523443504996156,0.9738662567255957,1301,0,-0.021521906225980048,FP,18553,-1954,5.975054682234632e-05,0.6327931332765848,0.19942173350350387,1,1,fresh,9,250,0,1
uq_variance_seqdrift2::recurring_sud_sea100k_g04.csv::16899::16999,uq_variance_seqdrift2,recurring_sud_sea100k_g04.csv,16899,16999,100,ecpf_detector_dual_seqdrift2,7,9,6,0.9207920792079208,0.9702970297029703,0.8217821782178217,101,1,0.14851485148514854,FP,18553,-1554,,,,0,0,reused,28,750,1,1
uq_variance_seqdrift2::recurring_sud_sea100k_g04.csv::17799::18599,uq_variance_seqdrift2,recurring_sud_sea100k_g04.csv,17799,18599,800,ecpf_detector_dual_seqdrift2,9,10,6,0.9612983770287141,0.9612983770287141,0.916354556803995,801,1,0.0449438202247191,TP,18553,46,-4.224006579866991e-06,0.6876753072076935,0.20740650967300622,1,1,fresh,126,1950,0,0
uq_variance_seqdrift2::recurring_sud_sea100k_g04.csv::20599::20599,uq_variance_seqdrift2,recurring_sud_sea100k_g04.csv,20599,20599,0,ecpf_detector_dual_seqdrift2,1,11,5,1.0,1.0,1.0,1,1,0.0,FP,18553,2046,0.00036164280371268735,0.7646856856830619,0.14929030840200955,0,0,reused,26,450,1,1
uq_variance_seqdrift2::recurring_sud_sea100k_g04.csv::21099::23999,uq_variance_seqdrift2,recurring_sud_sea100k_g04.csv,21099,23999,2900,ecpf_detector_dual_seqdrift2,11,12,6,0.9607032057911065,0.9607032057911065,0.9710444674250258,2901,0,-0.010341261633919352,TP,23804,195,0.00021440188502816517,0.5220928539844427,0.17578515642561526,0,0,reused,5,150,1,0
uq_variance_seqdrift2::recurring_sud_sea100k_g04.csv::24199::28999,uq_variance_seqdrift2,recurring_sud_sea100k_g04.csv,24199,28999,4800,ecpf_detector_dual_seqdrift2,9,13,6,0.9431368464903145,0.9775046865236409,0.9875026036242449,4801,0,-0.009997917100604048,FP,23804,5195,,,,1,1,fresh,3,250,0,1
uq_variance_seqdrift2::recurring_sud_sea100k_g04.csv::29299::29599,uq_variance_seqdrift2,recurring_sud_sea100k_g04.csv,29299,29599,300,ecpf_detector_dual_seqdrift2,13,14,6,0.9700996677740864,0.9700996677740864,0.9102990033222591,301,1,0.0598006644518273,FP,34357,-4758,,,,0,0,reused,15,150,1,1
uq_variance_seqdrift2::recurring_sud_sea100k_g04.csv::29799::33799,uq_variance_seqdrift2,recurring_sud_sea100k_g04.csv,29799,33799,4000,ecpf_detector_dual_seqdrift2,13,15,6,0.9435141214696325,0.9807548112971757,0.9782554361409648,4001,1,0.0024993751562109034,FP,34357,-558,,,,2,1,reused,3,850,0,0
uq_variance_seqdrift2::recurring_sud_sea100k_g04.csv::34699::35999,uq_variance_seqdrift2,recurring_sud_sea100k_g04.csv,34699,35999,1300,ecpf_detector_dual_seqdrift2,11,16,5,0.8862413528055342,0.9638739431206764,0.9254419677171407,1301,1,0.03843197540353571,FP,34357,1642,2.1949074771431162e-05,0.7665654680586602,0.20699567618902276,0,0,reused,4,250,1,1
uq_variance_seqdrift2::recurring_sud_sea100k_g04.csv::36299::39199,uq_variance_seqdrift2,recurring_sud_sea100k_g04.csv,36299,39199,2900,ecpf_detector_dual_seqdrift2,16,17,5,0.9562219924164082,0.9562219924164082,0.94657014822475,2901,1,0.009651844191658099,TP,39011,188,,,,3,1,fresh,1,250,0,0
uq_variance_seqdrift2::recurring_sud_sea100k_g04.csv::39499::40199,uq_variance_seqdrift2,recurring_sud_sea100k_g04.csv,39499,40199,700,ecpf_detector_dual_seqdrift2,13,18,5,0.9586305278174037,0.978601997146933,0.9115549215406562,701,1,0.06704707560627676,FP,39011,1188,,,,0,0,reused,11,250,1,1
uq_variance_seqdrift2::recurring_sud_sea100k_g04.csv::40499::41599,uq_variance_seqdrift2,recurring_sud_sea100k_g04.csv,40499,41599,1100,ecpf_detector_dual_seqdrift2,13,19,5,0.9455040871934605,0.9836512261580381,0.9564032697547684,1101,1,0.027247956403269713,FP,39011,2588,,,,0,0,reused,13,250,1,1
uq_variance_seqdrift2::recurring_sud_sea100k_g04.csv::41899::42199,uq_variance_seqdrift2,recurring_sud_sea100k_g04.csv,41899,42199,300,ecpf_detector_dual_seqdrift2,13,20,4,0.9501661129568106,0.973421926910299,0.9235880398671097,301,1,0.04983388704318936,FP,39011,3188,,,,0,0,reused,13,250,1,1
uq_variance_seqdrift2::recurring_sud_sea100k_g04.csv::42499::42999,uq_variance_seqdrift2,recurring_sud_sea100k_g04.csv,42499,42999,500,ecpf_detector_dual_seqdrift2,13,21,4,0.9500998003992016,0.9760479041916168,0.9481037924151696,501,1,0.027944111776447178,FP,39011,3988,,,,0,0,reused,15,550,1,1
uq_variance_seqdrift2::recurring_sud_sea100k_g04.csv::43599::49799,uq_variance_seqdrift2,recurring_sud_sea100k_g04.csv,43599,49799,6200,ecpf_detector_dual_seqdrift2,13,22,4,0.9475890985324947,0.9819383970327367,0.9819383970327367,6201,1,0.0,FP,52654,-2855,7.17574961211338e-05,0.7577275917363414,0.21648229842936814,2,1,reused,5,450,0,0
uq_variance_seqdrift2::recurring_sud_sea100k_g04.csv::50299::50999,uq_variance_seqdrift2,recurring_sud_sea100k_g04.csv,50299,50999,700,ecpf_detector_dual_seqdrift2,13,23,4,0.9372325249643366,0.9757489300998573,0.9543509272467903,701,1,0.021398002853067033,FP,52654,-1655,0.000225225533934512,0.7504211895898206,0.19708094949369606,2,1,reused,7,350,0,0
uq_variance_seqdrift2::recurring_sud_sea100k_g04.csv::51399::52799,uq_variance_seqdrift2,recurring_sud_sea100k_g04.csv,51399,52799,1400,ecpf_detector_dual_seqdrift2,13,24,4,0.9421841541755889,0.9750178443968593,0.9414703783012134,1401,1,0.03354746609564596,TP,52654,145,0.0014705030774338974,0.7691256793572288,0.24455251245564547,1,1,fresh,142,2750,0,0
uq_variance_seqdrift2::recurring_sud_sea100k_g04.csv::55599::58799,uq_variance_seqdrift2,recurring_sud_sea100k_g04.csv,55599,58799,3200,ecpf_detector_dual_seqdrift2,16,25,4,0.8647297719462668,0.9678225554514215,0.9543892533583255,3201,1,0.013433302093096011,FP,52654,6145,0.00019341596743440272,0.6471850937507313,0.1625675200306533,2,1,reused,1,250,0,0
uq_variance_seqdrift2::recurring_sud_sea100k_g04.csv::59099::59599,uq_variance_seqdrift2,recurring_sud_sea100k_g04.csv,59099,59599,500,ecpf_detector_dual_seqdrift2,16,26,5,0.9101796407185628,0.9560878243512974,0.8982035928143712,501,1,0.05788423153692612,FP,66269,-6670,,,,2,1,reused,2,150,0,0
uq_variance_seqdrift2::recurring_sud_sea100k_g04.csv::59799::61399,uq_variance_seqdrift2,recurring_sud_sea100k_g04.csv,59799,61399,1600,ecpf_detector_dual_seqdrift2,16,27,5,0.8657089319175515,0.966895690193629,0.9275452841973766,1601,1,0.03935040599625239,FP,66269,-4870,,,,2,1,reused,8,250,0,0
uq_variance_seqdrift2::recurring_sud_sea100k_g04.csv::61699::61799,uq_variance_seqdrift2,recurring_sud_sea100k_g04.csv,61699,61799,100,ecpf_detector_dual_seqdrift2,16,28,5,0.8316831683168316,0.9603960396039604,0.8712871287128713,101,1,0.08910891089108908,FP,66269,-4470,,,,0,0,reused,25,750,1,1
uq_variance_seqdrift2::recurring_sud_sea100k_g04.csv::62599::62599,uq_variance_seqdrift2,recurring_sud_sea100k_g04.csv,62599,62599,0,ecpf_detector_dual_seqdrift2,8,29,5,1.0,1.0,1.0,1,1,0.0,FP,66269,-3670,6.554934229089042e-05,0.6563027299206394,0.1623609185935069,8,1,reused,3,450,0,0
uq_variance_seqdrift2::recurring_sud_sea100k_g04.csv::63099::66399,uq_variance_seqdrift2,recurring_sud_sea100k_g04.csv,63099,66399,3300,ecpf_detector_dual_seqdrift2,16,30,5,0.8694335049984853,0.9654650106028476,0.9533474704634959,3301,1,0.012117540139351735,TP,66269,130,0.0005624064740804025,0.6171038190650948,0.17093982641576366,6,1,reused,2,350,0,0
uq_variance_seqdrift2::recurring_sud_sea100k_g04.csv::66799::68399,uq_variance_seqdrift2,recurring_sud_sea100k_g04.csv,66799,68399,1600,ecpf_detector_dual_seqdrift2,13,31,5,0.9537788881948782,0.9831355402873204,0.9618988132417239,1601,1,0.021236727045596537,FP,66269,2130,-0.0010913777149889332,0.6502750024952488,0.16610401858951843,0,0,reused,33,1450,1,1
uq_variance_seqdrift2::recurring_sud_sea100k_g04.csv::69899::72599,uq_variance_seqdrift2,recurring_sud_sea100k_g04.csv,69899,72599,2700,ecpf_detector_dual_seqdrift2,13,32,5,0.9477971121806739,0.9814883376527213,0.9737134394668642,2701,1,0.007774898185857082,FP,66269,6330,8.263797401394535e-05,0.8232449698441271,0.21873694027713328,0,0,reused,16,1050,1,1
uq_variance_seqdrift2::recurring_sud_sea100k_g04.csv::73699::74999,uq_variance_seqdrift2,recurring_sud_sea100k_g04.csv,73699,74999,1300,ecpf_detector_dual_seqdrift2,13,33,4,0.9792467332820907,0.9792467332820907,0.9315910837817064,1301,1,0.047655649500384256,FP,66269,8730,0.00017918453209637628,0.7794462755283396,0.21501816514308883,0,0,reused,11,250,1,1
uq_variance_seqdrift2::recurring_sud_sea100k_g04.csv::75299::76599,uq_variance_seqdrift2,recurring_sud_sea100k_g04.csv,75299,76599,1300,ecpf_detector_dual_seqdrift2,13,34,4,0.9800153727901614,0.9800153727901614,0.9761721752498078,1301,1,0.00384319754035356,FP,66269,10330,,,,2,1,reused,2,150,0,0
uq_variance_seqdrift2::recurring_sud_sea100k_g04.csv::76799::91199,uq_variance_seqdrift2,recurring_sud_sea100k_g04.csv,76799,91199,14400,ecpf_detector_dual_seqdrift2,13,35,4,0.9813901812374141,0.9813901812374141,0.9834039302826193,14401,0,-0.0020137490452052376,FP,66269,24930,,,,1,1,fresh,1,494,0,1
uq_variance_seqdrift2::recurring_sud_sea100k_g04.csv::91699::91799,uq_variance_seqdrift2,recurring_sud_sea100k_g04.csv,91699,91799,100,ecpf_detector_dual_seqdrift2,13,36,4,1.0,1.0,0.9405940594059405,101,1,0.05940594059405946,FP,66269,25530,0.00038461311761961897,0.7637756052557829,0.2392621362143861,0,0,reused,38,450,1,1
uq_variance_seqdrift2::recurring_sud_sea100k_g04.csv::92299::92399,uq_variance_seqdrift2,recurring_sud_sea100k_g04.csv,92299,92399,100,ecpf_detector_dual_seqdrift2,13,37,4,0.9603960396039604,0.9603960396039604,0.900990099009901,101,1,0.05940594059405935,FP,66269,26130,0.00040447975025723824,0.7689188483583325,0.22123995786553394,0,0,reused,17,150,1,1
uq_variance_seqdrift2::recurring_sud_sea100k_g04.csv::92599::95399,uq_variance_seqdrift2,recurring_sud_sea100k_g04.csv,92599,95399,2800,ecpf_detector_dual_seqdrift2,13,38,4,0.9839343091752946,0.9839343091752946,0.9725098179221706,2801,1,0.011424491253123947,FP,66269,29130,,,,1,1,fresh,1,282,0,0
uq_variance_seqdrift2::recurring_sud_sea100k_g04.csv::95699::95999,uq_variance_seqdrift2,recurring_sud_sea100k_g04.csv,95699,95999,300,ecpf_detector_dual_seqdrift2,13,39,4,0.9833887043189369,0.9833887043189369,0.9302325581395349,301,1,0.05315614617940201,FP,66269,29730,,,,0,0,reused,12,150,1,1
uq_variance_seqdrift2::recurring_sud_sea100k_g05.csv::899::2599,uq_variance_seqdrift2,recurring_sud_sea100k_g05.csv,899,2599,1700,ecpf_detector_dual_seqdrift2,0,1,2,0.9629629629629629,0.9629629629629629,0.9676660787771899,1701,0,-0.004703115814226999,FP,9764,-7165,8.766371282680885e-06,0.7230023919152146,0.19575019120947715,3,1,fresh,1,266,0,1
uq_variance_seqdrift2::recurring_sud_sea100k_g05.csv::2899::5399,uq_variance_seqdrift2,recurring_sud_sea100k_g05.csv,2899,5399,2500,ecpf_detector_dual_seqdrift2,1,2,2,0.9800079968012795,0.9800079968012795,0.9640143942423031,2501,1,0.015993602558976416,FP,9764,-4365,,,,2,1,reused,4,550,0,0
uq_variance_seqdrift2::recurring_sud_sea100k_g05.csv::5999::6399,uq_variance_seqdrift2,recurring_sud_sea100k_g05.csv,5999,6399,400,ecpf_detector_dual_seqdrift2,1,3,2,0.972568578553616,0.972568578553616,0.9551122194513716,401,1,0.017456359102244412,FP,9764,-3365,-2.2004764520596293e-05,0.8414715431977747,0.1960607182390065,1,1,fresh,4,150,0,0
uq_variance_seqdrift2::recurring_sud_sea100k_g05.csv::6599::6799,uq_variance_seqdrift2,recurring_sud_sea100k_g05.csv,6599,6799,200,ecpf_detector_dual_seqdrift2,1,4,3,0.8756218905472637,0.9850746268656716,0.8606965174129353,201,1,0.12437810945273631,FP,9764,-2965,,,,0,0,reused,16,150,1,1
uq_variance_seqdrift2::recurring_sud_sea100k_g05.csv::6999::7599,uq_variance_seqdrift2,recurring_sud_sea100k_g05.csv,6999,7599,600,ecpf_detector_dual_seqdrift2,4,5,3,0.9600665557404326,0.9600665557404326,0.9051580698835274,601,1,0.05490848585690522,FP,9764,-2165,,,,2,1,reused,4,150,0,0
uq_variance_seqdrift2::recurring_sud_sea100k_g05.csv::7799::9999,uq_variance_seqdrift2,recurring_sud_sea100k_g05.csv,7799,9999,2200,ecpf_detector_dual_seqdrift2,4,6,3,0.8587005906406179,0.9459336665152204,0.9091322126306225,2201,1,0.03680145388459788,TP,9764,235,,,,1,1,fresh,9,350,0,0
uq_variance_seqdrift2::recurring_sud_sea100k_g05.csv::10399::21199,uq_variance_seqdrift2,recurring_sud_sea100k_g05.csv,10399,21199,10800,ecpf_detector_dual_seqdrift2,4,7,4,0.8930654569021387,0.9058420516618831,0.912600685121748,10801,0,-0.006758633459864827,TP,25836,-4637,-0.00012150232010460399,0.627540057957624,0.18591105445442302,1,1,fresh,23,950,0,1
uq_variance_seqdrift2::recurring_sud_sea100k_g05.csv::22199::22199,uq_variance_seqdrift2,recurring_sud_sea100k_g05.csv,22199,22199,0,ecpf_detector_dual_seqdrift2,7,8,3,1.0,1.0,1.0,1,1,0.0,FP,25836,-3637,0.00012602129921476557,0.7828543880396637,0.2106111319984395,0,0,reused,55,350,1,1
uq_variance_seqdrift2::recurring_sud_sea100k_g05.csv::22599::23399,uq_variance_seqdrift2,recurring_sud_sea100k_g05.csv,22599,23399,800,ecpf_detector_dual_seqdrift2,8,9,2,0.9900124843945068,0.9900124843945068,0.9575530586766542,801,1,0.03245942571785265,FP,25836,-2437,0.0003806267988191712,0.6295923665658616,0.2137586162525282,0,0,reused,29,950,1,1
uq_variance_seqdrift2::recurring_sud_sea100k_g05.csv::24399::25999,uq_variance_seqdrift2,recurring_sud_sea100k_g05.csv,24399,25999,1600,ecpf_detector_dual_seqdrift2,8,10,2,0.9525296689569019,0.9525296689569019,0.9256714553404123,1601,1,0.026858213616489657,TP,25836,163,0.00012289705398674906,0.7670554238584766,0.1979916173805367,1,1,fresh,7,150,0,0
uq_variance_seqdrift2::recurring_sud_sea100k_g05.csv::26199::27199,uq_variance_seqdrift2,recurring_sud_sea100k_g05.csv,26199,27199,1000,ecpf_detector_dual_seqdrift2,10,11,3,0.8771228771228772,0.8771228771228772,0.9120879120879121,1001,0,-0.03496503496503489,FP,25836,1363,,,,1,1,fresh,5,150,0,1
uq_variance_seqdrift2::recurring_sud_sea100k_g05.csv::27399::28599,uq_variance_seqdrift2,recurring_sud_sea100k_g05.csv,27399,28599,1200,ecpf_detector_dual_seqdrift2,11,12,4,0.9250624479600333,0.9250624479600333,0.9533721898417985,1201,0,-0.02830974188176516,FP,25836,2763,,,,1,1,fresh,1,150,0,1
uq_variance_seqdrift2::recurring_sud_sea100k_g05.csv::28799::30199,uq_variance_seqdrift2,recurring_sud_sea100k_g05.csv,28799,30199,1400,ecpf_detector_dual_seqdrift2,12,13,5,0.939329050678087,0.939329050678087,0.9329050678087081,1401,1,0.0064239828693789525,FP,25836,4363,,,,0,0,reused,8,150,1,1
uq_variance_seqdrift2::recurring_sud_sea100k_g05.csv::30399::30599,uq_variance_seqdrift2,recurring_sud_sea100k_g05.csv,30399,30599,200,ecpf_detector_dual_seqdrift2,13,14,5,0.9203980099502488,0.9203980099502488,0.8706467661691543,201,1,0.04975124378109452,FP,25836,4763,,,,0,0,reused,5,250,1,1
uq_variance_seqdrift2::recurring_sud_sea100k_g05.csv::30899::33399,uq_variance_seqdrift2,recurring_sud_sea100k_g05.csv,30899,33399,2500,ecpf_detector_dual_seqdrift2,13,15,5,0.8048780487804879,0.9360255897640943,0.9320271891243502,2501,1,0.003998400639744104,FP,38906,-5507,,,,2,1,reused,1,450,0,0
uq_variance_seqdrift2::recurring_sud_sea100k_g05.csv::33899::36399,uq_variance_seqdrift2,recurring_sud_sea100k_g05.csv,33899,36399,2500,ecpf_detector_dual_seqdrift2,13,16,5,0.8008796481407437,0.9484206317473011,0.9704118352658937,2501,0,-0.021991203518592628,FP,38906,-2507,0.00022836145346714407,0.7645232545847531,0.1600579427254643,1,1,fresh,10,450,0,1
uq_variance_seqdrift2::recurring_sud_sea100k_g05.csv::36899::37199,uq_variance_seqdrift2,recurring_sud_sea100k_g05.csv,36899,37199,300,ecpf_detector_dual_seqdrift2,13,17,5,0.7807308970099668,0.9401993355481728,0.9368770764119602,301,1,0.0033222591362126463,FP,38906,-1707,0.00041081449948586864,0.6762039229620762,0.15436320466363815,2,1,reused,2,150,0,0
uq_variance_seqdrift2::recurring_sud_sea100k_g05.csv::37399::38399,uq_variance_seqdrift2,recurring_sud_sea100k_g05.csv,37399,38399,1000,ecpf_detector_dual_seqdrift2,13,18,5,0.8061938061938062,0.949050949050949,0.9270729270729271,1001,1,0.0219780219780219,FP,38906,-507,,,,2,1,reused,2,250,0,0
uq_variance_seqdrift2::recurring_sud_sea100k_g05.csv::38699::38999,uq_variance_seqdrift2,recurring_sud_sea100k_g05.csv,38699,38999,300,ecpf_detector_dual_seqdrift2,13,19,5,0.8504983388704319,0.8870431893687708,0.840531561461794,301,1,0.04651162790697683,TP,38906,93,,,,3,1,fresh,16,250,0,0
uq_variance_seqdrift2::recurring_sud_sea100k_g05.csv::39299::41399,uq_variance_seqdrift2,recurring_sud_sea100k_g05.csv,39299,41399,2100,ecpf_detector_dual_seqdrift2,8,20,6,0.9476439790575916,0.98286530223703,0.9776297001427892,2101,1,0.005235602094240788,FP,38906,2493,,,,0,0,reused,3,150,1,1
uq_variance_seqdrift2::recurring_sud_sea100k_g05.csv::41599::41999,uq_variance_seqdrift2,recurring_sud_sea100k_g05.csv,41599,41999,400,ecpf_detector_dual_seqdrift2,8,21,5,0.9750623441396509,0.9750623441396509,0.9675810473815462,401,1,0.007481296758104716,FP,38906,3093,,,,0,0,reused,6,150,1,1
uq_variance_seqdrift2::recurring_sud_sea100k_g05.csv::42199::45799,uq_variance_seqdrift2,recurring_sud_sea100k_g05.csv,42199,45799,3600,ecpf_detector_dual_seqdrift2,8,22,5,0.9786170508192169,0.9786170508192169,0.9797278533740628,3601,0,-0.0011108025548458578,FP,50338,-4539,,,,2,1,reused,3,250,0,1
uq_variance_seqdrift2::recurring_sud_sea100k_g05.csv::46099::48799,uq_variance_seqdrift2,recurring_sud_sea100k_g05.csv,46099,48799,2700,ecpf_detector_dual_seqdrift2,22,23,5,0.9759348389485376,0.9759348389485376,0.9788967049241022,2701,0,-0.0029618659755645815,FP,50338,-1539,,,,0,0,reused,2,150,1,0
uq_variance_seqdrift2::recurring_sud_sea100k_g05.csv::48999::50199,uq_variance_seqdrift2,recurring_sud_sea100k_g05.csv,48999,50199,1200,ecpf_detector_dual_seqdrift2,22,24,5,0.9042464612822648,0.9783513738551207,0.9625312239800167,1201,1,0.01582014987510405,FP,50338,-139,,,,1,1,fresh,4,250,0,0
uq_variance_seqdrift2::recurring_sud_sea100k_g05.csv::50499::50599,uq_variance_seqdrift2,recurring_sud_sea100k_g05.csv,50499,50599,100,ecpf_detector_dual_seqdrift2,13,25,4,0.9504950495049505,0.9702970297029703,0.9603960396039604,101,1,0.00990099009900991,FP,50338,261,,,,0,0,reused,7,150,1,1
uq_variance_seqdrift2::recurring_sud_sea100k_g05.csv::50799::51199,uq_variance_seqdrift2,recurring_sud_sea100k_g05.csv,50799,51199,400,ecpf_detector_dual_seqdrift2,25,26,4,0.9501246882793017,0.9501246882793017,0.9451371571072319,401,1,0.004987531172069848,FP,50338,861,,,,0,0,reused,11,350,1,1
uq_variance_seqdrift2::recurring_sud_sea100k_g05.csv::51599::52199,uq_variance_seqdrift2,recurring_sud_sea100k_g05.csv,51599,52199,600,ecpf_detector_dual_seqdrift2,25,27,4,0.9417637271214643,0.9600665557404326,0.9500831946755408,601,1,0.009983361064891838,FP,50338,1861,0.0007010265631866485,0.6958908375375341,0.18128747406051585,0,0,reused,6,250,1,1
uq_variance_seqdrift2::recurring_sud_sea100k_g05.csv::52499::52599,uq_variance_seqdrift2,recurring_sud_sea100k_g05.csv,52499,52599,100,ecpf_detector_dual_seqdrift2,25,28,3,0.8514851485148515,0.9405940594059405,0.8514851485148515,101,1,0.08910891089108908,FP,50338,2261,,,,0,0,reused,12,450,1,1
uq_variance_seqdrift2::recurring_sud_sea100k_g05.csv::53099::53199,uq_variance_seqdrift2,recurring_sud_sea100k_g05.csv,53099,53199,100,ecpf_detector_dual_seqdrift2,25,29,3,0.7623762376237624,0.9207920792079208,0.9603960396039604,101,0,-0.03960396039603953,FP,50338,2861,0.00012733691456483172,0.651726373322777,0.15047596595894353,4,1,reused,14,1750,0,1
uq_variance_seqdrift2::recurring_sud_sea100k_g05.csv::54999::63799,uq_variance_seqdrift2,recurring_sud_sea100k_g05.csv,54999,63799,8800,ecpf_detector_dual_seqdrift2,25,30,3,0.7986592432678105,0.9501193046244745,0.9569367117373025,8801,0,-0.006817407112828078,TP,63689,110,0.00024211757297977596,0.6848249890606478,0.16325992322974187,3,1,fresh,1,150,0,1
uq_variance_seqdrift2::recurring_sud_sea100k_g05.csv::63999::66199,uq_variance_seqdrift2,recurring_sud_sea100k_g05.csv,63999,66199,2200,ecpf_detector_dual_seqdrift2,22,31,4,0.7869150386188096,0.9809177646524307,0.9609268514311676,2201,1,0.019990913221263118,FP,63689,2510,,,,2,1,reused,5,550,0,0
uq_variance_seqdrift2::recurring_sud_sea100k_g05.csv::66799::70799,uq_variance_seqdrift2,recurring_sud_sea100k_g05.csv,66799,70799,4000,ecpf_detector_dual_seqdrift2,22,32,4,0.9770057485628593,0.9770057485628593,0.9780054986253437,4001,0,-0.000999750062484428,FP,73316,-2517,0.00017987136111264086,0.8405623272672973,0.19972589833754262,2,1,reused,12,550,0,1
uq_variance_seqdrift2::recurring_sud_sea100k_g05.csv::71399::73399,uq_variance_seqdrift2,recurring_sud_sea100k_g05.csv,71399,73399,2000,ecpf_detector_dual_seqdrift2,22,33,4,0.9660169915042479,0.9660169915042479,0.9465267366316842,2001,1,0.019490254872563728,TP,73316,83,0.00016429180545898708,0.7037659318682983,0.19342618538378492,1,1,fresh,29,450,0,0
uq_variance_seqdrift2::recurring_sud_sea100k_g05.csv::73899::75799,uq_variance_seqdrift2,recurring_sud_sea100k_g05.csv,73899,75799,1900,ecpf_detector_dual_seqdrift2,25,34,5,0.900052603892688,0.9473961073119411,0.9237243556023146,1901,1,0.023671751709626543,FP,73316,2483,8.97402837527391e-05,0.5711223515111341,0.1785658375863037,2,1,reused,2,150,0,0
uq_variance_seqdrift2::recurring_sud_sea100k_g05.csv::75999::77599,uq_variance_seqdrift2,recurring_sud_sea100k_g05.csv,75999,77599,1600,ecpf_detector_dual_seqdrift2,25,35,5,0.7757651467832605,0.9525296689569019,0.9475327920049968,1601,1,0.004996876951905094,FP,81533,-3934,,,,0,0,reused,7,550,1,1
uq_variance_seqdrift2::recurring_sud_sea100k_g05.csv::78199::78399,uq_variance_seqdrift2,recurring_sud_sea100k_g05.csv,78199,78399,200,ecpf_detector_dual_seqdrift2,25,36,5,0.7960199004975125,0.9552238805970149,0.9552238805970149,201,1,0.0,FP,81533,-3134,0.00014107153415938493,0.6449963848906728,0.17609627553582413,0,0,reused,1,250,1,1
uq_variance_seqdrift2::recurring_sud_sea100k_g05.csv::78699::78999,uq_variance_seqdrift2,recurring_sud_sea100k_g05.csv,78699,78999,300,ecpf_detector_dual_seqdrift2,30,37,5,0.8106312292358804,0.9235880398671097,0.9235880398671097,301,1,0.0,FP,81533,-2534,,,,0,0,reused,28,1250,1,1
uq_variance_seqdrift2::recurring_sud_sea100k_g05.csv::80299::81199,uq_variance_seqdrift2,recurring_sud_sea100k_g05.csv,80299,81199,900,ecpf_detector_dual_seqdrift2,37,38,6,0.9678135405105438,0.9678135405105438,0.9311875693673696,901,1,0.03662597114317423,FP,81533,-334,0.00013768805537218388,0.7364319132461385,0.18048251036935584,2,1,reused,1,181,0,0
uq_variance_seqdrift2::recurring_sud_sea100k_g05.csv::81399::81599,uq_variance_seqdrift2,recurring_sud_sea100k_g05.csv,81399,81599,200,ecpf_detector_dual_seqdrift2,38,39,6,0.9203980099502488,0.9203980099502488,0.8756218905472637,201,1,0.04477611940298509,TP,81533,66,,,,5,1,fresh,13,150,0,0
uq_variance_seqdrift2::recurring_sud_sea100k_g05.csv::81799::84799,uq_variance_seqdrift2,recurring_sud_sea100k_g05.csv,81799,84799,3000,ecpf_detector_dual_seqdrift2,22,40,6,0.923025658113962,0.9830056647784072,0.9806731089636788,3001,1,0.0023325558147284653,FP,81533,3266,,,,0,0,reused,5,750,1,1
uq_variance_seqdrift2::recurring_sud_sea100k_g05.csv::85599::85799,uq_variance_seqdrift2,recurring_sud_sea100k_g05.csv,85599,85799,200,ecpf_detector_dual_seqdrift2,22,41,6,0.9701492537313433,0.9701492537313433,0.8507462686567164,201,1,0.11940298507462688,FP,81533,4266,0.00025755155723654945,0.745770461957585,0.21322117270545138,0,0,reused,15,250,1,1
uq_variance_seqdrift2::recurring_sud_sea100k_g05.csv::86099::90399,uq_variance_seqdrift2,recurring_sud_sea100k_g05.csv,86099,90399,4300,ecpf_detector_dual_seqdrift2,22,42,6,0.9774471053243432,0.9774471053243432,0.9793071378749129,4301,0,-0.0018600325505696569,FP,81533,8866,,,,1,1,fresh,1,450,0,1
uq_variance_seqdrift2::recurring_sud_sea100k_g05.csv::90899::91599,uq_variance_seqdrift2,recurring_sud_sea100k_g05.csv,90899,91599,700,ecpf_detector_dual_seqdrift2,22,43,6,0.9843081312410842,0.9843081312410842,0.9329529243937232,701,1,0.051355206847360946,FP,81533,10066,0.00038095929784682337,0.6896461236332988,0.22998942342439968,0,0,reused,9,150,1,1
uq_variance_seqdrift2::recurring_sud_sea100k_g05.csv::91799::99199,uq_variance_seqdrift2,recurring_sud_sea100k_g05.csv,91799,99199,7400,ecpf_detector_dual_seqdrift2,22,44,6,0.980002702337522,0.980002702337522,0.9805431698419133,7401,0,-0.0005404675043912954,FP,81533,17666,,,,0,0,reused,7,550,1,0
uq_variance_seqdrift2::recurring_sud_sea100k_g06.csv::1299::3999,uq_variance_seqdrift2,recurring_sud_sea100k_g06.csv,1299,3999,2700,ecpf_detector_dual_seqdrift2,0,1,2,0.9644576082932247,0.9644576082932247,0.9733432062199185,2701,0,-0.008885597926693856,FP,12981,-8982,0.00017735876198882882,0.6747030051578937,0.18968655397040704,1,1,fresh,1,150,0,1
uq_variance_seqdrift2::recurring_sud_sea100k_g06.csv::4199::7399,uq_variance_seqdrift2,recurring_sud_sea100k_g06.csv,4199,7399,3200,ecpf_detector_dual_seqdrift2,1,2,2,0.9709465791940018,0.9709465791940018,0.9806310527960013,3201,0,-0.009684473601999422,FP,12981,-5582,,,,3,1,fresh,14,1050,0,1
uq_variance_seqdrift2::recurring_sud_sea100k_g06.csv::8499::8799,uq_variance_seqdrift2,recurring_sud_sea100k_g06.csv,8499,8799,300,ecpf_detector_dual_seqdrift2,2,3,2,0.9568106312292359,0.9568106312292359,0.9335548172757475,301,1,0.023255813953488413,FP,12981,-4182,8.480994769496296e-05,0.7274212337947936,0.21640806876416227,0,0,reused,6,450,1,1
uq_variance_seqdrift2::recurring_sud_sea100k_g06.csv::9299::11399,uq_variance_seqdrift2,recurring_sud_sea100k_g06.csv,9299,11399,2100,ecpf_detector_dual_seqdrift2,2,4,2,0.9609709662065683,0.9609709662065683,0.96573060447406,2101,0,-0.004759638267491706,FP,12981,-1582,0.00022865561331467414,0.8866660313660619,0.2294596588954138,0,0,reused,3,250,1,0
uq_variance_seqdrift2::recurring_sud_sea100k_g06.csv::11699::12799,uq_variance_seqdrift2,recurring_sud_sea100k_g06.csv,11699,12799,1100,ecpf_detector_dual_seqdrift2,2,5,2,0.9536784741144414,0.9536784741144414,0.9600363306085377,1101,0,-0.006357856494096259,FP,12981,-182,,,,2,1,reused,2,150,0,1
uq_variance_seqdrift2::recurring_sud_sea100k_g06.csv::12999::13199,uq_variance_seqdrift2,recurring_sud_sea100k_g06.csv,12999,13199,200,ecpf_detector_dual_seqdrift2,5,6,2,0.8955223880597015,0.8955223880597015,0.9154228855721394,201,0,-0.01990049751243783,TP,12981,218,,,,1,1,fresh,65,1250,0,1
uq_variance_seqdrift2::recurring_sud_sea100k_g06.csv::14499::19399,uq_variance_seqdrift2,recurring_sud_sea100k_g06.csv,14499,19399,4900,ecpf_detector_dual_seqdrift2,6,7,3,0.9502142419914303,0.9502142419914303,0.9563354417465824,4901,0,-0.006121199755152018,FP,22149,-2750,0.00011496843892026315,0.7599271245428114,0.17999433539577273,2,1,reused,7,250,0,1
uq_variance_seqdrift2::recurring_sud_sea100k_g06.csv::19699::22199,uq_variance_seqdrift2,recurring_sud_sea100k_g06.csv,19699,22199,2500,ecpf_detector_dual_seqdrift2,7,8,3,0.9332267093162735,0.9332267093162735,0.9484206317473011,2501,0,-0.015193922431027573,TP,22149,50,,,,3,1,fresh,7,250,0,1
uq_variance_seqdrift2::recurring_sud_sea100k_g06.csv::22499::23599,uq_variance_seqdrift2,recurring_sud_sea100k_g06.csv,22499,23599,1100,ecpf_detector_dual_seqdrift2,5,9,4,0.8474114441416893,0.9600363306085377,0.9227974568574023,1101,1,0.037238873751135326,FP,22149,1450,,,,0,0,reused,4,150,1,1
uq_variance_seqdrift2::recurring_sud_sea100k_g06.csv::23799::23999,uq_variance_seqdrift2,recurring_sud_sea100k_g06.csv,23799,23999,200,ecpf_detector_dual_seqdrift2,5,10,4,0.9502487562189055,0.9502487562189055,0.9104477611940298,201,1,0.03980099502487566,FP,22149,1850,,,,0,0,reused,22,550,1,1
uq_variance_seqdrift2::recurring_sud_sea100k_g06.csv::24599::24599,uq_variance_seqdrift2,recurring_sud_sea100k_g06.csv,24599,24599,0,ecpf_detector_dual_seqdrift2,5,11,4,1.0,1.0,1.0,1,1,0.0,FP,22149,2450,9.90533269784314e-05,0.7047433391745662,0.20953513400264265,0,0,reused,43,350,1,1
uq_variance_seqdrift2::recurring_sud_sea100k_g06.csv::24999::26199,uq_variance_seqdrift2,recurring_sud_sea100k_g06.csv,24999,26199,1200,ecpf_detector_dual_seqdrift2,11,12,4,0.9725228975853455,0.9725228975853455,0.9450457951706911,1201,1,0.027477102414654397,FP,28309,-2110,-9.677650151012323e-05,0.6886933460703045,0.23186708547598492,0,0,reused,8,350,1,1
uq_variance_seqdrift2::recurring_sud_sea100k_g06.csv::26599::28399,uq_variance_seqdrift2,recurring_sud_sea100k_g06.csv,26599,28399,1800,ecpf_detector_dual_seqdrift2,11,13,4,0.8006662965019433,0.9683509161576902,0.9611327040533038,1801,1,0.0072182121043864456,TP,28309,90,-0.0016648317047698337,0.721074928843708,0.2093579348779264,1,1,fresh,9,150,0,0
uq_variance_seqdrift2::recurring_sud_sea100k_g06.csv::28599::30599,uq_variance_seqdrift2,recurring_sud_sea100k_g06.csv,28599,30599,2000,ecpf_detector_dual_seqdrift2,7,14,5,0.8860569715142429,0.9355322338830585,0.9510244877561219,2001,0,-0.01549225387306341,FP,28309,2290,,,,3,1,fresh,1,175,0,1
uq_variance_seqdrift2::recurring_sud_sea100k_g06.csv::30799::32999,uq_variance_seqdrift2,recurring_sud_sea100k_g06.csv,30799,32999,2200,ecpf_detector_dual_seqdrift2,7,15,6,0.9341208541572013,0.9359382099045889,0.9736483416628805,2201,0,-0.03771013175829163,FP,28309,4690,,,,2,1,reused,1,291,0,1
uq_variance_seqdrift2::recurring_sud_sea100k_g06.csv::33299::40199,uq_variance_seqdrift2,recurring_sud_sea100k_g06.csv,33299,40199,6900,ecpf_detector_dual_seqdrift2,15,16,6,0.9591363570497029,0.9591363570497029,0.9504419649326185,6901,1,0.008694392117084448,FP,41433,-1234,,,,3,1,fresh,1,150,0,0
uq_variance_seqdrift2::recurring_sud_sea100k_g06.csv::40399::41199,uq_variance_seqdrift2,recurring_sud_sea100k_g06.csv,40399,41199,800,ecpf_detector_dual_seqdrift2,16,17,6,0.9525593008739076,0.9525593008739076,0.9413233458177278,801,1,0.011235955056179803,FP,41433,-234,,,,3,1,fresh,6,350,0,0
uq_variance_seqdrift2::recurring_sud_sea100k_g06.csv::41599::41599,uq_variance_seqdrift2,recurring_sud_sea100k_g06.csv,41599,41599,0,ecpf_detector_dual_seqdrift2,11,18,5,1.0,1.0,1.0,1,1,0.0,FP,41433,166,0.0005762383679236733,0.6661902538205644,0.17903478653105453,0,0,reused,13,150,1,1
uq_variance_seqdrift2::recurring_sud_sea100k_g06.csv::41799::56999,uq_variance_seqdrift2,recurring_sud_sea100k_g06.csv,41799,56999,15200,ecpf_detector_dual_seqdrift2,11,19,5,0.9748700743372146,0.9748700743372146,0.9882244589171765,15201,0,-0.013354384579961853,TP,57090,-91,,,,2,1,reused,2,250,0,1
uq_variance_seqdrift2::recurring_sud_sea100k_g06.csv::57299::59199,uq_variance_seqdrift2,recurring_sud_sea100k_g06.csv,57299,59199,1900,ecpf_detector_dual_seqdrift2,16,20,5,0.8563913729615992,0.9568648079957917,0.9542346133613887,1901,1,0.002630194634402949,FP,57090,2109,,,,5,1,fresh,1,467,0,0
uq_variance_seqdrift2::recurring_sud_sea100k_g06.csv::59699::59799,uq_variance_seqdrift2,recurring_sud_sea100k_g06.csv,59699,59799,100,ecpf_detector_dual_seqdrift2,16,21,5,0.8217821782178217,0.9504950495049505,0.8316831683168316,101,1,0.1188118811881188,FP,57090,2709,0.0003173536392209209,0.643071099460254,0.15838292168903464,0,0,reused,20,250,1,1
uq_variance_seqdrift2::recurring_sud_sea100k_g06.csv::60099::60199,uq_variance_seqdrift2,recurring_sud_sea100k_g06.csv,60099,60199,100,ecpf_detector_dual_seqdrift2,13,22,5,0.8514851485148515,0.9306930693069307,0.9108910891089109,101,1,0.01980198019801982,FP,57090,3109,,,,8,1,reused,0,350,0,0
uq_variance_seqdrift2::recurring_sud_sea100k_g06.csv::60599::62799,uq_variance_seqdrift2,recurring_sud_sea100k_g06.csv,60599,62799,2200,ecpf_detector_dual_seqdrift2,16,23,6,0.9368468877782826,0.9541117673784644,0.9654702407996365,2201,0,-0.011358473421172133,FP,57090,5709,-0.00029400747106664564,0.7486127589398823,0.20653053578017178,1,1,fresh,5,150,0,1
uq_variance_seqdrift2::recurring_sud_sea100k_g06.csv::62999::63999,uq_variance_seqdrift2,recurring_sud_sea100k_g06.csv,62999,63999,1000,ecpf_detector_dual_seqdrift2,23,24,6,0.9600399600399601,0.9600399600399601,0.9460539460539461,1001,1,0.013986013986013957,FP,69851,-5852,,,,2,1,reused,7,450,0,0
uq_variance_seqdrift2::recurring_sud_sea100k_g06.csv::64499::65199,uq_variance_seqdrift2,recurring_sud_sea100k_g06.csv,64499,65199,700,ecpf_detector_dual_seqdrift2,23,25,6,0.8288159771754636,0.9572039942938659,0.8987161198288159,701,1,0.058487874465049994,FP,69851,-4652,-0.0001983243698231244,0.6859863788968795,0.15674197121496783,0,0,reused,20,250,1,1
uq_variance_seqdrift2::recurring_sud_sea100k_g06.csv::65499::69999,uq_variance_seqdrift2,recurring_sud_sea100k_g06.csv,65499,69999,4500,ecpf_detector_dual_seqdrift2,23,26,6,0.8522550544323484,0.954010219951122,0.9737836036436347,4501,0,-0.01977338369251269,TP,69851,148,,,,1,1,fresh,3,250,0,1
uq_variance_seqdrift2::recurring_sud_sea100k_g06.csv::70299::72599,uq_variance_seqdrift2,recurring_sud_sea100k_g06.csv,70299,72599,2300,ecpf_detector_dual_seqdrift2,11,27,7,0.8431116905693177,0.9730551933941765,0.959148196436332,2301,1,0.013906996957844475,FP,69851,2748,,,,0,0,reused,8,250,1,1
uq_variance_seqdrift2::recurring_sud_sea100k_g06.csv::72899::73399,uq_variance_seqdrift2,recurring_sud_sea100k_g06.csv,72899,73399,500,ecpf_detector_dual_seqdrift2,11,28,6,0.9600798403193613,0.9600798403193613,0.9141716566866267,501,1,0.045908183632734634,FP,69851,3548,,,,0,0,reused,14,150,1,1
uq_variance_seqdrift2::recurring_sud_sea100k_g06.csv::73599::78999,uq_variance_seqdrift2,recurring_sud_sea100k_g06.csv,73599,78999,5400,ecpf_detector_dual_seqdrift2,28,29,5,0.967968894649139,0.967968894649139,0.945010183299389,5401,1,0.022958711349750027,TP,78803,196,,,,3,1,fresh,12,1050,0,0
uq_variance_seqdrift2::recurring_sud_sea100k_g06.csv::80099::81199,uq_variance_seqdrift2,recurring_sud_sea100k_g06.csv,80099,81199,1100,ecpf_detector_dual_seqdrift2,23,30,6,0.9146230699364214,0.9573115349682108,0.9373297002724795,1101,1,0.019981834695731227,FP,78803,2396,0.00012381764015049457,0.5685288027098158,0.174903437872699,1,1,fresh,2,450,0,0
uq_variance_seqdrift2::recurring_sud_sea100k_g06.csv::81699::81999,uq_variance_seqdrift2,recurring_sud_sea100k_g06.csv,81699,81999,300,ecpf_detector_dual_seqdrift2,23,31,6,0.9601328903654485,0.9634551495016611,0.9235880398671097,301,1,0.03986710963455142,FP,78803,3196,0.0005481583467675193,0.6715359252822088,0.16821495601874303,0,0,reused,8,150,1,1
uq_variance_seqdrift2::recurring_sud_sea100k_g06.csv::82199::83199,uq_variance_seqdrift2,recurring_sud_sea100k_g06.csv,82199,83199,1000,ecpf_detector_dual_seqdrift2,23,32,6,0.932067932067932,0.955044955044955,0.9230769230769231,1001,1,0.031968031968031885,FP,78803,4396,,,,2,1,reused,12,350,0,0
uq_variance_seqdrift2::recurring_sud_sea100k_g06.csv::83599::83999,uq_variance_seqdrift2,recurring_sud_sea100k_g06.csv,83599,83999,400,ecpf_detector_dual_seqdrift2,23,33,6,0.9251870324189526,0.9351620947630923,0.9201995012468828,401,1,0.014962593516209544,FP,78803,5196,-0.0009778419101928613,0.5272534574347818,0.16541436415198557,0,0,reused,18,550,1,1
uq_variance_seqdrift2::recurring_sud_sea100k_g06.csv::84599::85199,uq_variance_seqdrift2,recurring_sud_sea100k_g06.csv,84599,85199,600,ecpf_detector_dual_seqdrift2,22,34,6,0.961730449251248,0.961730449251248,0.8435940099833611,601,1,0.11813643926788686,FP,78803,6396,9.733174951964255e-05,0.6373124209387668,0.15851614800004257,6,1,reused,20,850,0,0
uq_variance_seqdrift2::recurring_sud_sea100k_g06.csv::86099::89999,uq_variance_seqdrift2,recurring_sud_sea100k_g06.csv,86099,89999,3900,ecpf_detector_dual_seqdrift2,34,35,7,0.95872853114586,0.95872853114586,0.9438605485772879,3901,1,0.014867982568572136,FP,95798,-5799,7.085822657563239e-05,0.5987809035338629,0.15844665103568967,2,1,reused,17,750,0,0
uq_variance_seqdrift2::recurring_sud_sea100k_g06.csv::90799::90799,uq_variance_seqdrift2,recurring_sud_sea100k_g06.csv,90799,90799,0,ecpf_detector_dual_seqdrift2,23,36,6,1.0,1.0,1.0,1,1,0.0,FP,95798,-4999,4.8365002596174295e-05,0.6504894019024332,0.1432617726879887,0,0,reused,22,850,1,1
uq_variance_seqdrift2::recurring_sud_sea100k_g06.csv::91699::95999,uq_variance_seqdrift2,recurring_sud_sea100k_g06.csv,91699,95999,4300,ecpf_detector_dual_seqdrift2,34,37,6,0.9481515926528714,0.9541966984422228,0.9311787956289235,4301,1,0.023017902813299296,TP,95798,201,-7.897308262255573e-06,0.6055411646646143,0.15961317237750552,2,1,reused,4,350,0,0
uq_variance_seqdrift2::recurring_sud_sea100k_g06.csv::96399::97799,uq_variance_seqdrift2,recurring_sud_sea100k_g06.csv,96399,97799,1400,ecpf_detector_dual_seqdrift2,28,38,7,0.8822269807280514,0.9771591720199857,0.9771591720199857,1401,1,0.0,FP,95798,2001,0.00029606185825223916,0.5738586603380421,0.1720424097090645,2,1,reused,4,150,0,0
uq_variance_seqdrift2::recurring_sud_sea100k_g06.csv::97999::98799,uq_variance_seqdrift2,recurring_sud_sea100k_g06.csv,97999,98799,800,ecpf_detector_dual_seqdrift2,28,39,7,0.8052434456928839,0.9737827715355806,0.8826466916354557,801,1,0.09113607990012484,FP,95798,3001,,,,0,0,reused,4,150,1,1
uq_variance_seqdrift2::recurring_sud_sea100k_g06.csv::98999::99399,uq_variance_seqdrift2,recurring_sud_sea100k_g06.csv,98999,99399,400,ecpf_detector_dual_seqdrift2,28,40,7,0.8229426433915212,0.972568578553616,0.9625935162094763,401,1,0.009975062344139696,FP,95798,3601,,,,0,0,reused,7,600,1,1
uq_variance_seqdrift2::recurring_sud_sea100k_g07.csv::1899::5799,uq_variance_seqdrift2,recurring_sud_sea100k_g07.csv,1899,5799,3900,ecpf_detector_dual_seqdrift2,0,1,2,0.9546270187131505,0.9546270187131505,0.9420661368879775,3901,1,0.01256088182517301,TP,5095,704,5.816374847925097e-05,0.7152493190044094,0.18846311589090317,3,1,fresh,19,850,0,0
uq_variance_seqdrift2::recurring_sud_sea100k_g07.csv::6699::8999,uq_variance_seqdrift2,recurring_sud_sea100k_g07.csv,6699,8999,2300,ecpf_detector_dual_seqdrift2,1,2,3,0.9613211647109953,0.9613211647109953,0.9595827900912647,2301,1,0.0017383746197305872,FP,5095,3904,-2.162693119165526e-05,0.6637097348835412,0.16198238439825777,0,0,reused,8,850,1,1
uq_variance_seqdrift2::recurring_sud_sea100k_g07.csv::9899::14399,uq_variance_seqdrift2,recurring_sud_sea100k_g07.csv,9899,14399,4500,ecpf_detector_dual_seqdrift2,2,3,3,0.9644523439235725,0.9644523439235725,0.9524550099977783,4501,1,0.011997333925794162,FP,14736,-337,0.00011198125269344643,0.761235168607592,0.157473317633836,4,1,reused,3,150,0,0
uq_variance_seqdrift2::recurring_sud_sea100k_g07.csv::14599::14999,uq_variance_seqdrift2,recurring_sud_sea100k_g07.csv,14599,14999,400,ecpf_detector_dual_seqdrift2,0,4,3,0.9551122194513716,0.9551122194513716,0.9251870324189526,401,1,0.029925187032418976,TP,14736,263,,,,0,0,reused,31,450,1,1
uq_variance_seqdrift2::recurring_sud_sea100k_g07.csv::15499::25599,uq_variance_seqdrift2,recurring_sud_sea100k_g07.csv,15499,25599,10100,ecpf_detector_dual_seqdrift2,4,5,3,0.9776259776259776,0.9776259776259776,0.974952974952975,10101,1,0.0026730026730026335,TP,25506,93,3.73443813472607e-05,0.6934070945847637,0.18539888961116374,5,1,fresh,3,750,0,0
uq_variance_seqdrift2::recurring_sud_sea100k_g07.csv::26399::39799,uq_variance_seqdrift2,recurring_sud_sea100k_g07.csv,26399,39799,13400,ecpf_detector_dual_seqdrift2,2,6,3,0.9685098127005447,0.9685098127005447,0.9672412506529363,13401,1,0.0012685620476083903,FP,44797,-4998,0.00014328845804249978,0.6924154248353902,0.175351050502402,2,1,reused,1,164,0,0
uq_variance_seqdrift2::recurring_sud_sea100k_g07.csv::39999::40999,uq_variance_seqdrift2,recurring_sud_sea100k_g07.csv,39999,40999,1000,ecpf_detector_dual_seqdrift2,6,7,3,0.965034965034965,0.965034965034965,0.954045954045954,1001,1,0.01098901098901095,FP,44797,-3798,,,,0,0,reused,7,150,1,1
uq_variance_seqdrift2::recurring_sud_sea100k_g07.csv::41199::41599,uq_variance_seqdrift2,recurring_sud_sea100k_g07.csv,41199,41599,400,ecpf_detector_dual_seqdrift2,6,8,3,0.9201995012468828,0.9600997506234414,0.9276807980049875,401,1,0.032418952618453956,FP,44797,-3198,,,,0,0,reused,12,150,1,1
uq_variance_seqdrift2::recurring_sud_sea100k_g07.csv::41799::44999,uq_variance_seqdrift2,recurring_sud_sea100k_g07.csv,41799,44999,3200,ecpf_detector_dual_seqdrift2,6,9,3,0.9403311465167136,0.9662605435801312,0.9278350515463918,3201,1,0.03842549203373946,TP,44797,202,,,,0,0,reused,22,650,1,1
uq_variance_seqdrift2::recurring_sud_sea100k_g07.csv::45699::48399,uq_variance_seqdrift2,recurring_sud_sea100k_g07.csv,45699,48399,2700,ecpf_detector_dual_seqdrift2,4,10,3,0.978156238430211,0.978156238430211,0.9689004072565717,2701,1,0.009255831173639373,FP,50607,-2208,8.744681765520688e-05,0.7202016824264892,0.16522166234995853,2,1,reused,1,152,0,0
uq_variance_seqdrift2::recurring_sud_sea100k_g07.csv::48599::48999,uq_variance_seqdrift2,recurring_sud_sea100k_g07.csv,48599,48999,400,ecpf_detector_dual_seqdrift2,10,11,3,0.9600997506234414,0.9600997506234414,0.9376558603491272,401,1,0.02244389027431426,FP,50607,-1608,,,,0,0,reused,9,450,1,1
uq_variance_seqdrift2::recurring_sud_sea100k_g07.csv::49499::50799,uq_variance_seqdrift2,recurring_sud_sea100k_g07.csv,49499,50799,1300,ecpf_detector_dual_seqdrift2,10,12,3,0.9223674096848578,0.9485011529592621,0.9738662567255957,1301,0,-0.025365103766333608,TP,50607,192,0.00032965151493310216,0.7010954530855371,0.1998519750915822,1,1,fresh,5,250,0,1
uq_variance_seqdrift2::recurring_sud_sea100k_g07.csv::51099::51199,uq_variance_seqdrift2,recurring_sud_sea100k_g07.csv,51099,51199,100,ecpf_detector_dual_seqdrift2,6,13,4,0.8613861386138614,0.9306930693069307,0.8712871287128713,101,1,0.05940594059405946,FP,50607,592,,,,0,0,reused,5,750,1,1
uq_variance_seqdrift2::recurring_sud_sea100k_g07.csv::51999::52199,uq_variance_seqdrift2,recurring_sud_sea100k_g07.csv,51999,52199,200,ecpf_detector_dual_seqdrift2,6,14,4,0.9601990049751243,0.9601990049751243,0.9054726368159204,201,1,0.05472636815920395,FP,50607,1592,7.305836820752811e-05,0.6269367497399708,0.15355366558815803,2,1,reused,31,850,0,0
uq_variance_seqdrift2::recurring_sud_sea100k_g07.csv::53099::58199,uq_variance_seqdrift2,recurring_sud_sea100k_g07.csv,53099,58199,5100,ecpf_detector_dual_seqdrift2,6,15,4,0.9690256812389727,0.9690256812389727,0.9635365614585375,5101,1,0.005489119780435203,FP,59907,-1708,0.0001500674127406232,0.7348496131766104,0.14820670807444833,3,1,fresh,3,250,0,0
uq_variance_seqdrift2::recurring_sud_sea100k_g07.csv::58499::60199,uq_variance_seqdrift2,recurring_sud_sea100k_g07.csv,58499,60199,1700,ecpf_detector_dual_seqdrift2,6,16,4,0.9553203997648442,0.9553203997648442,0.9412110523221634,1701,1,0.014109347442680775,TP,59907,292,,,,2,1,reused,2,150,0,0
uq_variance_seqdrift2::recurring_sud_sea100k_g07.csv::60399::60799,uq_variance_seqdrift2,recurring_sud_sea100k_g07.csv,60399,60799,400,ecpf_detector_dual_seqdrift2,10,17,4,0.912718204488778,0.9675810473815462,0.942643391521197,401,1,0.02493765586034913,FP,59907,892,,,,0,0,reused,9,150,1,1
uq_variance_seqdrift2::recurring_sud_sea100k_g07.csv::60999::65399,uq_variance_seqdrift2,recurring_sud_sea100k_g07.csv,60999,65399,4400,ecpf_detector_dual_seqdrift2,10,18,4,0.9050215860031811,0.959554646671211,0.971597364235401,4401,0,-0.012042717564189953,FP,59907,5492,,,,1,1,fresh,1,584,0,1
uq_variance_seqdrift2::recurring_sud_sea100k_g07.csv::65999::66799,uq_variance_seqdrift2,recurring_sud_sea100k_g07.csv,65999,66799,800,ecpf_detector_dual_seqdrift2,18,19,5,0.9750312109862672,0.9750312109862672,0.9637952559300874,801,1,0.011235955056179803,FP,59907,6892,0.00018215403730210397,0.6875653578190803,0.20725936916389587,0,0,reused,5,250,1,1
uq_variance_seqdrift2::recurring_sud_sea100k_g07.csv::67099::72199,uq_variance_seqdrift2,recurring_sud_sea100k_g07.csv,67099,72199,5100,ecpf_detector_dual_seqdrift2,10,20,4,0.9092334836306607,0.9592236816310528,0.971574201137032,5101,0,-0.012350519505979207,FP,76229,-4030,,,,2,1,reused,3,450,0,1
uq_variance_seqdrift2::recurring_sud_sea100k_g07.csv::72699::73199,uq_variance_seqdrift2,recurring_sud_sea100k_g07.csv,72699,73199,500,ecpf_detector_dual_seqdrift2,10,21,4,0.9041916167664671,0.9481037924151696,0.9640718562874252,501,0,-0.015968063872255578,FP,76229,-3030,0.0002660799329744347,0.6376704600375409,0.1927832555285255,2,1,reused,10,350,0,1
uq_variance_seqdrift2::recurring_sud_sea100k_g07.csv::73599::76399,uq_variance_seqdrift2,recurring_sud_sea100k_g07.csv,73599,76399,2800,ecpf_detector_dual_seqdrift2,10,22,4,0.9096751160299893,0.9625133880756872,0.952873973580864,2801,1,0.009639414494823195,TP,76229,170,0.0011027636272015495,0.5854525642009883,0.19797162568379867,1,1,fresh,5,150,0,0
uq_variance_seqdrift2::recurring_sud_sea100k_g07.csv::76599::77399,uq_variance_seqdrift2,recurring_sud_sea100k_g07.csv,76599,77399,800,ecpf_detector_dual_seqdrift2,6,23,5,0.9263420724094882,0.9600499375780275,0.9500624219725343,801,1,0.009987515605493158,FP,76229,1170,,,,2,1,reused,5,150,0,0
uq_variance_seqdrift2::recurring_sud_sea100k_g07.csv::77599::88799,uq_variance_seqdrift2,recurring_sud_sea100k_g07.csv,77599,88799,11200,ecpf_detector_dual_seqdrift2,6,24,5,0.9643781805195965,0.9643781805195965,0.9532184626372645,11201,1,0.011159717882331943,FP,89311,-512,,,,0,0,reused,6,150,1,1
uq_variance_seqdrift2::recurring_sud_sea100k_g07.csv::88999::89399,uq_variance_seqdrift2,recurring_sud_sea100k_g07.csv,88999,89399,400,ecpf_detector_dual_seqdrift2,6,25,5,0.9451371571072319,0.9451371571072319,0.8902743142144638,401,1,0.054862842892768104,TP,89311,88,,,,0,0,reused,6,450,1,1
uq_variance_seqdrift2::recurring_sud_sea100k_g07.csv::89899::90199,uq_variance_seqdrift2,recurring_sud_sea100k_g07.csv,89899,90199,300,ecpf_detector_dual_seqdrift2,22,26,5,0.9069767441860465,0.9601328903654485,0.9003322259136213,301,1,0.05980066445182719,FP,89311,888,0.00016610690151239906,0.7360746917423897,0.170302026378717,2,1,reused,0,350,0,0
uq_variance_seqdrift2::recurring_sud_sea100k_g07.csv::90599::91199,uq_variance_seqdrift2,recurring_sud_sea100k_g07.csv,90599,91199,600,ecpf_detector_dual_seqdrift2,10,27,4,0.9068219633943427,0.9717138103161398,0.8585690515806988,601,1,0.11314475873544094,FP,89311,1888,-0.000620630592389406,0.6750144896007904,0.19430281007835223,0,0,reused,9,150,1,1
uq_variance_seqdrift2::recurring_sud_sea100k_g08.csv::599::799,uq_variance_seqdrift2,recurring_sud_sea100k_g08.csv,599,799,200,ecpf_detector_dual_seqdrift2,0,1,2,0.8407960199004975,0.8407960199004975,0.9154228855721394,201,0,-0.0746268656716419,FP,12151,-11352,0.00023295024321214297,0.6226204325485276,0.2003520715540834,3,1,fresh,4,450,0,1
uq_variance_seqdrift2::recurring_sud_sea100k_g08.csv::1299::5799,uq_variance_seqdrift2,recurring_sud_sea100k_g08.csv,1299,5799,4500,ecpf_detector_dual_seqdrift2,1,2,3,0.9571206398578094,0.9571206398578094,0.9811153077093979,4501,0,-0.023994667851588547,FP,12151,-6352,0.0003486923226179047,0.6950989474615689,0.20175717365369963,1,1,fresh,7,650,0,1
uq_variance_seqdrift2::recurring_sud_sea100k_g08.csv::6499::10799,uq_variance_seqdrift2,recurring_sud_sea100k_g08.csv,6499,10799,4300,ecpf_detector_dual_seqdrift2,2,3,4,0.9700069751220647,0.9700069751220647,0.964659381539177,4301,1,0.005347593582887722,FP,12151,-1352,8.923902893355315e-05,0.8191310156707958,0.2116871260492648,0,0,reused,5,350,1,1
uq_variance_seqdrift2::recurring_sud_sea100k_g08.csv::11199::12399,uq_variance_seqdrift2,recurring_sud_sea100k_g08.csv,11199,12399,1200,ecpf_detector_dual_seqdrift2,3,4,3,0.9833472106577852,0.9833472106577852,0.980849292256453,1201,1,0.0024979184013321776,TP,12151,248,5.704216870028274e-05,0.7569266283809759,0.22143871514756394,2,1,reused,0,250,0,0
uq_variance_seqdrift2::recurring_sud_sea100k_g08.csv::12699::18399,uq_variance_seqdrift2,recurring_sud_sea100k_g08.csv,12699,18399,5700,ecpf_detector_dual_seqdrift2,3,5,3,0.8126644448342396,0.9580775302578495,0.9728117874057183,5701,0,-0.014734257147868801,FP,12151,6248,,,,2,1,reused,2,150,0,1
uq_variance_seqdrift2::recurring_sud_sea100k_g08.csv::18599::24199,uq_variance_seqdrift2,recurring_sud_sea100k_g08.csv,18599,24199,5600,ecpf_detector_dual_seqdrift2,3,6,3,0.8130690948044992,0.9557221924656312,0.9780396357793251,5601,0,-0.022317443313693897,FP,30170,-5971,,,,6,1,reused,2,550,0,1
uq_variance_seqdrift2::recurring_sud_sea100k_g08.csv::24799::37199,uq_variance_seqdrift2,recurring_sud_sea100k_g08.csv,24799,37199,12400,ecpf_detector_dual_seqdrift2,3,7,3,0.8238045318925893,0.9708894443996452,0.9729860495121361,12401,0,-0.002096605112490879,TP,38530,-1331,0.00013267373937153097,0.9111918783993814,0.22335168545043202,2,1,reused,5,550,0,1
uq_variance_seqdrift2::recurring_sud_sea100k_g08.csv::37799::38599,uq_variance_seqdrift2,recurring_sud_sea100k_g08.csv,37799,38599,800,ecpf_detector_dual_seqdrift2,7,8,3,0.978776529338327,0.978776529338327,0.9338327091136079,801,1,0.0449438202247191,TP,38530,69,5.961451773744513e-05,0.8021381914599226,0.22367776228641315,0,0,reused,7,250,1,1
uq_variance_seqdrift2::recurring_sud_sea100k_g08.csv::38899::38999,uq_variance_seqdrift2,recurring_sud_sea100k_g08.csv,38899,38999,100,ecpf_detector_dual_seqdrift2,7,9,3,0.8514851485148515,0.9108910891089109,0.8910891089108911,101,1,0.01980198019801982,FP,38530,469,,,,2,1,reused,21,450,0,0
uq_variance_seqdrift2::recurring_sud_sea100k_g08.csv::39499::43199,uq_variance_seqdrift2,recurring_sud_sea100k_g08.csv,39499,43199,3700,ecpf_detector_dual_seqdrift2,7,10,3,0.8116725209402864,0.9519048905701162,0.9818967846527965,3701,0,-0.029991894082680326,FP,38530,4669,0.0002109823872566196,0.7087038287493944,0.2124102076999683,1,1,fresh,18,550,0,1
uq_variance_seqdrift2::recurring_sud_sea100k_g08.csv::43799::48599,uq_variance_seqdrift2,recurring_sud_sea100k_g08.csv,43799,48599,4800,ecpf_detector_dual_seqdrift2,10,11,4,0.9693813788794001,0.9693813788794001,0.9791710060404083,4801,0,-0.009789627161008174,TP,48495,104,5.744257973132003e-05,0.6763850042867279,0.19126508684327712,2,1,reused,3,350,0,1
uq_variance_seqdrift2::recurring_sud_sea100k_g08.csv::48999::49799,uq_variance_seqdrift2,recurring_sud_sea100k_g08.csv,48999,49799,800,ecpf_detector_dual_seqdrift2,7,12,4,0.8227215980024969,0.9812734082397003,0.9250936329588015,801,1,0.05617977528089879,FP,48495,1304,-0.00018824409623659588,0.7063010226247898,0.2349349543635091,0,0,reused,5,250,1,1
uq_variance_seqdrift2::recurring_sud_sea100k_g08.csv::50099::54799,uq_variance_seqdrift2,recurring_sud_sea100k_g08.csv,50099,54799,4700,ecpf_detector_dual_seqdrift2,7,13,4,0.8406721974048075,0.978940650925335,0.9812805786002978,4701,0,-0.0023399276749628273,FP,48495,6304,,,,2,1,reused,4,1350,0,1
uq_variance_seqdrift2::recurring_sud_sea100k_g08.csv::56199::63199,uq_variance_seqdrift2,recurring_sud_sea100k_g08.csv,56199,63199,7000,ecpf_detector_dual_seqdrift2,7,14,4,0.8333095272103985,0.9804313669475789,0.9860019997143266,7001,0,-0.00557063276674763,TP,62938,261,8.661185056296701e-05,0.7780054784781989,0.21405488660697325,1,1,fresh,4,550,0,1
uq_variance_seqdrift2::recurring_sud_sea100k_g08.csv::63799::81199,uq_variance_seqdrift2,recurring_sud_sea100k_g08.csv,63799,81199,17400,ecpf_detector_dual_seqdrift2,10,15,3,0.8112752140681571,0.9691971725762887,0.9856904775587609,17401,0,-0.016493304982472257,FP,81533,-334,7.017862750456577e-06,0.6972391124093955,0.21616478820772594,1,1,fresh,7,450,0,1
uq_variance_seqdrift2::recurring_sud_sea100k_g08.csv::81699::81799,uq_variance_seqdrift2,recurring_sud_sea100k_g08.csv,81699,81799,100,ecpf_detector_dual_seqdrift2,7,16,3,0.9603960396039604,0.9603960396039604,0.801980198019802,101,1,0.15841584158415833,FP,81533,266,-3.120665288646408e-05,0.7117391661279979,0.23026898610766744,0,0,reused,28,250,1,1
uq_variance_seqdrift2::recurring_sud_sea100k_g08.csv::82099::82599,uq_variance_seqdrift2,recurring_sud_sea100k_g08.csv,82099,82599,500,ecpf_detector_dual_seqdrift2,16,17,2,0.9780439121756487,0.9780439121756487,0.9600798403193613,501,1,0.017964071856287345,FP,81533,1066,,,,0,0,reused,13,150,1,1
uq_variance_seqdrift2::recurring_sud_sea100k_g08.csv::82799::85599,uq_variance_seqdrift2,recurring_sud_sea100k_g08.csv,82799,85599,2800,ecpf_detector_dual_seqdrift2,16,18,2,0.9760799714387719,0.9760799714387719,0.9789360942520529,2801,0,-0.002856122813280959,FP,81533,4066,,,,2,1,reused,0,250,0,1
uq_variance_seqdrift2::recurring_sud_sea100k_g08.csv::85899::86599,uq_variance_seqdrift2,recurring_sud_sea100k_g08.csv,85899,86599,700,ecpf_detector_dual_seqdrift2,16,19,2,0.9700427960057061,0.9700427960057061,0.9500713266761769,701,1,0.0199714693295292,FP,81533,5066,,,,0,0,reused,13,350,1,1
uq_variance_seqdrift2::recurring_sud_sea100k_g08.csv::86999::91799,uq_variance_seqdrift2,recurring_sud_sea100k_g08.csv,86999,91799,4800,ecpf_detector_dual_seqdrift2,16,20,2,0.9839616746511144,0.9839616746511144,0.9843782545303061,4801,0,-0.00041657987919174744,FP,81533,10266,0.0002919803916533432,0.7946317002778815,0.23292856845011176,0,0,reused,6,250,1,0
uq_variance_seqdrift2::recurring_sud_sea100k_g08.csv::92099::92599,uq_variance_seqdrift2,recurring_sud_sea100k_g08.csv,92099,92599,500,ecpf_detector_dual_seqdrift2,16,21,2,0.9740518962075848,0.9740518962075848,0.9580838323353293,501,1,0.015968063872255467,FP,81533,11066,,,,0,0,reused,10,250,1,1
uq_variance_seqdrift2::recurring_sud_sea100k_g08.csv::92899::95599,uq_variance_seqdrift2,recurring_sud_sea100k_g08.csv,92899,95599,2700,ecpf_detector_dual_seqdrift2,16,22,2,0.9844502036282858,0.9844502036282858,0.980007404664939,2701,1,0.004442798963346872,FP,81533,14066,,,,0,0,reused,14,1050,1,1
uq_variance_seqdrift2::recurring_sud_sea100k_g08.csv::96699::98399,uq_variance_seqdrift2,recurring_sud_sea100k_g08.csv,96699,98399,1700,ecpf_detector_dual_seqdrift2,16,23,2,0.9841269841269841,0.9841269841269841,0.9723691945914168,1701,1,0.011757789535567276,FP,81533,16866,3.886417056916536e-05,0.7541629340551952,0.2209379821937429,0,0,reused,4,250,1,1
uq_variance_seqdrift2::recurring_sud_sea100k_g09.csv::699::2199,uq_variance_seqdrift2,recurring_sud_sea100k_g09.csv,699,2199,1500,ecpf_detector_dual_seqdrift2,0,1,2,0.9133910726182545,0.9133910726182545,0.9400399733510992,1501,0,-0.02664890073284476,FP,7989,-5790,0.00020855983997916593,0.4841886157267748,0.10993561435278529,2,1,reused,3,350,0,1
uq_variance_seqdrift2::recurring_sud_sea100k_g09.csv::2599::3399,uq_variance_seqdrift2,recurring_sud_sea100k_g09.csv,2599,3399,800,ecpf_detector_dual_seqdrift2,1,2,3,0.9300873907615481,0.9300873907615481,0.9113607990012484,801,1,0.01872659176029967,FP,7989,-4590,-0.0002567598727050163,0.5662155195623023,0.15499925879051127,3,1,fresh,1,294,0,0
uq_variance_seqdrift2::recurring_sud_sea100k_g09.csv::3699::5599,uq_variance_seqdrift2,recurring_sud_sea100k_g09.csv,3699,5599,1900,ecpf_detector_dual_seqdrift2,1,3,4,0.9305628616517623,0.9426617569700158,0.9663335086796423,1901,0,-0.023671751709626543,FP,7989,-2390,,,,2,1,reused,8,350,0,1
uq_variance_seqdrift2::recurring_sud_sea100k_g09.csv::5999::8199,uq_variance_seqdrift2,recurring_sud_sea100k_g09.csv,5999,8199,2200,ecpf_detector_dual_seqdrift2,3,4,2,0.9609268514311676,0.9609268514311676,0.9445706497046797,2201,1,0.016356201726487885,TP,7989,210,-0.0005851975039343668,0.6016156934163379,0.18212500969526338,0,0,reused,21,650,1,1
uq_variance_seqdrift2::recurring_sud_sea100k_g09.csv::8899::21599,uq_variance_seqdrift2,recurring_sud_sea100k_g09.csv,8899,21599,12700,ecpf_detector_dual_seqdrift2,4,5,3,0.9018187544287851,0.9018187544287851,0.9823635934178411,12701,0,-0.08054483898905596,FP,25726,-4127,0.00012940569622835223,0.6718536066446568,0.1533585125073506,1,1,fresh,12,150,0,1
uq_variance_seqdrift2::recurring_sud_sea100k_g09.csv::21799::22199,uq_variance_seqdrift2,recurring_sud_sea100k_g09.csv,21799,22199,400,ecpf_detector_dual_seqdrift2,5,6,4,0.970074812967581,0.970074812967581,0.9625935162094763,401,1,0.007481296758104716,FP,25726,-3527,,,,0,0,reused,11,250,1,1
uq_variance_seqdrift2::recurring_sud_sea100k_g09.csv::22499::22999,uq_variance_seqdrift2,recurring_sud_sea100k_g09.csv,22499,22999,500,ecpf_detector_dual_seqdrift2,6,7,4,0.9700598802395209,0.9700598802395209,0.936127744510978,501,1,0.03393213572854292,FP,25726,-2727,,,,0,0,reused,26,350,1,1
uq_variance_seqdrift2::recurring_sud_sea100k_g09.csv::23399::25799,uq_variance_seqdrift2,recurring_sud_sea100k_g09.csv,23399,25799,2400,ecpf_detector_dual_seqdrift2,6,8,4,0.8325697625989171,0.9766763848396501,0.9537692628071637,2401,1,0.02290712203248646,TP,25726,73,0.0002167443042777409,0.7103138265320768,0.20932026731573777,1,1,fresh,11,150,0,0
uq_variance_seqdrift2::recurring_sud_sea100k_g09.csv::25999::26399,uq_variance_seqdrift2,recurring_sud_sea100k_g09.csv,25999,26399,400,ecpf_detector_dual_seqdrift2,3,9,5,0.885286783042394,0.9775561097256857,0.9301745635910225,401,1,0.04738154613466328,FP,25726,673,,,,0,0,reused,8,150,1,1
uq_variance_seqdrift2::recurring_sud_sea100k_g09.csv::26599::27399,uq_variance_seqdrift2,recurring_sud_sea100k_g09.csv,26599,27399,800,ecpf_detector_dual_seqdrift2,9,10,5,0.951310861423221,0.951310861423221,0.9250936329588015,801,1,0.02621722846441943,FP,25726,1673,,,,0,0,reused,7,250,1,1
uq_variance_seqdrift2::recurring_sud_sea100k_g09.csv::27699::27799,uq_variance_seqdrift2,recurring_sud_sea100k_g09.csv,27699,27799,100,ecpf_detector_dual_seqdrift2,4,11,5,0.9306930693069307,0.9306930693069307,0.7524752475247525,101,1,0.17821782178217827,FP,25726,2073,,,,2,1,reused,6,150,0,0
uq_variance_seqdrift2::recurring_sud_sea100k_g09.csv::27999::29799,uq_variance_seqdrift2,recurring_sud_sea100k_g09.csv,27999,29799,1800,ecpf_detector_dual_seqdrift2,10,12,5,0.9411438089950028,0.9450305385896725,0.9361465852304275,1801,1,0.008883953359244967,FP,25726,4073,,,,2,1,reused,3,450,0,0
uq_variance_seqdrift2::recurring_sud_sea100k_g09.csv::30299::32599,uq_variance_seqdrift2,recurring_sud_sea100k_g09.csv,30299,32599,2300,ecpf_detector_dual_seqdrift2,10,13,5,0.8526727509778357,0.9521946979574099,0.9565406345067362,2301,0,-0.004345936549326357,FP,37954,-5355,0.00021893848389435445,0.6723095231009875,0.16915810340198484,1,1,fresh,3,250,0,1
uq_variance_seqdrift2::recurring_sud_sea100k_g09.csv::32899::32999,uq_variance_seqdrift2,recurring_sud_sea100k_g09.csv,32899,32999,100,ecpf_detector_dual_seqdrift2,11,14,6,0.9108910891089109,0.9504950495049505,0.9603960396039604,101,0,-0.00990099009900991,FP,37954,-4955,,,,2,1,reused,14,650,0,1
uq_variance_seqdrift2::recurring_sud_sea100k_g09.csv::33699::34799,uq_variance_seqdrift2,recurring_sud_sea100k_g09.csv,33699,34799,1100,ecpf_detector_dual_seqdrift2,13,15,6,0.8537693006357856,0.9527702089009991,0.9382379654859219,1101,1,0.014532243415077195,FP,37954,-3155,6.0758380633814185e-05,0.6585434570627947,0.16837287511360172,2,1,reused,5,350,0,0
uq_variance_seqdrift2::recurring_sud_sea100k_g09.csv::35199::35399,uq_variance_seqdrift2,recurring_sud_sea100k_g09.csv,35199,35399,200,ecpf_detector_dual_seqdrift2,15,16,5,0.9353233830845771,0.9353233830845771,0.8756218905472637,201,1,0.05970149253731338,FP,37954,-2555,0.0005190994185086566,0.598346314188765,0.17908603741876228,0,0,reused,47,1850,1,1
uq_variance_seqdrift2::recurring_sud_sea100k_g09.csv::37299::37999,uq_variance_seqdrift2,recurring_sud_sea100k_g09.csv,37299,37999,700,ecpf_detector_dual_seqdrift2,15,17,5,0.8359486447931527,0.9529243937232525,0.9015691868758916,701,1,0.051355206847360946,TP,37954,45,6.528980617729017e-05,0.49904137510036944,0.16558050473471123,1,1,fresh,8,250,0,0
uq_variance_seqdrift2::recurring_sud_sea100k_g09.csv::38299::40599,uq_variance_seqdrift2,recurring_sud_sea100k_g09.csv,38299,40599,2300,ecpf_detector_dual_seqdrift2,6,18,5,0.9834854411125598,0.9834854411125598,0.9756627553237722,2301,1,0.007822685788787531,FP,37954,2645,,,,0,0,reused,1,250,1,1
uq_variance_seqdrift2::recurring_sud_sea100k_g09.csv::40899::43399,uq_variance_seqdrift2,recurring_sud_sea100k_g09.csv,40899,43399,2500,ecpf_detector_dual_seqdrift2,6,19,5,0.984406237504998,0.984406237504998,0.9712115153938424,2501,1,0.013194722111155577,FP,37954,5445,,,,2,1,reused,8,250,0,0
uq_variance_seqdrift2::recurring_sud_sea100k_g09.csv::43699::47399,uq_variance_seqdrift2,recurring_sud_sea100k_g09.csv,43699,47399,3700,ecpf_detector_dual_seqdrift2,19,20,5,0.9851391515806539,0.9851391515806539,0.9778438259929749,3701,1,0.00729532558767898,FP,51002,-3603,,,,0,0,reused,9,850,1,1
uq_variance_seqdrift2::recurring_sud_sea100k_g09.csv::48299::50799,uq_variance_seqdrift2,recurring_sud_sea100k_g09.csv,48299,50799,2500,ecpf_detector_dual_seqdrift2,19,21,5,0.9108356657337066,0.9788084766093562,0.9672131147540983,2501,1,0.01159536185525789,FP,51002,-203,0.00014690761784611102,0.8518418893111217,0.20940072851940947,0,0,reused,3,150,1,1
uq_variance_seqdrift2::recurring_sud_sea100k_g09.csv::50999::51199,uq_variance_seqdrift2,recurring_sud_sea100k_g09.csv,50999,51199,200,ecpf_detector_dual_seqdrift2,15,22,5,0.900497512437811,0.945273631840796,0.9353233830845771,201,1,0.009950248756218971,TP,51002,197,,,,2,1,reused,8,350,0,0
uq_variance_seqdrift2::recurring_sud_sea100k_g09.csv::51599::52199,uq_variance_seqdrift2,recurring_sud_sea100k_g09.csv,51599,52199,600,ecpf_detector_dual_seqdrift2,15,23,5,0.9001663893510815,0.9484193011647255,0.908485856905158,601,1,0.03993344425956746,FP,51002,1197,-0.0005472818062965954,0.48042889669243516,0.1559624719504182,0,0,reused,16,650,1,1
uq_variance_seqdrift2::recurring_sud_sea100k_g09.csv::52899::53199,uq_variance_seqdrift2,recurring_sud_sea100k_g09.csv,52899,53199,300,ecpf_detector_dual_seqdrift2,11,24,5,0.9235880398671097,0.9568106312292359,0.9136212624584718,301,1,0.04318936877076418,FP,51002,2197,6.765328943956365e-05,0.6043430108844574,0.15533804151626782,4,1,reused,19,550,0,0
uq_variance_seqdrift2::recurring_sud_sea100k_g09.csv::53799::57799,uq_variance_seqdrift2,recurring_sud_sea100k_g09.csv,53799,57799,4000,ecpf_detector_dual_seqdrift2,15,25,5,0.9117720569857536,0.9522619345163709,0.9750062484378905,4001,0,-0.022744313921519654,TP,57655,144,0.00010836467042280833,0.6286490694442077,0.15876522361611378,1,1,fresh,2,150,0,1
uq_variance_seqdrift2::recurring_sud_sea100k_g09.csv::57999::58399,uq_variance_seqdrift2,recurring_sud_sea100k_g09.csv,57999,58399,400,ecpf_detector_dual_seqdrift2,19,26,5,0.9177057356608479,0.9775561097256857,0.9501246882793017,401,1,0.027431421446383997,FP,57655,744,,,,0,0,reused,32,850,1,1
uq_variance_seqdrift2::recurring_sud_sea100k_g09.csv::59299::62399,uq_variance_seqdrift2,recurring_sud_sea100k_g09.csv,59299,62399,3100,ecpf_detector_dual_seqdrift2,19,27,5,0.908416639793615,0.9780715898097387,0.9703321509190583,3101,1,0.007739438890680406,FP,65686,-3287,2.5145705261892358e-05,0.934748023909658,0.21274895941716,0,0,reused,2,150,1,1
uq_variance_seqdrift2::recurring_sud_sea100k_g09.csv::62599::65799,uq_variance_seqdrift2,recurring_sud_sea100k_g09.csv,62599,65799,3200,ecpf_detector_dual_seqdrift2,19,28,5,0.901280849734458,0.9734457981880662,0.9675101530771634,3201,1,0.005935645110902832,TP,65686,113,,,,3,1,fresh,20,650,0,0
uq_variance_seqdrift2::recurring_sud_sea100k_g09.csv::66499::67799,uq_variance_seqdrift2,recurring_sud_sea100k_g09.csv,66499,67799,1300,ecpf_detector_dual_seqdrift2,15,29,5,0.9100691775557264,0.9592621060722522,0.9269792467332821,1301,1,0.032282859338970016,FP,65686,2113,9.065382055666152e-05,0.6010498648196323,0.18112320881779012,0,0,reused,6,150,1,1
uq_variance_seqdrift2::recurring_sud_sea100k_g09.csv::67999::68999,uq_variance_seqdrift2,recurring_sud_sea100k_g09.csv,67999,68999,1000,ecpf_detector_dual_seqdrift2,15,30,5,0.929070929070929,0.9560439560439561,0.8941058941058941,1001,1,0.06193806193806195,FP,65686,3313,,,,0,0,reused,13,250,1,1
uq_variance_seqdrift2::recurring_sud_sea100k_g09.csv::69299::69399,uq_variance_seqdrift2,recurring_sud_sea100k_g09.csv,69299,69399,100,ecpf_detector_dual_seqdrift2,15,31,5,0.9603960396039604,0.9702970297029703,0.9702970297029703,101,1,0.0,FP,65686,3713,,,,2,1,reused,23,550,0,0
uq_variance_seqdrift2::recurring_sud_sea100k_g09.csv::69999::70799,uq_variance_seqdrift2,recurring_sud_sea100k_g09.csv,69999,70799,800,ecpf_detector_dual_seqdrift2,15,32,5,0.9338327091136079,0.9637952559300874,0.8876404494382022,801,1,0.07615480649188522,FP,65686,5113,8.88318221128222e-05,0.5470385366715524,0.15522036573663678,2,1,reused,8,150,0,0
uq_variance_seqdrift2::recurring_sud_sea100k_g09.csv::70999::76599,uq_variance_seqdrift2,recurring_sud_sea100k_g09.csv,70999,76599,5600,ecpf_detector_dual_seqdrift2,15,33,5,0.9401892519193001,0.9566148901981789,0.9650062488841278,5601,0,-0.008391358685948869,FP,83140,-6541,,,,1,1,fresh,4,150,0,1
uq_variance_seqdrift2::recurring_sud_sea100k_g09.csv::76799::77599,uq_variance_seqdrift2,recurring_sud_sea100k_g09.csv,76799,77599,800,ecpf_detector_dual_seqdrift2,33,34,5,0.9600499375780275,0.9600499375780275,0.9338327091136079,801,1,0.02621722846441954,FP,83140,-5541,,,,2,1,reused,11,450,0,0
uq_variance_seqdrift2::recurring_sud_sea100k_g09.csv::78099::79199,uq_variance_seqdrift2,recurring_sud_sea100k_g09.csv,78099,79199,1100,ecpf_detector_dual_seqdrift2,33,35,5,0.935513169845595,0.9600363306085377,0.9291553133514986,1101,1,0.030881017257039067,FP,83140,-3941,0.00016585110992864898,0.6381976595327636,0.1640604918164543,4,1,reused,4,450,0,0
uq_variance_seqdrift2::recurring_sud_sea100k_g09.csv::79699::80599,uq_variance_seqdrift2,recurring_sud_sea100k_g09.csv,79699,80599,900,ecpf_detector_dual_seqdrift2,33,36,5,0.9389567147613762,0.9600443951165372,0.9234184239733629,901,1,0.03662597114317423,FP,83140,-2541,0.00021920424487759777,0.5892392201163357,0.16674630075769578,0,0,reused,41,1550,1,1
uq_variance_seqdrift2::recurring_sud_sea100k_g09.csv::82199::82599,uq_variance_seqdrift2,recurring_sud_sea100k_g09.csv,82199,82599,400,ecpf_detector_dual_seqdrift2,33,37,5,0.9451371571072319,0.9526184538653366,0.9102244389027432,401,1,0.04239401496259343,FP,83140,-541,2.112210846971377e-05,0.7042290767753154,0.16635220501668177,0,0,reused,9,150,1,1
uq_variance_seqdrift2::recurring_sud_sea100k_g09.csv::82799::83199,uq_variance_seqdrift2,recurring_sud_sea100k_g09.csv,82799,83199,400,ecpf_detector_dual_seqdrift2,33,38,5,0.9451371571072319,0.9476309226932669,0.9351620947630923,401,1,0.012468827930174564,TP,83140,59,,,,2,1,reused,1,180,0,0
uq_variance_seqdrift2::recurring_sud_sea100k_g09.csv::83399::84399,uq_variance_seqdrift2,recurring_sud_sea100k_g09.csv,83399,84399,1000,ecpf_detector_dual_seqdrift2,19,39,5,0.9000999000999002,0.99000999000999,0.9590409590409591,1001,1,0.03096903096903092,FP,83140,1259,,,,0,0,reused,3,250,1,1
uq_variance_seqdrift2::recurring_sud_sea100k_g09.csv::84699::90999,uq_variance_seqdrift2,recurring_sud_sea100k_g09.csv,84699,90999,6300,ecpf_detector_dual_seqdrift2,19,40,5,0.8993810506268847,0.9809554039041422,0.9765116648151088,6301,1,0.004443739089033394,TP,90931,68,,,,3,1,fresh,1,163,0,0
uq_variance_seqdrift2::recurring_sud_sea100k_g09.csv::91199::94799,uq_variance_seqdrift2,recurring_sud_sea100k_g09.csv,91199,94799,3600,ecpf_detector_dual_seqdrift2,33,41,6,0.8692029991668981,0.9750069425159678,0.9380727575673424,3601,1,0.036934184948625326,FP,90931,3868,,,,4,1,reused,4,150,0,0
uq_vote_seqdrift2::recurring_sud_sea100k_g00.csv::699::3199,uq_vote_seqdrift2,recurring_sud_sea100k_g00.csv,699,3199,2500,ecpf_detector_dual_seqdrift2,0,1,2,0.9344262295081968,0.9344262295081968,0.9744102359056377,2501,0,-0.03998400639744093,FP,14476,-11277,-2.314580537281927e-05,0.4,0.14352159468438538,3,1,fresh,16,550,0,1
uq_vote_seqdrift2::recurring_sud_sea100k_g00.csv::3799::5999,uq_vote_seqdrift2,recurring_sud_sea100k_g00.csv,3799,5999,2200,ecpf_detector_dual_seqdrift2,1,2,3,0.9750113584734211,0.9750113584734211,0.9559291231258519,2201,1,0.019082235347569254,FP,14476,-8477,6.142290469894169e-05,0.4,0.17466666666666666,2,1,reused,12,250,0,0
uq_vote_seqdrift2::recurring_sud_sea100k_g00.csv::6299::6999,uq_vote_seqdrift2,recurring_sud_sea100k_g00.csv,6299,6999,700,ecpf_detector_dual_seqdrift2,2,3,3,0.9657631954350927,0.9657631954350927,0.948644793152639,701,1,0.01711840228245365,FP,14476,-7477,,,,1,1,fresh,2,150,0,0
uq_vote_seqdrift2::recurring_sud_sea100k_g00.csv::7199::11799,uq_vote_seqdrift2,recurring_sud_sea100k_g00.csv,7199,11799,4600,ecpf_detector_dual_seqdrift2,2,4,4,0.9369702238643773,0.9604433818735058,0.9663116713757879,4601,0,-0.005868289502282131,FP,14476,-2677,,,,1,1,fresh,3,350,0,1
uq_vote_seqdrift2::recurring_sud_sea100k_g00.csv::12199::12799,uq_vote_seqdrift2,recurring_sud_sea100k_g00.csv,12199,12799,600,ecpf_detector_dual_seqdrift2,2,5,4,0.940099833610649,0.9733777038269551,0.9450915141430949,601,1,0.028286189683860208,FP,14476,-1677,0.0006720672067205958,0.4,0.15999999999999998,2,1,reused,3,350,0,0
uq_vote_seqdrift2::recurring_sud_sea100k_g00.csv::13199::13199,uq_vote_seqdrift2,recurring_sud_sea100k_g00.csv,13199,13199,0,ecpf_detector_dual_seqdrift2,2,6,3,1.0,1.0,1.0,1,1,0.0,FP,14476,-1277,-0.0009180918091808598,0.4,0.15799999999999997,0,0,reused,22,250,1,1
uq_vote_seqdrift2::recurring_sud_sea100k_g00.csv::13499::13599,uq_vote_seqdrift2,recurring_sud_sea100k_g00.csv,13499,13599,100,ecpf_detector_dual_seqdrift2,2,7,3,0.9702970297029703,0.9702970297029703,0.900990099009901,101,1,0.06930693069306926,FP,14476,-877,,,,0,0,reused,26,550,1,1
uq_vote_seqdrift2::recurring_sud_sea100k_g00.csv::14199::14599,uq_vote_seqdrift2,recurring_sud_sea100k_g00.csv,14199,14599,400,ecpf_detector_dual_seqdrift2,2,8,3,0.9301745635910225,0.9301745635910225,0.9201995012468828,401,1,0.009975062344139696,TP,14476,123,3.306703407815541e-05,0.4,0.13466666666666666,4,1,reused,6,550,0,0
uq_vote_seqdrift2::recurring_sud_sea100k_g00.csv::15199::16799,uq_vote_seqdrift2,recurring_sud_sea100k_g00.csv,15199,16799,1600,ecpf_detector_dual_seqdrift2,2,9,3,0.9344159900062461,0.9344159900062461,0.9456589631480324,1601,0,-0.01124297314178635,FP,14476,2323,0.00024151379459771765,0.4,0.13599999999999998,1,1,fresh,9,350,0,1
uq_vote_seqdrift2::recurring_sud_sea100k_g00.csv::17199::18599,uq_vote_seqdrift2,recurring_sud_sea100k_g00.csv,17199,18599,1400,ecpf_detector_dual_seqdrift2,9,10,4,0.9557458957887224,0.9557458957887224,0.9414703783012134,1401,1,0.014275517487508993,FP,20300,-1701,0.0002844284428443507,0.4,0.14600000000000002,2,1,reused,3,350,0,0
uq_vote_seqdrift2::recurring_sud_sea100k_g00.csv::18999::20599,uq_vote_seqdrift2,recurring_sud_sea100k_g00.csv,18999,20599,1600,ecpf_detector_dual_seqdrift2,10,11,4,0.9631480324797002,0.9631480324797002,0.9544034978138664,1601,1,0.008744534665833803,TP,20300,299,0.0004032403240323693,0.4,0.136,1,1,fresh,4,250,0,0
uq_vote_seqdrift2::recurring_sud_sea100k_g00.csv::20899::21399,uq_vote_seqdrift2,recurring_sud_sea100k_g00.csv,20899,21399,500,ecpf_detector_dual_seqdrift2,2,12,5,0.9281437125748503,0.9620758483033932,0.93812375249501,501,1,0.0239520958083832,FP,20300,1099,,,,0,0,reused,22,250,1,1
uq_vote_seqdrift2::recurring_sud_sea100k_g00.csv::21699::23999,uq_vote_seqdrift2,recurring_sud_sea100k_g00.csv,21699,23999,2300,ecpf_detector_dual_seqdrift2,2,13,5,0.9661016949152542,0.9661016949152542,0.9713168187744459,2301,0,-0.0052151238591916504,FP,24709,-710,,,,2,1,reused,1,250,0,1
uq_vote_seqdrift2::recurring_sud_sea100k_g00.csv::24299::24999,uq_vote_seqdrift2,recurring_sud_sea100k_g00.csv,24299,24999,700,ecpf_detector_dual_seqdrift2,2,14,5,0.9600570613409415,0.9600570613409415,0.927246790299572,701,1,0.032810271041369465,TP,24709,290,,,,2,1,reused,1,173,0,0
uq_vote_seqdrift2::recurring_sud_sea100k_g00.csv::25199::25999,uq_vote_seqdrift2,recurring_sud_sea100k_g00.csv,25199,25999,800,ecpf_detector_dual_seqdrift2,10,15,5,0.920099875156055,0.9625468164794008,0.947565543071161,801,1,0.014981273408239737,FP,24709,1290,,,,2,1,reused,8,350,0,0
uq_vote_seqdrift2::recurring_sud_sea100k_g00.csv::26399::28199,uq_vote_seqdrift2,recurring_sud_sea100k_g00.csv,26399,28199,1800,ecpf_detector_dual_seqdrift2,15,16,5,0.9572459744586341,0.9572459744586341,0.9500277623542477,1801,1,0.0072182121043864456,FP,24709,3490,0.000724872487248697,0.4,0.144,1,1,fresh,2,250,0,0
uq_vote_seqdrift2::recurring_sud_sea100k_g00.csv::28499::30799,uq_vote_seqdrift2,recurring_sud_sea100k_g00.csv,28499,30799,2300,ecpf_detector_dual_seqdrift2,15,17,5,0.9261190786614515,0.9578444154715341,0.9487179487179487,2301,1,0.009126466753585416,FP,24709,6090,,,,1,1,fresh,4,150,0,0
uq_vote_seqdrift2::recurring_sud_sea100k_g00.csv::30999::32599,uq_vote_seqdrift2,recurring_sud_sea100k_g00.csv,30999,32599,1600,ecpf_detector_dual_seqdrift2,15,18,5,0.9425359150530919,0.962523422860712,0.9412866958151156,1601,1,0.021236727045596426,FP,24709,7890,,,,4,1,reused,2,450,0,0
uq_vote_seqdrift2::recurring_sud_sea100k_g00.csv::33099::39599,uq_vote_seqdrift2,recurring_sud_sea100k_g00.csv,33099,39599,6500,ecpf_detector_dual_seqdrift2,15,19,5,0.9284725426857406,0.9535456083679434,0.9513920935240732,6501,1,0.0021535148438702745,FP,40858,-1259,0.0004986124653115544,0.4,0.128,0,0,reused,1,150,1,1
uq_vote_seqdrift2::recurring_sud_sea100k_g00.csv::39799::40999,uq_vote_seqdrift2,recurring_sud_sea100k_g00.csv,39799,40999,1200,ecpf_detector_dual_seqdrift2,15,20,5,0.9342214820982515,0.9467110741049126,0.948376353039134,1201,0,-0.0016652789342214147,TP,40858,141,,,,1,1,fresh,6,150,0,1
uq_vote_seqdrift2::recurring_sud_sea100k_g00.csv::41199::56599,uq_vote_seqdrift2,recurring_sud_sea100k_g00.csv,41199,56599,15400,ecpf_detector_dual_seqdrift2,2,21,6,0.9289656515810661,0.9451334328939679,0.9230569443542627,15401,1,0.02207648853970523,TP,57376,-777,,,,1,1,fresh,3,150,0,0
uq_vote_seqdrift2::recurring_sud_sea100k_g00.csv::56799::56999,uq_vote_seqdrift2,recurring_sud_sea100k_g00.csv,56799,56999,200,ecpf_detector_dual_seqdrift2,15,22,7,0.9253731343283582,0.9502487562189055,0.7960199004975125,201,1,0.154228855721393,FP,57376,-377,,,,2,1,reused,26,750,0,0
uq_vote_seqdrift2::recurring_sud_sea100k_g00.csv::57799::60199,uq_vote_seqdrift2,recurring_sud_sea100k_g00.csv,57799,60199,2400,ecpf_detector_dual_seqdrift2,2,23,6,0.9704289879216993,0.9704289879216993,0.9308621407746772,2401,1,0.03956684714702208,FP,57376,2823,4.752370684914193e-05,0.4,0.13156146179401992,0,0,reused,10,250,1,1
uq_vote_seqdrift2::recurring_sud_sea100k_g00.csv::60499::60599,uq_vote_seqdrift2,recurring_sud_sea100k_g00.csv,60499,60599,100,ecpf_detector_dual_seqdrift2,2,24,6,1.0,1.0,0.9108910891089109,101,1,0.08910891089108908,FP,57376,3223,,,,2,1,reused,10,250,0,0
uq_vote_seqdrift2::recurring_sud_sea100k_g00.csv::60899::63399,uq_vote_seqdrift2,recurring_sud_sea100k_g00.csv,60899,63399,2500,ecpf_detector_dual_seqdrift2,2,25,6,0.9596161535385845,0.9596161535385845,0.9480207916833266,2501,1,0.01159536185525789,FP,65033,-1634,,,,0,0,reused,3,250,1,1
uq_vote_seqdrift2::recurring_sud_sea100k_g00.csv::63699::65199,uq_vote_seqdrift2,recurring_sud_sea100k_g00.csv,63699,65199,1500,ecpf_detector_dual_seqdrift2,2,26,5,0.9680213191205863,0.9680213191205863,0.9393737508327782,1501,1,0.028647568287808123,TP,65033,166,,,,1,1,fresh,2,150,0,0
uq_vote_seqdrift2::recurring_sud_sea100k_g00.csv::65399::66999,uq_vote_seqdrift2,recurring_sud_sea100k_g00.csv,65399,66999,1600,ecpf_detector_dual_seqdrift2,21,27,6,0.9512804497189257,0.9606495940037476,0.9350405996252342,1601,1,0.025608994378513383,FP,65033,1966,,,,6,1,reused,6,950,0,0
uq_vote_seqdrift2::recurring_sud_sea100k_g00.csv::67999::69999,uq_vote_seqdrift2,recurring_sud_sea100k_g00.csv,67999,69999,2000,ecpf_detector_dual_seqdrift2,21,28,6,0.9415292353823088,0.9610194902548725,0.9545227386306847,2001,1,0.006496751624187835,FP,71319,-1320,0.00014917163538755843,0.4,0.11627906976744186,0,0,reused,5,350,1,1
uq_vote_seqdrift2::recurring_sud_sea100k_g00.csv::70399::71599,uq_vote_seqdrift2,recurring_sud_sea100k_g00.csv,70399,71599,1200,ecpf_detector_dual_seqdrift2,21,29,6,0.93255620316403,0.9533721898417985,0.9475437135720233,1201,1,0.005828476269775229,TP,71319,280,-0.00011401140114015675,0.4,0.13799999999999998,1,1,fresh,2,150,0,0
uq_vote_seqdrift2::recurring_sud_sea100k_g00.csv::71799::76399,uq_vote_seqdrift2,recurring_sud_sea100k_g00.csv,71799,76399,4600,ecpf_detector_dual_seqdrift2,2,30,6,0.9708758965442296,0.9708758965442296,0.9789176266029124,4601,0,-0.008041730058682806,FP,71319,5080,,,,1,1,fresh,2,350,0,1
uq_vote_seqdrift2::recurring_sud_sea100k_g00.csv::76799::82799,uq_vote_seqdrift2,recurring_sud_sea100k_g00.csv,76799,82799,6000,ecpf_detector_dual_seqdrift2,2,31,6,0.9626728878520247,0.9626728878520247,0.9620063322779536,6001,1,0.0006665555740710261,FP,87385,-4586,7.200720072016915e-05,0.4,0.192,3,1,fresh,1,277,0,0
uq_vote_seqdrift2::recurring_sud_sea100k_g00.csv::83099::85799,uq_vote_seqdrift2,recurring_sud_sea100k_g00.csv,83099,85799,2700,ecpf_detector_dual_seqdrift2,2,32,6,0.9637171417993335,0.9637171417993335,0.9759348389485376,2701,0,-0.012217697149204065,FP,87385,-1586,,,,0,0,reused,2,150,1,0
uq_vote_seqdrift2::recurring_sud_sea100k_g00.csv::85999::87599,uq_vote_seqdrift2,recurring_sud_sea100k_g00.csv,85999,87599,1600,ecpf_detector_dual_seqdrift2,2,33,6,0.9569019362898189,0.9569019362898189,0.9556527170518426,1601,1,0.0012492192379762734,TP,87385,214,,,,4,1,reused,13,950,0,0
uq_vote_seqdrift2::recurring_sud_sea100k_g00.csv::88599::88999,uq_vote_seqdrift2,recurring_sud_sea100k_g00.csv,88599,88999,400,ecpf_detector_dual_seqdrift2,15,34,6,0.9351620947630923,0.9650872817955112,0.8678304239401496,401,1,0.09725685785536153,FP,87385,1614,0.00015938043167364446,0.4,0.13156146179401992,0,0,reused,24,350,1,1
uq_vote_seqdrift2::recurring_sud_sea100k_g00.csv::89399::90599,uq_vote_seqdrift2,recurring_sud_sea100k_g00.csv,89399,90599,1200,ecpf_detector_dual_seqdrift2,21,35,5,0.9250624479600333,0.9567027477102414,0.9050791007493755,1201,1,0.051623646960865965,FP,93064,-2465,-0.0006672667266720162,0.4,0.132,0,0,reused,23,750,1,1
uq_vote_seqdrift2::recurring_sud_sea100k_g00.csv::91399::93199,uq_vote_seqdrift2,recurring_sud_sea100k_g00.csv,91399,93199,1800,ecpf_detector_dual_seqdrift2,21,36,5,0.9267073847862298,0.9544697390338701,0.9544697390338701,1801,1,0.0,TP,93064,135,-1.4081098325402942e-06,0.4,0.1388704318936877,1,1,fresh,5,450,0,0
uq_vote_seqdrift2::recurring_sud_sea100k_g00.csv::93699::94199,uq_vote_seqdrift2,recurring_sud_sea100k_g00.csv,93699,94199,500,ecpf_detector_dual_seqdrift2,2,37,6,0.8602794411177644,0.9560878243512974,0.9620758483033932,501,0,-0.005988023952095856,FP,93064,1135,0.00020265506637668184,0.4,0.13899999999999998,0,0,reused,10,450,1,0
uq_vote_seqdrift2::recurring_sud_sea100k_g00.csv::94699::94999,uq_vote_seqdrift2,recurring_sud_sea100k_g00.csv,94699,94999,300,ecpf_detector_dual_seqdrift2,2,38,6,0.9634551495016611,0.9634551495016611,0.9169435215946844,301,1,0.046511627906976716,FP,93064,1935,0.0001014025350633076,0.4,0.152,0,0,reused,13,250,1,1
uq_vote_seqdrift2::recurring_sud_sea100k_g00.csv::95299::98199,uq_vote_seqdrift2,recurring_sud_sea100k_g00.csv,95299,98199,2900,ecpf_detector_dual_seqdrift2,2,39,6,0.9638055842812823,0.9638055842812823,0.96794208893485,2901,0,-0.004136504653567741,FP,93064,5135,,,,3,1,fresh,12,1250,0,1
uq_vote_seqdrift2::recurring_sud_sea100k_g00.csv::99499::99599,uq_vote_seqdrift2,recurring_sud_sea100k_g00.csv,99499,99599,100,ecpf_detector_dual_seqdrift2,2,40,6,0.9603960396039604,0.9603960396039604,0.7920792079207921,101,1,0.16831683168316824,FP,93064,6535,0.00020364788453498998,0.4,0.15946843853820597,0,0,reused,26,350,1,1
uq_vote_seqdrift2::recurring_sud_sea100k_g01.csv::599::1999,uq_vote_seqdrift2,recurring_sud_sea100k_g01.csv,599,1999,1400,ecpf_detector_dual_seqdrift2,0,1,2,0.9379014989293362,0.9379014989293362,0.9514632405424697,1401,0,-0.013561741613133504,FP,4631,-2632,8.818287826450475e-05,0.4,0.14086378737541527,1,1,fresh,5,450,0,1
uq_vote_seqdrift2::recurring_sud_sea100k_g01.csv::2499::4399,uq_vote_seqdrift2,recurring_sud_sea100k_g01.csv,2499,4399,1900,ecpf_detector_dual_seqdrift2,1,2,3,0.9726459758022094,0.9726459758022094,0.9605470804839558,1901,1,0.012098895318253589,FP,4631,-232,0.0002776569414235381,0.4,0.13099999999999998,1,1,fresh,6,350,0,0
uq_vote_seqdrift2::recurring_sud_sea100k_g01.csv::4799::4799,uq_vote_seqdrift2,recurring_sud_sea100k_g01.csv,4799,4799,0,ecpf_detector_dual_seqdrift2,1,3,2,1.0,1.0,1.0,1,1,0.0,FP,4631,168,0.0002628262826282748,0.4,0.15399999999999997,3,1,fresh,0,850,0,0
uq_vote_seqdrift2::recurring_sud_sea100k_g01.csv::5699::14399,uq_vote_seqdrift2,recurring_sud_sea100k_g01.csv,5699,14399,8700,ecpf_detector_dual_seqdrift2,3,4,3,0.9417308355361452,0.9417308355361452,0.9629927594529365,8701,0,-0.02126192391679127,TP,13318,1081,0.0001565642120085371,0.4,0.16810631229235878,4,1,reused,23,1950,0,1
uq_vote_seqdrift2::recurring_sud_sea100k_g01.csv::16399::21199,uq_vote_seqdrift2,recurring_sud_sea100k_g01.csv,16399,21199,4800,ecpf_detector_dual_seqdrift2,1,5,3,0.9710476983961674,0.9710476983961674,0.9812539054363674,4801,0,-0.010206207040199922,FP,28724,-7525,0.00020347187080592177,0.4,0.13488372093023254,1,1,fresh,5,250,0,1
uq_vote_seqdrift2::recurring_sud_sea100k_g01.csv::21499::25599,uq_vote_seqdrift2,recurring_sud_sea100k_g01.csv,21499,25599,4100,ecpf_detector_dual_seqdrift2,1,6,3,0.972201901975128,0.972201901975128,0.9817117776152158,4101,0,-0.009509875640087762,FP,28724,-3125,,,,1,1,fresh,1,150,0,1
uq_vote_seqdrift2::recurring_sud_sea100k_g01.csv::25799::26599,uq_vote_seqdrift2,recurring_sud_sea100k_g01.csv,25799,26599,800,ecpf_detector_dual_seqdrift2,6,7,3,0.9762796504369539,0.9762796504369539,0.968789013732834,801,1,0.0074906367041198685,FP,28724,-2125,,,,0,0,reused,17,350,1,1
uq_vote_seqdrift2::recurring_sud_sea100k_g01.csv::26999::28999,uq_vote_seqdrift2,recurring_sud_sea100k_g01.csv,26999,28999,2000,ecpf_detector_dual_seqdrift2,6,8,3,0.9175412293853074,0.9715142428785607,0.9510244877561219,2001,1,0.02048975512243878,TP,28724,275,0.0005196519651963702,0.4,0.154,1,1,fresh,2,150,0,0
uq_vote_seqdrift2::recurring_sud_sea100k_g01.csv::29199::30799,uq_vote_seqdrift2,recurring_sud_sea100k_g01.csv,29199,30799,1600,ecpf_detector_dual_seqdrift2,3,9,4,0.9038101186758276,0.9562773266708308,0.9725171767645222,1601,0,-0.016239850093691444,FP,28724,2075,,,,1,1,fresh,8,250,0,1
uq_vote_seqdrift2::recurring_sud_sea100k_g01.csv::31099::31399,uq_vote_seqdrift2,recurring_sud_sea100k_g01.csv,31099,31399,300,ecpf_detector_dual_seqdrift2,9,10,4,0.9601328903654485,0.9601328903654485,0.946843853820598,301,1,0.013289036544850474,FP,28724,2675,,,,2,1,reused,17,350,0,0
uq_vote_seqdrift2::recurring_sud_sea100k_g01.csv::31799::32199,uq_vote_seqdrift2,recurring_sud_sea100k_g01.csv,31799,32199,400,ecpf_detector_dual_seqdrift2,9,11,4,0.8977556109725686,0.9451371571072319,0.9376558603491272,401,1,0.007481296758104716,FP,28724,3475,0.00013321332133221282,0.4,0.154,0,0,reused,20,350,1,1
uq_vote_seqdrift2::recurring_sud_sea100k_g01.csv::32599::33399,uq_vote_seqdrift2,recurring_sud_sea100k_g01.csv,32599,33399,800,ecpf_detector_dual_seqdrift2,9,12,4,0.9001248439450686,0.9500624219725343,0.9250936329588015,801,1,0.024968789013732784,FP,28724,4675,0.0004320432043203654,0.4,0.176,2,1,reused,14,350,0,0
uq_vote_seqdrift2::recurring_sud_sea100k_g01.csv::33799::45399,uq_vote_seqdrift2,recurring_sud_sea100k_g01.csv,33799,45399,11600,ecpf_detector_dual_seqdrift2,9,13,4,0.8992328247564865,0.951900698215671,0.9591414533229894,11601,0,-0.007240755107318364,TP,45219,180,-0.0003708370837084633,0.4,0.158,1,1,fresh,6,150,0,1
uq_vote_seqdrift2::recurring_sud_sea100k_g01.csv::45599::46599,uq_vote_seqdrift2,recurring_sud_sea100k_g01.csv,45599,46599,1000,ecpf_detector_dual_seqdrift2,6,14,4,0.978021978021978,0.978021978021978,0.983016983016983,1001,0,-0.004995004995005048,FP,45219,1380,,,,0,0,reused,4,250,1,0
uq_vote_seqdrift2::recurring_sud_sea100k_g01.csv::46899::47999,uq_vote_seqdrift2,recurring_sud_sea100k_g01.csv,46899,47999,1100,ecpf_detector_dual_seqdrift2,6,15,4,0.9727520435967303,0.9727520435967303,0.9582198001816531,1101,1,0.014532243415077195,FP,45219,2780,,,,0,0,reused,14,450,1,1
uq_vote_seqdrift2::recurring_sud_sea100k_g01.csv::48499::51799,uq_vote_seqdrift2,recurring_sud_sea100k_g01.csv,48499,51799,3300,ecpf_detector_dual_seqdrift2,6,16,4,0.9763707967282642,0.9763707967282642,0.9436534383520145,3301,1,0.03271735837624967,TP,51577,222,0.0003478586964673957,0.4,0.143,0,0,reused,7,850,1,1
uq_vote_seqdrift2::recurring_sud_sea100k_g01.csv::52699::53199,uq_vote_seqdrift2,recurring_sud_sea100k_g01.csv,52699,53199,500,ecpf_detector_dual_seqdrift2,9,17,4,0.8942115768463074,0.9441117764471058,0.9580838323353293,501,0,-0.013972055888223589,FP,51577,1622,0.00012426569272404068,0.4,0.16212624584717608,0,0,reused,6,750,1,0
uq_vote_seqdrift2::recurring_sud_sea100k_g01.csv::53999::62599,uq_vote_seqdrift2,recurring_sud_sea100k_g01.csv,53999,62599,8600,ecpf_detector_dual_seqdrift2,9,18,4,0.90408092082316,0.9526799209394257,0.9879083827461923,8601,0,-0.03522846180676664,FP,71295,-8696,0.00014793953928405747,0.4,0.15415282392026577,1,1,fresh,4,250,0,1
uq_vote_seqdrift2::recurring_sud_sea100k_g01.csv::62899::65599,uq_vote_seqdrift2,recurring_sud_sea100k_g01.csv,62899,65599,2700,ecpf_detector_dual_seqdrift2,18,19,4,0.9848204368752314,0.9848204368752314,0.9637171417993335,2701,1,0.02110329507589781,FP,71295,-5696,,,,0,0,reused,6,250,1,1
uq_vote_seqdrift2::recurring_sud_sea100k_g01.csv::65899::67599,uq_vote_seqdrift2,recurring_sud_sea100k_g01.csv,65899,67599,1700,ecpf_detector_dual_seqdrift2,18,20,4,0.8982951205173427,0.9829512051734274,0.969429747207525,1701,1,0.013521457965902428,FP,71295,-3696,,,,0,0,reused,10,450,1,1
uq_vote_seqdrift2::recurring_sud_sea100k_g01.csv::68099::71399,uq_vote_seqdrift2,recurring_sud_sea100k_g01.csv,68099,71399,3300,ecpf_detector_dual_seqdrift2,18,21,4,0.900636170857316,0.985458951832778,0.9718267191760073,3301,1,0.013632232656770715,TP,71295,104,0.00018795469886746932,0.4,0.16899999999999998,1,1,fresh,1,150,0,0
uq_vote_seqdrift2::recurring_sud_sea100k_g01.csv::71599::71999,uq_vote_seqdrift2,recurring_sud_sea100k_g01.csv,71599,71999,400,ecpf_detector_dual_seqdrift2,6,22,4,0.9675810473815462,0.9675810473815462,0.9551122194513716,401,1,0.012468827930174564,FP,71295,704,,,,0,0,reused,11,350,1,1
uq_vote_seqdrift2::recurring_sud_sea100k_g01.csv::72399::72599,uq_vote_seqdrift2,recurring_sud_sea100k_g01.csv,72399,72599,200,ecpf_detector_dual_seqdrift2,22,23,3,0.9651741293532339,0.9651741293532339,0.8756218905472637,201,1,0.08955223880597019,FP,71295,1304,-0.0006252625262525627,0.4,0.158,0,0,reused,15,250,1,1
uq_vote_seqdrift2::recurring_sud_sea100k_g01.csv::72899::72999,uq_vote_seqdrift2,recurring_sud_sea100k_g01.csv,72899,72999,100,ecpf_detector_dual_seqdrift2,23,24,3,0.9603960396039604,0.9603960396039604,0.900990099009901,101,1,0.05940594059405935,FP,71295,1704,,,,0,0,reused,11,250,1,1
uq_vote_seqdrift2::recurring_sud_sea100k_g01.csv::73299::76599,uq_vote_seqdrift2,recurring_sud_sea100k_g01.csv,73299,76599,3300,ecpf_detector_dual_seqdrift2,23,25,3,0.9145713420175704,0.9721296576794911,0.9388064222962739,3301,1,0.03332323538321724,FP,71295,5304,,,,2,1,reused,0,350,0,0
uq_vote_seqdrift2::recurring_sud_sea100k_g01.csv::76999::77599,uq_vote_seqdrift2,recurring_sud_sea100k_g01.csv,76999,77599,600,ecpf_detector_dual_seqdrift2,23,26,3,0.9317803660565723,0.961730449251248,0.8851913477537438,601,1,0.0765391014975042,FP,82873,-5274,-0.00016681668166807986,0.4,0.162,3,1,fresh,1,184,0,0
uq_vote_seqdrift2::recurring_sud_sea100k_g01.csv::77799::83399,uq_vote_seqdrift2,recurring_sud_sea100k_g01.csv,77799,83399,5600,ecpf_detector_dual_seqdrift2,23,27,4,0.943045884663453,0.9584002856632744,0.9617925370469559,5601,0,-0.0033922513836814883,TP,82873,526,,,,1,1,fresh,4,250,0,1
uq_vote_seqdrift2::recurring_sud_sea100k_g01.csv::83699::84599,uq_vote_seqdrift2,recurring_sud_sea100k_g01.csv,83699,84599,900,ecpf_detector_dual_seqdrift2,18,28,5,0.9156492785793563,0.9866814650388457,0.97669256381798,901,1,0.009988901220865709,FP,82873,1726,,,,0,0,reused,7,250,1,1
uq_vote_seqdrift2::recurring_sud_sea100k_g01.csv::84899::89199,uq_vote_seqdrift2,recurring_sud_sea100k_g01.csv,84899,89199,4300,ecpf_detector_dual_seqdrift2,28,29,4,0.981864682631946,0.981864682631946,0.9621018367821437,4301,1,0.01976284584980237,FP,92933,-3734,,,,2,1,reused,2,150,0,0
uq_vote_seqdrift2::recurring_sud_sea100k_g01.csv::89399::90599,uq_vote_seqdrift2,recurring_sud_sea100k_g01.csv,89399,90599,1200,ecpf_detector_dual_seqdrift2,28,30,4,0.8892589508742714,0.9791840133222315,0.9267277268942548,1201,1,0.05245628642797673,FP,92933,-2334,,,,0,0,reused,10,150,1,1
uq_vote_seqdrift2::recurring_sud_sea100k_g01.csv::90799::91399,uq_vote_seqdrift2,recurring_sud_sea100k_g01.csv,90799,91399,600,ecpf_detector_dual_seqdrift2,28,31,4,0.8885191347753744,0.978369384359401,0.8901830282861897,601,1,0.08818635607321135,FP,92933,-1534,,,,0,0,reused,17,350,1,1
uq_vote_seqdrift2::recurring_sud_sea100k_g01.csv::91799::93199,uq_vote_seqdrift2,recurring_sud_sea100k_g01.csv,91799,93199,1400,ecpf_detector_dual_seqdrift2,28,32,4,0.8986438258386866,0.9671663097787295,0.9400428265524625,1401,1,0.02712348322626701,TP,92933,266,-0.00035763576357633674,0.4,0.17199999999999996,3,1,fresh,6,250,0,0
uq_vote_seqdrift2::recurring_sud_sea100k_g01.csv::93499::94999,uq_vote_seqdrift2,recurring_sud_sea100k_g01.csv,93499,94999,1500,ecpf_detector_dual_seqdrift2,23,33,5,0.938707528314457,0.966688874083944,0.9573617588274483,1501,1,0.009327115256495655,FP,92933,2066,,,,2,1,reused,2,350,0,0
uq_vote_seqdrift2::recurring_sud_sea100k_g01.csv::95399::97799,uq_vote_seqdrift2,recurring_sud_sea100k_g01.csv,95399,97799,2400,ecpf_detector_dual_seqdrift2,23,34,5,0.9695960016659725,0.9695960016659725,0.9575177009579342,2401,1,0.012078300708038281,FP,92933,4866,0.00038283828382854566,0.4,0.16599999999999998,2,1,reused,1,158,0,0
uq_vote_seqdrift2::recurring_sud_sea100k_g01.csv::97999::98999,uq_vote_seqdrift2,recurring_sud_sea100k_g01.csv,97999,98999,1000,ecpf_detector_dual_seqdrift2,23,35,5,0.968031968031968,0.968031968031968,0.9600399600399601,1001,1,0.007992007992007943,FP,92933,6066,,,,0,0,reused,21,450,1,1
uq_vote_seqdrift2::recurring_sud_sea100k_g01.csv::99499::99599,uq_vote_seqdrift2,recurring_sud_sea100k_g01.csv,99499,99599,100,ecpf_detector_dual_seqdrift2,23,36,5,1.0,1.0,0.9306930693069307,101,1,0.06930693069306926,FP,92933,6666,0.000220955523888224,0.4,0.13699999999999998,0,0,reused,11,250,1,1
uq_vote_seqdrift2::recurring_sud_sea100k_g02.csv::499::799,uq_vote_seqdrift2,recurring_sud_sea100k_g02.csv,499,799,300,ecpf_detector_dual_seqdrift2,0,1,2,0.8870431893687708,0.8870431893687708,0.9335548172757475,301,0,-0.046511627906976716,FP,10693,-9894,3.00892232135913e-05,0.4,0.14333333333333334,4,1,reused,6,850,0,1
uq_vote_seqdrift2::recurring_sud_sea100k_g02.csv::1699::2799,uq_vote_seqdrift2,recurring_sud_sea100k_g02.csv,1699,2799,1100,ecpf_detector_dual_seqdrift2,1,2,3,0.9309718437783833,0.9309718437783833,0.9663941871026339,1101,0,-0.03542234332425065,FP,10693,-7894,0.0001584123561637813,0.4,0.11495016611295679,1,1,fresh,7,550,0,1
uq_vote_seqdrift2::recurring_sud_sea100k_g02.csv::3399::10999,uq_vote_seqdrift2,recurring_sud_sea100k_g02.csv,3399,10999,7600,ecpf_detector_dual_seqdrift2,2,3,3,0.941455071701092,0.941455071701092,0.9511906328114722,7601,0,-0.009735561110380209,TP,10693,306,9.840109334548189e-05,0.4,0.128,1,1,fresh,4,350,0,1
uq_vote_seqdrift2::recurring_sud_sea100k_g02.csv::11399::15999,uq_vote_seqdrift2,recurring_sud_sea100k_g02.csv,11399,15999,4600,ecpf_detector_dual_seqdrift2,3,4,4,0.8919800043468811,0.8919800043468811,0.9595740056509454,4601,0,-0.06759400130406434,FP,10693,5306,0.0011161116111613634,0.4,0.132,1,1,fresh,19,250,0,1
uq_vote_seqdrift2::recurring_sud_sea100k_g02.csv::16299::16599,uq_vote_seqdrift2,recurring_sud_sea100k_g02.csv,16299,16599,300,ecpf_detector_dual_seqdrift2,4,5,5,0.9568106312292359,0.9568106312292359,0.9003322259136213,301,1,0.056478405315614655,FP,10693,5906,,,,3,1,fresh,2,650,0,0
uq_vote_seqdrift2::recurring_sud_sea100k_g02.csv::17299::23599,uq_vote_seqdrift2,recurring_sud_sea100k_g02.csv,17299,23599,6300,ecpf_detector_dual_seqdrift2,5,6,6,0.9642913823202667,0.9642913823202667,0.9663545468973179,6301,0,-0.0020631645770512463,TP,23213,386,0.00010798442278498175,0.4,0.1395348837209302,2,1,reused,5,650,0,1
uq_vote_seqdrift2::recurring_sud_sea100k_g02.csv::24299::30399,uq_vote_seqdrift2,recurring_sud_sea100k_g02.csv,24299,30399,6100,ecpf_detector_dual_seqdrift2,3,7,6,0.88067529913129,0.9482052122602852,0.9545976069496804,6101,0,-0.006392394689395231,FP,36092,-5693,0.00032280917911597283,0.4,0.132890365448505,1,1,fresh,6,450,0,1
uq_vote_seqdrift2::recurring_sud_sea100k_g02.csv::30899::36399,uq_vote_seqdrift2,recurring_sud_sea100k_g02.csv,30899,36399,5500,ecpf_detector_dual_seqdrift2,7,8,5,0.952554081076168,0.952554081076168,0.949100163606617,5501,1,0.0034539174695510377,TP,36092,307,8.970224255606893e-05,0.4,0.12399999999999999,1,1,fresh,3,150,0,0
uq_vote_seqdrift2::recurring_sud_sea100k_g02.csv::36599::38199,uq_vote_seqdrift2,recurring_sud_sea100k_g02.csv,36599,38199,1600,ecpf_detector_dual_seqdrift2,5,9,5,0.8126171143035603,0.9537788881948782,0.9643972517176764,1601,0,-0.010618363522798213,FP,36092,2107,,,,0,0,reused,3,150,1,0
uq_vote_seqdrift2::recurring_sud_sea100k_g02.csv::38399::39799,uq_vote_seqdrift2,recurring_sud_sea100k_g02.csv,38399,39799,1400,ecpf_detector_dual_seqdrift2,9,10,5,0.9514632405424697,0.9514632405424697,0.9700214132762313,1401,0,-0.01855817273376159,FP,36092,3707,,,,3,1,fresh,1,795,0,1
uq_vote_seqdrift2::recurring_sud_sea100k_g02.csv::40599::42399,uq_vote_seqdrift2,recurring_sud_sea100k_g02.csv,40599,42399,1800,ecpf_detector_dual_seqdrift2,9,11,6,0.9578012215435869,0.9583564686285397,0.9650194336479734,1801,0,-0.006662965019433642,FP,36092,6307,5.535631779278114e-05,0.4,0.13621262458471758,2,1,reused,6,250,0,1
uq_vote_seqdrift2::recurring_sud_sea100k_g02.csv::42699::42799,uq_vote_seqdrift2,recurring_sud_sea100k_g02.csv,42699,42799,100,ecpf_detector_dual_seqdrift2,9,12,7,0.8811881188118812,0.9900990099009901,0.9405940594059405,101,1,0.04950495049504955,FP,36092,6707,,,,0,0,reused,30,550,1,1
uq_vote_seqdrift2::recurring_sud_sea100k_g02.csv::43399::43399,uq_vote_seqdrift2,recurring_sud_sea100k_g02.csv,43399,43399,0,ecpf_detector_dual_seqdrift2,9,13,5,0.0,1.0,1.0,1,1,0.0,FP,36092,7307,5.9111767908530014e-05,0.4,0.14133333333333334,0,0,reused,30,450,1,1
uq_vote_seqdrift2::recurring_sud_sea100k_g02.csv::43899::43999,uq_vote_seqdrift2,recurring_sud_sea100k_g02.csv,43899,43999,100,ecpf_detector_dual_seqdrift2,9,14,4,0.8910891089108911,0.9702970297029703,0.9207920792079208,101,1,0.04950495049504944,FP,51587,-7588,0.0004786619665491657,0.4,0.147,0,0,reused,18,550,1,1
uq_vote_seqdrift2::recurring_sud_sea100k_g02.csv::44599::46399,uq_vote_seqdrift2,recurring_sud_sea100k_g02.csv,44599,46399,1800,ecpf_detector_dual_seqdrift2,9,15,4,0.8945030538589672,0.960577456968351,0.9700166574125486,1801,0,-0.00943920044419766,FP,51587,-5188,0.00014724608051200187,0.4,0.14733333333333332,1,1,fresh,13,550,0,1
uq_vote_seqdrift2::recurring_sud_sea100k_g02.csv::46999::48799,uq_vote_seqdrift2,recurring_sud_sea100k_g02.csv,46999,48799,1800,ecpf_detector_dual_seqdrift2,15,16,5,0.9683509161576902,0.9683509161576902,0.9627984453081622,1801,1,0.005552470849528035,FP,51587,-2788,0.00012689029878110234,0.4,0.13666666666666663,4,1,reused,9,750,0,0
uq_vote_seqdrift2::recurring_sud_sea100k_g02.csv::49599::50199,uq_vote_seqdrift2,recurring_sud_sea100k_g02.csv,49599,50199,600,ecpf_detector_dual_seqdrift2,15,17,5,0.8652246256239601,0.961730449251248,0.9267886855241264,601,1,0.034941763727121544,FP,51587,-1388,6.389298365271953e-05,0.4,0.13488372093023254,2,1,reused,9,450,0,0
uq_vote_seqdrift2::recurring_sud_sea100k_g02.csv::50699::51799,uq_vote_seqdrift2,recurring_sud_sea100k_g02.csv,50699,51799,1100,ecpf_detector_dual_seqdrift2,15,18,5,0.8973660308810173,0.96094459582198,0.9409627611262489,1101,1,0.019981834695731115,TP,51587,212,0.00014565364134104674,0.4,0.127,2,1,reused,2,250,0,0
uq_vote_seqdrift2::recurring_sud_sea100k_g02.csv::52099::54999,uq_vote_seqdrift2,recurring_sud_sea100k_g02.csv,52099,54999,2900,ecpf_detector_dual_seqdrift2,7,19,5,0.959324370906584,0.959324370906584,0.9382971389176146,2901,1,0.021027231988969386,FP,51587,3412,,,,0,0,reused,1,150,1,1
uq_vote_seqdrift2::recurring_sud_sea100k_g02.csv::55199::55599,uq_vote_seqdrift2,recurring_sud_sea100k_g02.csv,55199,55599,400,ecpf_detector_dual_seqdrift2,7,20,5,0.9576059850374065,0.9576059850374065,0.9301745635910225,401,1,0.027431421446383997,FP,51587,4012,,,,6,1,reused,3,350,0,0
uq_vote_seqdrift2::recurring_sud_sea100k_g02.csv::55999::55999,uq_vote_seqdrift2,recurring_sud_sea100k_g02.csv,55999,55999,0,ecpf_detector_dual_seqdrift2,7,21,5,1.0,1.0,1.0,1,1,0.0,FP,51587,4412,-0.0003480348034803886,0.4,0.14,0,0,reused,26,550,1,1
uq_vote_seqdrift2::recurring_sud_sea100k_g02.csv::56599::61199,uq_vote_seqdrift2,recurring_sud_sea100k_g02.csv,56599,61199,4600,ecpf_detector_dual_seqdrift2,7,22,5,0.9580525972614649,0.9580525972614649,0.9589219734840252,4601,0,-0.0008693762225603363,FP,69710,-8511,0.00021613573484149327,0.4,0.12199999999999998,0,0,reused,2,150,1,0
uq_vote_seqdrift2::recurring_sud_sea100k_g02.csv::61399::62399,uq_vote_seqdrift2,recurring_sud_sea100k_g02.csv,61399,62399,1000,ecpf_detector_dual_seqdrift2,7,23,5,0.958041958041958,0.958041958041958,0.9040959040959041,1001,1,0.053946053946053896,FP,69710,-7311,,,,0,0,reused,5,350,1,1
uq_vote_seqdrift2::recurring_sud_sea100k_g02.csv::62799::62799,uq_vote_seqdrift2,recurring_sud_sea100k_g02.csv,62799,62799,0,ecpf_detector_dual_seqdrift2,7,24,5,1.0,1.0,1.0,1,1,0.0,FP,69710,-6911,-0.00011281128112808495,0.4,0.156,0,0,reused,16,150,1,1
uq_vote_seqdrift2::recurring_sud_sea100k_g02.csv::62999::64199,uq_vote_seqdrift2,recurring_sud_sea100k_g02.csv,62999,64199,1200,ecpf_detector_dual_seqdrift2,7,25,5,0.9608659450457951,0.9608659450457951,0.9500416319733556,1201,1,0.010824313072439584,FP,69710,-5511,,,,2,1,reused,3,250,0,0
uq_vote_seqdrift2::recurring_sud_sea100k_g02.csv::64499::68399,uq_vote_seqdrift2,recurring_sud_sea100k_g02.csv,64499,68399,3900,ecpf_detector_dual_seqdrift2,7,26,4,0.957959497564727,0.957959497564727,0.9653934888490131,3901,0,-0.007433991284286123,FP,69710,-1311,,,,2,1,reused,1,150,0,1
uq_vote_seqdrift2::recurring_sud_sea100k_g02.csv::68599::69999,uq_vote_seqdrift2,recurring_sud_sea100k_g02.csv,68599,69999,1400,ecpf_detector_dual_seqdrift2,26,27,4,0.9593147751605996,0.9593147751605996,0.9029264810849393,1401,1,0.05638829407566026,TP,69710,289,,,,2,1,reused,3,350,0,0
uq_vote_seqdrift2::recurring_sud_sea100k_g02.csv::70399::71199,uq_vote_seqdrift2,recurring_sud_sea100k_g02.csv,70399,71199,800,ecpf_detector_dual_seqdrift2,15,28,4,0.951310861423221,0.9737827715355806,0.9438202247191011,801,1,0.029962546816479474,FP,69710,1489,-0.0005460546054604638,0.4,0.142,0,0,reused,11,550,1,1
uq_vote_seqdrift2::recurring_sud_sea100k_g02.csv::71799::73399,uq_vote_seqdrift2,recurring_sud_sea100k_g02.csv,71799,73399,1600,ecpf_detector_dual_seqdrift2,15,29,4,0.957526545908807,0.962523422860712,0.9718925671455341,1601,0,-0.00936914428482205,FP,75621,-2222,0.00015213502372250036,0.4,0.142,1,1,fresh,1,150,0,1
uq_vote_seqdrift2::recurring_sud_sea100k_g02.csv::73599::74199,uq_vote_seqdrift2,recurring_sud_sea100k_g02.csv,73599,74199,600,ecpf_detector_dual_seqdrift2,9,30,4,0.956738768718802,0.9633943427620633,0.9683860232945092,601,0,-0.004991680532445919,FP,75621,-1422,,,,2,1,reused,9,250,0,1
uq_vote_seqdrift2::recurring_sud_sea100k_g02.csv::74499::75199,uq_vote_seqdrift2,recurring_sud_sea100k_g02.csv,74499,75199,700,ecpf_detector_dual_seqdrift2,9,31,4,0.9657631954350927,0.9657631954350927,0.9671897289586305,701,0,-0.0014265335235378318,FP,75621,-422,,,,4,1,reused,2,1450,0,1
uq_vote_seqdrift2::recurring_sud_sea100k_g02.csv::76699::77799,uq_vote_seqdrift2,recurring_sud_sea100k_g02.csv,76699,77799,1100,ecpf_detector_dual_seqdrift2,26,32,4,0.9473206176203451,0.9727520435967303,0.9591280653950953,1101,1,0.013623978201634968,FP,75621,2178,0.00024545114518932095,0.4,0.13089700996677742,2,1,reused,4,150,0,0
uq_vote_seqdrift2::recurring_sud_sea100k_g02.csv::77999::79999,uq_vote_seqdrift2,recurring_sud_sea100k_g02.csv,77999,79999,2000,ecpf_detector_dual_seqdrift2,26,33,4,0.9375312343828086,0.9610194902548725,0.9535232383808095,2001,1,0.007496251874062998,FP,82515,-2516,,,,0,0,reused,6,450,1,1
uq_vote_seqdrift2::recurring_sud_sea100k_g02.csv::80499::81799,uq_vote_seqdrift2,recurring_sud_sea100k_g02.csv,80499,81799,1300,ecpf_detector_dual_seqdrift2,26,34,4,0.9254419677171407,0.9738662567255957,0.9515757109915449,1301,1,0.02229054573405076,FP,82515,-716,-1.4100352508699133e-05,0.4,0.11999999999999998,0,0,reused,7,250,1,1
uq_vote_seqdrift2::recurring_sud_sea100k_g02.csv::82099::82799,uq_vote_seqdrift2,recurring_sud_sea100k_g02.csv,82099,82799,700,ecpf_detector_dual_seqdrift2,26,35,4,0.9229671897289586,0.9415121255349501,0.920114122681883,701,1,0.021398002853067144,TP,82515,284,,,,1,1,fresh,4,150,0,0
uq_vote_seqdrift2::recurring_sud_sea100k_g02.csv::82999::90599,uq_vote_seqdrift2,recurring_sud_sea100k_g02.csv,82999,90599,7600,ecpf_detector_dual_seqdrift2,9,36,5,0.9159321141955006,0.958426522825944,0.96710959084331,7601,0,-0.008683068017366069,FP,92733,-2134,,,,0,0,reused,5,550,1,0
uq_vote_seqdrift2::recurring_sud_sea100k_g02.csv::91199::91799,uq_vote_seqdrift2,recurring_sud_sea100k_g02.csv,91199,91799,600,ecpf_detector_dual_seqdrift2,29,37,5,0.9467554076539102,0.9633943427620633,0.978369384359401,601,0,-0.014975041597337757,FP,92733,-934,0.00014777941977138197,0.4,0.1406666666666667,1,1,fresh,1,185,0,1
uq_vote_seqdrift2::recurring_sud_sea100k_g02.csv::91999::92599,uq_vote_seqdrift2,recurring_sud_sea100k_g02.csv,91999,92599,600,ecpf_detector_dual_seqdrift2,29,38,6,0.9417637271214643,0.9667221297836939,0.8302828618968386,601,1,0.13643926788685523,FP,92733,-134,,,,3,1,fresh,2,450,0,0
uq_vote_seqdrift2::recurring_sud_sea100k_g02.csv::93099::93199,uq_vote_seqdrift2,recurring_sud_sea100k_g02.csv,93099,93199,100,ecpf_detector_dual_seqdrift2,9,39,6,0.9405940594059405,0.9405940594059405,0.9504950495049505,101,0,-0.00990099009900991,FP,92733,466,0.00023190579764498448,0.4,0.13999999999999999,4,1,reused,9,350,0,1
uq_vote_seqdrift2::recurring_sud_sea100k_g03.csv::599::599,uq_vote_seqdrift2,recurring_sud_sea100k_g03.csv,599,599,0,ecpf_detector_dual_seqdrift2,0,1,2,1.0,1.0,1.0,1,1,0.0,FP,8454,-7855,3.643484191766953e-05,0.4,0.16810631229235878,0,0,reused,14,150,1,1
uq_vote_seqdrift2::recurring_sud_sea100k_g03.csv::799::8999,uq_vote_seqdrift2,recurring_sud_sea100k_g03.csv,799,8999,8200,ecpf_detector_dual_seqdrift2,1,2,3,0.9390318253871479,0.9390318253871479,0.9715888306304109,8201,0,-0.03255700524326299,TP,8454,545,,,,2,1,reused,15,850,0,1
uq_vote_seqdrift2::recurring_sud_sea100k_g03.csv::9899::18799,uq_vote_seqdrift2,recurring_sud_sea100k_g03.csv,9899,18799,8900,ecpf_detector_dual_seqdrift2,2,3,4,0.9558476575665655,0.9558476575665655,0.9813504100662847,8901,0,-0.025502752499719117,FP,19297,-498,7.964621240456613e-05,0.4,0.16411960132890366,3,1,fresh,1,188,0,1
uq_vote_seqdrift2::recurring_sud_sea100k_g03.csv::18999::19599,uq_vote_seqdrift2,recurring_sud_sea100k_g03.csv,18999,19599,600,ecpf_detector_dual_seqdrift2,3,4,4,0.9384359400998337,0.9384359400998337,0.913477537437604,601,1,0.024958402662229706,TP,19297,302,,,,3,1,fresh,31,850,0,0
uq_vote_seqdrift2::recurring_sud_sea100k_g03.csv::20499::21599,uq_vote_seqdrift2,recurring_sud_sea100k_g03.csv,20499,21599,1100,ecpf_detector_dual_seqdrift2,4,5,5,0.9709355131698456,0.9709355131698456,0.9654859218891917,1101,1,0.00544959128065392,FP,19297,2302,5.650040703173682e-05,0.4,0.1521594684385382,2,1,reused,7,650,0,0
uq_vote_seqdrift2::recurring_sud_sea100k_g03.csv::22299::22999,uq_vote_seqdrift2,recurring_sud_sea100k_g03.csv,22299,22999,700,ecpf_detector_dual_seqdrift2,5,6,5,0.9572039942938659,0.9572039942938659,0.9586305278174037,701,0,-0.0014265335235377208,FP,19297,3702,0.00011194473168907308,0.4,0.12624584717607973,2,1,reused,11,450,0,1
uq_vote_seqdrift2::recurring_sud_sea100k_g03.csv::23499::26399,uq_vote_seqdrift2,recurring_sud_sea100k_g03.csv,23499,26399,2900,ecpf_detector_dual_seqdrift2,5,7,5,0.9324370906583936,0.9658738366080661,0.9627714581178903,2901,1,0.0031023784901758056,FP,31292,-4893,0.00013530338258454703,0.4,0.15399999999999997,2,1,reused,1,180,0,0
uq_vote_seqdrift2::recurring_sud_sea100k_g03.csv::26599::27799,uq_vote_seqdrift2,recurring_sud_sea100k_g03.csv,26599,27799,1200,ecpf_detector_dual_seqdrift2,5,8,5,0.9308909242298085,0.9625312239800167,0.9691923397169026,1201,0,-0.006661115736885881,FP,31292,-3493,,,,2,1,reused,1,450,0,1
uq_vote_seqdrift2::recurring_sud_sea100k_g03.csv::28299::31399,uq_vote_seqdrift2,recurring_sud_sea100k_g03.csv,28299,31399,3100,ecpf_detector_dual_seqdrift2,5,9,5,0.9358271525314414,0.9609803289261528,0.9680748145759432,3101,0,-0.007094485649790427,TP,31292,107,0.0002521563039075964,0.4,0.13099999999999998,4,1,reused,8,1050,0,1
uq_vote_seqdrift2::recurring_sud_sea100k_g03.csv::32499::35199,uq_vote_seqdrift2,recurring_sud_sea100k_g03.csv,32499,35199,2700,ecpf_detector_dual_seqdrift2,3,10,5,0.8515364679748242,0.9770455386893743,0.9663087745279526,2701,1,0.010736764161421664,FP,31292,3907,7.700600646849828e-05,0.4,0.14485049833887043,0,0,reused,4,450,1,1
uq_vote_seqdrift2::recurring_sud_sea100k_g03.csv::35699::35999,uq_vote_seqdrift2,recurring_sud_sea100k_g03.csv,35699,35999,300,ecpf_detector_dual_seqdrift2,10,11,5,0.9667774086378738,0.9667774086378738,0.9601328903654485,301,1,0.006644518272425293,FP,39513,-3514,0.0002785569639241096,0.4,0.15099999999999997,0,0,reused,19,450,1,1
uq_vote_seqdrift2::recurring_sud_sea100k_g03.csv::36499::39599,uq_vote_seqdrift2,recurring_sud_sea100k_g03.csv,36499,39599,3100,ecpf_detector_dual_seqdrift2,10,12,5,0.872299258303773,0.9767816833279587,0.9735569171235086,3101,1,0.0032247662044501135,TP,39513,86,0.00019905497637440924,0.4,0.16299999999999998,3,1,fresh,1,650,0,0
uq_vote_seqdrift2::recurring_sud_sea100k_g03.csv::40299::41199,uq_vote_seqdrift2,recurring_sud_sea100k_g03.csv,40299,41199,900,ecpf_detector_dual_seqdrift2,5,13,5,0.9311875693673696,0.9611542730299667,0.9633740288568258,901,0,-0.002219755826859071,FP,39513,1686,0.0002030318364832504,0.4,0.1528239202657807,0,0,reused,4,150,1,0
uq_vote_seqdrift2::recurring_sud_sea100k_g03.csv::41399::41599,uq_vote_seqdrift2,recurring_sud_sea100k_g03.csv,41399,41599,200,ecpf_detector_dual_seqdrift2,13,14,5,0.9552238805970149,0.9552238805970149,0.9353233830845771,201,1,0.01990049751243783,FP,39513,2086,,,,0,0,reused,16,150,1,1
uq_vote_seqdrift2::recurring_sud_sea100k_g03.csv::41799::43999,uq_vote_seqdrift2,recurring_sud_sea100k_g03.csv,41799,43999,2200,ecpf_detector_dual_seqdrift2,13,15,4,0.9422989550204453,0.9663789186733303,0.9613811903680145,2201,1,0.004997728305315752,FP,44854,-855,,,,2,1,reused,6,950,0,0
uq_vote_seqdrift2::recurring_sud_sea100k_g03.csv::44999::44999,uq_vote_seqdrift2,recurring_sud_sea100k_g03.csv,44999,44999,0,ecpf_detector_dual_seqdrift2,10,16,3,1.0,1.0,1.0,1,1,0.0,FP,44854,145,9.073507733603167e-05,0.4,0.14086378737541527,0,0,reused,25,250,1,1
uq_vote_seqdrift2::recurring_sud_sea100k_g03.csv::45299::45799,uq_vote_seqdrift2,recurring_sud_sea100k_g03.csv,45299,45799,500,ecpf_detector_dual_seqdrift2,16,17,3,0.9780439121756487,0.9780439121756487,0.9640718562874252,501,1,0.013972055888223478,FP,44854,945,,,,2,1,reused,1,150,0,0
uq_vote_seqdrift2::recurring_sud_sea100k_g03.csv::45999::53999,uq_vote_seqdrift2,recurring_sud_sea100k_g03.csv,45999,53999,8000,ecpf_detector_dual_seqdrift2,16,18,3,0.9022622172228472,0.9777527809023872,0.9512560929883764,8001,1,0.02649668791401072,TP,53821,178,,,,0,0,reused,3,250,1,1
uq_vote_seqdrift2::recurring_sud_sea100k_g03.csv::54299::55399,uq_vote_seqdrift2,recurring_sud_sea100k_g03.csv,54299,55399,1100,ecpf_detector_dual_seqdrift2,13,19,3,0.9527702089009991,0.9527702089009991,0.963669391462307,1101,0,-0.010899182561307952,FP,53821,1578,,,,2,1,reused,2,250,0,1
uq_vote_seqdrift2::recurring_sud_sea100k_g03.csv::55699::56399,uq_vote_seqdrift2,recurring_sud_sea100k_g03.csv,55699,56399,700,ecpf_detector_dual_seqdrift2,13,20,3,0.9600570613409415,0.9600570613409415,0.9600570613409415,701,1,0.0,FP,53821,2578,,,,0,0,reused,4,250,1,1
uq_vote_seqdrift2::recurring_sud_sea100k_g03.csv::56699::57399,uq_vote_seqdrift2,recurring_sud_sea100k_g03.csv,56699,57399,700,ecpf_detector_dual_seqdrift2,13,21,3,0.9657631954350927,0.9657631954350927,0.8787446504992867,701,1,0.08701854493580596,FP,53821,3578,,,,0,0,reused,27,650,1,1
uq_vote_seqdrift2::recurring_sud_sea100k_g03.csv::58099::58999,uq_vote_seqdrift2,recurring_sud_sea100k_g03.csv,58099,58999,900,ecpf_detector_dual_seqdrift2,13,22,3,0.9556048834628191,0.9556048834628191,0.9422863485016648,901,1,0.013318534961154316,FP,63370,-4371,9.671954412444555e-05,0.4,0.13754152823920265,0,0,reused,19,1050,1,1
uq_vote_seqdrift2::recurring_sud_sea100k_g03.csv::60099::60199,uq_vote_seqdrift2,recurring_sud_sea100k_g03.csv,60099,60199,100,ecpf_detector_dual_seqdrift2,16,23,4,0.8811881188118812,0.9306930693069307,0.9108910891089109,101,1,0.01980198019801982,FP,63370,-3171,0.00020267980902509265,0.4,0.1362126245847176,0,0,reused,4,250,1,1
uq_vote_seqdrift2::recurring_sud_sea100k_g03.csv::60499::61399,uq_vote_seqdrift2,recurring_sud_sea100k_g03.csv,60499,61399,900,ecpf_detector_dual_seqdrift2,13,24,3,0.9478357380688124,0.9478357380688124,0.9600443951165372,901,0,-0.01220865704772478,FP,63370,-1971,,,,4,1,reused,1,375,0,1
uq_vote_seqdrift2::recurring_sud_sea100k_g03.csv::61799::63599,uq_vote_seqdrift2,recurring_sud_sea100k_g03.csv,61799,63599,1800,ecpf_detector_dual_seqdrift2,13,25,3,0.9522487506940589,0.9522487506940589,0.9494725152692949,1801,1,0.0027762354247640175,TP,63370,229,0.0002568256825682265,0.4,0.17199999999999996,5,1,fresh,5,250,0,0
uq_vote_seqdrift2::recurring_sud_sea100k_g03.csv::63899::66999,uq_vote_seqdrift2,recurring_sud_sea100k_g03.csv,63899,66999,3100,ecpf_detector_dual_seqdrift2,16,26,4,0.9135762657207352,0.9764592067075137,0.9783940664301838,3101,0,-0.001934859722670046,FP,67723,-724,,,,1,1,fresh,1,150,0,1
uq_vote_seqdrift2::recurring_sud_sea100k_g03.csv::67199::67799,uq_vote_seqdrift2,recurring_sud_sea100k_g03.csv,67199,67799,600,ecpf_detector_dual_seqdrift2,16,27,4,0.8985024958402662,0.9584026622296173,0.9434276206322796,601,1,0.014975041597337757,TP,67723,76,,,,1,1,fresh,24,950,0,0
uq_vote_seqdrift2::recurring_sud_sea100k_g03.csv::68799::68999,uq_vote_seqdrift2,recurring_sud_sea100k_g03.csv,68799,68999,200,ecpf_detector_dual_seqdrift2,13,28,5,0.9054726368159204,0.9402985074626866,0.9203980099502488,201,1,0.01990049751243783,FP,67723,1276,0.00018349431255636545,0.4,0.13421926910299,0,0,reused,15,150,1,1
uq_vote_seqdrift2::recurring_sud_sea100k_g03.csv::69199::73199,uq_vote_seqdrift2,recurring_sud_sea100k_g03.csv,69199,73199,4000,ecpf_detector_dual_seqdrift2,13,29,5,0.9575106223444139,0.9575106223444139,0.9617595601099725,4001,0,-0.00424893776555868,TP,72908,291,,,,1,1,fresh,3,450,0,1
uq_vote_seqdrift2::recurring_sud_sea100k_g03.csv::73699::73999,uq_vote_seqdrift2,recurring_sud_sea100k_g03.csv,73699,73999,300,ecpf_detector_dual_seqdrift2,16,30,5,0.9003322259136213,0.973421926910299,0.9634551495016611,301,1,0.009966777408637939,FP,72908,1091,0.00013395334883372514,0.4,0.15099999999999997,0,0,reused,12,250,1,1
uq_vote_seqdrift2::recurring_sud_sea100k_g03.csv::74299::77199,uq_vote_seqdrift2,recurring_sud_sea100k_g03.csv,74299,77199,2900,ecpf_detector_dual_seqdrift2,16,31,5,0.8983109272664599,0.9762150982419855,0.9717338848672872,2901,1,0.004481213374698312,FP,72908,4291,,,,0,0,reused,3,750,1,1
uq_vote_seqdrift2::recurring_sud_sea100k_g03.csv::77999::78599,uq_vote_seqdrift2,recurring_sud_sea100k_g03.csv,77999,78599,600,ecpf_detector_dual_seqdrift2,16,32,5,0.9101497504159733,0.9717138103161398,0.9550748752079867,601,1,0.016638935108153063,FP,72908,5691,0.00012012937009088292,0.4,0.146843853820598,0,0,reused,15,550,1,1
uq_vote_seqdrift2::recurring_sud_sea100k_g03.csv::79199::80399,uq_vote_seqdrift2,recurring_sud_sea100k_g03.csv,79199,80399,1200,ecpf_detector_dual_seqdrift2,16,33,5,0.9017485428809325,0.974188176519567,0.9467110741049126,1201,1,0.027477102414654397,FP,84842,-4443,0.00018306870076337326,0.4,0.16066666666666668,0,0,reused,18,550,1,1
uq_vote_seqdrift2::recurring_sud_sea100k_g03.csv::80999::84999,uq_vote_seqdrift2,recurring_sud_sea100k_g03.csv,80999,84999,4000,ecpf_detector_dual_seqdrift2,16,34,5,0.8982754311422144,0.9735066233441639,0.9547613096725819,4001,1,0.018745313671582053,TP,84842,157,0.00019191324348051894,0.4,0.15066666666666664,1,1,fresh,3,250,0,0
uq_vote_seqdrift2::recurring_sud_sea100k_g03.csv::85299::96199,uq_vote_seqdrift2,recurring_sud_sea100k_g03.csv,85299,96199,10900,ecpf_detector_dual_seqdrift2,16,35,5,0.9256948903770297,0.9502797908448766,0.9529400972387855,10901,0,-0.0026603063939089067,TP,94903,1296,,,,3,1,fresh,15,1050,0,1
uq_vote_seqdrift2::recurring_sud_sea100k_g04.csv::399::1399,uq_vote_seqdrift2,recurring_sud_sea100k_g04.csv,399,1399,1000,ecpf_detector_dual_seqdrift2,0,1,2,0.9240759240759241,0.9240759240759241,0.972027972027972,1001,0,-0.04795204795204788,FP,18553,-17154,0.0002559063976599417,0.4,0.174,1,1,fresh,24,1150,0,1
uq_vote_seqdrift2::recurring_sud_sea100k_g04.csv::2599::3399,uq_vote_seqdrift2,recurring_sud_sea100k_g04.csv,2599,3399,800,ecpf_detector_dual_seqdrift2,1,2,3,0.9725343320848939,0.9725343320848939,0.9225967540574282,801,1,0.04993757802746568,FP,18553,-15154,0.00017504565356097902,0.4,0.15083056478405313,0,0,reused,10,250,1,1
uq_vote_seqdrift2::recurring_sud_sea100k_g04.csv::3699::6999,uq_vote_seqdrift2,recurring_sud_sea100k_g04.csv,3699,6999,3300,ecpf_detector_dual_seqdrift2,1,3,3,0.9248712511360194,0.960617994547107,0.9621326870645259,3301,0,-0.0015146925174189807,FP,18553,-11554,,,,3,1,fresh,1,750,0,1
uq_vote_seqdrift2::recurring_sud_sea100k_g04.csv::7799::14999,uq_vote_seqdrift2,recurring_sud_sea100k_g04.csv,7799,14999,7200,ecpf_detector_dual_seqdrift2,3,4,3,0.9738925149284822,0.9738925149284822,0.9711151228995972,7201,1,0.0027773920288849396,FP,18553,-3554,1.1264878660530422e-05,0.4,0.16146179401993355,3,1,fresh,3,650,0,0
uq_vote_seqdrift2::recurring_sud_sea100k_g04.csv::15699::15999,uq_vote_seqdrift2,recurring_sud_sea100k_g04.csv,15699,15999,300,ecpf_detector_dual_seqdrift2,3,5,4,0.9501661129568106,0.9700996677740864,0.9169435215946844,301,1,0.05315614617940201,FP,18553,-2554,0.00018895073815757823,0.4,0.14750830564784054,0,0,reused,10,350,1,1
uq_vote_seqdrift2::recurring_sud_sea100k_g04.csv::16399::16999,uq_vote_seqdrift2,recurring_sud_sea100k_g04.csv,16399,16999,600,ecpf_detector_dual_seqdrift2,4,6,3,0.908485856905158,0.978369384359401,0.8469217970049917,601,1,0.1314475873544093,FP,18553,-1554,-0.0013597359735973882,0.4,0.16999999999999996,0,0,reused,18,950,1,1
uq_vote_seqdrift2::recurring_sud_sea100k_g04.csv::17999::18399,uq_vote_seqdrift2,recurring_sud_sea100k_g04.csv,17999,18399,400,ecpf_detector_dual_seqdrift2,6,7,3,0.9775561097256857,0.9775561097256857,0.8802992518703242,401,1,0.09725685785536153,FP,18553,-154,3.7314910563026654e-05,0.4,0.15946843853820597,1,1,fresh,6,350,0,0
uq_vote_seqdrift2::recurring_sud_sea100k_g04.csv::18799::18799,uq_vote_seqdrift2,recurring_sud_sea100k_g04.csv,18799,18799,0,ecpf_detector_dual_seqdrift2,0,8,3,0.0,0.0,1.0,1,0,-1.0,FP,18553,246,2.8802880288024907e-05,0.4,0.17199999999999996,0,0,reused,26,1250,1,0
uq_vote_seqdrift2::recurring_sud_sea100k_g04.csv::20099::20599,uq_vote_seqdrift2,recurring_sud_sea100k_g04.csv,20099,20599,500,ecpf_detector_dual_seqdrift2,8,9,4,0.9461077844311377,0.9461077844311377,0.9401197604790419,501,1,0.005988023952095856,FP,18553,2046,6.846934060855836e-05,0.4,0.11428571428571428,0,0,reused,17,450,1,1
uq_vote_seqdrift2::recurring_sud_sea100k_g04.csv::21099::21199,uq_vote_seqdrift2,recurring_sud_sea100k_g04.csv,21099,21199,100,ecpf_detector_dual_seqdrift2,9,10,5,0.9207920792079208,0.9207920792079208,0.9504950495049505,101,0,-0.02970297029702962,FP,23804,-2605,0.0002668566714167847,0.4,0.127,3,1,fresh,13,350,0,1
uq_vote_seqdrift2::recurring_sud_sea100k_g04.csv::21599::21799,uq_vote_seqdrift2,recurring_sud_sea100k_g04.csv,21599,21799,200,ecpf_detector_dual_seqdrift2,10,11,6,0.9402985074626866,0.9402985074626866,0.8606965174129353,201,1,0.07960199004975133,FP,23804,-2005,-0.0006060606060605562,0.4,0.13399999999999998,0,0,reused,10,150,1,1
uq_vote_seqdrift2::recurring_sud_sea100k_g04.csv::21999::22999,uq_vote_seqdrift2,recurring_sud_sea100k_g04.csv,21999,22999,1000,ecpf_detector_dual_seqdrift2,10,12,5,0.8811188811188811,0.954045954045954,0.919080919080919,1001,1,0.034965034965035,FP,23804,-805,,,,0,0,reused,5,450,1,1
uq_vote_seqdrift2::recurring_sud_sea100k_g04.csv::23499::23999,uq_vote_seqdrift2,recurring_sud_sea100k_g04.csv,23499,23999,500,ecpf_detector_dual_seqdrift2,0,13,6,0.9221556886227545,0.9301397205588823,0.9281437125748503,501,1,0.001996007984031989,TP,23804,195,0.0002095552388809785,0.4,0.12099999999999998,1,1,fresh,5,650,0,0
uq_vote_seqdrift2::recurring_sud_sea100k_g04.csv::24699::27199,uq_vote_seqdrift2,recurring_sud_sea100k_g04.csv,24699,27199,2500,ecpf_detector_dual_seqdrift2,6,14,7,0.9500199920031988,0.9804078368652539,0.9720111955217913,2501,1,0.00839664134346263,FP,23804,3395,1.936151019777236e-06,0.4,0.16146179401993355,2,1,reused,5,1050,0,0
uq_vote_seqdrift2::recurring_sud_sea100k_g04.csv::28299::29799,uq_vote_seqdrift2,recurring_sud_sea100k_g04.csv,28299,29799,1500,ecpf_detector_dual_seqdrift2,6,15,7,0.9267155229846769,0.9793471019320453,0.9686875416389074,1501,1,0.01065956029313797,FP,34357,-4558,0.00016017249345449302,0.4,0.146843853820598,2,1,reused,7,250,0,0
uq_vote_seqdrift2::recurring_sud_sea100k_g04.csv::30099::34599,uq_vote_seqdrift2,recurring_sud_sea100k_g04.csv,30099,34599,4500,ecpf_detector_dual_seqdrift2,6,16,6,0.9131304154632304,0.9704510108864697,0.9711175294379026,4501,0,-0.0006665185514329597,TP,34357,242,,,,3,1,fresh,1,151,0,1
uq_vote_seqdrift2::recurring_sud_sea100k_g04.csv::34799::38399,uq_vote_seqdrift2,recurring_sud_sea100k_g04.csv,34799,38399,3600,ecpf_detector_dual_seqdrift2,10,17,6,0.8828103304637601,0.9519577895029159,0.9153013051930019,3601,1,0.03665648430991397,FP,39011,-612,,,,4,1,reused,25,1050,0,0
uq_vote_seqdrift2::recurring_sud_sea100k_g04.csv::39499::40599,uq_vote_seqdrift2,recurring_sud_sea100k_g04.csv,39499,40599,1100,ecpf_detector_dual_seqdrift2,6,18,7,0.8728428701180745,0.9782016348773842,0.9763851044504995,1101,1,0.0018165304268846771,FP,39011,1588,-2.55219907152572e-06,0.4,0.14883720930232558,2,1,reused,3,850,0,0
uq_vote_seqdrift2::recurring_sud_sea100k_g04.csv::41499::42999,uq_vote_seqdrift2,recurring_sud_sea100k_g04.csv,41499,42999,1500,ecpf_detector_dual_seqdrift2,18,19,7,0.9753497668221186,0.9753497668221186,0.972018654230513,1501,1,0.0033311125916055673,FP,39011,3988,5.790851686429593e-05,0.4,0.14285714285714282,2,1,reused,1,250,0,0
uq_vote_seqdrift2::recurring_sud_sea100k_g04.csv::43299::43799,uq_vote_seqdrift2,recurring_sud_sea100k_g04.csv,43299,43799,500,ecpf_detector_dual_seqdrift2,19,20,7,0.9740518962075848,0.9740518962075848,0.9481037924151696,501,1,0.02594810379241519,FP,39011,4788,,,,0,0,reused,5,150,1,1
uq_vote_seqdrift2::recurring_sud_sea100k_g04.csv::43999::44999,uq_vote_seqdrift2,recurring_sud_sea100k_g04.csv,43999,44999,1000,ecpf_detector_dual_seqdrift2,19,21,7,0.9230769230769231,0.98001998001998,0.957042957042957,1001,1,0.022977022977022976,FP,39011,5988,,,,0,0,reused,28,850,1,1
uq_vote_seqdrift2::recurring_sud_sea100k_g04.csv::45899::47799,uq_vote_seqdrift2,recurring_sud_sea100k_g04.csv,45899,47799,1900,ecpf_detector_dual_seqdrift2,19,22,7,0.9263545502367175,0.9779063650710152,0.95528669121515,1901,1,0.022619673855865274,FP,52654,-4855,6.62691689952029e-05,0.4,0.15149501661129566,0,0,reused,0,150,1,1
uq_vote_seqdrift2::recurring_sud_sea100k_g04.csv::47999::51599,uq_vote_seqdrift2,recurring_sud_sea100k_g04.csv,47999,51599,3600,ecpf_detector_dual_seqdrift2,19,23,7,0.9180783115801167,0.9802832546514857,0.9786170508192169,3601,1,0.0016662038322687867,FP,52654,-1055,,,,1,1,fresh,3,650,0,0
uq_vote_seqdrift2::recurring_sud_sea100k_g04.csv::52299::52799,uq_vote_seqdrift2,recurring_sud_sea100k_g04.csv,52299,52799,500,ecpf_detector_dual_seqdrift2,19,24,7,0.906187624750499,0.9500998003992016,0.9421157684630739,501,1,0.007984031936127733,TP,52654,145,1.944951706231716e-05,0.4,0.14883720930232558,1,1,fresh,62,650,0,0
uq_vote_seqdrift2::recurring_sud_sea100k_g04.csv::53499::54999,uq_vote_seqdrift2,recurring_sud_sea100k_g04.csv,53499,54999,1500,ecpf_detector_dual_seqdrift2,10,25,7,0.8807461692205196,0.9493670886075949,0.9487008660892738,1501,1,0.0006662225183210468,FP,52654,2345,6.732525136961505e-05,0.4,0.1441860465116279,5,1,fresh,5,550,0,0
uq_vote_seqdrift2::recurring_sud_sea100k_g04.csv::55599::57199,uq_vote_seqdrift2,recurring_sud_sea100k_g04.csv,55599,57199,1600,ecpf_detector_dual_seqdrift2,10,26,7,0.8813241723922548,0.94316052467208,0.9344159900062461,1601,1,0.008744534665833914,FP,52654,4545,0.00014844609384549197,0.4,0.128,1,1,fresh,3,250,0,0
uq_vote_seqdrift2::recurring_sud_sea100k_g04.csv::57499::58399,uq_vote_seqdrift2,recurring_sud_sea100k_g04.csv,57499,58399,900,ecpf_detector_dual_seqdrift2,26,27,7,0.9611542730299667,0.9611542730299667,0.9589345172031076,901,1,0.002219755826859071,FP,52654,5745,,,,0,0,reused,6,250,1,1
uq_vote_seqdrift2::recurring_sud_sea100k_g04.csv::58699::58799,uq_vote_seqdrift2,recurring_sud_sea100k_g04.csv,58699,58799,100,ecpf_detector_dual_seqdrift2,10,28,8,0.8514851485148515,0.9504950495049505,0.8910891089108911,101,1,0.05940594059405935,FP,52654,6145,,,,0,0,reused,24,450,1,1
uq_vote_seqdrift2::recurring_sud_sea100k_g04.csv::59299::64199,uq_vote_seqdrift2,recurring_sud_sea100k_g04.csv,59299,64199,4900,ecpf_detector_dual_seqdrift2,10,29,7,0.8836972046521118,0.9483778820648847,0.9345031626198735,4901,1,0.013874719445011174,FP,66269,-2070,0.00014910372759318222,0.4,0.148,5,1,fresh,4,250,0,0
uq_vote_seqdrift2::recurring_sud_sea100k_g04.csv::64499::66399,uq_vote_seqdrift2,recurring_sud_sea100k_g04.csv,64499,66399,1900,ecpf_detector_dual_seqdrift2,10,30,7,0.9258285113098369,0.9521304576538664,0.9505523408732246,1901,1,0.0015781167806417917,TP,66269,130,,,,2,1,reused,19,250,0,0
uq_vote_seqdrift2::recurring_sud_sea100k_g04.csv::66699::69599,uq_vote_seqdrift2,recurring_sud_sea100k_g04.csv,66699,69599,2900,ecpf_detector_dual_seqdrift2,19,31,7,0.9493278179937953,0.9779386418476388,0.974836263357463,2901,1,0.0031023784901758056,FP,66269,3330,,,,2,1,reused,6,650,0,0
uq_vote_seqdrift2::recurring_sud_sea100k_g04.csv::70299::70799,uq_vote_seqdrift2,recurring_sud_sea100k_g04.csv,70299,70799,500,ecpf_detector_dual_seqdrift2,19,32,6,0.8203592814371258,0.9800399201596807,0.9660678642714571,501,1,0.013972055888223589,FP,66269,4530,2.693010054782888e-05,0.4,0.1514950166112957,2,1,reused,1,150,0,0
uq_vote_seqdrift2::recurring_sud_sea100k_g04.csv::70999::74999,uq_vote_seqdrift2,recurring_sud_sea100k_g04.csv,70999,74999,4000,ecpf_detector_dual_seqdrift2,19,33,6,0.786053486628343,0.9795051237190703,0.9807548112971757,4001,0,-0.0012496875781053962,FP,66269,8730,,,,2,1,reused,2,250,0,1
uq_vote_seqdrift2::recurring_sud_sea100k_g04.csv::75299::81799,uq_vote_seqdrift2,recurring_sud_sea100k_g04.csv,75299,81799,6500,ecpf_detector_dual_seqdrift2,19,34,6,0.7928011075219197,0.9804645439163205,0.9820027688047993,6501,0,-0.0015382248884787675,FP,66269,15530,,,,3,1,fresh,1,650,0,1
uq_vote_seqdrift2::recurring_sud_sea100k_g05.csv::499::999,uq_vote_seqdrift2,recurring_sud_sea100k_g05.csv,499,999,500,ecpf_detector_dual_seqdrift2,0,1,2,0.9041916167664671,0.9041916167664671,0.9520958083832335,501,0,-0.0479041916167664,FP,9764,-8765,9.804553383926475e-05,0.4,0.17066666666666666,3,1,fresh,3,350,0,1
uq_vote_seqdrift2::recurring_sud_sea100k_g05.csv::1399::2999,uq_vote_seqdrift2,recurring_sud_sea100k_g05.csv,1399,2999,1600,ecpf_detector_dual_seqdrift2,1,2,3,0.9444097439100562,0.9444097439100562,0.9512804497189257,1601,0,-0.006870705808869504,FP,9764,-6765,-0.0002088208820882079,0.4,0.172,1,1,fresh,4,250,0,1
uq_vote_seqdrift2::recurring_sud_sea100k_g05.csv::3299::5399,uq_vote_seqdrift2,recurring_sud_sea100k_g05.csv,3299,5399,2100,ecpf_detector_dual_seqdrift2,2,3,4,0.9609709662065683,0.9609709662065683,0.9647786768205616,2101,0,-0.0038077106139933203,FP,9764,-4365,,,,1,1,fresh,3,150,0,1
uq_vote_seqdrift2::recurring_sud_sea100k_g05.csv::5599::5799,uq_vote_seqdrift2,recurring_sud_sea100k_g05.csv,5599,5799,200,ecpf_detector_dual_seqdrift2,2,4,5,0.9303482587064676,0.9353233830845771,0.9402985074626866,201,0,-0.004975124378109541,FP,9764,-3965,,,,0,0,reused,7,150,1,0
uq_vote_seqdrift2::recurring_sud_sea100k_g05.csv::5999::6399,uq_vote_seqdrift2,recurring_sud_sea100k_g05.csv,5999,6399,400,ecpf_detector_dual_seqdrift2,3,5,5,0.9376558603491272,0.972568578553616,0.9551122194513716,401,1,0.017456359102244412,FP,9764,-3365,,,,1,1,fresh,4,150,0,0
uq_vote_seqdrift2::recurring_sud_sea100k_g05.csv::6599::6799,uq_vote_seqdrift2,recurring_sud_sea100k_g05.csv,6599,6799,200,ecpf_detector_dual_seqdrift2,3,6,6,0.8756218905472637,0.9751243781094527,0.8606965174129353,201,1,0.11442786069651745,FP,9764,-2965,,,,0,0,reused,14,150,1,1
uq_vote_seqdrift2::recurring_sud_sea100k_g05.csv::6999::9799,uq_vote_seqdrift2,recurring_sud_sea100k_g05.csv,6999,9799,2800,ecpf_detector_dual_seqdrift2,3,7,6,0.917529453766512,0.9682256337022492,0.9757229560871118,2801,0,-0.007497322384862559,TP,9764,35,,,,0,0,reused,5,150,1,0
uq_vote_seqdrift2::recurring_sud_sea100k_g05.csv::9999::10199,uq_vote_seqdrift2,recurring_sud_sea100k_g05.csv,9999,10199,200,ecpf_detector_dual_seqdrift2,5,8,6,0.7910447761194029,0.8507462686567164,0.9253731343283582,201,0,-0.07462686567164178,FP,9764,435,,,,4,1,reused,1,150,0,1
uq_vote_seqdrift2::recurring_sud_sea100k_g05.csv::10399::12199,uq_vote_seqdrift2,recurring_sud_sea100k_g05.csv,10399,12199,1800,ecpf_detector_dual_seqdrift2,8,9,7,0.9616879511382566,0.9616879511382566,0.9550249861188229,1801,1,0.006662965019433642,FP,9764,2435,,,,4,1,reused,1,350,0,0
uq_vote_seqdrift2::recurring_sud_sea100k_g05.csv::12599::14999,uq_vote_seqdrift2,recurring_sud_sea100k_g05.csv,12599,14999,2400,ecpf_detector_dual_seqdrift2,9,10,7,0.9408579758433986,0.9408579758433986,0.9491878384006663,2401,0,-0.008329862557267753,TP,14788,211,0.0005436543654365322,0.4,0.16199999999999995,0,0,reused,5,150,1,0
uq_vote_seqdrift2::recurring_sud_sea100k_g05.csv::15199::18799,uq_vote_seqdrift2,recurring_sud_sea100k_g05.csv,15199,18799,3600,ecpf_detector_dual_seqdrift2,3,11,7,0.9139128019994446,0.9700083310191614,0.9813940572063315,3601,0,-0.011385726187170153,FP,14788,4011,,,,1,1,fresh,1,150,0,1
uq_vote_seqdrift2::recurring_sud_sea100k_g05.csv::18999::25999,uq_vote_seqdrift2,recurring_sud_sea100k_g05.csv,18999,25999,7000,ecpf_detector_dual_seqdrift2,3,12,7,0.9150121411226968,0.962291101271247,0.9761462648193115,7001,0,-0.013855163548064597,TP,25836,163,,,,1,1,fresh,1,171,0,1
uq_vote_seqdrift2::recurring_sud_sea100k_g05.csv::26199::30599,uq_vote_seqdrift2,recurring_sud_sea100k_g05.csv,26199,30599,4400,ecpf_detector_dual_seqdrift2,9,13,8,0.8534423994546694,0.9543285616905249,0.9322881163371961,4401,1,0.02204044535332883,FP,25836,4763,,,,0,0,reused,10,250,1,1
uq_vote_seqdrift2::recurring_sud_sea100k_g05.csv::30899::30999,uq_vote_seqdrift2,recurring_sud_sea100k_g05.csv,30899,30999,100,ecpf_detector_dual_seqdrift2,13,14,8,0.9801980198019802,0.9801980198019802,0.9801980198019802,101,1,0.0,FP,25836,5163,,,,4,1,reused,8,450,0,0
uq_vote_seqdrift2::recurring_sud_sea100k_g05.csv::31499::33399,uq_vote_seqdrift2,recurring_sud_sea100k_g05.csv,31499,33399,1900,ecpf_detector_dual_seqdrift2,14,15,8,0.9563387690689111,0.9563387690689111,0.9153077327722251,1901,1,0.04103103629668603,FP,38906,-5507,0.00011310282757059134,0.4,0.14400000000000002,2,1,reused,6,950,0,0
uq_vote_seqdrift2::recurring_sud_sea100k_g05.csv::34399::34799,uq_vote_seqdrift2,recurring_sud_sea100k_g05.csv,34399,34799,400,ecpf_detector_dual_seqdrift2,14,16,8,0.9326683291770573,0.9625935162094763,0.9351620947630923,401,1,0.027431421446383997,FP,38906,-4107,0.0001276979604409159,0.4,0.10830564784053157,0,0,reused,1,150,1,1
uq_vote_seqdrift2::recurring_sud_sea100k_g05.csv::34999::35199,uq_vote_seqdrift2,recurring_sud_sea100k_g05.csv,34999,35199,200,ecpf_detector_dual_seqdrift2,13,17,9,0.9054726368159204,0.9651741293532339,0.9402985074626866,201,1,0.02487562189054726,FP,38906,-3707,,,,2,1,reused,39,750,0,0
uq_vote_seqdrift2::recurring_sud_sea100k_g05.csv::35999::36599,uq_vote_seqdrift2,recurring_sud_sea100k_g05.csv,35999,36599,600,ecpf_detector_dual_seqdrift2,13,18,8,0.956738768718802,0.956738768718802,0.9667221297836939,601,0,-0.009983361064891838,FP,38906,-2307,0.0001966953422366901,0.4,0.1289036544850498,0,0,reused,17,750,1,0
uq_vote_seqdrift2::recurring_sud_sea100k_g05.csv::37399::37599,uq_vote_seqdrift2,recurring_sud_sea100k_g05.csv,37399,37599,200,ecpf_detector_dual_seqdrift2,13,19,9,0.9353233830845771,0.9651741293532339,0.8805970149253731,201,1,0.08457711442786076,FP,38906,-1307,9.073507733601767e-05,0.4,0.11561461794019932,0,0,reused,24,250,1,1
uq_vote_seqdrift2::recurring_sud_sea100k_g05.csv::37899::38999,uq_vote_seqdrift2,recurring_sud_sea100k_g05.csv,37899,38999,1100,ecpf_detector_dual_seqdrift2,17,20,8,0.9464123524069028,0.9473206176203451,0.9336966394187103,1101,1,0.013623978201634857,TP,38906,93,,,,1,1,fresh,1,198,0,0
uq_vote_seqdrift2::recurring_sud_sea100k_g05.csv::39199::45599,uq_vote_seqdrift2,recurring_sud_sea100k_g05.csv,39199,45599,6400,ecpf_detector_dual_seqdrift2,3,21,9,0.8172160599906265,0.9687548820496797,0.9717231682549602,6401,0,-0.002968286205280446,FP,50338,-4739,,,,3,1,fresh,8,550,0,1
uq_vote_seqdrift2::recurring_sud_sea100k_g05.csv::46199::47799,uq_vote_seqdrift2,recurring_sud_sea100k_g05.csv,46199,47799,1600,ecpf_detector_dual_seqdrift2,21,22,9,0.976889444097439,0.976889444097439,0.9762648344784509,1601,1,0.0006246096189881367,FP,50338,-2539,6.960077334192102e-05,0.4,0.156,2,1,reused,4,450,0,0
uq_vote_seqdrift2::recurring_sud_sea100k_g05.csv::48299::50399,uq_vote_seqdrift2,recurring_sud_sea100k_g05.csv,48299,50399,2100,ecpf_detector_dual_seqdrift2,21,23,9,0.9452641599238458,0.9666825321275583,0.9609709662065683,2101,1,0.0057115659209899805,TP,50338,61,0.0001921548038701018,0.4,0.165,1,1,fresh,14,350,0,0
uq_vote_seqdrift2::recurring_sud_sea100k_g05.csv::50799::54999,uq_vote_seqdrift2,recurring_sud_sea100k_g05.csv,50799,54999,4200,ecpf_detector_dual_seqdrift2,17,24,9,0.8626517495834325,0.9566769816710307,0.9633420614139491,4201,0,-0.006665079742918412,FP,50338,4661,-6.720672067172911e-05,0.4,0.17599999999999993,1,1,fresh,9,1150,0,1
uq_vote_seqdrift2::recurring_sud_sea100k_g05.csv::56199::56199,uq_vote_seqdrift2,recurring_sud_sea100k_g05.csv,56199,56199,0,ecpf_detector_dual_seqdrift2,16,25,9,0.0,1.0,1.0,1,1,0.0,FP,50338,5861,0.0002069041385228045,0.4,0.13156146179401992,0,0,reused,43,650,1,1
uq_vote_seqdrift2::recurring_sud_sea100k_g05.csv::56899::56999,uq_vote_seqdrift2,recurring_sud_sea100k_g05.csv,56899,56999,100,ecpf_detector_dual_seqdrift2,17,26,9,0.8316831683168316,0.9702970297029703,0.8712871287128713,101,1,0.09900990099009899,FP,50338,6661,0.00012496974764031506,0.4,0.11893687707641196,0,0,reused,9,250,1,1
uq_vote_seqdrift2::recurring_sud_sea100k_g05.csv::57299::58999,uq_vote_seqdrift2,recurring_sud_sea100k_g05.csv,57299,58999,1700,ecpf_detector_dual_seqdrift2,17,27,8,0.8500881834215167,0.9611992945326279,0.9506172839506173,1701,1,0.010582010582010581,FP,63689,-4690,,,,4,1,reused,4,550,0,0
uq_vote_seqdrift2::recurring_sud_sea100k_g05.csv::59599::59999,uq_vote_seqdrift2,recurring_sud_sea100k_g05.csv,59599,59999,400,ecpf_detector_dual_seqdrift2,19,28,8,0.9351620947630923,0.9551122194513716,0.9351620947630923,401,1,0.01995012468827928,FP,63689,-3690,0.00010191224346938447,0.4,0.11133333333333333,0,0,reused,4,250,1,1
uq_vote_seqdrift2::recurring_sud_sea100k_g05.csv::60299::60399,uq_vote_seqdrift2,recurring_sud_sea100k_g05.csv,60299,60399,100,ecpf_detector_dual_seqdrift2,19,29,8,0.9108910891089109,0.9603960396039604,0.8712871287128713,101,1,0.08910891089108908,FP,63689,-3290,,,,0,0,reused,13,150,1,1
uq_vote_seqdrift2::recurring_sud_sea100k_g05.csv::60599::60999,uq_vote_seqdrift2,recurring_sud_sea100k_g05.csv,60599,60999,400,ecpf_detector_dual_seqdrift2,19,30,9,0.9251870324189526,0.9675810473815462,0.9326683291770573,401,1,0.034912718204488824,FP,63689,-2690,,,,2,1,reused,3,550,0,0
uq_vote_seqdrift2::recurring_sud_sea100k_g05.csv::61599::61599,uq_vote_seqdrift2,recurring_sud_sea100k_g05.csv,61599,61599,0,ecpf_detector_dual_seqdrift2,16,31,9,1.0,1.0,1.0,1,1,0.0,FP,63689,-2090,0.00012662362915143852,0.4,0.10733333333333332,0,0,reused,16,150,1,1
uq_vote_seqdrift2::recurring_sud_sea100k_g05.csv::61799::62199,uq_vote_seqdrift2,recurring_sud_sea100k_g05.csv,61799,62199,400,ecpf_detector_dual_seqdrift2,17,32,10,0.9077306733167082,0.9526184538653366,0.9226932668329177,401,1,0.029925187032418865,FP,63689,-1490,,,,0,0,reused,14,250,1,1
uq_vote_seqdrift2::recurring_sud_sea100k_g05.csv::62499::62799,uq_vote_seqdrift2,recurring_sud_sea100k_g05.csv,62499,62799,300,ecpf_detector_dual_seqdrift2,32,33,8,0.9401993355481728,0.9401993355481728,0.9568106312292359,301,0,-0.01661129568106312,FP,63689,-890,,,,2,1,reused,5,150,0,1
uq_vote_seqdrift2::recurring_sud_sea100k_g05.csv::62999::63599,uq_vote_seqdrift2,recurring_sud_sea100k_g05.csv,62999,63599,600,ecpf_detector_dual_seqdrift2,33,34,8,0.9550748752079867,0.9550748752079867,0.8885191347753744,601,1,0.06655574043261236,TP,63689,-90,,,,0,0,reused,7,550,1,1
uq_vote_seqdrift2::recurring_sud_sea100k_g05.csv::64199::68199,uq_vote_seqdrift2,recurring_sud_sea100k_g05.csv,64199,68199,4000,ecpf_detector_dual_seqdrift2,21,35,8,0.8610347413146713,0.9747563109222694,0.9792551862034491,4001,0,-0.004498875281179648,FP,63689,4510,5.733397037740662e-05,0.4,0.13333333333333333,1,1,fresh,2,350,0,1
uq_vote_seqdrift2::recurring_sud_sea100k_g05.csv::68599::68799,uq_vote_seqdrift2,recurring_sud_sea100k_g05.csv,68599,68799,200,ecpf_detector_dual_seqdrift2,21,36,9,0.9552238805970149,0.9651741293532339,0.8308457711442786,201,1,0.13432835820895528,FP,73316,-4517,-0.00025322532253246763,0.4,0.154,0,0,reused,28,450,1,1
uq_vote_seqdrift2::recurring_sud_sea100k_g05.csv::69299::69799,uq_vote_seqdrift2,recurring_sud_sea100k_g05.csv,69299,69799,500,ecpf_detector_dual_seqdrift2,35,37,8,0.7365269461077845,0.9860279441117764,0.9041916167664671,501,1,0.08183632734530932,FP,73316,-3517,0.00061066526663169,0.4,0.149,0,0,reused,38,450,1,1
uq_vote_seqdrift2::recurring_sud_sea100k_g05.csv::70299::70799,uq_vote_seqdrift2,recurring_sud_sea100k_g05.csv,70299,70799,500,ecpf_detector_dual_seqdrift2,35,38,7,0.7604790419161677,0.9680638722554891,0.9560878243512974,501,1,0.011976047904191711,FP,73316,-2517,0.0002487062176554397,0.4,0.13599999999999998,0,0,reused,2,150,1,1
uq_vote_seqdrift2::recurring_sud_sea100k_g05.csv::70999::73399,uq_vote_seqdrift2,recurring_sud_sea100k_g05.csv,70999,73399,2400,ecpf_detector_dual_seqdrift2,35,39,7,0.7538525614327364,0.9708454810495627,0.9404414827155352,2401,1,0.030403998334027516,TP,73316,83,,,,1,1,fresh,6,250,0,0
uq_vote_seqdrift2::recurring_sud_sea100k_g05.csv::73699::77199,uq_vote_seqdrift2,recurring_sud_sea100k_g05.csv,73699,77199,3500,ecpf_detector_dual_seqdrift2,33,40,8,0.8771779491573836,0.9551556698086261,0.9574407312196516,3501,0,-0.0022850614110254686,FP,73316,3883,,,,2,1,reused,9,450,0,1
uq_vote_seqdrift2::recurring_sud_sea100k_g05.csv::77699::77799,uq_vote_seqdrift2,recurring_sud_sea100k_g05.csv,77699,77799,100,ecpf_detector_dual_seqdrift2,16,41,8,0.9405940594059405,0.9405940594059405,0.9306930693069307,101,1,0.009900990099009799,FP,81533,-3734,0.000187054676366846,0.4,0.115,1,1,fresh,4,250,0,0
uq_vote_seqdrift2::recurring_sud_sea100k_g05.csv::78099::78799,uq_vote_seqdrift2,recurring_sud_sea100k_g05.csv,78099,78799,700,ecpf_detector_dual_seqdrift2,33,42,9,0.9372325249643366,0.9671897289586305,0.9415121255349501,701,1,0.025677603423680417,FP,81533,-2734,,,,0,0,reused,14,450,1,1
uq_vote_seqdrift2::recurring_sud_sea100k_g05.csv::79299::81599,uq_vote_seqdrift2,recurring_sud_sea100k_g05.csv,79299,81599,2300,ecpf_detector_dual_seqdrift2,33,43,9,0.9282920469361148,0.96045197740113,0.9348109517601043,2301,1,0.02564102564102566,TP,81533,66,0.0002526063151578689,0.4,0.132,2,1,reused,6,150,0,0
uq_vote_seqdrift2::recurring_sud_sea100k_g05.csv::81799::82599,uq_vote_seqdrift2,recurring_sud_sea100k_g05.csv,81799,82599,800,ecpf_detector_dual_seqdrift2,35,44,8,0.7278401997503121,0.9800249687890137,0.9538077403245943,801,1,0.02621722846441943,FP,81533,1066,,,,0,0,reused,14,450,1,1
uq_vote_seqdrift2::recurring_sud_sea100k_g05.csv::83099::83799,uq_vote_seqdrift2,recurring_sud_sea100k_g05.csv,83099,83799,700,ecpf_detector_dual_seqdrift2,35,45,8,0.7146932952924394,0.9800285306704708,0.9543509272467903,701,1,0.02567760342368053,FP,81533,2266,0.0004198604965124275,0.4,0.131,0,0,reused,18,450,1,1
uq_vote_seqdrift2::recurring_sud_sea100k_g05.csv::84299::85399,uq_vote_seqdrift2,recurring_sud_sea100k_g05.csv,84299,85399,1100,ecpf_detector_dual_seqdrift2,35,46,8,0.7438692098092643,0.9763851044504995,0.9663941871026339,1101,1,0.009990917347865613,FP,81533,3866,9.240231005781879e-05,0.4,0.156,0,0,reused,21,350,1,1
uq_vote_seqdrift2::recurring_sud_sea100k_g05.csv::85799::88799,uq_vote_seqdrift2,recurring_sud_sea100k_g05.csv,85799,88799,3000,ecpf_detector_dual_seqdrift2,35,47,8,0.7430856381206264,0.9783405531489503,0.9706764411862713,3001,1,0.007664111962679021,FP,81533,7266,-7.200720071981508e-05,0.4,0.17199999999999996,2,1,reused,5,250,0,0
uq_vote_seqdrift2::recurring_sud_sea100k_g05.csv::89099::90399,uq_vote_seqdrift2,recurring_sud_sea100k_g05.csv,89099,90399,1300,ecpf_detector_dual_seqdrift2,35,48,8,0.7309761721752498,0.9715603382013835,0.9661798616448886,1301,1,0.005380476556494984,FP,81533,8866,,,,0,0,reused,13,450,1,1
uq_vote_seqdrift2::recurring_sud_sea100k_g05.csv::90899::90999,uq_vote_seqdrift2,recurring_sud_sea100k_g05.csv,90899,90999,100,ecpf_detector_dual_seqdrift2,35,49,7,0.7227722772277227,0.9801980198019802,0.9405940594059405,101,1,0.03960396039603964,FP,81533,9466,0.0002344558613965769,0.4,0.161,0,0,reused,23,450,1,1
uq_vote_seqdrift2::recurring_sud_sea100k_g05.csv::91499::92999,uq_vote_seqdrift2,recurring_sud_sea100k_g05.csv,91499,92999,1500,ecpf_detector_dual_seqdrift2,35,50,7,0.7468354430379747,0.9746835443037974,0.9726848767488341,1501,1,0.0019986675549633626,FP,81533,11466,0.00011835295882398835,0.4,0.157,2,1,reused,6,250,0,0
uq_vote_seqdrift2::recurring_sud_sea100k_g05.csv::93299::96999,uq_vote_seqdrift2,recurring_sud_sea100k_g05.csv,93299,96999,3700,ecpf_detector_dual_seqdrift2,50,51,7,0.9775736287489868,0.9775736287489868,0.9810861929208322,3701,0,-0.0035125641718454226,FP,81533,15466,,,,1,1,fresh,3,350,0,1
uq_vote_seqdrift2::recurring_sud_sea100k_g06.csv::1199::3999,uq_vote_seqdrift2,recurring_sud_sea100k_g06.csv,1199,3999,2800,ecpf_detector_dual_seqdrift2,0,1,2,0.9657265262406284,0.9657265262406284,0.9671545876472688,2801,0,-0.001428061406640424,FP,12981,-8982,0.0001625486787969465,0.4,0.15282392026578073,1,1,fresh,2,150,0,1
uq_vote_seqdrift2::recurring_sud_sea100k_g06.csv::4199::4799,uq_vote_seqdrift2,recurring_sud_sea100k_g06.csv,4199,4799,600,ecpf_detector_dual_seqdrift2,1,2,2,0.9650582362728786,0.9650582362728786,0.9550748752079867,601,1,0.009983361064891838,FP,12981,-8182,,,,4,1,reused,4,450,0,0
uq_vote_seqdrift2::recurring_sud_sea100k_g06.csv::5299::7799,uq_vote_seqdrift2,recurring_sud_sea100k_g06.csv,5299,7799,2500,ecpf_detector_dual_seqdrift2,1,3,2,0.9536185525789684,0.9536185525789684,0.9380247900839664,2501,1,0.015593762495001995,FP,12981,-5182,0.000245256131403281,0.4,0.147,0,0,reused,2,350,1,1
uq_vote_seqdrift2::recurring_sud_sea100k_g06.csv::8199::11999,uq_vote_seqdrift2,recurring_sud_sea100k_g06.csv,8199,11999,3800,ecpf_detector_dual_seqdrift2,1,4,2,0.9515916863983163,0.9515916863983163,0.9663246514075243,3801,0,-0.014732965009208066,FP,12981,-982,-0.0003840384038403772,0.4,0.18799999999999994,0,0,reused,5,150,1,0
uq_vote_seqdrift2::recurring_sud_sea100k_g06.csv::12199::13199,uq_vote_seqdrift2,recurring_sud_sea100k_g06.csv,12199,13199,1000,ecpf_detector_dual_seqdrift2,1,5,2,0.9310689310689311,0.9310689310689311,0.9040959040959041,1001,1,0.026973026973026948,TP,12981,218,,,,1,1,fresh,11,250,0,0
uq_vote_seqdrift2::recurring_sud_sea100k_g06.csv::13499::15599,uq_vote_seqdrift2,recurring_sud_sea100k_g06.csv,13499,15599,2100,ecpf_detector_dual_seqdrift2,5,6,3,0.9357448833888624,0.9357448833888624,0.9333650642551166,2101,1,0.002379819133745853,FP,12981,2618,,,,2,1,reused,7,750,0,0
uq_vote_seqdrift2::recurring_sud_sea100k_g06.csv::16399::22199,uq_vote_seqdrift2,recurring_sud_sea100k_g06.csv,16399,22199,5800,ecpf_detector_dual_seqdrift2,6,7,4,0.9606964316497155,0.9606964316497155,0.9569039820720565,5801,1,0.0037924495776590073,TP,22149,50,0.00023313018415436514,0.4,0.13953488372093023,0,0,reused,13,350,1,1
uq_vote_seqdrift2::recurring_sud_sea100k_g06.csv::22599::23399,uq_vote_seqdrift2,recurring_sud_sea100k_g06.csv,22599,23399,800,ecpf_detector_dual_seqdrift2,1,8,4,0.951310861423221,0.951310861423221,0.9463171036204744,801,1,0.004993757802746579,FP,22149,1250,-4.8004800480016083e-05,0.4,0.17199999999999996,0,0,reused,28,1150,1,1
uq_vote_seqdrift2::recurring_sud_sea100k_g06.csv::24599::25999,uq_vote_seqdrift2,recurring_sud_sea100k_g06.csv,24599,25999,1400,ecpf_detector_dual_seqdrift2,1,9,4,0.9543183440399714,0.9543183440399714,0.9586009992862241,1401,0,-0.004282655246252709,FP,28309,-2310,0.0001403709489340107,0.4,0.14950166112956811,2,1,reused,3,650,0,1
uq_vote_seqdrift2::recurring_sud_sea100k_g06.csv::26699::27999,uq_vote_seqdrift2,recurring_sud_sea100k_g06.csv,26699,27999,1300,ecpf_detector_dual_seqdrift2,1,10,4,0.9607993850883936,0.9607993850883936,0.95695618754804,1301,1,0.00384319754035356,FP,28309,-310,0.00010648830608786656,0.4,0.1388704318936877,1,1,fresh,42,1350,0,0
uq_vote_seqdrift2::recurring_sud_sea100k_g06.csv::29399::32799,uq_vote_seqdrift2,recurring_sud_sea100k_g06.csv,29399,32799,3400,ecpf_detector_dual_seqdrift2,6,11,4,0.8247574242869744,0.9556012937371361,0.9150249926492208,3401,1,0.04057630108791532,FP,28309,4490,0.00013869881850784956,0.4,0.12292358803986708,0,0,reused,15,450,1,1
uq_vote_seqdrift2::recurring_sud_sea100k_g06.csv::33299::41199,uq_vote_seqdrift2,recurring_sud_sea100k_g06.csv,33299,41199,7900,ecpf_detector_dual_seqdrift2,11,12,4,0.9687381344133654,0.9687381344133654,0.9608910264523478,7901,1,0.007847107961017619,FP,41433,-234,-4.6951173779278854e-05,0.4,0.13499999999999998,0,0,reused,17,550,1,1
uq_vote_seqdrift2::recurring_sud_sea100k_g06.csv::41799::42399,uq_vote_seqdrift2,recurring_sud_sea100k_g06.csv,41799,42399,600,ecpf_detector_dual_seqdrift2,1,13,4,0.9517470881863561,0.9517470881863561,0.9584026622296173,601,0,-0.006655574043261225,FP,41433,966,5.826731408126836e-05,0.4,0.12733333333333333,0,0,reused,11,950,1,0
uq_vote_seqdrift2::recurring_sud_sea100k_g06.csv::43399::44999,uq_vote_seqdrift2,recurring_sud_sea100k_g06.csv,43399,44999,1600,ecpf_detector_dual_seqdrift2,1,14,4,0.9650218613366646,0.9650218613366646,0.9687695190505934,1601,0,-0.0037476577139288203,FP,41433,3566,0.00017715781830982417,0.4,0.16411960132890363,2,1,reused,5,450,0,1
uq_vote_seqdrift2::recurring_sud_sea100k_g06.csv::45499::45999,uq_vote_seqdrift2,recurring_sud_sea100k_g06.csv,45499,45999,500,ecpf_detector_dual_seqdrift2,1,15,4,0.9421157684630739,0.9421157684630739,0.9261477045908184,501,1,0.015968063872255467,FP,41433,4566,0.0001896047401185302,0.4,0.16599999999999998,0,0,reused,7,250,1,1
uq_vote_seqdrift2::recurring_sud_sea100k_g06.csv::46299::47199,uq_vote_seqdrift2,recurring_sud_sea100k_g06.csv,46299,47199,900,ecpf_detector_dual_seqdrift2,1,16,4,0.9633740288568258,0.9633740288568258,0.9711431742508324,901,0,-0.007769145394006638,FP,41433,5766,,,,1,1,fresh,1,250,0,1
uq_vote_seqdrift2::recurring_sud_sea100k_g06.csv::47499::48199,uq_vote_seqdrift2,recurring_sud_sea100k_g06.csv,47499,48199,700,ecpf_detector_dual_seqdrift2,16,17,5,0.9572039942938659,0.9572039942938659,0.9557774607703281,701,1,0.0014265335235378318,FP,41433,6766,,,,0,0,reused,1,250,1,1
uq_vote_seqdrift2::recurring_sud_sea100k_g06.csv::48499::49799,uq_vote_seqdrift2,recurring_sud_sea100k_g06.csv,48499,49799,1300,ecpf_detector_dual_seqdrift2,1,18,5,0.95695618754804,0.95695618754804,0.9654112221368178,1301,0,-0.008455034588777832,FP,57090,-7291,,,,0,0,reused,6,350,1,0
uq_vote_seqdrift2::recurring_sud_sea100k_g06.csv::50199::51599,uq_vote_seqdrift2,recurring_sud_sea100k_g06.csv,50199,51599,1400,ecpf_detector_dual_seqdrift2,16,19,5,0.9578872234118487,0.9678800856531049,0.9685938615274804,1401,0,-0.0007137758743754885,FP,57090,-5491,-0.0001224122412240356,0.4,0.15199999999999997,1,1,fresh,3,250,0,1
uq_vote_seqdrift2::recurring_sud_sea100k_g06.csv::51899::52599,uq_vote_seqdrift2,recurring_sud_sea100k_g06.csv,51899,52599,700,ecpf_detector_dual_seqdrift2,16,20,5,0.9557774607703281,0.9728958630527818,0.9757489300998573,701,0,-0.0028530670470755526,FP,57090,-4491,,,,4,1,reused,2,450,0,1
uq_vote_seqdrift2::recurring_sud_sea100k_g06.csv::53099::54199,uq_vote_seqdrift2,recurring_sud_sea100k_g06.csv,53099,54199,1100,ecpf_detector_dual_seqdrift2,16,21,5,0.9554950045413261,0.9591280653950953,0.9618528610354223,1101,0,-0.0027247956403270157,FP,57090,-2891,0.00016725418135447227,0.4,0.15699999999999997,0,0,reused,1,250,1,0
uq_vote_seqdrift2::recurring_sud_sea100k_g06.csv::54499::57199,uq_vote_seqdrift2,recurring_sud_sea100k_g06.csv,54499,57199,2700,ecpf_detector_dual_seqdrift2,16,22,5,0.9500185116623473,0.9626064420584969,0.9618659755646057,2701,1,0.0007404664938911454,TP,57090,109,,,,0,0,reused,28,1350,1,1
uq_vote_seqdrift2::recurring_sud_sea100k_g06.csv::58599::61599,uq_vote_seqdrift2,recurring_sud_sea100k_g06.csv,58599,61599,3000,ecpf_detector_dual_seqdrift2,11,23,5,0.8210596467844052,0.971676107964012,0.9696767744085305,3001,1,0.0019993335554815417,FP,57090,4509,2.992233394205204e-05,0.4,0.12425249169435214,0,0,reused,2,350,1,1
uq_vote_seqdrift2::recurring_sud_sea100k_g06.csv::61999::61999,uq_vote_seqdrift2,recurring_sud_sea100k_g06.csv,61999,61999,0,ecpf_detector_dual_seqdrift2,1,24,5,1.0,1.0,1.0,1,1,0.0,FP,57090,4909,-0.0007956795679563951,0.4,0.146,7,1,fresh,1,350,0,0
uq_vote_seqdrift2::recurring_sud_sea100k_g06.csv::62399::66199,uq_vote_seqdrift2,recurring_sud_sea100k_g06.csv,62399,66199,3800,ecpf_detector_dual_seqdrift2,11,25,6,0.9213364903972638,0.9657984740857669,0.9381741646935017,3801,1,0.027624309392265234,FP,69851,-3652,-0.0002676267626764006,0.4,0.154,0,0,reused,6,350,1,1
uq_vote_seqdrift2::recurring_sud_sea100k_g06.csv::66599::66799,uq_vote_seqdrift2,recurring_sud_sea100k_g06.csv,66599,66799,200,ecpf_detector_dual_seqdrift2,11,26,7,0.9203980099502488,0.9651741293532339,0.9502487562189055,201,1,0.014925373134328401,FP,69851,-3052,0.0005052505250524691,0.4,0.154,0,0,reused,17,350,1,1
uq_vote_seqdrift2::recurring_sud_sea100k_g06.csv::67199::67799,uq_vote_seqdrift2,recurring_sud_sea100k_g06.csv,67199,67799,600,ecpf_detector_dual_seqdrift2,11,27,7,0.7970049916805324,0.9700499168053245,0.8968386023294509,601,1,0.07321131447587359,FP,69851,-2052,0.00014161416141557232,0.4,0.13199999999999998,0,0,reused,25,550,1,1
uq_vote_seqdrift2::recurring_sud_sea100k_g06.csv::68399::69999,uq_vote_seqdrift2,recurring_sud_sea100k_g06.csv,68399,69999,1600,ecpf_detector_dual_seqdrift2,11,28,7,0.8363522798251093,0.957526545908807,0.9450343535290443,1601,1,0.012492192379762734,TP,69851,148,8.6800964455157e-05,0.4,0.11533333333333332,1,1,fresh,6,150,0,0
uq_vote_seqdrift2::recurring_sud_sea100k_g06.csv::70199::72599,uq_vote_seqdrift2,recurring_sud_sea100k_g06.csv,70199,72599,2400,ecpf_detector_dual_seqdrift2,16,29,8,0.8912952936276551,0.9633486047480216,0.9729279466888796,2401,0,-0.009579341940857966,FP,69851,2748,,,,1,1,fresh,7,250,0,1
uq_vote_seqdrift2::recurring_sud_sea100k_g06.csv::72899::78999,uq_vote_seqdrift2,recurring_sud_sea100k_g06.csv,72899,78999,6100,ecpf_detector_dual_seqdrift2,16,30,8,0.9504999180462219,0.9618095394197672,0.965579413210949,6101,0,-0.003769873791181766,TP,78803,196,,,,2,1,reused,21,450,0,1
uq_vote_seqdrift2::recurring_sud_sea100k_g06.csv::79499::79799,uq_vote_seqdrift2,recurring_sud_sea100k_g06.csv,79499,79799,300,ecpf_detector_dual_seqdrift2,11,31,8,0.893687707641196,0.9568106312292359,0.9102990033222591,301,1,0.04651162790697683,FP,78803,996,0.0002004050101252151,0.4,0.152,0,0,reused,17,150,1,1
uq_vote_seqdrift2::recurring_sud_sea100k_g06.csv::79999::80199,uq_vote_seqdrift2,recurring_sud_sea100k_g06.csv,79999,80199,200,ecpf_detector_dual_seqdrift2,31,32,7,0.945273631840796,0.945273631840796,0.9502487562189055,201,0,-0.00497512437810943,FP,78803,1396,,,,4,1,reused,1,198,0,1
uq_vote_seqdrift2::recurring_sud_sea100k_g06.csv::80399::83599,uq_vote_seqdrift2,recurring_sud_sea100k_g06.csv,80399,83599,3200,ecpf_detector_dual_seqdrift2,31,33,8,0.9262730396751016,0.9578256794751641,0.9034676663542643,3201,1,0.05435801312089972,FP,78803,4796,,,,2,1,reused,1,150,0,0
uq_vote_seqdrift2::recurring_sud_sea100k_g06.csv::83799::85999,uq_vote_seqdrift2,recurring_sud_sea100k_g06.csv,83799,85999,2200,ecpf_detector_dual_seqdrift2,31,34,8,0.8346206269877329,0.9586551567469332,0.9600181735574739,2201,0,-0.0013630168105406293,FP,78803,7196,,,,1,1,fresh,4,450,0,1
uq_vote_seqdrift2::recurring_sud_sea100k_g06.csv::86499::89799,uq_vote_seqdrift2,recurring_sud_sea100k_g06.csv,86499,89799,3300,ecpf_detector_dual_seqdrift2,31,35,9,0.9378976067858225,0.9530445319600122,0.9624356255680097,3301,0,-0.009391093607997503,FP,95798,-5999,0.00016710417760433432,0.4,0.12599999999999997,1,1,fresh,11,350,0,1
uq_vote_seqdrift2::recurring_sud_sea100k_g06.csv::90199::93799,uq_vote_seqdrift2,recurring_sud_sea100k_g06.csv,90199,93799,3600,ecpf_detector_dual_seqdrift2,31,36,9,0.8203276867536795,0.9558455984448764,0.9555678978061649,3601,1,0.00027770063871146444,FP,95798,-1999,0.0007200720072011494,0.4,0.15199999999999997,2,1,reused,1,350,0,0
uq_vote_seqdrift2::recurring_sud_sea100k_g06.csv::94199::94599,uq_vote_seqdrift2,recurring_sud_sea100k_g06.csv,94199,94599,400,ecpf_detector_dual_seqdrift2,34,37,9,0.8079800498753117,0.9650872817955112,0.9251870324189526,401,1,0.03990024937655856,FP,95798,-1199,-0.00025082508250764317,0.4,0.12599999999999997,0,0,reused,20,350,1,1
uq_vote_seqdrift2::recurring_sud_sea100k_g06.csv::94999::95999,uq_vote_seqdrift2,recurring_sud_sea100k_g06.csv,94999,95999,1000,ecpf_detector_dual_seqdrift2,31,38,9,0.9200799200799201,0.935064935064935,0.8871128871128872,1001,1,0.04795204795204788,TP,95798,201,-2.520252025200672e-05,0.4,0.13,1,1,fresh,28,450,0,0
uq_vote_seqdrift2::recurring_sud_sea100k_g07.csv::999::5399,uq_vote_seqdrift2,recurring_sud_sea100k_g07.csv,999,5399,4400,ecpf_detector_dual_seqdrift2,0,1,2,0.9681890479436491,0.9681890479436491,0.948648034537605,4401,1,0.019541013406044083,TP,5095,304,2.120965435303952e-05,0.4,0.1495016611295681,4,1,reused,4,750,0,0
uq_vote_seqdrift2::recurring_sud_sea100k_g07.csv::6199::12999,uq_vote_seqdrift2,recurring_sud_sea100k_g07.csv,6199,12999,6800,ecpf_detector_dual_seqdrift2,0,2,2,0.9248639905896192,0.9248639905896192,0.9501543890604323,6801,0,-0.025290398470813047,FP,14736,-1737,-1.0912851202391654e-05,0.4,0.13754152823920265,1,1,fresh,8,650,0,1
uq_vote_seqdrift2::recurring_sud_sea100k_g07.csv::13699::14599,uq_vote_seqdrift2,recurring_sud_sea100k_g07.csv,13699,14599,900,ecpf_detector_dual_seqdrift2,2,3,3,0.9445061043285239,0.9445061043285239,0.9445061043285239,901,1,0.0,FP,14736,-137,0.00010015181184133183,0.4,0.11362126245847175,3,1,fresh,10,450,0,0
uq_vote_seqdrift2::recurring_sud_sea100k_g07.csv::15099::15199,uq_vote_seqdrift2,recurring_sud_sea100k_g07.csv,15099,15199,100,ecpf_detector_dual_seqdrift2,0,4,4,0.900990099009901,0.9603960396039604,0.8712871287128713,101,1,0.08910891089108908,FP,14736,463,0.00016890422260556118,0.4,0.122,2,1,reused,21,250,0,0
uq_vote_seqdrift2::recurring_sud_sea100k_g07.csv::15499::17799,uq_vote_seqdrift2,recurring_sud_sea100k_g07.csv,15499,17799,2300,ecpf_detector_dual_seqdrift2,4,5,4,0.959148196436332,0.959148196436332,0.9621903520208605,2301,0,-0.003042155584528472,FP,14736,3063,,,,2,1,reused,1,250,0,1
uq_vote_seqdrift2::recurring_sud_sea100k_g07.csv::18099::25599,uq_vote_seqdrift2,recurring_sud_sea100k_g07.csv,18099,25599,7500,ecpf_detector_dual_seqdrift2,4,6,4,0.8725503266231169,0.9573390214638048,0.9626716437808293,7501,0,-0.005332622317024471,TP,25506,93,,,,0,0,reused,7,650,1,0
uq_vote_seqdrift2::recurring_sud_sea100k_g07.csv::26299::29199,uq_vote_seqdrift2,recurring_sud_sea100k_g07.csv,26299,29199,2900,ecpf_detector_dual_seqdrift2,6,7,5,0.9527749052051017,0.9527749052051017,0.9351947604274388,2901,1,0.0175801447776629,FP,25506,3693,0.00023805856856834502,0.4,0.1255813953488372,2,1,reused,4,1050,0,0
uq_vote_seqdrift2::recurring_sud_sea100k_g07.csv::30299::32599,uq_vote_seqdrift2,recurring_sud_sea100k_g07.csv,30299,32599,2300,ecpf_detector_dual_seqdrift2,6,8,5,0.943502824858757,0.9613211647109953,0.9656671012603216,2301,0,-0.004345936549326357,FP,25506,7093,0.0001655409121911483,0.4,0.13023255813953488,1,1,fresh,8,550,0,1
uq_vote_seqdrift2::recurring_sud_sea100k_g07.csv::33199::35399,uq_vote_seqdrift2,recurring_sud_sea100k_g07.csv,33199,35399,2200,ecpf_detector_dual_seqdrift2,8,9,5,0.9709223080417991,0.9709223080417991,0.9359382099045889,2201,1,0.03498409813721026,FP,44797,-9398,7.36897076634235e-05,0.4,0.12266666666666666,2,1,reused,8,550,0,0
uq_vote_seqdrift2::recurring_sud_sea100k_g07.csv::35999::37199,uq_vote_seqdrift2,recurring_sud_sea100k_g07.csv,35999,37199,1200,ecpf_detector_dual_seqdrift2,8,10,4,0.9467110741049126,0.9725228975853455,0.9400499583680266,1201,1,0.032472939217318864,FP,44797,-7598,0.00019413549039431233,0.4,0.12666666666666668,0,0,reused,7,250,1,1
uq_vote_seqdrift2::recurring_sud_sea100k_g07.csv::37499::41199,uq_vote_seqdrift2,recurring_sud_sea100k_g07.csv,37499,41199,3700,ecpf_detector_dual_seqdrift2,8,11,4,0.9365036476627938,0.9643339637935693,0.9427181842745204,3701,1,0.021615779519048917,FP,44797,-3598,,,,0,0,reused,10,350,1,1
uq_vote_seqdrift2::recurring_sud_sea100k_g07.csv::41599::43199,uq_vote_seqdrift2,recurring_sud_sea100k_g07.csv,41599,43199,1600,ecpf_detector_dual_seqdrift2,8,12,4,0.9412866958151156,0.9687695190505934,0.9425359150530919,1601,1,0.02623360399750152,FP,44797,-1598,-0.00010441044104404654,0.4,0.154,0,0,reused,7,350,1,1
uq_vote_seqdrift2::recurring_sud_sea100k_g07.csv::43599::44999,uq_vote_seqdrift2,recurring_sud_sea100k_g07.csv,43599,44999,1400,ecpf_detector_dual_seqdrift2,8,13,4,0.9300499643112062,0.9557458957887224,0.961456102783726,1401,0,-0.005710206995003575,TP,44797,202,0.0005772577257726799,0.4,0.13,1,1,fresh,21,350,0,1
uq_vote_seqdrift2::recurring_sud_sea100k_g07.csv::45399::48399,uq_vote_seqdrift2,recurring_sud_sea100k_g07.csv,45399,48399,3000,ecpf_detector_dual_seqdrift2,4,14,4,0.9220259913362212,0.9576807730756415,0.9753415528157281,3001,0,-0.01766077974008662,FP,50607,-2208,0.0003900390039004725,0.4,0.17399999999999996,1,1,fresh,10,550,0,1
uq_vote_seqdrift2::recurring_sud_sea100k_g07.csv::48999::50799,uq_vote_seqdrift2,recurring_sud_sea100k_g07.csv,48999,50799,1800,ecpf_detector_dual_seqdrift2,14,15,5,0.974458634092171,0.974458634092171,0.9516935036091061,1801,1,0.022765130483064944,TP,50607,192,0.0001260458449538179,0.4,0.13866666666666666,1,1,fresh,20,650,0,0
uq_vote_seqdrift2::recurring_sud_sea100k_g07.csv::51499::54799,uq_vote_seqdrift2,recurring_sud_sea100k_g07.csv,51499,54799,3300,ecpf_detector_dual_seqdrift2,8,16,5,0.9306270827022115,0.9639503180854286,0.9454710693729172,3301,1,0.018479248712511387,FP,50607,4192,6.380497678816846e-05,0.4,0.12358803986710962,0,0,reused,13,450,1,1
uq_vote_seqdrift2::recurring_sud_sea100k_g07.csv::55299::55399,uq_vote_seqdrift2,recurring_sud_sea100k_g07.csv,55299,55399,100,ecpf_detector_dual_seqdrift2,8,17,5,0.9207920792079208,0.9504950495049505,0.8415841584158416,101,1,0.1089108910891089,FP,59907,-4508,0.00025230630765764013,0.4,0.14,0,0,reused,12,150,1,1
uq_vote_seqdrift2::recurring_sud_sea100k_g07.csv::55599::56599,uq_vote_seqdrift2,recurring_sud_sea100k_g07.csv,55599,56599,1000,ecpf_detector_dual_seqdrift2,8,18,4,0.9230769230769231,0.97002997002997,0.945054945054945,1001,1,0.024975024975025018,FP,59907,-3308,,,,0,0,reused,5,450,1,1
uq_vote_seqdrift2::recurring_sud_sea100k_g07.csv::57099::58199,uq_vote_seqdrift2,recurring_sud_sea100k_g07.csv,57099,58199,1100,ecpf_detector_dual_seqdrift2,8,19,4,0.927338782924614,0.9600363306085377,0.9582198001816531,1101,1,0.0018165304268845661,FP,59907,-1708,0.0002766069151729044,0.4,0.12999999999999998,0,0,reused,1,250,1,1
uq_vote_seqdrift2::recurring_sud_sea100k_g07.csv::58499::58999,uq_vote_seqdrift2,recurring_sud_sea100k_g07.csv,58499,58999,500,ecpf_detector_dual_seqdrift2,8,20,4,0.9161676646706587,0.9600798403193613,0.8922155688622755,501,1,0.06786427145708585,FP,59907,-908,,,,2,1,reused,8,250,0,0
uq_vote_seqdrift2::recurring_sud_sea100k_g07.csv::59299::60199,uq_vote_seqdrift2,recurring_sud_sea100k_g07.csv,59299,60199,900,ecpf_detector_dual_seqdrift2,8,21,4,0.9156492785793563,0.9544950055493896,0.9345172031076582,901,1,0.019977802441731418,TP,59907,292,,,,1,1,fresh,2,350,0,0
uq_vote_seqdrift2::recurring_sud_sea100k_g07.csv::60599::61799,uq_vote_seqdrift2,recurring_sud_sea100k_g07.csv,60599,61799,1200,ecpf_detector_dual_seqdrift2,14,22,5,0.929225645295587,0.9758534554537885,0.9358867610324729,1201,1,0.03996669442131562,FP,59907,1892,-0.00032643264326397836,0.4,0.136,0,0,reused,8,350,1,1
uq_vote_seqdrift2::recurring_sud_sea100k_g07.csv::62199::63399,uq_vote_seqdrift2,recurring_sud_sea100k_g07.csv,62199,63399,1200,ecpf_detector_dual_seqdrift2,14,23,5,0.9608659450457951,0.9675270607826811,0.951706910907577,1201,1,0.01582014987510416,FP,59907,3492,0.000618061806180553,0.4,0.162,2,1,reused,16,850,0,0
uq_vote_seqdrift2::recurring_sud_sea100k_g07.csv::64299::64599,uq_vote_seqdrift2,recurring_sud_sea100k_g07.csv,64299,64599,300,ecpf_detector_dual_seqdrift2,23,24,5,0.9568106312292359,0.9568106312292359,0.9269102990033222,301,1,0.029900332225913706,FP,59907,4692,-4.8843809817147795e-05,0.4,0.160797342192691,0,0,reused,12,350,1,1
uq_vote_seqdrift2::recurring_sud_sea100k_g07.csv::64999::65399,uq_vote_seqdrift2,recurring_sud_sea100k_g07.csv,64999,65399,400,ecpf_detector_dual_seqdrift2,23,25,5,0.9501246882793017,0.9576059850374065,0.8802992518703242,401,1,0.07730673316708225,FP,59907,5492,0.00013681368136805413,0.4,0.148,2,1,reused,42,1950,0,0
uq_vote_seqdrift2::recurring_sud_sea100k_g07.csv::67399::69599,uq_vote_seqdrift2,recurring_sud_sea100k_g07.csv,67399,69599,2200,ecpf_detector_dual_seqdrift2,23,26,3,0.9241253975465697,0.9650159018627896,0.9750113584734211,2201,0,-0.009995456610631503,FP,76229,-6630,0.00017442960550920404,0.4,0.14285714285714285,0,0,reused,3,150,1,0
uq_vote_seqdrift2::recurring_sud_sea100k_g07.csv::69799::70399,uq_vote_seqdrift2,recurring_sud_sea100k_g07.csv,69799,70399,600,ecpf_detector_dual_seqdrift2,23,27,3,0.9201331114808652,0.9733777038269551,0.8136439267886856,601,1,0.15973377703826952,FP,76229,-5830,,,,0,0,reused,45,750,1,1
uq_vote_seqdrift2::recurring_sud_sea100k_g07.csv::71199::76399,uq_vote_seqdrift2,recurring_sud_sea100k_g07.csv,71199,76399,5200,ecpf_detector_dual_seqdrift2,23,28,3,0.9167467794654874,0.9665448952124591,0.9421265141318977,5201,1,0.02441838108056138,TP,76229,170,0.00019079888231281368,0.4,0.13421926910299004,2,1,reused,2,150,0,0
uq_vote_seqdrift2::recurring_sud_sea100k_g07.csv::76599::77399,uq_vote_seqdrift2,recurring_sud_sea100k_g07.csv,76599,77399,800,ecpf_detector_dual_seqdrift2,8,29,3,0.9625468164794008,0.9625468164794008,0.9500624219725343,801,1,0.012484394506866447,FP,76229,1170,,,,0,0,reused,8,350,1,1
uq_vote_seqdrift2::recurring_sud_sea100k_g07.csv::77799::79999,uq_vote_seqdrift2,recurring_sud_sea100k_g07.csv,77799,79999,2200,ecpf_detector_dual_seqdrift2,8,30,3,0.9631985461154021,0.9631985461154021,0.9709223080417991,2201,0,-0.00772376192639701,FP,76229,3770,-0.0006372637263722588,0.4,0.146,2,1,reused,2,250,0,1
uq_vote_seqdrift2::recurring_sud_sea100k_g07.csv::80299::88799,uq_vote_seqdrift2,recurring_sud_sea100k_g07.csv,80299,88799,8500,ecpf_detector_dual_seqdrift2,8,31,3,0.9632984354781791,0.9632984354781791,0.9416539230678743,8501,1,0.02164451241030474,FP,89311,-512,,,,2,1,reused,5,250,0,0
uq_vote_seqdrift2::recurring_sud_sea100k_g07.csv::89099::89399,uq_vote_seqdrift2,recurring_sud_sea100k_g07.csv,89099,89399,300,ecpf_detector_dual_seqdrift2,8,32,3,0.9435215946843853,0.9435215946843853,0.9036544850498339,301,1,0.03986710963455142,TP,89311,88,,,,3,1,fresh,1,468,0,0
uq_vote_seqdrift2::recurring_sud_sea100k_g07.csv::89899::91199,uq_vote_seqdrift2,recurring_sud_sea100k_g07.csv,89899,91199,1300,ecpf_detector_dual_seqdrift2,23,33,3,0.921598770176787,0.9746348962336664,0.9669485011529593,1301,1,0.00768639508070712,FP,89311,1888,0.00014445361134016998,0.4,0.13699999999999998,0,0,reused,6,150,1,1
uq_vote_seqdrift2::recurring_sud_sea100k_g07.csv::91399::98599,uq_vote_seqdrift2,recurring_sud_sea100k_g07.csv,91399,98599,7200,ecpf_detector_dual_seqdrift2,23,34,3,0.9165393695320094,0.9670879044577142,0.9706985140952645,7201,0,-0.0036106096375503327,FP,89311,9288,,,,1,1,fresh,3,650,0,1
uq_vote_seqdrift2::recurring_sud_sea100k_g08.csv::499::799,uq_vote_seqdrift2,recurring_sud_sea100k_g08.csv,499,799,300,ecpf_detector_dual_seqdrift2,0,1,2,0.893687707641196,0.893687707641196,0.9302325581395349,301,0,-0.03654485049833889,FP,12151,-11352,1.5022389137657133e-05,0.4,0.16266666666666668,1,1,fresh,10,450,0,1
uq_vote_seqdrift2::recurring_sud_sea100k_g08.csv::1299::1999,uq_vote_seqdrift2,recurring_sud_sea100k_g08.csv,1299,1999,700,ecpf_detector_dual_seqdrift2,1,2,3,0.9586305278174037,0.9586305278174037,0.9443651925820257,701,1,0.014265335235377985,FP,12151,-10152,0.0004927623190579765,0.4,0.15899999999999997,1,1,fresh,4,350,0,0
uq_vote_seqdrift2::recurring_sud_sea100k_g08.csv::2399::2399,uq_vote_seqdrift2,recurring_sud_sea100k_g08.csv,2399,2399,0,ecpf_detector_dual_seqdrift2,1,3,2,1.0,1.0,1.0,1,1,0.0,FP,12151,-9752,-0.0002292229222922249,0.4,0.18599999999999994,0,0,reused,43,350,1,1
uq_vote_seqdrift2::recurring_sud_sea100k_g08.csv::2799::2999,uq_vote_seqdrift2,recurring_sud_sea100k_g08.csv,2799,2999,200,ecpf_detector_dual_seqdrift2,3,4,2,0.945273631840796,0.945273631840796,0.8507462686567164,201,1,0.09452736318407962,FP,12151,-9152,0.0002004200420042003,0.4,0.162,0,0,reused,5,150,1,1
uq_vote_seqdrift2::recurring_sud_sea100k_g08.csv::3199::11799,uq_vote_seqdrift2,recurring_sud_sea100k_g08.csv,3199,11799,8600,ecpf_detector_dual_seqdrift2,3,5,2,0.9633763515870247,0.9633763515870247,0.9876758516451576,8601,0,-0.02429950005813286,FP,12151,-352,,,,1,1,fresh,2,150,0,1
uq_vote_seqdrift2::recurring_sud_sea100k_g08.csv::11999::12599,uq_vote_seqdrift2,recurring_sud_sea100k_g08.csv,11999,12599,600,ecpf_detector_dual_seqdrift2,5,6,2,0.9600665557404326,0.9600665557404326,0.9334442595673876,601,1,0.026622296173045013,TP,12151,448,,,,8,1,reused,3,1050,0,0
uq_vote_seqdrift2::recurring_sud_sea100k_g08.csv::13699::18199,uq_vote_seqdrift2,recurring_sud_sea100k_g08.csv,13699,18199,4500,ecpf_detector_dual_seqdrift2,5,7,2,0.9622306154187958,0.9622306154187958,0.9762275049988891,4501,0,-0.013996889580093264,FP,12151,6048,1.0912851202389933e-05,0.4,0.16212624584717608,1,1,fresh,1,350,0,1
uq_vote_seqdrift2::recurring_sud_sea100k_g08.csv::18599::31599,uq_vote_seqdrift2,recurring_sud_sea100k_g08.csv,18599,31599,13000,ecpf_detector_dual_seqdrift2,7,8,3,0.9654641950619183,0.9654641950619183,0.9823090531497577,13001,0,-0.01684485808783942,TP,30170,1429,-0.0003468346834684182,0.4,0.162,3,1,fresh,3,350,0,1
uq_vote_seqdrift2::recurring_sud_sea100k_g08.csv::31999::33799,uq_vote_seqdrift2,recurring_sud_sea100k_g08.csv,31999,33799,1800,ecpf_detector_dual_seqdrift2,5,9,3,0.9838978345363687,0.9838978345363687,0.9739033870072182,1801,1,0.009994447529150463,FP,30170,3629,0.0009108910891090101,0.4,0.18199999999999997,2,1,reused,6,250,0,0
uq_vote_seqdrift2::recurring_sud_sea100k_g08.csv::34099::38999,uq_vote_seqdrift2,recurring_sud_sea100k_g08.csv,34099,38999,4900,ecpf_detector_dual_seqdrift2,9,10,3,0.982656600693736,0.982656600693736,0.9700061211997552,4901,1,0.012650479493980793,TP,38530,469,,,,2,1,reused,5,450,0,0
uq_vote_seqdrift2::recurring_sud_sea100k_g08.csv::39499::41999,uq_vote_seqdrift2,recurring_sud_sea100k_g08.csv,39499,41999,2500,ecpf_detector_dual_seqdrift2,7,11,3,0.9696121551379449,0.9696121551379449,0.9776089564174331,2501,0,-0.007996801279488208,FP,38530,3469,-7.050176254397602e-06,0.4,0.16699999999999998,0,0,reused,6,950,1,0
uq_vote_seqdrift2::recurring_sud_sea100k_g08.csv::42999::46999,uq_vote_seqdrift2,recurring_sud_sea100k_g08.csv,42999,46999,4000,ecpf_detector_dual_seqdrift2,11,12,3,0.979005248687828,0.979005248687828,0.9745063734066484,4001,1,0.004498875281179648,FP,48495,-1496,0.00010402411388087431,0.4,0.15747508305647837,2,1,reused,2,450,0,0
uq_vote_seqdrift2::recurring_sud_sea100k_g08.csv::47499::48799,uq_vote_seqdrift2,recurring_sud_sea100k_g08.csv,47499,48799,1300,ecpf_detector_dual_seqdrift2,11,13,3,0.9607993850883936,0.9738662567255957,0.9577248270561107,1301,1,0.016141429669484952,TP,48495,304,0.0001746043651091325,0.4,0.154,0,0,reused,1,950,1,1
uq_vote_seqdrift2::recurring_sud_sea100k_g08.csv::49799::49799,uq_vote_seqdrift2,recurring_sud_sea100k_g08.csv,49799,49799,0,ecpf_detector_dual_seqdrift2,9,14,3,1.0,1.0,1.0,1,1,0.0,FP,48495,1304,0.00016114056896439734,0.4,0.15614617940199332,0,0,reused,39,250,1,1
uq_vote_seqdrift2::recurring_sud_sea100k_g08.csv::50099::51799,uq_vote_seqdrift2,recurring_sud_sea100k_g08.csv,50099,51799,1700,ecpf_detector_dual_seqdrift2,9,15,3,0.9870664315108759,0.9870664315108759,0.9547325102880658,1701,1,0.03233392122281009,FP,48495,3304,,,,0,0,reused,27,1150,1,1
uq_vote_seqdrift2::recurring_sud_sea100k_g08.csv::52999::54999,uq_vote_seqdrift2,recurring_sud_sea100k_g08.csv,52999,54999,2000,ecpf_detector_dual_seqdrift2,9,16,3,0.9860069965017492,0.9860069965017492,0.9740129935032483,2001,1,0.011994002998500841,FP,48495,6504,0.00014195507249564645,0.4,0.1521594684385382,0,0,reused,4,450,1,1
uq_vote_seqdrift2::recurring_sud_sea100k_g08.csv::55499::59999,uq_vote_seqdrift2,recurring_sud_sea100k_g08.csv,55499,59999,4500,ecpf_detector_dual_seqdrift2,9,17,3,0.9880026660742057,0.9880026660742057,0.9748944678960231,4501,1,0.01310819817818265,FP,62938,-2939,0.0001681542038551076,0.4,0.153,0,0,reused,7,450,1,1
uq_vote_seqdrift2::recurring_sud_sea100k_g08.csv::60499::61999,uq_vote_seqdrift2,recurring_sud_sea100k_g08.csv,60499,61999,1500,ecpf_detector_dual_seqdrift2,9,18,3,0.988674217188541,0.988674217188541,0.9746835443037974,1501,1,0.013990672884743538,FP,62938,-939,0.0001926048151203902,0.4,0.15,0,0,reused,2,450,1,1
uq_vote_seqdrift2::recurring_sud_sea100k_g08.csv::62499::63199,uq_vote_seqdrift2,recurring_sud_sea100k_g08.csv,62499,63199,700,ecpf_detector_dual_seqdrift2,9,19,3,0.9743223965763196,0.9743223965763196,0.9443651925820257,701,1,0.029957203994293913,TP,62938,261,0.0004873621840546609,0.4,0.15699999999999995,9,1,fresh,5,1250,0,0
uq_vote_seqdrift2::recurring_sud_sea100k_g08.csv::64499::67799,uq_vote_seqdrift2,recurring_sud_sea100k_g08.csv,64499,67799,3300,ecpf_detector_dual_seqdrift2,11,20,3,0.9636473795819449,0.9760678582247804,0.9739472887003938,3301,1,0.0021205695243865508,FP,62938,4861,0.00021262458471760868,0.4,0.16279069767441862,2,1,reused,2,1050,0,0
uq_vote_seqdrift2::recurring_sud_sea100k_g08.csv::68899::81799,uq_vote_seqdrift2,recurring_sud_sea100k_g08.csv,68899,81799,12900,ecpf_detector_dual_seqdrift2,11,21,3,0.9590729400821641,0.9766684753119913,0.9734129137276181,12901,1,0.0032555615843732344,TP,81533,266,5.8612571780567196e-05,0.4,0.1521594684385382,3,1,fresh,1,296,0,0
uq_vote_seqdrift2::recurring_sud_sea100k_g08.csv::82099::85599,uq_vote_seqdrift2,recurring_sud_sea100k_g08.csv,82099,85599,3500,ecpf_detector_dual_seqdrift2,9,22,3,0.9857183661810911,0.9857183661810911,0.9708654670094259,3501,1,0.014852899171665213,FP,81533,4066,,,,4,1,reused,3,750,0,0
uq_vote_seqdrift2::recurring_sud_sea100k_g08.csv::86399::89799,uq_vote_seqdrift2,recurring_sud_sea100k_g08.csv,86399,89799,3400,ecpf_detector_dual_seqdrift2,9,23,3,0.9897089091443693,0.9897089091443693,0.9841223169655984,3401,1,0.005586592178770888,FP,81533,8266,9.768761963411363e-06,0.4,0.13687707641196015,0,0,reused,5,150,1,1
uq_vote_seqdrift2::recurring_sud_sea100k_g08.csv::89999::99799,uq_vote_seqdrift2,recurring_sud_sea100k_g08.csv,89999,99799,9800,ecpf_detector_dual_seqdrift2,23,24,3,0.987756351392715,0.987756351392715,0.9855116824813794,9801,1,0.002244668911335568,FP,81533,18266,,,,0,0,reused,3,200,1,1
uq_vote_seqdrift2::recurring_sud_sea100k_g09.csv::499::1399,uq_vote_seqdrift2,recurring_sud_sea100k_g09.csv,499,1399,900,ecpf_detector_dual_seqdrift2,0,1,2,0.8923418423973363,0.8923418423973363,0.9522752497225305,901,0,-0.059933407325194255,FP,7989,-6590,1.50668340759342e-05,0.4,0.102,1,1,fresh,20,1150,0,1
uq_vote_seqdrift2::recurring_sud_sea100k_g09.csv::2599::2599,uq_vote_seqdrift2,recurring_sud_sea100k_g09.csv,2599,2599,0,ecpf_detector_dual_seqdrift2,1,2,2,1.0,1.0,1.0,1,1,0.0,FP,7989,-5390,0.00013649864689445899,0.4,0.11827242524916942,0,0,reused,18,150,1,1
uq_vote_seqdrift2::recurring_sud_sea100k_g09.csv::2799::2999,uq_vote_seqdrift2,recurring_sud_sea100k_g09.csv,2799,2999,200,ecpf_detector_dual_seqdrift2,1,3,2,0.9054726368159204,0.9054726368159204,0.9353233830845771,201,0,-0.02985074626865669,FP,7989,-4990,,,,1,1,fresh,1,150,0,1
uq_vote_seqdrift2::recurring_sud_sea100k_g09.csv::3199::3399,uq_vote_seqdrift2,recurring_sud_sea100k_g09.csv,3199,3399,200,ecpf_detector_dual_seqdrift2,3,4,3,0.8955223880597015,0.8955223880597015,0.8308457711442786,201,1,0.06467661691542292,FP,7989,-4590,,,,0,0,reused,4,350,1,1
uq_vote_seqdrift2::recurring_sud_sea100k_g09.csv::3799::5199,uq_vote_seqdrift2,recurring_sud_sea100k_g09.csv,3799,5199,1400,ecpf_detector_dual_seqdrift2,1,5,3,0.9400428265524625,0.9400428265524625,0.9300499643112062,1401,1,0.009992862241256284,FP,7989,-2790,-0.0006468646864685899,0.4,0.13399999999999998,0,0,reused,12,550,1,1
uq_vote_seqdrift2::recurring_sud_sea100k_g09.csv::5799::6199,uq_vote_seqdrift2,recurring_sud_sea100k_g09.csv,5799,6199,400,ecpf_detector_dual_seqdrift2,3,6,3,0.9301745635910225,0.9301745635910225,0.9501246882793017,401,0,-0.01995012468827928,FP,7989,-1790,1.817797975533213e-05,0.4,0.12733333333333335,4,1,reused,1,290,0,1
uq_vote_seqdrift2::recurring_sud_sea100k_g09.csv::6499::7999,uq_vote_seqdrift2,recurring_sud_sea100k_g09.csv,6499,7999,1500,ecpf_detector_dual_seqdrift2,5,7,3,0.9327115256495669,0.9447035309793471,0.944037308461026,1501,1,0.0006662225183211579,TP,7989,10,,,,5,1,fresh,3,550,0,0
uq_vote_seqdrift2::recurring_sud_sea100k_g09.csv::8599::10399,uq_vote_seqdrift2,recurring_sud_sea100k_g09.csv,8599,10399,1800,ecpf_detector_dual_seqdrift2,7,8,4,0.8695169350360911,0.8695169350360911,0.9711271515824542,1801,0,-0.10161021654636315,FP,7989,2410,4.244491605462332e-05,0.4,0.13,1,1,fresh,17,250,0,1
uq_vote_seqdrift2::recurring_sud_sea100k_g09.csv::10699::13799,uq_vote_seqdrift2,recurring_sud_sea100k_g09.csv,10699,13799,3100,ecpf_detector_dual_seqdrift2,8,9,5,0.9722670106417285,0.9722670106417285,0.9574330861012577,3101,1,0.014833924540470833,FP,7989,5810,,,,3,1,fresh,1,168,0,0
uq_vote_seqdrift2::recurring_sud_sea100k_g09.csv::13999::17999,uq_vote_seqdrift2,recurring_sud_sea100k_g09.csv,13999,17999,4000,ecpf_detector_dual_seqdrift2,9,10,5,0.9715071232191952,0.9715071232191952,0.9767558110472382,4001,0,-0.005248687828042997,FP,25726,-7727,,,,0,0,reused,9,1050,1,0
uq_vote_seqdrift2::recurring_sud_sea100k_g09.csv::19099::19199,uq_vote_seqdrift2,recurring_sud_sea100k_g09.csv,19099,19199,100,ecpf_detector_dual_seqdrift2,10,11,5,0.9603960396039604,0.9603960396039604,0.8613861386138614,101,1,0.09900990099009899,FP,25726,-6527,9.522342742732253e-05,0.4,0.15481727574750828,0,0,reused,20,150,1,1
uq_vote_seqdrift2::recurring_sud_sea100k_g09.csv::19399::19599,uq_vote_seqdrift2,recurring_sud_sea100k_g09.csv,19399,19599,200,ecpf_detector_dual_seqdrift2,10,12,6,0.9303482587064676,0.9950248756218906,0.8955223880597015,201,1,0.09950248756218905,FP,25726,-6127,,,,2,1,reused,9,250,0,0
uq_vote_seqdrift2::recurring_sud_sea100k_g09.csv::19899::20399,uq_vote_seqdrift2,recurring_sud_sea100k_g09.csv,19899,20399,500,ecpf_detector_dual_seqdrift2,10,13,6,0.7584830339321357,0.9580838323353293,0.9401197604790419,501,1,0.017964071856287456,FP,25726,-5327,,,,0,0,reused,57,1750,1,1
uq_vote_seqdrift2::recurring_sud_sea100k_g09.csv::22199::24799,uq_vote_seqdrift2,recurring_sud_sea100k_g09.csv,22199,24799,2600,ecpf_detector_dual_seqdrift2,10,14,6,0.7823913879277201,0.9780853517877739,0.9719338715878508,2601,1,0.006151480199923065,FP,25726,-927,0.00022934588897933572,0.4,0.1574750830564784,0,0,reused,2,150,1,1
uq_vote_seqdrift2::recurring_sud_sea100k_g09.csv::24999::25199,uq_vote_seqdrift2,recurring_sud_sea100k_g09.csv,24999,25199,200,ecpf_detector_dual_seqdrift2,10,15,6,0.8955223880597015,0.9651741293532339,0.9402985074626866,201,1,0.02487562189054726,FP,25726,-527,,,,0,0,reused,9,150,1,1
uq_vote_seqdrift2::recurring_sud_sea100k_g09.csv::25399::25799,uq_vote_seqdrift2,recurring_sud_sea100k_g09.csv,25399,25799,400,ecpf_detector_dual_seqdrift2,10,16,6,0.8154613466334164,0.9551122194513716,0.8403990024937655,401,1,0.11471321695760606,TP,25726,73,,,,1,1,fresh,84,850,0,0
uq_vote_seqdrift2::recurring_sud_sea100k_g09.csv::26699::27399,uq_vote_seqdrift2,recurring_sud_sea100k_g09.csv,26699,27399,700,ecpf_detector_dual_seqdrift2,7,17,6,0.9443651925820257,0.9457917261055635,0.8873038516405135,701,1,0.058487874465049994,FP,25726,1673,7.43658005324645e-05,0.4,0.12159468438538204,0,0,reused,5,350,1,1
uq_vote_seqdrift2::recurring_sud_sea100k_g09.csv::27799::27799,uq_vote_seqdrift2,recurring_sud_sea100k_g09.csv,27799,27799,0,ecpf_detector_dual_seqdrift2,3,18,6,1.0,1.0,1.0,1,1,0.0,FP,25726,2073,-0.0011329132913292528,0.4,0.144,0,0,reused,4,250,1,1
uq_vote_seqdrift2::recurring_sud_sea100k_g09.csv::28099::28599,uq_vote_seqdrift2,recurring_sud_sea100k_g09.csv,28099,28599,500,ecpf_detector_dual_seqdrift2,7,19,6,0.9121756487025948,0.93812375249501,0.9121756487025948,501,1,0.02594810379241519,FP,25726,2873,,,,2,1,reused,24,950,0,0
uq_vote_seqdrift2::recurring_sud_sea100k_g09.csv::29599::32999,uq_vote_seqdrift2,recurring_sud_sea100k_g09.csv,29599,32999,3400,ecpf_detector_dual_seqdrift2,19,20,6,0.9673625404292855,0.9673625404292855,0.9576595119082623,3401,1,0.009703028521023227,FP,37954,-4955,0.00015603617082131014,0.4,0.13754152823920263,1,1,fresh,7,1050,0,0
uq_vote_seqdrift2::recurring_sud_sea100k_g09.csv::34099::38199,uq_vote_seqdrift2,recurring_sud_sea100k_g09.csv,34099,38199,4100,ecpf_detector_dual_seqdrift2,20,21,5,0.9646427700560839,0.9646427700560839,0.9626920263350403,4101,1,0.0019507437210436462,TP,37954,245,0.00020523200809661988,0.4,0.12823920265780728,1,1,fresh,10,550,0,0
uq_vote_seqdrift2::recurring_sud_sea100k_g09.csv::38799::40599,uq_vote_seqdrift2,recurring_sud_sea100k_g09.csv,38799,40599,1800,ecpf_detector_dual_seqdrift2,10,22,5,0.974458634092171,0.974458634092171,0.974458634092171,1801,1,0.0,FP,37954,2645,0.00023986933188146106,0.4,0.13933333333333334,4,1,reused,3,450,0,0
uq_vote_seqdrift2::recurring_sud_sea100k_g09.csv::41099::46399,uq_vote_seqdrift2,recurring_sud_sea100k_g09.csv,41099,46399,5300,ecpf_detector_dual_seqdrift2,10,23,5,0.976796830786644,0.976796830786644,0.9845312205244293,5301,0,-0.0077343897377852855,FP,51002,-4603,0.00012090302257557776,0.4,0.16399999999999998,1,1,fresh,9,650,0,1
uq_vote_seqdrift2::recurring_sud_sea100k_g09.csv::47099::48399,uq_vote_seqdrift2,recurring_sud_sea100k_g09.csv,47099,48399,1300,ecpf_detector_dual_seqdrift2,23,24,5,0.9815526518063028,0.9815526518063028,0.973097617217525,1301,1,0.008455034588777832,FP,51002,-2603,8.228641834065951e-05,0.4,0.14152823920265778,0,0,reused,5,550,1,1
uq_vote_seqdrift2::recurring_sud_sea100k_g09.csv::48999::51199,uq_vote_seqdrift2,recurring_sud_sea100k_g09.csv,48999,51199,2200,ecpf_detector_dual_seqdrift2,23,25,5,0.9250340754202635,0.9645615629259428,0.9454793275783735,2201,1,0.019082235347569254,TP,51002,197,0.00011564572939701454,0.4,0.15866666666666665,1,1,fresh,5,250,0,0
uq_vote_seqdrift2::recurring_sud_sea100k_g09.csv::51499::53799,uq_vote_seqdrift2,recurring_sud_sea100k_g09.csv,51499,53799,2300,ecpf_detector_dual_seqdrift2,20,26,6,0.9056931768796176,0.9665362885701869,0.9352455454150369,2301,1,0.031290743155150014,FP,51002,2797,,,,2,1,reused,8,250,0,0
uq_vote_seqdrift2::recurring_sud_sea100k_g09.csv::54099::57799,uq_vote_seqdrift2,recurring_sud_sea100k_g09.csv,54099,57799,3700,ecpf_detector_dual_seqdrift2,20,27,6,0.8119427181842745,0.9646041610375574,0.9716292893812483,3701,0,-0.007025128343690845,TP,57655,144,,,,1,1,fresh,1,150,0,1
uq_vote_seqdrift2::recurring_sud_sea100k_g09.csv::57999::58399,uq_vote_seqdrift2,recurring_sud_sea100k_g09.csv,57999,58399,400,ecpf_detector_dual_seqdrift2,23,28,6,0.9102244389027432,0.9600997506234414,0.9501246882793017,401,1,0.009975062344139696,FP,57655,744,,,,2,1,reused,23,850,0,0
uq_vote_seqdrift2::recurring_sud_sea100k_g09.csv::59299::59999,uq_vote_seqdrift2,recurring_sud_sea100k_g09.csv,59299,59999,700,ecpf_detector_dual_seqdrift2,23,29,6,0.9457917261055635,0.9728958630527818,0.9172610556348074,701,1,0.05563480741797433,FP,57655,2344,8.334250071507588e-05,0.4,0.1461794019933555,0,0,reused,10,450,1,1
uq_vote_seqdrift2::recurring_sud_sea100k_g09.csv::60499::61599,uq_vote_seqdrift2,recurring_sud_sea100k_g09.csv,60499,61599,1100,ecpf_detector_dual_seqdrift2,23,30,6,0.9291553133514986,0.9700272479564033,0.9373297002724795,1101,1,0.032697547683923744,FP,57655,3944,0.000333908347708672,0.4,0.174,4,1,reused,1,181,0,0
uq_vote_seqdrift2::recurring_sud_sea100k_g09.csv::61799::64599,uq_vote_seqdrift2,recurring_sud_sea100k_g09.csv,61799,64599,2800,ecpf_detector_dual_seqdrift2,23,31,6,0.9428775437343806,0.9739378793288112,0.9717957872188504,2801,1,0.002142092109960747,FP,65686,-1087,,,,0,0,reused,8,550,1,1
uq_vote_seqdrift2::recurring_sud_sea100k_g09.csv::65199::65399,uq_vote_seqdrift2,recurring_sud_sea100k_g09.csv,65199,65399,200,ecpf_detector_dual_seqdrift2,31,32,6,0.9552238805970149,0.9552238805970149,0.9253731343283582,201,1,0.02985074626865669,FP,65686,-287,0.00019675774175271607,0.4,0.14466666666666664,0,0,reused,11,150,1,1
uq_vote_seqdrift2::recurring_sud_sea100k_g09.csv::65599::65799,uq_vote_seqdrift2,recurring_sud_sea100k_g09.csv,65599,65799,200,ecpf_detector_dual_seqdrift2,20,33,6,0.8407960199004975,0.9253731343283582,0.9203980099502488,201,1,0.00497512437810943,TP,65686,113,,,,4,1,reused,15,650,0,0
uq_vote_seqdrift2::recurring_sud_sea100k_g09.csv::66499::67799,uq_vote_seqdrift2,recurring_sud_sea100k_g09.csv,66499,67799,1300,ecpf_detector_dual_seqdrift2,20,34,6,0.8063028439661799,0.9631053036126057,0.9269792467332821,1301,1,0.036126056879323576,FP,65686,2113,0.00014116301071485717,0.4,0.12093023255813953,0,0,reused,6,150,1,1
uq_vote_seqdrift2::recurring_sud_sea100k_g09.csv::67999::77599,uq_vote_seqdrift2,recurring_sud_sea100k_g09.csv,67999,77599,9600,ecpf_detector_dual_seqdrift2,20,35,6,0.7964795333819393,0.9654202687220081,0.9563587126341007,9601,1,0.009061556087907485,FP,83140,-5541,,,,0,0,reused,6,350,1,1
uq_vote_seqdrift2::recurring_sud_sea100k_g09.csv::77999::78399,uq_vote_seqdrift2,recurring_sud_sea100k_g09.csv,77999,78399,400,ecpf_detector_dual_seqdrift2,35,36,6,0.9551122194513716,0.9551122194513716,0.9600997506234414,401,0,-0.004987531172069848,FP,83140,-4741,0.00040924092409249166,0.4,0.146,4,1,reused,18,750,0,1
uq_vote_seqdrift2::recurring_sud_sea100k_g09.csv::79199::83199,uq_vote_seqdrift2,recurring_sud_sea100k_g09.csv,79199,83199,4000,ecpf_detector_dual_seqdrift2,35,37,6,0.8140464883779055,0.9622594351412147,0.9627593101724569,4001,0,-0.0004998750312421585,TP,83140,59,5.685243448986784e-05,0.4,0.10963455149501661,3,1,fresh,9,550,0,1
uq_vote_seqdrift2::recurring_sud_sea100k_g09.csv::83799::84399,uq_vote_seqdrift2,recurring_sud_sea100k_g09.csv,83799,84399,600,ecpf_detector_dual_seqdrift2,31,38,7,0.848585690515807,0.9700499168053245,0.9434276206322796,601,1,0.0266222961730449,FP,83140,1259,2.1333570372985957e-06,0.4,0.14533333333333331,0,0,reused,7,250,1,1
uq_vote_seqdrift2::recurring_sud_sea100k_g09.csv::84699::84999,uq_vote_seqdrift2,recurring_sud_sea100k_g09.csv,84699,84999,300,ecpf_detector_dual_seqdrift2,31,39,7,0.9568106312292359,0.9601328903654485,0.9102990033222591,301,1,0.04983388704318936,FP,83140,1859,,,,0,0,reused,11,550,1,1
uq_vote_seqdrift2::recurring_sud_sea100k_g09.csv::85599::85599,uq_vote_seqdrift2,recurring_sud_sea100k_g09.csv,85599,85599,0,ecpf_detector_dual_seqdrift2,14,40,6,1.0,1.0,1.0,1,1,0.0,FP,83140,2459,0.0001197791086567785,0.4,0.14999999999999997,0,0,reused,22,350,1,1
uq_vote_seqdrift2::recurring_sud_sea100k_g09.csv::85999::86399,uq_vote_seqdrift2,recurring_sud_sea100k_g09.csv,85999,86399,400,ecpf_detector_dual_seqdrift2,40,41,7,0.970074812967581,0.970074812967581,0.9102244389027432,401,1,0.05985037406483784,FP,83140,3259,0.0009048904890490516,0.4,0.17199999999999996,2,1,reused,11,150,0,0
uq_vote_seqdrift2::recurring_sud_sea100k_g09.csv::86599::90999,uq_vote_seqdrift2,recurring_sud_sea100k_g09.csv,86599,90999,4400,ecpf_detector_dual_seqdrift2,31,42,6,0.9391047489206998,0.9688707112019995,0.9670529425130652,4401,1,0.0018177686889343514,TP,90931,68,,,,1,1,fresh,9,350,0,0
uq_vote_seqdrift2::recurring_sud_sea100k_g09.csv::91399::91799,uq_vote_seqdrift2,recurring_sud_sea100k_g09.csv,91399,91799,400,ecpf_detector_dual_seqdrift2,35,43,7,0.8379052369077307,0.9576059850374065,0.9351620947630923,401,1,0.02244389027431415,FP,90931,868,-0.00028682868286860057,0.4,0.162,0,0,reused,10,250,1,1
uq_vote_seqdrift2::recurring_sud_sea100k_g09.csv::92099::92799,uq_vote_seqdrift2,recurring_sud_sea100k_g09.csv,92099,92799,700,ecpf_detector_dual_seqdrift2,35,44,7,0.8017118402282454,0.9700427960057061,0.9215406562054208,701,1,0.04850213980028528,FP,90931,1868,,,,0,0,reused,18,250,1,1
uq_vote_seqdrift2::recurring_sud_sea100k_g09.csv::93099::96599,uq_vote_seqdrift2,recurring_sud_sea100k_g09.csv,93099,96599,3500,ecpf_detector_dual_seqdrift2,35,45,7,0.7854898600399886,0.9654384461582405,0.9485861182519281,3501,1,0.016852327906312414,FP,90931,5668,,,,0,0,reused,20,650,1,1
uq_vote_seqdrift2::recurring_sud_sea100k_g09.csv::97299::98399,uq_vote_seqdrift2,recurring_sud_sea100k_g09.csv,97299,98399,1100,ecpf_detector_dual_seqdrift2,35,46,7,0.7920072661217076,0.9691189827429609,0.9536784741144414,1101,1,0.015440508628519534,FP,90931,7468,0.00010578425117157519,0.4,0.11893687707641196,2,1,reused,1,257,0,0
