x0,x1,x2,x3,x4,x5,y
1.0,299.6,310.8,1427.0,50.4,98.0,0
0.0,299.2,308.8,1405.0,51.4,183.0,0
0.0,301.1,310.5,1532.0,37.5,119.0,0
0.0,302.7,310.4,1489.0,42.7,33.0,0
0.0,299.2,308.7,1514.0,41.9,196.0,0
1.0,301.1,311.2,1591.0,35.0,208.0,0
0.0,300.0,310.2,1760.0,26.9,193.0,0
0.0,298.8,308.1,1472.0,53.5,28.0,0
1.0,298.2,308.9,1592.0,35.2,142.0,0
2.0,297.9,308.9,1416.0,39.6,45.0,0
2.0,298.9,310.1,1324.0,54.6,185.0,0
0.0,298.9,308.2,1686.0,30.4,53.0,0
1.0,298.2,307.8,1411.0,53.4,110.0,0
0.0,296.3,307.3,1567.0,31.4,5.0,0
0.0,300.2,311.4,1331.0,49.8,143.0,0
2.0,301.9,311.0,1336.0,63.6,111.0,0
0.0,298.1,307.8,1540.0,37.8,203.0,0
1.0,303.1,311.4,1831.0,23.3,161.0,0
2.0,303.8,312.5,1447.0,46.6,198.0,0
1.0,303.5,313.0,1403.0,51.9,77.0,0
0.0,302.0,309.9,1308.0,57.6,197.0,1
1.0,299.3,308.7,1459.0,35.6,87.0,0
1.0,300.7,310.1,1483.0,40.2,162.0,0
0.0,302.1,311.2,1460.0,46.9,198.0,0
0.0,301.5,310.9,1600.0,39.0,160.0,0
0.0,299.9,309.3,1473.0,40.4,59.0,0
0.0,303.4,311.8,2268.0,15.8,20.0,0
0.0,301.2,309.9,1382.0,52.4,13.0,0
0.0,301.5,311.1,1434.0,49.6,129.0,0
0.0,300.5,309.8,1445.0,43.9,164.0,0
0.0,302.2,311.9,1596.0,38.0,156.0,0
1.0,303.1,311.2,1489.0,44.5,27.0,0
0.0,300.4,311.8,1272.0,59.2,198.0,1
1.0,297.8,307.9,1802.0,25.8,43.0,0
0.0,302.5,311.9,1481.0,42.9,52.0,0
1.0,298.5,309.3,1512.0,38.1,170.0,0
0.0,299.5,309.1,1852.0,22.6,77.0,0
1.0,298.9,309.9,1404.0,41.4,20.0,0
0.0,302.8,312.4,1590.0,34.4,64.0,0
1.0,298.0,307.6,1301.0,58.5,155.0,0
0.0,301.3,310.1,1558.0,36.3,184.0,0
1.0,299.8,311.2,1706.0,29.2,148.0,0
0.0,299.7,309.6,1512.0,36.2,172.0,0
0.0,298.6,309.2,1542.0,48.4,42.0,0
1.0,304.0,312.7,1456.0,51.2,160.0,0
0.0,302.1,310.1,1543.0,35.8,164.0,0
0.0,296.2,307.1,1441.0,41.7,3.0,0
1.0,300.1,309.1,1533.0,38.0,26.0,0
0.0,300.8,310.8,1407.0,45.1,51.0,0
0.0,300.1,309.7,1641.0,30.4,41.0,0
0.0,298.9,310.1,2109.0,18.0,61.0,0
1.0,297.6,308.5,1848.0,23.7,37.0,0
0.0,298.8,309.9,1320.0,47.4,210.0,0
0.0,297.9,307.6,1589.0,37.8,120.0,0
1.0,300.5,310.0,1406.0,50.2,119.0,0
2.0,297.3,308.7,1569.0,33.9,93.0,0
0.0,300.2,311.6,1500.0,39.0,174.0,0
1.0,298.8,309.7,1439.0,45.8,81.0,0
1.0,300.8,310.1,1686.0,26.9,128.0,0
1.0,298.7,310.3,1495.0,38.7,88.0,0
1.0,303.4,311.5,1483.0,43.0,117.0,0
0.0,299.1,308.2,1348.0,56.1,110.0,0
0.0,300.1,309.5,1660.0,32.7,57.0,0
0.0,304.3,313.5,1464.0,36.7,194.0,0
0.0,298.2,308.4,1497.0,37.7,207.0,0
0.0,299.3,310.2,1495.0,49.2,16.0,0
0.0,301.2,311.0,1612.0,32.9,129.0,0
1.0,300.7,310.8,1724.0,30.0,76.0,0
0.0,300.3,310.2,1471.0,45.2,48.0,0
0.0,298.2,307.7,1688.0,32.4,91.0,0
0.0,298.1,309.0,1502.0,40.9,153.0,0
0.0,299.2,310.4,1570.0,37.3,37.0,0
0.0,301.7,311.0,1441.0,44.3,208.0,1
0.0,299.6,311.1,1679.0,30.7,129.0,0
0.0,300.3,311.7,1452.0,41.5,172.0,0
0.0,301.0,311.3,1349.0,47.0,71.0,0
1.0,299.9,311.3,1445.0,41.2,169.0,0
0.0,295.5,306.1,1650.0,32.8,67.0,0
0.0,299.5,310.0,1379.0,50.4,85.0,0
0.0,300.5,309.8,1421.0,49.6,211.0,0
0.0,300.2,311.0,1627.0,33.7,147.0,0
0.0,299.2,308.5,1378.0,50.4,220.0,1
0.0,297.3,308.5,1528.0,44.5,140.0,0
0.0,297.4,308.7,1584.0,38.2,154.0,0
0.0,302.1,310.8,1786.0,25.7,47.0,0
1.0,302.3,311.4,1418.0,41.3,62.0,0
2.0,303.7,312.5,1520.0,35.6,154.0,0
0.0,300.7,310.5,1536.0,47.4,192.0,0
2.0,297.0,307.9,1846.0,27.3,179.0,0
0.0,300.9,310.7,1479.0,43.3,201.0,0
2.0,300.3,309.9,1405.0,52.1,205.0,0
0.0,300.5,311.6,1730.0,30.2,106.0,0
0.0,299.6,310.2,1627.0,36.6,17.0,0
0.0,297.5,308.4,1633.0,33.3,213.0,0
1.0,300.6,310.2,1233.0,52.3,23.0,0
0.0,300.9,310.7,1468.0,36.2,208.0,0
0.0,299.4,309.2,1607.0,31.7,145.0,0
2.0,298.8,309.8,1563.0,38.8,65.0,0
0.0,297.8,307.5,1581.0,33.1,116.0,0
2.0,302.6,312.0,1657.0,29.3,37.0,0
0.0,301.5,310.5,1927.0,22.4,149.0,0
1.0,300.9,310.8,1599.0,33.0,7.0,0
0.0,302.3,311.6,1309.0,57.6,77.0,0
0.0,300.1,310.1,1684.0,30.8,13.0,0
1.0,299.3,309.1,1571.0,38.3,59.0,0
0.0,298.4,309.4,1385.0,43.2,119.0,0
0.0,301.7,311.1,1455.0,39.8,118.0,0
1.0,301.7,309.9,1533.0,40.9,106.0,0
0.0,297.6,308.4,1517.0,34.2,66.0,0
0.0,300.5,310.2,1764.0,25.9,27.0,0
0.0,302.2,310.6,1348.0,48.4,161.0,1
1.0,302.7,312.2,1439.0,42.5,164.0,0
0.0,302.0,309.8,1649.0,31.0,152.0,0
2.0,304.2,313.5,1684.0,29.8,156.0,0
0.0,299.1,310.1,1894.0,24.2,22.0,0
0.0,297.7,308.7,1479.0,45.7,93.0,0
1.0,297.0,307.9,1422.0,53.0,115.0,0
1.0,301.4,311.2,1541.0,36.3,28.0,0
1.0,301.3,311.0,1641.0,33.0,145.0,0
1.0,302.9,312.5,1679.0,30.9,79.0,0
2.0,297.3,308.7,1430.0,42.8,153.0,0
0.0,299.1,310.2,1317.0,54.8,231.0,1
2.0,296.7,307.9,1424.0,53.8,133.0,0
0.0,299.6,308.9,1613.0,30.8,80.0,0
0.0,297.4,308.3,1475.0,40.5,222.0,1
0.0,299.2,308.4,1667.0,29.0,199.0,0
0.0,300.1,311.3,1676.0,30.3,151.0,0
1.0,296.2,306.8,1526.0,42.3,129.0,0
0.0,302.4,310.1,1429.0,43.7,104.0,0
0.0,300.2,310.3,1202.0,59.5,40.0,0
0.0,301.8,310.3,1341.0,50.5,64.0,1
0.0,300.7,310.8,1925.0,22.0,74.0,0
0.0,303.5,312.0,1441.0,56.8,88.0,0
0.0,300.4,311.6,1815.0,23.5,49.0,0
0.0,297.9,307.6,1977.0,20.2,182.0,0
1.0,298.9,309.9,1449.0,44.1,112.0,0
1.0,298.9,308.5,1534.0,42.9,121.0,0
0.0,300.0,309.3,1397.0,51.2,173.0,0
0.0,302.1,310.9,1666.0,30.7,203.0,0
1.0,299.8,311.0,1948.0,20.0,185.0,0
1.0,298.8,309.6,1384.0,48.2,39.0,0
0.0,303.6,312.0,1827.0,23.3,103.0,0
1.0,301.6,310.6,1691.0,30.1,40.0,0
0.0,297.0,308.3,1399.0,59.0,135.0,0
1.0,299.0,310.3,1303.0,68.6,111.0,1
1.0,304.1,313.3,1725.0,28.3,177.0,0
2.0,303.8,313.2,1381.0,52.4,140.0,0
1.0,299.7,309.0,1645.0,31.9,155.0,0
0.0,302.5,312.0,1495.0,38.8,186.0,0
2.0,299.3,309.1,1552.0,40.7,120.0,0
1.0,297.5,308.6,1472.0,44.9,198.0,0
1.0,300.2,311.6,1751.0,28.0,162.0,0
0.0,301.3,310.6,1387.0,53.6,94.0,0
1.0,298.1,308.0,1686.0,29.3,35.0,0
1.0,298.4,309.2,1597.0,33.5,116.0,0
0.0,300.8,310.6,1666.0,36.2,144.0,0
1.0,300.5,309.5,1691.0,27.6,67.0,0
0.0,297.5,308.6,1694.0,27.1,36.0,0
0.0,303.5,312.4,1284.0,70.6,94.0,1
1.0,302.0,311.1,1406.0,48.8,159.0,0
0.0,302.3,311.3,1621.0,31.6,135.0,0
0.0,299.9,311.3,1371.0,52.3,167.0,0
0.0,298.7,309.7,1601.0,35.7,176.0,0
0.0,299.1,310.4,1519.0,45.3,92.0,0
1.0,301.5,310.7,1460.0,38.6,14.0,0
0.0,298.7,309.9,1446.0,43.3,46.0,0
0.0,300.5,309.7,1580.0,42.8,196.0,0
1.0,297.5,308.9,1535.0,37.7,12.0,0
1.0,300.0,309.6,1573.0,39.7,162.0,0
1.0,299.0,310.2,1628.0,35.8,64.0,0
1.0,300.4,311.7,1398.0,42.6,176.0,0
1.0,301.2,310.0,1625.0,31.6,173.0,0
0.0,298.1,308.5,1498.0,49.4,5.0,0
0.0,300.0,309.1,1431.0,45.4,90.0,0
0.0,299.0,310.4,1606.0,31.1,134.0,0
1.0,299.1,308.6,1441.0,36.2,169.0,0
1.0,302.6,311.4,1757.0,29.5,151.0,0
2.0,298.5,309.3,1421.0,50.3,124.0,0
0.0,300.1,309.4,1464.0,41.7,30.0,0
0.0,299.8,309.1,1772.0,24.8,113.0,0
0.0,298.7,308.4,1694.0,28.7,195.0,0
0.0,298.0,307.8,1453.0,37.7,119.0,0
0.0,295.6,306.0,1370.0,52.4,115.0,0
1.0,300.4,311.8,1442.0,45.1,0.0,0
0.0,300.1,309.5,1557.0,40.6,59.0,0
1.0,300.8,310.6,1505.0,36.2,0.0,0
0.0,303.2,311.4,1238.0,54.6,226.0,1
0.0,297.4,308.8,1467.0,39.0,128.0,0
0.0,297.2,308.0,1474.0,43.7,162.0,0
0.0,301.6,310.8,1535.0,35.4,148.0,0
0.0,299.3,309.3,1528.0,37.8,45.0,0
0.0,303.7,312.4,1512.0,39.2,184.0,0
0.0,302.4,310.1,1418.0,52.3,141.0,0
0.0,299.0,310.2,1516.0,35.3,102.0,0
0.0,299.4,309.2,1444.0,48.2,24.0,0
1.0,298.1,307.8,1608.0,32.6,57.0,0
1.0,296.7,307.8,1672.0,32.4,113.0,0
0.0,298.4,308.3,1318.0,59.1,22.0,0
1.0,300.9,311.4,1532.0,41.5,126.0,0
1.0,300.2,310.4,1202.0,61.7,74.0,0
0.0,300.2,310.4,1808.0,25.8,35.0,0
0.0,301.3,310.1,1662.0,31.0,37.0,0
0.0,298.2,309.0,1643.0,34.1,91.0,0
1.0,303.6,312.0,1435.0,37.9,98.0,0
1.0,301.0,311.6,1609.0,35.8,156.0,0
0.0,297.8,309.2,1400.0,56.9,34.0,0
0.0,298.2,307.8,1528.0,31.1,194.0,0
1.0,304.0,313.1,1466.0,39.5,83.0,0
0.0,300.5,309.7,1841.0,24.6,143.0,0
0.0,300.3,311.7,1707.0,33.6,158.0,0
0.0,299.8,311.2,1664.0,28.3,173.0,0
0.0,302.5,312.2,1775.0,27.9,56.0,0
0.0,300.3,309.9,1527.0,41.4,2.0,0
0.0,300.0,310.4,1505.0,44.9,133.0,0
0.0,302.4,310.1,1709.0,31.8,100.0,0
0.0,300.7,311.7,1395.0,43.7,215.0,0
0.0,302.3,311.7,2170.0,18.2,91.0,0
0.0,297.4,308.4,1369.0,50.6,220.0,1
0.0,297.4,309.0,1583.0,32.0,166.0,0
0.0,298.1,307.8,1413.0,54.1,113.0,0
0.0,300.8,311.3,1498.0,40.2,73.0,0
1.0,299.5,309.2,1314.0,61.8,45.0,0
0.0,298.9,308.9,1753.0,25.8,33.0,0
1.0,299.1,310.3,1838.0,24.0,235.0,0
0.0,298.9,308.2,2384.0,15.0,19.0,0
0.0,300.2,311.7,1603.0,30.5,176.0,0
1.0,301.4,310.5,1495.0,52.5,201.0,0
0.0,300.2,311.0,1255.0,71.8,149.0,1
1.0,299.2,309.1,1503.0,34.7,6.0,0
1.0,297.6,308.5,1490.0,43.4,154.0,0
0.0,298.3,309.1,1403.0,45.1,138.0,0
0.0,300.4,309.6,1536.0,34.5,154.0,0
0.0,300.1,311.4,1572.0,36.2,199.0,0
0.0,297.0,308.2,1577.0,29.4,130.0,0
1.0,299.9,309.2,1683.0,30.5,13.0,0
0.0,303.5,312.0,1436.0,45.1,32.0,0
0.0,298.5,309.4,1911.0,21.5,164.0,0
0.0,298.8,309.8,1363.0,44.0,25.0,0
0.0,300.2,311.7,1553.0,41.3,44.0,0
0.0,302.6,311.9,1397.0,46.9,82.0,0
0.0,301.4,310.4,1301.0,51.2,112.0,0
1.0,303.3,312.6,1397.0,47.1,137.0,0
1.0,298.3,308.1,1722.0,28.6,89.0,0
0.0,299.2,308.9,1430.0,39.1,117.0,0
1.0,302.7,310.8,1555.0,36.1,35.0,0
0.0,303.8,313.1,1394.0,45.4,36.0,0
2.0,299.0,310.1,1432.0,50.0,45.0,0
0.0,300.5,309.5,1777.0,23.6,0.0,0
0.0,303.7,312.4,1404.0,46.6,119.0,0
0.0,300.3,309.5,1474.0,38.7,35.0,0
0.0,300.1,309.7,1680.0,33.8,140.0,0
0.0,301.8,310.0,1393.0,44.9,208.0,0
0.0,303.5,313.0,1322.0,59.5,71.0,0
1.0,298.9,309.3,1632.0,32.5,55.0,0
0.0,298.0,308.9,1508.0,37.1,92.0,0
1.0,298.2,308.5,2678.0,10.7,86.0,1
1.0,298.7,309.8,1528.0,36.7,197.0,0
0.0,299.2,308.5,1457.0,44.7,195.0,0
0.0,304.1,313.3,1883.0,24.5,190.0,0
1.0,298.7,309.2,1437.0,45.7,195.0,0
1.0,300.3,311.5,1540.0,41.5,151.0,0
0.0,301.0,311.1,1236.0,64.4,177.0,1
0.0,302.7,310.5,1520.0,39.3,73.0,0
1.0,300.6,310.6,1427.0,52.8,75.0,0
0.0,301.7,311.0,1700.0,28.7,19.0,0
1.0,295.7,306.2,1423.0,42.5,121.0,0
0.0,302.6,311.9,1448.0,49.5,72.0,0
2.0,301.8,310.5,1478.0,38.6,141.0,0
2.0,303.8,312.9,1378.0,45.6,184.0,0
0.0,300.6,310.6,2127.0,18.7,53.0,0
0.0,299.2,309.0,1951.0,21.4,102.0,0
2.0,301.9,311.2,1474.0,41.8,18.0,0
0.0,300.5,309.6,1465.0,41.6,217.0,0
1.0,300.5,311.4,1312.0,51.4,60.0,0
2.0,297.6,309.5,1623.0,33.1,224.0,0
0.0,304.4,313.7,1509.0,35.0,205.0,1
1.0,297.1,308.1,1823.0,24.3,219.0,0
0.0,298.3,308.9,1708.0,28.0,42.0,0
0.0,302.0,310.6,1358.0,53.1,194.0,0
0.0,303.1,312.4,1407.0,41.2,107.0,0
1.0,302.3,311.4,1500.0,40.2,30.0,0
0.0,298.6,309.3,1537.0,37.6,175.0,0
1.0,302.2,311.2,1873.0,24.0,99.0,0
0.0,299.6,309.1,1476.0,45.3,166.0,0
1.0,299.0,310.0,2049.0,19.5,111.0,0
0.0,302.5,311.5,1493.0,35.1,131.0,0
1.0,302.9,312.5,1924.0,24.0,17.0,0
1.0,299.0,310.0,1486.0,34.6,91.0,0
1.0,300.3,311.7,1551.0,36.4,84.0,0
1.0,304.1,313.4,1518.0,42.4,105.0,0
0.0,297.7,308.2,1446.0,43.9,172.0,0
1.0,300.5,310.4,1548.0,37.3,65.0,0
1.0,299.9,309.2,1574.0,36.5,177.0,0
0.0,302.6,312.0,1674.0,32.2,70.0,0
0.0,298.2,307.9,1551.0,34.1,190.0,0
0.0,301.9,310.8,1400.0,58.2,79.0,0
0.0,299.6,310.9,1472.0,40.9,137.0,0
0.0,301.4,310.6,1555.0,43.3,212.0,0
1.0,302.5,311.5,1358.0,52.7,139.0,0
0.0,298.5,309.6,1462.0,45.1,115.0,0
0.0,298.4,310.0,1554.0,37.3,103.0,0
1.0,301.3,311.0,1495.0,40.8,148.0,0
0.0,298.7,310.0,1637.0,31.8,42.0,0
0.0,298.6,308.3,1422.0,40.4,179.0,0
2.0,297.0,308.1,1410.0,47.6,79.0,0
0.0,297.4,309.0,1505.0,39.2,209.0,0
1.0,297.7,308.9,1327.0,63.7,21.0,0
1.0,300.6,312.2,2174.0,18.5,95.0,0
2.0,298.9,310.6,1615.0,33.0,221.0,0
0.0,304.2,313.4,1434.0,42.5,175.0,0
0.0,301.0,309.6,1724.0,28.1,133.0,0
2.0,300.1,310.1,1426.0,42.7,64.0,0
0.0,301.2,310.5,1546.0,40.0,55.0,0
1.0,299.7,308.9,1478.0,41.0,87.0,0
1.0,300.2,309.7,1408.0,44.0,144.0,0
0.0,302.6,311.9,1633.0,30.9,89.0,0
2.0,301.9,311.0,1291.0,63.6,137.0,0
0.0,295.6,306.2,1428.0,44.5,51.0,0
1.0,303.3,311.3,1566.0,46.1,41.0,0
0.0,299.2,309.1,1578.0,38.1,109.0,0
1.0,296.9,307.9,1979.0,20.4,68.0,0
0.0,297.5,309.4,1650.0,34.6,142.0,0
0.0,298.8,308.6,1599.0,33.0,101.0,0
1.0,298.8,310.1,1719.0,28.8,206.0,0
1.0,297.4,308.3,1535.0,34.6,51.0,0
0.0,302.4,311.5,1785.0,24.8,45.0,0
0.0,302.6,311.5,1599.0,37.0,211.0,0
0.0,301.6,310.6,1431.0,37.5,137.0,0
0.0,302.3,310.1,1388.0,49.9,48.0,0
1.0,297.4,308.9,1500.0,46.3,137.0,0
1.0,298.9,310.1,1484.0,40.4,61.0,0
0.0,301.2,310.6,1670.0,30.0,40.0,0
0.0,301.5,311.1,2076.0,18.7,103.0,0
0.0,297.4,308.8,1447.0,58.1,129.0,0
0.0,301.5,310.7,1942.0,20.5,155.0,0
0.0,298.0,308.2,1442.0,44.1,204.0,0
1.0,301.6,310.2,1411.0,45.1,54.0,0
0.0,299.0,310.4,1713.0,28.0,116.0,0
1.0,297.8,309.0,1675.0,30.0,110.0,0
0.0,299.3,308.6,1371.0,50.5,136.0,0
1.0,297.6,308.6,1492.0,35.5,88.0,0
0.0,299.6,310.6,1642.0,35.1,149.0,0
0.0,297.4,308.8,1529.0,41.3,165.0,0
1.0,300.2,309.4,1433.0,48.8,191.0,0
0.0,300.8,311.3,1462.0,41.4,75.0,0
1.0,298.1,307.9,1759.0,28.6,176.0,0
1.0,300.8,311.4,1732.0,26.9,45.0,0
0.0,303.8,313.1,1256.0,58.7,213.0,1
0.0,298.0,308.2,1489.0,40.4,11.0,0
1.0,300.1,309.6,1376.0,52.1,147.0,0
2.0,297.7,307.6,1538.0,38.3,63.0,0
0.0,302.8,312.1,1487.0,36.6,84.0,0
0.0,301.9,310.5,1477.0,42.4,128.0,0
2.0,300.4,310.2,1431.0,43.2,0.0,0
1.0,300.6,309.5,1492.0,34.0,144.0,0
0.0,297.4,308.3,1395.0,48.7,21.0,0
2.0,297.9,307.6,1418.0,43.0,207.0,0
0.0,297.2,307.9,1493.0,38.4,146.0,0
1.0,297.5,308.2,2448.0,13.8,29.0,0
0.0,299.0,310.2,1494.0,40.6,67.0,0
1.0,301.7,310.6,1876.0,22.1,99.0,0
0.0,302.1,311.3,1758.0,24.4,200.0,0
0.0,301.5,310.6,1490.0,48.1,81.0,0
0.0,297.4,308.3,1483.0,38.8,23.0,0
1.0,297.3,308.6,1456.0,42.9,122.0,0
0.0,302.0,310.5,1263.0,60.6,90.0,1
1.0,301.7,311.1,1506.0,39.5,158.0,0
0.0,301.9,310.6,1610.0,33.4,87.0,0
0.0,300.4,310.4,1486.0,46.3,48.0,0
0.0,300.1,309.3,1712.0,28.5,141.0,0
0.0,302.4,310.2,1578.0,31.2,139.0,0
0.0,300.4,311.2,1530.0,32.0,169.0,0
2.0,300.2,309.6,1442.0,49.2,61.0,0
0.0,295.8,306.6,1621.0,31.6,95.0,0
0.0,301.7,310.9,1405.0,46.4,207.0,1
1.0,301.0,310.6,1460.0,53.6,74.0,0
0.0,301.8,310.9,1609.0,31.7,202.0,0
0.0,299.0,310.5,1755.0,27.9,56.0,0
0.0,299.6,309.0,1648.0,33.6,70.0,0
0.0,297.5,308.6,1260.0,53.6,137.0,0
0.0,299.8,311.3,1560.0,35.4,178.0,0
0.0,299.9,311.3,1504.0,40.7,20.0,0
0.0,298.7,310.3,1451.0,40.0,86.0,0
0.0,298.7,309.9,1483.0,32.8,142.0,0
1.0,301.3,310.7,1532.0,40.7,178.0,0
0.0,301.3,310.8,1628.0,32.2,43.0,0
0.0,301.6,310.6,1321.0,60.8,73.0,0
0.0,301.6,311.1,1408.0,44.4,106.0,0
0.0,299.2,310.3,1610.0,33.3,233.0,0
0.0,297.1,308.4,1488.0,42.5,146.0,0
0.0,301.0,312.2,1540.0,34.1,113.0,0
1.0,297.0,308.1,1355.0,51.4,76.0,0
0.0,303.7,312.7,1540.0,44.8,196.0,0
0.0,300.3,309.2,1462.0,51.4,48.0,0
0.0,300.2,311.4,1425.0,44.2,84.0,0
0.0,298.9,308.6,1400.0,49.5,79.0,0
0.0,300.4,311.7,1444.0,51.2,174.0,0
1.0,299.1,310.4,1422.0,49.3,69.0,0
1.0,300.6,309.8,1659.0,28.9,127.0,0
0.0,301.4,310.6,1557.0,38.2,157.0,0
1.0,301.8,311.3,1624.0,31.6,145.0,0
1.0,299.0,309.0,1575.0,35.3,47.0,0
0.0,301.0,311.0,1634.0,31.2,182.0,0
1.0,296.7,307.4,1533.0,32.5,182.0,0
0.0,302.2,311.5,1588.0,30.6,39.0,0
0.0,301.5,310.6,1405.0,42.3,83.0,0
0.0,300.8,311.4,1322.0,67.2,18.0,1
0.0,303.4,312.7,1589.0,34.0,116.0,0
1.0,299.9,309.3,1452.0,41.9,106.0,0
0.0,300.6,310.9,1472.0,47.6,75.0,0
0.0,298.3,309.5,1542.0,36.7,134.0,0
0.0,298.8,309.5,1645.0,32.8,157.0,0
1.0,302.2,311.4,1538.0,37.4,37.0,0
0.0,300.1,310.4,1554.0,39.4,115.0,0
0.0,300.3,309.9,1393.0,56.1,12.0,0
1.0,302.3,311.8,1559.0,34.4,191.0,0
2.0,298.3,309.0,1379.0,43.2,0.0,0
0.0,300.9,310.8,1708.0,29.1,14.0,0
0.0,300.6,310.9,1433.0,42.6,101.0,0
0.0,300.4,311.0,1802.0,26.0,197.0,0
1.0,301.3,311.0,1410.0,52.7,161.0,0
1.0,303.7,312.9,1444.0,52.7,46.0,0
0.0,298.0,308.8,1581.0,36.1,73.0,0
0.0,299.5,308.7,1446.0,45.7,173.0,0
2.0,299.1,310.1,1429.0,42.9,96.0,0
0.0,300.1,311.4,1446.0,40.6,147.0,0
0.0,303.3,311.8,1842.0,24.5,67.0,0
0.0,297.0,308.3,1492.0,48.1,137.0,0
2.0,297.7,308.4,1288.0,49.5,91.0,0
0.0,299.4,309.1,1766.0,24.6,158.0,0
2.0,296.9,307.8,1345.0,54.5,172.0,0
0.0,300.8,312.4,1493.0,39.1,79.0,0
1.0,304.2,313.6,1424.0,43.7,151.0,0
0.0,298.2,309.4,1443.0,45.4,187.0,0
0.0,303.8,312.9,1619.0,35.7,182.0,0
1.0,298.1,307.6,1764.0,27.7,23.0,0
1.0,299.5,309.2,1495.0,41.6,17.0,0
0.0,301.2,310.8,1461.0,40.6,47.0,0
0.0,295.3,305.7,1475.0,51.0,187.0,0
1.0,300.4,309.7,1488.0,42.2,133.0,0
0.0,300.4,311.8,1367.0,57.2,10.0,0
1.0,300.6,310.7,1705.0,31.2,181.0,0
0.0,296.8,307.6,1368.0,52.0,140.0,0
0.0,302.3,311.8,1565.0,37.8,59.0,0
0.0,299.3,308.8,1603.0,33.9,203.0,0
1.0,297.6,309.3,1415.0,41.3,17.0,0
2.0,302.3,311.4,1443.0,44.1,51.0,0
0.0,301.5,310.7,1466.0,47.3,77.0,0
1.0,298.1,308.8,1433.0,48.2,62.0,0
0.0,300.2,311.5,1639.0,31.1,31.0,0
0.0,302.9,312.2,1729.0,23.6,96.0,0
0.0,299.6,311.1,1521.0,37.2,131.0,0
0.0,297.4,308.5,1569.0,34.2,72.0,0
1.0,299.3,308.5,1422.0,45.4,37.0,0
0.0,300.3,311.7,1545.0,43.5,160.0,0
0.0,299.0,310.4,1365.0,49.1,226.0,1
1.0,297.2,308.3,1776.0,28.0,43.0,0
0.0,297.4,308.4,1426.0,50.4,70.0,0
0.0,302.5,311.6,1595.0,29.5,35.0,0
2.0,299.4,310.8,1585.0,31.4,149.0,0
1.0,299.3,308.8,1442.0,49.0,165.0,0
0.0,299.7,309.6,1720.0,27.1,146.0,0
0.0,299.1,308.5,1539.0,46.8,190.0,0
0.0,298.4,309.2,1692.0,29.8,137.0,0
0.0,297.2,307.9,1825.0,24.6,142.0,0
1.0,298.8,310.0,1484.0,44.9,80.0,0
1.0,302.5,311.4,1636.0,35.0,157.0,0
0.0,297.7,308.2,1500.0,39.9,158.0,0
0.0,298.4,308.2,1528.0,36.2,196.0,0
0.0,301.1,310.4,1312.0,73.6,49.0,1
1.0,302.2,311.2,1561.0,34.9,106.0,0
0.0,302.0,310.1,1409.0,50.4,172.0,0
0.0,300.5,311.6,1444.0,49.3,92.0,0
0.0,303.8,313.1,2497.0,13.0,5.0,1
2.0,298.3,309.1,1430.0,40.9,162.0,0
0.0,299.2,310.3,1440.0,47.0,21.0,0
1.0,300.5,311.6,1246.0,52.9,165.0,0
2.0,297.4,309.3,1516.0,43.0,83.0,0
1.0,301.5,310.6,1447.0,41.9,140.0,0
0.0,299.1,308.3,1559.0,33.7,30.0,0
1.0,297.3,308.5,1710.0,27.7,138.0,0
1.0,300.8,312.0,1443.0,53.3,151.0,0
2.0,301.3,310.6,1527.0,44.0,114.0,0
0.0,300.1,309.3,1654.0,31.0,201.0,0
0.0,301.0,310.9,1568.0,38.2,172.0,0
0.0,302.4,311.1,1880.0,24.5,156.0,0
0.0,301.3,310.4,1695.0,30.9,108.0,0
1.0,301.7,311.0,1311.0,55.8,39.0,0
1.0,301.5,310.5,1612.0,29.8,148.0,0
1.0,300.5,312.0,1867.0,23.0,103.0,0
0.0,299.3,309.0,1422.0,47.3,25.0,0
0.0,302.5,310.3,1446.0,44.0,146.0,0
0.0,303.3,311.3,1592.0,33.7,14.0,0
0.0,297.6,308.5,1452.0,42.6,116.0,0
0.0,298.0,308.2,1469.0,45.5,214.0,0
0.0,296.8,308.0,1675.0,29.7,46.0,0
1.0,297.4,308.8,1628.0,37.4,144.0,0
2.0,302.5,311.5,1626.0,36.0,44.0,0
0.0,299.8,309.8,1749.0,33.4,153.0,0
2.0,298.5,308.9,1500.0,40.3,207.0,0
0.0,298.4,310.1,1926.0,23.7,83.0,0
0.0,302.4,310.2,1503.0,36.2,166.0,0
2.0,298.8,308.8,1445.0,49.9,4.0,0
1.0,300.8,309.7,1519.0,39.7,16.0,0
0.0,300.6,310.4,1494.0,47.3,118.0,0
1.0,301.9,311.0,1384.0,47.4,121.0,0
0.0,300.7,312.3,1577.0,33.2,100.0,0
0.0,302.8,312.4,1368.0,49.5,10.0,0
1.0,302.2,311.5,1863.0,25.7,85.0,0
0.0,300.0,311.2,1418.0,47.3,60.0,0
0.0,300.1,309.5,1450.0,40.1,100.0,0
0.0,300.4,310.5,1818.0,25.1,14.0,0
2.0,304.2,313.5,1627.0,32.2,91.0,0
0.0,299.8,309.7,1431.0,40.3,101.0,0
0.0,302.4,311.1,1446.0,42.9,5.0,0
1.0,302.3,311.6,1668.0,33.2,52.0,0
0.0,301.7,310.9,1705.0,31.2,146.0,0
0.0,303.0,311.2,1494.0,37.0,67.0,0
1.0,300.2,310.4,1530.0,35.7,80.0,0
0.0,302.7,311.0,1694.0,29.8,150.0,0
0.0,301.3,310.4,1384.0,50.1,88.0,0
1.0,302.5,311.9,1414.0,51.6,205.0,0
0.0,299.3,309.0,1415.0,47.6,156.0,0
0.0,298.3,309.4,1356.0,45.4,96.0,0
0.0,300.7,310.9,1535.0,37.1,113.0,0
0.0,300.5,311.4,1400.0,45.1,29.0,0
0.0,298.8,309.8,1437.0,42.8,23.0,0
0.0,300.7,310.6,1407.0,40.5,87.0,0
0.0,300.4,311.6,1332.0,54.6,111.0,0
0.0,301.2,312.3,1528.0,38.4,85.0,0
0.0,299.5,309.1,1476.0,47.8,223.0,0
0.0,298.5,308.4,1733.0,26.0,8.0,0
1.0,298.4,308.0,1416.0,38.2,198.0,1
0.0,302.4,310.2,1539.0,37.7,29.0,0
0.0,302.7,312.4,1444.0,48.7,9.0,0
1.0,298.9,309.8,1836.0,22.8,18.0,0
0.0,298.3,309.4,1668.0,27.1,136.0,0
0.0,298.3,308.0,1451.0,47.1,196.0,0
0.0,301.1,312.3,1595.0,31.9,134.0,0
0.0,300.3,311.4,1526.0,38.5,101.0,0
0.0,301.4,310.4,1430.0,50.9,178.0,0
1.0,298.1,308.9,1335.0,50.4,110.0,0
1.0,300.1,311.7,1400.0,48.5,205.0,0
0.0,298.9,308.5,1503.0,40.6,145.0,0
2.0,298.7,309.5,1453.0,40.4,108.0,0
0.0,301.9,310.8,1427.0,47.7,92.0,0
0.0,300.2,309.5,1417.0,41.1,129.0,0
0.0,300.9,310.2,1382.0,50.4,131.0,0
0.0,303.7,312.5,1670.0,26.1,139.0,0
0.0,297.4,309.3,1759.0,24.8,81.0,0
2.0,298.1,308.9,1388.0,53.5,83.0,0
0.0,300.6,309.6,1423.0,49.1,74.0,0
1.0,300.4,310.2,1380.0,47.3,5.0,0
2.0,301.9,310.9,1590.0,34.3,106.0,0
0.0,300.9,309.7,1431.0,41.4,199.0,0
0.0,299.0,310.3,1428.0,46.3,175.0,0
2.0,298.7,308.4,1560.0,33.3,53.0,0
1.0,298.7,309.2,1423.0,48.9,187.0,0
0.0,298.9,308.7,1433.0,44.7,108.0,0
2.0,301.2,310.9,1598.0,35.9,71.0,0
1.0,298.8,310.0,1295.0,52.7,74.0,0
0.0,301.3,310.6,1510.0,38.5,47.0,0
1.0,299.9,310.0,1484.0,42.1,182.0,0
0.0,295.7,306.2,1458.0,40.6,103.0,0
0.0,303.8,313.2,1525.0,41.9,145.0,0
0.0,301.7,310.6,1486.0,38.5,78.0,0
0.0,297.9,309.0,1382.0,43.9,116.0,0
1.0,298.8,310.0,1486.0,38.5,55.0,0
0.0,298.8,309.7,1336.0,50.3,44.0,0
2.0,298.5,309.1,2051.0,19.0,184.0,0
1.0,301.3,310.8,1494.0,35.3,54.0,0
0.0,301.0,312.0,1518.0,39.3,196.0,0
1.0,298.5,308.7,1347.0,48.5,33.0,0
0.0,299.5,309.3,1477.0,40.4,138.0,0
1.0,303.9,313.3,1507.0,34.3,161.0,0
2.0,303.0,311.2,1503.0,37.0,152.0,0
1.0,300.7,309.8,1490.0,38.8,173.0,0
0.0,297.3,308.5,1514.0,44.5,177.0,0
0.0,302.3,311.8,1574.0,42.8,215.0,0
0.0,302.3,311.2,1386.0,50.3,110.0,0
1.0,297.5,309.5,1448.0,43.7,46.0,0
0.0,296.6,307.5,1439.0,45.5,199.0,0
2.0,298.4,309.4,1512.0,35.3,51.0,0
1.0,296.7,307.8,1258.0,69.0,105.0,1
1.0,300.7,311.7,1499.0,38.9,3.0,0
0.0,297.5,308.3,1585.0,32.9,32.0,0
1.0,304.2,313.2,1396.0,50.5,11.0,0
1.0,304.0,313.0,1685.0,28.2,66.0,0
1.0,301.5,310.8,1628.0,36.4,167.0,0
1.0,302.4,310.4,1586.0,34.3,149.0,0
0.0,301.1,310.1,1417.0,46.9,35.0,0
0.0,300.6,310.2,1341.0,52.6,21.0,0
2.0,297.9,307.3,1663.0,28.7,7.0,0
0.0,298.2,308.6,1353.0,54.1,38.0,0
0.0,297.7,308.1,1734.0,30.7,177.0,0
0.0,300.2,309.7,1448.0,36.8,14.0,0
0.0,299.8,311.1,1452.0,47.3,188.0,0
1.0,297.9,309.9,1410.0,55.4,188.0,0
2.0,299.7,310.3,1462.0,40.4,19.0,0
1.0,301.5,310.5,1503.0,38.2,200.0,0
0.0,298.5,310.0,1435.0,42.5,25.0,0
0.0,300.8,311.7,1397.0,43.5,227.0,0
0.0,303.2,311.2,1427.0,45.6,25.0,0
0.0,302.1,311.4,1518.0,37.4,102.0,0
1.0,302.2,310.4,1456.0,47.5,167.0,0
0.0,302.2,310.1,1458.0,45.1,15.0,0
0.0,303.7,313.1,1406.0,48.6,183.0,0
0.0,297.1,308.0,1348.0,58.0,162.0,0
0.0,297.2,308.6,1500.0,37.1,161.0,0
0.0,301.8,311.0,1771.0,27.2,162.0,0
0.0,298.4,309.6,1479.0,37.8,144.0,0
2.0,296.9,307.8,1549.0,35.8,206.0,1
0.0,301.0,310.9,1578.0,38.4,49.0,0
2.0,300.9,310.8,1477.0,38.4,31.0,0
0.0,295.8,306.6,1508.0,46.5,99.0,0
1.0,299.2,308.9,1573.0,37.4,212.0,0
0.0,297.3,308.3,1396.0,45.9,64.0,0
1.0,298.9,308.9,1679.0,28.7,181.0,0
0.0,300.7,310.6,1540.0,52.7,85.0,0
0.0,297.3,308.0,1518.0,36.0,59.0,0
2.0,302.9,312.3,1754.0,26.9,209.0,0
0.0,297.6,308.6,1576.0,32.7,83.0,0
0.0,297.8,308.5,1561.0,46.3,194.0,0
0.0,301.6,310.8,1392.0,42.4,3.0,0
1.0,298.1,308.6,1425.0,41.9,11.0,0
1.0,298.3,307.7,1439.0,43.8,111.0,0
0.0,298.0,308.2,1514.0,37.9,9.0,0
0.0,303.8,312.9,1514.0,34.3,180.0,0
0.0,300.0,311.3,1484.0,53.2,158.0,0
0.0,296.0,306.6,1511.0,35.2,119.0,0
0.0,298.7,309.9,1465.0,39.7,72.0,0
0.0,298.6,309.9,1556.0,38.6,36.0,0
0.0,298.8,308.9,1379.0,46.7,204.0,0
0.0,300.8,310.4,1368.0,46.8,21.0,0
1.0,301.2,310.6,1576.0,39.6,109.0,0
1.0,301.1,311.1,1436.0,41.8,156.0,0
0.0,299.3,309.1,1399.0,52.1,27.0,0
0.0,297.3,308.6,1297.0,45.9,184.0,0
0.0,298.5,309.6,1421.0,53.6,122.0,0
0.0,300.9,310.7,1573.0,31.2,2.0,0
0.0,300.8,311.2,1492.0,39.0,109.0,0
0.0,301.0,312.1,1377.0,49.9,48.0,0
0.0,300.1,309.4,1560.0,47.7,26.0,0
1.0,301.1,310.7,2219.0,16.7,79.0,0
1.0,298.1,307.9,1662.0,28.9,76.0,0
2.0,297.6,309.6,1278.0,50.4,2.0,0
0.0,301.2,310.7,1517.0,39.4,107.0,0
1.0,295.8,306.3,1444.0,45.5,76.0,0
0.0,298.2,308.9,1737.0,25.5,26.0,0
1.0,298.6,309.7,1280.0,64.1,71.0,0
0.0,302.0,310.5,1567.0,36.1,124.0,0
0.0,295.8,306.3,1337.0,54.6,87.0,0
0.0,303.8,313.1,1422.0,42.4,152.0,0
2.0,300.7,310.8,1346.0,52.0,193.0,0
0.0,300.4,311.7,1373.0,47.2,3.0,0
1.0,301.9,310.9,1641.0,33.2,3.0,0
0.0,303.3,312.2,1457.0,40.7,48.0,0
0.0,301.9,309.7,1424.0,42.8,140.0,0
0.0,299.2,308.5,1445.0,45.2,222.0,0
0.0,297.7,309.1,1477.0,38.3,60.0,0
0.0,296.8,307.9,1420.0,45.4,70.0,0
2.0,299.7,309.3,1494.0,37.8,214.0,0
0.0,302.5,310.3,1584.0,35.5,158.0,0
1.0,301.2,310.1,1558.0,32.6,34.0,0
0.0,296.9,308.4,1390.0,41.8,184.0,0
0.0,298.0,308.9,1390.0,53.9,88.0,0
1.0,300.2,310.0,1664.0,30.7,179.0,0
0.0,297.9,307.6,1298.0,52.7,132.0,0
0.0,303.7,312.8,1523.0,40.7,59.0,0
2.0,301.4,311.1,1445.0,41.4,144.0,0
0.0,299.1,310.5,1329.0,54.9,58.0,0
0.0,296.7,308.0,1451.0,50.7,197.0,0
1.0,298.9,310.4,1533.0,44.4,24.0,0
0.0,300.5,309.7,1589.0,30.5,198.0,0
0.0,298.8,309.3,1357.0,47.1,176.0,0
0.0,298.7,309.7,1881.0,21.7,29.0,0
1.0,300.5,309.4,1347.0,50.1,213.0,0
1.0,298.1,307.8,1316.0,57.2,191.0,0
2.0,298.1,308.3,1530.0,42.0,184.0,0
0.0,300.6,310.0,1438.0,53.8,103.0,0
0.0,297.6,308.3,1424.0,53.9,132.0,0
0.0,302.3,311.4,1609.0,32.3,49.0,0
1.0,300.8,310.4,1450.0,39.4,62.0,0
0.0,300.9,310.7,1359.0,46.0,151.0,0
0.0,298.9,308.2,1828.0,23.8,26.0,0
0.0,301.6,310.0,1566.0,30.3,79.0,0
0.0,300.6,310.3,1920.0,22.3,223.0,0
1.0,300.4,309.7,1539.0,37.7,156.0,0
0.0,302.8,312.1,1418.0,51.4,54.0,0
1.0,300.1,309.7,1420.0,48.4,36.0,0
0.0,302.3,311.6,1488.0,41.8,75.0,0
0.0,297.0,307.7,1867.0,22.8,118.0,0
0.0,302.9,312.5,1683.0,32.1,85.0,0
1.0,300.2,309.5,1458.0,46.9,23.0,0
0.0,302.2,311.5,1744.0,31.2,172.0,0
0.0,303.7,312.7,1359.0,56.8,194.0,1
0.0,297.8,308.9,1530.0,37.6,106.0,0
0.0,301.1,310.2,1657.0,34.1,52.0,0
1.0,300.7,311.7,1412.0,49.1,219.0,0
0.0,297.5,308.6,1452.0,39.0,72.0,0
0.0,298.2,308.9,1367.0,45.0,85.0,0
2.0,298.1,307.6,1496.0,44.1,104.0,0
1.0,298.8,309.8,1377.0,49.6,27.0,0
1.0,296.9,307.8,1392.0,43.9,0.0,0
0.0,297.4,308.3,1561.0,38.3,0.0,0
0.0,302.0,310.5,2197.0,15.8,133.0,0
1.0,299.1,308.8,1725.0,26.6,172.0,0
1.0,298.9,309.9,1645.0,31.4,86.0,0
1.0,296.9,307.9,2010.0,18.9,86.0,0
0.0,301.0,311.0,1804.0,25.8,174.0,0
1.0,302.2,311.3,1931.0,21.9,101.0,0
0.0,297.8,308.8,1421.0,49.6,101.0,0
0.0,300.1,310.1,1380.0,52.6,59.0,0
0.0,296.9,308.0,1514.0,41.0,120.0,0
0.0,298.2,308.7,1447.0,48.4,51.0,0
0.0,302.2,311.5,1616.0,34.0,19.0,0
0.0,297.5,308.4,1528.0,39.9,160.0,0
0.0,298.0,307.8,1716.0,26.6,9.0,0
0.0,302.5,311.1,1571.0,34.2,201.0,0
2.0,301.7,310.1,1462.0,38.3,49.0,0
0.0,303.8,312.6,1735.0,25.9,154.0,0
0.0,299.0,309.4,1758.0,25.7,68.0,0
1.0,299.9,309.8,1625.0,41.2,109.0,0
1.0,297.3,308.7,1577.0,35.6,133.0,0
0.0,299.3,309.0,1516.0,38.7,64.0,0
1.0,298.8,308.6,1571.0,33.7,61.0,0
0.0,299.3,308.7,1802.0,26.0,130.0,0
1.0,299.8,309.7,1910.0,21.8,141.0,0
0.0,300.7,309.8,1363.0,53.1,183.0,0
1.0,301.8,310.1,2372.0,13.9,205.0,1
0.0,300.0,311.4,1590.0,33.6,5.0,0
0.0,301.3,310.3,1555.0,41.2,131.0,0
0.0,302.2,311.2,1451.0,41.8,66.0,0
1.0,302.3,310.9,1360.0,44.0,67.0,1
0.0,298.3,308.5,1538.0,32.2,173.0,0
1.0,298.1,307.4,1335.0,56.2,190.0,0
0.0,298.5,309.5,1579.0,38.6,126.0,0
0.0,301.8,311.2,1334.0,52.3,68.0,0
1.0,301.4,310.6,1630.0,30.3,2.0,0
0.0,297.3,308.5,1398.0,60.4,12.0,0
1.0,298.8,309.7,1477.0,48.5,138.0,0
0.0,297.4,309.2,1584.0,42.8,186.0,0
0.0,298.2,308.8,1442.0,47.0,18.0,0
1.0,302.1,311.5,1635.0,31.6,23.0,0
2.0,296.7,307.4,1661.0,34.2,109.0,0
0.0,303.3,311.6,1301.0,45.1,219.0,1
1.0,301.8,310.9,1346.0,44.6,142.0,0
1.0,298.7,309.1,1423.0,49.5,200.0,0
0.0,300.1,310.5,1500.0,39.8,107.0,0
2.0,302.3,310.1,1383.0,42.9,24.0,0
0.0,297.9,308.8,1386.0,48.6,75.0,0
0.0,300.6,309.4,1549.0,43.4,233.0,0
0.0,302.4,311.4,1831.0,26.9,121.0,0
0.0,303.6,312.6,1540.0,39.8,21.0,0
1.0,303.0,312.7,1553.0,35.8,122.0,0
0.0,298.6,309.2,2035.0,19.6,40.0,0
1.0,301.3,310.8,1372.0,54.2,49.0,0
2.0,299.2,308.7,1448.0,51.4,173.0,0
1.0,303.3,312.5,1674.0,32.7,76.0,0
2.0,298.4,308.2,1612.0,32.6,10.0,0
0.0,301.9,311.0,1669.0,32.2,191.0,0
2.0,302.5,310.4,1422.0,41.9,156.0,0
0.0,297.4,308.3,1366.0,45.5,11.0,0
0.0,301.4,310.7,1706.0,27.9,170.0,0
1.0,297.1,308.0,1690.0,25.6,159.0,0
0.0,297.0,308.1,1429.0,54.0,138.0,0
0.0,302.7,310.5,1263.0,67.8,197.0,1
1.0,299.5,309.1,1420.0,49.5,5.0,0
0.0,299.2,308.4,1445.0,43.5,224.0,0
0.0,298.2,307.9,1544.0,31.4,192.0,0
2.0,304.2,313.0,1442.0,40.9,23.0,0
1.0,297.3,308.2,1452.0,38.2,44.0,0
1.0,300.7,310.6,1778.0,27.1,215.0,0
0.0,299.3,308.5,1510.0,45.4,72.0,0
1.0,299.9,310.4,1576.0,34.3,188.0,0
0.0,300.3,310.2,1492.0,52.3,2.0,0
0.0,297.4,308.4,1588.0,32.5,207.0,0
2.0,298.4,307.9,1948.0,21.4,136.0,0
0.0,300.1,311.5,1499.0,43.4,65.0,0
0.0,299.1,310.5,1496.0,35.2,60.0,0
1.0,298.1,308.2,1342.0,48.1,54.0,0
0.0,302.5,312.0,1456.0,46.3,208.0,0
0.0,298.3,308.6,1447.0,38.1,146.0,0
1.0,300.7,310.0,1641.0,34.6,178.0,0
1.0,297.6,308.7,1475.0,46.6,54.0,0
1.0,300.6,309.4,1521.0,37.2,90.0,0
0.0,300.9,310.7,1352.0,46.4,212.0,0
0.0,302.9,312.2,1510.0,41.4,94.0,0
1.0,298.3,309.3,1376.0,57.0,198.0,0
0.0,297.5,308.6,1585.0,37.6,2.0,0
1.0,302.5,311.5,1481.0,41.1,215.0,0
2.0,301.0,310.1,1756.0,30.7,2.0,0
0.0,302.2,311.4,2080.0,19.2,31.0,0
0.0,299.2,308.8,1605.0,31.1,181.0,0
0.0,297.9,309.2,1478.0,39.7,10.0,0
1.0,300.4,311.7,1555.0,38.7,5.0,0
1.0,302.3,311.7,1442.0,41.7,127.0,0
2.0,299.2,308.4,1388.0,53.2,59.0,0
1.0,303.7,312.9,1532.0,41.3,32.0,0
0.0,300.7,309.5,1592.0,29.0,17.0,0
0.0,297.9,309.1,1442.0,50.3,24.0,0
2.0,298.3,309.6,1546.0,36.2,177.0,0
2.0,297.9,307.7,1618.0,35.9,92.0,0
0.0,298.4,309.4,1392.0,50.1,117.0,0
0.0,299.4,308.7,1459.0,47.6,96.0,0
0.0,297.7,308.9,1516.0,33.7,92.0,0
0.0,302.4,310.1,1645.0,31.6,93.0,0
1.0,301.0,310.8,1533.0,39.3,194.0,0
0.0,296.3,307.4,1648.0,34.0,60.0,0
0.0,298.9,309.6,1589.0,34.2,197.0,0
0.0,298.4,308.3,1433.0,62.3,20.0,1
0.0,303.3,311.3,1409.0,51.8,16.0,0
1.0,299.6,310.6,1633.0,34.2,151.0,0
1.0,298.6,309.9,1668.0,32.3,6.0,0
1.0,297.9,307.7,1527.0,42.8,125.0,0
0.0,298.4,308.2,1604.0,34.9,11.0,0
1.0,301.0,312.0,1558.0,37.5,190.0,0
0.0,298.9,310.0,1515.0,42.9,170.0,0
1.0,298.8,308.5,1510.0,38.7,66.0,0
0.0,303.2,312.5,1518.0,39.9,146.0,0
0.0,298.1,307.6,1488.0,39.4,157.0,0
0.0,300.6,310.3,1414.0,50.6,25.0,0
0.0,301.8,310.5,1593.0,34.9,139.0,0
0.0,303.7,313.1,1423.0,41.2,124.0,0
2.0,298.8,310.2,1707.0,27.6,56.0,0
0.0,301.7,311.3,1584.0,38.8,132.0,0
0.0,300.7,310.8,1563.0,33.8,104.0,0
2.0,302.5,311.5,1655.0,32.3,142.0,0
0.0,303.8,312.9,1573.0,34.6,14.0,0
0.0,301.1,310.1,1666.0,27.2,40.0,0
1.0,297.3,308.9,1799.0,24.5,137.0,0
0.0,300.5,310.7,1488.0,39.4,159.0,0
1.0,296.8,307.5,1443.0,39.2,13.0,0
0.0,301.0,312.1,1585.0,32.3,50.0,0
0.0,297.3,308.3,1519.0,37.7,45.0,0
1.0,298.0,308.1,1587.0,32.3,30.0,0
1.0,297.4,308.4,1517.0,41.0,18.0,0
0.0,301.4,310.8,1543.0,36.9,97.0,0
2.0,300.7,310.2,1479.0,52.3,9.0,0
0.0,297.1,308.1,1487.0,34.6,208.0,0
0.0,300.5,311.9,1576.0,31.1,149.0,0
0.0,300.3,311.7,1579.0,33.6,59.0,0
0.0,300.5,311.7,1445.0,44.8,83.0,0
0.0,302.3,311.5,1794.0,26.1,7.0,0
0.0,301.5,310.6,1998.0,20.2,210.0,0
0.0,302.0,310.6,1583.0,38.9,94.0,0
0.0,300.3,311.8,1451.0,41.0,55.0,0
2.0,298.7,309.3,1402.0,45.3,190.0,0
1.0,300.2,310.3,1448.0,40.1,209.0,0
1.0,302.9,311.2,1330.0,53.7,200.0,1
0.0,298.0,307.3,1424.0,46.5,185.0,0
1.0,300.3,311.2,1381.0,65.2,136.0,1
0.0,303.6,313.0,1617.0,30.9,122.0,0
0.0,300.7,310.3,1533.0,35.6,198.0,0
0.0,302.4,311.2,1404.0,52.0,57.0,0
0.0,303.7,312.4,1718.0,26.5,130.0,0
0.0,301.4,310.7,1605.0,34.2,94.0,0
1.0,301.1,310.5,1603.0,32.6,121.0,0
2.0,302.2,311.8,1330.0,62.4,31.0,0
1.0,297.5,308.8,1471.0,52.3,152.0,0
1.0,301.2,312.4,1428.0,36.6,99.0,0
0.0,302.0,311.1,1373.0,55.7,157.0,0
2.0,297.5,308.9,1419.0,50.7,7.0,0
0.0,297.9,307.5,1602.0,38.3,21.0,0
0.0,298.8,309.1,1439.0,39.2,104.0,0
2.0,300.7,311.0,1981.0,19.9,99.0,0
0.0,299.5,309.2,1499.0,41.5,175.0,0
1.0,300.3,311.9,1429.0,41.6,184.0,0
1.0,300.1,310.1,1501.0,39.3,195.0,0
0.0,304.1,313.2,1434.0,50.1,43.0,0
0.0,301.0,310.4,2204.0,16.6,175.0,0
0.0,300.0,311.2,1504.0,37.9,58.0,0
1.0,297.4,308.0,1440.0,42.4,190.0,0
0.0,297.5,309.4,1318.0,58.2,146.0,0
0.0,298.0,308.1,1777.0,24.3,200.0,0
1.0,298.2,307.8,1599.0,31.2,173.0,0
0.0,300.6,311.9,1372.0,60.1,212.0,1
0.0,301.1,310.5,1529.0,38.7,91.0,0
1.0,302.5,311.8,2023.0,19.1,74.0,0
0.0,297.2,307.9,1540.0,37.1,164.0,0
1.0,303.5,312.9,1572.0,44.7,84.0,0
1.0,300.2,310.1,1485.0,40.5,188.0,0
0.0,300.4,310.0,1423.0,44.2,189.0,0
1.0,297.3,309.0,1556.0,39.5,168.0,0
0.0,301.8,310.9,1521.0,39.3,197.0,0
2.0,302.1,311.2,1598.0,37.9,148.0,0
1.0,300.2,310.1,1550.0,38.7,45.0,0
0.0,300.8,311.4,1492.0,40.6,20.0,0
0.0,302.2,310.8,1350.0,56.6,76.0,0
0.0,302.9,312.4,1446.0,41.7,196.0,0
0.0,303.5,312.9,1501.0,44.0,128.0,0
1.0,299.3,310.5,1404.0,47.5,12.0,0
0.0,299.2,310.5,1391.0,45.8,38.0,0
1.0,302.5,310.5,1527.0,38.8,136.0,0
0.0,300.0,309.5,1641.0,30.1,35.0,0
0.0,298.2,307.9,1429.0,49.4,141.0,0
0.0,297.3,308.3,1504.0,36.3,45.0,0
0.0,298.4,309.6,1477.0,35.6,101.0,0
0.0,298.6,308.4,1559.0,36.6,188.0,0
0.0,297.9,308.5,1305.0,47.2,155.0,0
0.0,295.8,306.4,1339.0,53.2,67.0,0
0.0,298.8,309.8,1509.0,36.2,57.0,0
1.0,298.7,309.6,1452.0,42.7,180.0,0
0.0,298.0,309.6,1536.0,37.3,120.0,0
0.0,300.5,310.7,1606.0,33.5,121.0,0
0.0,302.1,310.1,1447.0,46.6,169.0,0
2.0,301.8,310.8,1470.0,37.6,204.0,0
0.0,299.2,309.1,1387.0,48.7,4.0,0
1.0,300.7,310.6,1474.0,37.0,33.0,0
0.0,298.5,308.9,1781.0,27.8,113.0,0
0.0,300.6,311.7,1497.0,43.6,198.0,0
0.0,298.6,309.8,1496.0,37.7,134.0,0
2.0,303.1,311.3,2056.0,19.7,167.0,0
1.0,300.2,310.3,1593.0,36.1,36.0,0
1.0,297.4,308.5,1412.0,45.5,49.0,0
0.0,300.6,310.1,1297.0,50.0,130.0,0
2.0,297.7,308.4,1418.0,51.9,77.0,0
0.0,300.2,309.6,1359.0,51.5,66.0,0
0.0,297.8,309.7,1341.0,49.2,208.0,0
1.0,301.5,310.6,1492.0,43.0,100.0,0
1.0,299.7,309.1,1508.0,41.2,152.0,0
1.0,304.2,313.5,1532.0,41.3,161.0,0
0.0,300.1,310.5,1627.0,29.2,95.0,0
0.0,302.3,310.2,1548.0,35.3,170.0,0
0.0,299.0,308.9,1615.0,30.6,14.0,0
0.0,301.8,310.8,1576.0,38.6,38.0,0
1.0,300.9,310.7,1420.0,43.0,133.0,0
0.0,298.4,309.6,1710.0,27.3,163.0,1
0.0,299.0,308.6,1466.0,46.4,112.0,0
0.0,299.1,310.2,1352.0,52.8,41.0,0
0.0,303.6,312.8,1701.0,30.8,12.0,0
1.0,301.0,312.2,1629.0,32.6,69.0,0
1.0,296.4,307.5,1684.0,31.4,72.0,0
0.0,298.8,309.9,1482.0,39.1,45.0,0
0.0,298.2,308.3,2216.0,16.8,139.0,0
0.0,301.9,310.9,1799.0,24.2,54.0,0
0.0,298.9,310.1,1394.0,42.7,179.0,0
2.0,299.7,309.2,1468.0,49.6,132.0,0
0.0,303.3,312.7,1262.0,63.8,100.0,0
0.0,302.5,310.3,1688.0,31.6,66.0,0
1.0,298.0,308.5,1682.0,33.0,58.0,0
1.0,300.5,309.9,1483.0,49.3,124.0,0
1.0,302.6,312.4,1410.0,50.3,33.0,0
0.0,304.1,313.4,1374.0,56.6,115.0,0
0.0,300.7,311.0,1403.0,48.3,70.0,0
0.0,303.7,313.1,1355.0,49.1,188.0,0
0.0,297.2,308.1,1446.0,38.5,164.0,0
2.0,301.8,309.9,1418.0,51.3,116.0,0
0.0,300.2,310.1,1523.0,42.3,25.0,0
0.0,300.9,311.2,1789.0,25.5,114.0,0
1.0,298.2,308.4,1510.0,39.9,134.0,0
0.0,301.3,310.8,1560.0,38.5,52.0,0
1.0,300.4,311.6,1518.0,36.4,53.0,0
2.0,302.4,311.6,1544.0,39.1,70.0,0
2.0,301.4,310.7,1536.0,44.4,96.0,0
1.0,297.7,307.2,1405.0,43.7,2.0,0
0.0,300.8,311.2,1376.0,48.1,172.0,0
0.0,297.7,308.9,1662.0,28.1,19.0,0
1.0,302.7,311.7,1784.0,25.1,177.0,0
1.0,303.6,312.8,2659.0,11.4,26.0,1
1.0,298.1,308.6,1415.0,46.3,27.0,0
0.0,296.8,307.6,1398.0,46.7,144.0,0
1.0,297.4,308.1,1620.0,31.2,143.0,0
0.0,302.6,312.3,1554.0,42.0,58.0,0
0.0,298.7,309.5,1446.0,40.0,160.0,0
1.0,301.4,310.8,1738.0,30.3,104.0,0
0.0,301.9,310.4,1370.0,51.7,153.0,1
0.0,298.5,309.4,1548.0,37.7,43.0,0
0.0,302.7,310.5,1446.0,40.9,211.0,1
0.0,300.7,312.0,1401.0,51.1,50.0,0
0.0,302.5,311.5,1521.0,44.1,37.0,0
1.0,304.0,313.4,1389.0,45.8,123.0,0
0.0,299.9,309.2,1333.0,50.8,61.0,0
2.0,302.5,310.9,1356.0,55.5,101.0,1
0.0,303.7,312.3,1349.0,51.0,105.0,0
1.0,304.1,313.3,1494.0,39.0,49.0,0
0.0,298.3,308.4,1408.0,43.1,177.0,0
0.0,298.2,309.1,1568.0,36.3,166.0,0
0.0,302.3,311.7,1544.0,43.2,128.0,0
0.0,301.2,310.6,1385.0,49.2,105.0,0
0.0,300.1,309.7,1441.0,40.1,46.0,0
1.0,300.8,312.0,1422.0,50.7,219.0,0
1.0,302.2,311.4,1626.0,31.6,62.0,0
2.0,297.8,309.2,1648.0,33.0,29.0,0
2.0,300.5,310.7,1654.0,28.6,161.0,0
0.0,299.2,308.5,1487.0,41.2,140.0,0
1.0,300.8,310.7,1386.0,42.1,170.0,0
0.0,301.5,310.9,1318.0,50.6,11.0,0
1.0,298.1,308.6,1551.0,42.8,0.0,0
0.0,300.3,311.5,1378.0,47.5,64.0,0
0.0,298.8,309.6,1890.0,24.0,173.0,0
1.0,301.1,311.2,1407.0,53.0,165.0,0
0.0,296.9,307.9,1423.0,43.9,149.0,0
0.0,298.0,309.2,1665.0,36.6,22.0,0
0.0,300.9,310.8,1476.0,39.0,10.0,0
0.0,300.7,311.0,1377.0,49.9,124.0,0
0.0,302.3,310.7,1612.0,33.4,139.0,0
1.0,296.0,306.6,1628.0,36.8,121.0,0
0.0,297.5,309.6,1312.0,50.7,0.0,0
2.0,297.7,308.2,1489.0,43.0,151.0,0
2.0,302.5,311.1,1850.0,23.3,203.0,0
0.0,298.4,309.1,1798.0,29.6,81.0,0
0.0,299.1,308.3,1533.0,42.4,48.0,0
0.0,301.6,310.1,1687.0,26.6,16.0,0
2.0,303.5,312.3,1386.0,49.0,35.0,0
1.0,298.3,307.8,1392.0,50.4,101.0,0
0.0,303.0,312.3,1932.0,21.9,132.0,0
0.0,299.1,310.2,1569.0,38.2,155.0,0
1.0,300.8,311.0,1580.0,36.6,109.0,0
0.0,302.5,311.4,1674.0,27.0,223.0,0
1.0,303.4,312.8,1518.0,38.7,103.0,0
0.0,300.4,311.1,1589.0,35.5,191.0,0
0.0,296.5,307.3,1579.0,34.5,166.0,0
2.0,300.6,312.1,1354.0,46.9,138.0,0
0.0,298.3,308.4,1490.0,41.7,170.0,0
0.0,301.7,309.9,1607.0,37.7,93.0,0
0.0,303.6,313.0,1534.0,39.7,115.0,0
0.0,300.5,309.9,1503.0,37.4,175.0,0
0.0,302.5,312.0,1383.0,51.3,190.0,0
1.0,301.6,310.6,1309.0,65.8,75.0,1
1.0,298.7,308.4,1430.0,49.6,135.0,0
1.0,299.2,310.6,1443.0,50.9,85.0,0
0.0,300.5,311.9,1750.0,28.3,207.0,0
0.0,300.6,311.6,1964.0,21.4,15.0,0
0.0,303.7,313.0,1811.0,24.3,209.0,0
1.0,298.3,307.7,1520.0,41.4,10.0,0
1.0,300.5,312.0,1382.0,54.1,27.0,0
2.0,302.5,311.5,1496.0,43.8,218.0,0
0.0,299.8,309.7,1624.0,34.2,96.0,0
0.0,302.6,311.0,2001.0,20.7,137.0,0
1.0,301.8,310.9,1881.0,20.9,23.0,0
0.0,300.5,311.6,1425.0,42.4,102.0,0
0.0,295.6,306.1,1474.0,41.2,156.0,0
2.0,298.5,309.4,1671.0,31.8,108.0,0
1.0,297.8,308.5,1488.0,41.9,196.0,0
0.0,299.6,309.1,1407.0,50.6,85.0,0
0.0,298.4,310.1,1455.0,42.2,94.0,0
0.0,296.7,307.9,1690.0,29.6,119.0,0
0.0,301.0,310.9,1473.0,44.2,116.0,0
0.0,298.3,308.5,1416.0,52.7,151.0,0
0.0,303.5,312.5,1457.0,46.4,168.0,0
0.0,301.6,310.9,1643.0,34.1,44.0,0
0.0,298.3,310.1,1523.0,45.9,99.0,0
0.0,303.7,312.6,1702.0,29.1,141.0,0
2.0,297.4,308.7,1323.0,51.1,130.0,0
0.0,302.5,312.0,2052.0,18.9,40.0,0
1.0,302.4,311.9,1422.0,46.4,194.0,0
1.0,300.6,309.7,1428.0,42.6,23.0,0
1.0,301.9,310.9,1763.0,28.4,103.0,0
0.0,298.9,310.1,1341.0,54.5,51.0,0
0.0,297.5,309.3,1470.0,38.8,197.0,0
1.0,298.7,310.1,1402.0,69.7,64.0,1
0.0,301.4,310.8,1698.0,29.6,99.0,0
0.0,299.5,308.9,1520.0,38.3,122.0,0
1.0,298.3,307.9,1609.0,32.4,151.0,0
0.0,297.1,308.4,1304.0,53.5,153.0,0
0.0,301.0,311.7,1547.0,34.5,152.0,0
1.0,301.1,310.2,1850.0,27.7,44.0,0
1.0,297.8,307.8,1622.0,32.1,18.0,0
1.0,303.5,312.3,1532.0,41.7,32.0,0
2.0,301.4,310.1,1623.0,32.3,39.0,0
1.0,303.4,312.8,1590.0,36.3,113.0,0
1.0,301.7,311.0,1311.0,46.8,136.0,0
0.0,297.4,308.6,1439.0,51.9,188.0,0
2.0,298.3,309.3,1529.0,41.7,5.0,0
1.0,300.4,310.5,1540.0,33.4,32.0,0
0.0,301.4,311.3,1397.0,42.3,48.0,0
0.0,301.4,311.1,1495.0,36.3,193.0,0
0.0,299.0,310.3,1868.0,24.0,221.0,0
0.0,297.1,308.2,1351.0,56.6,126.0,0
0.0,299.8,309.4,1460.0,37.4,25.0,0
2.0,298.7,310.2,1613.0,36.0,0.0,0
1.0,297.3,308.5,1524.0,49.3,176.0,0
0.0,298.3,308.5,1362.0,53.8,164.0,0
2.0,299.0,309.0,1436.0,43.9,20.0,0
1.0,297.8,308.4,1579.0,36.6,152.0,0
1.0,300.5,311.9,1676.0,35.2,97.0,0
1.0,299.8,311.1,1763.0,25.5,171.0,0
0.0,298.5,308.7,1609.0,35.3,117.0,0
0.0,302.0,309.9,1407.0,52.8,154.0,0
0.0,297.7,309.1,1479.0,42.1,58.0,0
1.0,298.7,308.4,1507.0,45.7,192.0,0
0.0,302.2,311.8,1981.0,21.8,36.0,0
0.0,299.1,310.4,1657.0,31.0,129.0,0
0.0,302.3,311.6,1784.0,26.4,79.0,0
1.0,299.6,309.1,1366.0,55.2,95.0,0
1.0,301.0,312.1,1664.0,28.4,168.0,0
1.0,298.5,308.8,1557.0,36.0,21.0,0
0.0,300.1,309.6,1321.0,46.9,75.0,0
1.0,298.5,309.3,1552.0,36.8,133.0,0
0.0,300.7,310.4,1416.0,61.8,209.0,1
0.0,301.1,311.4,1531.0,38.7,55.0,0
0.0,300.2,311.8,1464.0,44.5,179.0,0
0.0,297.5,308.5,1712.0,26.8,136.0,0
0.0,300.5,310.6,1499.0,45.2,8.0,0
0.0,300.1,310.2,1475.0,54.2,53.0,0
0.0,300.2,310.2,1378.0,43.9,193.0,0
0.0,300.0,311.4,1483.0,45.6,187.0,0
0.0,302.5,312.1,1534.0,38.6,3.0,0
0.0,302.6,312.1,1502.0,47.3,171.0,0
0.0,299.7,311.1,1574.0,36.4,135.0,0
0.0,300.8,312.0,1416.0,46.5,7.0,0
2.0,298.8,310.1,1704.0,30.7,150.0,0
0.0,298.0,307.6,1281.0,50.8,122.0,0
2.0,302.4,312.0,1477.0,39.7,18.0,0
1.0,299.8,311.2,1745.0,26.3,150.0,0
0.0,304.0,313.2,1314.0,47.1,144.0,0
0.0,298.7,309.8,1402.0,54.3,128.0,0
1.0,299.2,308.4,1396.0,48.5,5.0,0
2.0,300.4,309.7,1500.0,35.2,112.0,0
1.0,297.4,308.7,1425.0,50.3,152.0,0
0.0,304.2,313.4,1740.0,23.7,86.0,0
0.0,302.6,311.4,1738.0,25.8,128.0,0
0.0,301.4,310.3,1639.0,32.7,171.0,0
0.0,297.9,309.0,1502.0,40.2,30.0,0
0.0,299.6,310.2,1743.0,24.8,99.0,0
0.0,297.7,308.7,1688.0,27.2,125.0,0
0.0,302.5,312.0,1574.0,33.8,63.0,0
0.0,299.4,309.3,1448.0,48.6,44.0,0
1.0,298.2,308.0,1591.0,33.7,32.0,0
1.0,297.4,308.5,1497.0,36.4,56.0,0
0.0,296.7,307.8,1505.0,39.4,236.0,0
0.0,300.8,310.6,1551.0,34.5,153.0,0
0.0,298.0,309.2,1458.0,39.8,87.0,0
0.0,298.8,309.4,1387.0,54.1,171.0,0
2.0,300.5,310.0,1358.0,60.4,102.0,0
0.0,297.3,308.6,1446.0,50.1,144.0,0
0.0,302.2,310.7,1769.0,24.9,91.0,0
0.0,298.4,309.7,1530.0,38.6,161.0,0
1.0,297.8,308.4,1479.0,43.5,143.0,0
0.0,297.9,307.7,1590.0,34.6,57.0,0
0.0,298.6,308.3,1278.0,60.5,32.0,0
0.0,297.9,307.9,1476.0,45.2,91.0,0
0.0,303.3,311.5,1601.0,35.2,10.0,0
1.0,302.2,311.2,1347.0,49.8,94.0,0
0.0,297.0,307.6,1513.0,42.4,124.0,0
1.0,300.6,310.7,1457.0,36.7,193.0,0
0.0,301.5,310.5,1535.0,39.0,204.0,0
0.0,298.8,308.7,1635.0,35.2,47.0,0
2.0,298.3,309.5,1427.0,54.3,89.0,0
0.0,298.2,307.8,1749.0,26.1,66.0,0
0.0,300.3,311.8,1488.0,38.4,51.0,0
0.0,303.4,311.9,1531.0,37.9,203.0,0
1.0,302.4,310.1,1520.0,36.6,97.0,0
0.0,300.6,311.1,1471.0,40.7,26.0,0
0.0,296.3,307.4,1760.0,28.4,56.0,0
0.0,297.5,308.6,1552.0,44.9,77.0,0
0.0,302.4,311.0,2211.0,15.4,203.0,0
2.0,300.6,310.0,1419.0,42.4,90.0,0
0.0,301.4,310.8,1680.0,31.4,185.0,0
0.0,298.0,308.3,1662.0,32.7,0.0,0
0.0,299.1,308.2,1493.0,34.9,119.0,0
1.0,300.5,311.6,1454.0,41.4,108.0,0
2.0,304.1,313.3,1689.0,32.5,134.0,0
1.0,300.4,311.0,1433.0,46.1,199.0,0
0.0,300.6,309.8,1688.0,28.6,135.0,0
0.0,299.6,310.1,1553.0,38.0,83.0,0
1.0,300.8,310.7,1371.0,44.7,205.0,0
1.0,300.3,309.8,1444.0,42.0,3.0,0
0.0,299.5,309.3,1941.0,22.5,18.0,0
0.0,296.6,307.4,1436.0,42.8,156.0,0
1.0,302.3,311.5,1530.0,42.3,21.0,0
1.0,297.2,308.4,1378.0,41.9,97.0,0
0.0,297.1,308.4,1529.0,40.4,165.0,0
2.0,304.0,313.1,1408.0,39.8,132.0,0
0.0,303.9,313.2,1393.0,46.5,9.0,0
0.0,298.9,310.2,1705.0,32.5,63.0,0
0.0,301.7,310.5,2465.0,13.7,149.0,0
0.0,302.6,310.8,1486.0,36.4,160.0,0
0.0,297.5,308.5,1546.0,40.4,129.0,0
0.0,304.1,313.3,1470.0,39.9,70.0,0
0.0,300.3,311.3,1505.0,39.6,107.0,0
0.0,298.0,309.2,1378.0,49.7,94.0,0
1.0,300.7,310.6,1572.0,38.5,50.0,0
2.0,303.5,311.5,1629.0,33.5,73.0,0
0.0,299.1,310.6,1796.0,26.0,90.0,0
2.0,297.6,309.0,1354.0,55.6,46.0,0
0.0,301.3,310.8,1381.0,47.9,33.0,0
1.0,298.7,310.1,1549.0,42.5,61.0,0
0.0,299.8,309.6,1526.0,41.7,85.0,0
0.0,300.3,311.7,1515.0,37.5,5.0,0
1.0,302.2,311.4,1432.0,45.3,33.0,0
2.0,299.4,309.0,1607.0,33.7,130.0,0
0.0,300.4,311.8,1320.0,57.9,168.0,0
2.0,298.3,307.9,1420.0,39.2,176.0,0
0.0,300.2,309.7,1771.0,27.1,104.0,0
0.0,297.0,307.9,1436.0,47.7,191.0,0
0.0,298.4,308.9,1496.0,37.9,194.0,0
0.0,300.3,309.2,1807.0,26.4,169.0,0
2.0,302.7,311.1,1418.0,43.4,130.0,0
1.0,295.8,306.4,1335.0,51.7,69.0,0
0.0,299.8,309.3,1299.0,65.1,212.0,1
0.0,297.4,309.2,1459.0,37.9,191.0,0
1.0,300.6,309.3,1510.0,46.0,87.0,0
0.0,303.7,312.8,1448.0,44.5,55.0,0
1.0,298.6,309.6,1344.0,59.4,200.0,0
1.0,302.5,310.3,1710.0,27.3,186.0,0
0.0,301.8,310.7,1644.0,33.4,68.0,0
0.0,298.5,309.8,1468.0,40.9,157.0,0
0.0,303.3,311.3,1389.0,53.9,39.0,0
0.0,300.8,309.4,1489.0,38.4,109.0,0
1.0,302.3,311.6,1608.0,39.9,136.0,0
1.0,298.0,307.8,1483.0,50.9,26.0,0
0.0,299.0,310.2,1372.0,48.0,174.0,0
1.0,300.7,309.6,1996.0,19.8,203.0,1
0.0,300.1,310.5,1356.0,45.8,126.0,0
0.0,298.5,309.5,1569.0,41.0,153.0,0
0.0,302.5,310.2,1547.0,36.9,103.0,0
0.0,300.9,310.5,1616.0,33.5,25.0,0
0.0,301.5,310.5,1389.0,54.9,187.0,0
1.0,297.1,308.6,1717.0,31.3,61.0,0
0.0,300.1,309.5,1353.0,50.9,34.0,0
1.0,302.0,310.5,1381.0,58.4,201.0,0
0.0,297.8,309.7,1394.0,42.9,206.0,0
1.0,299.7,310.5,1594.0,35.4,134.0,0
0.0,300.2,309.9,1566.0,36.4,170.0,0
0.0,300.8,312.0,1374.0,50.2,154.0,0
0.0,302.2,311.4,1987.0,19.9,200.0,0
0.0,300.9,311.1,1471.0,39.3,91.0,0
2.0,297.6,309.0,1735.0,26.4,41.0,0
1.0,298.7,309.6,1254.0,57.1,124.0,0
2.0,300.5,310.8,1631.0,30.5,132.0,0
2.0,297.1,308.2,1527.0,42.2,199.0,0
1.0,299.5,309.0,1602.0,31.3,210.0,0
0.0,298.7,308.5,1469.0,39.9,67.0,0
0.0,300.6,309.9,1428.0,48.8,109.0,0
0.0,303.4,312.3,1680.0,30.6,67.0,0
0.0,297.8,307.3,1327.0,61.0,186.0,1
0.0,301.1,310.8,1470.0,49.3,116.0,0
2.0,300.4,311.6,1715.0,30.8,203.0,0
0.0,300.7,310.0,1672.0,29.7,176.0,0
1.0,298.0,308.2,1395.0,49.1,206.0,0
2.0,303.6,312.6,1498.0,40.2,155.0,0
0.0,300.6,311.5,1459.0,47.0,63.0,0
2.0,303.6,311.7,1476.0,40.1,85.0,0
1.0,301.0,312.0,1499.0,34.6,207.0,0
2.0,301.5,310.8,1591.0,29.6,33.0,0
1.0,300.5,311.9,1370.0,44.8,20.0,0
0.0,297.6,308.6,1526.0,42.1,57.0,0
1.0,303.6,312.5,1607.0,33.7,14.0,0
1.0,302.2,311.3,1375.0,47.0,98.0,0
2.0,298.6,309.5,1375.0,41.0,39.0,0
2.0,297.7,308.8,1404.0,50.3,97.0,0
0.0,297.7,309.2,1391.0,44.5,159.0,0
0.0,297.2,308.1,1431.0,49.7,210.0,1
1.0,302.0,311.2,1625.0,30.7,189.0,0
1.0,299.9,309.6,1489.0,41.7,56.0,0
2.0,302.7,310.4,1305.0,55.2,20.0,1
0.0,300.1,311.4,1418.0,47.7,73.0,0
1.0,303.7,312.7,1469.0,48.5,147.0,0
0.0,303.5,311.6,1361.0,46.5,62.0,1
0.0,301.0,310.8,1549.0,41.4,121.0,0
1.0,302.3,311.3,1444.0,43.1,115.0,0
1.0,303.7,312.8,1366.0,47.3,49.0,0
0.0,298.5,308.1,1564.0,31.1,34.0,0
0.0,298.3,307.9,1507.0,41.2,149.0,0
1.0,297.0,308.0,1408.0,47.9,54.0,0
0.0,299.0,308.6,1648.0,30.8,98.0,0
0.0,301.3,310.6,1560.0,36.8,113.0,0
1.0,300.7,311.0,1378.0,51.6,130.0,0
0.0,299.7,309.3,1445.0,42.6,0.0,0
2.0,301.0,311.2,1602.0,32.7,19.0,0
1.0,297.7,308.2,1370.0,53.4,162.0,0
0.0,298.5,310.1,1809.0,28.9,20.0,0
2.0,299.2,308.7,1375.0,55.1,78.0,0
1.0,301.5,310.7,1416.0,53.2,69.0,0
0.0,298.1,307.8,1524.0,40.8,71.0,0
2.0,302.5,311.3,1393.0,47.5,130.0,0
0.0,301.1,310.7,1436.0,45.3,8.0,0
0.0,300.2,309.2,1430.0,43.4,24.0,0
1.0,304.1,313.2,1586.0,41.1,129.0,0
2.0,300.2,309.9,1906.0,22.9,165.0,0
0.0,298.7,308.5,1444.0,54.2,62.0,0
1.0,300.2,311.6,1415.0,55.8,82.0,0
1.0,301.4,310.7,1692.0,32.3,5.0,0
1.0,298.4,308.1,1495.0,46.0,203.0,0
0.0,300.9,312.0,1500.0,44.2,188.0,0
0.0,298.9,310.0,1422.0,43.6,78.0,0
1.0,301.2,309.9,1456.0,50.8,15.0,0
0.0,303.3,311.5,1412.0,55.6,67.0,0
1.0,301.3,310.0,1593.0,30.8,210.0,0
2.0,298.3,309.0,1823.0,25.9,181.0,0
0.0,301.4,310.6,1578.0,33.0,181.0,0
1.0,302.5,312.1,1454.0,47.6,37.0,0
0.0,297.3,308.1,1762.0,26.1,154.0,0
2.0,300.2,309.3,1342.0,48.7,68.0,0
0.0,301.4,311.1,1469.0,36.9,133.0,0
0.0,299.8,309.5,1590.0,28.5,23.0,0
1.0,298.1,308.7,1581.0,47.4,51.0,0
1.0,298.8,309.8,1534.0,37.0,47.0,0
0.0,298.7,309.5,1673.0,30.8,141.0,0
0.0,300.9,309.7,2355.0,14.4,201.0,0
0.0,301.3,310.6,1436.0,44.2,76.0,0
2.0,297.2,308.5,1482.0,39.3,187.0,0
1.0,300.1,310.5,1329.0,57.4,99.0,0
0.0,300.5,311.6,1575.0,32.5,168.0,0
0.0,300.1,309.1,1551.0,33.7,214.0,0
0.0,298.5,308.4,1513.0,33.6,172.0,0
0.0,297.9,307.6,1503.0,40.7,124.0,0
1.0,299.4,310.9,1446.0,47.3,12.0,0
0.0,301.5,310.5,1556.0,39.1,48.0,0
0.0,299.3,309.0,1449.0,46.5,121.0,0
1.0,298.6,309.7,1314.0,49.7,136.0,0
0.0,300.9,310.6,1504.0,46.4,129.0,0
0.0,302.0,311.2,1270.0,65.3,182.0,1
0.0,298.0,308.5,1461.0,48.0,68.0,0
1.0,297.1,308.4,1583.0,38.2,150.0,0
2.0,297.7,307.3,1249.0,62.8,47.0,0
1.0,300.9,311.9,1310.0,56.1,35.0,0
0.0,300.6,311.7,1734.0,29.9,72.0,0
0.0,297.3,308.3,1268.0,60.6,119.0,0
0.0,296.2,306.8,1389.0,53.3,132.0,0
2.0,304.0,313.2,1517.0,43.1,96.0,0
0.0,299.0,310.4,1504.0,34.3,48.0,0
0.0,297.2,307.9,1309.0,49.6,167.0,0
0.0,302.3,310.8,1511.0,48.1,24.0,0
0.0,299.2,308.6,1267.0,68.2,76.0,1
0.0,302.1,310.7,1325.0,45.1,208.0,1
2.0,298.8,309.9,1526.0,42.1,30.0,0
0.0,298.9,308.9,1453.0,40.8,11.0,0
2.0,300.5,310.9,1447.0,46.5,137.0,0
0.0,298.8,309.9,1441.0,41.6,62.0,0
0.0,295.6,306.2,1650.0,28.2,35.0,0
0.0,299.8,309.5,1476.0,44.4,14.0,0
0.0,300.4,309.3,1766.0,28.2,207.0,0
1.0,299.8,309.1,1268.0,58.0,90.0,0
1.0,297.6,308.3,1467.0,36.7,68.0,0
2.0,300.4,309.9,1513.0,38.7,76.0,0
0.0,301.2,311.7,1463.0,48.3,204.0,0
0.0,299.3,308.7,1484.0,40.5,213.0,0
0.0,299.4,308.9,1583.0,34.1,176.0,0
0.0,296.5,307.3,1501.0,42.1,162.0,0
2.0,297.5,308.3,1674.0,30.0,54.0,0
0.0,304.2,313.5,1438.0,50.1,100.0,0
0.0,300.5,311.6,1528.0,42.4,163.0,0
1.0,299.5,310.8,1754.0,31.3,114.0,0
0.0,297.7,309.1,1563.0,39.3,56.0,0
2.0,298.7,309.7,1697.0,29.8,74.0,0
0.0,302.6,312.3,1534.0,34.3,31.0,0
0.0,302.1,311.4,1446.0,39.7,95.0,0
1.0,299.5,310.1,1659.0,31.5,44.0,0
0.0,296.5,307.5,1340.0,59.1,89.0,0
0.0,299.8,309.4,1609.0,32.5,27.0,0
0.0,300.5,311.4,1556.0,45.3,58.0,0
0.0,303.2,312.4,1663.0,33.7,71.0,0
0.0,301.7,310.2,1686.0,28.9,59.0,0
1.0,302.0,310.5,1573.0,32.1,143.0,0
0.0,298.4,309.1,1423.0,48.0,135.0,0
0.0,304.0,312.9,1313.0,53.9,202.0,0
1.0,300.2,310.1,1474.0,44.0,198.0,0
2.0,303.0,312.4,1627.0,37.1,168.0,0
2.0,304.0,313.2,1271.0,68.6,161.0,1
2.0,296.9,307.8,1549.0,37.8,104.0,0
0.0,303.7,312.4,1702.0,31.2,144.0,0
0.0,303.4,312.2,1656.0,32.7,195.0,0
1.0,302.4,310.3,1375.0,52.5,161.0,1
0.0,300.2,310.2,1415.0,49.6,21.0,0
2.0,300.3,311.8,2141.0,18.5,204.0,0
0.0,298.4,309.3,1504.0,39.3,192.0,0
1.0,298.9,308.5,1555.0,37.6,142.0,0
1.0,297.8,307.5,1405.0,46.9,113.0,0
2.0,301.3,310.6,1605.0,32.5,59.0,0
2.0,300.4,309.8,1448.0,39.7,107.0,0
1.0,298.3,308.3,1379.0,48.0,181.0,0
0.0,297.6,308.8,1539.0,40.2,72.0,0
2.0,298.4,308.5,1827.0,24.3,153.0,0
2.0,301.6,310.7,1414.0,51.7,197.0,0
0.0,301.0,311.0,1582.0,37.5,176.0,0
1.0,297.5,308.7,1352.0,53.0,171.0,0
0.0,299.5,309.3,1577.0,36.6,14.0,0
1.0,298.7,309.0,1843.0,25.8,130.0,0
0.0,301.1,311.0,1378.0,51.1,190.0,0
0.0,297.9,307.7,1492.0,43.7,59.0,0
1.0,301.3,311.1,1678.0,30.7,34.0,0
2.0,297.4,307.9,1390.0,52.0,131.0,0
0.0,298.1,309.0,1437.0,36.2,95.0,0
1.0,300.3,309.9,1447.0,46.5,28.0,0
1.0,299.4,309.0,1939.0,19.8,204.0,0
1.0,302.4,311.8,1557.0,31.5,49.0,0
0.0,302.3,311.1,1630.0,35.6,183.0,0
2.0,302.3,311.6,1441.0,53.9,74.0,0
0.0,303.9,313.2,1481.0,40.0,100.0,0
1.0,300.7,309.5,1838.0,24.9,66.0,0
0.0,303.6,311.9,1473.0,50.1,84.0,0
0.0,300.7,311.9,1462.0,39.7,181.0,0
0.0,297.3,308.1,1566.0,35.7,156.0,0
0.0,300.2,309.8,1506.0,41.8,161.0,0
1.0,303.6,311.8,1421.0,44.8,101.0,1
2.0,298.8,308.6,1449.0,49.4,150.0,0
0.0,302.0,311.0,1550.0,35.2,184.0,0
1.0,301.5,311.1,1402.0,40.0,94.0,0
0.0,301.8,311.1,1495.0,36.9,197.0,0
1.0,300.8,309.5,1481.0,44.5,49.0,0
1.0,300.5,309.4,1877.0,23.8,31.0,0
0.0,302.4,311.0,1462.0,48.5,81.0,0
0.0,298.9,309.9,1500.0,44.2,115.0,0
1.0,304.3,313.5,1525.0,42.0,2.0,0
1.0,297.9,309.6,1515.0,38.8,124.0,0
0.0,297.2,308.6,1335.0,53.0,39.0,0
0.0,302.4,311.6,1622.0,35.0,68.0,0
2.0,296.1,306.8,1645.0,31.0,41.0,0
1.0,301.7,310.6,1417.0,45.2,185.0,0
0.0,298.0,308.6,1313.0,50.8,170.0,0
1.0,297.6,309.2,1442.0,48.1,0.0,0
0.0,301.8,310.3,1482.0,41.4,63.0,0
0.0,303.3,312.6,1463.0,44.0,140.0,0
1.0,301.3,310.8,1418.0,45.4,59.0,0
0.0,297.9,309.7,2194.0,16.8,27.0,0
1.0,296.7,307.8,1286.0,60.5,0.0,0
0.0,296.8,308.1,1356.0,48.3,201.0,0
0.0,300.7,309.6,1661.0,30.3,129.0,0
2.0,303.3,311.4,1651.0,30.6,50.0,0
1.0,300.4,311.3,1350.0,56.5,31.0,0
1.0,297.5,308.0,1429.0,45.8,148.0,0
2.0,299.1,308.3,1451.0,42.8,21.0,0
0.0,303.4,311.7,1793.0,25.8,161.0,0
0.0,297.3,308.5,1384.0,39.6,144.0,0
0.0,302.0,310.8,2143.0,17.3,227.0,0
0.0,300.0,309.9,1507.0,41.4,74.0,0
0.0,298.3,307.9,1502.0,42.0,103.0,0
0.0,299.7,310.6,1737.0,26.1,144.0,0
0.0,302.3,311.5,1395.0,54.2,198.0,0
1.0,300.1,309.6,1625.0,38.0,46.0,0
1.0,297.7,308.8,1350.0,57.0,105.0,0
0.0,300.1,309.2,1599.0,30.1,216.0,0
0.0,302.2,311.5,1489.0,38.3,35.0,0
2.0,297.3,308.6,1688.0,29.4,166.0,0
0.0,296.5,307.5,1443.0,41.8,87.0,0
1.0,303.0,312.5,1602.0,33.7,135.0,0
1.0,301.5,310.8,1385.0,47.5,30.0,0
1.0,304.1,313.2,1427.0,46.9,123.0,0
0.0,301.4,310.7,1568.0,35.2,23.0,0
1.0,297.0,307.9,1414.0,46.2,165.0,0
1.0,301.0,311.2,1394.0,41.3,16.0,0
2.0,301.3,310.1,1469.0,39.7,179.0,0
2.0,299.1,308.8,1566.0,46.6,192.0,0
2.0,302.3,310.9,1366.0,48.4,130.0,1
1.0,298.5,309.7,1523.0,44.6,83.0,0
0.0,299.3,308.6,1403.0,50.6,189.0,0
2.0,300.8,310.8,1466.0,45.2,188.0,0
1.0,302.5,311.9,1532.0,38.8,96.0,0
1.0,302.1,310.7,1364.0,47.8,213.0,1
0.0,299.7,309.2,1478.0,38.8,199.0,0
1.0,302.4,311.1,1366.0,54.4,0.0,0
0.0,303.6,312.5,1431.0,49.0,162.0,0
1.0,301.6,310.6,1924.0,23.6,181.0,0
0.0,301.2,310.8,1479.0,41.2,155.0,0
2.0,302.0,310.6,1346.0,54.7,196.0,0
0.0,298.9,310.0,1794.0,27.2,114.0,0
0.0,300.2,311.4,1452.0,47.8,34.0,0
0.0,299.5,310.8,1447.0,41.0,93.0,0
0.0,304.3,313.5,1802.0,25.4,170.0,0
0.0,300.3,311.1,1388.0,49.4,128.0,0
0.0,297.8,308.4,1737.0,27.5,146.0,0
1.0,302.2,311.5,1443.0,47.0,90.0,0
0.0,297.2,308.6,1917.0,24.1,54.0,0
2.0,300.6,311.9,1604.0,30.5,45.0,0
0.0,299.6,310.9,1229.0,65.2,209.0,1
2.0,299.6,310.9,1679.0,31.2,120.0,0
2.0,300.4,309.4,1487.0,38.9,185.0,0
0.0,298.6,309.5,1547.0,44.8,36.0,0
0.0,300.3,311.5,1663.0,33.6,38.0,0
1.0,303.1,312.4,1378.0,50.1,104.0,0
0.0,300.4,311.3,1608.0,35.1,114.0,0
1.0,302.2,311.2,1544.0,43.6,63.0,0
2.0,303.7,312.7,1564.0,40.2,150.0,0
0.0,301.6,310.9,1385.0,50.7,195.0,0
0.0,296.7,307.8,1468.0,39.2,35.0,0
2.0,300.6,310.4,1479.0,35.6,150.0,0
1.0,300.7,311.0,1740.0,25.6,176.0,0
0.0,300.1,309.6,1649.0,33.6,168.0,0
0.0,303.7,312.7,1395.0,53.9,123.0,0
0.0,300.0,309.4,1499.0,35.7,46.0,0
0.0,301.3,310.4,1507.0,39.1,194.0,0
0.0,300.2,309.4,1558.0,38.3,51.0,0
1.0,302.1,311.5,1341.0,50.8,99.0,0
0.0,297.4,308.4,1341.0,52.2,49.0,0
0.0,300.6,309.5,1437.0,40.0,55.0,0
0.0,298.7,309.0,1691.0,30.1,154.0,0
0.0,303.6,313.0,1593.0,31.6,52.0,0
0.0,298.8,309.7,1582.0,45.0,11.0,0
0.0,298.3,307.9,1399.0,47.8,99.0,0
1.0,298.9,310.1,1469.0,53.2,189.0,0
0.0,299.0,308.7,1706.0,28.6,206.0,0
0.0,301.8,310.8,1546.0,43.4,29.0,0
1.0,298.5,308.0,1519.0,37.3,29.0,0
0.0,300.9,309.6,1384.0,42.4,131.0,0
1.0,298.6,308.4,1778.0,28.2,161.0,0
0.0,297.1,308.5,1733.0,28.7,50.0,0
0.0,302.9,312.2,1571.0,40.6,139.0,0
1.0,303.4,312.9,1422.0,39.9,63.0,0
0.0,297.1,308.1,1754.0,30.3,206.0,0
1.0,297.6,308.8,1453.0,39.7,69.0,0
2.0,301.6,311.2,1395.0,46.8,95.0,0
0.0,297.9,309.8,1461.0,50.5,38.0,0
2.0,296.4,307.5,1556.0,38.0,62.0,0
0.0,300.8,311.3,1524.0,43.5,71.0,0
0.0,300.2,310.1,1649.0,30.5,43.0,0
0.0,297.7,308.5,1501.0,41.4,201.0,0
2.0,297.0,308.1,2540.0,13.3,98.0,0
0.0,300.3,309.6,1600.0,34.6,177.0,0
0.0,297.6,309.5,2001.0,20.5,220.0,0
2.0,297.3,308.6,1376.0,53.5,112.0,0
0.0,298.2,308.2,1988.0,21.4,41.0,0
0.0,298.3,307.7,1465.0,49.4,109.0,0
1.0,301.8,311.5,1416.0,49.0,136.0,0
2.0,297.1,307.9,1365.0,54.0,174.0,0
0.0,298.8,310.1,1607.0,39.5,105.0,0
0.0,299.8,309.7,1483.0,39.6,87.0,0
1.0,301.9,310.9,1573.0,38.9,209.0,0
1.0,299.9,309.5,1412.0,57.9,59.0,0
1.0,301.7,310.7,1442.0,41.1,89.0,0
1.0,302.2,310.8,1408.0,46.8,49.0,0
1.0,299.9,309.4,1399.0,54.8,3.0,0
0.0,297.4,309.0,1324.0,56.9,173.0,0
1.0,300.3,309.9,1611.0,29.0,177.0,0
0.0,298.9,308.8,1530.0,38.3,23.0,0
1.0,298.6,309.9,1517.0,34.0,215.0,0
0.0,299.5,310.0,1349.0,52.7,92.0,0
2.0,296.8,307.5,1695.0,30.0,33.0,0
0.0,302.6,311.7,1254.0,54.1,19.0,0
0.0,300.6,310.7,1543.0,39.6,60.0,0
0.0,297.1,308.4,1550.0,37.0,167.0,0
0.0,298.2,307.8,1423.0,48.1,183.0,0
0.0,298.0,307.7,1387.0,50.8,204.0,0
0.0,300.7,311.7,1499.0,38.4,205.0,0
1.0,300.1,309.2,1457.0,44.3,98.0,0
1.0,298.8,309.9,1495.0,35.2,214.0,0
1.0,297.7,308.5,1559.0,35.2,127.0,0
1.0,303.8,312.9,1815.0,27.8,66.0,0
1.0,298.5,309.2,1449.0,46.4,83.0,0
1.0,297.0,308.1,1507.0,43.1,51.0,0
0.0,297.3,307.9,1797.0,24.7,75.0,0
1.0,297.2,308.5,1487.0,46.9,173.0,0
1.0,297.3,308.4,1599.0,32.9,58.0,0
0.0,303.9,313.2,1540.0,44.4,119.0,0
1.0,302.4,310.4,1463.0,42.2,139.0,0
0.0,298.1,308.7,1556.0,31.6,145.0,0
0.0,300.4,311.3,1639.0,34.6,24.0,0
0.0,297.3,308.3,1538.0,38.5,47.0,0
1.0,299.3,310.6,1457.0,42.1,104.0,0
2.0,300.6,310.6,1830.0,26.2,78.0,0
0.0,297.4,308.7,2874.0,4.2,118.0,1
0.0,300.7,310.6,1654.0,34.2,89.0,0
0.0,295.9,306.7,1547.0,40.9,107.0,0
0.0,300.5,311.9,1383.0,50.5,35.0,0
0.0,302.4,312.0,1545.0,36.4,12.0,0
2.0,301.9,311.0,1672.0,29.9,13.0,0
0.0,297.2,308.5,2182.0,16.5,127.0,0
0.0,303.3,311.7,1539.0,38.5,221.0,0
1.0,298.3,309.6,1469.0,54.8,191.0,0
0.0,299.3,310.8,1391.0,46.9,21.0,0
0.0,301.6,310.6,1455.0,43.9,0.0,0
1.0,303.4,312.2,1561.0,38.2,45.0,0
0.0,303.5,312.1,1674.0,30.8,0.0,0
1.0,300.7,311.7,1532.0,40.0,0.0,0
2.0,298.4,308.5,1398.0,47.1,122.0,0
0.0,299.3,310.3,1396.0,47.4,14.0,0
1.0,298.8,309.7,1453.0,47.7,101.0,0
1.0,298.3,309.0,1526.0,36.9,20.0,0
2.0,299.0,310.1,2053.0,19.7,137.0,0
1.0,297.8,307.3,1804.0,26.0,222.0,0
1.0,300.0,309.6,1477.0,38.1,13.0,0
0.0,295.8,306.5,1568.0,35.1,111.0,0
1.0,297.7,309.0,1433.0,41.8,16.0,0
0.0,303.9,312.7,1800.0,24.3,158.0,0
0.0,298.8,309.7,1529.0,44.0,136.0,0
1.0,298.8,309.0,1661.0,29.5,162.0,0
2.0,301.6,310.5,1602.0,32.3,2.0,0
0.0,299.1,308.4,1426.0,47.9,67.0,0
1.0,304.0,313.3,1415.0,52.8,82.0,0
0.0,298.7,309.8,1469.0,38.4,62.0,0
2.0,301.4,310.7,1329.0,52.0,160.0,0
0.0,297.8,307.8,1383.0,56.5,98.0,0
1.0,301.4,310.5,1217.0,60.6,103.0,0
0.0,300.2,311.6,1671.0,28.8,149.0,0
0.0,302.1,311.4,1391.0,49.2,52.0,0
0.0,299.1,308.6,1611.0,31.4,161.0,0
1.0,299.5,309.0,1399.0,49.7,207.0,0
2.0,297.5,308.7,1416.0,39.2,74.0,0
0.0,298.4,308.2,1364.0,45.9,63.0,0
0.0,302.4,311.0,1423.0,46.2,186.0,0
0.0,297.9,307.7,1353.0,50.7,13.0,0
0.0,299.9,309.1,1412.0,48.3,198.0,0
0.0,302.2,311.5,1543.0,38.5,37.0,0
1.0,301.1,310.7,2636.0,12.2,100.0,1
0.0,298.4,309.4,1385.0,50.0,201.0,0
0.0,299.8,309.8,1542.0,39.4,155.0,0
0.0,300.3,309.9,1518.0,36.4,0.0,0
0.0,298.8,309.7,1505.0,39.0,131.0,0
1.0,303.9,313.1,1514.0,41.1,121.0,0
0.0,298.0,308.2,1459.0,42.1,146.0,0
0.0,301.4,310.4,1639.0,28.9,94.0,0
0.0,298.9,309.8,1390.0,49.9,21.0,0
0.0,301.3,310.0,1344.0,54.8,186.0,0
0.0,296.8,307.9,1718.0,25.2,148.0,0
2.0,303.5,312.0,1397.0,52.9,80.0,0
0.0,301.4,310.3,1374.0,47.6,176.0,0
1.0,303.0,311.1,1372.0,54.3,117.0,1
0.0,299.7,309.4,1650.0,29.8,93.0,0
0.0,299.1,308.9,1680.0,27.2,110.0,0
0.0,295.6,306.2,1426.0,48.6,124.0,0
1.0,300.7,311.6,1348.0,62.5,36.0,0
0.0,300.1,310.1,1650.0,31.6,19.0,0
0.0,300.2,310.5,1416.0,46.7,90.0,0
0.0,299.0,310.3,1431.0,39.9,157.0,0
0.0,300.6,312.3,1532.0,37.2,54.0,0
1.0,301.2,312.4,1505.0,39.6,102.0,0
2.0,298.4,308.2,1987.0,19.8,198.0,0
0.0,301.9,310.9,1309.0,48.0,124.0,0
0.0,298.6,309.6,1472.0,39.1,14.0,0
0.0,299.4,308.9,1451.0,40.5,168.0,0
0.0,299.3,308.9,1376.0,60.3,163.0,0
0.0,300.6,309.6,1426.0,53.6,66.0,0
1.0,297.5,308.0,1430.0,44.5,178.0,0
0.0,301.9,310.4,1610.0,34.8,71.0,0
0.0,298.4,310.1,1533.0,35.2,92.0,0
1.0,296.9,307.8,1544.0,37.6,109.0,0
1.0,298.9,310.5,1525.0,38.5,27.0,0
1.0,299.2,308.4,1856.0,22.7,86.0,0
0.0,300.2,310.0,1486.0,40.1,182.0,0
1.0,302.8,312.3,1416.0,42.7,241.0,0
0.0,300.2,311.6,1529.0,35.5,21.0,0
0.0,302.0,310.0,1832.0,22.9,178.0,0
1.0,303.5,312.9,1883.0,23.3,100.0,0
2.0,301.5,310.9,1524.0,40.4,124.0,0
0.0,298.9,310.2,1411.0,46.5,202.0,0
1.0,298.9,310.1,1441.0,41.2,189.0,0
0.0,300.7,311.0,1436.0,44.9,119.0,0
0.0,302.6,310.4,1478.0,47.7,189.0,0
0.0,298.2,308.3,1230.0,59.6,162.0,0
1.0,302.7,310.6,1349.0,51.2,6.0,1
1.0,299.5,310.7,1423.0,56.5,7.0,0
1.0,302.1,311.3,1497.0,38.4,28.0,0
0.0,298.9,310.0,1470.0,45.9,109.0,0
2.0,297.8,307.3,1555.0,35.8,190.0,0
0.0,301.0,310.9,1740.0,28.9,129.0,0
0.0,302.7,310.5,1551.0,35.9,6.0,0
0.0,297.9,307.7,1546.0,37.6,72.0,0
0.0,301.0,310.5,1408.0,47.0,202.0,0
0.0,300.8,310.9,1457.0,47.7,82.0,0
0.0,300.3,311.4,1759.0,24.8,34.0,0
0.0,303.6,312.7,1637.0,32.9,19.0,0
1.0,300.4,311.8,1362.0,47.6,188.0,0
0.0,298.0,308.1,1454.0,37.1,35.0,0
1.0,300.5,311.9,1730.0,27.5,209.0,0
0.0,301.8,310.0,2032.0,19.0,203.0,0
0.0,299.7,310.8,1589.0,36.0,190.0,0
0.0,298.2,308.4,1512.0,34.9,181.0,0
0.0,298.5,308.7,1575.0,33.9,128.0,0
0.0,298.5,309.3,1590.0,33.9,107.0,0
0.0,299.2,310.6,1370.0,61.9,42.0,0
1.0,301.9,311.1,1380.0,51.6,184.0,0
1.0,300.9,310.9,1727.0,30.1,102.0,0
0.0,297.4,308.2,1386.0,41.0,35.0,0
0.0,300.0,309.3,1558.0,29.7,168.0,0
0.0,298.9,310.3,1436.0,39.0,32.0,0
1.0,296.3,307.2,1319.0,68.3,24.0,1
1.0,301.7,311.0,1505.0,37.1,190.0,0
1.0,301.5,310.5,1308.0,60.5,139.0,0
1.0,301.7,309.9,1452.0,41.5,86.0,0
0.0,299.8,310.8,1409.0,51.9,154.0,0
0.0,299.7,309.4,1445.0,42.9,55.0,0
0.0,300.7,311.1,1324.0,52.2,85.0,0
1.0,303.6,313.0,1396.0,38.2,117.0,0
1.0,300.4,309.6,1563.0,34.0,6.0,0
1.0,298.7,310.0,1519.0,38.1,198.0,0
0.0,300.5,311.7,1409.0,54.7,104.0,0
1.0,300.7,310.3,1659.0,29.8,6.0,0
0.0,297.3,308.2,1754.0,29.4,123.0,0
1.0,297.4,308.5,1472.0,42.0,150.0,0
1.0,297.2,308.3,1431.0,43.7,46.0,0
0.0,300.4,311.8,1433.0,42.2,14.0,0
1.0,299.6,309.3,1387.0,48.3,25.0,0
2.0,298.9,308.5,1415.0,54.0,6.0,0
1.0,299.1,310.3,1441.0,43.9,94.0,0
0.0,299.2,308.5,1378.0,53.4,100.0,0
1.0,295.6,306.1,1418.0,46.2,24.0,0
1.0,300.5,311.4,1390.0,51.9,68.0,0
0.0,298.8,308.6,1584.0,34.4,42.0,0
1.0,300.5,310.0,1415.0,43.5,98.0,0
0.0,302.5,310.3,1539.0,39.0,119.0,0
1.0,300.7,310.9,1486.0,38.9,106.0,0
0.0,302.6,311.9,1453.0,39.1,84.0,0
0.0,300.4,311.7,1460.0,39.6,162.0,0
1.0,301.8,310.7,1429.0,47.9,53.0,0
0.0,299.3,308.9,1623.0,31.1,152.0,0
1.0,302.2,311.1,1728.0,34.0,179.0,0
1.0,298.7,309.2,1410.0,45.6,47.0,0
1.0,300.6,310.2,1532.0,38.7,16.0,0
1.0,300.6,311.6,1473.0,31.5,69.0,0
1.0,300.3,310.0,1537.0,37.5,6.0,0
0.0,298.9,308.9,1422.0,47.6,15.0,0
0.0,301.9,310.3,1485.0,46.3,24.0,0
0.0,297.4,307.9,1390.0,47.7,156.0,0
0.0,300.8,310.6,1402.0,53.7,93.0,0
1.0,298.4,308.2,1468.0,43.8,2.0,0
1.0,298.9,310.1,1484.0,37.9,73.0,0
1.0,299.4,310.9,1473.0,40.1,7.0,0
0.0,300.5,311.7,1811.0,26.8,47.0,0
1.0,304.1,313.3,1480.0,38.4,72.0,0
0.0,301.0,311.5,1559.0,31.8,195.0,0
0.0,297.6,308.6,1382.0,47.1,11.0,0
1.0,297.5,308.1,1907.0,23.5,125.0,0
1.0,303.1,311.3,1847.0,24.7,212.0,0
0.0,298.2,308.2,1667.0,30.6,59.0,0
2.0,301.5,310.6,1512.0,39.0,143.0,0
0.0,299.7,309.1,1473.0,39.4,125.0,0
0.0,301.9,311.0,1642.0,33.1,126.0,0
0.0,297.1,307.8,1428.0,43.7,179.0,0
1.0,301.8,311.1,1399.0,41.8,125.0,0
0.0,298.6,309.6,1423.0,42.7,82.0,0
0.0,300.6,310.6,1931.0,22.0,24.0,0
1.0,303.6,312.3,1698.0,31.3,100.0,0
2.0,301.0,312.2,1489.0,40.3,117.0,0
2.0,297.6,308.3,1640.0,30.9,79.0,0
2.0,298.7,308.4,1432.0,42.8,197.0,0
0.0,304.2,313.8,1401.0,53.9,142.0,0
0.0,301.8,310.8,1557.0,33.3,190.0,0
2.0,300.9,311.0,1853.0,23.6,122.0,0
1.0,300.9,311.2,1472.0,40.0,93.0,0
0.0,302.9,312.1,1334.0,54.7,88.0,0
0.0,297.4,308.3,1571.0,37.7,162.0,0
0.0,298.6,309.7,1294.0,59.4,104.0,0
2.0,297.0,307.7,1834.0,23.8,195.0,0
1.0,300.8,311.2,1429.0,52.3,77.0,0
1.0,295.6,306.1,1651.0,28.1,110.0,0
2.0,297.4,308.7,1349.0,48.9,120.0,0
1.0,300.7,310.3,1471.0,40.2,59.0,0
2.0,300.3,309.9,1509.0,46.6,125.0,0
0.0,297.6,308.6,1355.0,46.4,13.0,0
0.0,301.7,310.8,1385.0,50.7,133.0,0
1.0,303.0,311.3,1335.0,53.6,164.0,1
0.0,295.9,306.6,1557.0,41.1,113.0,0
1.0,296.4,307.4,1416.0,50.0,210.0,0
0.0,298.4,309.1,1579.0,36.1,123.0,0
1.0,300.2,309.6,1556.0,35.8,36.0,0
0.0,300.3,311.5,1466.0,46.2,62.0,0
1.0,297.4,308.0,1601.0,34.6,181.0,0
0.0,300.9,310.1,2090.0,17.8,133.0,0
0.0,300.7,310.7,1541.0,41.3,82.0,0
0.0,301.1,310.1,1564.0,36.8,7.0,0
1.0,298.8,308.5,1711.0,28.5,140.0,0
2.0,297.4,308.2,1585.0,46.2,37.0,0
0.0,299.1,310.3,1472.0,46.6,157.0,0
0.0,302.8,312.2,1433.0,50.0,216.0,0
0.0,297.4,309.4,1473.0,45.5,94.0,0
0.0,301.4,310.6,1347.0,53.3,104.0,0
0.0,299.5,310.8,1356.0,54.9,72.0,0
0.0,299.2,310.5,1705.0,29.5,95.0,0
1.0,299.3,309.2,1334.0,46.3,31.0,0
0.0,298.2,308.3,1688.0,32.0,202.0,0
0.0,296.9,307.9,1435.0,41.6,139.0,0
0.0,301.5,310.5,1589.0,36.7,118.0,0
1.0,302.4,311.0,1580.0,36.5,64.0,0
0.0,297.4,308.5,1462.0,42.8,68.0,0
1.0,298.7,308.6,1722.0,24.7,64.0,0
0.0,296.2,306.8,1655.0,31.1,136.0,0
0.0,300.8,310.7,1586.0,33.4,142.0,0
0.0,302.3,311.8,1435.0,44.8,98.0,0
0.0,296.8,308.0,1510.0,39.4,29.0,0
0.0,302.9,312.3,1578.0,36.3,141.0,0
0.0,301.6,310.6,2103.0,19.7,12.0,0
0.0,299.2,308.4,1509.0,39.4,0.0,0
2.0,298.2,307.9,1462.0,45.5,171.0,0
2.0,297.6,308.6,1463.0,46.7,85.0,0
0.0,299.7,310.9,1384.0,48.2,188.0,0
1.0,302.3,310.9,1742.0,29.7,137.0,0
2.0,297.3,308.4,1531.0,35.6,16.0,0
0.0,298.6,309.8,1704.0,28.3,64.0,0
2.0,300.7,309.6,1390.0,48.5,7.0,0
0.0,297.4,308.6,1411.0,46.3,138.0,0
0.0,297.5,308.2,1610.0,33.6,115.0,0
0.0,301.0,311.5,1444.0,39.8,197.0,0
0.0,300.5,309.7,1887.0,24.3,28.0,0
0.0,299.5,309.4,1390.0,58.8,195.0,1
0.0,300.6,310.2,1555.0,41.9,19.0,0
0.0,297.8,307.7,1393.0,38.0,29.0,0
2.0,302.2,311.3,1749.0,29.2,5.0,0
0.0,300.7,309.5,1578.0,35.4,34.0,0
0.0,303.8,313.1,1458.0,42.2,25.0,0
1.0,297.6,308.5,1360.0,48.6,77.0,0
1.0,298.1,309.0,1661.0,38.2,82.0,0
1.0,298.6,308.4,1391.0,42.4,169.0,0
0.0,303.7,312.7,1468.0,43.3,168.0,0
1.0,304.0,313.2,1500.0,40.6,124.0,0
0.0,297.8,308.4,1612.0,32.1,183.0,0
0.0,302.1,311.4,1603.0,35.9,104.0,0
1.0,300.6,309.8,1532.0,42.5,130.0,0
2.0,298.0,309.2,1520.0,37.9,89.0,0
0.0,300.6,311.7,1448.0,49.1,206.0,0
0.0,300.7,311.0,1496.0,38.3,99.0,0
2.0,300.3,311.6,1339.0,53.4,123.0,0
1.0,298.8,309.8,1551.0,36.6,15.0,0
0.0,297.9,308.6,2262.0,15.7,125.0,0
1.0,297.3,308.7,1542.0,37.0,184.0,0
0.0,299.2,308.4,1711.0,28.9,197.0,0
0.0,298.3,308.1,1840.0,21.5,88.0,0
0.0,297.4,308.0,1356.0,51.9,184.0,0
1.0,298.6,309.5,1426.0,45.4,38.0,0
1.0,300.6,310.7,1566.0,38.2,187.0,0
0.0,298.0,308.8,1496.0,44.9,179.0,0
0.0,298.8,309.9,1550.0,38.8,53.0,0
0.0,297.3,308.5,1545.0,34.3,74.0,0
0.0,296.8,307.8,1394.0,47.7,155.0,0
0.0,300.6,310.7,1397.0,53.7,80.0,0
1.0,297.4,309.1,1463.0,35.0,183.0,0
2.0,301.0,311.3,1597.0,39.2,66.0,0
1.0,299.2,308.2,1674.0,28.2,14.0,0
1.0,300.5,311.4,1743.0,27.6,46.0,0
1.0,302.3,310.9,1762.0,24.5,73.0,0
0.0,300.9,311.1,1457.0,37.4,96.0,0
0.0,298.8,309.6,1903.0,22.3,145.0,0
0.0,301.3,311.3,1509.0,42.5,213.0,0
2.0,300.4,311.3,2026.0,20.3,26.0,0
0.0,300.6,310.9,1471.0,37.9,86.0,0
0.0,300.8,311.7,1655.0,32.2,12.0,0
1.0,303.0,312.8,1648.0,32.1,104.0,0
1.0,298.1,308.8,2206.0,16.3,195.0,0
1.0,299.2,308.6,1367.0,47.6,168.0,0
1.0,298.9,310.1,1549.0,40.2,65.0,0
0.0,299.8,309.1,1485.0,39.9,207.0,0
1.0,298.5,309.4,1565.0,33.7,150.0,0
0.0,301.1,310.9,1282.0,67.9,10.0,1
0.0,298.6,309.6,1563.0,35.0,21.0,0
2.0,300.6,309.8,1913.0,22.5,157.0,0
1.0,301.9,310.9,1456.0,43.6,45.0,0
0.0,297.8,307.4,1418.0,41.2,155.0,0
0.0,299.4,310.8,1424.0,47.7,109.0,0
0.0,303.6,311.8,1695.0,30.7,90.0,0
0.0,297.4,308.7,1402.0,40.2,114.0,0
0.0,300.0,309.0,1454.0,51.7,2.0,0
1.0,297.5,308.4,1403.0,44.3,25.0,0
1.0,303.4,311.4,1307.0,54.0,44.0,1
1.0,300.7,311.5,1441.0,40.6,33.0,0
0.0,301.1,311.0,1565.0,52.3,183.0,0
0.0,303.5,313.0,1465.0,41.0,56.0,0
2.0,296.4,307.1,1638.0,32.5,146.0,0
2.0,297.4,308.7,1522.0,46.3,146.0,0
1.0,300.2,309.5,1630.0,28.3,51.0,0
0.0,302.9,312.5,1550.0,45.5,72.0,0
1.0,300.6,309.6,1503.0,38.4,68.0,0
0.0,299.2,308.4,1393.0,48.4,35.0,0
1.0,297.7,308.9,1573.0,35.1,9.0,0
0.0,297.5,309.3,1564.0,37.5,20.0,0
0.0,298.0,308.7,1506.0,47.0,208.0,0
1.0,297.1,307.9,1980.0,20.3,159.0,0
0.0,302.6,311.5,1427.0,38.9,213.0,0
0.0,301.4,310.0,1776.0,25.6,30.0,0
0.0,296.7,307.8,1453.0,46.0,33.0,0
0.0,300.0,309.3,1395.0,56.5,122.0,0
0.0,303.9,313.0,1433.0,48.4,178.0,0
1.0,300.0,311.4,1466.0,39.0,125.0,0
0.0,303.0,312.7,2024.0,19.9,102.0,0
0.0,298.8,310.1,1481.0,47.4,187.0,0
1.0,301.9,311.5,1492.0,40.8,150.0,0
0.0,299.2,308.7,1492.0,37.8,91.0,0
2.0,295.6,306.1,1256.0,62.3,142.0,0
1.0,297.2,308.8,1485.0,47.9,143.0,0
1.0,299.0,310.0,1488.0,46.3,198.0,0
0.0,304.1,313.2,1824.0,25.8,186.0,0
0.0,300.5,309.8,1550.0,37.4,148.0,0
0.0,302.7,312.4,1433.0,44.2,17.0,0
0.0,302.3,311.1,1546.0,33.1,156.0,0
0.0,301.9,310.4,1884.0,23.4,163.0,0
0.0,299.8,309.4,1510.0,42.5,146.0,0
0.0,300.7,311.9,1485.0,38.8,9.0,0
1.0,302.5,311.9,1298.0,57.5,57.0,0
0.0,304.1,313.3,1415.0,50.0,184.0,0
0.0,296.0,306.7,1416.0,44.2,46.0,0
0.0,298.9,309.1,1383.0,54.9,145.0,0
0.0,296.6,307.4,1368.0,45.1,185.0,0
2.0,298.6,309.7,1463.0,39.1,66.0,0
0.0,297.9,307.5,1561.0,37.7,16.0,0
1.0,301.8,310.8,1619.0,31.0,76.0,0
1.0,302.3,310.7,1559.0,33.9,119.0,0
1.0,298.4,309.5,1514.0,38.8,128.0,0
1.0,303.0,312.2,1257.0,71.3,122.0,1
1.0,300.4,311.6,1401.0,49.9,79.0,0
2.0,302.2,311.1,1628.0,30.6,105.0,0
0.0,295.6,306.2,1263.0,61.8,27.0,0
2.0,300.6,310.4,1510.0,42.8,124.0,0
1.0,301.8,310.9,1358.0,52.3,56.0,0
1.0,297.9,310.0,1439.0,41.7,185.0,0
0.0,300.7,309.6,1505.0,34.9,7.0,0
1.0,300.7,310.7,1377.0,46.7,36.0,0
0.0,300.4,311.8,1589.0,42.0,201.0,0
0.0,302.0,309.9,1388.0,51.4,183.0,0
0.0,303.8,312.9,1442.0,48.3,52.0,0
0.0,298.5,309.5,1370.0,52.4,113.0,0
1.0,303.5,312.3,1593.0,35.2,29.0,0
1.0,296.7,307.7,1597.0,32.1,114.0,0
0.0,297.4,308.6,1524.0,43.1,73.0,0
0.0,298.9,310.3,1496.0,36.3,161.0,0
2.0,297.7,307.3,1514.0,38.6,19.0,0
0.0,297.8,308.3,1477.0,44.8,170.0,0
0.0,302.6,312.3,1321.0,53.4,42.0,0
0.0,298.2,308.0,1499.0,44.1,166.0,0
1.0,297.3,308.6,1431.0,53.0,160.0,0
1.0,298.4,309.2,1491.0,51.2,13.0,0
0.0,301.4,310.8,1770.0,24.1,112.0,0
1.0,301.4,310.9,1489.0,38.9,179.0,0
0.0,301.0,311.2,1467.0,45.4,36.0,0
0.0,298.9,308.4,1301.0,51.1,138.0,0
1.0,300.1,310.3,1345.0,57.1,71.0,0
0.0,300.5,311.9,1710.0,28.4,158.0,0
1.0,301.0,311.6,1357.0,45.6,137.0,0
0.0,302.3,310.2,1394.0,55.4,57.0,0
0.0,303.6,312.5,1286.0,62.4,101.0,0
0.0,303.4,312.6,1462.0,37.5,118.0,0
1.0,300.4,309.2,1528.0,37.2,228.0,0
1.0,297.4,308.6,1452.0,41.2,197.0,0
1.0,299.4,309.3,1692.0,28.4,201.0,0
0.0,298.7,309.2,1396.0,44.8,178.0,0
1.0,299.8,310.0,1460.0,37.1,169.0,0
0.0,302.6,310.5,1461.0,45.4,0.0,0
0.0,300.7,311.0,1336.0,53.3,68.0,0
0.0,302.4,311.8,1727.0,26.5,213.0,0
1.0,298.0,307.6,1844.0,23.8,44.0,0
1.0,301.5,310.4,1486.0,39.6,144.0,0
2.0,298.5,309.4,1414.0,46.7,102.0,0
1.0,296.6,307.5,1566.0,35.0,201.0,0
2.0,301.8,310.6,1441.0,46.3,100.0,0
1.0,299.0,310.0,1667.0,30.0,53.0,0
2.0,301.2,310.7,1656.0,26.2,64.0,0
0.0,302.3,311.7,1611.0,38.6,143.0,0
0.0,302.3,311.4,1845.0,21.9,27.0,0
1.0,301.3,310.4,2093.0,18.7,190.0,0
1.0,300.0,309.6,1423.0,48.7,67.0,0
1.0,301.3,310.4,1577.0,48.3,78.0,0
2.0,299.1,310.4,1369.0,54.5,104.0,0
0.0,302.6,310.4,1415.0,52.1,12.0,0
0.0,302.2,311.4,1499.0,37.7,55.0,0
0.0,297.0,307.9,1350.0,47.7,168.0,0
0.0,298.0,307.7,1529.0,34.1,11.0,0
2.0,297.1,308.4,1359.0,46.6,176.0,0
1.0,297.9,309.8,1693.0,29.9,35.0,0
1.0,298.4,309.0,1544.0,38.8,97.0,0
0.0,303.8,312.8,1428.0,53.3,152.0,0
1.0,303.3,311.8,1489.0,49.4,64.0,0
1.0,297.5,308.6,1255.0,60.7,77.0,0
1.0,302.0,311.4,1587.0,35.9,30.0,0
0.0,298.8,309.9,1739.0,30.6,83.0,0
2.0,301.8,311.1,1543.0,36.4,120.0,0
1.0,300.5,311.6,1476.0,39.1,199.0,0
0.0,299.6,310.9,1716.0,28.5,117.0,0
0.0,302.3,311.3,1682.0,34.4,127.0,0
0.0,299.3,309.0,1734.0,30.6,154.0,0
0.0,301.5,310.6,1374.0,46.7,32.0,0
0.0,299.1,308.5,1689.0,32.1,192.0,0
0.0,301.4,310.5,1571.0,33.9,208.0,0
0.0,298.9,309.9,1404.0,39.8,62.0,0
2.0,297.8,307.3,1516.0,40.1,166.0,0
0.0,303.1,312.9,1511.0,40.1,107.0,0
0.0,301.0,311.9,1454.0,41.9,33.0,0
1.0,300.2,309.5,1564.0,33.4,183.0,0
1.0,301.0,310.7,1493.0,48.1,145.0,0
0.0,299.0,310.4,1981.0,21.2,125.0,0
0.0,300.8,309.7,1997.0,20.7,5.0,0
0.0,300.4,311.5,1596.0,32.5,154.0,0
1.0,303.3,311.8,1441.0,44.9,61.0,0
0.0,299.7,309.2,1411.0,46.1,173.0,0
0.0,297.6,308.8,1475.0,43.0,119.0,0
0.0,298.8,308.8,1555.0,40.6,61.0,0
1.0,300.2,311.4,1427.0,39.7,196.0,0
0.0,301.0,310.5,1932.0,21.7,79.0,0
0.0,302.4,311.9,1578.0,29.9,44.0,0
0.0,301.7,311.2,1517.0,42.4,113.0,0
0.0,299.1,308.8,1320.0,67.5,20.0,1
1.0,302.5,311.0,1463.0,43.1,181.0,0
1.0,298.4,309.4,1429.0,41.8,203.0,0
0.0,300.0,309.2,1610.0,32.1,150.0,0
0.0,302.5,311.5,1700.0,29.5,133.0,0
0.0,302.6,312.3,1647.0,31.8,52.0,0
0.0,298.6,309.4,2312.0,15.5,44.0,0
2.0,300.6,310.7,1501.0,45.3,175.0,0
0.0,298.5,308.0,1624.0,29.8,160.0,0
0.0,300.4,309.6,1386.0,56.9,170.0,0
2.0,298.0,309.1,1557.0,36.4,65.0,0
0.0,300.5,311.6,1525.0,37.6,191.0,0
1.0,297.6,309.6,1330.0,53.1,7.0,0
0.0,297.6,308.7,1552.0,42.3,27.0,0
2.0,300.7,310.7,1428.0,43.4,26.0,0
0.0,297.6,309.2,1390.0,43.3,221.0,0
0.0,299.1,308.2,1568.0,33.3,123.0,0
1.0,298.1,308.0,1924.0,20.8,29.0,0
0.0,299.1,308.5,1676.0,31.0,69.0,0
2.0,298.7,309.8,1582.0,33.4,121.0,0
1.0,300.3,309.9,1494.0,38.5,33.0,0
1.0,300.7,309.5,1622.0,30.5,14.0,0
0.0,296.9,307.8,1400.0,57.1,202.0,1
0.0,302.3,311.7,1414.0,47.0,11.0,0
0.0,299.8,309.1,1612.0,35.4,205.0,0
2.0,298.2,307.6,1460.0,48.6,204.0,0
0.0,299.4,309.3,1596.0,31.8,40.0,0
0.0,302.9,312.5,1629.0,30.4,74.0,0
1.0,300.5,309.7,1341.0,50.9,137.0,0
1.0,301.2,310.1,1479.0,45.5,44.0,0
1.0,302.9,312.4,1421.0,46.0,206.0,0
0.0,298.6,310.0,1517.0,39.0,4.0,0
2.0,298.8,310.0,1530.0,38.3,53.0,0
0.0,303.7,312.5,1433.0,53.6,185.0,0
0.0,302.4,310.9,1469.0,39.6,86.0,0
0.0,297.3,308.3,1333.0,55.2,11.0,0
0.0,302.9,312.4,1424.0,49.5,155.0,0
0.0,300.5,311.5,1499.0,37.6,73.0,0
2.0,298.7,309.8,1422.0,40.7,85.0,0
0.0,299.6,309.4,1677.0,31.1,191.0,0
1.0,298.9,308.5,1456.0,50.0,156.0,0
0.0,301.2,311.0,1567.0,35.1,64.0,0
0.0,301.7,310.8,1559.0,44.5,135.0,0
0.0,301.4,310.4,1436.0,49.7,108.0,0
0.0,298.4,308.9,1501.0,50.0,203.0,0
1.0,300.2,310.3,1704.0,29.4,221.0,0
1.0,299.9,311.3,1703.0,28.4,134.0,0
0.0,299.3,310.4,1365.0,53.9,171.0,0
1.0,301.7,309.9,1457.0,39.2,192.0,0
1.0,299.6,311.1,1649.0,33.8,133.0,0
0.0,299.3,309.0,1419.0,46.6,158.0,0
0.0,303.9,313.4,1442.0,48.5,174.0,0
1.0,297.5,308.7,1363.0,53.6,194.0,0
1.0,298.1,309.0,1533.0,36.1,189.0,0
0.0,297.5,308.9,1390.0,47.4,187.0,0
0.0,302.6,312.2,1520.0,43.0,208.0,0
0.0,302.6,310.5,1511.0,37.2,197.0,0
1.0,302.6,311.1,1520.0,43.0,88.0,0
1.0,298.0,307.5,1524.0,36.3,98.0,0
1.0,298.0,307.6,1472.0,46.7,116.0,0
1.0,300.7,311.0,1413.0,44.3,72.0,0
0.0,296.8,308.0,1584.0,40.4,227.0,0
0.0,297.4,308.5,1369.0,53.2,43.0,0
0.0,297.7,308.9,1742.0,26.3,24.0,0
0.0,298.2,308.9,1605.0,32.0,79.0,0
0.0,298.0,308.8,1790.0,27.2,193.0,0
0.0,297.5,308.3,1544.0,40.8,37.0,0
0.0,300.8,309.7,1481.0,38.1,153.0,0
0.0,299.0,310.3,1520.0,45.0,171.0,0
0.0,300.1,311.5,1434.0,40.8,80.0,0
0.0,304.5,313.7,1670.0,32.9,7.0,0
1.0,298.0,307.6,1581.0,43.4,113.0,0
0.0,300.1,309.3,1340.0,56.0,130.0,0
2.0,300.2,311.6,1547.0,37.7,217.0,0
0.0,302.1,311.0,1364.0,50.0,205.0,0
1.0,295.5,305.9,1518.0,44.1,194.0,0
0.0,298.9,310.1,1356.0,47.8,116.0,0
0.0,298.9,308.5,1580.0,39.1,119.0,0
0.0,299.3,308.5,1772.0,26.1,52.0,0
1.0,300.7,309.7,1397.0,51.3,155.0,0
0.0,300.6,310.6,1454.0,39.7,67.0,0
2.0,298.9,310.1,1452.0,49.9,187.0,0
0.0,303.6,312.3,1451.0,43.4,119.0,0
1.0,298.1,308.9,1417.0,39.2,65.0,0
1.0,299.2,310.4,1504.0,43.3,37.0,0
1.0,300.9,309.5,1758.0,26.8,116.0,0
0.0,301.4,310.5,1380.0,48.4,131.0,0
0.0,296.2,307.1,1413.0,53.4,203.0,0
0.0,299.4,309.1,2421.0,14.2,57.0,0
0.0,301.3,310.3,1560.0,36.3,129.0,0
1.0,303.8,312.7,1500.0,41.7,125.0,0
1.0,300.3,311.6,1359.0,54.1,81.0,0
0.0,297.6,308.5,1574.0,37.1,121.0,0
2.0,302.5,311.8,2370.0,14.7,198.0,0
1.0,303.3,312.6,1482.0,44.4,73.0,0
2.0,301.5,310.7,1394.0,46.7,130.0,0
1.0,298.6,309.5,1404.0,43.3,33.0,0
0.0,298.9,309.1,1369.0,44.4,198.0,0
0.0,302.0,311.2,1845.0,27.3,45.0,0
0.0,299.9,309.4,1467.0,41.2,20.0,0
0.0,299.8,309.4,1480.0,40.9,2.0,0
2.0,304.2,313.5,1546.0,41.4,58.0,0
1.0,295.3,305.7,1473.0,38.5,189.0,0
0.0,297.0,307.8,1500.0,39.9,175.0,0
0.0,299.6,310.8,1507.0,42.4,108.0,0
0.0,299.0,308.1,1242.0,60.9,117.0,0
2.0,297.1,308.3,1492.0,41.5,141.0,0
0.0,298.6,309.8,1505.0,45.7,144.0,0
1.0,299.2,310.3,1551.0,44.8,18.0,0
0.0,300.6,309.5,1576.0,38.8,124.0,0
1.0,300.3,311.6,1304.0,62.8,118.0,0
1.0,298.8,309.7,1448.0,44.8,31.0,0
0.0,300.7,311.2,1486.0,46.8,56.0,0
0.0,299.7,309.1,1417.0,50.1,187.0,0
0.0,297.1,308.5,1712.0,32.1,48.0,0
0.0,296.2,307.3,1881.0,24.3,40.0,0
0.0,298.2,307.6,1492.0,37.2,178.0,0
1.0,299.9,309.2,1548.0,35.7,97.0,0
2.0,301.0,311.0,1640.0,37.6,118.0,0
2.0,297.3,308.7,1438.0,46.2,16.0,0
0.0,300.2,311.4,1463.0,37.5,145.0,0
0.0,299.2,310.7,1737.0,27.0,225.0,1
1.0,302.4,310.3,1378.0,54.3,165.0,1
1.0,297.6,308.5,1431.0,52.6,26.0,0
2.0,300.4,309.6,1416.0,43.3,66.0,0
0.0,297.6,308.6,1528.0,40.0,123.0,0
0.0,301.4,310.1,1937.0,21.8,205.0,0
1.0,300.8,309.7,1680.0,28.2,189.0,0
0.0,298.1,307.9,1502.0,41.8,79.0,0
2.0,302.3,311.8,1475.0,42.8,38.0,0
0.0,300.6,310.4,1457.0,47.7,120.0,0
1.0,300.7,309.7,1523.0,38.2,73.0,0
1.0,302.9,311.2,1467.0,37.7,73.0,0
0.0,296.5,307.2,1481.0,38.2,160.0,0
0.0,301.9,311.3,1501.0,40.8,59.0,0
1.0,301.3,310.1,1525.0,37.8,199.0,0
1.0,301.7,309.8,1284.0,68.2,111.0,1
0.0,302.5,310.9,1330.0,56.9,97.0,1
0.0,299.6,309.0,1378.0,51.9,162.0,0
0.0,299.5,309.1,1415.0,49.2,8.0,0
0.0,297.3,308.1,1615.0,35.4,217.0,1
1.0,301.2,310.7,1962.0,22.5,28.0,0
0.0,298.9,310.3,1583.0,32.6,230.0,0
0.0,298.9,310.1,1823.0,26.1,131.0,0
2.0,298.8,308.9,1466.0,44.1,184.0,0
0.0,300.7,312.1,1395.0,41.9,157.0,0
0.0,302.0,309.8,1701.0,27.2,4.0,0
1.0,298.3,310.1,1389.0,49.6,75.0,0
0.0,299.7,309.2,1326.0,64.8,71.0,0
2.0,299.1,309.4,1811.0,24.6,77.0,0
0.0,301.7,310.6,1513.0,41.1,64.0,0
0.0,297.1,308.4,1693.0,29.5,100.0,0
0.0,301.9,310.8,1650.0,29.8,94.0,0
2.0,302.2,311.9,1597.0,35.8,160.0,0
1.0,301.6,310.7,1791.0,23.8,81.0,0
0.0,301.7,310.7,1605.0,33.3,220.0,0
1.0,301.4,311.2,1727.0,26.5,43.0,0
2.0,297.4,309.0,1468.0,41.4,156.0,0
0.0,298.1,308.1,1410.0,45.8,71.0,0
0.0,298.7,308.5,1544.0,35.2,159.0,0
0.0,301.3,310.5,1365.0,47.7,70.0,0
1.0,298.9,308.6,1517.0,39.8,114.0,0
0.0,296.8,307.8,1573.0,36.4,126.0,0
0.0,298.9,310.1,1466.0,42.5,187.0,0
0.0,297.1,308.3,1773.0,23.8,169.0,0
0.0,302.8,312.5,1694.0,28.4,66.0,0
0.0,300.2,311.6,1767.0,26.4,20.0,0
1.0,301.4,311.0,1427.0,43.2,13.0,0
0.0,298.0,309.1,1473.0,44.3,124.0,0
2.0,300.8,310.9,1425.0,44.0,33.0,0
1.0,302.2,310.6,1570.0,34.6,163.0,0
1.0,300.7,309.6,1525.0,36.5,71.0,0
0.0,303.0,311.1,1980.0,20.2,137.0,0
0.0,299.3,309.0,1786.0,23.5,100.0,0
0.0,297.8,308.4,1518.0,32.5,190.0,0
0.0,303.7,312.3,1384.0,45.9,121.0,0
2.0,297.3,308.4,1864.0,23.1,90.0,0
1.0,298.7,310.0,1459.0,40.2,69.0,0
0.0,299.4,309.3,1544.0,36.0,197.0,0
0.0,298.5,309.7,1634.0,37.8,78.0,0
1.0,297.5,309.2,1347.0,55.8,188.0,0
0.0,298.0,307.7,1407.0,43.9,205.0,0
0.0,298.7,309.7,1462.0,46.8,4.0,0
0.0,303.6,313.1,1395.0,44.1,120.0,0
1.0,303.4,312.1,1499.0,39.4,197.0,0
0.0,299.8,309.4,1630.0,32.4,53.0,0
0.0,300.7,310.8,1597.0,30.5,38.0,0
0.0,300.8,310.4,1570.0,35.2,23.0,0
1.0,300.9,310.5,1444.0,43.2,27.0,0
1.0,300.4,311.2,1831.0,23.4,133.0,0
1.0,300.7,310.6,1484.0,38.0,84.0,0
1.0,299.8,309.7,1556.0,37.7,124.0,0
0.0,298.6,309.6,1611.0,35.7,23.0,0
0.0,299.3,308.7,1579.0,36.3,211.0,0
0.0,297.5,308.6,1208.0,62.3,28.0,0
0.0,299.1,310.5,1389.0,61.4,64.0,0
0.0,300.6,311.7,1432.0,39.2,2.0,0
0.0,300.6,310.1,1337.0,45.8,62.0,0
0.0,304.2,313.4,1490.0,44.0,41.0,0
2.0,298.2,308.4,1385.0,42.2,98.0,0
0.0,301.3,311.1,1560.0,35.3,55.0,0
0.0,302.7,310.5,1563.0,35.0,8.0,0
0.0,298.4,309.5,1692.0,28.3,136.0,0
1.0,298.9,309.8,1363.0,50.6,115.0,0
2.0,303.9,313.0,1517.0,36.0,142.0,0
0.0,298.9,310.2,1491.0,45.1,101.0,0
1.0,301.5,310.7,1454.0,39.4,17.0,0
1.0,300.8,310.3,1494.0,42.2,35.0,0
1.0,302.4,311.1,1721.0,30.1,210.0,0
0.0,299.2,310.1,1534.0,37.7,10.0,0
0.0,300.3,310.2,1369.0,48.8,36.0,0
0.0,299.0,310.2,1682.0,28.8,49.0,0
0.0,302.5,310.5,1520.0,41.2,154.0,0
0.0,302.6,312.3,1660.0,30.3,36.0,0
1.0,300.2,311.3,1587.0,31.2,73.0,0
0.0,300.9,311.0,1438.0,49.0,61.0,0
1.0,298.5,309.3,1465.0,42.4,173.0,0
0.0,303.7,312.3,1922.0,23.1,193.0,0
1.0,298.9,308.9,1750.0,29.9,50.0,0
0.0,301.9,310.8,1519.0,39.0,90.0,0
0.0,299.9,309.4,1322.0,53.9,33.0,0
1.0,301.5,310.8,1452.0,44.1,157.0,0
0.0,302.2,311.4,1397.0,53.0,17.0,0
0.0,300.6,312.2,1308.0,54.7,52.0,0
0.0,303.6,312.9,1873.0,23.5,7.0,0
0.0,298.2,307.7,1503.0,38.3,87.0,0
0.0,298.4,308.3,1452.0,48.5,73.0,0
1.0,300.2,309.5,1500.0,45.7,89.0,0
1.0,298.8,310.0,1529.0,38.5,77.0,0
0.0,302.5,310.3,1523.0,36.0,72.0,0
1.0,302.5,310.3,1447.0,39.2,172.0,0
0.0,301.1,309.6,1502.0,48.9,160.0,0
1.0,297.2,308.0,1765.0,31.1,191.0,0
1.0,298.8,309.9,1741.0,27.7,50.0,0
0.0,302.6,311.0,1424.0,38.0,144.0,0
1.0,297.9,307.5,1642.0,32.4,126.0,0
0.0,299.5,310.8,1873.0,22.3,211.0,0
0.0,299.9,311.3,1522.0,45.7,153.0,0
0.0,297.4,308.8,1473.0,46.2,167.0,0
0.0,300.2,309.6,1430.0,52.7,47.0,0
0.0,304.1,313.6,1382.0,46.7,134.0,0
0.0,299.8,310.1,1553.0,42.0,177.0,0
1.0,302.4,310.2,1485.0,45.9,50.0,0
0.0,301.4,310.4,1737.0,31.9,96.0,0
0.0,300.5,310.5,1564.0,38.2,199.0,0
1.0,298.8,309.7,1459.0,47.3,141.0,0
0.0,297.5,308.5,1722.0,30.4,178.0,0
0.0,297.9,309.0,1629.0,29.0,26.0,0
1.0,297.6,308.6,1414.0,45.4,138.0,0
2.0,300.9,310.7,1656.0,30.7,200.0,0
1.0,298.5,309.3,1761.0,27.2,49.0,0
1.0,297.9,307.7,1517.0,39.5,69.0,0
2.0,303.0,312.5,1698.0,30.0,89.0,0
0.0,302.0,311.0,1420.0,45.9,144.0,0
0.0,303.1,311.2,1626.0,32.3,21.0,0
0.0,300.9,310.8,1571.0,39.9,51.0,0
2.0,300.0,310.1,1714.0,28.7,55.0,0
0.0,301.7,310.7,1318.0,55.0,194.0,0
1.0,297.8,309.0,1576.0,45.0,17.0,0
0.0,298.4,307.9,1743.0,27.3,134.0,0
1.0,302.0,310.4,1595.0,32.9,135.0,0
1.0,303.8,312.6,1527.0,41.9,159.0,0
0.0,299.1,310.1,1894.0,20.1,106.0,0
0.0,303.5,312.4,1481.0,43.7,20.0,0
0.0,300.0,311.4,1604.0,38.7,185.0,0
2.0,297.8,309.4,1445.0,48.2,10.0,0
0.0,302.8,312.3,1386.0,57.8,172.0,0
1.0,297.4,308.1,1734.0,27.7,70.0,0
0.0,302.2,311.5,1427.0,43.8,88.0,0
0.0,299.7,311.2,1835.0,23.7,183.0,0
1.0,300.8,310.9,1557.0,31.6,52.0,0
0.0,301.4,310.7,1673.0,27.8,181.0,0
0.0,297.9,307.8,1665.0,33.9,102.0,0
2.0,298.4,308.4,1479.0,39.2,58.0,0
0.0,302.2,311.2,1649.0,33.2,9.0,0
0.0,297.7,307.4,1643.0,36.5,55.0,0
0.0,301.3,311.0,1582.0,35.6,202.0,0
2.0,298.5,309.2,1568.0,40.6,39.0,0
1.0,298.9,310.1,1442.0,42.9,153.0,0
0.0,296.7,307.9,1743.0,27.9,55.0,0
1.0,300.3,311.7,1447.0,36.8,0.0,0
0.0,298.3,308.0,1578.0,37.8,101.0,0
0.0,301.1,311.1,1799.0,21.7,206.0,0
0.0,301.5,310.8,1382.0,52.4,165.0,0
1.0,303.7,313.1,2130.0,18.1,185.0,0
1.0,303.4,311.5,1817.0,24.7,125.0,0
0.0,300.5,311.4,1642.0,27.1,37.0,0
0.0,299.2,308.9,1368.0,47.2,175.0,0
0.0,298.8,308.5,1446.0,37.0,11.0,0
0.0,298.9,310.3,1364.0,54.0,95.0,0
0.0,300.8,311.7,1479.0,39.4,18.0,0
0.0,296.3,307.1,1662.0,32.9,190.0,0
0.0,298.3,309.1,1904.0,20.3,140.0,0
0.0,299.0,310.3,1475.0,42.4,93.0,0
0.0,298.4,308.1,1598.0,32.7,94.0,0
1.0,302.1,311.4,1467.0,43.4,33.0,0
0.0,297.5,308.7,1761.0,26.2,164.0,0
0.0,302.7,312.4,1423.0,51.9,60.0,0
0.0,302.3,311.3,1457.0,44.5,83.0,0
1.0,297.6,309.6,1530.0,37.3,10.0,0
0.0,297.8,307.8,1563.0,34.3,53.0,0
2.0,297.8,308.4,1512.0,35.1,138.0,0
1.0,297.6,308.6,1482.0,38.3,39.0,0
0.0,302.6,312.4,1628.0,33.0,15.0,0
0.0,300.6,310.2,1648.0,31.7,46.0,0
0.0,299.1,308.4,1543.0,37.9,130.0,0
0.0,299.8,309.2,1760.0,25.9,63.0,0
0.0,298.9,310.1,1944.0,23.4,192.0,0
0.0,297.0,307.7,1502.0,39.4,126.0,0
0.0,299.1,309.5,1512.0,39.0,75.0,0
0.0,300.7,310.5,1960.0,21.0,194.0,0
0.0,301.0,311.6,1352.0,63.5,143.0,0
1.0,298.1,308.9,1459.0,50.3,115.0,0
2.0,297.8,308.9,1650.0,32.2,195.0,0
0.0,302.1,311.5,1477.0,45.4,111.0,0
2.0,300.6,309.4,1555.0,37.9,24.0,0
1.0,300.2,310.2,1438.0,51.5,7.0,0
0.0,300.3,311.7,1317.0,56.5,7.0,0
1.0,296.2,307.2,1552.0,34.8,8.0,0
0.0,300.7,309.9,1383.0,44.5,176.0,0
0.0,300.9,312.1,1711.0,28.8,74.0,0
2.0,300.4,309.3,1396.0,51.2,54.0,0
0.0,302.4,312.0,1305.0,49.1,16.0,0
0.0,300.6,310.0,1658.0,34.7,88.0,0
1.0,297.9,307.5,1647.0,30.8,212.0,0
0.0,298.6,309.4,1316.0,51.4,52.0,0
0.0,298.0,308.2,1348.0,58.8,202.0,1
0.0,297.5,308.6,1793.0,26.7,70.0,0
2.0,296.3,307.2,1424.0,42.0,196.0,0
0.0,298.9,310.5,1717.0,26.9,17.0,0
0.0,300.6,310.1,1656.0,32.7,44.0,0
0.0,302.1,311.2,1454.0,46.8,0.0,0
0.0,300.1,311.4,1729.0,29.3,71.0,0
0.0,298.8,310.6,1803.0,25.4,209.0,0
1.0,301.5,311.1,1507.0,38.6,149.0,0
0.0,303.0,311.2,1374.0,48.2,65.0,1
0.0,299.1,308.5,1371.0,55.5,159.0,0
0.0,302.0,310.8,1445.0,49.1,2.0,0
1.0,300.4,310.3,1537.0,35.0,33.0,0
1.0,302.2,311.7,1576.0,34.0,28.0,0
0.0,297.5,308.6,1546.0,33.8,139.0,0
0.0,299.6,309.5,1453.0,41.4,168.0,0
1.0,301.5,310.6,1638.0,31.9,137.0,0
1.0,297.1,308.1,1352.0,44.4,0.0,0
0.0,302.9,312.4,1923.0,23.9,244.0,0
0.0,296.8,307.8,1480.0,39.4,122.0,0
0.0,297.3,308.7,1506.0,39.3,187.0,0
0.0,301.2,310.7,1951.0,21.3,44.0,0
2.0,300.5,309.4,1360.0,46.2,93.0,0
0.0,301.4,310.8,1389.0,52.7,125.0,0
0.0,304.2,313.4,1457.0,49.4,96.0,0
0.0,298.0,309.2,1527.0,39.5,85.0,0
0.0,301.3,310.7,1504.0,47.2,74.0,0
1.0,301.0,309.6,1588.0,32.7,138.0,0
1.0,299.3,308.9,1577.0,34.9,160.0,0
0.0,302.5,310.3,1592.0,32.6,174.0,0
0.0,301.7,309.5,1298.0,65.5,229.0,1
0.0,297.4,308.5,1477.0,40.7,74.0,0
1.0,298.8,309.1,1368.0,49.1,117.0,0
0.0,300.7,309.6,1541.0,34.6,131.0,0
0.0,299.0,310.0,1672.0,33.2,144.0,0
0.0,298.0,308.5,1395.0,46.2,122.0,0
0.0,300.3,311.4,1544.0,41.6,97.0,0
2.0,298.6,309.5,1523.0,34.2,119.0,0
0.0,299.4,309.0,1507.0,41.0,213.0,0
1.0,303.8,312.6,1768.0,23.9,149.0,0
1.0,303.6,311.8,1659.0,34.7,94.0,0
0.0,304.2,313.4,1740.0,28.2,78.0,0
0.0,302.4,311.1,1520.0,42.2,143.0,0
0.0,302.4,312.1,1455.0,40.4,28.0,0
0.0,301.5,310.5,1351.0,52.9,116.0,0
0.0,297.5,309.3,1732.0,29.9,32.0,0
0.0,298.0,309.5,1496.0,45.8,46.0,0
1.0,300.9,310.8,1402.0,48.1,22.0,0
0.0,300.1,309.1,1478.0,46.9,116.0,0
1.0,301.2,310.7,1527.0,41.1,53.0,0
1.0,299.1,308.2,1435.0,45.2,45.0,0
0.0,296.3,307.3,1444.0,49.0,13.0,0
2.0,303.7,312.6,1711.0,27.6,170.0,0
2.0,300.1,309.1,1560.0,35.4,14.0,0
0.0,302.6,311.6,1953.0,22.4,180.0,0
0.0,300.9,311.1,1417.0,40.7,24.0,0
0.0,298.4,308.7,1588.0,35.0,99.0,0
1.0,300.2,309.5,1642.0,28.8,92.0,0
0.0,302.0,310.4,1568.0,39.2,112.0,0
2.0,299.7,309.2,1554.0,41.6,62.0,0
2.0,302.1,310.9,1452.0,42.5,198.0,0
1.0,301.7,311.0,1537.0,33.5,146.0,0
0.0,299.4,308.8,1627.0,32.6,124.0,0
0.0,299.7,311.0,1983.0,21.0,201.0,0
1.0,304.0,313.0,1575.0,34.5,92.0,0
0.0,301.0,310.9,1450.0,45.9,35.0,0
2.0,298.5,309.4,1573.0,33.6,143.0,0
0.0,297.8,308.4,2129.0,19.2,148.0,0
0.0,297.4,308.9,1708.0,28.8,174.0,0
1.0,303.9,313.2,1350.0,47.2,2.0,0
0.0,299.3,308.6,1433.0,37.7,42.0,0
0.0,298.4,309.5,1397.0,50.3,110.0,0
0.0,298.0,308.2,1357.0,48.2,7.0,0
0.0,299.2,308.7,1325.0,51.0,171.0,0
0.0,301.3,310.6,1556.0,39.0,72.0,0
0.0,300.7,310.2,1642.0,32.6,26.0,0
0.0,298.0,308.5,1702.0,26.7,203.0,0
0.0,297.6,309.5,1569.0,36.2,63.0,0
1.0,301.3,310.9,1512.0,36.9,159.0,0
0.0,297.3,308.6,1505.0,33.5,14.0,0
2.0,300.4,311.4,1427.0,50.7,122.0,0
1.0,298.9,308.9,1727.0,27.1,37.0,0
1.0,303.7,312.6,1429.0,43.3,189.0,0
0.0,297.3,308.4,1459.0,39.4,59.0,0
1.0,300.8,312.3,1535.0,40.3,71.0,0
0.0,297.4,308.7,1429.0,57.4,96.0,0
0.0,302.0,310.5,1635.0,39.8,99.0,0
2.0,297.5,308.8,1430.0,49.4,2.0,0
1.0,299.0,309.4,1561.0,37.3,70.0,0
0.0,303.6,311.8,1736.0,32.9,99.0,0
0.0,297.2,308.7,1669.0,30.7,72.0,0
0.0,298.6,309.6,1715.0,28.4,90.0,0
1.0,302.2,311.0,1476.0,47.4,161.0,0
0.0,300.8,312.3,1858.0,26.3,144.0,0
0.0,300.2,311.6,1372.0,49.2,195.0,0
0.0,303.6,312.9,1588.0,31.9,53.0,0
1.0,301.8,310.8,1365.0,48.2,199.0,0
0.0,301.4,310.7,1616.0,36.5,121.0,0
2.0,297.3,308.6,1431.0,42.0,109.0,0
0.0,303.9,313.3,1394.0,51.6,121.0,0
1.0,303.7,312.7,1396.0,47.3,158.0,0
0.0,301.3,310.4,1440.0,41.5,197.0,0
0.0,298.3,308.1,1412.0,52.3,218.0,1
1.0,297.6,308.2,1995.0,20.5,10.0,0
1.0,298.1,307.9,1446.0,42.8,121.0,0
1.0,302.5,312.0,1447.0,45.7,210.0,0
0.0,297.2,308.5,1574.0,35.8,95.0,0
0.0,302.5,310.3,1549.0,40.9,170.0,0
1.0,300.0,310.2,1393.0,51.2,190.0,0
0.0,299.8,310.3,1687.0,30.4,33.0,0
2.0,298.8,309.6,1516.0,40.2,152.0,0
0.0,299.0,308.3,1441.0,44.0,48.0,0
0.0,297.4,308.5,1643.0,33.8,132.0,0
0.0,299.5,310.7,1438.0,45.7,106.0,0
0.0,298.9,309.9,1526.0,35.4,96.0,0
0.0,297.6,309.0,1487.0,45.4,64.0,0
0.0,298.0,308.6,1481.0,42.5,54.0,0
1.0,300.9,310.0,1416.0,46.6,201.0,0
0.0,300.6,311.7,1553.0,39.8,0.0,0
1.0,301.9,311.0,1432.0,41.5,51.0,0
0.0,301.6,310.6,1613.0,42.5,97.0,0
2.0,298.4,308.1,1891.0,24.7,158.0,0
1.0,299.0,310.0,1337.0,57.4,146.0,0
0.0,301.8,310.0,1493.0,40.3,185.0,0
0.0,299.0,309.0,1544.0,31.8,25.0,0
0.0,303.6,312.6,1699.0,27.9,160.0,0
2.0,304.2,313.3,1625.0,37.3,27.0,0
0.0,300.6,309.4,1369.0,51.6,71.0,0
1.0,300.8,312.4,1465.0,43.7,139.0,0
0.0,296.9,308.0,1332.0,53.9,7.0,0
0.0,298.8,309.1,1477.0,42.4,158.0,0
1.0,300.7,309.6,1568.0,35.2,82.0,0
2.0,299.4,309.0,1415.0,51.7,62.0,0
0.0,302.2,310.6,1462.0,43.6,0.0,0
1.0,300.2,311.6,1608.0,35.0,212.0,0
2.0,298.7,309.6,1755.0,26.9,73.0,0
0.0,297.8,307.6,1446.0,51.4,105.0,0
0.0,298.5,309.5,1385.0,46.3,203.0,1
0.0,304.0,312.8,1542.0,42.7,198.0,0
0.0,298.6,309.9,1630.0,30.6,2.0,0
0.0,302.5,311.9,1354.0,49.4,117.0,0
1.0,302.3,311.7,1640.0,31.5,199.0,0
0.0,301.0,312.2,1264.0,59.0,57.0,0
1.0,301.8,309.8,1546.0,39.8,121.0,0
2.0,298.9,309.7,1407.0,48.6,161.0,0
2.0,298.6,309.7,1672.0,27.5,54.0,0
0.0,297.5,308.2,1489.0,40.7,141.0,0
0.0,300.8,311.7,1578.0,31.4,219.0,0
0.0,300.2,309.5,1495.0,32.6,49.0,0
0.0,297.9,308.9,1566.0,41.9,50.0,0
1.0,297.0,307.9,1493.0,34.7,57.0,0
0.0,303.5,312.3,1404.0,48.6,193.0,0
0.0,300.3,311.3,1525.0,40.7,105.0,0
0.0,298.9,310.2,1623.0,37.2,177.0,0
1.0,300.8,311.4,1521.0,39.9,15.0,0
1.0,298.4,308.2,1499.0,40.0,211.0,0
0.0,301.9,309.7,1595.0,31.4,133.0,0
0.0,298.0,307.6,1683.0,32.8,122.0,0
2.0,299.8,309.0,1467.0,37.3,193.0,0
1.0,298.7,308.5,1660.0,27.0,50.0,0
0.0,300.0,309.7,1554.0,32.0,117.0,0
0.0,299.7,309.1,1713.0,33.5,141.0,0
0.0,299.4,309.0,1391.0,58.2,135.0,0
0.0,298.6,310.1,1439.0,49.9,17.0,0
0.0,301.6,310.7,1683.0,29.7,131.0,0
0.0,300.6,309.4,1474.0,40.7,87.0,0
0.0,300.0,309.8,1372.0,39.6,105.0,0
1.0,301.6,310.8,1290.0,65.3,63.0,0
1.0,297.9,308.5,1300.0,53.0,172.0,0
0.0,297.4,308.1,1474.0,39.4,20.0,0
1.0,301.7,310.8,1524.0,41.3,147.0,0
2.0,297.3,308.3,1935.0,19.3,24.0,0
1.0,300.3,309.6,1488.0,41.3,172.0,0
0.0,298.1,307.8,1761.0,28.2,76.0,0
0.0,300.1,311.4,1438.0,42.2,139.0,0
0.0,302.5,310.4,1487.0,40.2,48.0,0
1.0,301.3,311.4,1838.0,23.2,215.0,0
0.0,300.2,309.4,1526.0,35.3,46.0,0
0.0,298.9,309.8,1396.0,49.0,13.0,0
0.0,303.3,311.3,1350.0,48.1,32.0,1
0.0,299.7,309.4,1362.0,51.9,117.0,0
0.0,301.6,310.5,1593.0,34.5,102.0,0
0.0,300.7,311.2,1399.0,47.9,80.0,0
0.0,303.1,311.2,1399.0,49.2,111.0,0
0.0,303.3,311.8,1692.0,30.6,18.0,0
0.0,297.1,308.1,1584.0,36.8,215.0,0
0.0,300.5,311.2,1270.0,67.5,208.0,1
0.0,301.5,310.5,1636.0,28.7,106.0,0
1.0,296.9,308.4,1450.0,46.9,186.0,0
0.0,302.3,310.8,1421.0,41.4,102.0,0
1.0,299.9,310.4,1367.0,53.3,201.0,0
1.0,303.4,311.7,1353.0,44.1,192.0,1
0.0,298.8,308.5,1490.0,35.0,29.0,0
0.0,298.9,310.1,1442.0,48.0,181.0,0
2.0,297.8,307.8,1662.0,30.7,48.0,0
1.0,297.1,308.2,1529.0,37.9,183.0,0
1.0,299.9,309.4,1487.0,42.2,198.0,0
0.0,301.5,310.7,1568.0,33.1,38.0,0
0.0,298.1,307.7,1705.0,29.1,109.0,0
0.0,301.5,310.3,1415.0,41.6,28.0,0
1.0,298.7,309.8,1501.0,44.7,48.0,0
1.0,300.7,312.4,1371.0,61.7,102.0,0
0.0,303.0,311.2,1735.0,26.1,194.0,0
2.0,298.1,309.3,1332.0,51.0,72.0,0
1.0,297.6,309.7,1541.0,33.7,165.0,0
0.0,300.9,312.0,1441.0,43.8,210.0,0
1.0,300.7,311.0,1559.0,42.8,121.0,0
0.0,298.0,308.4,1432.0,46.2,11.0,0
2.0,302.6,311.0,1438.0,51.0,106.0,0
0.0,300.7,310.2,1696.0,27.5,73.0,0
1.0,297.6,308.6,1389.0,49.0,34.0,0
0.0,299.0,308.6,1378.0,47.8,163.0,0
0.0,301.5,310.6,1525.0,41.9,204.0,0
1.0,303.4,312.8,1526.0,30.8,37.0,0
1.0,302.0,310.6,1535.0,38.6,34.0,0
0.0,302.5,311.6,1400.0,54.0,196.0,0
0.0,301.1,310.8,1274.0,55.7,169.0,0
1.0,300.4,311.4,1604.0,31.7,119.0,0
1.0,297.6,309.5,1709.0,32.2,65.0,0
0.0,297.5,308.9,1427.0,44.7,135.0,0
0.0,300.9,312.1,1462.0,46.0,166.0,0
0.0,298.7,309.8,1539.0,33.4,2.0,0
1.0,298.5,309.2,1721.0,29.4,170.0,0
2.0,297.6,308.8,1385.0,44.4,181.0,0
0.0,302.2,310.9,1531.0,37.5,60.0,0
1.0,300.6,311.0,1401.0,54.6,94.0,0
1.0,301.4,310.4,1553.0,44.7,173.0,0
1.0,300.8,311.2,1365.0,51.7,111.0,0
0.0,295.8,306.5,1493.0,40.5,90.0,0
1.0,297.8,309.2,1295.0,61.2,12.0,0
1.0,302.3,311.8,1363.0,54.0,119.0,1
0.0,297.5,308.8,1587.0,34.9,166.0,0
0.0,297.7,308.9,1715.0,27.2,193.0,0
1.0,296.3,307.4,1958.0,19.1,67.0,0
0.0,301.2,310.8,1233.0,64.6,45.0,0
0.0,297.9,307.6,1481.0,38.0,40.0,0
1.0,302.2,310.9,1488.0,44.2,57.0,0
0.0,300.2,311.7,1640.0,30.8,191.0,0
0.0,299.1,308.5,1455.0,39.8,145.0,0
0.0,298.7,309.8,1365.0,50.5,111.0,0
1.0,301.2,310.7,1615.0,34.9,95.0,0
1.0,300.1,311.2,1452.0,42.4,190.0,0
0.0,302.0,311.0,1686.0,32.5,25.0,0
1.0,303.9,313.0,1901.0,22.5,110.0,0
0.0,297.9,307.8,1397.0,45.0,104.0,0
1.0,300.7,310.6,1488.0,39.2,189.0,0
0.0,298.8,308.9,1852.0,25.0,57.0,0
1.0,300.5,309.9,1780.0,26.5,101.0,0
1.0,299.5,309.3,1902.0,24.0,151.0,0
0.0,301.0,310.9,1828.0,25.1,166.0,0
0.0,300.7,310.5,1448.0,38.2,218.0,0
1.0,297.6,307.1,1471.0,44.9,14.0,0
0.0,302.2,310.6,1334.0,53.2,159.0,1
1.0,299.7,310.4,1410.0,44.5,105.0,0
0.0,301.0,311.2,1412.0,42.1,64.0,0
0.0,300.1,311.3,1547.0,40.0,201.0,0
0.0,298.8,309.6,1523.0,41.9,165.0,0
0.0,297.4,309.2,1420.0,45.6,193.0,0
0.0,298.0,307.6,1509.0,41.6,33.0,0
0.0,301.9,310.9,1379.0,54.8,99.0,0
0.0,301.0,310.7,1464.0,45.8,184.0,0
0.0,304.1,313.1,1666.0,34.6,33.0,0
0.0,299.8,310.9,1545.0,40.7,166.0,0
0.0,300.3,309.2,1412.0,44.8,200.0,0
1.0,300.1,309.2,1438.0,51.0,211.0,0
1.0,298.6,309.5,1580.0,33.9,70.0,0
1.0,301.9,310.9,2305.0,16.1,42.0,0
0.0,299.0,310.4,1339.0,49.6,94.0,0
0.0,298.9,309.9,1309.0,56.2,119.0,0
0.0,303.6,313.1,1405.0,38.3,58.0,0
2.0,303.3,312.6,1827.0,24.2,132.0,0
0.0,301.0,312.2,1510.0,39.9,61.0,0
0.0,300.9,311.0,1382.0,51.2,136.0,0
0.0,300.3,310.4,1493.0,37.5,219.0,0
1.0,303.5,312.4,1318.0,54.2,177.0,0
0.0,299.0,310.2,1432.0,42.2,87.0,0
1.0,298.9,308.4,1827.0,26.1,5.0,0
1.0,297.9,309.1,1558.0,39.2,59.0,0
1.0,300.7,310.9,1369.0,51.2,63.0,0
1.0,302.2,311.1,1640.0,32.8,77.0,0
0.0,298.1,307.7,1289.0,48.3,42.0,0
2.0,297.7,308.3,1488.0,41.0,101.0,0
0.0,303.1,311.2,1628.0,35.2,23.0,0
1.0,297.8,309.4,1495.0,36.5,132.0,0
0.0,300.6,310.0,1635.0,31.0,107.0,0
2.0,299.5,310.8,1600.0,32.4,67.0,0
0.0,302.2,311.6,1545.0,35.9,152.0,0
0.0,297.4,308.5,1295.0,52.1,130.0,0
0.0,301.0,310.1,1558.0,32.6,0.0,0
0.0,303.9,313.2,1499.0,37.4,7.0,0
0.0,302.6,310.9,1331.0,52.0,154.0,1
0.0,299.0,309.4,1798.0,25.5,89.0,0
0.0,299.9,310.9,1292.0,51.1,173.0,0
0.0,299.5,310.8,1571.0,38.2,74.0,0
0.0,296.9,307.6,1435.0,45.0,119.0,0
0.0,302.6,311.0,1620.0,36.2,139.0,0
0.0,296.8,308.0,1536.0,40.4,217.0,0
1.0,298.0,308.7,1436.0,48.2,201.0,0
0.0,296.5,307.6,1415.0,44.2,106.0,0
0.0,300.7,311.7,1524.0,43.5,222.0,0
0.0,300.7,310.8,1496.0,46.4,90.0,0
2.0,298.9,310.3,1243.0,63.0,163.0,0
1.0,303.6,312.1,1967.0,20.9,2.0,0
0.0,297.2,308.5,1550.0,41.5,125.0,0
1.0,298.9,310.1,1513.0,41.5,80.0,0
0.0,298.4,309.2,1651.0,28.5,141.0,0
0.0,302.3,311.5,1530.0,37.8,57.0,0
0.0,301.3,311.1,1647.0,28.2,140.0,0
1.0,302.2,311.4,1398.0,47.2,202.0,0
0.0,302.8,312.3,1494.0,37.5,198.0,0
0.0,297.4,308.6,1678.0,32.3,180.0,0
0.0,300.4,311.2,1436.0,56.8,173.0,0
0.0,300.0,309.6,1571.0,33.1,65.0,0
0.0,300.3,309.4,1470.0,33.5,148.0,0
0.0,298.4,309.1,1467.0,42.5,139.0,0
0.0,298.1,308.7,1341.0,55.7,30.0,0
0.0,297.9,307.7,1537.0,37.7,15.0,0
0.0,298.1,307.7,1537.0,40.8,169.0,0
0.0,301.2,310.4,1516.0,44.4,53.0,0
0.0,302.3,311.3,1614.0,34.1,129.0,0
0.0,300.6,309.8,1418.0,42.7,147.0,0
1.0,298.0,308.7,1430.0,51.9,47.0,0
0.0,301.7,311.0,1474.0,42.6,164.0,0
0.0,300.5,309.5,1653.0,27.6,62.0,0
1.0,298.6,308.2,1488.0,44.0,43.0,0
0.0,300.9,311.0,1499.0,38.0,111.0,0
0.0,302.5,311.4,1409.0,53.1,126.0,0
2.0,300.5,309.9,1397.0,45.9,210.0,1
0.0,300.8,310.7,1525.0,39.4,175.0,0
0.0,298.2,308.1,1382.0,43.5,37.0,0
2.0,297.9,307.4,1604.0,36.1,225.0,1
1.0,298.1,307.6,1565.0,36.3,140.0,0
0.0,300.6,310.0,1511.0,36.9,105.0,0
0.0,297.9,308.6,1468.0,36.0,168.0,0
1.0,297.8,307.4,1438.0,43.6,141.0,0
1.0,299.6,310.9,1474.0,39.7,64.0,0
0.0,299.2,308.9,1526.0,37.9,177.0,0
2.0,299.1,310.0,1657.0,33.1,187.0,0
0.0,301.3,310.9,2165.0,17.4,143.0,0
1.0,300.3,309.5,1665.0,31.4,32.0,0
1.0,303.7,312.6,1671.0,30.5,163.0,0
0.0,297.5,308.4,1441.0,44.5,4.0,0
0.0,296.2,306.9,1516.0,39.1,138.0,0
1.0,299.7,309.6,1313.0,60.0,186.0,0
0.0,297.7,309.7,1591.0,37.7,196.0,0
2.0,298.9,309.6,1600.0,33.5,175.0,0
0.0,299.7,309.6,1359.0,50.7,161.0,0
0.0,302.7,312.1,1601.0,35.2,31.0,0
0.0,297.4,308.5,1486.0,48.6,75.0,0
0.0,301.3,310.1,1531.0,41.6,9.0,0
0.0,299.4,308.7,1446.0,62.9,134.0,1
1.0,302.1,310.6,1421.0,52.0,95.0,0
0.0,300.0,311.4,1484.0,37.0,183.0,0
0.0,299.4,308.9,1550.0,33.7,174.0,0
0.0,302.0,310.6,1467.0,44.9,86.0,0
0.0,297.0,307.9,1595.0,31.7,170.0,0
1.0,300.3,311.7,1236.0,57.5,12.0,0
0.0,300.6,310.4,1401.0,42.6,114.0,0
0.0,296.9,308.3,1513.0,38.8,189.0,0
0.0,298.5,308.3,1458.0,44.0,44.0,0
0.0,300.7,310.2,1387.0,50.6,83.0,0
0.0,300.1,311.7,1503.0,42.6,208.0,0
0.0,303.9,313.1,1586.0,31.9,108.0,0
0.0,300.6,311.7,1507.0,45.5,74.0,0
1.0,301.5,310.6,1403.0,47.4,34.0,0
0.0,298.1,307.7,1767.0,27.0,127.0,0
1.0,298.9,310.2,2099.0,20.0,98.0,0
1.0,300.3,311.5,1445.0,47.3,40.0,0
0.0,302.8,310.6,1671.0,30.5,201.0,0
0.0,299.3,309.1,1473.0,40.3,125.0,0
1.0,297.6,308.4,1398.0,48.9,63.0,0
1.0,299.8,310.6,1694.0,31.3,121.0,0
0.0,302.0,311.0,1865.0,22.7,48.0,0
0.0,300.8,311.8,1427.0,43.3,180.0,0
1.0,302.9,311.1,1926.0,21.8,58.0,0
1.0,298.5,308.3,1381.0,50.5,22.0,0
0.0,300.0,311.4,1634.0,31.9,0.0,0
0.0,301.8,311.0,1606.0,33.3,4.0,0
2.0,299.3,308.8,1397.0,45.4,191.0,0
2.0,298.9,308.6,1623.0,31.0,180.0,0
0.0,300.8,310.9,1732.0,25.7,109.0,0
0.0,302.2,311.3,1389.0,46.9,106.0,0
0.0,297.9,307.6,1612.0,30.7,134.0,0
0.0,300.0,311.5,1812.0,28.3,94.0,0
1.0,297.9,307.4,1403.0,52.8,0.0,0
1.0,302.4,311.0,1490.0,37.1,168.0,0
0.0,302.4,310.9,1349.0,46.1,148.0,1
0.0,301.0,312.3,1550.0,34.9,111.0,0
2.0,300.2,309.7,1483.0,43.8,108.0,0
1.0,301.7,311.2,1413.0,42.6,79.0,0
0.0,300.8,311.8,1323.0,61.1,178.0,0
0.0,299.2,308.5,1821.0,26.1,69.0,0
0.0,302.3,311.4,1434.0,40.3,133.0,0
0.0,300.6,311.6,1455.0,48.0,203.0,0
2.0,302.2,310.9,1415.0,48.4,185.0,0
1.0,298.8,309.7,1589.0,35.3,149.0,0
2.0,298.3,308.0,1553.0,41.0,52.0,0
0.0,300.3,311.5,1548.0,32.2,25.0,0
0.0,300.1,311.4,1430.0,40.9,93.0,0
1.0,298.4,309.0,1507.0,36.1,191.0,0
0.0,300.1,309.8,1506.0,35.2,21.0,0
1.0,297.3,308.6,1584.0,29.4,141.0,0
1.0,302.3,311.2,1546.0,40.0,71.0,0
1.0,303.9,313.1,1343.0,61.4,14.0,0
0.0,300.8,310.6,1360.0,48.8,91.0,0
2.0,300.7,311.3,1374.0,53.1,66.0,0
1.0,302.3,310.8,1762.0,27.8,127.0,0
1.0,302.4,311.8,1644.0,37.2,195.0,0
0.0,300.4,310.8,1520.0,37.6,151.0,0
0.0,302.3,310.1,1321.0,52.7,134.0,1
0.0,297.9,307.8,1451.0,38.2,80.0,0
2.0,302.6,310.4,1649.0,30.1,62.0,0
0.0,298.9,309.7,1449.0,48.8,147.0,0
0.0,297.5,309.1,1515.0,35.1,213.0,0
0.0,298.2,309.0,1353.0,57.8,89.0,0
0.0,304.0,313.0,1350.0,61.1,88.0,0
1.0,301.1,310.7,1621.0,31.0,108.0,0
1.0,300.8,310.2,1304.0,52.5,157.0,0
2.0,300.7,310.6,1505.0,40.6,179.0,0
0.0,302.3,310.9,2034.0,19.7,190.0,0
0.0,300.4,310.5,1402.0,54.3,44.0,0
0.0,300.0,310.5,1517.0,42.2,186.0,0
0.0,297.6,308.1,1437.0,46.3,149.0,0
0.0,300.0,309.5,1925.0,21.9,9.0,0
0.0,302.9,312.4,2030.0,19.1,192.0,0
0.0,299.2,308.4,1386.0,54.1,26.0,0
2.0,300.0,309.5,1781.0,24.9,70.0,0
0.0,299.6,310.9,1658.0,28.0,76.0,0
0.0,298.8,308.9,1527.0,32.4,189.0,0
0.0,298.7,308.5,1483.0,42.5,46.0,0
0.0,297.4,308.6,1476.0,42.3,107.0,0
0.0,300.6,310.2,1489.0,47.8,21.0,0
0.0,297.3,308.0,1527.0,35.1,165.0,0
1.0,296.9,308.0,1409.0,50.7,43.0,0
0.0,300.7,312.1,1498.0,44.0,155.0,0
1.0,299.8,309.3,1640.0,31.1,211.0,0
0.0,297.3,307.9,1579.0,34.4,193.0,0
0.0,299.9,309.2,1598.0,34.6,111.0,0
0.0,298.0,307.8,1386.0,57.3,147.0,0
0.0,298.9,308.6,1522.0,46.4,2.0,0
0.0,297.0,308.1,1489.0,44.1,96.0,0
0.0,299.0,308.6,1661.0,32.2,106.0,0
0.0,299.6,310.9,1448.0,46.3,196.0,0
0.0,300.4,309.6,1432.0,44.7,192.0,0
0.0,299.8,311.1,1300.0,64.2,165.0,0
2.0,299.0,310.5,1336.0,56.8,136.0,0
0.0,299.2,310.7,1540.0,36.3,175.0,0
0.0,302.2,311.0,1832.0,23.2,70.0,0
0.0,302.3,311.0,1561.0,37.2,180.0,0
1.0,301.6,310.7,2012.0,20.7,178.0,0
2.0,297.4,308.4,1487.0,46.2,150.0,0
0.0,297.2,308.6,1437.0,52.4,37.0,0
1.0,299.1,310.0,1580.0,36.0,195.0,0
1.0,298.0,307.5,1784.0,27.8,163.0,0
0.0,300.7,310.8,1772.0,27.3,69.0,0
0.0,301.5,310.7,1466.0,43.6,56.0,0
0.0,302.6,310.4,1359.0,57.2,67.0,1
0.0,297.5,309.3,1404.0,43.5,195.0,0
0.0,300.1,311.5,1659.0,31.1,203.0,0
1.0,298.5,309.7,1557.0,37.7,86.0,0
0.0,297.6,309.4,1958.0,22.1,108.0,0
0.0,302.3,311.7,1793.0,25.3,200.0,0
1.0,300.2,311.0,2370.0,14.7,144.0,0
0.0,297.0,307.9,1529.0,42.2,157.0,0
0.0,296.6,307.6,1459.0,40.2,96.0,0
0.0,300.7,310.8,1519.0,43.9,55.0,0
0.0,299.1,308.3,1305.0,61.4,17.0,0
1.0,302.4,311.9,1313.0,55.7,102.0,0
2.0,300.4,311.9,1438.0,46.7,41.0,0
0.0,298.3,309.4,1378.0,52.3,12.0,0
0.0,297.5,308.8,1360.0,50.7,190.0,0
0.0,298.3,309.0,1519.0,36.9,41.0,0
1.0,303.4,311.8,2133.0,18.3,207.0,0
0.0,298.9,310.0,1482.0,41.1,82.0,0
2.0,303.4,311.7,1991.0,19.0,53.0,0
0.0,299.1,310.6,1921.0,23.9,158.0,0
2.0,302.8,311.0,1436.0,43.5,47.0,0
0.0,298.3,309.2,1562.0,37.6,137.0,0
0.0,297.5,308.4,1723.0,27.3,67.0,0
0.0,297.6,308.6,2384.0,14.4,171.0,0
1.0,300.8,309.6,1546.0,42.3,186.0,0
0.0,299.2,308.9,1342.0,50.8,195.0,0
0.0,299.9,310.0,1447.0,45.9,162.0,0
0.0,296.7,307.6,1540.0,38.6,53.0,0
0.0,299.9,309.5,1349.0,51.3,176.0,0
1.0,300.3,310.0,1409.0,43.2,9.0,0
1.0,300.0,309.3,1932.0,21.8,135.0,0
0.0,297.0,307.9,1635.0,31.6,147.0,0
0.0,303.4,311.9,1298.0,63.9,59.0,1
0.0,303.7,312.4,1525.0,43.9,188.0,0
2.0,299.9,310.5,1549.0,42.8,208.0,0
1.0,300.7,310.6,1505.0,35.6,105.0,0
2.0,300.9,310.8,1390.0,40.6,131.0,0
2.0,298.0,307.5,1683.0,27.8,26.0,0
2.0,297.2,308.3,1453.0,45.8,105.0,0
0.0,299.3,308.6,1744.0,26.4,33.0,0
1.0,299.5,310.7,1488.0,39.5,95.0,0
0.0,299.4,309.1,1670.0,35.9,68.0,0
0.0,302.3,311.7,1453.0,41.2,147.0,0
1.0,299.0,310.1,1705.0,30.1,84.0,0
1.0,300.6,310.4,1407.0,51.1,157.0,0
1.0,302.0,310.9,1456.0,47.2,54.0,0
1.0,301.8,310.6,1552.0,35.9,97.0,0
0.0,297.7,308.8,1515.0,40.1,82.0,0
0.0,296.9,307.7,1464.0,41.4,6.0,0
2.0,298.8,309.2,1372.0,48.5,120.0,0
1.0,297.8,307.9,1726.0,27.3,35.0,0
0.0,303.8,312.5,1523.0,47.0,152.0,0
1.0,298.3,307.7,1717.0,27.1,7.0,0
2.0,298.9,308.8,1621.0,32.7,75.0,0
0.0,302.0,310.4,1464.0,47.2,159.0,0
0.0,300.3,311.1,1480.0,46.6,185.0,0
0.0,297.0,308.1,1362.0,52.5,213.0,1
0.0,304.2,313.4,1568.0,37.6,25.0,0
1.0,302.2,311.1,1516.0,33.7,158.0,0
1.0,299.8,309.2,1372.0,58.2,65.0,0
0.0,302.3,311.5,1448.0,49.6,28.0,0
1.0,298.1,307.6,2066.0,19.2,150.0,0
2.0,299.2,310.6,1704.0,30.6,160.0,0
0.0,298.8,310.1,1653.0,30.3,119.0,0
0.0,298.2,308.9,1683.0,31.7,74.0,0
1.0,298.9,309.8,1947.0,21.7,105.0,0
0.0,298.0,308.6,1430.0,57.0,43.0,0
0.0,302.0,310.6,1392.0,50.0,84.0,0
0.0,304.2,313.4,1482.0,41.4,32.0,0
0.0,300.6,310.9,1344.0,46.7,133.0,0
2.0,300.5,309.4,1502.0,34.3,40.0,0
0.0,298.2,307.8,1575.0,35.0,137.0,0
0.0,300.5,309.6,1366.0,50.2,219.0,0
0.0,300.4,309.6,1379.0,54.5,122.0,0
1.0,300.7,309.5,1445.0,46.4,24.0,0
0.0,298.6,309.8,1370.0,56.0,0.0,0
0.0,300.6,309.3,1409.0,38.7,115.0,0
1.0,298.1,308.0,1543.0,41.9,73.0,0
0.0,298.8,308.4,1737.0,27.7,130.0,0
1.0,299.8,309.5,1453.0,43.2,153.0,0
1.0,302.6,310.5,1965.0,20.2,40.0,0
0.0,303.5,312.3,1946.0,21.1,112.0,0
0.0,299.1,310.6,1326.0,49.7,78.0,0
0.0,300.3,311.6,1374.0,47.4,197.0,0
1.0,303.0,312.5,1524.0,42.1,76.0,0
2.0,300.6,311.7,1500.0,36.7,17.0,0
2.0,300.8,310.5,1559.0,40.1,220.0,0
1.0,302.3,310.8,1611.0,31.8,169.0,0
2.0,299.4,309.3,1743.0,28.2,0.0,0
0.0,301.5,310.8,1785.0,25.5,120.0,0
0.0,302.4,310.8,1686.0,28.8,150.0,0
0.0,300.3,309.6,1568.0,39.6,85.0,0
1.0,298.4,309.2,1414.0,46.4,128.0,0
0.0,300.6,310.0,1505.0,35.9,95.0,0
0.0,299.3,308.7,1408.0,48.7,85.0,0
1.0,295.6,306.1,1490.0,42.7,171.0,0
0.0,300.3,309.6,1537.0,37.1,187.0,0
0.0,302.5,311.6,1419.0,43.7,39.0,0
0.0,300.5,311.9,1511.0,41.8,205.0,0
0.0,299.2,309.1,1468.0,45.6,2.0,0
0.0,298.5,309.1,1474.0,41.3,189.0,0
0.0,299.6,309.2,1450.0,43.1,160.0,0
0.0,297.4,309.2,1274.0,54.3,121.0,0
0.0,298.4,309.4,1540.0,43.2,141.0,0
1.0,300.8,310.2,1598.0,36.5,195.0,0
1.0,300.7,311.7,1504.0,36.9,229.0,0
0.0,303.7,312.3,1375.0,46.2,98.0,0
0.0,304.0,313.1,1465.0,41.0,69.0,0
2.0,301.1,310.0,1470.0,40.1,23.0,0
0.0,298.9,308.7,1546.0,43.4,114.0,0
0.0,300.5,312.0,1646.0,29.5,106.0,0
1.0,302.7,311.8,1728.0,30.0,12.0,0
0.0,303.8,312.7,1838.0,27.8,181.0,0
0.0,301.0,311.1,1615.0,35.6,158.0,0
1.0,298.2,309.0,1508.0,40.5,192.0,0
1.0,300.5,311.8,1636.0,34.4,2.0,0
0.0,297.3,308.7,1492.0,43.6,189.0,0
0.0,300.3,309.6,1593.0,38.1,140.0,0
0.0,301.0,310.4,1614.0,31.6,84.0,0
0.0,300.7,311.7,1910.0,19.7,13.0,0
0.0,299.3,308.5,1413.0,38.5,57.0,0
0.0,302.6,311.5,1609.0,36.0,162.0,0
0.0,299.1,310.6,1818.0,24.1,173.0,0
0.0,299.5,309.3,1462.0,46.7,7.0,0
0.0,298.2,308.7,2186.0,17.8,31.0,0
0.0,297.5,308.6,1437.0,43.3,34.0,0
0.0,299.8,311.3,1727.0,30.0,24.0,0
0.0,298.9,310.0,1564.0,33.8,183.0,0
0.0,298.8,310.2,1814.0,26.8,204.0,0
1.0,296.2,307.0,1516.0,37.6,25.0,0
1.0,298.9,310.0,1520.0,35.6,48.0,0
1.0,301.4,310.0,1651.0,29.8,44.0,0
0.0,298.0,308.5,1713.0,25.3,124.0,0
1.0,300.7,311.1,1608.0,35.3,167.0,0
0.0,299.9,309.0,1553.0,40.0,88.0,0
0.0,302.2,310.9,1506.0,34.0,49.0,0
0.0,300.8,312.6,1376.0,53.6,119.0,0
0.0,301.2,310.3,1548.0,38.6,59.0,0
1.0,298.0,308.7,1494.0,42.6,96.0,0
0.0,300.9,310.6,1350.0,53.8,131.0,0
1.0,298.7,309.9,1458.0,40.2,137.0,0
1.0,298.1,307.9,1377.0,55.1,42.0,0
0.0,301.4,311.0,1701.0,28.4,127.0,0
0.0,302.2,310.0,1483.0,48.7,20.0,0
0.0,298.5,308.2,1301.0,66.3,42.0,1
1.0,298.0,308.1,1403.0,44.8,148.0,0
0.0,298.9,310.3,1484.0,43.8,124.0,0
2.0,301.3,310.8,1434.0,39.5,18.0,0
0.0,301.2,311.2,1558.0,34.1,204.0,0
2.0,297.6,309.0,1885.0,25.2,24.0,0
0.0,295.7,306.5,1737.0,26.2,97.0,0
0.0,300.6,309.6,1290.0,57.4,119.0,0
0.0,301.7,311.0,1715.0,24.8,17.0,0
0.0,303.5,312.8,1524.0,39.4,96.0,0
2.0,300.3,309.5,1438.0,44.0,59.0,0
0.0,297.4,308.4,1394.0,50.1,213.0,0
0.0,297.9,308.8,1613.0,31.4,57.0,0
0.0,297.9,309.5,1390.0,47.9,127.0,0
0.0,301.7,311.2,1589.0,37.9,75.0,0
2.0,303.5,312.8,1404.0,55.8,84.0,0
0.0,301.6,310.6,1478.0,36.6,218.0,0
0.0,298.7,309.9,1404.0,47.1,64.0,0
0.0,298.8,309.9,1629.0,31.9,49.0,0
0.0,299.0,308.8,1495.0,38.4,75.0,0
0.0,303.5,312.0,1366.0,54.5,30.0,1
0.0,300.4,309.7,1384.0,45.1,159.0,0
1.0,297.6,308.6,1585.0,42.0,90.0,0
0.0,298.6,309.3,1449.0,46.5,26.0,0
1.0,301.6,310.6,1553.0,38.9,0.0,0
2.0,300.3,311.7,1432.0,47.7,61.0,0
0.0,300.2,311.5,1492.0,41.8,128.0,0
2.0,300.3,311.5,1464.0,41.0,29.0,0
1.0,298.1,308.5,1372.0,51.1,116.0,0
0.0,301.8,310.5,1548.0,34.1,93.0,0
0.0,301.5,309.8,1549.0,38.5,81.0,0
1.0,297.4,308.8,1573.0,33.9,123.0,0
0.0,298.4,308.1,1395.0,44.0,92.0,0
1.0,298.4,309.7,1870.0,22.5,170.0,0
1.0,300.7,311.8,1407.0,42.4,224.0,0
2.0,300.6,311.1,1452.0,40.2,28.0,0
2.0,301.1,311.1,1618.0,29.5,160.0,0
0.0,298.0,308.6,1532.0,42.6,54.0,0
2.0,298.5,307.9,1260.0,54.2,141.0,0
0.0,300.6,309.4,1471.0,44.1,244.0,0
0.0,298.3,308.6,1584.0,29.3,162.0,0
1.0,298.1,307.8,1503.0,44.7,54.0,0
0.0,301.7,309.8,1398.0,46.0,109.0,0
0.0,304.0,313.0,1407.0,42.1,5.0,0
1.0,303.8,312.7,1488.0,41.3,175.0,0
0.0,302.1,310.7,1314.0,52.8,8.0,1
0.0,298.5,309.9,1482.0,42.1,15.0,0
0.0,298.1,309.0,1557.0,36.0,56.0,0
1.0,303.4,312.0,1748.0,28.4,200.0,0
0.0,298.2,308.7,1408.0,40.0,9.0,0
0.0,300.5,309.8,1507.0,42.5,117.0,0
0.0,301.6,310.1,1694.0,26.3,14.0,0
0.0,298.1,307.9,1614.0,35.8,196.0,0
0.0,300.1,309.2,1533.0,37.0,101.0,0
1.0,299.6,310.9,1530.0,38.8,198.0,0
1.0,298.0,308.2,1373.0,51.2,215.0,0
0.0,302.2,311.7,1330.0,54.6,154.0,0
0.0,298.8,310.6,1602.0,39.1,211.0,0
1.0,298.8,308.5,1577.0,33.2,0.0,0
1.0,301.3,311.2,1438.0,42.4,7.0,0
1.0,301.8,310.2,1437.0,42.3,0.0,0
1.0,297.4,308.2,1401.0,51.9,117.0,0
0.0,297.3,308.3,1430.0,41.9,95.0,0
0.0,298.6,309.8,1497.0,41.6,118.0,0
0.0,302.3,311.2,1758.0,24.4,68.0,0
1.0,299.8,310.3,1805.0,23.7,198.0,0
1.0,299.1,308.3,1506.0,38.0,125.0,0
2.0,298.8,308.6,1524.0,37.7,170.0,0
0.0,298.6,308.4,1310.0,59.7,40.0,0
1.0,302.4,311.8,1453.0,42.1,105.0,0
0.0,298.3,307.6,1942.0,20.6,176.0,0
0.0,298.2,307.9,1399.0,54.9,139.0,0
0.0,301.2,310.4,1470.0,44.0,113.0,0
2.0,299.2,308.5,1342.0,47.5,147.0,0
1.0,297.7,309.4,1461.0,43.7,142.0,0
2.0,298.3,310.0,1419.0,47.1,105.0,0
1.0,303.7,312.4,1540.0,37.4,146.0,0
0.0,296.1,306.7,1409.0,42.8,134.0,0
0.0,298.3,308.1,1505.0,46.1,80.0,0
0.0,298.5,309.2,1983.0,20.2,114.0,0
0.0,300.9,310.9,1755.0,27.9,148.0,0
0.0,298.0,307.8,1414.0,51.7,140.0,0
2.0,299.4,308.6,1542.0,41.8,166.0,0
2.0,301.0,310.1,1454.0,44.1,217.0,0
1.0,302.4,311.4,1508.0,41.2,60.0,0
2.0,296.4,307.5,1596.0,35.1,75.0,0
2.0,299.0,309.9,1884.0,25.6,100.0,0
2.0,302.3,310.2,1506.0,33.8,43.0,0
0.0,297.2,308.7,1509.0,39.3,66.0,0
0.0,298.1,309.2,1802.0,26.9,83.0,0
1.0,298.2,308.0,1577.0,35.9,151.0,0
1.0,303.0,311.2,1460.0,43.9,103.0,0
0.0,300.7,311.8,1443.0,43.7,217.0,0
1.0,297.5,309.4,1678.0,34.4,148.0,0
0.0,302.3,311.3,1324.0,47.8,131.0,0
1.0,298.2,308.9,1408.0,38.8,20.0,0
1.0,301.2,310.4,1382.0,41.6,117.0,0
0.0,299.1,310.5,1471.0,38.4,146.0,0
0.0,300.9,311.3,1613.0,32.7,170.0,0
0.0,298.2,308.4,1355.0,49.4,209.0,0
1.0,298.7,309.5,1500.0,38.8,116.0,0
1.0,301.2,311.1,1574.0,34.3,4.0,0
1.0,298.3,308.1,1630.0,32.7,83.0,0
0.0,299.6,309.2,1559.0,39.1,110.0,0
0.0,298.2,308.4,1310.0,61.0,189.0,1
1.0,299.0,310.4,1394.0,45.2,122.0,0
1.0,297.7,309.0,1636.0,29.7,32.0,0
1.0,301.8,311.1,1597.0,29.8,177.0,0
0.0,298.6,309.9,1356.0,59.5,34.0,0
0.0,298.2,309.0,1377.0,57.8,8.0,0
2.0,304.1,313.3,1397.0,49.6,34.0,0
1.0,298.7,310.1,1506.0,50.7,53.0,0
0.0,300.5,309.8,1345.0,62.7,153.0,0
1.0,300.0,310.5,1790.0,25.7,123.0,0
0.0,298.1,309.0,1559.0,34.0,54.0,0
0.0,298.1,308.0,1697.0,31.0,164.0,0
2.0,300.9,309.5,1469.0,43.4,126.0,0
0.0,300.5,310.8,1728.0,26.3,125.0,0
0.0,299.4,308.7,1512.0,37.2,126.0,0
1.0,301.2,310.7,1426.0,46.1,67.0,0
2.0,300.2,311.4,1319.0,54.6,15.0,0
0.0,298.6,309.4,1447.0,40.2,173.0,0
0.0,297.3,308.3,1411.0,43.2,63.0,0
0.0,301.0,312.1,1405.0,46.1,79.0,0
0.0,302.5,310.5,1463.0,43.0,189.0,0
0.0,297.4,308.8,1620.0,33.4,186.0,0
1.0,298.8,309.7,2098.0,19.0,133.0,0
0.0,302.4,310.4,1456.0,47.6,127.0,0
0.0,299.6,310.1,1487.0,42.9,42.0,0
1.0,298.6,309.5,1366.0,55.0,65.0,0
0.0,298.8,309.8,1493.0,38.5,132.0,0
0.0,300.4,311.5,1441.0,44.6,96.0,0
0.0,298.9,308.7,1729.0,26.6,73.0,0
0.0,298.9,309.6,1365.0,50.9,183.0,0
1.0,302.2,310.9,1302.0,53.4,58.0,0
0.0,299.4,309.3,1525.0,41.5,30.0,0
0.0,297.4,308.6,1532.0,38.7,136.0,0
0.0,299.3,309.2,1511.0,37.2,129.0,0
1.0,297.0,307.9,1569.0,33.3,141.0,0
0.0,298.3,308.5,1453.0,42.9,89.0,0
0.0,300.1,310.0,1511.0,41.7,186.0,0
2.0,302.3,311.7,1449.0,44.5,152.0,0
1.0,300.3,311.4,1554.0,34.3,99.0,0
0.0,301.1,310.1,1489.0,45.8,42.0,0
0.0,299.9,309.5,1779.0,26.1,169.0,0
2.0,298.6,308.4,1407.0,50.5,164.0,0
1.0,300.0,309.3,2293.0,16.3,170.0,0
0.0,302.2,310.8,2203.0,16.6,47.0,0
1.0,299.4,309.1,1440.0,50.0,134.0,0
0.0,298.8,309.8,1508.0,36.3,69.0,0
0.0,297.7,307.6,1921.0,22.9,68.0,0
0.0,299.6,311.0,1574.0,35.0,133.0,0
1.0,298.3,309.0,1505.0,41.3,93.0,0
1.0,298.7,308.5,1360.0,52.9,69.0,0
0.0,302.2,311.2,1381.0,49.4,207.0,0
0.0,299.1,310.0,1394.0,46.6,27.0,0
0.0,297.0,307.8,1683.0,32.3,197.0,0
1.0,298.4,308.2,1610.0,35.0,24.0,0
0.0,297.2,308.5,1513.0,42.9,212.0,0
1.0,300.1,310.1,1443.0,49.3,61.0,0
0.0,302.2,310.8,1383.0,46.9,45.0,0
1.0,298.8,309.2,1452.0,48.6,98.0,0
0.0,302.3,311.2,1549.0,40.6,66.0,0
0.0,298.5,309.5,1738.0,25.2,49.0,0
0.0,301.4,310.3,2203.0,16.6,169.0,0
0.0,300.5,309.3,1373.0,48.8,211.0,0
0.0,300.3,310.5,1522.0,39.1,217.0,0
0.0,297.3,308.4,1513.0,40.5,25.0,0
0.0,303.9,312.7,1602.0,33.9,165.0,0
0.0,304.2,313.6,1411.0,46.0,149.0,0
1.0,299.1,308.9,1476.0,42.7,225.0,0
2.0,299.9,311.2,1364.0,49.6,50.0,0
0.0,300.1,309.2,1441.0,42.9,148.0,0
0.0,300.2,309.5,1356.0,51.1,133.0,0
0.0,296.7,307.7,1927.0,23.9,112.0,0
0.0,298.4,309.2,1583.0,35.4,112.0,0
0.0,300.5,309.9,1382.0,46.5,134.0,0
1.0,297.3,308.7,1447.0,44.5,105.0,0
2.0,302.2,311.2,1692.0,28.2,122.0,0
0.0,298.9,308.8,1529.0,32.7,53.0,0
1.0,301.4,310.6,1565.0,36.1,110.0,0
1.0,298.9,308.6,1425.0,49.6,35.0,0
0.0,302.1,311.2,1369.0,50.8,164.0,0
0.0,303.4,311.5,1414.0,44.8,71.0,0
0.0,298.3,309.6,1420.0,44.1,197.0,0
0.0,300.2,309.5,1343.0,50.2,98.0,0
1.0,302.2,311.3,1510.0,37.1,10.0,0
2.0,297.2,308.1,1770.0,27.2,140.0,0
2.0,299.7,309.2,1691.0,27.7,203.0,0
1.0,300.1,311.6,1433.0,51.4,76.0,0
0.0,299.9,310.4,1470.0,50.0,148.0,0
0.0,298.2,308.4,1478.0,42.9,183.0,0
1.0,298.0,308.2,1466.0,42.6,2.0,0
1.0,299.0,310.3,1662.0,33.6,67.0,0
0.0,297.2,308.6,1578.0,34.4,76.0,0
1.0,300.2,311.6,1513.0,40.8,157.0,0
2.0,300.9,312.0,2129.0,17.8,173.0,0
0.0,299.0,310.4,1371.0,53.8,228.0,1
1.0,299.6,309.0,1539.0,36.1,76.0,0
2.0,298.9,309.9,1376.0,51.0,32.0,0
0.0,300.3,309.2,1587.0,31.4,43.0,0
1.0,303.3,312.4,1505.0,38.9,68.0,0
1.0,298.4,308.7,1421.0,60.7,119.0,1
1.0,300.6,310.9,1702.0,30.3,91.0,0
0.0,301.7,310.5,1377.0,43.1,183.0,0
0.0,300.1,310.5,1394.0,44.3,121.0,0
0.0,297.5,308.9,1738.0,24.0,195.0,0
2.0,298.9,309.3,1375.0,42.7,58.0,0
0.0,298.2,309.0,1596.0,37.2,87.0,0
1.0,298.1,308.6,1716.0,30.7,119.0,0
1.0,303.3,311.4,1395.0,59.1,4.0,0
2.0,298.2,308.8,1606.0,39.9,53.0,0
0.0,299.0,309.9,1373.0,55.7,201.0,1
2.0,298.9,308.7,1353.0,48.1,79.0,0
0.0,296.8,307.6,1513.0,40.0,130.0,0
0.0,297.9,308.5,1519.0,34.3,61.0,0
1.0,298.7,309.6,1455.0,46.8,162.0,0
0.0,300.6,310.0,1455.0,40.4,172.0,0
0.0,302.4,311.8,1493.0,38.4,132.0,0
0.0,300.0,311.5,1445.0,41.6,81.0,0
1.0,302.6,311.0,1589.0,39.0,122.0,0
0.0,302.6,311.5,1442.0,59.8,169.0,1
1.0,297.7,308.1,1469.0,48.8,183.0,0
1.0,301.3,310.7,1300.0,58.3,92.0,0
1.0,301.0,311.5,1530.0,43.9,165.0,0
0.0,300.1,311.3,1535.0,42.3,92.0,0
0.0,301.3,310.6,1458.0,48.0,104.0,0
0.0,298.3,309.0,1657.0,32.2,179.0,0
0.0,298.7,309.6,1364.0,44.9,106.0,0
1.0,301.8,309.9,1334.0,61.0,182.0,1
0.0,301.8,310.7,1551.0,37.7,64.0,0
0.0,296.2,307.2,1382.0,52.0,201.0,0
1.0,298.3,308.0,1463.0,42.5,190.0,0
0.0,301.4,311.1,1952.0,22.7,131.0,0
0.0,300.3,311.6,1560.0,37.7,107.0,0
0.0,299.5,308.7,2549.0,13.0,179.0,1
0.0,300.9,312.7,1416.0,43.8,112.0,0
1.0,300.3,309.5,1405.0,49.4,77.0,0
0.0,299.3,308.8,1636.0,29.9,201.0,0
0.0,298.8,310.6,1651.0,33.3,0.0,0
1.0,298.8,309.6,1692.0,31.9,167.0,0
0.0,298.1,307.6,1460.0,46.5,143.0,0
1.0,298.1,308.5,1463.0,45.9,3.0,0
2.0,298.6,309.5,1420.0,50.4,82.0,0
0.0,301.7,311.0,1503.0,44.8,134.0,0
1.0,301.1,311.1,1592.0,35.7,174.0,0
0.0,298.2,308.0,1535.0,38.0,179.0,0
0.0,298.6,310.0,1522.0,40.3,32.0,0
1.0,298.1,308.9,1479.0,43.4,105.0,0
0.0,298.4,309.7,1457.0,44.2,175.0,0
0.0,298.6,309.7,1627.0,33.4,99.0,0
0.0,303.8,312.9,1819.0,23.7,16.0,0
0.0,300.6,310.1,1541.0,42.0,23.0,0
0.0,298.0,309.9,1403.0,47.7,43.0,0
0.0,298.5,309.4,1360.0,60.9,187.0,1
0.0,301.0,310.9,1404.0,41.8,71.0,0
1.0,295.8,306.6,1480.0,43.2,92.0,0
0.0,295.5,306.0,1456.0,39.2,167.0,0
0.0,302.0,311.0,1566.0,37.8,218.0,0
0.0,297.8,309.7,1935.0,22.1,171.0,0
1.0,300.6,310.6,1463.0,45.5,196.0,0
0.0,300.8,310.5,1482.0,39.0,47.0,0
0.0,296.7,307.8,1400.0,47.5,3.0,0
1.0,298.7,309.9,1654.0,29.1,195.0,0
1.0,299.8,309.2,1678.0,29.8,202.0,0
1.0,300.7,310.6,1418.0,46.3,84.0,0
0.0,303.6,312.0,1391.0,50.3,101.0,0
0.0,300.7,311.8,1441.0,38.1,34.0,0
2.0,302.0,309.9,1606.0,34.5,156.0,0
0.0,300.5,312.0,1415.0,44.6,23.0,0
0.0,301.8,309.5,1525.0,39.6,227.0,0
0.0,298.6,309.1,1537.0,35.7,198.0,0
2.0,298.0,309.4,1490.0,40.5,53.0,0
0.0,301.9,309.8,1507.0,44.7,131.0,0
0.0,297.5,308.7,1407.0,42.5,145.0,0
2.0,298.2,308.4,1678.0,34.6,81.0,0
0.0,298.6,309.8,1637.0,34.6,207.0,0
0.0,298.4,308.9,1706.0,29.5,107.0,0
1.0,303.6,311.8,1627.0,30.8,104.0,0
0.0,302.4,311.8,1433.0,42.2,134.0,0
0.0,297.9,307.6,1504.0,42.4,180.0,0
1.0,301.0,312.2,1499.0,41.5,140.0,0
1.0,298.0,309.0,1439.0,38.5,34.0,0
1.0,298.2,308.7,1599.0,36.2,28.0,0
1.0,297.5,308.1,1469.0,44.8,5.0,0
0.0,298.4,309.3,1545.0,36.9,3.0,0
0.0,298.2,308.1,1618.0,34.7,39.0,0
2.0,299.5,309.2,1872.0,22.6,162.0,0
1.0,301.5,310.5,1774.0,25.5,121.0,0
2.0,299.1,310.6,1791.0,28.0,168.0,0
1.0,302.3,311.0,1521.0,34.8,72.0,0
0.0,298.3,308.9,1270.0,52.7,44.0,0
1.0,299.2,310.0,1349.0,50.4,226.0,0
0.0,298.9,310.0,1693.0,28.8,56.0,0
0.0,298.4,308.6,1609.0,35.0,103.0,0
0.0,300.1,310.5,1492.0,50.9,111.0,0
0.0,301.8,310.7,1523.0,43.3,60.0,0
1.0,300.7,310.6,2006.0,19.1,102.0,0
1.0,299.1,310.2,1456.0,48.4,101.0,0
0.0,300.9,310.3,1446.0,44.5,135.0,0
2.0,302.9,312.3,1509.0,46.8,175.0,0
1.0,300.7,311.0,1263.0,52.3,104.0,0
0.0,300.1,311.4,1356.0,45.7,149.0,0
0.0,298.3,309.9,1507.0,41.6,112.0,0
0.0,300.8,311.3,1782.0,26.9,116.0,0
0.0,299.7,310.4,1614.0,36.2,108.0,0
0.0,300.6,310.2,1447.0,45.9,17.0,0
0.0,299.0,309.4,1693.0,30.1,84.0,0
1.0,301.5,310.5,1737.0,29.3,114.0,0
0.0,300.9,311.4,2073.0,21.4,105.0,0
0.0,300.5,310.8,1445.0,46.6,155.0,0
0.0,303.8,312.6,1577.0,41.3,134.0,0
0.0,302.4,311.0,1610.0,33.1,161.0,0
1.0,297.2,308.5,1364.0,54.0,43.0,0
0.0,298.2,309.0,1780.0,29.3,91.0,0
1.0,298.3,309.4,1816.0,22.6,138.0,0
1.0,298.2,307.7,1608.0,33.8,106.0,0
0.0,301.9,310.9,1542.0,36.7,101.0,0
2.0,300.8,311.4,1453.0,44.6,38.0,0
0.0,300.7,310.6,1720.0,30.3,96.0,0
1.0,296.0,306.7,2044.0,22.3,48.0,0
0.0,300.7,312.3,1715.0,26.8,146.0,0
2.0,300.8,311.9,1431.0,48.5,25.0,0
1.0,300.8,310.9,1678.0,28.1,63.0,0
0.0,303.0,312.7,1551.0,41.8,111.0,0
0.0,298.3,308.0,1442.0,47.3,65.0,0
0.0,297.1,308.4,1543.0,39.6,205.0,0
1.0,297.7,308.9,1531.0,48.3,84.0,0
0.0,300.7,310.8,1814.0,21.4,59.0,0
0.0,301.0,310.4,1563.0,34.4,124.0,0
1.0,301.3,311.1,1834.0,25.4,22.0,0
0.0,301.2,309.9,1643.0,32.9,171.0,0
1.0,301.0,311.5,1550.0,34.9,162.0,0
1.0,301.5,310.1,1468.0,40.8,32.0,0
0.0,299.0,309.1,1592.0,35.0,200.0,0
1.0,298.8,310.2,1581.0,37.5,75.0,0
1.0,299.9,309.2,1539.0,43.2,132.0,0
0.0,303.1,311.2,1394.0,45.3,144.0,0
1.0,300.0,309.1,1624.0,30.8,155.0,0
0.0,297.5,308.5,1373.0,39.9,110.0,0
2.0,297.3,308.3,1506.0,37.0,54.0,0
0.0,302.1,311.3,1415.0,44.1,43.0,0
0.0,297.2,308.3,1805.0,25.6,103.0,0
0.0,301.3,310.8,1531.0,53.4,57.0,0
0.0,302.0,311.1,1635.0,36.0,23.0,0
0.0,298.0,308.7,1443.0,49.3,52.0,0
0.0,298.5,309.4,1560.0,37.9,37.0,0
0.0,298.2,307.8,1515.0,46.7,74.0,0
0.0,299.5,309.1,1336.0,42.1,217.0,0
0.0,298.2,307.8,1804.0,25.1,108.0,0
0.0,301.5,310.5,1534.0,39.3,119.0,0
0.0,300.7,309.5,1461.0,49.9,0.0,0
0.0,300.8,311.0,1578.0,44.4,86.0,0
0.0,300.1,310.5,1494.0,44.2,117.0,0
0.0,298.6,309.8,1469.0,42.8,205.0,0
0.0,297.4,308.4,2151.0,17.7,0.0,0
0.0,298.2,309.4,1447.0,47.1,185.0,0
0.0,298.8,309.5,1368.0,44.7,147.0,0
1.0,299.1,309.5,1339.0,48.2,86.0,0
2.0,297.6,308.6,1480.0,39.8,19.0,0
1.0,302.0,311.3,1530.0,36.4,27.0,0
0.0,298.7,309.0,1565.0,35.1,152.0,0
0.0,300.9,310.6,1538.0,36.7,3.0,0
0.0,301.5,310.4,1629.0,34.1,151.0,0
0.0,300.9,310.5,1565.0,35.9,81.0,0
0.0,300.2,311.3,1487.0,36.9,71.0,0
1.0,302.2,310.8,1562.0,38.1,78.0,0
1.0,303.2,311.2,1688.0,31.9,33.0,0
0.0,300.6,310.3,1484.0,41.0,213.0,0
0.0,300.0,309.6,1618.0,28.7,53.0,0
0.0,300.8,310.2,1520.0,37.7,193.0,0
0.0,299.0,308.7,1396.0,48.6,0.0,0
0.0,304.1,313.1,1556.0,36.3,86.0,0
0.0,300.3,311.5,1403.0,60.1,58.0,0
0.0,302.3,311.6,1658.0,32.3,150.0,0
1.0,303.4,312.9,1307.0,54.3,68.0,0
0.0,300.8,311.2,1481.0,38.5,181.0,0
0.0,300.2,309.5,1436.0,48.8,135.0,0
0.0,299.4,309.1,1432.0,45.4,137.0,0
0.0,297.8,308.4,1714.0,33.2,177.0,0
0.0,300.6,310.2,1622.0,34.1,3.0,0
0.0,302.3,311.8,1369.0,56.2,208.0,1
1.0,300.0,311.4,1864.0,23.3,2.0,0
1.0,297.1,308.1,1506.0,37.7,210.0,0
0.0,297.8,309.0,1340.0,56.9,6.0,0
1.0,297.4,308.6,1522.0,38.0,33.0,0
0.0,296.2,307.2,1445.0,41.8,20.0,0
1.0,298.4,309.3,1390.0,53.6,5.0,0
0.0,300.7,310.7,1431.0,39.3,22.0,0
0.0,298.9,308.9,1450.0,47.5,9.0,0
0.0,301.5,311.1,1426.0,52.1,121.0,0
1.0,298.2,308.9,1414.0,44.3,68.0,0
1.0,297.5,308.2,1713.0,32.2,17.0,0
1.0,296.8,307.4,1455.0,49.9,102.0,0
0.0,301.8,310.3,1688.0,28.8,31.0,0
0.0,300.1,311.5,1454.0,52.4,90.0,0
1.0,300.4,310.2,1671.0,30.5,234.0,1
1.0,300.5,311.8,1591.0,42.0,182.0,0
2.0,300.9,312.0,1397.0,42.7,212.0,0
1.0,300.5,309.8,1566.0,35.9,204.0,0
2.0,299.2,308.6,1462.0,55.0,163.0,0
1.0,298.3,309.1,1488.0,40.6,176.0,0
0.0,302.7,312.2,1447.0,47.5,166.0,0
0.0,301.5,310.4,1543.0,34.0,55.0,0
1.0,297.3,308.1,1709.0,30.6,196.0,0
0.0,299.7,309.2,1645.0,30.8,137.0,0
2.0,302.7,310.5,1568.0,36.9,28.0,0
2.0,300.0,311.4,1641.0,34.5,155.0,0
1.0,300.1,309.4,1349.0,56.2,127.0,0
1.0,297.4,308.2,1530.0,32.6,22.0,0
0.0,300.0,310.4,1333.0,49.1,131.0,0
2.0,298.1,308.5,1392.0,44.8,111.0,0
0.0,301.3,310.0,1665.0,31.4,0.0,0
0.0,301.0,310.7,1391.0,45.0,123.0,0
0.0,298.4,308.7,1386.0,44.9,135.0,0
0.0,299.9,309.2,1624.0,34.6,105.0,0
1.0,298.6,309.1,1587.0,37.3,203.0,0
2.0,303.7,312.8,1488.0,42.8,54.0,0
1.0,302.3,311.2,1432.0,42.7,68.0,0
1.0,302.2,311.2,1471.0,41.9,166.0,0
0.0,297.7,308.4,1740.0,27.1,136.0,0
0.0,300.4,311.1,1405.0,54.1,193.0,0
0.0,301.6,310.1,1326.0,48.2,77.0,1
0.0,296.9,307.6,1452.0,45.7,122.0,0
0.0,300.4,309.5,1525.0,51.3,4.0,0
0.0,299.8,309.7,1707.0,29.1,94.0,0
1.0,300.2,309.4,1459.0,43.9,39.0,0
1.0,298.3,308.4,1539.0,43.4,69.0,0
0.0,299.6,310.2,1381.0,60.5,13.0,0
0.0,301.9,310.5,1340.0,55.7,204.0,1
1.0,301.9,310.6,1260.0,65.9,29.0,0
0.0,298.1,308.9,1313.0,50.6,108.0,0
0.0,301.6,310.6,1506.0,43.4,222.0,0
2.0,301.3,310.1,1455.0,44.1,188.0,0
0.0,300.4,311.7,1513.0,40.0,51.0,0
0.0,297.9,307.7,1567.0,34.7,74.0,0
0.0,298.2,308.7,1407.0,45.1,49.0,0
0.0,299.6,310.1,2057.0,20.4,60.0,0
0.0,298.9,309.1,2861.0,4.6,143.0,1
0.0,297.0,307.8,1583.0,37.2,189.0,0
0.0,300.8,311.9,1414.0,41.1,171.0,0
1.0,302.1,310.8,1409.0,41.3,39.0,0
0.0,299.9,309.6,1280.0,59.3,163.0,0
1.0,298.8,308.6,1707.0,28.1,103.0,0
2.0,300.1,311.6,1674.0,29.6,85.0,0
1.0,300.5,309.8,1473.0,42.3,121.0,0
0.0,302.9,312.3,1530.0,34.9,185.0,0
0.0,298.9,308.6,2069.0,18.7,27.0,0
2.0,299.3,309.0,1425.0,40.6,123.0,0
0.0,303.5,312.4,1340.0,44.5,76.0,0
0.0,297.8,308.9,1518.0,40.4,2.0,0
0.0,297.7,309.6,1480.0,47.9,18.0,0
0.0,300.9,310.5,1599.0,40.5,57.0,0
1.0,301.4,310.6,1459.0,35.0,87.0,0
0.0,301.1,311.2,1564.0,37.0,165.0,0
1.0,301.6,310.4,1377.0,44.9,161.0,0
0.0,299.6,310.9,1533.0,31.8,91.0,0
0.0,300.8,312.5,1423.0,47.3,123.0,0
1.0,300.4,309.8,1430.0,43.4,198.0,0
0.0,298.3,309.4,1468.0,46.2,10.0,0
0.0,302.4,310.9,1560.0,31.8,172.0,0
0.0,299.6,310.8,1393.0,49.9,78.0,0
0.0,303.6,311.8,1614.0,33.2,155.0,0
1.0,298.2,309.0,1723.0,26.6,168.0,0
0.0,297.6,308.3,1658.0,34.3,59.0,0
0.0,298.4,309.3,1395.0,47.6,24.0,0
0.0,298.2,309.0,1413.0,55.0,145.0,0
0.0,303.5,312.4,1390.0,47.3,164.0,0
0.0,297.8,309.0,1403.0,64.2,0.0,1
1.0,298.5,309.6,1492.0,41.7,100.0,0
1.0,298.2,307.9,1403.0,45.1,193.0,0
1.0,299.0,308.9,1526.0,41.1,20.0,0
0.0,300.2,309.8,1418.0,49.3,16.0,0
2.0,300.7,310.2,1364.0,65.3,208.0,1
0.0,297.8,308.4,1622.0,38.3,134.0,0
2.0,301.2,310.9,1798.0,22.3,59.0,0
1.0,302.3,311.7,1504.0,37.3,107.0,0
0.0,299.8,309.6,1374.0,51.6,137.0,0
0.0,299.2,308.5,1381.0,60.6,59.0,0
1.0,304.2,313.4,1713.0,23.5,50.0,0
0.0,303.1,312.5,1453.0,49.1,140.0,0
0.0,297.7,307.1,1715.0,30.2,0.0,0
1.0,297.3,308.7,1451.0,43.8,24.0,0
2.0,300.0,310.5,1558.0,36.7,137.0,0
0.0,299.0,310.1,1375.0,48.9,59.0,0
1.0,301.7,311.1,1618.0,36.7,115.0,0
1.0,297.5,308.4,1505.0,37.2,215.0,0
0.0,300.8,310.7,1358.0,48.1,198.0,0
0.0,299.3,309.1,1496.0,37.2,149.0,0
0.0,298.2,307.8,1439.0,41.6,62.0,0
0.0,297.2,308.6,1774.0,23.0,30.0,0
1.0,299.2,309.0,1541.0,36.3,104.0,0
2.0,298.2,309.0,1524.0,39.1,100.0,0
0.0,300.6,311.9,1413.0,41.3,43.0,0
0.0,296.3,307.2,1637.0,31.6,27.0,0
0.0,298.1,308.6,1527.0,40.2,16.0,0
1.0,302.3,311.0,1541.0,36.6,143.0,0
0.0,300.7,309.5,1467.0,44.3,55.0,0
1.0,301.7,310.7,1861.0,21.8,84.0,0
2.0,301.6,310.4,1330.0,49.5,30.0,0
0.0,302.7,312.1,1688.0,32.0,155.0,0
0.0,297.4,308.5,1501.0,44.9,20.0,0
1.0,295.5,306.0,1641.0,36.6,21.0,0
1.0,297.3,308.5,1520.0,42.4,171.0,0
0.0,300.9,310.0,1671.0,26.8,199.0,0
0.0,299.0,309.9,1630.0,34.0,92.0,0
0.0,300.9,310.4,1541.0,39.1,17.0,0
1.0,298.7,309.7,1629.0,27.9,136.0,0
2.0,301.8,311.1,1463.0,50.1,149.0,0
0.0,302.2,311.6,1462.0,50.0,51.0,0
0.0,297.6,309.3,1543.0,34.3,8.0,0
0.0,297.3,308.6,1511.0,35.7,120.0,0
0.0,301.3,311.3,1474.0,50.7,10.0,0
0.0,299.0,310.1,1362.0,59.5,46.0,0
1.0,302.5,310.5,1507.0,40.2,201.0,0
1.0,300.7,309.7,1435.0,44.7,76.0,0
1.0,301.0,310.7,1517.0,40.2,171.0,0
2.0,297.6,309.6,1428.0,46.6,13.0,0
0.0,301.0,312.3,1424.0,43.5,136.0,0
1.0,299.9,309.4,1509.0,42.8,190.0,0
0.0,302.7,312.2,1450.0,52.1,213.0,1
0.0,300.9,310.4,1788.0,27.8,90.0,0
0.0,303.6,312.4,1781.0,28.7,124.0,0
1.0,298.3,309.5,1560.0,36.9,131.0,0
0.0,299.9,309.5,1451.0,39.4,18.0,0
1.0,302.4,310.1,1577.0,35.8,136.0,0
0.0,297.5,308.4,1489.0,39.5,96.0,0
0.0,295.8,306.5,1358.0,49.2,63.0,0
1.0,300.5,311.4,2072.0,18.8,75.0,0
0.0,297.8,307.2,1351.0,56.3,174.0,0
0.0,300.9,310.8,1729.0,30.2,53.0,0
1.0,297.4,308.6,1604.0,32.8,85.0,0
0.0,298.9,310.2,1304.0,57.2,183.0,0
0.0,298.2,309.1,1350.0,52.0,136.0,0
0.0,301.6,311.1,1680.0,29.2,111.0,0
1.0,300.9,311.0,1567.0,34.3,130.0,0
2.0,298.4,307.9,1700.0,28.2,120.0,0
2.0,301.2,310.5,1505.0,43.6,78.0,0
1.0,297.1,308.4,1615.0,32.6,184.0,0
0.0,300.6,310.6,1497.0,38.2,83.0,0
2.0,299.0,310.2,1637.0,38.0,68.0,0
1.0,297.4,308.8,1359.0,48.7,220.0,0
1.0,301.7,311.0,1510.0,47.8,27.0,0
0.0,303.7,312.5,1397.0,45.7,187.0,0
0.0,304.1,313.3,1732.0,28.5,132.0,0
0.0,299.9,309.4,1363.0,60.9,57.0,0
1.0,300.5,311.8,1331.0,55.3,167.0,0
1.0,303.7,312.4,1474.0,38.8,139.0,0
0.0,301.6,310.8,1726.0,26.7,150.0,0
1.0,299.9,311.4,1480.0,44.9,108.0,0
1.0,300.4,309.8,1517.0,40.3,149.0,0
0.0,297.4,308.3,1465.0,42.0,13.0,0
0.0,297.3,308.1,1763.0,28.4,54.0,0
0.0,300.9,310.7,1477.0,43.2,143.0,0
1.0,302.3,311.7,1639.0,36.6,121.0,0
1.0,302.0,310.6,1392.0,60.5,10.0,0
2.0,299.1,308.8,1553.0,32.6,90.0,0
1.0,300.0,309.2,1635.0,32.4,4.0,0
1.0,298.2,307.8,1578.0,34.5,127.0,0
2.0,302.0,309.8,1280.0,57.3,147.0,1
2.0,300.1,309.3,1448.0,45.8,163.0,0
0.0,303.8,312.8,1443.0,40.7,145.0,0
0.0,296.6,307.6,1542.0,37.4,88.0,0
1.0,297.4,308.9,1376.0,39.0,181.0,0
1.0,300.1,311.3,1495.0,41.0,193.0,0
0.0,297.6,309.1,1503.0,38.9,157.0,0
0.0,300.7,311.8,1603.0,34.1,17.0,0
0.0,302.3,310.9,1377.0,46.8,166.0,1
1.0,300.5,309.4,1655.0,32.1,37.0,0
0.0,301.8,310.6,1522.0,43.8,70.0,0
1.0,298.6,309.4,1460.0,43.8,138.0,0
2.0,300.3,311.7,1655.0,29.9,193.0,0
1.0,301.3,310.6,1499.0,36.1,163.0,0
0.0,298.5,308.8,1670.0,29.6,13.0,0
0.0,298.1,307.6,1950.0,20.3,202.0,0
0.0,298.1,308.6,1439.0,44.9,205.0,0
1.0,298.1,308.9,1804.0,25.1,118.0,0
0.0,302.5,310.2,1563.0,34.8,150.0,0
0.0,303.0,312.5,1626.0,30.5,87.0,0
1.0,300.8,310.8,1461.0,41.3,53.0,0
0.0,300.7,309.6,1810.0,26.0,195.0,0
0.0,297.1,308.2,1402.0,51.2,186.0,0
0.0,300.8,311.7,1426.0,45.5,16.0,0
1.0,300.0,309.3,1407.0,43.9,138.0,0
1.0,301.7,310.7,1627.0,31.3,78.0,0
1.0,298.0,308.9,1339.0,51.4,68.0,0
0.0,299.7,310.2,1458.0,43.4,28.0,0
1.0,297.5,308.6,1349.0,51.5,21.0,0
0.0,297.0,307.8,1521.0,40.2,190.0,0
0.0,300.0,309.5,1869.0,22.7,49.0,0
0.0,302.2,310.4,1743.0,28.1,170.0,0
1.0,303.9,313.2,1624.0,39.8,107.0,0
1.0,298.5,309.5,1315.0,48.9,127.0,0
1.0,302.3,310.9,1710.0,30.4,218.0,1
0.0,301.5,310.8,1367.0,49.0,193.0,0
0.0,302.7,311.1,1440.0,39.5,146.0,0
1.0,299.7,310.6,1572.0,38.0,139.0,0
0.0,297.9,309.1,1507.0,36.9,13.0,0
0.0,297.5,308.4,1747.0,31.0,45.0,0
0.0,302.4,311.0,1475.0,47.9,79.0,0
0.0,295.5,306.0,1800.0,27.6,208.0,0
1.0,301.7,311.1,1489.0,41.4,108.0,0
0.0,298.4,309.2,1425.0,45.5,11.0,0
1.0,297.9,307.6,1519.0,44.0,37.0,0
0.0,303.4,312.8,1360.0,50.8,94.0,0
2.0,299.2,310.5,1329.0,48.9,30.0,0
1.0,302.3,310.1,1563.0,37.8,31.0,0
1.0,300.0,311.4,1537.0,35.4,120.0,0
1.0,300.7,310.8,1452.0,47.9,77.0,0
2.0,302.8,312.3,1483.0,47.2,223.0,0
0.0,297.3,308.6,1273.0,59.8,182.0,0
1.0,298.6,309.7,1635.0,32.2,110.0,0
1.0,297.6,308.7,1408.0,54.8,147.0,0
2.0,300.4,309.6,1571.0,33.6,126.0,0
1.0,300.3,310.2,1442.0,39.5,4.0,0
0.0,301.5,310.7,1435.0,38.5,224.0,0
0.0,298.2,308.4,1666.0,34.6,74.0,0
0.0,298.1,308.7,1683.0,29.1,161.0,0
0.0,299.3,309.2,1465.0,41.5,127.0,0
1.0,303.0,311.1,1490.0,43.0,108.0,0
0.0,298.2,307.9,1551.0,36.0,186.0,0
0.0,300.3,311.8,1746.0,26.3,187.0,0
0.0,299.8,309.1,1668.0,30.3,200.0,0
0.0,303.0,312.5,1461.0,40.2,127.0,0
0.0,297.3,308.7,1592.0,34.4,158.0,0
1.0,303.8,312.4,1597.0,33.4,203.0,0
0.0,301.9,311.2,1369.0,49.8,66.0,0
1.0,297.2,308.5,1604.0,34.9,200.0,0
0.0,300.6,310.2,1318.0,51.0,8.0,0
0.0,298.1,309.9,1629.0,32.5,45.0,0
0.0,297.5,308.8,1477.0,39.0,127.0,0
1.0,302.6,310.5,1420.0,56.4,57.0,0
0.0,300.2,311.6,1827.0,27.0,22.0,0
0.0,299.5,310.7,1472.0,40.9,104.0,0
0.0,299.4,309.0,1660.0,28.4,139.0,0
1.0,304.3,313.5,1416.0,48.1,167.0,0
2.0,299.2,310.1,1542.0,36.1,5.0,0
1.0,299.5,309.2,1590.0,35.9,22.0,0
2.0,298.9,310.1,1458.0,44.3,156.0,0
0.0,300.9,311.0,2235.0,15.8,156.0,0
2.0,303.9,313.2,1680.0,29.1,201.0,0
0.0,299.6,309.2,1601.0,33.3,33.0,0
0.0,300.7,312.3,1898.0,24.0,60.0,0
0.0,300.4,309.9,1376.0,43.5,74.0,0
0.0,297.5,309.4,1803.0,24.7,98.0,0
0.0,299.1,308.8,1429.0,50.1,84.0,0
1.0,299.6,309.1,1435.0,48.4,143.0,0
1.0,300.3,309.2,1490.0,47.9,163.0,0
0.0,300.5,311.9,1432.0,43.1,16.0,0
1.0,301.2,310.8,1734.0,31.3,64.0,0
2.0,296.9,307.7,1656.0,30.8,181.0,0
0.0,303.4,311.8,1401.0,53.0,208.0,1
0.0,301.8,310.6,1395.0,50.5,131.0,0
0.0,295.8,306.4,1356.0,48.0,99.0,0
1.0,302.9,312.4,1334.0,50.9,5.0,0
0.0,302.3,311.8,1281.0,51.7,61.0,0
1.0,298.1,308.2,1654.0,35.3,155.0,0
0.0,302.3,311.3,1652.0,32.8,108.0,0
0.0,301.0,310.6,1641.0,33.4,12.0,0
0.0,302.7,310.7,1977.0,20.0,21.0,0
1.0,303.9,313.2,1608.0,40.6,79.0,0
0.0,297.5,308.9,1427.0,50.4,17.0,0
0.0,295.6,306.2,1424.0,42.5,58.0,0
0.0,299.4,309.1,1957.0,22.1,55.0,0
0.0,297.4,309.1,1380.0,41.1,152.0,0
2.0,299.6,309.1,1630.0,32.3,194.0,0
0.0,299.5,310.9,1496.0,38.5,162.0,0
2.0,296.8,308.1,1492.0,43.7,222.0,0
0.0,300.5,311.6,1661.0,30.0,158.0,0
2.0,300.7,311.9,1329.0,59.2,121.0,0
0.0,301.0,309.9,1507.0,41.8,19.0,0
0.0,296.4,307.5,1331.0,47.8,99.0,0
1.0,300.3,311.9,1677.0,30.8,48.0,0
0.0,300.9,310.7,1517.0,41.7,210.0,0
0.0,297.0,307.6,1680.0,35.8,20.0,0
0.0,297.8,307.8,1396.0,42.5,23.0,0
2.0,297.7,309.7,1570.0,35.8,160.0,0
0.0,298.4,308.5,1741.0,32.8,112.0,0
0.0,302.2,311.3,1382.0,46.4,94.0,0
2.0,299.9,310.3,1535.0,43.9,154.0,0
0.0,300.5,309.8,1663.0,29.1,145.0,1
1.0,297.8,307.8,1310.0,57.9,70.0,0
1.0,300.6,310.7,1654.0,32.0,180.0,0
0.0,300.2,309.5,2183.0,17.8,39.0,0
1.0,299.0,308.2,1358.0,42.7,50.0,0
0.0,298.4,307.9,1981.0,23.2,16.0,0
0.0,302.2,311.7,1412.0,44.5,204.0,0
0.0,301.8,310.6,1372.0,54.7,95.0,0
1.0,299.3,310.5,1563.0,42.1,19.0,0
1.0,302.3,311.8,1475.0,48.0,180.0,0
1.0,301.2,310.3,1379.0,43.2,56.0,0
0.0,302.3,311.8,1487.0,43.2,206.0,0
1.0,298.5,308.0,1363.0,49.2,149.0,0
1.0,303.6,311.9,1617.0,36.0,95.0,0
0.0,300.7,310.7,1416.0,40.4,214.0,0
0.0,301.2,310.9,1416.0,53.3,66.0,0
0.0,300.4,311.6,1200.0,76.6,3.0,1
0.0,298.2,308.0,1658.0,30.0,3.0,0
0.0,300.5,310.0,1521.0,45.1,86.0,0
0.0,299.2,310.5,1384.0,48.7,93.0,0
0.0,297.7,309.3,1559.0,36.9,145.0,0
0.0,297.0,307.8,1396.0,50.0,96.0,0
1.0,300.4,311.7,1511.0,33.0,200.0,0
0.0,295.9,306.4,1892.0,21.7,72.0,0
2.0,302.3,311.7,1482.0,39.0,127.0,0
0.0,300.4,310.4,1298.0,61.4,19.0,0
1.0,301.5,310.5,1412.0,44.1,184.0,0
0.0,299.3,309.1,1493.0,38.0,151.0,0
1.0,302.5,311.1,1638.0,32.0,198.0,0
0.0,300.7,312.3,1548.0,37.9,58.0,0
0.0,300.2,311.6,1446.0,47.3,66.0,0
2.0,297.2,308.5,2440.0,14.0,166.0,0
1.0,302.0,311.1,1769.0,26.0,10.0,0
1.0,300.6,310.5,2156.0,18.0,16.0,0
0.0,303.3,311.4,1630.0,32.5,2.0,0
0.0,300.4,311.1,1487.0,37.4,162.0,0
0.0,298.8,308.8,1523.0,44.4,55.0,0
0.0,298.2,308.4,1379.0,43.1,65.0,0
0.0,299.0,310.4,1565.0,36.1,127.0,0
1.0,300.8,310.8,1520.0,38.0,45.0,0
2.0,301.1,311.6,1417.0,53.4,0.0,0
1.0,299.3,308.4,1438.0,42.3,0.0,0
1.0,297.3,308.3,1697.0,27.4,121.0,0
0.0,302.2,310.8,1744.0,29.7,16.0,0
1.0,300.9,310.6,1709.0,29.2,158.0,0
0.0,303.4,312.3,1502.0,36.0,69.0,0
0.0,302.8,312.4,1376.0,57.1,8.0,0
1.0,301.0,311.0,1423.0,38.6,199.0,0
1.0,299.4,308.7,1289.0,60.5,104.0,0
0.0,298.0,309.2,1527.0,32.4,99.0,0
0.0,298.8,310.0,1487.0,41.4,152.0,0
2.0,296.7,308.1,1528.0,46.3,203.0,0
1.0,301.8,310.7,1309.0,43.3,68.0,0
2.0,297.8,308.4,1550.0,38.2,185.0,0
0.0,298.0,307.6,1385.0,45.0,158.0,0
0.0,300.5,310.0,1451.0,48.6,208.0,0
1.0,298.6,309.5,1566.0,38.1,89.0,0
0.0,302.8,310.8,1516.0,39.5,23.0,0
0.0,298.2,308.1,1462.0,50.8,27.0,0
0.0,298.7,308.5,1668.0,35.2,77.0,0
0.0,301.0,312.2,1601.0,33.0,109.0,0
0.0,299.3,309.0,1511.0,47.8,148.0,0
2.0,298.3,309.1,1484.0,37.0,28.0,0
0.0,298.8,309.1,1378.0,54.4,165.0,0
1.0,297.2,308.5,1364.0,55.6,163.0,0
0.0,301.0,311.6,1470.0,43.4,133.0,0
0.0,300.3,310.4,1336.0,54.4,52.0,0
1.0,298.0,309.0,1562.0,39.2,155.0,0
0.0,302.6,312.3,1512.0,34.2,44.0,0
0.0,302.3,310.9,1620.0,30.3,112.0,0
0.0,300.5,310.3,1336.0,57.1,29.0,0
1.0,297.5,308.6,1440.0,38.8,29.0,0
0.0,300.4,311.2,1351.0,62.0,18.0,0
1.0,301.4,310.7,1375.0,42.0,168.0,0
0.0,303.3,311.4,1511.0,43.4,65.0,0
0.0,302.6,311.6,1576.0,34.7,182.0,0
0.0,303.5,311.7,1959.0,22.3,157.0,0
0.0,301.4,310.8,1362.0,53.2,4.0,0
0.0,301.0,311.2,1363.0,46.3,62.0,0
2.0,303.6,312.4,1480.0,50.7,2.0,0
0.0,297.6,308.5,1572.0,35.9,71.0,0
2.0,298.4,309.3,1694.0,30.9,111.0,0
2.0,298.1,308.0,1570.0,35.3,159.0,0
0.0,301.1,311.3,1268.0,60.0,53.0,0
1.0,301.7,311.2,1563.0,34.5,139.0,0
0.0,298.0,308.4,1472.0,42.0,15.0,0
1.0,302.5,312.0,1521.0,40.2,174.0,0
1.0,300.9,311.1,1546.0,37.7,133.0,0
0.0,299.1,308.6,1260.0,57.8,152.0,0
0.0,300.9,310.9,1477.0,41.5,100.0,0
0.0,298.1,308.7,1642.0,30.3,3.0,0
0.0,302.4,312.0,1621.0,32.5,169.0,0
0.0,300.3,311.8,1360.0,48.0,119.0,0
0.0,300.5,309.8,1461.0,52.5,146.0,0
1.0,300.9,311.8,1843.0,24.5,25.0,0
0.0,297.2,307.9,1580.0,35.8,140.0,0
2.0,299.3,310.0,1373.0,44.8,221.0,0
0.0,301.0,312.2,1776.0,28.8,138.0,0
0.0,297.4,307.9,1606.0,33.4,176.0,0
0.0,299.2,308.4,1475.0,38.7,22.0,0
1.0,297.6,308.4,1569.0,38.3,93.0,0
0.0,299.3,308.7,1393.0,54.2,80.0,0
1.0,297.4,308.6,1528.0,29.1,163.0,0
2.0,298.2,308.7,1520.0,35.7,40.0,0
1.0,301.1,311.3,1654.0,30.7,28.0,0
1.0,302.1,311.3,1511.0,45.0,204.0,0
0.0,297.7,309.1,1435.0,38.8,165.0,0
0.0,298.8,309.9,1486.0,40.3,126.0,0
0.0,302.9,312.4,1550.0,36.9,194.0,0
0.0,298.4,308.8,1352.0,56.7,24.0,0
0.0,299.0,310.2,1377.0,62.5,92.0,1
0.0,296.8,307.5,1347.0,54.8,43.0,0
0.0,299.8,309.3,1386.0,49.4,116.0,0
0.0,299.0,310.4,1382.0,53.0,89.0,0
0.0,302.6,311.6,1453.0,37.0,135.0,0
0.0,300.1,310.6,1374.0,45.4,119.0,0
0.0,296.6,307.4,1631.0,35.0,168.0,0
0.0,297.8,308.5,1448.0,40.0,192.0,0
1.0,301.2,310.9,1460.0,46.7,166.0,0
2.0,302.4,311.2,1506.0,40.8,204.0,0
1.0,302.9,312.3,1426.0,44.7,157.0,0
0.0,302.2,311.6,1383.0,44.3,72.0,0
0.0,302.0,310.6,1325.0,55.3,192.0,0
0.0,302.4,311.8,1255.0,59.0,138.0,0
0.0,300.4,311.4,1728.0,31.7,133.0,0
0.0,301.2,310.7,1551.0,41.2,82.0,0
0.0,301.3,310.9,1509.0,41.7,16.0,0
1.0,301.8,311.1,1395.0,44.6,171.0,0
0.0,298.3,309.0,1339.0,58.8,35.0,0
0.0,296.9,308.0,1658.0,41.0,74.0,0
0.0,297.2,307.9,1469.0,48.2,144.0,0
0.0,300.2,309.8,1401.0,49.3,163.0,0
0.0,297.9,308.1,1531.0,40.8,2.0,0
0.0,300.5,311.8,1524.0,38.9,214.0,1
1.0,302.6,311.6,1518.0,39.0,184.0,0
0.0,302.1,311.3,1634.0,30.6,50.0,0
0.0,299.3,308.6,1520.0,33.7,76.0,0
1.0,297.9,309.1,1614.0,38.1,62.0,0
0.0,303.6,312.2,1696.0,30.7,5.0,0
0.0,302.4,311.0,1555.0,40.6,205.0,0
0.0,297.3,308.1,1642.0,36.9,206.0,0
0.0,304.0,313.2,1416.0,46.0,128.0,0
2.0,299.5,309.1,1548.0,44.3,40.0,0
1.0,298.5,307.9,1640.0,33.1,146.0,0
0.0,300.1,311.5,1334.0,54.0,26.0,0
1.0,299.1,308.7,2008.0,20.3,178.0,0
0.0,298.2,308.7,1428.0,54.9,45.0,0
0.0,300.6,309.4,1556.0,36.0,98.0,0
0.0,300.8,310.2,1850.0,22.8,33.0,0
0.0,301.5,310.8,1512.0,38.9,9.0,0
0.0,297.7,309.1,1562.0,36.8,172.0,0
0.0,300.0,309.3,1364.0,41.2,104.0,0
1.0,302.3,311.2,1842.0,23.9,111.0,0
0.0,303.8,312.7,1414.0,41.7,190.0,0
0.0,302.6,310.5,1450.0,43.2,68.0,0
0.0,302.6,311.6,1638.0,29.6,160.0,0
2.0,300.1,309.3,1520.0,38.2,158.0,0
0.0,300.9,312.1,1423.0,40.2,63.0,0
0.0,298.2,307.9,1769.0,27.2,188.0,0
2.0,299.1,310.4,1405.0,53.6,86.0,0
0.0,300.7,310.1,1351.0,46.9,165.0,0
0.0,298.1,309.0,1497.0,40.5,58.0,0
0.0,297.6,308.3,1523.0,39.5,137.0,0
0.0,296.8,308.0,1561.0,38.3,9.0,0
2.0,300.5,310.6,1411.0,47.2,201.0,0
1.0,299.0,309.7,1489.0,40.7,212.0,0
0.0,301.9,310.5,1425.0,51.1,173.0,0
1.0,304.3,313.5,2245.0,15.1,172.0,0
1.0,298.3,309.1,1632.0,32.7,0.0,0
0.0,304.0,313.3,1294.0,54.6,102.0,0
1.0,302.2,311.2,1360.0,52.8,176.0,0
0.0,300.3,310.3,1483.0,51.6,50.0,0
2.0,297.9,307.6,1493.0,36.0,161.0,0
1.0,298.0,308.7,1614.0,30.7,106.0,0
0.0,298.1,307.5,1684.0,33.1,200.0,0
0.0,302.7,312.4,1954.0,24.8,13.0,0
1.0,302.6,310.5,1524.0,33.7,204.0,0
0.0,296.8,307.9,1706.0,30.8,111.0,0
2.0,299.2,310.7,1636.0,29.4,23.0,0
0.0,298.0,309.0,1679.0,32.4,90.0,0
0.0,297.7,308.8,1616.0,34.2,114.0,0
0.0,299.5,309.3,1523.0,41.5,181.0,0
1.0,297.6,308.6,1595.0,36.9,25.0,0
0.0,302.3,311.0,1657.0,31.1,3.0,0
0.0,295.8,306.4,1399.0,47.6,84.0,0
0.0,297.4,309.4,1466.0,45.5,53.0,0
0.0,299.7,309.2,1422.0,40.4,140.0,0
0.0,300.0,309.2,1444.0,43.6,123.0,0
0.0,302.7,310.7,1597.0,41.9,15.0,0
1.0,297.3,308.8,1548.0,41.3,140.0,0
1.0,298.5,308.1,1501.0,39.2,127.0,0
0.0,298.8,308.6,1431.0,45.7,97.0,0
1.0,297.0,307.7,1261.0,51.1,130.0,0
0.0,299.1,309.0,1405.0,53.8,18.0,0
0.0,301.7,309.9,1317.0,49.0,187.0,1
1.0,298.0,309.0,1393.0,55.9,79.0,0
0.0,303.7,312.7,1572.0,37.2,192.0,0
1.0,303.6,312.7,1765.0,27.5,115.0,0
1.0,302.3,311.7,1483.0,40.5,8.0,0
0.0,303.4,311.9,1434.0,44.6,78.0,0
2.0,299.6,309.2,1597.0,36.3,35.0,0
1.0,300.4,309.5,1888.0,21.9,221.0,0
2.0,297.2,308.0,1435.0,43.0,202.0,0
0.0,299.6,309.2,1713.0,26.5,167.0,0
1.0,297.4,309.1,1582.0,35.9,180.0,0
0.0,296.4,307.4,1512.0,36.8,46.0,0
1.0,297.5,308.4,1685.0,28.1,15.0,0
1.0,299.9,310.5,1576.0,39.4,183.0,0
1.0,298.9,308.7,1402.0,49.8,167.0,0
1.0,297.1,308.4,1432.0,53.4,199.0,0
0.0,303.9,312.8,1419.0,47.9,196.0,0
0.0,301.4,310.7,1657.0,28.7,108.0,0
0.0,299.9,309.6,1254.0,61.3,124.0,0
1.0,300.9,311.5,1836.0,21.8,12.0,0
0.0,297.4,308.5,1495.0,37.8,211.0,0
1.0,300.9,311.9,1480.0,40.9,28.0,0
2.0,297.9,308.4,1637.0,34.5,191.0,0
0.0,299.8,310.2,1654.0,32.7,159.0,0
0.0,297.9,307.8,1286.0,59.5,55.0,0
1.0,297.6,308.4,1611.0,31.0,48.0,0
1.0,300.9,312.1,1617.0,31.0,148.0,0
0.0,299.0,310.0,1360.0,48.1,37.0,0
0.0,298.1,309.0,1787.0,27.6,47.0,0
0.0,298.9,309.9,1373.0,52.1,108.0,0
1.0,300.6,311.6,1669.0,29.2,200.0,0
1.0,296.1,307.2,1619.0,29.7,17.0,0
0.0,299.4,310.6,1418.0,53.1,10.0,0
0.0,298.2,309.2,1922.0,22.6,132.0,0
1.0,304.1,313.5,1587.0,33.6,108.0,0
2.0,301.1,310.6,1388.0,58.5,68.0,0
0.0,300.1,311.5,1549.0,34.7,189.0,0
0.0,300.6,309.7,1593.0,32.4,76.0,0
1.0,301.8,309.6,1436.0,49.0,214.0,0
0.0,300.4,311.2,1472.0,37.3,187.0,0
1.0,300.5,310.2,1386.0,48.2,225.0,0
1.0,299.3,309.3,1523.0,37.9,204.0,0
0.0,300.4,311.2,1673.0,28.9,171.0,0
1.0,301.5,310.4,1378.0,55.3,109.0,0
0.0,297.5,308.5,1335.0,48.0,131.0,0
0.0,303.8,313.2,1336.0,47.8,176.0,0
1.0,298.1,307.8,1514.0,43.5,78.0,0
0.0,300.6,310.6,1514.0,39.5,87.0,0
0.0,302.4,311.0,1573.0,36.5,193.0,0
0.0,298.8,309.7,1953.0,20.6,25.0,0
0.0,300.1,311.4,1660.0,31.4,38.0,0
1.0,298.0,307.6,1508.0,41.8,89.0,0
1.0,301.1,311.3,1836.0,22.8,31.0,0
1.0,303.4,311.8,1391.0,42.7,197.0,0
1.0,298.0,308.6,1507.0,37.3,217.0,0
2.0,297.6,308.7,1659.0,32.1,49.0,0
0.0,300.7,311.0,1969.0,20.7,109.0,0
1.0,298.4,309.7,1679.0,33.3,167.0,0
0.0,300.3,309.2,1572.0,32.0,173.0,0
0.0,300.2,310.0,1389.0,53.6,184.0,0
2.0,297.3,308.8,1419.0,42.4,139.0,0
0.0,300.7,312.3,1418.0,49.0,69.0,0
2.0,299.0,308.5,1623.0,33.5,154.0,0
0.0,298.1,308.2,1390.0,47.5,33.0,0
0.0,296.3,307.2,1646.0,35.0,192.0,0
1.0,302.3,311.1,1295.0,57.1,146.0,0
0.0,299.8,309.2,1491.0,47.5,216.0,0
0.0,300.5,309.3,1465.0,46.0,89.0,0
0.0,297.9,309.1,1543.0,36.6,20.0,0
1.0,297.6,308.7,1392.0,41.2,178.0,0
0.0,297.9,309.0,1456.0,46.5,52.0,0
1.0,301.6,310.5,1414.0,49.3,106.0,0
0.0,300.8,311.9,1486.0,45.1,30.0,0
0.0,302.7,312.2,1572.0,34.4,228.0,0
0.0,298.1,308.9,1351.0,52.4,102.0,0
1.0,297.4,309.0,1685.0,30.7,177.0,0
0.0,300.5,310.6,1540.0,46.7,206.0,0
0.0,301.1,309.7,1668.0,30.8,158.0,0
1.0,300.8,311.2,1434.0,39.1,82.0,0
0.0,297.8,308.8,1579.0,32.9,70.0,0
0.0,296.9,308.1,1741.0,28.8,60.0,0
0.0,302.8,311.0,1564.0,38.5,85.0,0
0.0,300.4,311.7,1459.0,45.6,3.0,0
0.0,299.5,309.4,1602.0,31.5,193.0,0
1.0,297.9,307.6,1609.0,30.3,64.0,0
0.0,298.8,309.8,1490.0,40.6,124.0,0
0.0,301.2,310.4,1390.0,49.9,74.0,0
0.0,297.8,307.8,1573.0,37.9,33.0,0
1.0,298.1,308.1,1390.0,49.8,85.0,0
0.0,299.1,310.1,1416.0,41.2,185.0,0
2.0,298.8,310.1,1567.0,36.8,197.0,0
1.0,302.3,311.3,1625.0,33.1,137.0,0
0.0,298.4,309.2,1335.0,53.5,168.0,0
0.0,299.3,308.6,1437.0,48.1,67.0,0
0.0,300.2,310.2,1530.0,48.5,15.0,0
0.0,298.3,308.4,1528.0,37.3,160.0,0
0.0,302.3,310.9,1412.0,48.9,28.0,0
1.0,301.4,310.7,1459.0,37.7,40.0,0
0.0,298.8,308.4,1401.0,47.3,10.0,0
0.0,295.8,306.6,1644.0,35.2,115.0,0
0.0,301.9,310.9,1486.0,40.3,6.0,0
1.0,297.6,309.3,1529.0,41.9,3.0,0
0.0,299.9,309.2,1560.0,38.9,180.0,0
0.0,300.2,309.3,1366.0,49.3,59.0,0
2.0,297.8,307.5,1631.0,31.3,124.0,0
0.0,300.7,310.7,1314.0,42.4,198.0,0
1.0,299.8,309.3,1470.0,42.7,119.0,0
2.0,303.3,311.8,1649.0,29.4,49.0,0
0.0,297.8,308.8,1621.0,36.1,68.0,0
1.0,302.0,310.4,1567.0,36.4,114.0,0
0.0,296.7,307.9,1420.0,50.1,138.0,0
1.0,299.7,310.3,1661.0,34.5,6.0,0
0.0,300.8,311.2,1397.0,48.7,111.0,0
0.0,298.4,307.9,1446.0,45.3,23.0,0
0.0,302.3,311.6,1665.0,34.3,139.0,0
0.0,298.8,310.5,1464.0,46.4,207.0,0
1.0,298.7,309.6,1800.0,24.8,78.0,0
1.0,300.9,312.1,1851.0,23.0,156.0,0
2.0,298.8,310.3,1708.0,27.1,78.0,0
0.0,301.5,310.6,1519.0,40.7,208.0,0
1.0,300.8,309.9,1444.0,46.0,180.0,0
2.0,302.4,311.5,1540.0,43.7,81.0,0
2.0,301.9,310.8,1455.0,42.7,85.0,0
0.0,301.4,310.5,1489.0,43.5,98.0,0
0.0,300.6,310.5,1642.0,29.9,100.0,0
1.0,302.6,312.1,2000.0,21.9,200.0,0
1.0,301.5,310.4,2639.0,12.0,21.0,1
2.0,302.4,310.1,1597.0,28.9,179.0,0
1.0,303.5,312.3,1624.0,34.8,121.0,0
0.0,298.7,310.2,1525.0,43.7,34.0,0
1.0,297.5,308.9,1436.0,44.8,2.0,0
1.0,303.4,312.7,1399.0,48.4,34.0,0
2.0,300.2,311.5,1426.0,44.3,73.0,0
1.0,302.6,310.4,1451.0,43.1,35.0,0
1.0,302.3,311.8,1443.0,43.4,175.0,0
0.0,296.8,307.5,1474.0,42.4,107.0,0
1.0,298.7,309.8,1435.0,48.8,71.0,0
2.0,298.4,309.3,1984.0,19.2,132.0,0
1.0,297.8,309.0,1434.0,43.3,96.0,0
0.0,298.0,307.6,1694.0,29.1,169.0,0
0.0,302.3,311.1,1373.0,53.0,181.0,0
0.0,297.9,309.0,1562.0,35.8,40.0,0
1.0,301.4,310.9,1557.0,39.3,174.0,0
0.0,298.8,310.0,1537.0,39.9,190.0,0
1.0,298.0,307.8,1492.0,40.2,197.0,0
0.0,301.0,310.5,1317.0,50.9,75.0,0
0.0,298.0,308.9,1607.0,37.7,49.0,0
1.0,297.6,307.2,1470.0,42.6,44.0,0
1.0,298.4,309.2,1399.0,45.2,125.0,0
1.0,298.3,308.9,1646.0,25.4,46.0,0
0.0,300.9,310.8,1517.0,44.3,4.0,0
0.0,297.4,308.4,1421.0,46.0,124.0,0
0.0,297.5,308.6,1671.0,29.4,136.0,0
0.0,300.0,309.6,1738.0,28.7,51.0,0
0.0,301.1,311.2,1774.0,29.6,186.0,0
0.0,300.5,311.4,1442.0,47.0,53.0,0
1.0,298.4,309.4,1666.0,24.3,68.0,0
1.0,300.2,309.0,1642.0,31.2,37.0,0
0.0,301.9,310.9,1574.0,31.4,27.0,0
0.0,298.9,310.2,1562.0,42.5,179.0,0
0.0,298.2,308.1,1462.0,49.9,69.0,0
1.0,299.9,309.6,1364.0,44.4,20.0,0
1.0,302.5,312.0,1826.0,25.3,203.0,0
0.0,295.6,306.1,1372.0,55.6,215.0,1
1.0,299.0,309.8,2240.0,15.9,144.0,0
0.0,302.1,311.2,1447.0,50.3,11.0,0
1.0,299.9,311.3,1389.0,50.0,55.0,0
0.0,301.7,310.1,1500.0,39.6,56.0,0
0.0,298.5,310.0,1804.0,26.1,22.0,0
0.0,301.9,310.3,1972.0,21.3,67.0,0
0.0,297.3,308.2,1754.0,26.8,125.0,0
0.0,303.8,312.6,1565.0,36.0,179.0,0
2.0,302.2,310.0,1468.0,43.6,38.0,0
1.0,304.0,313.2,1437.0,53.9,7.0,0
0.0,302.0,310.7,1453.0,42.7,92.0,0
1.0,301.4,310.6,1855.0,25.3,178.0,0
0.0,301.0,310.4,1476.0,43.6,173.0,0
1.0,302.6,311.0,1591.0,33.9,119.0,0
1.0,301.1,310.7,1367.0,43.4,111.0,0
1.0,297.6,308.3,1567.0,34.6,71.0,0
2.0,299.6,310.1,1531.0,36.8,62.0,0
0.0,297.4,308.1,1749.0,25.9,8.0,0
1.0,302.2,311.3,1521.0,40.6,52.0,0
0.0,301.3,310.8,1428.0,55.2,88.0,0
0.0,303.2,312.6,1281.0,57.0,144.0,0
1.0,298.9,308.2,1335.0,47.8,40.0,0
0.0,300.9,310.4,1536.0,34.2,45.0,0
0.0,297.1,308.3,1403.0,54.1,179.0,0
0.0,301.4,310.5,1633.0,39.5,0.0,0
0.0,299.7,309.6,1553.0,36.8,174.0,0
0.0,302.6,312.4,1386.0,45.8,38.0,0
2.0,300.9,310.4,1457.0,43.8,69.0,0
0.0,300.0,309.0,2174.0,16.9,112.0,0
1.0,301.0,311.2,1521.0,35.8,13.0,0
0.0,298.3,309.5,1711.0,30.3,148.0,0
0.0,301.7,311.0,1585.0,35.9,185.0,0
0.0,300.8,312.5,1434.0,50.7,121.0,0
0.0,297.7,308.7,1694.0,29.1,102.0,0
1.0,303.7,312.4,1642.0,32.3,206.0,0
0.0,302.4,311.8,1451.0,42.0,110.0,0
0.0,298.2,309.0,1341.0,43.8,171.0,0
0.0,297.3,308.5,1504.0,42.0,142.0,0
0.0,298.6,308.4,1397.0,46.4,36.0,0
0.0,299.7,311.1,1603.0,31.4,141.0,0
1.0,297.6,308.9,1433.0,43.2,206.0,0
0.0,299.8,311.1,1820.0,24.9,174.0,0
2.0,299.3,310.4,1510.0,45.5,27.0,0
0.0,296.4,307.3,1487.0,37.5,83.0,0
2.0,301.3,311.0,1580.0,36.6,184.0,0
0.0,297.2,308.0,1869.0,25.4,163.0,0
0.0,301.9,310.4,1376.0,54.9,126.0,1
1.0,303.9,312.7,1485.0,43.3,174.0,0
1.0,300.6,311.7,1424.0,50.8,182.0,0
0.0,298.4,308.9,1402.0,44.8,201.0,0
2.0,297.6,309.0,1413.0,40.2,51.0,0
0.0,300.7,310.2,1286.0,64.9,160.0,0
1.0,301.0,311.1,1420.0,47.4,167.0,0
1.0,298.0,309.9,1565.0,33.9,40.0,0
0.0,300.5,311.6,1541.0,47.8,156.0,0
0.0,302.5,310.2,1329.0,50.6,148.0,1
1.0,296.1,307.1,1350.0,53.3,22.0,0
0.0,300.7,309.5,1508.0,39.9,59.0,0
2.0,298.8,309.8,1911.0,21.6,126.0,0
0.0,300.9,310.9,1497.0,43.2,62.0,0
0.0,300.6,311.9,1472.0,44.2,126.0,0
0.0,300.4,309.6,1553.0,43.9,75.0,0
0.0,301.4,311.0,1334.0,53.3,157.0,0
1.0,299.2,308.8,1503.0,37.4,109.0,0
0.0,300.6,309.6,1726.0,30.0,147.0,0
0.0,301.9,311.0,1541.0,38.9,193.0,0
0.0,301.1,310.4,1874.0,24.8,47.0,0
0.0,302.3,311.4,1535.0,41.8,77.0,0
0.0,302.2,311.3,1602.0,32.8,120.0,0
0.0,300.8,309.7,1519.0,35.8,14.0,0
1.0,298.2,308.8,1607.0,31.9,39.0,0
0.0,300.7,309.3,1580.0,38.3,102.0,0
1.0,298.8,308.4,1604.0,29.5,14.0,0
0.0,302.8,310.6,1404.0,43.2,203.0,0
0.0,297.2,308.6,1652.0,32.1,52.0,0
2.0,298.0,307.9,1482.0,37.8,132.0,0
0.0,298.0,308.7,1268.0,69.4,189.0,1
0.0,301.0,311.6,1461.0,40.6,154.0,0
0.0,303.4,311.7,1295.0,51.3,51.0,1
2.0,298.5,309.4,1573.0,36.0,97.0,0
0.0,298.9,309.9,1592.0,32.0,60.0,0
1.0,300.6,311.4,1468.0,40.4,55.0,0
0.0,298.3,308.0,1363.0,50.1,96.0,0
0.0,302.6,311.0,1537.0,35.5,91.0,0
0.0,301.5,310.4,1270.0,54.2,26.0,0
0.0,300.1,311.3,2579.0,12.5,64.0,1
1.0,297.5,308.0,2033.0,16.7,128.0,0
0.0,297.0,308.1,1455.0,43.5,122.0,0
0.0,304.1,313.1,1550.0,30.9,9.0,0
0.0,298.8,308.9,1398.0,51.5,0.0,0
2.0,299.4,309.1,1373.0,44.1,81.0,0
0.0,301.2,310.6,1389.0,45.3,64.0,0
1.0,298.1,308.0,1374.0,48.8,156.0,0
2.0,301.7,310.2,1620.0,30.8,42.0,0
2.0,303.3,312.6,1692.0,29.0,125.0,0
0.0,300.8,310.9,1453.0,43.9,84.0,0
0.0,297.9,309.8,2000.0,21.3,29.0,0
0.0,295.5,305.9,1542.0,36.2,12.0,0
0.0,300.1,309.4,1568.0,39.7,42.0,0
1.0,300.9,310.8,1988.0,19.7,136.0,0
1.0,303.0,312.3,1483.0,38.8,114.0,0
0.0,296.5,307.3,1566.0,37.2,164.0,0
0.0,300.7,310.1,1542.0,35.5,191.0,0
1.0,300.2,311.7,1597.0,39.5,68.0,0
0.0,299.0,308.7,1892.0,22.8,96.0,0
0.0,299.4,309.0,1436.0,47.9,75.0,0
0.0,301.5,310.7,1426.0,46.1,81.0,0
1.0,298.4,309.3,1496.0,45.6,129.0,0
0.0,301.5,310.6,1565.0,43.9,142.0,0
1.0,298.2,308.3,1639.0,33.3,191.0,0
0.0,301.0,310.9,1822.0,21.6,168.0,0
2.0,297.2,308.6,1486.0,46.6,98.0,0
0.0,301.4,311.1,1800.0,26.0,135.0,0
0.0,300.7,312.4,1590.0,37.9,98.0,0
1.0,299.9,309.5,2065.0,18.1,62.0,0
0.0,299.1,308.6,1437.0,41.6,183.0,0
1.0,301.9,310.9,1569.0,32.5,188.0,0
1.0,297.5,308.4,1596.0,36.6,80.0,0
0.0,301.5,310.9,1580.0,32.3,11.0,0
0.0,301.5,311.1,1602.0,34.3,100.0,0
0.0,297.2,308.6,1562.0,33.0,84.0,0
0.0,297.7,308.7,1249.0,60.4,143.0,0
0.0,298.3,308.8,1767.0,27.3,168.0,0
0.0,300.5,311.9,1887.0,21.7,56.0,0
2.0,302.2,311.4,1625.0,35.4,70.0,0
0.0,300.6,311.7,1744.0,26.9,111.0,0
2.0,297.6,308.4,1703.0,31.4,205.0,0
0.0,296.7,308.0,1535.0,36.8,210.0,0
0.0,299.3,310.5,1818.0,26.0,102.0,0
1.0,300.8,309.4,1342.0,62.4,113.0,1
2.0,300.9,310.6,1686.0,27.7,176.0,0
0.0,303.6,313.0,1575.0,38.3,54.0,0
0.0,301.2,310.7,1676.0,32.4,98.0,0
0.0,302.1,310.8,1622.0,36.8,45.0,0
2.0,297.3,308.6,1499.0,37.6,147.0,0
0.0,302.5,311.4,1759.0,24.6,124.0,0
1.0,302.3,311.0,1578.0,33.5,158.0,0
1.0,298.1,307.7,1633.0,30.7,145.0,0
0.0,297.8,308.9,1506.0,33.5,26.0,0
0.0,301.7,309.8,1491.0,39.3,114.0,0
2.0,300.6,310.6,1448.0,44.7,55.0,0
0.0,301.7,310.9,1636.0,31.3,42.0,0
1.0,300.2,309.8,1487.0,39.2,122.0,0
0.0,302.1,311.2,1550.0,34.8,177.0,0
0.0,302.3,311.2,1297.0,62.5,109.0,0
1.0,303.7,312.7,1532.0,42.7,194.0,0
0.0,302.8,311.1,1721.0,30.0,87.0,0
0.0,298.1,310.0,1534.0,33.7,47.0,0
0.0,302.4,311.8,1543.0,31.1,96.0,0
0.0,301.4,310.4,1433.0,43.4,86.0,0
1.0,300.4,310.6,1448.0,44.9,21.0,0
2.0,299.7,311.1,1353.0,47.1,143.0,0
1.0,300.8,310.6,1669.0,28.4,79.0,0
0.0,297.7,307.5,1379.0,43.3,111.0,0
0.0,298.6,309.7,1703.0,26.1,5.0,0
0.0,302.6,311.0,1506.0,37.2,95.0,0
0.0,302.6,311.6,1311.0,53.2,0.0,0
1.0,303.8,312.7,1555.0,33.4,128.0,0
0.0,303.0,311.2,1341.0,51.0,174.0,1
2.0,298.4,307.7,1626.0,31.1,166.0,0
0.0,298.1,308.7,1568.0,32.9,10.0,0
0.0,300.2,310.1,1440.0,51.1,41.0,0
0.0,298.4,307.9,2381.0,14.2,164.0,0
1.0,297.6,308.4,1398.0,41.9,215.0,0
0.0,302.3,310.8,1650.0,32.4,26.0,0
0.0,300.2,311.4,1483.0,44.4,141.0,0
0.0,298.8,308.5,1444.0,42.2,83.0,0
0.0,300.9,311.5,1505.0,41.1,129.0,0
0.0,301.9,311.1,1448.0,46.3,14.0,0
0.0,299.4,308.7,1525.0,39.0,90.0,0
1.0,300.8,312.0,1450.0,45.0,183.0,0
0.0,298.8,309.9,1568.0,33.7,13.0,0
0.0,299.6,310.9,1487.0,42.5,164.0,0
0.0,299.1,308.3,1426.0,40.1,60.0,0
0.0,300.5,311.3,1490.0,41.8,39.0,0
1.0,298.8,309.1,1559.0,34.7,95.0,0
2.0,297.4,309.3,1365.0,52.4,76.0,0
0.0,302.6,312.4,1398.0,41.6,40.0,0
0.0,300.5,311.7,1619.0,32.7,85.0,0
1.0,299.5,309.0,1701.0,28.6,98.0,0
1.0,298.1,307.7,1419.0,47.4,142.0,0
0.0,302.3,310.9,1720.0,28.1,178.0,0
0.0,297.5,308.7,1429.0,44.3,201.0,0
0.0,302.5,312.0,1574.0,42.0,188.0,0
0.0,297.2,308.1,1712.0,30.9,204.0,0
0.0,302.1,311.0,1351.0,49.5,196.0,0
0.0,299.4,309.3,1391.0,46.6,185.0,0
0.0,300.0,309.1,1489.0,40.3,7.0,0
0.0,297.3,307.9,1417.0,41.8,186.0,0
0.0,298.3,308.6,1570.0,34.8,175.0,0
0.0,302.3,310.7,1499.0,37.8,137.0,0
1.0,300.7,310.6,1407.0,42.4,218.0,0
0.0,302.4,311.1,1448.0,44.8,195.0,0
0.0,299.0,310.1,1623.0,33.0,210.0,0
0.0,299.0,308.6,1587.0,38.6,124.0,0
0.0,299.6,309.2,1602.0,37.3,31.0,0
1.0,298.6,308.3,1717.0,28.7,29.0,0
1.0,301.2,311.6,1423.0,48.0,199.0,0
1.0,301.1,310.6,1310.0,48.8,103.0,0
1.0,297.5,308.4,1350.0,52.2,157.0,0
1.0,296.8,307.8,1694.0,33.0,115.0,0
1.0,296.6,307.7,1474.0,52.6,101.0,0
1.0,298.8,309.7,1392.0,48.7,133.0,0
0.0,301.1,311.1,1387.0,53.1,188.0,0
0.0,300.5,311.6,1534.0,37.7,90.0,0
2.0,296.4,307.3,1540.0,37.4,75.0,0
0.0,300.8,310.9,1311.0,55.8,118.0,0
0.0,297.8,309.2,1683.0,30.9,163.0,0
0.0,298.4,308.6,1433.0,47.1,101.0,0
1.0,300.7,310.5,1863.0,22.2,111.0,0
0.0,298.1,308.2,1482.0,37.9,17.0,0
0.0,299.6,309.0,1472.0,48.8,72.0,0
0.0,302.8,311.1,1456.0,36.1,89.0,0
1.0,297.8,307.4,1330.0,51.7,183.0,0
0.0,298.3,308.8,1645.0,30.4,33.0,0
0.0,299.7,309.3,1420.0,44.1,60.0,0
1.0,298.1,308.8,1378.0,53.5,65.0,0
0.0,301.5,310.6,1357.0,42.1,212.0,0
0.0,301.0,312.3,1445.0,36.4,105.0,0
0.0,299.9,311.3,1535.0,38.1,160.0,0
0.0,302.3,311.7,1281.0,48.8,0.0,0
0.0,300.7,310.5,1357.0,52.6,199.0,0
1.0,300.4,311.8,1553.0,33.1,209.0,1
1.0,297.6,308.6,1509.0,39.7,166.0,0
0.0,298.3,308.9,1379.0,54.7,91.0,0
0.0,302.7,311.1,1730.0,28.1,135.0,0
2.0,301.6,310.9,1419.0,50.2,51.0,0
0.0,303.5,312.3,1584.0,35.2,74.0,0
0.0,300.4,311.4,1936.0,23.9,131.0,0
0.0,299.9,310.1,1681.0,29.1,197.0,0
0.0,298.8,308.5,1736.0,29.0,31.0,0
0.0,297.1,308.1,1446.0,36.6,227.0,0
1.0,297.5,308.6,1327.0,52.1,24.0,0
0.0,300.6,310.7,1750.0,30.6,171.0,0
1.0,301.4,310.6,1459.0,46.9,27.0,0
2.0,302.0,310.5,1812.0,24.4,138.0,0
1.0,303.6,312.3,1630.0,32.4,223.0,0
0.0,300.0,309.6,1694.0,28.7,94.0,0
0.0,297.3,308.4,1488.0,37.4,69.0,0
1.0,301.0,310.9,1515.0,41.8,170.0,0
0.0,297.4,308.1,1348.0,53.7,68.0,0
0.0,303.9,313.0,1626.0,31.4,209.0,0
0.0,302.4,311.8,1508.0,45.7,108.0,0
1.0,298.6,310.0,1681.0,35.5,44.0,0
0.0,300.8,312.4,1767.0,25.6,105.0,0
0.0,298.2,308.2,1407.0,47.1,153.0,0
0.0,300.6,311.9,1463.0,38.2,41.0,0
0.0,299.1,310.4,1428.0,46.9,87.0,0
0.0,300.6,310.5,1570.0,38.3,14.0,0
0.0,297.4,308.4,1378.0,39.9,63.0,0
0.0,297.0,307.8,1414.0,47.5,168.0,0
0.0,297.4,308.4,1371.0,57.4,52.0,0
2.0,300.2,311.5,1454.0,42.8,88.0,0
1.0,302.9,312.3,1339.0,52.1,145.0,0
1.0,301.5,311.0,1504.0,42.6,109.0,0
0.0,298.9,310.3,1456.0,44.1,118.0,0
0.0,300.2,311.7,1286.0,55.1,42.0,0
1.0,296.9,307.9,1441.0,47.6,60.0,0
1.0,300.4,311.4,1355.0,56.2,122.0,0
0.0,300.9,310.7,1427.0,44.1,141.0,0
0.0,300.0,309.9,1608.0,33.4,76.0,0
0.0,298.2,309.4,1398.0,52.9,79.0,0
1.0,298.2,309.0,1694.0,28.0,5.0,0
0.0,298.0,308.1,1877.0,24.3,0.0,0
1.0,295.7,306.3,1347.0,50.4,46.0,0
1.0,299.8,310.5,1375.0,53.9,110.0,0
1.0,298.2,308.3,1448.0,43.3,199.0,0
0.0,300.2,309.7,1421.0,44.6,17.0,0
2.0,298.0,308.6,1526.0,41.8,160.0,0
1.0,300.7,310.6,1609.0,27.6,108.0,0
0.0,299.8,309.5,1739.0,27.5,128.0,0
0.0,299.7,309.1,1475.0,40.0,123.0,0
1.0,300.3,311.5,1528.0,40.9,76.0,0
1.0,300.1,309.2,1385.0,46.1,120.0,0
1.0,296.9,307.8,1477.0,37.2,160.0,0
1.0,299.8,310.0,1397.0,48.1,164.0,0
1.0,298.6,310.2,1668.0,31.5,7.0,0
0.0,299.3,309.1,1634.0,36.8,62.0,0
0.0,302.4,311.1,1565.0,42.8,163.0,0
1.0,302.2,311.3,1658.0,31.0,2.0,0
0.0,300.4,311.1,2013.0,20.1,195.0,0
0.0,303.3,312.7,1643.0,30.7,142.0,0
2.0,298.6,309.4,1439.0,47.1,149.0,0
2.0,297.5,308.6,1481.0,38.8,14.0,0
2.0,303.5,311.7,1584.0,32.7,143.0,0
0.0,299.6,309.5,1570.0,35.5,189.0,0
2.0,298.5,309.7,1561.0,35.3,208.0,0
0.0,297.6,308.6,1522.0,37.0,106.0,0
1.0,297.8,308.3,1567.0,35.6,131.0,0
0.0,300.5,310.5,2633.0,12.2,17.0,1
0.0,298.9,310.2,1498.0,50.2,160.0,0
1.0,298.0,309.9,1445.0,45.2,55.0,0
1.0,301.4,311.1,1758.0,25.4,88.0,0
1.0,298.4,309.1,1525.0,39.3,86.0,0
0.0,301.6,310.6,1222.0,70.0,62.0,0
0.0,298.9,308.7,1389.0,44.9,69.0,0
0.0,297.5,308.7,1456.0,44.7,29.0,0
1.0,297.4,308.3,1444.0,44.0,18.0,0
0.0,300.9,310.5,1570.0,40.1,79.0,0
0.0,300.7,311.0,1462.0,41.9,126.0,0
0.0,297.5,309.3,1675.0,29.8,72.0,0
0.0,296.1,307.2,1615.0,30.8,18.0,0
1.0,299.1,310.3,1233.0,59.0,81.0,0
0.0,296.9,308.0,1546.0,31.1,11.0,0
2.0,297.5,308.6,1355.0,58.9,138.0,0
0.0,302.1,311.0,1740.0,30.8,182.0,0
1.0,300.4,311.0,1595.0,35.4,15.0,0
0.0,299.4,310.4,1509.0,40.6,175.0,0
2.0,300.5,311.6,1476.0,41.7,97.0,0
0.0,299.9,309.3,1471.0,41.8,109.0,0
0.0,301.2,310.0,1618.0,37.6,32.0,0
0.0,297.0,307.8,1553.0,33.3,155.0,0
0.0,300.8,312.6,1422.0,50.0,117.0,0
1.0,297.6,308.7,1376.0,59.9,74.0,0
1.0,298.3,308.6,1589.0,37.1,137.0,0
0.0,302.2,310.8,1340.0,47.8,54.0,0
1.0,297.4,308.3,1405.0,51.7,108.0,0
0.0,300.4,311.2,1471.0,46.5,164.0,0
0.0,297.5,308.4,1604.0,38.1,106.0,0
0.0,298.2,309.7,1585.0,37.4,118.0,0
2.0,300.9,312.0,1720.0,27.9,202.0,0
2.0,302.4,310.2,1435.0,44.9,127.0,0
0.0,298.0,308.1,1819.0,23.4,78.0,0
1.0,301.7,310.5,1625.0,35.9,121.0,0
1.0,297.9,307.9,1336.0,54.4,82.0,0
0.0,300.9,312.4,1364.0,52.5,125.0,0
0.0,298.6,309.7,1429.0,45.8,113.0,0
0.0,302.3,311.7,1400.0,41.6,136.0,0
0.0,298.9,310.6,1406.0,43.8,12.0,0
0.0,304.4,313.6,1568.0,39.1,0.0,0
1.0,300.3,310.2,1429.0,44.7,203.0,0
0.0,297.9,309.4,1558.0,35.7,39.0,0
0.0,302.4,311.0,1486.0,40.4,192.0,0
2.0,300.6,310.5,1519.0,37.0,91.0,0
0.0,298.3,307.9,1551.0,33.8,72.0,0
0.0,300.7,312.3,1420.0,53.8,67.0,0
1.0,299.7,310.8,1405.0,47.6,192.0,0
1.0,299.4,309.0,1381.0,44.9,88.0,0
0.0,300.1,309.6,1642.0,34.5,53.0,0
0.0,301.6,311.0,1485.0,40.1,142.0,0
0.0,302.0,310.7,1657.0,31.9,37.0,0
1.0,302.2,311.5,1734.0,25.0,116.0,0
0.0,297.1,307.9,1507.0,38.3,170.0,0
1.0,300.9,310.4,1576.0,40.4,92.0,0
0.0,302.2,311.5,1424.0,45.2,39.0,0
2.0,303.6,312.4,1460.0,53.7,214.0,0
2.0,301.5,310.5,1538.0,44.3,43.0,0
0.0,300.2,311.6,1375.0,56.9,155.0,0
0.0,299.1,308.3,1524.0,34.1,128.0,0
1.0,299.5,311.0,1451.0,43.3,136.0,0
2.0,300.2,311.5,1515.0,36.8,27.0,0
1.0,302.0,310.5,1425.0,44.7,76.0,0
1.0,302.5,310.2,1751.0,30.5,90.0,0
1.0,297.9,308.8,1538.0,37.6,54.0,0
0.0,299.0,309.5,1861.0,23.3,73.0,0
0.0,300.1,309.2,1783.0,27.3,118.0,0
1.0,302.5,311.8,1566.0,37.6,54.0,0
1.0,297.3,308.1,1369.0,52.0,214.0,0
1.0,303.5,312.4,1606.0,30.1,98.0,0
0.0,298.2,308.7,1408.0,46.3,3.0,0
0.0,297.1,308.5,1555.0,36.2,0.0,0
0.0,301.2,311.0,1761.0,29.1,195.0,0
1.0,300.4,311.5,1750.0,27.3,116.0,0
0.0,302.8,310.9,1312.0,52.2,40.0,1
2.0,299.2,308.8,1440.0,39.1,188.0,0
1.0,300.1,311.4,1524.0,40.6,98.0,0
0.0,302.5,310.4,1488.0,48.4,134.0,0
1.0,297.7,309.2,1700.0,27.4,176.0,0
0.0,297.0,307.8,1316.0,61.2,200.0,1
0.0,301.9,310.9,1597.0,36.9,50.0,0
0.0,300.7,311.2,1452.0,44.4,33.0,0
1.0,297.7,308.9,1681.0,28.3,116.0,0
2.0,299.7,309.2,1456.0,40.6,182.0,0
1.0,300.2,310.1,1619.0,31.3,38.0,0
0.0,297.1,308.6,1442.0,37.1,59.0,0
0.0,301.3,310.4,1414.0,51.4,199.0,0
0.0,303.5,311.6,1577.0,38.1,112.0,0
0.0,300.4,311.8,2261.0,14.9,5.0,0
0.0,300.2,311.6,1540.0,37.7,71.0,0
0.0,298.8,309.1,1368.0,50.8,115.0,0
0.0,298.2,308.4,1424.0,47.6,179.0,0
1.0,300.0,309.5,1879.0,22.4,79.0,0
0.0,297.7,308.5,1453.0,45.5,86.0,0
0.0,298.7,310.2,1404.0,50.3,54.0,0
0.0,299.2,310.7,1477.0,44.0,19.0,0
2.0,297.8,309.0,1410.0,48.8,23.0,0
2.0,302.3,310.6,1525.0,48.7,114.0,0
1.0,296.3,307.3,1498.0,41.6,15.0,0
0.0,300.2,309.2,1431.0,51.3,57.0,0
0.0,301.1,310.7,1334.0,48.2,106.0,0
0.0,300.9,310.7,1658.0,28.5,18.0,0
0.0,301.7,310.6,1624.0,34.5,216.0,0
0.0,298.4,308.9,1628.0,34.9,93.0,0
1.0,298.7,309.7,1362.0,50.5,34.0,0
0.0,300.9,310.7,1509.0,37.5,12.0,0
2.0,301.6,310.6,1821.0,26.2,171.0,0
0.0,303.3,311.6,1514.0,34.7,130.0,0
1.0,298.5,308.2,1564.0,37.5,15.0,0
0.0,298.2,308.2,1469.0,43.0,88.0,0
1.0,299.8,310.0,1632.0,33.7,172.0,0
0.0,298.4,308.7,1523.0,36.1,126.0,0
0.0,299.7,309.3,1574.0,35.8,6.0,0
0.0,298.0,307.7,1430.0,47.3,49.0,0
0.0,295.6,306.3,1636.0,32.7,56.0,0
0.0,301.7,310.6,1447.0,56.9,47.0,0
1.0,300.8,311.9,1356.0,44.3,214.0,0
0.0,304.0,313.1,1564.0,50.9,119.0,0
0.0,302.4,311.8,1416.0,46.1,202.0,0
0.0,299.1,310.5,1736.0,26.9,74.0,0
2.0,295.7,306.2,2161.0,16.5,105.0,0
0.0,300.6,310.4,1556.0,37.7,122.0,0
0.0,300.0,311.0,1637.0,33.6,181.0,0
1.0,298.6,309.6,1525.0,42.4,2.0,0
0.0,301.7,310.5,1354.0,50.0,169.0,0
2.0,298.2,309.0,1562.0,37.7,36.0,0
0.0,303.0,311.2,1456.0,44.0,142.0,0
1.0,301.3,310.0,1696.0,32.4,202.0,0
0.0,302.4,310.3,1374.0,51.2,163.0,1
1.0,298.2,309.1,1651.0,28.8,186.0,0
1.0,303.6,312.5,1459.0,48.2,17.0,0
1.0,299.3,310.8,1523.0,40.9,141.0,0
0.0,299.6,309.4,1331.0,46.4,16.0,0
1.0,298.2,307.9,1462.0,38.8,124.0,0
0.0,300.5,309.8,1379.0,54.2,207.0,1
0.0,302.3,312.0,1746.0,28.1,167.0,0
1.0,299.2,310.8,1502.0,39.8,177.0,0
0.0,301.4,310.4,1543.0,40.9,190.0,0
1.0,300.3,309.3,1391.0,57.9,204.0,0
1.0,301.5,310.0,1417.0,44.6,49.0,0
0.0,299.1,310.4,1550.0,43.9,79.0,0
1.0,303.6,312.8,1400.0,43.2,23.0,0
1.0,302.2,310.8,1422.0,47.0,3.0,0
0.0,301.7,310.1,1384.0,50.5,38.0,0
2.0,298.0,308.8,1411.0,53.8,73.0,0
0.0,302.3,311.5,1543.0,33.1,39.0,0
0.0,304.0,313.0,1541.0,45.9,64.0,0
1.0,300.5,311.7,1269.0,64.0,87.0,0
1.0,304.3,313.6,1489.0,40.3,196.0,0
1.0,300.4,309.8,1421.0,47.2,0.0,0
0.0,299.2,308.6,1381.0,50.0,193.0,0
1.0,297.3,308.4,1370.0,50.5,71.0,0
0.0,298.6,309.0,1469.0,46.0,4.0,0
0.0,300.9,310.9,1601.0,34.0,181.0,0
1.0,303.5,312.8,1375.0,45.7,89.0,0
0.0,300.1,309.0,1404.0,54.8,29.0,0
1.0,300.3,311.7,1374.0,47.9,222.0,1
0.0,300.3,311.1,1606.0,30.9,156.0,0
1.0,298.3,308.8,1349.0,52.1,104.0,0
0.0,300.1,309.8,1430.0,56.7,44.0,0
2.0,298.8,309.2,1425.0,53.9,135.0,0
0.0,303.9,313.2,1345.0,48.2,77.0,0
0.0,300.5,311.4,1466.0,41.8,112.0,0
0.0,303.5,313.0,1547.0,40.3,73.0,0
0.0,301.4,310.8,1740.0,29.2,110.0,0
1.0,300.3,311.3,1377.0,53.8,125.0,0
0.0,302.6,311.0,1369.0,60.0,93.0,1
1.0,295.7,306.4,1387.0,40.1,81.0,0
0.0,301.1,310.1,1540.0,36.6,28.0,0
1.0,300.2,309.6,1528.0,35.1,44.0,0
0.0,297.8,307.3,1438.0,44.5,3.0,0
2.0,299.2,308.9,1712.0,26.4,95.0,0
2.0,295.6,306.0,1396.0,52.4,0.0,0
0.0,298.2,308.4,1477.0,49.9,72.0,0
0.0,300.6,310.5,1644.0,33.8,148.0,0
0.0,300.5,309.3,1528.0,37.0,221.0,0
0.0,300.0,309.6,1526.0,46.4,150.0,0
0.0,300.1,309.1,1400.0,46.7,77.0,0
0.0,300.9,311.3,1449.0,40.2,168.0,0
0.0,300.0,311.5,1749.0,28.3,83.0,0
0.0,298.6,309.5,1450.0,44.2,63.0,0
1.0,298.7,308.3,1349.0,46.6,74.0,0
1.0,298.5,309.3,1498.0,34.6,46.0,0
0.0,298.1,307.7,1523.0,37.7,80.0,0
2.0,298.8,309.8,1437.0,48.2,164.0,0
2.0,297.5,308.5,1393.0,46.6,56.0,0
0.0,298.1,309.5,1467.0,41.8,48.0,0
1.0,302.8,312.3,1432.0,49.0,218.0,0
0.0,300.6,312.0,1430.0,42.7,130.0,0
0.0,300.2,310.1,1392.0,47.9,201.0,0
1.0,302.8,312.3,1262.0,70.5,234.0,1
1.0,300.7,311.9,1697.0,28.2,191.0,0
0.0,299.2,308.4,1620.0,34.1,89.0,0
0.0,303.1,312.6,1548.0,36.4,150.0,0
0.0,297.5,308.4,1511.0,42.8,209.0,0
0.0,298.9,308.7,1356.0,50.7,185.0,0
1.0,297.7,309.0,1656.0,33.2,20.0,0
0.0,300.6,311.7,1556.0,34.9,76.0,0
0.0,300.0,309.5,1675.0,30.2,11.0,0
2.0,297.3,308.0,1384.0,49.1,206.0,0
1.0,302.1,311.1,1423.0,36.8,80.0,0
0.0,296.8,307.9,1413.0,46.5,121.0,0
0.0,298.4,309.6,1655.0,30.2,146.0,0
0.0,302.1,311.3,1521.0,31.5,202.0,0
0.0,300.8,311.6,1568.0,36.0,23.0,0
0.0,301.4,310.8,1285.0,62.6,183.0,1
0.0,297.9,308.4,1646.0,40.6,175.0,0
0.0,299.1,310.5,1485.0,37.8,46.0,0
2.0,299.1,310.1,1421.0,41.2,149.0,0
0.0,299.4,309.2,1621.0,34.5,48.0,0
0.0,303.8,313.0,1427.0,43.0,0.0,0
1.0,303.8,312.5,1366.0,45.1,143.0,0
0.0,302.9,312.4,1698.0,33.8,202.0,0
1.0,301.1,310.6,1429.0,52.7,35.0,0
0.0,302.9,312.2,1605.0,33.9,86.0,0
1.0,300.0,311.3,1629.0,32.1,55.0,0
0.0,299.0,308.8,1310.0,50.7,112.0,0
1.0,300.2,309.9,1569.0,31.2,176.0,0
1.0,301.4,310.0,1689.0,32.1,207.0,0
0.0,300.5,311.1,1547.0,37.2,7.0,0
0.0,295.6,306.0,1949.0,21.9,5.0,0
0.0,303.7,312.7,1426.0,45.5,192.0,0
1.0,303.5,311.6,1562.0,34.2,107.0,0
0.0,301.3,310.4,1504.0,47.2,193.0,0
1.0,298.1,309.3,1752.0,25.2,77.0,0
0.0,300.6,312.0,1670.0,29.4,134.0,0
0.0,303.5,312.6,1602.0,34.2,108.0,0
0.0,299.2,309.0,1615.0,33.7,193.0,0
0.0,299.4,309.0,1404.0,47.3,86.0,0
1.0,299.6,309.1,1560.0,37.1,73.0,0
1.0,300.7,309.5,1439.0,43.8,41.0,0
1.0,300.8,309.7,1258.0,54.9,168.0,0
0.0,302.9,312.4,1383.0,51.4,160.0,0
0.0,299.8,309.2,1479.0,44.4,214.0,0
1.0,299.3,309.2,1586.0,37.9,129.0,0
0.0,299.1,308.3,1489.0,38.1,32.0,0
0.0,302.3,310.9,1596.0,33.5,104.0,0
0.0,302.7,312.2,1336.0,46.8,179.0,0
2.0,300.1,311.4,1518.0,46.9,87.0,0
0.0,301.5,310.8,1350.0,58.5,13.0,0
2.0,297.7,308.5,1720.0,29.9,210.0,0
0.0,301.7,310.5,1399.0,53.2,174.0,0
0.0,298.8,308.5,1450.0,50.8,57.0,0
0.0,297.2,308.6,1489.0,40.2,214.0,0
1.0,302.1,310.7,1376.0,46.3,210.0,1
2.0,300.8,309.4,1474.0,40.7,104.0,0
2.0,297.5,308.6,1440.0,46.1,84.0,0
0.0,300.8,309.8,1657.0,31.1,151.0,0
1.0,296.8,307.5,1516.0,36.7,135.0,0
0.0,302.2,311.4,1510.0,44.9,33.0,0
0.0,298.2,309.3,1355.0,43.8,142.0,0
0.0,298.4,308.6,1304.0,45.0,158.0,0
0.0,303.2,311.2,1404.0,50.9,31.0,0
1.0,300.8,310.9,1522.0,46.2,56.0,0
0.0,299.1,310.5,1419.0,48.8,76.0,0
0.0,301.4,310.4,1579.0,36.9,133.0,0
0.0,301.1,311.1,1508.0,41.5,184.0,0
0.0,301.6,310.4,1517.0,41.1,167.0,0
0.0,298.1,307.9,1425.0,58.2,57.0,0
1.0,304.1,313.3,1680.0,29.3,158.0,0
0.0,297.3,308.3,1484.0,43.9,13.0,0
0.0,300.6,309.9,1480.0,43.7,153.0,0
0.0,298.1,307.6,1354.0,43.3,155.0,0
1.0,300.7,310.7,1343.0,51.6,211.0,0
0.0,295.6,306.0,1419.0,51.1,7.0,0
0.0,304.2,313.4,1644.0,31.7,23.0,0
1.0,298.9,309.6,1434.0,43.8,180.0,0
1.0,298.9,309.9,1501.0,37.1,70.0,0
1.0,299.4,309.1,1326.0,62.0,142.0,0
0.0,298.6,309.8,1544.0,30.2,113.0,0
2.0,298.2,308.4,1398.0,51.8,76.0,0
0.0,297.9,307.8,1538.0,38.5,123.0,0
0.0,298.7,310.1,1558.0,37.6,44.0,0
0.0,297.6,308.6,1415.0,47.3,169.0,0
0.0,300.0,311.5,1601.0,36.9,35.0,0
1.0,297.9,307.8,1450.0,43.5,106.0,0
0.0,299.5,310.0,1412.0,48.9,56.0,0
1.0,302.2,311.5,1562.0,38.0,162.0,0
0.0,304.2,313.3,1668.0,35.7,180.0,0
0.0,297.1,307.9,1342.0,49.1,179.0,0
0.0,301.3,311.1,1303.0,49.2,212.0,0
0.0,299.0,310.4,1452.0,46.2,168.0,0
0.0,298.2,308.3,1805.0,31.6,96.0,0
2.0,298.0,307.6,1593.0,32.2,118.0,0
2.0,300.8,310.5,1582.0,31.1,193.0,0
1.0,301.7,310.5,1458.0,41.4,153.0,0
1.0,300.8,312.2,1664.0,25.7,150.0,0
1.0,298.6,309.8,1430.0,43.1,80.0,0
0.0,299.1,310.6,1602.0,39.7,144.0,0
0.0,298.5,308.2,1444.0,40.5,170.0,0
0.0,301.1,310.2,1496.0,43.4,54.0,0
0.0,299.3,308.3,1651.0,28.0,6.0,0
0.0,300.4,311.8,1636.0,32.3,7.0,0
1.0,299.3,308.6,1448.0,52.1,71.0,0
0.0,301.0,312.2,1372.0,47.0,59.0,0
0.0,297.9,307.7,1517.0,44.4,67.0,0
1.0,300.0,309.9,1530.0,34.5,71.0,0
0.0,301.4,310.6,2137.0,18.0,99.0,0
0.0,297.2,308.5,1588.0,40.4,190.0,0
2.0,303.8,312.5,1748.0,25.1,175.0,0
0.0,298.0,308.5,1429.0,37.7,220.0,1
1.0,298.2,309.5,1478.0,36.5,182.0,0
0.0,298.2,307.9,1785.0,23.4,181.0,0
0.0,300.1,311.4,1484.0,43.1,13.0,0
1.0,302.6,310.2,1631.0,31.0,100.0,0
1.0,300.7,311.5,1569.0,36.4,20.0,0
1.0,302.4,311.9,1439.0,36.6,212.0,0
2.0,300.3,311.6,1801.0,23.6,97.0,0
0.0,302.3,312.0,1354.0,52.2,165.0,0
0.0,300.9,310.7,1392.0,44.2,97.0,0
1.0,298.3,309.1,1296.0,58.7,201.0,0
0.0,299.6,309.1,2266.0,15.3,79.0,0
0.0,303.7,312.3,1511.0,38.9,117.0,0
2.0,297.0,307.9,1448.0,45.6,172.0,0
1.0,301.8,310.3,1465.0,46.5,60.0,0
0.0,302.5,311.0,1548.0,38.4,188.0,0
0.0,304.4,313.7,1607.0,33.5,5.0,0
2.0,297.0,307.8,1404.0,40.7,184.0,0
0.0,298.8,310.0,2098.0,19.6,148.0,0
0.0,302.0,309.7,1551.0,34.8,207.0,0
1.0,302.4,311.1,1432.0,44.5,195.0,0
2.0,298.8,310.1,1483.0,45.4,192.0,0
1.0,301.9,309.7,1568.0,37.5,135.0,0
1.0,303.5,313.0,1902.0,21.6,60.0,0
0.0,298.2,308.1,1306.0,58.3,35.0,0
1.0,295.6,306.1,1669.0,29.0,161.0,0
1.0,301.8,310.9,1299.0,60.4,48.0,0
0.0,298.7,309.6,1665.0,31.1,178.0,0
0.0,299.1,310.1,1367.0,45.6,44.0,0
1.0,297.3,308.2,1846.0,24.5,41.0,0
1.0,298.8,309.8,1413.0,45.5,64.0,0
2.0,301.1,310.6,1407.0,43.9,111.0,0
0.0,303.9,313.1,1665.0,29.6,0.0,0
0.0,298.9,310.2,1362.0,53.0,185.0,0
1.0,301.5,310.6,1573.0,37.4,37.0,0
1.0,300.4,309.8,1725.0,30.4,195.0,0
1.0,300.9,311.0,1556.0,38.8,127.0,0
1.0,299.3,309.1,1376.0,46.7,49.0,0
1.0,300.3,311.1,1350.0,58.7,130.0,0
0.0,301.3,310.6,1521.0,36.3,166.0,0
0.0,298.8,308.8,1991.0,20.7,59.0,0
0.0,298.3,308.0,1361.0,56.9,81.0,0
0.0,301.3,310.4,1346.0,46.7,90.0,0
0.0,298.9,308.7,1727.0,29.4,116.0,0
1.0,303.9,313.1,1483.0,47.2,71.0,0
0.0,301.8,310.7,1751.0,29.3,133.0,0
1.0,302.1,310.0,1531.0,38.0,161.0,0
1.0,295.6,306.1,1462.0,49.2,158.0,0
1.0,298.9,310.1,1655.0,31.5,172.0,0
0.0,302.3,311.0,1428.0,47.9,174.0,0
1.0,299.8,311.1,1498.0,38.1,176.0,0
0.0,302.7,310.6,1690.0,26.7,4.0,0
1.0,301.8,310.7,1465.0,35.8,82.0,0
1.0,301.3,311.0,1402.0,47.5,197.0,0
0.0,295.5,306.1,1488.0,40.7,31.0,0
0.0,302.2,311.6,1658.0,31.4,89.0,0
1.0,300.2,309.6,1491.0,41.8,41.0,0
0.0,298.5,309.3,1471.0,44.7,119.0,0
0.0,300.6,309.5,1516.0,39.0,142.0,0
1.0,299.4,309.1,1461.0,48.6,70.0,0
0.0,297.9,309.1,1595.0,32.0,32.0,0
0.0,302.3,311.5,1565.0,35.6,41.0,0
0.0,297.8,308.7,1404.0,44.2,62.0,0
0.0,302.3,311.3,1439.0,41.8,96.0,0
1.0,300.4,310.1,1457.0,35.1,193.0,0
0.0,301.3,310.6,1426.0,40.7,54.0,0
1.0,298.8,310.1,1243.0,74.5,194.0,1
0.0,303.7,312.3,1606.0,37.4,103.0,0
0.0,300.2,311.5,1549.0,37.2,67.0,0
1.0,296.3,307.2,1446.0,45.9,180.0,0
0.0,298.5,309.6,1861.0,26.9,130.0,0
0.0,295.6,306.1,1389.0,46.2,113.0,0
0.0,300.6,309.7,1639.0,30.4,121.0,0
1.0,301.3,310.4,1501.0,39.8,187.0,0
0.0,296.6,307.4,1389.0,42.7,48.0,0
0.0,296.9,307.7,1550.0,39.7,124.0,0
1.0,302.7,312.2,1350.0,58.6,2.0,0
2.0,298.6,309.8,1279.0,55.9,152.0,0
0.0,297.3,308.2,1446.0,53.5,7.0,0
0.0,303.0,311.2,1511.0,45.7,184.0,0
0.0,296.3,307.3,1439.0,41.5,208.0,0
1.0,298.6,310.0,1541.0,36.9,12.0,0
0.0,296.9,307.8,1425.0,49.1,163.0,0
0.0,300.8,311.6,1516.0,35.6,14.0,0
0.0,300.6,311.5,1419.0,38.6,31.0,0
1.0,299.2,309.0,1881.0,23.9,137.0,0
0.0,300.9,310.9,1370.0,52.5,107.0,0
0.0,301.4,310.4,1388.0,45.3,188.0,0
0.0,300.4,309.3,1525.0,39.6,202.0,0
0.0,296.9,307.5,2721.0,9.3,18.0,1
1.0,302.0,310.4,1828.0,26.3,82.0,0
1.0,299.5,308.8,1886.0,20.9,117.0,0
0.0,298.2,308.2,1478.0,50.1,166.0,0
0.0,297.2,308.6,1636.0,31.3,192.0,0
0.0,300.6,309.5,1867.0,23.0,242.0,0
0.0,300.5,309.9,1423.0,47.9,114.0,0
1.0,301.1,311.1,2089.0,19.8,162.0,0
2.0,300.1,311.5,1422.0,46.2,134.0,0
1.0,299.0,310.1,1593.0,35.4,5.0,0
0.0,296.6,307.4,1504.0,45.8,58.0,0
0.0,299.7,310.3,1505.0,37.7,4.0,0
1.0,303.7,313.0,1303.0,54.4,2.0,0
0.0,300.3,311.8,2004.0,19.6,12.0,0
0.0,301.0,312.0,1447.0,36.8,31.0,0
1.0,300.7,309.6,1439.0,43.0,61.0,0
0.0,300.5,311.6,1497.0,40.5,180.0,0
0.0,300.8,310.6,1663.0,30.6,139.0,0
1.0,300.7,309.5,1733.0,26.7,108.0,0
0.0,298.2,308.3,1400.0,48.7,194.0,0
1.0,298.0,308.7,2101.0,17.4,198.0,0
0.0,301.7,311.2,1482.0,43.6,154.0,0
2.0,300.5,311.2,1397.0,45.2,2.0,0
0.0,298.1,308.0,1704.0,30.9,61.0,0
2.0,300.1,309.4,1329.0,55.2,143.0,0
0.0,300.4,310.0,1769.0,26.1,38.0,0
0.0,296.9,308.1,1422.0,48.7,215.0,0
0.0,297.8,308.5,1699.0,27.8,199.0,0
1.0,297.7,308.8,1388.0,45.6,190.0,0
0.0,304.1,313.2,1452.0,48.0,126.0,0
0.0,301.8,310.6,1452.0,48.4,110.0,0
0.0,299.5,308.8,1965.0,20.4,164.0,0
0.0,299.9,311.4,1706.0,28.8,111.0,0
0.0,298.2,307.8,1388.0,48.6,76.0,0
1.0,301.7,310.1,1431.0,44.0,61.0,0
1.0,300.3,309.4,1612.0,33.1,150.0,0
0.0,301.5,310.9,2760.0,8.0,15.0,1
0.0,298.2,307.8,1476.0,36.8,134.0,0
0.0,304.1,313.6,1611.0,31.4,144.0,0
1.0,302.0,310.6,1539.0,37.4,96.0,0
1.0,300.9,312.0,1375.0,56.1,182.0,0
0.0,299.3,309.3,1325.0,62.0,47.0,0
0.0,298.0,308.0,1615.0,29.5,15.0,0
1.0,298.9,310.0,1323.0,52.9,106.0,0
0.0,298.0,307.7,1479.0,42.5,47.0,0
0.0,297.1,307.9,1496.0,44.7,88.0,0
0.0,299.0,310.2,1490.0,41.1,54.0,0
0.0,300.7,310.0,1395.0,48.0,85.0,0
0.0,298.0,307.5,1644.0,32.8,215.0,0
0.0,302.1,310.6,1439.0,40.0,7.0,0
1.0,298.1,309.4,1362.0,47.6,70.0,0
1.0,298.8,308.6,1598.0,35.1,52.0,0
0.0,300.4,309.8,1395.0,48.1,201.0,0
0.0,302.2,310.6,1346.0,47.5,109.0,1
1.0,299.5,309.1,1422.0,45.3,103.0,0
1.0,300.4,310.6,1545.0,35.6,16.0,0
1.0,303.4,312.7,1357.0,55.3,31.0,0
1.0,301.2,310.4,1697.0,30.0,120.0,0
0.0,303.3,312.2,1506.0,40.0,50.0,0
0.0,297.4,308.3,1854.0,21.8,24.0,0
1.0,299.0,309.0,1351.0,52.2,44.0,0
0.0,300.4,309.8,1342.0,52.5,68.0,0
2.0,301.6,309.9,1423.0,53.6,95.0,0
0.0,299.6,309.1,1641.0,35.8,81.0,0
0.0,299.0,310.2,1412.0,44.1,246.0,0
0.0,297.4,308.4,1328.0,61.8,98.0,0
1.0,299.4,310.0,1512.0,43.2,47.0,0
1.0,301.7,310.1,1743.0,27.3,210.0,0
2.0,300.6,311.7,1535.0,33.3,92.0,0
0.0,303.3,311.7,1508.0,35.5,217.0,0
0.0,298.8,308.7,1445.0,48.5,70.0,0
1.0,299.3,308.4,1468.0,42.2,83.0,0
1.0,297.4,308.5,1638.0,32.2,84.0,0
1.0,297.4,308.2,1424.0,53.9,120.0,0
1.0,302.3,311.7,1685.0,30.8,130.0,0
0.0,302.4,310.7,1362.0,54.8,155.0,1
1.0,301.3,310.7,1391.0,52.5,61.0,0
1.0,299.2,308.3,1364.0,51.8,104.0,0
2.0,298.7,309.7,1565.0,39.3,94.0,0
1.0,300.0,309.0,1368.0,45.8,81.0,0
1.0,296.2,307.0,2119.0,18.3,159.0,0
0.0,296.7,308.0,1580.0,32.2,39.0,0
2.0,303.3,312.5,1328.0,49.8,120.0,0
0.0,302.9,312.6,1328.0,59.9,24.0,0
0.0,297.4,308.4,1474.0,43.6,4.0,0
0.0,300.2,309.8,1398.0,54.8,39.0,0
0.0,298.1,308.0,1626.0,36.5,83.0,0
1.0,297.2,307.9,1687.0,30.4,82.0,0
0.0,299.9,309.2,1761.0,25.6,115.0,0
1.0,301.8,310.8,1508.0,38.8,96.0,0
2.0,297.9,308.5,2129.0,18.7,126.0,0
0.0,296.9,307.8,1653.0,29.7,137.0,0
0.0,300.8,309.4,1946.0,20.5,111.0,0
0.0,300.6,309.8,1629.0,37.6,162.0,0
1.0,303.8,313.0,1514.0,45.0,113.0,0
0.0,298.5,309.0,1450.0,40.5,199.0,0
0.0,300.5,309.5,1379.0,55.6,2.0,0
0.0,296.6,307.6,1671.0,28.8,108.0,0
0.0,300.6,311.8,1539.0,37.0,187.0,0
0.0,298.6,309.6,1353.0,62.5,9.0,0
0.0,303.8,312.5,1372.0,45.7,180.0,0
1.0,298.6,308.3,1589.0,34.1,174.0,0
0.0,300.4,309.9,1435.0,54.8,70.0,0
1.0,300.7,310.8,1465.0,45.2,92.0,0
0.0,302.1,310.5,1696.0,30.9,107.0,0
0.0,300.5,311.4,1445.0,41.5,66.0,0
0.0,303.0,311.2,1382.0,50.5,203.0,0
0.0,297.7,309.0,1507.0,38.2,94.0,0
0.0,298.8,308.6,1872.0,22.5,82.0,0
0.0,304.2,313.2,1464.0,44.9,37.0,0
1.0,297.2,308.2,1405.0,42.5,204.0,0
0.0,303.9,313.0,1551.0,36.8,140.0,0
1.0,303.1,312.5,1766.0,26.7,157.0,0
1.0,298.5,309.6,1572.0,33.0,127.0,0
1.0,301.3,310.7,1819.0,25.5,46.0,0
0.0,298.9,309.8,1287.0,61.9,216.0,1
1.0,300.5,309.8,1416.0,48.5,110.0,0
1.0,299.5,310.7,1364.0,49.5,0.0,0
0.0,297.1,307.9,1492.0,39.4,171.0,0
0.0,299.8,309.7,1457.0,51.9,89.0,0
0.0,300.8,310.8,1689.0,32.9,151.0,0
1.0,295.6,306.2,1584.0,33.6,81.0,0
0.0,301.9,310.7,1947.0,25.0,137.0,0
0.0,299.0,310.0,1509.0,38.0,168.0,0
1.0,303.5,312.7,1402.0,47.0,23.0,0
1.0,302.9,311.0,1402.0,40.7,52.0,0
0.0,298.2,308.3,1475.0,49.9,47.0,0
1.0,303.5,312.0,1475.0,42.9,85.0,0
1.0,300.9,310.7,1452.0,47.3,25.0,0
2.0,302.6,311.7,1471.0,48.3,25.0,0
1.0,297.6,308.8,1357.0,49.7,104.0,0
1.0,302.6,310.5,1542.0,39.9,184.0,0
0.0,297.1,307.8,1406.0,60.4,133.0,0
2.0,299.0,308.7,1940.0,19.9,98.0,0
0.0,297.3,308.2,1553.0,33.5,2.0,0
2.0,301.7,310.1,1660.0,29.3,72.0,0
0.0,298.0,307.7,1442.0,43.6,148.0,0
0.0,301.2,310.7,1568.0,38.3,49.0,0
0.0,298.0,308.0,1401.0,54.7,65.0,0
1.0,299.3,309.1,1385.0,45.6,34.0,0
0.0,298.8,309.7,1740.0,28.5,152.0,0
0.0,298.6,309.8,1842.0,20.1,142.0,0
0.0,301.4,310.7,1590.0,36.3,43.0,0
0.0,297.3,308.4,1472.0,41.3,67.0,0
0.0,300.3,311.8,1413.0,46.0,182.0,0
1.0,297.5,308.7,1697.0,28.1,107.0,0
0.0,299.7,310.2,1469.0,39.5,26.0,0
0.0,299.7,309.2,1616.0,31.6,175.0,0
0.0,298.2,308.0,1538.0,38.2,59.0,0
1.0,303.6,312.3,1915.0,22.3,116.0,0
0.0,302.2,311.2,1630.0,36.0,169.0,0
1.0,300.6,309.4,1541.0,35.2,105.0,0
0.0,298.3,309.1,1386.0,45.3,212.0,0
0.0,299.0,310.1,2033.0,19.3,15.0,0
1.0,300.4,310.4,1544.0,36.3,21.0,0
0.0,298.1,307.9,1578.0,35.6,55.0,0
0.0,298.8,308.6,1511.0,36.1,157.0,0
0.0,301.0,309.7,1468.0,42.0,141.0,0
0.0,303.4,311.5,1501.0,36.2,69.0,0
0.0,300.7,311.8,1564.0,36.8,11.0,0
1.0,299.6,310.1,1455.0,46.1,76.0,0
0.0,298.2,309.1,1467.0,44.5,80.0,0
2.0,297.5,309.5,1668.0,27.9,240.0,0
0.0,301.9,311.2,1435.0,44.2,16.0,0
0.0,304.0,313.2,1615.0,37.8,127.0,0
0.0,297.5,308.2,1327.0,56.5,189.0,0
0.0,304.1,313.3,1459.0,50.3,39.0,0
0.0,301.5,310.4,1488.0,41.1,151.0,0
0.0,299.4,309.3,1401.0,59.0,38.0,0
0.0,299.9,309.5,1772.0,23.5,167.0,0
1.0,297.7,309.2,1732.0,28.8,152.0,0
0.0,300.1,309.7,1485.0,45.9,100.0,0
1.0,303.0,311.2,1592.0,38.9,188.0,0
0.0,298.5,309.5,1548.0,44.5,132.0,0
1.0,299.9,309.9,1639.0,42.1,159.0,0
0.0,299.5,309.1,1502.0,44.6,13.0,0
1.0,296.4,307.2,2071.0,19.4,183.0,0
0.0,298.8,308.7,1490.0,33.6,71.0,0
0.0,297.4,308.2,1297.0,52.1,211.0,0
0.0,301.4,311.1,1472.0,44.5,159.0,0
0.0,300.0,309.4,2010.0,20.0,55.0,0
1.0,303.8,312.7,1364.0,49.3,167.0,0
1.0,301.8,311.1,1663.0,31.6,199.0,0
0.0,297.5,308.7,1371.0,46.5,121.0,0
0.0,298.2,309.1,1429.0,48.5,164.0,0
1.0,300.9,311.3,1801.0,24.6,100.0,0
1.0,304.1,313.2,1410.0,42.4,155.0,0
1.0,298.9,308.6,1524.0,40.4,131.0,0
0.0,300.7,310.7,1450.0,43.4,80.0,0
0.0,302.2,311.1,1394.0,53.7,140.0,0
0.0,300.6,310.5,1470.0,37.7,98.0,0
2.0,300.2,310.4,1501.0,42.9,212.0,0
0.0,297.4,308.6,1635.0,30.5,159.0,0
0.0,300.6,309.4,2496.0,13.5,111.0,0
0.0,300.5,311.9,1330.0,59.5,33.0,0
0.0,303.0,311.2,1664.0,29.8,186.0,0
0.0,298.6,310.1,1533.0,33.9,24.0,0
0.0,299.1,308.5,1647.0,35.0,74.0,0
2.0,297.6,308.2,2071.0,18.5,144.0,0
1.0,300.9,311.5,1704.0,31.3,159.0,0
0.0,301.1,311.7,1408.0,46.3,135.0,0
1.0,299.9,309.5,1372.0,56.2,133.0,0
0.0,298.4,308.1,1367.0,57.8,92.0,0
1.0,299.3,310.5,1462.0,40.5,24.0,0
0.0,300.6,310.7,1440.0,52.5,200.0,0
0.0,296.9,308.0,1713.0,29.3,13.0,0
0.0,299.9,311.3,1647.0,27.5,26.0,0
0.0,300.4,309.4,1412.0,51.6,153.0,0
0.0,298.5,309.2,1504.0,33.7,182.0,0
0.0,302.6,310.4,1365.0,66.8,80.0,1
2.0,298.1,307.7,1376.0,56.2,113.0,0
1.0,299.6,310.1,1646.0,29.6,73.0,0
1.0,297.6,308.4,1391.0,51.9,218.0,0
2.0,301.6,310.6,1400.0,49.5,211.0,0
0.0,300.4,309.2,1752.0,29.0,52.0,0
0.0,299.4,308.9,1440.0,42.5,87.0,0
0.0,299.1,308.7,1498.0,38.9,181.0,0
0.0,298.5,308.2,1654.0,27.1,13.0,0
0.0,302.3,311.7,1648.0,32.1,197.0,0
1.0,298.9,310.1,1555.0,40.6,176.0,0
0.0,300.6,312.0,1481.0,40.9,132.0,0
2.0,300.5,309.4,1642.0,36.2,103.0,0
1.0,295.7,306.3,1685.0,34.9,84.0,0
0.0,304.4,313.6,1585.0,38.9,9.0,0
1.0,300.8,310.4,1518.0,36.0,59.0,0
0.0,300.3,310.4,1672.0,29.2,39.0,0
0.0,298.7,309.9,1621.0,34.1,130.0,0
1.0,297.0,307.9,1412.0,47.4,112.0,0
0.0,300.7,309.3,1425.0,45.3,100.0,0
0.0,300.9,310.7,1389.0,50.0,214.0,0
0.0,299.7,311.1,1439.0,44.9,174.0,0
0.0,298.2,307.8,1627.0,31.5,64.0,0
0.0,296.8,307.6,1588.0,37.6,126.0,0
0.0,299.3,308.6,1314.0,48.2,65.0,0
1.0,297.9,309.1,1488.0,37.3,30.0,0
0.0,302.5,310.4,1427.0,46.8,179.0,0
1.0,303.4,311.9,1419.0,50.9,39.0,0
0.0,298.1,309.3,1443.0,45.3,70.0,0
2.0,299.0,310.2,1744.0,31.5,0.0,0
1.0,303.5,312.5,1353.0,51.0,172.0,0
2.0,298.4,308.7,1344.0,52.9,130.0,0
2.0,303.3,311.8,1806.0,27.7,44.0,0
0.0,297.4,308.3,1723.0,28.8,33.0,0
0.0,299.7,310.2,1633.0,36.5,24.0,0
0.0,303.7,312.6,1466.0,42.5,183.0,0
1.0,298.8,310.3,1366.0,59.0,94.0,0
1.0,299.6,309.4,1605.0,29.8,142.0,0
0.0,301.6,309.9,1440.0,43.4,100.0,0
1.0,302.0,310.8,1445.0,46.3,17.0,0
1.0,300.1,311.4,1617.0,39.3,47.0,0
0.0,299.8,309.0,1614.0,30.8,100.0,0
1.0,299.0,310.4,1625.0,37.1,131.0,0
1.0,300.5,310.6,1621.0,32.0,184.0,0
1.0,301.1,311.3,1389.0,53.3,8.0,0
1.0,302.0,310.7,2157.0,17.8,17.0,0
0.0,300.2,309.8,1430.0,55.0,102.0,0
1.0,303.2,311.5,1336.0,58.2,2.0,1
1.0,298.7,309.5,1394.0,46.0,113.0,0
0.0,298.9,310.1,1571.0,36.8,78.0,0
0.0,297.4,308.3,1472.0,45.5,2.0,0
0.0,298.9,308.5,1742.0,34.5,117.0,0
1.0,298.1,309.1,1572.0,37.5,126.0,0
0.0,297.6,308.6,1383.0,47.5,75.0,0
2.0,302.3,311.1,1455.0,40.3,145.0,0
0.0,300.7,310.5,1445.0,41.1,201.0,0
0.0,300.7,309.6,1733.0,24.8,85.0,0
1.0,300.8,310.7,1886.0,21.1,44.0,0
1.0,302.1,310.0,1355.0,45.1,6.0,1
0.0,297.5,309.3,1623.0,33.4,74.0,0
0.0,302.4,310.1,1401.0,48.8,177.0,0
2.0,300.1,311.4,1485.0,40.4,75.0,0
0.0,300.4,309.6,1523.0,38.5,124.0,0
0.0,301.0,310.9,1492.0,36.7,199.0,0
1.0,303.4,312.8,1622.0,35.1,107.0,0
0.0,298.5,308.6,1522.0,36.9,53.0,0
1.0,299.5,309.2,1497.0,40.9,169.0,0
0.0,301.5,310.5,1702.0,28.7,135.0,0
0.0,302.2,311.2,1928.0,23.1,2.0,0
1.0,303.0,311.2,1387.0,41.4,100.0,0
2.0,299.9,309.6,1410.0,51.2,98.0,0
0.0,302.3,311.5,1384.0,50.8,13.0,0
0.0,298.7,308.5,1616.0,30.2,34.0,0
0.0,301.4,310.7,1425.0,45.1,7.0,0
2.0,298.7,308.5,1572.0,35.6,202.0,0
0.0,298.8,309.8,1634.0,33.6,27.0,0
0.0,301.9,310.8,1906.0,21.7,62.0,0
0.0,301.5,311.1,1458.0,41.4,123.0,0
0.0,298.8,309.9,1428.0,42.4,132.0,0
1.0,298.6,309.4,1774.0,27.5,154.0,0
0.0,300.3,309.9,1377.0,55.3,4.0,0
0.0,302.3,310.9,1403.0,47.2,173.0,0
1.0,300.9,310.7,1696.0,27.3,76.0,0
0.0,297.5,308.6,1388.0,48.2,203.0,0
1.0,304.2,313.8,1481.0,44.9,136.0,0
1.0,300.7,309.5,1470.0,48.7,21.0,0
2.0,299.4,308.9,1762.0,29.3,91.0,0
1.0,299.8,310.8,1530.0,35.2,163.0,0
0.0,299.5,309.2,1393.0,47.3,20.0,0
0.0,299.9,310.4,1408.0,38.4,144.0,0
2.0,296.8,308.0,1453.0,51.0,24.0,0
1.0,299.3,310.6,1609.0,31.4,99.0,0
0.0,300.9,312.0,1493.0,38.7,217.0,0
0.0,297.3,308.3,1494.0,38.2,14.0,0
1.0,302.0,310.6,1563.0,41.0,184.0,0
1.0,297.4,308.7,1582.0,31.9,161.0,0
0.0,302.7,312.2,1611.0,34.1,186.0,0
0.0,302.2,311.3,1475.0,48.6,104.0,0
1.0,297.9,309.1,1338.0,49.6,56.0,0
0.0,298.7,309.9,1753.0,26.8,40.0,0
0.0,301.8,311.0,1322.0,53.0,166.0,0
2.0,300.6,309.7,1470.0,43.8,18.0,0
1.0,298.1,307.8,1525.0,35.9,132.0,0
1.0,302.0,310.9,1352.0,55.5,59.0,0
0.0,299.7,309.3,1434.0,38.5,127.0,0
0.0,298.8,309.7,1424.0,49.6,129.0,0
0.0,298.0,308.7,1511.0,45.8,114.0,0
0.0,298.8,310.2,1461.0,46.7,105.0,0
0.0,301.0,310.9,1809.0,25.7,192.0,0
1.0,302.5,311.0,1387.0,52.1,116.0,0
0.0,301.7,310.5,1567.0,39.1,114.0,0
1.0,298.1,307.7,1498.0,38.3,81.0,0
0.0,301.1,311.3,1630.0,29.5,51.0,0
1.0,301.0,311.0,1508.0,46.9,113.0,0
0.0,298.8,310.0,1403.0,45.6,185.0,0
0.0,298.6,309.4,1667.0,35.6,185.0,0
1.0,301.9,310.7,1511.0,37.6,70.0,0
1.0,300.5,309.9,1466.0,53.2,172.0,0
1.0,300.8,311.4,1852.0,22.2,53.0,0
0.0,303.0,311.2,1641.0,32.6,63.0,0
2.0,295.7,306.2,1458.0,49.8,151.0,0
0.0,302.0,310.4,1895.0,23.2,161.0,0
2.0,300.5,311.7,1454.0,50.3,175.0,0
2.0,302.9,311.0,1452.0,58.3,123.0,0
0.0,298.4,308.0,1515.0,42.8,125.0,0
0.0,299.5,310.0,1502.0,38.5,52.0,0
0.0,304.1,313.2,1569.0,35.8,146.0,0
0.0,302.4,310.1,1556.0,32.9,132.0,0
1.0,300.7,311.3,1562.0,37.1,58.0,0
1.0,299.2,308.4,1381.0,42.5,54.0,0
0.0,303.9,313.1,1639.0,29.0,95.0,0
1.0,301.1,310.5,1309.0,60.7,100.0,0
0.0,302.6,310.3,1479.0,40.4,105.0,0
0.0,301.3,310.4,1501.0,41.6,192.0,0
0.0,301.7,310.7,1542.0,40.0,188.0,0
0.0,297.3,308.3,2188.0,17.0,32.0,0
1.0,299.0,310.3,1689.0,29.7,101.0,0
0.0,297.0,307.8,1385.0,56.4,202.0,1
1.0,299.0,310.6,1587.0,34.2,141.0,0
0.0,300.4,309.7,1584.0,32.6,71.0,0
1.0,298.3,308.5,1434.0,46.2,148.0,0
2.0,297.3,308.7,1478.0,47.6,98.0,0
0.0,299.0,308.4,1571.0,38.6,5.0,0
1.0,300.3,311.4,1386.0,48.1,119.0,0
0.0,299.1,310.3,1619.0,31.1,242.0,0
1.0,303.7,312.8,1634.0,33.8,63.0,0
0.0,301.7,311.3,1708.0,30.5,77.0,0
1.0,304.2,313.7,2113.0,18.4,139.0,0
2.0,300.9,310.7,1609.0,28.7,39.0,0
1.0,298.8,308.5,1425.0,47.4,90.0,0
2.0,302.9,311.0,1469.0,48.7,130.0,0
0.0,299.4,309.2,1427.0,41.5,29.0,0
0.0,300.2,311.6,1511.0,35.7,160.0,0
1.0,297.5,309.2,1530.0,40.0,206.0,0
0.0,301.6,309.8,1588.0,33.9,89.0,0
2.0,302.0,309.9,1735.0,27.2,192.0,0
0.0,301.5,310.5,1396.0,44.5,117.0,0
1.0,301.2,310.8,1396.0,47.4,5.0,0
2.0,297.5,308.1,1548.0,38.2,117.0,0
0.0,301.4,310.6,1648.0,30.7,90.0,0
0.0,299.4,308.7,1681.0,30.8,171.0,0
0.0,300.8,310.2,1492.0,46.3,187.0,0
2.0,302.7,310.8,1275.0,55.0,25.0,1
2.0,301.2,310.6,1352.0,52.0,69.0,0
0.0,298.2,308.6,1433.0,39.5,7.0,0
0.0,297.4,308.6,1494.0,42.6,161.0,0
1.0,302.9,312.5,1903.0,21.2,23.0,0
0.0,297.1,307.9,1456.0,50.0,166.0,0
2.0,300.5,309.8,1324.0,72.8,159.0,1
0.0,297.8,309.3,2015.0,20.1,161.0,0
1.0,299.3,308.7,1420.0,50.3,208.0,0
0.0,301.9,310.6,1573.0,36.6,15.0,0
1.0,297.0,307.7,1498.0,47.1,199.0,0
2.0,300.4,309.8,1409.0,47.5,138.0,0
1.0,301.9,311.0,1467.0,48.1,43.0,0
0.0,301.8,311.2,1417.0,55.9,156.0,0
1.0,296.9,308.0,1430.0,55.9,71.0,0
0.0,297.9,309.1,1619.0,34.7,33.0,0
0.0,301.9,310.4,1889.0,21.5,92.0,0
0.0,301.0,311.4,1481.0,37.5,193.0,0
1.0,297.5,308.5,1612.0,30.0,163.0,0
2.0,298.8,310.2,1455.0,44.9,107.0,0
1.0,300.3,311.3,1506.0,40.7,98.0,0
0.0,298.1,308.9,1367.0,41.9,113.0,0
0.0,297.8,309.7,1547.0,37.3,25.0,0
1.0,300.8,309.7,1482.0,39.0,171.0,0
0.0,300.3,310.7,1539.0,32.3,123.0,0
0.0,299.2,310.6,1675.0,33.3,28.0,0
1.0,303.3,312.7,1642.0,33.6,104.0,0
0.0,301.1,310.6,1611.0,35.2,70.0,0
1.0,297.2,308.6,1498.0,44.4,9.0,0
0.0,298.4,308.3,1422.0,42.7,186.0,0
1.0,298.1,309.6,1549.0,38.7,43.0,0
0.0,299.9,310.4,1419.0,45.7,178.0,0
2.0,303.4,312.3,1769.0,27.9,40.0,0
1.0,302.2,311.7,1393.0,42.5,53.0,0
0.0,301.5,310.5,1611.0,33.8,144.0,0
0.0,295.7,306.3,1490.0,34.3,97.0,0
0.0,300.2,310.0,1493.0,47.3,172.0,0
0.0,300.0,309.1,1465.0,40.6,9.0,0
1.0,298.2,309.4,1408.0,46.5,76.0,0
1.0,299.8,309.4,1401.0,48.1,143.0,0
0.0,299.7,309.6,1399.0,51.3,144.0,0
0.0,302.1,310.8,1596.0,37.1,43.0,0
1.0,296.2,307.3,1451.0,42.8,11.0,0
2.0,299.3,310.4,1393.0,44.9,162.0,0
0.0,302.6,310.3,1647.0,34.2,14.0,0
0.0,302.4,310.2,1633.0,28.0,164.0,0
1.0,302.4,311.1,1480.0,45.7,200.0,0
2.0,304.1,313.2,1590.0,43.4,52.0,0
0.0,298.3,309.3,1558.0,37.2,73.0,0
2.0,300.0,311.2,1393.0,43.1,45.0,0
0.0,303.7,312.4,1348.0,51.0,152.0,0
2.0,297.4,308.7,1726.0,26.8,158.0,0
1.0,300.9,310.7,1268.0,56.3,161.0,0
0.0,299.7,309.2,1412.0,45.4,147.0,0
0.0,300.0,311.4,1476.0,39.0,92.0,0
1.0,298.2,308.9,1585.0,34.3,33.0,0
0.0,300.2,311.8,1410.0,51.4,189.0,0
1.0,301.0,310.7,1455.0,46.1,103.0,0
0.0,300.6,310.0,1425.0,49.5,174.0,0
1.0,298.2,308.8,1645.0,28.2,58.0,0
0.0,299.1,308.2,1319.0,60.3,36.0,0
0.0,297.4,308.3,1284.0,60.3,50.0,0
1.0,298.2,307.7,1681.0,31.0,84.0,0
0.0,301.7,310.6,1303.0,59.7,42.0,0
0.0,302.1,310.8,1772.0,27.1,233.0,0
1.0,301.7,310.3,1787.0,26.7,33.0,0
0.0,299.0,309.9,1411.0,44.7,94.0,0
0.0,303.5,312.1,1522.0,36.4,107.0,0
0.0,300.2,310.4,1518.0,41.8,5.0,0
1.0,298.2,308.3,1476.0,43.5,129.0,0
0.0,303.3,311.6,1337.0,56.8,187.0,1
0.0,301.7,311.1,1399.0,55.1,156.0,0
2.0,299.3,308.7,1408.0,44.4,82.0,0
0.0,302.1,311.2,1492.0,45.0,162.0,0
0.0,298.6,308.2,1361.0,68.2,172.0,1
1.0,300.6,310.7,1339.0,52.9,0.0,0
0.0,297.4,309.2,1437.0,40.4,117.0,0
0.0,298.7,310.2,1436.0,47.5,32.0,0
1.0,300.2,309.8,1394.0,47.4,21.0,0
1.0,301.3,310.8,1455.0,41.2,56.0,0
1.0,299.4,309.1,1417.0,47.3,59.0,0
0.0,300.8,311.7,1432.0,45.8,6.0,0
1.0,301.4,310.3,1610.0,29.1,166.0,0
0.0,300.7,311.8,1486.0,47.3,19.0,0
1.0,300.8,310.6,1545.0,37.5,155.0,0
0.0,301.4,310.4,1496.0,35.2,153.0,0
0.0,301.0,310.0,1480.0,43.5,21.0,0
0.0,302.0,310.4,1611.0,35.6,117.0,0
0.0,302.8,312.3,1504.0,40.3,204.0,0
0.0,298.4,309.5,2153.0,15.3,98.0,1
0.0,302.0,310.8,1902.0,23.4,188.0,0
0.0,301.3,310.3,1626.0,31.3,180.0,0
0.0,303.6,311.7,1491.0,39.8,92.0,0
0.0,299.1,310.7,1309.0,51.1,188.0,0
0.0,303.5,312.7,1694.0,27.3,40.0,0
1.0,299.7,310.9,1685.0,32.1,88.0,0
1.0,297.4,309.3,1499.0,36.8,88.0,0
0.0,299.7,309.0,1412.0,49.2,85.0,0
0.0,297.9,307.6,1968.0,20.4,171.0,0
0.0,297.2,307.9,1989.0,20.3,186.0,0
0.0,303.3,311.3,1393.0,47.4,18.0,0
1.0,301.2,310.3,1357.0,54.5,49.0,0
0.0,297.7,307.2,1392.0,43.0,197.0,0
1.0,301.9,310.7,1472.0,47.0,73.0,0
0.0,304.0,313.0,2012.0,21.1,115.0,0
2.0,301.9,310.3,1653.0,32.4,100.0,0
0.0,300.7,310.8,1619.0,34.9,57.0,0
0.0,302.9,311.0,1820.0,24.6,128.0,0
1.0,297.5,308.8,1455.0,46.1,147.0,0
1.0,298.4,308.5,1636.0,35.7,107.0,0
0.0,297.8,307.4,1355.0,45.8,60.0,0
2.0,304.0,313.1,1472.0,45.5,166.0,0
0.0,302.7,310.9,1395.0,48.3,80.0,0
1.0,297.7,308.8,2089.0,19.1,111.0,0
0.0,303.7,313.0,1753.0,29.0,42.0,0
0.0,301.2,309.9,1984.0,19.7,169.0,0
0.0,297.3,308.3,1309.0,61.5,56.0,0
1.0,297.6,308.1,1379.0,57.4,122.0,0
1.0,296.3,307.4,1335.0,50.5,48.0,0
0.0,300.7,310.1,1565.0,40.2,81.0,0
0.0,300.0,309.6,1514.0,44.6,98.0,0
1.0,301.8,310.3,1666.0,32.7,19.0,0
0.0,303.5,311.8,1927.0,21.9,195.0,0
0.0,299.2,310.6,1498.0,41.1,88.0,0
0.0,302.4,310.4,1865.0,23.9,129.0,0
0.0,300.6,311.0,1543.0,34.7,89.0,0
0.0,298.8,309.7,1450.0,43.1,63.0,0
1.0,303.4,311.7,1690.0,34.9,189.0,0
0.0,302.1,311.5,1444.0,44.9,97.0,0
0.0,298.2,307.8,1355.0,51.3,70.0,0
0.0,302.5,310.9,1624.0,34.4,146.0,0
2.0,298.3,309.0,1470.0,38.4,10.0,0
2.0,300.3,309.9,1394.0,46.7,210.0,1
0.0,298.8,309.8,1485.0,42.4,74.0,0
0.0,299.2,308.5,1366.0,49.7,74.0,0
0.0,302.2,311.3,1378.0,55.5,35.0,0
1.0,298.7,310.1,1368.0,56.8,72.0,0
1.0,302.4,311.4,1675.0,29.6,128.0,0
0.0,300.0,310.5,1606.0,33.5,135.0,0
0.0,303.4,311.7,1406.0,47.1,213.0,0
2.0,299.8,309.7,1368.0,47.4,148.0,0
0.0,304.1,313.4,1399.0,43.7,111.0,0
1.0,301.7,311.0,1298.0,58.1,168.0,0
0.0,303.8,313.0,1499.0,42.3,38.0,0
2.0,302.4,311.1,1578.0,32.3,196.0,0
2.0,298.1,309.5,1530.0,40.2,65.0,0
0.0,298.1,307.6,1364.0,53.8,129.0,0
0.0,301.6,310.9,1632.0,31.6,189.0,0
0.0,301.9,311.0,1376.0,44.9,186.0,0
1.0,300.5,309.3,1539.0,39.1,216.0,0
0.0,300.3,310.0,1560.0,40.8,182.0,0
1.0,297.0,308.3,1399.0,46.4,132.0,0
0.0,300.3,311.5,1446.0,45.0,82.0,0
0.0,303.2,311.5,1544.0,42.5,227.0,0
1.0,300.6,312.0,1490.0,39.8,94.0,0
0.0,299.9,309.3,1620.0,31.1,196.0,0
0.0,298.3,309.7,1484.0,44.3,173.0,0
0.0,300.5,309.8,1305.0,51.7,202.0,0
0.0,298.6,309.4,1440.0,48.2,136.0,0
0.0,298.1,307.8,1606.0,33.0,130.0,0
0.0,300.7,309.7,1507.0,52.4,163.0,0
1.0,298.9,308.7,1772.0,28.4,177.0,0
1.0,296.2,307.2,1385.0,44.0,5.0,0
1.0,300.0,311.4,1791.0,24.1,213.0,0
2.0,298.8,309.9,1439.0,45.2,40.0,1
0.0,302.0,310.7,1348.0,58.1,83.0,0
1.0,300.8,312.6,1588.0,35.6,114.0,0
1.0,300.7,311.0,1418.0,49.3,106.0,0
2.0,300.5,312.0,1375.0,43.2,108.0,0
0.0,300.9,310.4,1615.0,30.9,200.0,0
1.0,303.9,312.9,1430.0,53.5,189.0,0
0.0,303.5,311.8,1451.0,45.2,173.0,0
2.0,300.8,311.7,1468.0,38.7,39.0,0
1.0,299.3,308.4,1542.0,37.5,203.0,1
0.0,298.4,309.3,1409.0,43.1,166.0,0
1.0,303.9,313.2,1630.0,29.3,104.0,0
0.0,303.2,311.5,1513.0,37.9,0.0,0
0.0,297.6,308.6,1529.0,45.3,15.0,0
0.0,301.8,309.6,1443.0,42.7,231.0,0
0.0,298.9,310.2,1409.0,54.8,140.0,0
1.0,301.9,311.0,1638.0,35.4,116.0,0
0.0,297.6,309.5,1549.0,34.9,68.0,0
1.0,297.9,309.0,1525.0,38.5,113.0,0
1.0,302.2,310.9,1465.0,43.5,140.0,0
1.0,299.1,310.1,1570.0,30.9,226.0,0
0.0,299.5,310.0,1388.0,52.4,94.0,0
1.0,298.1,309.1,1448.0,52.5,150.0,0
1.0,299.0,310.2,1564.0,39.9,97.0,0
2.0,298.3,309.5,1521.0,37.1,84.0,0
2.0,299.2,308.8,1908.0,21.3,104.0,0
0.0,300.7,309.5,1685.0,31.1,27.0,0
0.0,298.3,309.2,1383.0,52.1,26.0,0
1.0,298.8,310.2,1527.0,31.2,102.0,0
0.0,297.5,308.9,1554.0,34.8,204.0,0
1.0,300.9,312.6,1555.0,40.6,109.0,0
0.0,301.0,310.9,1428.0,45.3,47.0,0
1.0,299.0,308.7,1500.0,40.2,30.0,0
1.0,304.2,313.6,1512.0,33.4,146.0,0
0.0,298.0,308.3,1362.0,56.8,216.0,1
1.0,300.8,311.1,1583.0,32.1,116.0,0
0.0,298.6,309.5,1483.0,43.2,92.0,0
0.0,298.9,308.3,1855.0,23.8,33.0,0
0.0,300.1,310.6,1809.0,24.3,97.0,0
1.0,300.4,309.6,1614.0,30.3,161.0,0
1.0,300.5,311.1,1296.0,61.3,202.0,1
0.0,298.3,309.1,1387.0,52.3,160.0,0
0.0,297.4,308.6,1820.0,24.6,79.0,0
2.0,297.7,308.8,1469.0,43.7,96.0,0
0.0,301.2,310.9,1413.0,50.1,141.0,0
1.0,297.4,308.4,1789.0,25.0,210.0,0
0.0,299.8,309.4,1467.0,46.2,219.0,0
0.0,301.2,310.4,1515.0,38.4,51.0,0
0.0,299.2,308.4,1580.0,32.6,142.0,0
1.0,298.6,309.5,1568.0,36.7,182.0,0
2.0,298.7,310.1,1435.0,45.6,37.0,0
0.0,299.4,308.6,1746.0,26.8,107.0,0
1.0,300.6,310.0,1397.0,55.2,90.0,0
0.0,297.4,308.6,1459.0,41.3,196.0,0
1.0,301.3,310.0,2068.0,17.8,176.0,0
1.0,304.1,313.2,2028.0,18.9,45.0,0
2.0,302.0,309.9,1447.0,42.8,185.0,0
1.0,301.3,310.5,1481.0,39.7,85.0,0
0.0,297.5,309.4,1357.0,50.1,137.0,0
0.0,303.9,313.1,1491.0,37.2,195.0,0
0.0,297.6,308.5,1475.0,42.4,24.0,0
1.0,298.4,310.2,1725.0,32.0,80.0,0
0.0,296.2,307.2,1515.0,36.5,38.0,0
0.0,298.4,309.4,1461.0,46.3,121.0,0
1.0,297.8,309.3,2243.0,15.7,36.0,0
0.0,297.5,308.4,1433.0,50.0,218.0,0
2.0,295.6,306.2,1632.0,32.2,76.0,0
0.0,299.0,310.2,1575.0,37.8,42.0,0
1.0,298.0,307.7,1621.0,34.9,194.0,0
1.0,297.5,309.4,1391.0,58.2,34.0,0
0.0,298.2,308.0,1411.0,42.4,48.0,0
1.0,301.9,310.9,1483.0,37.0,35.0,0
0.0,302.8,312.4,1392.0,46.2,70.0,0
1.0,299.3,309.1,1703.0,31.3,120.0,0
0.0,297.3,308.1,1468.0,49.8,0.0,0
0.0,301.8,310.7,1461.0,44.2,49.0,0
1.0,299.6,309.2,1393.0,47.7,28.0,0
0.0,297.6,308.9,1449.0,47.7,209.0,0
1.0,303.9,313.1,1668.0,34.4,137.0,0
0.0,301.7,311.3,1348.0,51.0,87.0,0
1.0,299.0,308.4,1535.0,47.5,163.0,0
1.0,301.1,311.0,1413.0,46.6,30.0,0
1.0,299.7,309.6,1540.0,34.4,91.0,0
2.0,298.7,308.5,1420.0,45.7,143.0,0
0.0,298.5,309.4,1418.0,45.1,148.0,0
1.0,300.1,310.1,1402.0,46.6,10.0,0
0.0,300.6,309.4,1425.0,40.3,103.0,0
0.0,300.5,311.5,1708.0,31.2,57.0,0
0.0,303.6,312.0,1309.0,52.9,86.0,1
1.0,300.2,309.8,1743.0,24.1,18.0,0
1.0,298.5,309.0,1921.0,22.0,196.0,0
0.0,300.4,311.8,1689.0,30.8,196.0,0
0.0,301.8,310.6,1451.0,50.7,108.0,0
1.0,295.5,306.0,1326.0,50.8,18.0,0
0.0,297.0,307.8,1774.0,28.0,188.0,0
0.0,300.2,311.5,1383.0,42.1,60.0,0
0.0,297.9,307.3,1824.0,26.3,5.0,0
2.0,300.2,311.4,1506.0,36.1,141.0,0
0.0,303.7,313.0,1694.0,28.0,44.0,0
0.0,297.6,308.3,1623.0,36.9,61.0,0
1.0,303.6,312.8,1825.0,25.2,29.0,0
0.0,298.7,310.1,1641.0,31.1,49.0,0
0.0,302.4,311.9,1452.0,43.1,137.0,0
0.0,297.4,308.8,1651.0,34.1,163.0,0
0.0,295.7,306.2,1464.0,46.2,92.0,0
0.0,302.6,310.4,1743.0,26.3,191.0,0
0.0,303.1,311.3,1403.0,55.6,150.0,0
0.0,298.8,309.7,1225.0,63.4,37.0,0
0.0,300.2,311.7,1493.0,48.3,167.0,0
0.0,302.7,312.4,1360.0,47.8,11.0,0
0.0,299.2,310.3,1463.0,38.9,160.0,0
1.0,300.3,311.8,1607.0,33.7,199.0,0
0.0,296.3,307.1,1419.0,48.6,142.0,0
0.0,299.7,310.3,1495.0,43.1,101.0,0
0.0,301.1,310.7,1376.0,49.1,0.0,0
0.0,302.0,310.8,1948.0,19.7,66.0,0
0.0,301.1,310.5,1324.0,52.4,171.0,0
0.0,300.7,310.8,2113.0,18.5,95.0,0
2.0,301.9,309.8,1724.0,27.5,126.0,0
2.0,298.9,308.4,1449.0,42.4,149.0,0
0.0,299.0,310.2,1477.0,37.9,60.0,0
0.0,302.2,310.9,1452.0,42.3,56.0,0
2.0,303.7,312.9,1460.0,49.8,2.0,0
1.0,297.4,308.4,1564.0,35.0,105.0,0
2.0,302.7,312.5,1527.0,36.4,26.0,0
1.0,299.2,309.0,1597.0,30.3,115.0,0
0.0,301.1,312.3,1682.0,29.7,83.0,0
0.0,302.0,310.4,1336.0,58.2,110.0,1
0.0,298.9,310.1,1523.0,39.1,53.0,0
0.0,298.9,310.0,1452.0,48.9,185.0,0
0.0,300.6,311.7,1428.0,52.6,208.0,0
1.0,297.2,308.6,1444.0,41.1,56.0,0
0.0,300.4,309.6,1543.0,38.1,209.0,0
1.0,300.0,310.1,1314.0,53.5,199.0,0
0.0,296.9,307.8,1605.0,37.0,84.0,0
0.0,299.4,310.5,1749.0,28.1,179.0,0
0.0,302.0,310.8,1767.0,27.4,11.0,0
1.0,302.6,312.3,1454.0,54.8,253.0,1
1.0,297.2,308.3,1429.0,42.0,6.0,0
0.0,301.4,310.6,1481.0,37.6,77.0,0
0.0,301.6,310.7,1457.0,40.4,213.0,0
1.0,296.2,307.2,1168.0,63.4,172.0,0
1.0,298.5,309.6,1364.0,58.7,123.0,0
2.0,297.7,309.6,1697.0,32.2,210.0,0
0.0,298.2,308.8,1354.0,60.9,32.0,0
0.0,299.8,311.1,1466.0,46.1,58.0,0
0.0,297.4,308.4,1573.0,34.5,205.0,0
1.0,302.4,311.8,1358.0,50.6,133.0,0
2.0,297.2,308.5,1653.0,33.3,207.0,0
0.0,295.5,306.1,1573.0,35.1,129.0,0
1.0,298.1,307.9,1569.0,37.0,29.0,0
2.0,300.6,311.5,1282.0,60.2,24.0,0
2.0,299.3,309.0,1508.0,35.0,70.0,0
0.0,299.6,308.9,1422.0,53.2,120.0,0
0.0,303.5,311.9,1493.0,38.7,14.0,0
0.0,297.2,308.3,1379.0,52.1,21.0,0
1.0,298.0,308.7,1479.0,58.5,176.0,1
2.0,298.9,310.5,1429.0,39.9,19.0,0
0.0,300.9,311.3,1953.0,19.4,107.0,0
1.0,297.4,308.4,1620.0,35.8,215.0,0
1.0,302.3,311.4,1479.0,45.6,59.0,0
0.0,300.4,310.8,1396.0,49.3,142.0,0
1.0,298.9,308.2,1411.0,51.3,43.0,0
0.0,298.3,309.4,1618.0,31.5,108.0,0
0.0,300.9,309.7,1460.0,42.1,181.0,0
0.0,298.3,309.4,1568.0,35.8,140.0,0
0.0,297.6,308.3,1617.0,31.7,39.0,0
0.0,302.0,310.8,1615.0,29.0,235.0,1
0.0,300.7,310.8,1689.0,28.9,100.0,0
0.0,299.0,308.6,1653.0,31.7,100.0,0
0.0,297.6,308.6,1744.0,28.5,42.0,0
0.0,299.4,310.5,1514.0,36.1,169.0,0
0.0,298.3,310.1,1408.0,45.3,78.0,0
1.0,302.5,311.9,1340.0,59.4,60.0,0
0.0,302.4,311.4,1564.0,35.0,122.0,0
1.0,300.5,309.7,1347.0,54.3,136.0,0
1.0,296.9,308.0,1497.0,44.8,57.0,0
1.0,304.2,313.1,1608.0,31.1,20.0,0
0.0,297.9,307.8,1505.0,37.3,100.0,0
1.0,295.7,306.3,1712.0,28.5,43.0,0
1.0,302.7,311.6,2709.0,9.7,2.0,1
0.0,302.4,310.4,1521.0,38.5,142.0,0
0.0,300.7,311.0,1318.0,48.2,128.0,0
2.0,298.9,310.6,1519.0,38.8,213.0,0
2.0,296.2,307.0,1542.0,40.6,28.0,0
0.0,301.0,310.9,1392.0,52.9,173.0,0
0.0,297.5,308.9,1466.0,43.0,15.0,0
0.0,297.3,308.4,1339.0,52.1,36.0,0
2.0,298.1,309.9,1686.0,29.1,60.0,0
1.0,300.7,310.8,1469.0,46.4,75.0,0
0.0,300.7,310.2,1493.0,35.9,10.0,0
0.0,297.7,307.2,1518.0,35.8,195.0,0
1.0,303.4,312.2,1972.0,23.5,59.0,0
0.0,301.8,310.1,1738.0,28.0,58.0,0
1.0,297.2,308.0,1478.0,42.5,56.0,0
0.0,303.8,312.5,1619.0,30.9,142.0,0
2.0,298.4,308.9,1782.0,23.9,24.0,0
0.0,300.1,311.4,1467.0,35.7,45.0,0
1.0,303.7,312.4,1546.0,33.7,149.0,0
0.0,298.6,309.4,1315.0,55.5,28.0,0
0.0,297.5,309.4,1809.0,24.3,110.0,0
0.0,297.7,308.4,1487.0,41.4,84.0,0
2.0,300.5,310.6,1378.0,51.5,166.0,0
1.0,297.8,309.8,1798.0,25.5,203.0,0
0.0,301.6,311.3,1706.0,29.9,93.0,0
0.0,300.8,311.8,1417.0,43.4,223.0,0
0.0,303.4,311.8,1438.0,58.9,22.0,0
0.0,297.6,309.2,1611.0,33.1,155.0,0
1.0,297.6,308.3,1648.0,29.1,134.0,0
0.0,297.5,308.8,1312.0,50.3,159.0,0
2.0,296.1,306.9,1541.0,32.6,33.0,0
0.0,300.4,311.7,1314.0,59.5,160.0,0
0.0,299.8,311.2,1533.0,35.9,137.0,0
0.0,301.5,310.1,1639.0,33.4,47.0,0
0.0,300.3,309.8,1450.0,55.0,135.0,0
1.0,303.4,311.8,1341.0,47.0,210.0,1
1.0,297.8,307.4,1752.0,26.1,52.0,0
1.0,298.8,310.2,1595.0,33.1,34.0,0
0.0,301.6,310.6,1391.0,49.4,164.0,0
1.0,297.5,308.6,1347.0,57.0,132.0,0
1.0,299.7,309.2,1608.0,34.4,68.0,0
0.0,300.4,309.7,1685.0,31.3,152.0,0
0.0,303.7,313.1,1683.0,28.4,46.0,0
0.0,300.3,309.9,1621.0,34.1,36.0,0
0.0,299.3,310.6,1443.0,45.7,97.0,0
0.0,303.7,312.2,1487.0,34.0,94.0,0
0.0,297.2,308.8,1451.0,43.1,68.0,0
1.0,298.4,309.5,1344.0,45.3,122.0,0
0.0,298.3,308.0,1242.0,62.0,98.0,0
2.0,303.6,312.5,1375.0,54.0,186.0,0
2.0,297.9,309.1,1435.0,44.7,8.0,0
1.0,299.7,309.6,1477.0,42.7,163.0,0
0.0,300.3,309.9,1540.0,39.9,203.0,0
0.0,298.5,308.8,1332.0,59.1,115.0,0
2.0,296.6,307.7,1386.0,62.3,100.0,1
1.0,299.0,309.0,1804.0,26.8,17.0,0
0.0,299.0,308.7,1449.0,38.9,18.0,0
1.0,299.3,309.2,1440.0,37.5,111.0,0
1.0,304.1,313.6,1441.0,43.7,131.0,0
0.0,302.6,311.0,1520.0,42.8,148.0,0
0.0,302.7,312.3,1346.0,61.2,170.0,0
2.0,296.6,307.4,1333.0,50.2,177.0,0
1.0,303.4,312.6,2706.0,9.8,65.0,1
1.0,299.2,308.9,1447.0,39.6,22.0,0
1.0,298.5,309.6,1502.0,39.4,84.0,0
0.0,301.7,309.9,1524.0,46.6,104.0,0
1.0,300.1,309.2,1418.0,39.8,221.0,0
0.0,300.5,310.5,1409.0,60.9,73.0,0
1.0,298.7,309.8,1570.0,42.1,200.0,0
1.0,300.4,310.8,1491.0,35.9,148.0,0
0.0,299.3,309.1,1293.0,53.7,189.0,0
1.0,300.7,309.6,1388.0,51.1,160.0,0
0.0,299.2,308.2,1466.0,41.3,8.0,0
0.0,301.0,310.5,1378.0,44.4,83.0,0
0.0,299.3,310.5,1281.0,59.8,15.0,0
0.0,299.2,308.8,1542.0,39.2,179.0,0
0.0,297.3,308.7,1587.0,35.8,148.0,0
1.0,301.7,310.8,1671.0,31.6,137.0,0
0.0,302.1,310.9,1658.0,30.3,186.0,0
0.0,300.5,312.0,1498.0,42.9,25.0,0
1.0,300.0,309.6,1618.0,36.2,53.0,0
0.0,297.7,307.4,1764.0,29.0,139.0,0
0.0,299.0,309.9,1548.0,34.5,214.0,0
0.0,300.5,311.8,1596.0,34.8,87.0,0
0.0,302.5,311.5,1603.0,32.4,194.0,0
0.0,298.2,307.8,1585.0,34.6,78.0,0
0.0,296.8,308.2,1643.0,34.7,191.0,0
0.0,299.1,310.6,1380.0,44.7,170.0,0
1.0,296.8,307.8,1664.0,32.8,142.0,0
1.0,298.8,309.6,1575.0,34.4,149.0,0
1.0,304.2,313.5,1557.0,37.3,164.0,0
1.0,297.8,309.4,1226.0,58.7,129.0,0
0.0,298.4,308.2,1282.0,60.7,216.0,1
0.0,298.4,308.8,1458.0,40.1,111.0,0
0.0,301.5,310.5,1644.0,34.9,186.0,0
0.0,299.9,310.4,1328.0,49.9,206.0,0
0.0,302.6,312.1,1499.0,35.0,215.0,0
0.0,299.9,310.2,1479.0,46.3,173.0,0
1.0,298.9,309.3,1581.0,30.7,65.0,0
0.0,298.7,310.0,1555.0,32.6,197.0,0
1.0,297.7,308.9,1530.0,39.1,108.0,0
0.0,298.0,308.3,1473.0,42.6,107.0,0
0.0,302.7,312.0,1828.0,24.0,63.0,0
2.0,301.4,310.5,1421.0,43.8,182.0,0
0.0,302.5,310.3,1326.0,58.5,55.0,1
1.0,303.7,313.0,1469.0,39.9,137.0,0
2.0,303.2,311.4,1607.0,36.6,43.0,0
0.0,300.3,311.6,1595.0,38.8,154.0,0
0.0,297.6,309.5,1373.0,50.6,55.0,0
0.0,299.4,308.7,1504.0,37.8,112.0,0
1.0,300.6,310.7,1388.0,42.9,190.0,0
0.0,300.7,310.8,1608.0,39.5,202.0,0
1.0,304.3,313.6,1585.0,32.1,202.0,0
1.0,302.2,310.6,1346.0,49.2,134.0,1
0.0,299.2,308.4,1465.0,35.0,201.0,0
0.0,298.3,308.4,1484.0,43.4,172.0,0
0.0,302.4,311.1,1484.0,45.9,169.0,0
1.0,297.2,308.2,1678.0,28.1,133.0,0
1.0,298.7,310.1,1644.0,34.1,46.0,0
0.0,299.3,309.2,1541.0,37.2,118.0,0
0.0,300.3,311.7,1682.0,27.8,178.0,0
1.0,300.2,311.6,1465.0,41.4,78.0,0
1.0,303.8,312.5,1448.0,44.3,195.0,0
1.0,298.9,310.2,1331.0,49.0,121.0,0
0.0,297.9,307.9,1426.0,43.6,89.0,0
0.0,302.2,311.4,1609.0,32.1,41.0,0
0.0,300.4,309.3,1671.0,35.0,209.0,0
0.0,300.7,311.0,1413.0,52.0,91.0,0
1.0,298.7,309.6,1686.0,26.2,189.0,0
1.0,300.5,311.9,1875.0,22.1,100.0,0
0.0,303.7,312.0,1892.0,22.5,79.0,0
1.0,300.9,311.1,1325.0,61.4,88.0,0
0.0,301.5,310.6,1578.0,34.1,120.0,0
1.0,298.1,308.9,1353.0,46.2,173.0,0
0.0,301.3,311.0,1539.0,36.9,206.0,0
0.0,301.0,311.6,1440.0,43.3,131.0,0
0.0,304.3,313.6,1409.0,56.0,19.0,0
0.0,301.5,310.9,1891.0,23.2,122.0,0
0.0,301.5,310.1,1430.0,46.5,35.0,0
2.0,300.0,310.4,1881.0,21.9,102.0,0
1.0,299.0,310.3,1558.0,35.4,223.0,0
1.0,301.4,310.6,1431.0,40.6,101.0,0
0.0,298.3,310.0,1858.0,23.9,114.0,0
0.0,303.0,311.3,1365.0,56.2,146.0,1
0.0,300.3,309.2,1398.0,54.4,198.0,0
0.0,298.1,307.6,1498.0,42.9,171.0,0
1.0,302.3,311.0,1384.0,49.7,192.0,0
0.0,303.1,312.4,1404.0,61.5,127.0,1
0.0,300.4,309.7,1314.0,50.2,179.0,0
0.0,297.1,308.4,1468.0,44.4,197.0,0
1.0,301.5,310.4,1593.0,36.8,50.0,0
0.0,303.7,312.5,1462.0,46.2,165.0,0
0.0,301.9,310.8,1525.0,43.2,62.0,0
2.0,297.2,308.4,2182.0,17.3,119.0,0
0.0,298.9,309.1,1452.0,45.5,196.0,0
0.0,300.6,310.5,1509.0,43.1,31.0,0
0.0,300.6,310.1,1495.0,42.3,132.0,0
1.0,302.1,311.0,1574.0,34.1,215.0,0
1.0,301.1,310.9,1396.0,45.1,12.0,0
0.0,296.8,307.6,1547.0,36.5,179.0,0
1.0,301.6,310.7,1457.0,47.8,7.0,0
0.0,297.5,308.7,1453.0,37.6,112.0,0
0.0,300.3,310.3,1362.0,60.3,206.0,1
0.0,303.5,312.5,1380.0,46.1,166.0,0
0.0,297.5,308.3,1388.0,48.6,27.0,0
0.0,297.8,307.6,1607.0,30.3,62.0,0
1.0,299.7,310.2,1440.0,42.8,30.0,0
0.0,300.1,309.1,1353.0,58.7,86.0,0
0.0,303.1,311.1,1854.0,22.6,19.0,0
0.0,299.8,310.4,1579.0,36.4,0.0,0
0.0,301.8,310.3,1765.0,27.3,29.0,0
0.0,301.2,311.7,1433.0,49.3,206.0,0
1.0,297.3,308.4,1665.0,28.9,17.0,0
0.0,301.1,310.6,1417.0,47.6,10.0,0
2.0,300.5,310.0,1495.0,47.4,184.0,0
1.0,297.6,308.6,1390.0,53.4,175.0,0
1.0,299.0,310.2,1598.0,33.4,44.0,0
1.0,302.4,311.8,1539.0,39.9,101.0,0
2.0,297.1,308.0,1559.0,38.8,229.0,0
0.0,296.8,307.9,1698.0,30.8,48.0,0
0.0,302.6,312.1,1288.0,68.5,0.0,1
0.0,299.8,309.5,1545.0,32.2,18.0,0
1.0,302.3,311.7,1341.0,46.3,194.0,0
0.0,299.3,310.7,1495.0,39.2,144.0,0
0.0,302.1,310.7,1359.0,49.3,41.0,1
0.0,300.5,309.5,1795.0,27.7,117.0,0
1.0,297.8,309.7,1700.0,31.3,200.0,0
1.0,296.8,308.1,1843.0,24.2,212.0,0
1.0,298.7,309.9,2083.0,18.2,205.0,0
0.0,298.9,308.7,1572.0,34.1,80.0,0
0.0,300.9,310.6,1552.0,34.9,95.0,0
0.0,300.4,309.6,1356.0,45.9,64.0,0
2.0,299.6,311.0,1714.0,30.2,128.0,0
1.0,300.7,311.7,1701.0,30.8,44.0,0
2.0,300.9,311.9,1513.0,38.0,38.0,0
1.0,297.1,308.4,1502.0,37.3,181.0,0
0.0,297.8,308.3,1498.0,47.3,160.0,0
1.0,297.9,307.4,1435.0,42.9,18.0,0
2.0,301.0,310.4,1512.0,44.9,86.0,0
0.0,300.9,311.0,2003.0,20.2,138.0,0
0.0,301.5,310.7,1408.0,47.3,79.0,0
1.0,300.1,311.3,1518.0,40.2,130.0,0
1.0,303.8,312.6,1406.0,47.1,162.0,0
1.0,300.2,310.3,1704.0,29.2,42.0,0
0.0,302.3,310.1,1487.0,46.0,184.0,0
0.0,300.4,309.9,1496.0,31.8,154.0,0
0.0,301.9,310.4,1518.0,34.1,155.0,0
0.0,300.7,310.4,1366.0,52.6,205.0,0
0.0,302.6,312.1,1439.0,52.3,35.0,0
2.0,300.7,311.9,1389.0,46.5,186.0,0
0.0,302.8,312.4,1529.0,36.8,237.0,0
1.0,302.3,311.8,1355.0,50.1,104.0,0
1.0,297.3,308.1,1370.0,58.8,199.0,0
2.0,299.7,309.5,1375.0,46.8,86.0,0
0.0,302.5,310.5,1507.0,39.5,147.0,0
0.0,299.9,309.5,2008.0,20.4,165.0,0
1.0,298.8,310.3,1528.0,37.1,99.0,0
1.0,298.6,309.6,1397.0,54.1,47.0,0
0.0,299.1,308.8,1502.0,46.7,197.0,0
0.0,299.1,310.3,1727.0,28.7,43.0,0
1.0,300.2,311.7,1397.0,50.2,71.0,0
0.0,297.1,308.2,1427.0,45.2,136.0,0
1.0,297.3,308.8,1447.0,57.4,134.0,0
1.0,298.9,309.8,2450.0,13.9,89.0,0
1.0,296.3,307.1,1534.0,33.8,151.0,0
0.0,298.3,308.5,1606.0,33.6,67.0,0
0.0,296.2,306.9,1526.0,34.9,140.0,0
2.0,302.5,311.9,1595.0,34.6,112.0,0
2.0,298.0,307.6,1420.0,45.8,150.0,0
1.0,302.3,310.9,1558.0,31.9,207.0,0
1.0,300.6,309.4,1452.0,39.4,78.0,0
1.0,301.9,310.9,1441.0,43.7,0.0,0
0.0,298.3,308.3,1452.0,45.5,63.0,0
1.0,298.3,307.8,1330.0,55.4,114.0,0
0.0,300.0,309.2,1759.0,27.9,5.0,0
0.0,302.4,311.3,1503.0,38.2,120.0,0
0.0,302.4,311.4,1475.0,40.4,126.0,0
0.0,303.1,311.2,1679.0,34.8,25.0,0
1.0,299.4,309.1,1500.0,43.3,10.0,0
1.0,300.5,309.3,1578.0,30.5,34.0,0
0.0,296.8,307.9,1448.0,48.8,31.0,0
0.0,300.7,309.6,1329.0,54.3,80.0,0
1.0,302.4,310.9,1435.0,42.3,83.0,0
0.0,298.1,308.3,1495.0,38.7,188.0,0
0.0,299.4,309.2,1564.0,39.0,26.0,0
1.0,300.9,309.4,1724.0,25.6,119.0,0
0.0,298.8,309.6,1613.0,27.7,143.0,0
0.0,301.2,311.4,1757.0,28.0,6.0,0
0.0,296.4,307.4,2833.0,5.6,213.0,1
1.0,303.6,312.8,1689.0,33.1,16.0,0
1.0,300.5,309.8,1555.0,38.9,166.0,0
0.0,297.6,308.7,1365.0,50.6,143.0,0
0.0,298.0,307.7,1422.0,45.6,140.0,0
1.0,300.2,309.8,1466.0,45.7,41.0,0
0.0,300.9,310.8,1482.0,37.0,5.0,0
2.0,302.3,311.8,1804.0,25.0,43.0,0
0.0,298.9,310.1,1510.0,38.0,52.0,0
0.0,298.3,309.3,1337.0,56.1,206.0,1
0.0,297.4,308.6,1276.0,53.6,103.0,0
0.0,299.4,308.8,1390.0,57.0,92.0,0
0.0,300.0,309.2,1566.0,34.4,18.0,0
1.0,300.5,311.5,1370.0,56.1,7.0,0
0.0,301.9,311.3,1366.0,55.6,57.0,0
0.0,295.6,306.2,1446.0,49.9,133.0,0
1.0,298.2,309.3,2056.0,18.7,144.0,0
1.0,300.6,310.8,1389.0,48.1,88.0,0
0.0,303.9,312.6,1642.0,32.3,127.0,0
0.0,297.0,307.8,1609.0,35.6,193.0,0
0.0,302.5,311.9,1265.0,59.8,119.0,0
1.0,297.4,309.3,1564.0,36.0,126.0,0
1.0,303.4,311.9,1510.0,42.2,36.0,0
0.0,301.8,311.3,1551.0,35.8,61.0,0
1.0,302.3,311.5,1445.0,44.8,65.0,0
0.0,301.3,310.7,1608.0,31.4,86.0,0
0.0,300.0,309.5,1506.0,38.8,87.0,0
2.0,299.8,310.6,1423.0,44.6,116.0,0
0.0,297.6,309.4,1628.0,33.4,229.0,0
1.0,298.2,307.7,1952.0,21.6,93.0,0
2.0,297.7,308.2,1526.0,40.1,165.0,0
1.0,296.0,306.6,1392.0,51.3,124.0,0
0.0,297.8,309.2,1372.0,47.3,15.0,0
0.0,302.5,310.9,1477.0,39.2,144.0,0
0.0,301.3,310.6,1440.0,53.8,90.0,0
1.0,296.5,307.4,1350.0,55.6,69.0,0
2.0,297.3,308.2,1653.0,31.4,9.0,0
1.0,300.7,311.9,1657.0,30.9,116.0,0
0.0,298.2,308.2,1466.0,42.4,164.0,0
1.0,299.5,310.1,1359.0,61.1,67.0,0
0.0,302.2,311.0,1463.0,46.8,150.0,0
2.0,299.3,308.8,1636.0,35.5,180.0,0
1.0,297.7,309.0,1531.0,42.4,38.0,0
0.0,298.2,307.8,1521.0,42.9,60.0,0
1.0,303.8,312.7,1374.0,53.6,136.0,0
1.0,297.2,307.9,1530.0,35.9,197.0,0
0.0,300.2,309.4,1981.0,21.4,44.0,0
0.0,303.2,311.4,1324.0,54.2,228.0,1
0.0,302.6,310.3,1642.0,33.2,82.0,0
0.0,301.1,309.6,1501.0,36.1,156.0,0
0.0,300.8,312.3,1435.0,44.8,134.0,0
1.0,301.8,310.2,1609.0,34.2,217.0,0
0.0,299.2,308.6,1582.0,38.8,156.0,0
1.0,298.8,310.1,1585.0,31.3,147.0,0
1.0,299.7,309.1,1603.0,38.5,170.0,0
1.0,299.7,310.5,1490.0,41.2,126.0,0
1.0,301.7,309.9,1434.0,47.9,189.0,0
0.0,297.4,308.5,1761.0,27.2,76.0,0
2.0,296.9,307.9,1547.0,32.6,79.0,0
2.0,298.6,308.8,1566.0,39.1,36.0,0
1.0,300.7,309.5,1633.0,31.3,90.0,0
0.0,298.2,308.3,1304.0,49.8,45.0,0
0.0,298.1,308.8,1432.0,43.4,68.0,0
0.0,297.7,309.3,1893.0,24.6,15.0,0
1.0,299.5,310.9,1577.0,34.6,159.0,0
0.0,297.2,308.5,1447.0,47.9,188.0,0
1.0,301.7,310.8,1954.0,21.6,198.0,0
0.0,303.7,313.0,1457.0,44.1,40.0,0
0.0,297.4,308.8,1462.0,49.7,132.0,0
0.0,303.9,312.7,1789.0,24.4,163.0,0
0.0,300.7,310.8,1486.0,37.1,186.0,0
1.0,299.9,310.5,1335.0,52.9,180.0,0
0.0,298.8,309.1,1393.0,52.6,167.0,0
2.0,298.9,310.1,1366.0,62.7,161.0,0
0.0,297.4,308.1,1729.0,31.7,204.0,0
1.0,295.6,306.2,1435.0,51.6,126.0,0
1.0,301.0,309.8,1594.0,31.1,143.0,0
0.0,297.4,308.4,1580.0,41.2,66.0,0
0.0,296.8,307.9,1489.0,33.4,123.0,0
0.0,301.2,311.6,1461.0,52.9,208.0,1
2.0,297.3,308.1,1554.0,42.4,158.0,0
0.0,302.3,311.0,1442.0,43.7,152.0,0
0.0,297.6,308.4,1353.0,57.5,88.0,0
0.0,301.5,310.6,1522.0,41.0,114.0,0
1.0,300.5,309.3,1881.0,25.5,98.0,0
1.0,298.9,310.0,1561.0,45.3,58.0,0
1.0,302.8,310.8,1451.0,44.7,32.0,0
0.0,303.4,312.3,1479.0,42.8,92.0,0
0.0,302.0,310.9,1446.0,44.0,64.0,0
0.0,302.5,310.4,1967.0,20.3,50.0,0
1.0,302.7,312.0,1652.0,31.0,81.0,0
1.0,297.4,308.4,1340.0,52.6,15.0,0
0.0,298.0,307.8,1623.0,29.9,24.0,0
0.0,298.2,307.8,1429.0,46.9,117.0,0
0.0,302.2,311.5,1413.0,43.5,83.0,0
0.0,301.4,310.3,1492.0,41.4,195.0,0
0.0,300.2,309.8,1827.0,23.0,6.0,0
1.0,298.7,309.6,1738.0,27.3,79.0,0
0.0,298.9,308.3,1660.0,34.4,9.0,0
0.0,298.6,309.6,1540.0,35.8,5.0,0
1.0,298.2,308.9,1614.0,35.5,15.0,0
1.0,301.4,310.8,1530.0,39.9,107.0,0
1.0,301.0,310.4,1793.0,25.0,142.0,0
1.0,300.1,311.4,1575.0,29.8,210.0,0
2.0,297.4,308.7,1623.0,33.8,127.0,0
1.0,300.1,309.2,1687.0,27.7,95.0,0
2.0,299.7,309.2,1572.0,32.8,142.0,0
0.0,298.3,308.6,1548.0,40.3,140.0,0
1.0,301.1,311.3,1909.0,22.7,38.0,0
0.0,300.3,309.6,1468.0,44.7,179.0,0
1.0,300.5,310.5,1469.0,42.9,14.0,0
0.0,298.2,308.3,2051.0,19.2,90.0,0
0.0,297.4,309.4,1620.0,35.4,51.0,0
1.0,297.5,309.2,1804.0,27.4,215.0,0
1.0,299.6,309.2,1867.0,23.4,225.0,1
0.0,298.7,310.2,1402.0,45.9,30.0,0
0.0,301.5,310.9,1671.0,31.1,170.0,0
0.0,298.4,309.5,1450.0,47.9,112.0,0
2.0,299.4,309.1,1547.0,40.9,50.0,0
0.0,303.6,312.5,1345.0,54.1,126.0,0
1.0,300.6,309.4,1312.0,45.2,73.0,0
1.0,298.4,308.2,1463.0,37.6,188.0,0
2.0,302.3,311.1,1543.0,37.5,73.0,0
0.0,300.8,312.0,1477.0,37.3,164.0,0
0.0,301.4,310.7,1786.0,26.1,123.0,0
0.0,301.1,311.1,1711.0,29.1,170.0,0
1.0,298.1,308.2,1420.0,63.9,19.0,1
0.0,300.8,311.7,1414.0,49.0,10.0,0
2.0,300.4,310.7,1656.0,36.3,127.0,0
0.0,299.9,311.3,1802.0,24.4,151.0,0
0.0,302.5,311.9,1497.0,41.6,123.0,0
0.0,301.5,310.7,1596.0,35.4,150.0,0
2.0,296.9,307.9,1557.0,36.5,63.0,0
0.0,297.5,308.9,1696.0,30.9,133.0,0
2.0,298.8,310.1,1380.0,44.0,56.0,0
0.0,298.9,310.6,1585.0,38.1,7.0,0
0.0,300.3,311.9,1609.0,34.0,177.0,0
2.0,301.5,310.8,1474.0,38.7,58.0,0
0.0,298.1,309.9,1563.0,32.8,51.0,0
0.0,296.9,308.4,1557.0,32.4,173.0,0
0.0,297.5,308.8,1309.0,57.3,0.0,0
1.0,302.6,311.0,1542.0,39.7,141.0,0
1.0,302.3,311.7,1368.0,53.6,165.0,0
1.0,298.3,308.4,1486.0,44.2,196.0,0
0.0,300.5,310.6,1448.0,46.3,173.0,0
2.0,298.0,308.7,1503.0,36.3,5.0,0
1.0,302.0,310.9,1558.0,45.3,193.0,0
0.0,303.8,313.0,1633.0,32.9,207.0,0
2.0,298.6,308.2,1555.0,36.8,36.0,0
2.0,302.2,311.7,1413.0,46.5,147.0,0
0.0,298.8,308.5,1395.0,44.4,33.0,0
0.0,303.2,311.4,1610.0,35.5,63.0,0
0.0,301.2,311.0,1596.0,37.2,219.0,0
0.0,298.8,309.9,1351.0,47.2,73.0,0
0.0,300.0,311.1,1425.0,47.8,179.0,0
0.0,300.7,311.1,2377.0,14.3,135.0,0
1.0,299.8,309.7,1705.0,28.5,103.0,0
0.0,304.1,313.2,1366.0,46.6,35.0,0
0.0,302.6,310.2,1325.0,62.4,92.0,1
0.0,298.4,309.5,1545.0,36.6,117.0,0
0.0,303.0,311.2,1755.0,30.4,205.0,0
1.0,301.7,310.1,1644.0,34.6,5.0,0
0.0,299.8,309.2,1439.0,36.1,203.0,0
0.0,298.6,308.2,1325.0,54.0,41.0,0
0.0,300.4,311.9,1476.0,48.7,189.0,0
0.0,298.1,308.4,1438.0,45.6,105.0,0
0.0,299.6,310.2,1333.0,51.2,40.0,0
1.0,297.9,307.9,1540.0,39.8,38.0,0
1.0,298.1,308.5,1382.0,54.5,17.0,0
1.0,300.7,311.1,1373.0,49.9,96.0,0
0.0,299.2,308.5,1340.0,50.0,144.0,0
1.0,302.6,312.1,1445.0,42.0,181.0,0
0.0,301.9,310.6,1467.0,39.3,32.0,0
1.0,299.1,310.4,1524.0,51.4,66.0,0
2.0,299.1,309.9,1443.0,40.3,0.0,0
0.0,299.7,311.1,1554.0,41.0,192.0,0
0.0,298.2,308.3,1402.0,51.0,141.0,0
0.0,302.1,311.2,1454.0,59.2,153.0,1
1.0,299.0,310.3,1494.0,46.6,144.0,0
0.0,300.7,311.8,1478.0,41.9,207.0,0
0.0,298.9,309.9,1590.0,31.3,98.0,0
1.0,297.9,307.3,1420.0,47.8,171.0,0
1.0,302.3,311.4,1571.0,32.7,17.0,0
2.0,303.4,311.9,1534.0,33.2,210.0,0
2.0,297.5,308.4,1587.0,36.1,98.0,0
0.0,300.7,310.2,1807.0,24.2,77.0,0
2.0,301.4,310.3,1611.0,41.5,11.0,0
0.0,300.0,311.2,1629.0,31.7,62.0,0
0.0,303.7,312.8,1832.0,23.6,35.0,0
2.0,299.3,310.4,1548.0,41.6,25.0,0
0.0,298.1,307.7,1664.0,27.6,145.0,0
0.0,299.2,308.3,1410.0,43.0,26.0,0
0.0,300.8,312.0,1382.0,49.3,177.0,0
0.0,301.9,310.9,1616.0,34.5,46.0,0
0.0,300.3,310.3,1345.0,46.3,50.0,0
0.0,301.8,310.6,1403.0,46.8,151.0,0
0.0,300.7,311.2,1457.0,51.4,61.0,0
1.0,303.1,312.3,1623.0,31.6,101.0,0
1.0,302.6,311.6,1227.0,68.2,187.0,1
0.0,300.7,310.3,1592.0,36.0,14.0,0
2.0,301.6,310.6,1555.0,40.4,139.0,0
0.0,300.5,311.5,1487.0,43.0,78.0,0
0.0,298.0,309.2,1731.0,28.7,38.0,0
0.0,301.2,310.3,1451.0,39.7,123.0,0
1.0,296.9,307.5,1332.0,51.1,121.0,0
0.0,299.7,309.2,1631.0,35.1,177.0,0
1.0,300.8,310.7,1483.0,40.8,28.0,0
0.0,301.7,310.1,1424.0,50.2,54.0,0
1.0,298.7,310.2,1598.0,33.3,36.0,0
1.0,299.4,310.7,1492.0,45.7,219.0,0
0.0,301.2,311.0,1670.0,33.0,200.0,0
1.0,299.3,308.7,1390.0,49.3,215.0,0
0.0,300.8,310.7,1461.0,42.8,173.0,0
0.0,297.9,307.7,1593.0,34.9,83.0,0
2.0,304.1,313.4,1696.0,29.6,65.0,0
0.0,302.5,311.5,1677.0,29.2,49.0,0
0.0,299.2,310.3,1352.0,48.9,238.0,1
0.0,304.0,313.2,1632.0,30.6,121.0,0
0.0,302.6,312.1,1782.0,26.8,198.0,0
1.0,300.2,309.4,1456.0,48.8,205.0,0
0.0,297.9,309.9,1542.0,33.8,33.0,0
0.0,302.5,311.9,1452.0,47.4,77.0,0
0.0,297.4,308.4,1434.0,39.9,2.0,0
0.0,302.8,312.1,1958.0,20.3,56.0,0
1.0,299.1,308.6,1491.0,38.5,166.0,0
1.0,298.8,308.7,1498.0,39.5,89.0,0
1.0,297.3,308.0,1598.0,29.4,148.0,0
1.0,298.5,308.0,1713.0,25.8,154.0,0
0.0,302.6,311.8,1627.0,31.8,23.0,0
0.0,297.2,308.4,1833.0,25.2,117.0,0
0.0,301.6,311.1,1907.0,21.5,102.0,0
2.0,295.9,306.5,1594.0,33.2,55.0,0
0.0,303.6,311.7,1546.0,38.5,64.0,0
0.0,299.0,310.3,1552.0,39.9,114.0,0
1.0,298.2,308.7,1426.0,42.6,23.0,0
1.0,298.6,310.1,1596.0,33.0,15.0,0
2.0,299.4,309.2,1513.0,36.1,212.0,0
1.0,299.2,308.6,1586.0,35.7,138.0,0
0.0,298.2,308.8,1302.0,60.4,34.0,0
1.0,297.4,308.0,1355.0,55.1,63.0,0
0.0,303.0,312.3,1533.0,38.5,134.0,0
0.0,303.2,311.3,1393.0,52.9,12.0,0
1.0,301.3,310.4,1635.0,32.5,110.0,0
1.0,298.5,308.7,1367.0,47.3,47.0,0
0.0,299.7,309.5,1352.0,49.7,184.0,0
0.0,300.8,311.3,1505.0,45.5,141.0,0
0.0,300.9,310.4,2021.0,18.8,30.0,0
0.0,298.3,309.0,1471.0,48.3,91.0,0
0.0,300.1,310.5,1532.0,36.0,109.0,0
0.0,301.9,311.0,1353.0,43.8,130.0,0
0.0,299.4,310.8,1622.0,33.6,217.0,0
2.0,296.3,307.1,1774.0,25.9,154.0,0
0.0,300.3,309.2,1650.0,35.2,196.0,0
1.0,300.3,310.4,1293.0,49.7,37.0,0
0.0,297.5,308.6,1536.0,39.0,202.0,0
2.0,299.3,308.9,1429.0,43.0,96.0,0
0.0,298.9,308.7,1558.0,41.2,110.0,0
2.0,301.7,311.2,1639.0,30.0,161.0,0
0.0,301.0,311.0,1437.0,56.0,33.0,0
0.0,298.8,308.6,1268.0,55.8,155.0,0
2.0,298.9,308.7,1500.0,41.6,187.0,0
0.0,302.5,310.3,1405.0,57.4,152.0,0
1.0,297.5,308.4,1369.0,54.8,145.0,0
1.0,302.0,310.8,1609.0,35.2,4.0,0
1.0,301.0,310.9,1359.0,53.4,180.0,0
0.0,302.3,311.0,1528.0,43.1,30.0,0
0.0,302.4,310.2,2224.0,16.0,154.0,0
0.0,297.2,308.6,1413.0,49.8,12.0,0
0.0,302.4,311.2,1450.0,47.9,154.0,0
1.0,298.0,308.1,1552.0,36.6,190.0,0
0.0,302.8,311.1,1563.0,32.2,78.0,0
0.0,301.3,311.2,1457.0,44.5,14.0,0
0.0,296.8,307.9,1271.0,61.4,125.0,0
2.0,297.3,307.9,1461.0,37.5,161.0,0
2.0,302.6,310.2,1873.0,21.3,87.0,0
0.0,298.3,309.1,1472.0,40.1,31.0,0
1.0,300.7,310.5,1594.0,31.0,196.0,0
0.0,295.6,306.0,1569.0,40.4,174.0,0
0.0,300.6,309.3,1601.0,40.2,69.0,0
0.0,301.7,311.0,1527.0,42.2,144.0,0
1.0,301.3,309.9,1565.0,36.0,213.0,0
0.0,303.5,311.9,1344.0,49.3,93.0,1
0.0,297.2,308.5,1518.0,44.3,163.0,0
1.0,298.8,309.9,1415.0,53.2,194.0,0
0.0,300.1,309.7,1601.0,35.8,160.0,0
0.0,298.4,309.0,1474.0,52.7,95.0,0
0.0,302.5,311.9,1553.0,40.1,187.0,0
0.0,296.9,307.7,1424.0,43.3,120.0,0
1.0,301.0,310.1,1681.0,27.4,212.0,0
1.0,297.4,307.9,1338.0,48.5,158.0,0
1.0,299.0,309.7,1418.0,44.7,209.0,0
0.0,300.9,311.0,1432.0,48.1,59.0,0
0.0,300.4,309.8,1549.0,38.9,150.0,0
0.0,302.5,310.4,1487.0,42.0,152.0,0
1.0,297.6,308.3,1538.0,40.2,0.0,0
0.0,300.7,309.5,1479.0,43.6,240.0,0
1.0,303.8,312.5,2344.0,15.2,146.0,0
1.0,303.1,311.1,1594.0,35.5,13.0,0
1.0,297.2,308.4,1863.0,26.0,110.0,0
0.0,298.4,308.0,1380.0,47.6,130.0,0
0.0,297.2,308.6,1392.0,41.5,108.0,0
0.0,302.5,312.2,1738.0,25.3,14.0,0
1.0,303.5,312.9,1438.0,42.8,106.0,0
0.0,302.0,310.7,1698.0,28.1,39.0,0
0.0,301.5,310.6,1522.0,36.6,202.0,0
1.0,300.9,311.3,1603.0,31.8,190.0,0
0.0,303.8,312.5,1368.0,52.6,123.0,0
0.0,300.9,310.9,1615.0,32.0,183.0,0
0.0,299.2,308.5,1544.0,41.6,146.0,0
1.0,297.5,308.2,1624.0,30.9,186.0,0
0.0,298.2,308.8,1345.0,44.3,37.0,0
0.0,300.5,309.3,1574.0,33.5,101.0,0
1.0,299.7,310.3,1429.0,47.7,35.0,0
2.0,297.9,309.2,1577.0,34.7,5.0,0
0.0,302.6,312.2,1377.0,45.5,54.0,0
0.0,302.4,312.0,1562.0,37.9,10.0,0
0.0,295.6,306.2,1612.0,31.2,131.0,0
1.0,300.8,309.6,1404.0,38.7,44.0,0
0.0,303.4,312.3,1287.0,54.8,54.0,0
0.0,299.7,309.2,1620.0,30.0,168.0,0
1.0,299.6,309.3,1577.0,39.8,48.0,0
0.0,299.2,308.5,1515.0,39.8,141.0,0
0.0,303.3,311.6,1484.0,44.6,223.0,0
0.0,298.9,310.1,1466.0,43.4,50.0,0
1.0,300.8,310.7,1924.0,22.4,36.0,0
0.0,297.3,308.6,1385.0,55.2,156.0,0
0.0,301.6,310.7,1380.0,51.8,216.0,1
1.0,297.6,308.5,1466.0,39.7,34.0,0
2.0,300.5,311.6,1506.0,36.2,10.0,0
0.0,301.3,311.1,1413.0,42.0,221.0,0
0.0,302.0,310.6,1361.0,46.7,182.0,0
0.0,299.3,309.1,1795.0,24.7,187.0,0
1.0,302.4,311.2,1330.0,58.6,201.0,0
1.0,297.9,309.2,1529.0,38.1,96.0,0
0.0,300.5,310.3,1683.0,31.5,8.0,0
1.0,298.5,309.7,1354.0,60.8,96.0,0
1.0,298.9,309.0,1812.0,25.9,174.0,0
1.0,299.3,308.5,1496.0,39.4,80.0,0
1.0,300.2,311.8,1748.0,28.5,184.0,0
1.0,297.3,308.3,1341.0,51.9,51.0,0
1.0,301.7,310.7,1659.0,29.9,73.0,0
0.0,300.4,311.5,1704.0,29.7,103.0,0
0.0,297.4,308.3,1412.0,42.0,111.0,0
0.0,302.8,312.6,1462.0,39.4,22.0,0
0.0,302.3,311.4,1570.0,37.2,15.0,0
1.0,299.5,310.9,1378.0,48.7,119.0,0
0.0,301.3,310.9,1760.0,23.9,76.0,0
0.0,297.5,308.6,1596.0,36.0,141.0,0
0.0,301.1,311.1,1470.0,40.9,125.0,0
1.0,299.2,310.4,1395.0,55.4,76.0,0
0.0,302.2,310.7,1567.0,36.4,100.0,0
0.0,299.6,311.0,1430.0,38.3,124.0,0
1.0,300.4,311.7,1478.0,39.9,185.0,0
2.0,300.7,310.8,1296.0,58.2,204.0,0
0.0,300.7,311.1,1440.0,43.0,148.0,0
0.0,298.9,310.2,1533.0,42.8,138.0,0
0.0,302.3,311.4,1333.0,66.7,205.0,1
0.0,302.5,310.5,1436.0,36.5,43.0,0
0.0,302.1,311.2,1417.0,48.0,13.0,0
1.0,302.2,310.8,1356.0,48.3,36.0,0
2.0,298.0,309.4,1562.0,38.1,58.0,0
2.0,298.8,309.8,1490.0,35.9,171.0,0
1.0,299.2,308.6,1631.0,35.4,64.0,0
2.0,298.6,309.6,1449.0,42.5,16.0,0
2.0,298.2,307.9,1491.0,39.7,181.0,0
0.0,299.8,311.2,1564.0,40.0,172.0,0
0.0,303.1,311.2,1435.0,40.1,219.0,0
0.0,300.7,310.6,1491.0,43.2,187.0,0
0.0,301.5,310.5,1593.0,32.9,155.0,0
1.0,297.4,309.0,1520.0,37.0,147.0,0
0.0,296.9,307.9,1367.0,47.1,204.0,0
0.0,301.6,310.1,1362.0,55.8,70.0,1
0.0,300.5,311.5,1316.0,49.7,55.0,0
0.0,299.7,309.3,1546.0,37.2,4.0,0
1.0,295.3,305.8,1589.0,36.2,184.0,0
0.0,302.2,311.3,1570.0,36.1,0.0,0
0.0,304.0,312.9,1363.0,62.5,200.0,1
0.0,300.5,311.0,1759.0,28.3,13.0,0
1.0,303.9,313.0,1475.0,41.0,11.0,0
0.0,302.3,311.0,1591.0,32.7,171.0,0
1.0,297.3,308.4,1521.0,38.2,87.0,0
1.0,298.3,308.0,1766.0,26.0,96.0,0
0.0,297.9,308.6,1691.0,29.6,116.0,0
0.0,301.2,310.8,1711.0,28.9,38.0,0
0.0,303.4,311.5,1424.0,50.8,128.0,0
1.0,298.3,309.4,1509.0,34.2,141.0,0
0.0,298.3,309.1,1537.0,43.0,123.0,0
0.0,299.8,311.2,2142.0,16.6,144.0,0
0.0,300.6,311.7,1528.0,43.9,185.0,0
1.0,299.4,309.4,1326.0,47.5,35.0,0
1.0,295.7,306.3,1462.0,44.3,37.0,0
0.0,302.3,310.1,1653.0,29.7,34.0,0
0.0,297.5,309.0,1320.0,54.7,179.0,0
1.0,302.1,311.0,1351.0,60.3,207.0,1
0.0,302.5,311.4,1559.0,37.6,209.0,0
0.0,297.6,308.6,1664.0,30.1,81.0,0
2.0,299.8,310.2,1573.0,33.3,168.0,0
1.0,300.1,309.5,1462.0,42.8,50.0,0
0.0,300.7,312.2,1590.0,38.5,148.0,0
1.0,298.9,308.6,1469.0,34.2,93.0,0
1.0,297.2,308.3,1326.0,57.2,100.0,0
1.0,301.8,310.7,1383.0,45.7,44.0,0
1.0,299.4,309.9,1567.0,40.6,87.0,0
0.0,300.6,310.8,1378.0,51.2,119.0,0
0.0,298.6,309.8,2271.0,16.2,218.0,1
0.0,302.6,312.1,1473.0,37.3,184.0,0
1.0,303.7,312.7,1612.0,36.3,200.0,0
0.0,299.7,309.2,1401.0,54.1,118.0,0
0.0,298.2,308.3,2057.0,18.0,168.0,0
2.0,300.7,312.1,1490.0,43.1,159.0,0
0.0,303.4,312.7,1363.0,45.5,26.0,0
0.0,298.7,309.9,1617.0,33.0,203.0,0
0.0,299.0,310.1,1580.0,41.9,55.0,0
0.0,302.8,312.3,1366.0,49.1,221.0,0
0.0,301.2,310.2,1385.0,42.3,42.0,0
0.0,301.0,310.5,1429.0,39.4,98.0,0
0.0,300.2,309.1,1479.0,47.0,22.0,0
0.0,297.4,308.2,1639.0,33.8,39.0,0
1.0,302.5,312.0,1642.0,29.1,46.0,0
0.0,303.5,312.0,1761.0,25.8,105.0,0
1.0,298.3,307.9,1485.0,42.0,117.0,0
1.0,298.1,308.8,1434.0,41.8,93.0,0
0.0,299.9,311.4,1627.0,36.7,118.0,0
0.0,298.6,309.4,1525.0,37.8,54.0,0
0.0,299.1,310.5,1437.0,43.1,40.0,0
0.0,300.5,309.9,1480.0,40.0,148.0,0
0.0,303.9,313.2,1481.0,44.1,197.0,0
2.0,299.3,308.6,1520.0,41.4,67.0,0
0.0,298.0,308.8,1757.0,29.1,71.0,0
2.0,299.1,308.3,1521.0,36.5,40.0,0
0.0,298.1,308.5,1665.0,29.6,20.0,0
0.0,300.3,309.5,1551.0,37.9,42.0,0
0.0,298.1,307.9,2161.0,17.5,5.0,0
0.0,301.8,310.7,1680.0,32.4,76.0,0
1.0,301.7,310.9,1435.0,48.0,66.0,0
0.0,297.3,308.7,1491.0,40.2,112.0,0
0.0,300.7,310.2,1569.0,32.8,31.0,0
1.0,300.3,311.2,1783.0,25.6,139.0,0
0.0,298.5,309.5,1547.0,33.1,68.0,0
0.0,297.3,308.4,1417.0,47.8,31.0,0
0.0,302.3,311.7,1510.0,38.7,141.0,0
1.0,300.3,311.4,1371.0,50.2,109.0,0
0.0,297.9,307.8,1373.0,50.2,130.0,0
0.0,300.2,311.6,1999.0,21.0,19.0,0
0.0,302.0,310.6,1583.0,35.2,171.0,0
1.0,298.7,309.7,1868.0,23.8,118.0,0
0.0,300.5,309.6,1390.0,48.4,194.0,0
0.0,302.0,311.2,1434.0,44.9,15.0,0
0.0,300.7,309.8,1330.0,54.4,171.0,0
2.0,296.5,307.4,1432.0,49.2,64.0,0
2.0,297.9,308.0,1800.0,24.8,44.0,0
1.0,298.0,309.2,1558.0,41.7,35.0,0
0.0,301.1,311.1,1570.0,41.6,202.0,0
0.0,301.1,312.4,1430.0,37.9,124.0,0
0.0,304.1,313.2,1468.0,39.4,148.0,0
0.0,301.3,310.5,1406.0,47.1,83.0,0
1.0,297.1,308.5,1621.0,32.4,194.0,0
0.0,303.7,312.7,1989.0,22.4,166.0,0
0.0,301.7,310.2,1471.0,51.1,8.0,0
0.0,299.8,310.2,1911.0,23.5,166.0,0
0.0,297.3,308.7,1556.0,36.7,114.0,0
2.0,299.6,309.1,1588.0,41.3,0.0,0
0.0,301.5,310.6,1381.0,50.7,206.0,0
0.0,301.6,311.2,1408.0,42.9,89.0,0
0.0,299.0,308.6,1329.0,60.5,120.0,0
0.0,300.3,309.8,1466.0,41.2,156.0,0
2.0,302.3,311.5,1526.0,38.2,47.0,0
0.0,299.3,309.2,1775.0,24.2,125.0,0
1.0,296.3,307.2,1286.0,51.1,177.0,0
1.0,298.7,309.8,1475.0,40.5,59.0,0
0.0,301.8,309.7,1598.0,30.4,124.0,0
1.0,299.7,309.6,1534.0,39.1,176.0,0
0.0,297.6,309.1,1449.0,49.1,174.0,0
2.0,299.1,308.2,1450.0,46.1,112.0,0
0.0,303.8,312.8,1416.0,58.7,156.0,0
2.0,300.3,311.6,1463.0,41.6,102.0,0
2.0,303.4,312.2,1554.0,36.8,85.0,0
0.0,301.5,310.7,1323.0,49.7,79.0,0
0.0,296.9,307.9,1359.0,56.5,110.0,0
1.0,296.9,307.8,1828.0,24.6,91.0,0
1.0,297.7,309.0,1504.0,40.4,35.0,0
0.0,298.7,309.9,1464.0,38.0,74.0,0
1.0,302.3,311.2,1454.0,43.8,112.0,0
0.0,300.8,310.6,1577.0,37.9,227.0,1
1.0,302.2,310.5,1507.0,40.4,111.0,0
0.0,302.0,311.0,1632.0,34.2,18.0,0
1.0,301.0,310.7,1497.0,37.6,116.0,0
2.0,297.7,308.4,1738.0,27.7,96.0,0
0.0,298.9,308.3,1432.0,48.9,38.0,0
1.0,301.2,310.9,1359.0,50.8,118.0,0
0.0,298.5,308.0,1404.0,48.1,32.0,0
0.0,300.5,310.6,1950.0,20.3,208.0,0
0.0,300.0,310.5,1412.0,52.4,142.0,0
0.0,298.8,308.3,1634.0,27.9,12.0,0
0.0,298.1,307.5,1391.0,57.4,161.0,0
2.0,302.5,312.0,1579.0,35.7,167.0,0
0.0,300.5,309.5,1542.0,38.5,108.0,0
1.0,299.6,309.4,1283.0,62.1,83.0,0
2.0,299.0,310.0,1387.0,45.2,110.0,0
1.0,302.5,312.0,1591.0,29.4,192.0,0
0.0,298.1,308.5,1676.0,30.5,22.0,0
1.0,298.6,309.4,1407.0,45.1,176.0,0
0.0,299.5,309.3,1382.0,61.0,140.0,0
0.0,301.6,310.9,1706.0,29.5,193.0,0
1.0,298.0,307.5,1427.0,43.6,101.0,0
0.0,301.6,310.9,1538.0,40.4,13.0,0
1.0,298.6,309.8,1419.0,44.9,115.0,0
0.0,303.7,312.4,1535.0,38.6,107.0,0
0.0,303.7,312.6,1621.0,38.8,182.0,0
0.0,299.1,308.9,1445.0,43.4,197.0,0
0.0,302.5,311.2,1545.0,40.1,165.0,0
1.0,298.9,309.8,1392.0,43.1,218.0,0
0.0,300.0,309.4,1460.0,43.5,102.0,0
0.0,299.6,310.2,1588.0,34.1,38.0,0
2.0,303.6,312.4,1436.0,45.6,9.0,0
2.0,302.9,312.5,1357.0,55.0,12.0,0
0.0,300.5,310.5,1515.0,36.6,54.0,0
1.0,298.6,309.7,1675.0,28.4,115.0,0
2.0,297.3,308.5,1435.0,55.0,104.0,0
1.0,302.3,311.0,1421.0,41.3,182.0,0
2.0,301.2,309.9,1362.0,50.7,25.0,0
0.0,298.8,309.7,1751.0,29.6,160.0,0
1.0,302.2,311.7,1584.0,36.2,63.0,0
0.0,298.2,308.2,1436.0,50.2,43.0,0
0.0,300.6,311.8,1501.0,44.8,226.0,0
0.0,298.9,310.0,1776.0,25.7,51.0,0
0.0,302.5,311.1,1499.0,38.8,135.0,0
2.0,303.4,312.3,1522.0,42.1,62.0,0
0.0,300.4,311.4,1552.0,28.8,135.0,0
0.0,302.4,311.7,1721.0,26.9,112.0,0
0.0,301.6,311.2,1525.0,43.7,91.0,0
1.0,300.7,311.2,1769.0,26.5,63.0,0
1.0,299.2,308.4,1330.0,51.2,56.0,0
0.0,301.3,310.7,1761.0,24.3,174.0,0
0.0,297.5,308.5,1597.0,36.4,112.0,0
1.0,302.2,310.1,1421.0,45.4,9.0,0
0.0,298.4,308.0,1540.0,37.8,7.0,0
1.0,303.9,313.2,1570.0,40.7,74.0,0
1.0,302.7,311.7,1759.0,29.9,5.0,0
0.0,298.1,307.7,1388.0,40.3,109.0,0
0.0,297.6,308.3,1502.0,43.2,139.0,0
0.0,300.3,310.1,1483.0,39.9,174.0,0
0.0,300.8,310.9,1748.0,29.9,140.0,0
0.0,299.1,310.1,1336.0,61.3,94.0,0
2.0,300.4,310.1,1484.0,38.0,198.0,0
2.0,300.2,311.0,1777.0,27.5,151.0,0
0.0,296.8,307.9,1372.0,49.0,140.0,0
0.0,301.1,311.2,1910.0,20.2,41.0,0
1.0,298.6,310.2,1328.0,50.5,12.0,0
1.0,301.1,312.3,1852.0,25.9,131.0,0
0.0,302.8,310.6,1617.0,37.9,207.0,0
0.0,297.9,309.8,1336.0,71.6,31.0,1
1.0,303.4,311.8,1316.0,50.9,69.0,1
0.0,302.4,311.8,1465.0,40.2,143.0,0
0.0,298.2,308.1,1622.0,34.9,67.0,0
1.0,299.5,309.3,1675.0,29.2,132.0,0
1.0,302.3,311.0,1526.0,37.7,171.0,0
0.0,301.7,310.7,1763.0,25.9,3.0,0
0.0,298.4,309.2,1345.0,52.7,196.0,0
0.0,299.0,309.1,1523.0,38.6,177.0,0
1.0,298.5,309.3,1551.0,34.7,121.0,0
0.0,298.9,308.5,1429.0,55.1,140.0,0
0.0,301.3,311.0,1348.0,44.5,78.0,0
0.0,301.4,310.8,1610.0,34.6,187.0,0
0.0,299.6,310.8,1400.0,40.8,118.0,0
0.0,301.0,311.0,1581.0,37.0,127.0,0
0.0,300.6,310.4,2007.0,19.8,116.0,0
1.0,297.0,307.8,1579.0,34.1,94.0,0
2.0,301.2,309.8,1709.0,27.0,151.0,0
1.0,302.5,312.0,1451.0,43.2,189.0,0
0.0,302.0,310.9,1455.0,43.2,220.0,0
0.0,299.0,310.3,1437.0,47.8,99.0,0
0.0,299.0,309.1,1394.0,45.1,179.0,0
0.0,297.4,308.3,1704.0,27.3,65.0,0
0.0,302.4,311.8,1648.0,30.0,122.0,0
1.0,297.5,308.6,1486.0,45.9,78.0,0
2.0,300.9,311.4,1387.0,42.7,121.0,0
1.0,302.1,311.1,1605.0,37.6,171.0,0
0.0,300.4,309.5,1349.0,50.4,30.0,0
2.0,301.0,310.6,1366.0,50.6,106.0,0
1.0,298.0,307.6,1792.0,26.0,119.0,0
0.0,300.3,311.5,1667.0,28.8,56.0,0
0.0,301.8,311.0,1651.0,32.5,195.0,0
0.0,303.0,312.6,1451.0,42.1,125.0,0
0.0,297.5,308.5,1459.0,39.7,69.0,0
0.0,298.4,309.2,1610.0,32.4,194.0,0
1.0,302.1,311.4,1419.0,36.2,47.0,0
0.0,297.1,308.0,1467.0,42.8,169.0,0
0.0,301.2,311.0,1573.0,32.8,57.0,0
0.0,297.0,307.7,1731.0,28.5,186.0,0
0.0,297.8,307.7,1505.0,39.7,25.0,0
2.0,301.0,310.0,1212.0,67.9,30.0,0
0.0,298.3,308.9,1862.0,27.0,172.0,0
0.0,302.3,310.9,1459.0,35.0,32.0,0
0.0,302.3,311.2,1401.0,49.7,118.0,0
0.0,298.0,308.6,1626.0,33.3,50.0,0
1.0,299.2,308.7,1401.0,47.0,198.0,0
1.0,299.5,308.9,1448.0,42.9,74.0,0
0.0,298.6,309.0,1456.0,47.7,0.0,0
2.0,300.4,311.4,1445.0,52.4,105.0,0
2.0,300.6,311.7,1427.0,44.6,87.0,0
0.0,300.1,309.4,2141.0,17.9,33.0,0
0.0,301.0,310.7,1300.0,57.2,174.0,0
1.0,300.1,309.1,1731.0,30.4,92.0,0
0.0,295.6,306.2,1443.0,48.9,33.0,0
1.0,300.8,310.5,1330.0,59.0,190.0,0
0.0,300.8,309.9,1312.0,65.3,192.0,1
1.0,300.6,309.9,1449.0,42.4,169.0,0
1.0,295.6,306.2,1477.0,45.0,40.0,0
0.0,303.6,312.7,1418.0,44.1,118.0,0
1.0,297.0,308.1,1363.0,45.3,196.0,0
1.0,303.8,313.2,1732.0,29.6,147.0,0
0.0,298.3,308.3,1444.0,43.8,176.0,0
0.0,298.8,308.9,1455.0,41.3,208.0,1
0.0,302.3,311.2,1786.0,24.3,81.0,0
0.0,303.1,311.2,1452.0,52.9,11.0,0
1.0,298.8,309.1,1472.0,47.5,125.0,0
0.0,301.2,310.9,1467.0,37.1,153.0,0
0.0,300.8,312.4,1465.0,59.1,91.0,1
0.0,299.4,309.1,1304.0,50.5,153.0,0
1.0,298.8,308.6,1486.0,41.1,13.0,0
1.0,298.0,308.6,1254.0,55.8,65.0,0
0.0,299.1,310.1,1373.0,55.6,108.0,0
1.0,300.6,309.8,1447.0,42.9,12.0,0
2.0,297.4,308.8,1324.0,53.5,169.0,0
1.0,300.4,309.3,1467.0,40.3,166.0,0
0.0,297.9,307.8,1459.0,46.9,85.0,0
0.0,304.2,313.3,1410.0,51.6,47.0,0
0.0,299.0,310.1,1463.0,37.4,56.0,0
0.0,302.4,311.0,1329.0,54.6,176.0,0
0.0,301.4,310.7,1280.0,61.0,106.0,0
1.0,302.3,310.1,1731.0,33.4,112.0,0
0.0,303.7,312.4,1316.0,59.3,137.0,0
1.0,299.4,309.2,1470.0,44.4,135.0,0
0.0,299.8,310.4,1698.0,28.3,103.0,0
0.0,301.6,310.4,1599.0,41.7,116.0,0
0.0,300.8,309.7,1418.0,46.6,12.0,0
1.0,302.3,310.9,1523.0,43.2,210.0,0
0.0,297.4,308.7,1468.0,46.6,94.0,0
1.0,297.6,308.8,1416.0,45.9,101.0,0
2.0,298.3,309.1,1646.0,30.2,125.0,0
0.0,302.3,310.9,1529.0,33.4,62.0,0
0.0,300.4,310.0,1581.0,30.3,42.0,0
1.0,303.3,311.8,1548.0,33.5,75.0,0
1.0,299.6,310.1,1357.0,48.7,96.0,0
1.0,300.5,309.7,1389.0,43.3,9.0,0
0.0,298.6,308.2,1705.0,26.3,177.0,0
0.0,298.1,308.4,1436.0,46.7,103.0,0
1.0,301.5,311.1,1660.0,33.8,115.0,0
0.0,300.4,309.5,1543.0,38.9,37.0,0
0.0,299.6,309.0,1525.0,42.8,160.0,0
0.0,297.6,308.6,1553.0,40.5,135.0,0
0.0,296.9,307.7,1653.0,35.9,177.0,0
0.0,302.5,310.2,1477.0,41.6,16.0,0
0.0,299.7,310.6,1616.0,35.1,142.0,0
2.0,297.2,307.9,1450.0,37.2,151.0,0
0.0,297.7,308.2,1334.0,53.0,156.0,0
1.0,303.6,311.8,1432.0,42.5,150.0,0
1.0,303.8,312.7,1507.0,38.5,180.0,0
1.0,300.7,309.5,1393.0,43.9,81.0,0
0.0,298.2,308.4,1388.0,53.8,137.0,0
0.0,302.1,310.9,1477.0,41.4,184.0,0
0.0,303.5,312.4,1574.0,32.7,175.0,0
0.0,299.8,309.1,1578.0,42.1,191.0,0
0.0,302.1,311.3,1477.0,43.6,196.0,0
0.0,297.6,308.7,1460.0,46.7,150.0,0
1.0,299.2,308.5,1526.0,37.3,135.0,0
0.0,299.7,309.0,1605.0,33.0,151.0,0
0.0,299.3,308.5,1409.0,44.8,91.0,0
1.0,298.9,310.7,1638.0,33.6,218.0,0
0.0,303.6,312.3,1616.0,29.3,226.0,0
0.0,297.4,308.4,1664.0,28.1,67.0,0
0.0,303.9,313.0,1403.0,48.3,10.0,0
0.0,300.5,311.9,1350.0,51.7,18.0,0
0.0,300.6,311.7,1488.0,47.7,22.0,0
1.0,302.5,312.0,1487.0,46.1,175.0,0
0.0,299.4,310.8,1376.0,53.9,215.0,1
1.0,298.9,309.9,1357.0,54.5,121.0,0
0.0,297.4,308.5,1692.0,34.3,83.0,0
1.0,300.1,309.0,1612.0,33.0,34.0,0
0.0,301.3,310.6,1966.0,22.6,161.0,0
0.0,297.0,307.7,1315.0,60.1,128.0,0
0.0,300.3,309.1,1368.0,46.0,171.0,0
0.0,300.8,310.7,1339.0,59.1,203.0,1
0.0,301.5,310.6,1579.0,28.0,220.0,0
1.0,298.5,308.6,1344.0,53.0,114.0,0
1.0,297.3,308.8,1586.0,32.7,131.0,0
0.0,300.1,311.4,1629.0,31.3,41.0,0
0.0,298.1,309.0,1592.0,33.9,85.0,0
0.0,297.1,308.5,1578.0,35.6,46.0,0
0.0,300.4,309.7,1679.0,30.1,136.0,0
1.0,300.0,309.6,1491.0,42.0,29.0,0
0.0,304.2,313.4,1735.0,28.9,192.0,0
0.0,297.3,308.7,1467.0,36.8,216.0,0
0.0,302.7,310.6,1501.0,48.7,4.0,0
0.0,297.5,308.3,1596.0,36.8,77.0,0
2.0,298.8,309.8,1510.0,44.2,35.0,0
2.0,299.4,309.3,1439.0,49.7,9.0,0
0.0,302.6,310.6,1549.0,37.5,199.0,0
0.0,301.3,311.1,1723.0,27.6,210.0,0
1.0,296.9,307.9,1385.0,44.8,144.0,0
0.0,298.2,307.8,1530.0,35.9,68.0,0
0.0,300.1,311.3,1305.0,64.7,66.0,0
1.0,301.8,311.1,1647.0,31.6,6.0,0
1.0,297.4,308.6,1901.0,22.1,81.0,0
1.0,299.8,309.1,1456.0,39.4,209.0,0
0.0,302.3,311.7,1701.0,27.5,145.0,0
1.0,296.1,307.0,1523.0,42.0,164.0,0
0.0,296.2,307.3,1711.0,29.9,42.0,0
0.0,300.7,310.4,1543.0,47.3,203.0,0
0.0,301.2,311.1,1550.0,39.7,20.0,0
1.0,302.2,311.2,1377.0,43.0,91.0,0
0.0,299.1,310.2,1598.0,33.4,20.0,0
0.0,296.7,307.8,1605.0,31.3,128.0,0
1.0,297.1,307.9,1662.0,26.9,183.0,0
0.0,301.5,310.7,1423.0,44.0,222.0,0
2.0,296.9,308.3,1474.0,39.2,177.0,0
0.0,300.0,309.7,1586.0,37.8,103.0,0
0.0,300.1,311.4,1604.0,35.0,191.0,0
0.0,297.7,308.9,1575.0,39.9,12.0,0
0.0,297.8,307.9,1447.0,48.6,46.0,0
1.0,301.0,309.7,1511.0,39.3,146.0,0
2.0,297.3,308.8,1564.0,38.0,191.0,0
2.0,298.3,310.1,1509.0,37.6,85.0,0
0.0,297.7,307.2,1444.0,40.0,17.0,0
0.0,301.3,311.0,1576.0,30.4,151.0,0
0.0,300.8,311.1,1480.0,41.1,176.0,0
1.0,299.2,308.5,1742.0,28.9,150.0,0
1.0,302.6,310.2,1563.0,39.0,97.0,0
0.0,300.2,309.7,1678.0,30.5,142.0,0
1.0,300.1,308.9,1548.0,38.4,31.0,0
0.0,298.4,308.2,1618.0,33.0,61.0,0
1.0,301.1,310.7,1583.0,40.7,2.0,0
2.0,299.0,310.0,1569.0,34.3,132.0,0
0.0,303.9,312.6,1426.0,53.4,172.0,0
0.0,299.1,308.8,1413.0,42.1,86.0,0
0.0,299.8,309.2,1400.0,42.6,210.0,0
1.0,300.3,311.1,1477.0,44.2,166.0,0
0.0,300.5,311.6,1509.0,47.2,202.0,0
0.0,301.1,311.3,1498.0,37.6,11.0,0
1.0,296.7,307.5,1515.0,42.1,55.0,0
2.0,297.4,308.6,1461.0,40.1,126.0,0
2.0,302.9,312.3,1417.0,48.7,26.0,0
1.0,302.1,311.0,1711.0,28.7,83.0,0
0.0,299.2,308.5,1374.0,53.6,143.0,0
1.0,297.3,308.6,1471.0,50.7,157.0,0
2.0,297.4,308.3,1771.0,27.4,100.0,0
0.0,303.8,313.0,1452.0,38.6,72.0,0
0.0,299.3,309.1,1388.0,45.5,123.0,0
0.0,298.0,308.5,1404.0,46.6,201.0,0
0.0,302.8,312.1,1441.0,52.1,79.0,0
0.0,302.0,310.5,1978.0,22.0,106.0,0
0.0,299.4,310.5,1372.0,46.3,173.0,0
0.0,302.1,311.4,1549.0,44.6,31.0,0
0.0,297.9,309.1,1521.0,36.1,15.0,0
0.0,297.4,308.4,1343.0,40.0,61.0,0
0.0,299.1,308.3,1325.0,46.9,28.0,0
0.0,300.3,311.8,1551.0,37.2,9.0,0
0.0,299.8,311.1,1603.0,35.1,179.0,0
1.0,295.5,305.9,1453.0,47.3,9.0,0
0.0,297.9,308.0,1954.0,21.1,42.0,0
0.0,303.4,311.5,1879.0,21.3,78.0,0
0.0,302.4,311.4,1450.0,44.1,56.0,0
0.0,298.7,310.2,1363.0,45.5,28.0,0
0.0,301.5,310.5,1372.0,44.0,203.0,0
0.0,303.0,311.0,1359.0,44.2,115.0,1
2.0,298.2,308.8,1436.0,51.9,153.0,0
0.0,300.3,310.6,1433.0,53.8,86.0,0
1.0,301.9,310.5,1590.0,40.3,130.0,0
0.0,297.9,309.0,1532.0,37.6,47.0,0
0.0,299.2,308.5,1387.0,51.1,98.0,0
0.0,301.5,311.1,1731.0,27.9,101.0,0
0.0,300.3,311.7,1445.0,47.3,15.0,0
1.0,296.2,307.2,1389.0,48.6,7.0,0
0.0,301.3,310.0,1506.0,40.8,11.0,0
2.0,300.3,309.7,1452.0,41.5,139.0,0
2.0,300.8,310.6,1465.0,44.1,136.0,0
0.0,298.8,308.9,1402.0,37.9,2.0,0
0.0,296.4,307.4,1403.0,48.4,70.0,0
1.0,301.7,310.5,1724.0,33.0,171.0,0
0.0,299.7,311.1,1650.0,32.4,60.0,0
0.0,303.5,312.9,1544.0,36.9,87.0,0
0.0,301.7,310.1,1487.0,48.0,36.0,0
1.0,298.8,309.9,1331.0,61.6,46.0,0
0.0,296.9,308.0,1521.0,34.5,84.0,0
0.0,297.8,307.8,1761.0,28.9,128.0,0
0.0,295.7,306.2,1397.0,52.0,101.0,0
1.0,301.5,310.6,1424.0,47.0,26.0,0
0.0,298.9,310.5,1640.0,29.2,195.0,0
0.0,302.6,311.7,1542.0,34.1,137.0,0
1.0,300.0,309.6,1587.0,32.6,152.0,0
1.0,298.2,309.0,1353.0,50.3,150.0,0
1.0,302.5,311.0,1563.0,35.6,190.0,0
0.0,301.4,310.9,1414.0,38.8,162.0,0
1.0,300.7,311.1,1438.0,46.6,103.0,0
1.0,296.3,307.3,1368.0,49.5,10.0,0
1.0,300.8,312.4,1811.0,25.1,136.0,0
0.0,299.7,309.3,1779.0,25.5,129.0,0
0.0,299.2,310.6,1534.0,39.7,83.0,0
0.0,304.2,313.3,1464.0,45.9,48.0,0
1.0,301.7,310.0,1391.0,50.6,195.0,0
0.0,298.8,309.5,1374.0,48.1,159.0,0
1.0,298.2,309.0,1441.0,44.2,147.0,0
1.0,303.4,311.4,1606.0,29.6,122.0,0
0.0,300.4,311.4,1424.0,44.6,127.0,0
0.0,303.7,312.8,1543.0,38.3,61.0,0
0.0,302.0,310.0,1449.0,48.8,181.0,0
1.0,298.3,309.4,1595.0,29.0,103.0,0
1.0,298.6,310.1,1458.0,41.9,61.0,0
0.0,300.5,312.0,1461.0,38.1,39.0,0
0.0,300.4,312.0,1631.0,34.9,115.0,0
0.0,299.3,308.5,1485.0,44.7,78.0,0
2.0,303.0,312.2,1624.0,28.8,117.0,0
1.0,296.9,308.1,1357.0,41.8,127.0,0
1.0,297.3,308.8,1469.0,44.1,150.0,0
0.0,304.4,313.6,1507.0,43.1,13.0,0
0.0,301.3,310.7,1536.0,39.3,31.0,0
0.0,297.4,308.6,1324.0,59.1,118.0,0
0.0,299.1,310.1,1435.0,48.8,229.0,1
0.0,300.8,311.4,1316.0,57.6,43.0,0
1.0,298.7,309.5,1487.0,33.6,183.0,0
0.0,300.9,312.4,1372.0,51.0,142.0,0
0.0,301.7,310.6,1471.0,43.8,80.0,0
0.0,297.5,308.7,1443.0,46.2,110.0,0
1.0,299.0,310.3,1635.0,34.5,168.0,0
1.0,297.0,308.1,1573.0,34.9,93.0,0
1.0,298.6,309.4,1464.0,36.9,179.0,0
0.0,299.7,309.1,1483.0,41.1,208.0,0
0.0,299.1,308.2,1409.0,46.4,12.0,0
0.0,299.2,308.4,1436.0,41.8,28.0,0
1.0,300.6,309.6,1365.0,50.0,70.0,0
0.0,297.8,308.8,1559.0,35.2,66.0,0
1.0,299.3,310.9,1826.0,25.1,2.0,0
0.0,298.6,309.3,1702.0,27.6,143.0,0
1.0,303.9,313.4,1464.0,49.1,171.0,0
2.0,297.1,308.2,1790.0,30.3,128.0,0
0.0,296.6,307.4,1521.0,38.6,173.0,0
0.0,298.6,309.9,1461.0,45.7,49.0,0
1.0,299.6,309.4,1642.0,30.3,80.0,0
0.0,300.9,312.0,1533.0,44.0,162.0,0
0.0,303.0,311.3,2194.0,16.5,148.0,0
0.0,298.2,307.8,1355.0,59.4,115.0,0
0.0,297.9,307.9,1412.0,44.5,85.0,0
0.0,298.2,309.0,2449.0,13.8,45.0,0
1.0,298.1,307.8,1569.0,31.2,131.0,0
1.0,300.6,310.6,1403.0,50.4,64.0,0
0.0,303.3,312.5,1968.0,20.6,130.0,0
1.0,303.4,311.7,1515.0,44.2,168.0,0
0.0,298.8,309.1,1362.0,45.4,113.0,0
1.0,297.9,308.7,1751.0,26.6,111.0,0
1.0,300.0,309.1,1474.0,45.2,152.0,0
0.0,297.3,308.0,1447.0,49.0,61.0,0
0.0,302.2,311.1,1470.0,39.6,97.0,0
1.0,300.1,309.6,1501.0,38.0,157.0,0
0.0,298.8,310.0,1528.0,36.7,147.0,0
1.0,298.6,309.7,1422.0,49.7,139.0,0
1.0,299.7,309.1,1352.0,46.1,102.0,0
0.0,295.6,306.0,1363.0,50.0,14.0,0
0.0,302.5,311.5,1802.0,26.4,192.0,0
0.0,302.4,310.1,1426.0,46.8,95.0,0
0.0,301.9,311.0,2691.0,12.1,31.0,1
0.0,302.6,311.5,1885.0,27.5,147.0,0
0.0,301.5,310.6,1481.0,46.8,20.0,0
2.0,299.8,309.5,1420.0,46.7,136.0,0
0.0,298.5,308.3,1504.0,38.0,20.0,0
1.0,299.7,311.1,1649.0,32.7,185.0,0
1.0,304.1,313.2,1510.0,46.9,152.0,0
0.0,296.3,307.3,1372.0,57.7,33.0,0
0.0,298.7,308.4,1750.0,25.8,72.0,0
0.0,300.4,311.6,1517.0,39.0,45.0,0
0.0,297.6,308.4,1460.0,40.3,195.0,0
0.0,298.3,308.2,1472.0,44.3,71.0,0
0.0,300.7,310.6,1520.0,45.9,146.0,0
0.0,298.0,307.8,1622.0,33.3,121.0,0
0.0,300.3,311.8,1567.0,37.7,180.0,0
1.0,302.5,310.3,1488.0,41.8,160.0,0
2.0,298.8,310.2,1663.0,30.4,209.0,0
1.0,299.0,308.8,1418.0,45.7,204.0,0
1.0,299.8,311.1,1562.0,35.7,170.0,0
0.0,303.7,312.5,1632.0,36.6,186.0,0
1.0,298.4,310.1,1335.0,57.8,96.0,0
0.0,303.6,312.9,1450.0,45.3,29.0,0
1.0,296.6,307.4,1544.0,42.3,170.0,0
0.0,298.1,308.3,1301.0,56.0,63.0,0
0.0,298.7,310.1,1676.0,33.5,70.0,0
0.0,299.9,310.5,1539.0,32.8,213.0,0
0.0,301.4,310.8,1431.0,44.3,21.0,0
0.0,300.0,311.3,1493.0,41.4,28.0,0
1.0,297.3,308.3,1459.0,59.6,207.0,1
2.0,303.4,311.8,1693.0,28.3,175.0,0
0.0,302.7,310.5,1351.0,41.8,10.0,1
2.0,300.5,310.5,1403.0,47.7,24.0,0
1.0,300.0,311.4,1352.0,61.8,10.0,0
1.0,300.1,309.7,1348.0,57.3,48.0,0
0.0,301.5,310.8,1593.0,34.5,162.0,0
1.0,299.3,310.7,1374.0,48.9,222.0,0
0.0,297.9,307.6,1687.0,29.1,176.0,0
1.0,299.6,309.0,1245.0,64.0,120.0,0
0.0,298.8,309.6,1442.0,50.0,104.0,0
1.0,297.6,309.3,1464.0,46.2,218.0,0
0.0,300.9,310.9,1749.0,26.4,40.0,0
1.0,299.8,309.7,1320.0,61.7,134.0,0
1.0,300.4,311.5,1476.0,32.6,144.0,0
0.0,300.4,311.4,1662.0,29.3,129.0,0
0.0,299.5,310.1,1585.0,35.2,50.0,0
1.0,303.9,313.2,1422.0,48.0,215.0,1
2.0,300.5,311.6,1351.0,53.5,78.0,0
0.0,300.3,309.3,1478.0,39.5,180.0,0
1.0,299.6,310.9,1630.0,29.8,206.0,0
0.0,297.4,308.4,1582.0,37.2,68.0,0
0.0,299.1,308.3,1431.0,52.3,38.0,0
1.0,299.2,308.8,1700.0,33.5,185.0,0
2.0,300.9,311.9,2140.0,16.5,43.0,0
0.0,298.0,309.6,1403.0,51.3,122.0,0
1.0,298.2,309.1,1411.0,45.8,157.0,0
1.0,299.7,310.9,1620.0,37.2,203.0,0
0.0,301.2,310.7,1644.0,31.6,166.0,0
2.0,298.2,308.8,1837.0,28.4,34.0,0
0.0,302.7,311.8,1461.0,46.1,10.0,0
0.0,301.1,311.1,1429.0,42.5,123.0,0
0.0,301.3,310.6,1576.0,30.4,92.0,0
0.0,304.1,313.1,1327.0,54.1,57.0,0
2.0,298.9,309.6,1546.0,35.3,190.0,0
0.0,295.8,306.5,1534.0,37.9,88.0,0
0.0,297.9,308.6,1757.0,27.5,118.0,0
0.0,300.1,309.4,1559.0,39.7,24.0,0
0.0,297.3,308.5,1350.0,57.6,186.0,0
0.0,302.9,312.3,1889.0,22.8,148.0,0
0.0,298.7,308.5,1375.0,46.4,48.0,0
1.0,302.4,310.2,1392.0,55.8,143.0,0
0.0,298.6,309.4,1375.0,55.4,145.0,0
2.0,297.5,308.9,1471.0,37.7,197.0,0
1.0,300.1,311.3,1748.0,26.6,42.0,0
0.0,300.4,311.4,1309.0,55.5,71.0,0
1.0,302.7,312.1,1378.0,46.9,176.0,0
0.0,299.2,309.1,1605.0,34.3,107.0,0
0.0,298.5,308.2,1451.0,47.5,18.0,0
1.0,298.8,309.6,1693.0,33.3,170.0,0
0.0,297.5,308.6,1380.0,53.5,192.0,0
0.0,299.0,310.1,1444.0,47.7,161.0,0
0.0,296.9,307.6,1514.0,35.7,100.0,0
0.0,299.2,308.5,1442.0,46.5,11.0,0
1.0,301.3,311.1,1492.0,41.2,223.0,0
0.0,298.9,310.0,2231.0,17.4,151.0,0
2.0,297.5,309.3,1459.0,49.7,201.0,0
1.0,299.0,310.2,1298.0,57.2,10.0,0
0.0,301.5,310.5,1479.0,34.2,147.0,0
0.0,302.3,310.8,1377.0,47.3,22.0,1
1.0,300.7,311.3,1487.0,39.8,50.0,0
1.0,300.1,309.2,1454.0,44.4,19.0,0
1.0,301.3,311.1,1438.0,43.0,137.0,0
0.0,302.7,310.6,1686.0,26.3,9.0,0
1.0,300.3,309.6,1524.0,38.4,54.0,0
0.0,297.5,308.2,1563.0,38.2,15.0,0
0.0,300.6,309.6,1684.0,32.8,53.0,0
0.0,298.7,309.8,1695.0,29.0,145.0,0
0.0,298.9,310.1,1361.0,51.7,192.0,0
1.0,302.4,311.9,1398.0,50.1,188.0,0
0.0,301.8,311.2,1840.0,26.6,202.0,0
1.0,304.0,313.1,1450.0,42.8,101.0,0
1.0,303.4,312.2,1615.0,35.7,56.0,0
0.0,298.1,308.7,1691.0,30.3,49.0,0
0.0,303.4,311.8,1499.0,45.0,16.0,0
1.0,304.0,313.0,1377.0,56.0,61.0,0
1.0,296.6,307.4,1790.0,25.8,72.0,0
0.0,298.9,309.0,1601.0,32.3,202.0,0
0.0,298.5,309.4,1578.0,36.3,71.0,0
0.0,300.3,309.4,1705.0,29.4,190.0,0
0.0,301.6,310.8,1355.0,57.8,195.0,1
1.0,298.1,310.0,1393.0,43.1,65.0,0
0.0,301.4,310.6,1445.0,43.9,210.0,0
1.0,303.5,312.7,2116.0,16.7,45.0,0
0.0,301.3,310.1,1355.0,53.6,193.0,0
0.0,302.0,311.0,1563.0,36.2,8.0,0
2.0,302.3,311.3,1744.0,30.3,116.0,0
0.0,299.0,310.1,1664.0,29.7,89.0,0
1.0,295.5,305.9,1380.0,52.4,202.0,0
0.0,298.3,308.1,1586.0,35.5,0.0,0
0.0,298.8,308.6,1593.0,35.5,175.0,0
0.0,299.1,310.3,1619.0,35.2,240.0,0
0.0,298.9,310.6,1387.0,52.7,2.0,0
1.0,303.4,311.6,1446.0,50.0,163.0,0
0.0,299.7,309.4,1399.0,39.9,91.0,0
1.0,300.5,309.8,1508.0,37.8,150.0,0
2.0,300.0,309.5,1735.0,28.9,82.0,0
0.0,297.9,309.1,1457.0,44.4,28.0,0
0.0,302.8,312.3,1764.0,29.9,162.0,0
0.0,299.6,309.2,1572.0,33.4,20.0,0
0.0,301.5,310.4,1474.0,39.9,53.0,0
0.0,302.4,310.1,2009.0,18.9,59.0,0
0.0,301.0,311.9,1889.0,23.5,198.0,0
0.0,297.2,308.5,1446.0,43.7,171.0,0
0.0,302.7,312.2,1376.0,52.8,164.0,0
0.0,302.9,312.3,1435.0,47.7,173.0,0
2.0,298.9,308.4,1632.0,31.8,17.0,0
1.0,300.6,310.0,1542.0,33.9,100.0,0
0.0,295.7,306.1,1343.0,54.4,119.0,0
0.0,299.7,310.3,1386.0,46.6,2.0,0
0.0,299.0,308.4,1356.0,52.6,188.0,0
0.0,298.2,309.0,1601.0,35.8,43.0,0
0.0,297.8,307.2,1498.0,38.1,188.0,0
2.0,300.7,310.2,1877.0,24.8,64.0,0
0.0,303.2,312.6,1601.0,35.3,148.0,0
0.0,302.1,311.0,1586.0,35.1,142.0,0
0.0,303.4,311.8,1366.0,50.9,200.0,1
0.0,300.3,311.5,1695.0,25.6,43.0,0
0.0,297.4,308.4,1392.0,49.7,174.0,0
0.0,300.7,311.7,1635.0,32.4,213.0,0
1.0,302.5,310.4,1605.0,36.0,69.0,0
0.0,301.2,310.4,1381.0,49.8,115.0,0
0.0,302.1,311.5,1533.0,39.4,26.0,0
0.0,303.1,312.7,1353.0,51.8,97.0,0
0.0,298.4,308.4,1515.0,40.1,179.0,0
0.0,303.8,313.1,1869.0,25.8,211.0,0
0.0,297.1,308.5,1323.0,44.4,207.0,1
2.0,299.8,311.3,1785.0,25.4,139.0,0
0.0,298.9,310.2,1971.0,23.2,155.0,0
1.0,303.3,311.5,1569.0,36.6,47.0,0
0.0,302.0,309.8,1456.0,58.1,145.0,0
1.0,299.4,308.9,1457.0,41.5,201.0,0
1.0,296.9,308.1,1440.0,46.3,64.0,0
1.0,298.5,309.6,1441.0,48.2,107.0,0
0.0,301.6,310.8,1418.0,44.7,46.0,0
2.0,299.7,309.2,1302.0,55.5,87.0,0
0.0,300.5,311.5,1490.0,38.4,67.0,0
1.0,302.9,312.4,1659.0,33.1,152.0,0
0.0,297.4,308.6,1488.0,36.4,71.0,0
1.0,298.1,308.0,2129.0,18.4,45.0,0
0.0,300.2,310.2,1600.0,31.5,23.0,0
0.0,296.9,307.8,1466.0,45.7,153.0,0
0.0,299.0,310.3,1929.0,24.4,180.0,0
0.0,300.8,309.6,1680.0,28.7,22.0,0
0.0,298.2,309.0,1610.0,31.7,155.0,0
0.0,301.5,310.5,1466.0,48.1,189.0,0
0.0,299.4,308.6,1492.0,40.5,181.0,0
0.0,302.0,310.8,1383.0,50.3,231.0,1
0.0,300.7,310.3,1458.0,40.0,207.0,0
0.0,299.3,309.0,1473.0,46.3,146.0,0
0.0,300.6,310.4,1446.0,49.7,155.0,0
0.0,302.2,311.3,1554.0,40.2,118.0,0
0.0,302.7,310.5,1725.0,29.0,209.0,0
2.0,300.7,310.5,1567.0,38.7,129.0,0
2.0,300.7,309.5,1667.0,30.5,29.0,0
0.0,300.3,311.8,1547.0,39.7,121.0,0
0.0,303.9,313.0,1759.0,28.4,74.0,0
1.0,302.7,311.6,1501.0,38.8,171.0,0
1.0,301.9,310.6,1475.0,47.8,179.0,0
1.0,302.3,311.7,1540.0,28.9,149.0,0
0.0,303.4,312.0,1521.0,35.9,215.0,1
1.0,299.3,308.5,1422.0,43.1,186.0,0
1.0,298.5,309.5,1483.0,44.8,92.0,0
1.0,300.7,311.7,2097.0,18.9,232.0,1
2.0,303.6,312.7,1403.0,46.2,57.0,0
0.0,298.1,308.0,1456.0,42.4,59.0,0
0.0,298.0,307.7,1643.0,32.3,200.0,0
0.0,301.4,310.7,1376.0,50.6,25.0,0
1.0,298.0,309.4,1276.0,65.9,50.0,0
0.0,300.8,310.1,1405.0,61.2,189.0,1
0.0,296.0,306.7,1917.0,21.0,127.0,0
0.0,303.8,312.6,1793.0,28.1,170.0,0
0.0,300.4,309.7,1740.0,31.1,113.0,0
0.0,302.4,310.2,1331.0,45.5,53.0,1
0.0,299.1,308.1,1479.0,40.7,10.0,0
0.0,301.5,310.6,1962.0,20.2,124.0,0
0.0,301.3,311.0,1542.0,35.1,204.0,0
0.0,300.8,312.0,1496.0,40.0,175.0,0
1.0,302.4,311.1,1443.0,51.8,178.0,0
2.0,301.5,310.5,1587.0,33.8,57.0,0
0.0,304.0,313.0,1397.0,42.4,113.0,0
2.0,302.0,310.5,1841.0,23.6,119.0,0
1.0,297.4,308.5,1566.0,31.4,76.0,0
1.0,300.1,309.4,1569.0,31.6,124.0,0
1.0,302.2,311.4,1372.0,55.1,9.0,0
0.0,299.4,310.7,1426.0,45.7,213.0,0
1.0,299.0,310.3,1657.0,31.0,70.0,0
2.0,299.8,310.2,1411.0,49.7,161.0,0
0.0,300.0,310.1,1465.0,40.9,60.0,0
0.0,303.2,311.4,1349.0,51.1,9.0,1
1.0,297.5,308.5,1662.0,30.3,26.0,0
1.0,298.2,308.8,1626.0,40.4,20.0,0
2.0,300.8,311.1,1698.0,24.8,156.0,0
0.0,296.8,307.6,1304.0,48.7,142.0,0
0.0,299.2,309.9,1516.0,41.4,219.0,0
0.0,297.7,308.1,1697.0,29.1,179.0,0
0.0,298.6,310.0,1517.0,41.2,64.0,0
2.0,298.5,309.4,2011.0,21.0,59.0,0
0.0,302.3,311.4,1504.0,38.7,65.0,0
0.0,300.9,312.1,1359.0,51.7,146.0,0
2.0,302.8,312.3,1336.0,57.5,187.0,0
0.0,297.5,308.4,1384.0,56.0,73.0,0
0.0,298.3,308.8,1454.0,49.0,166.0,0
0.0,303.4,311.6,1564.0,41.9,137.0,0
0.0,298.6,309.6,1386.0,48.6,25.0,0
1.0,299.7,308.9,1551.0,35.4,82.0,0
0.0,297.7,308.8,1354.0,50.2,103.0,0
1.0,304.1,313.5,1428.0,39.9,88.0,0
0.0,298.4,309.5,1376.0,50.4,202.0,0
1.0,300.7,311.9,1366.0,55.1,36.0,0
1.0,300.9,310.9,1636.0,35.3,153.0,0
1.0,296.7,307.4,1540.0,38.7,45.0,0
1.0,300.6,309.5,1530.0,40.2,93.0,0
0.0,302.6,310.4,1514.0,42.7,75.0,0
0.0,300.5,310.4,1702.0,33.1,71.0,0
1.0,300.0,309.1,1463.0,45.7,11.0,0
0.0,298.2,308.8,1362.0,57.3,28.0,0
2.0,298.5,308.4,1612.0,36.1,174.0,0
0.0,301.5,311.0,1494.0,45.3,99.0,0
0.0,302.6,312.1,1344.0,51.0,206.0,0
0.0,297.2,308.3,1569.0,31.2,63.0,0
2.0,301.1,311.0,1339.0,52.8,194.0,0
1.0,299.7,309.2,1597.0,32.9,135.0,0
1.0,303.0,311.1,1597.0,36.7,191.0,0
0.0,298.9,310.1,1495.0,42.9,175.0,0
0.0,300.8,309.6,1498.0,45.8,47.0,0
0.0,297.5,309.4,1503.0,40.6,144.0,0
1.0,299.2,310.4,1325.0,52.0,34.0,0
0.0,299.9,309.2,1491.0,44.3,214.0,0
0.0,301.0,311.0,1402.0,55.3,98.0,0
0.0,301.3,310.7,1594.0,34.1,172.0,0
0.0,297.5,308.4,1440.0,35.9,13.0,0
1.0,301.7,310.6,1492.0,42.2,85.0,0
1.0,298.5,308.8,1553.0,34.9,18.0,0
1.0,300.3,311.6,1617.0,32.5,115.0,0
1.0,299.5,310.7,1424.0,41.3,101.0,0
0.0,299.0,310.1,1447.0,42.8,104.0,0
0.0,300.7,309.8,1596.0,31.5,123.0,0
0.0,302.3,310.9,1545.0,36.7,18.0,0
1.0,300.8,311.2,1634.0,31.9,178.0,0
0.0,295.6,306.2,1823.0,25.8,29.0,0
0.0,300.9,311.2,1353.0,60.4,139.0,0
0.0,302.4,311.1,1634.0,34.2,184.0,0
0.0,299.8,309.9,1553.0,36.6,157.0,0
1.0,300.4,311.4,1352.0,57.3,116.0,0
1.0,298.8,309.8,1490.0,38.6,127.0,0
2.0,298.0,307.8,1588.0,35.4,114.0,0
0.0,300.5,309.3,1417.0,51.5,231.0,1
2.0,298.3,308.1,2636.0,12.8,84.0,0
0.0,299.8,311.1,1412.0,42.5,181.0,0
0.0,298.0,307.8,1567.0,36.4,109.0,0
0.0,303.0,311.1,1525.0,40.7,179.0,0
2.0,298.8,308.5,1359.0,47.6,85.0,0
1.0,299.5,310.8,1507.0,40.2,156.0,0
1.0,296.4,307.3,2077.0,19.1,80.0,0
1.0,298.2,309.0,1410.0,47.6,76.0,0
1.0,297.4,307.9,1627.0,34.3,166.0,0
1.0,298.4,309.5,1519.0,35.4,133.0,0
0.0,301.3,311.0,1542.0,33.6,80.0,0
0.0,299.8,309.4,1475.0,43.4,51.0,0
0.0,298.4,309.3,1542.0,35.4,208.0,0
1.0,300.2,311.3,1491.0,37.3,102.0,0
1.0,297.2,308.1,1554.0,41.3,147.0,0
0.0,299.7,310.9,1477.0,40.4,83.0,0
1.0,299.8,309.4,1751.0,27.0,173.0,0
1.0,297.4,308.4,1478.0,46.2,95.0,0
0.0,298.8,309.8,1663.0,28.2,67.0,0
0.0,297.4,308.8,1353.0,49.4,188.0,0
1.0,298.7,309.4,1375.0,48.3,157.0,0
1.0,298.8,309.7,1499.0,40.3,154.0,0
0.0,300.7,311.1,1426.0,46.2,97.0,0
1.0,297.2,308.3,1794.0,27.5,38.0,0
0.0,303.9,313.2,1590.0,31.9,5.0,0
0.0,303.5,312.1,1326.0,55.7,114.0,0
0.0,298.3,308.5,1664.0,31.6,144.0,0
0.0,299.0,308.7,1426.0,38.6,16.0,0
1.0,296.9,307.8,1840.0,24.6,157.0,0
0.0,301.9,310.9,1567.0,39.0,214.0,1
0.0,298.9,310.2,1706.0,27.6,103.0,0
1.0,297.5,308.3,1622.0,37.2,103.0,0
2.0,298.2,309.0,1371.0,55.7,23.0,0
1.0,299.0,308.7,1620.0,35.4,199.0,0
0.0,300.4,309.7,1467.0,36.9,131.0,0
0.0,300.7,309.6,1500.0,44.1,122.0,0
0.0,296.8,307.8,1565.0,39.5,124.0,0
1.0,298.5,309.0,1741.0,28.0,21.0,0
1.0,300.5,312.0,1779.0,27.7,46.0,0
0.0,299.3,310.5,1505.0,38.8,30.0,0
1.0,297.4,309.3,1775.0,25.8,91.0,0
1.0,303.8,313.2,1710.0,26.5,190.0,0
1557.0,309.8,0.0,298.8,139.0,37.2,0
1560.0,311.2,1.0,299.7,126.0,43.9,0
1418.0,312.1,0.0,303.3,83.0,44.7,0
1435.0,308.1,0.0,297.4,110.0,45.7,0
1476.0,311.2,1.0,301.4,25.0,36.5,0
1616.0,308.8,0.0,298.2,16.0,33.7,0
1487.0,310.0,1.0,298.9,129.0,36.6,0
1589.0,310.7,0.0,299.5,5.0,33.5,0
1335.0,311.9,1.0,300.4,9.0,58.3,0
1777.0,310.3,2.0,300.8,38.0,30.1,0
1563.0,309.4,2.0,300.1,28.0,40.8,0
1577.0,311.3,1.0,302.2,112.0,29.8,0
2663.0,312.0,1.0,303.7,71.0,11.4,1
1466.0,311.7,1.0,302.2,66.0,49.0,0
1432.0,311.6,0.0,301.1,202.0,48.1,0
1616.0,309.8,0.0,298.9,110.0,36.5,0
1428.0,309.8,0.0,300.5,119.0,43.8,0
1401.0,311.9,0.0,302.5,203.0,44.9,0
1505.0,311.2,1.0,302.3,78.0,36.7,0
1532.0,310.2,2.0,298.9,166.0,37.7,0
1789.0,313.0,1.0,303.8,215.0,23.5,0
1539.0,308.6,0.0,298.9,4.0,45.4,0
1379.0,309.0,0.0,297.9,28.0,47.3,0
1493.0,310.6,0.0,301.0,206.0,37.8,1
1544.0,310.4,0.0,300.9,148.0,36.0,0
1675.0,310.6,0.0,299.7,129.0,31.3,0
1602.0,307.7,1.0,298.3,106.0,33.4,0
1658.0,309.2,0.0,299.9,16.0,34.8,0
1590.0,313.5,0.0,304.3,17.0,29.8,0
1897.0,313.1,0.0,303.5,75.0,23.6,0
1386.0,309.7,1.0,302.0,142.0,62.7,1
1558.0,312.0,0.0,300.5,113.0,36.7,0
1517.0,310.4,1.0,301.0,145.0,46.1,0
1476.0,311.8,0.0,302.4,110.0,46.6,0
1493.0,307.9,0.0,297.0,173.0,46.1,0
1301.0,311.6,1.0,301.0,9.0,55.0,0
1717.0,310.7,0.0,301.9,27.0,26.8,0
1472.0,310.4,0.0,299.2,32.0,43.3,0
1421.0,309.6,1.0,300.7,165.0,49.8,0
1305.0,308.4,2.0,297.0,168.0,54.6,0
1520.0,308.0,2.0,298.0,51.0,39.6,0
1570.0,309.4,0.0,298.3,138.0,35.6,0
1490.0,308.4,2.0,297.5,34.0,39.7,0
1556.0,309.2,0.0,299.4,75.0,35.7,0
1577.0,310.1,0.0,298.9,80.0,41.4,0
1366.0,310.6,0.0,302.0,206.0,47.7,0
1471.0,309.4,0.0,298.6,141.0,48.0,0
1672.0,310.0,0.0,298.8,150.0,30.4,0
1512.0,309.3,0.0,298.4,18.0,35.8,0
1467.0,311.6,1.0,300.2,23.0,40.7,0
1441.0,307.9,0.0,297.2,195.0,40.0,0
1532.0,310.4,1.0,302.6,77.0,36.1,0
1656.0,309.7,0.0,300.2,120.0,34.3,0
1699.0,309.1,0.0,300.3,178.0,30.3,0
1594.0,310.4,0.0,299.1,147.0,33.3,0
1369.0,310.4,2.0,301.6,156.0,45.4,0
1621.0,306.0,0.0,295.5,176.0,29.5,0
1918.0,311.0,0.0,301.1,28.0,21.7,0
1609.0,308.6,0.0,297.4,116.0,36.2,0
1486.0,310.0,0.0,300.0,69.0,41.8,0
1458.0,310.0,2.0,299.0,221.0,44.9,0
1491.0,309.0,0.0,298.2,121.0,38.3,0
1471.0,308.5,0.0,297.2,41.0,41.7,0
1531.0,308.7,0.0,297.3,116.0,36.7,0
1684.0,312.6,1.0,303.8,167.0,29.3,0
1559.0,310.9,0.0,301.6,191.0,40.2,0
1919.0,312.7,1.0,303.8,131.0,20.2,0
1357.0,309.5,0.0,298.4,125.0,50.1,0
1480.0,309.7,1.0,298.8,157.0,38.1,0
1771.0,308.7,0.0,298.0,206.0,26.2,0
1359.0,310.2,0.0,298.9,166.0,56.9,0
1390.0,310.8,0.0,300.4,144.0,52.5,0
1603.0,310.4,0.0,301.9,69.0,37.6,0
1369.0,307.6,0.0,298.2,82.0,54.5,0
1473.0,308.4,0.0,298.8,128.0,41.1,0
1513.0,312.4,0.0,303.7,135.0,40.1,0
1664.0,310.0,0.0,302.0,190.0,28.6,0
1508.0,308.0,0.0,298.4,25.0,47.9,0
2288.0,310.5,0.0,300.9,85.0,16.1,0
1339.0,311.3,1.0,302.3,123.0,50.8,0
1453.0,311.3,1.0,302.1,174.0,45.1,0
1692.0,309.7,0.0,300.4,115.0,27.4,0
1711.0,309.5,0.0,300.4,215.0,29.2,0
1585.0,309.6,0.0,298.5,89.0,32.2,0
1434.0,308.6,0.0,299.0,108.0,45.9,0
1815.0,309.9,0.0,300.7,190.0,27.0,0
1426.0,306.3,1.0,295.6,53.0,45.5,0
1791.0,309.1,0.0,300.0,108.0,28.2,0
1497.0,311.6,0.0,303.4,58.0,42.8,0
1577.0,308.9,2.0,298.4,0.0,37.1,0
1736.0,309.0,1.0,299.6,146.0,26.1,0
1599.0,310.6,1.0,301.6,208.0,36.1,0
1490.0,310.8,0.0,300.9,125.0,38.1,0
1502.0,310.1,0.0,301.4,37.0,46.6,0
1326.0,310.6,1.0,302.1,88.0,59.1,1
1480.0,312.9,0.0,303.6,135.0,41.4,0
1435.0,311.1,1.0,302.3,149.0,43.1,0
1314.0,309.8,0.0,300.4,146.0,63.1,0
1419.0,309.7,0.0,298.4,159.0,41.3,0
1476.0,308.3,1.0,297.5,31.0,45.6,0
1685.0,309.2,1.0,299.7,179.0,28.9,1
1550.0,307.6,0.0,297.9,35.0,39.0,0
1302.0,310.0,1.0,300.6,87.0,62.9,0
1365.0,311.6,0.0,300.5,85.0,53.0,0
2676.0,310.2,1.0,302.6,84.0,10.8,1
1269.0,310.1,0.0,301.3,195.0,56.8,1
1397.0,310.5,0.0,301.6,104.0,49.4,0
1430.0,307.6,0.0,297.9,178.0,52.4,0
1544.0,311.0,0.0,301.2,217.0,39.3,0
1584.0,308.5,1.0,297.2,4.0,40.0,0
1732.0,309.1,1.0,297.7,167.0,28.1,0
1563.0,309.4,0.0,299.5,183.0,41.5,0
1365.0,307.8,0.0,297.9,73.0,46.9,0
1522.0,310.9,1.0,300.8,115.0,41.7,0
1546.0,311.9,0.0,300.5,203.0,39.4,0
1746.0,312.2,0.0,302.8,44.0,27.4,0
1410.0,309.8,1.0,300.5,111.0,44.4,0
1698.0,309.4,0.0,298.6,147.0,33.2,0
1612.0,309.5,0.0,300.9,124.0,35.2,0
1365.0,307.3,1.0,297.7,36.0,49.2,0
1433.0,310.0,2.0,298.2,68.0,44.2,0
1628.0,310.5,0.0,299.1,174.0,35.9,0
1739.0,310.4,0.0,298.9,30.0,26.3,0
1502.0,309.6,0.0,298.7,198.0,46.7,0
1457.0,307.8,1.0,298.3,98.0,52.5,0
1683.0,308.8,1.0,297.6,79.0,31.6,0
1393.0,311.0,1.0,301.8,168.0,49.5,0
1366.0,311.2,1.0,300.4,177.0,56.1,0
1495.0,309.1,0.0,299.3,55.0,44.0,0
1501.0,309.4,1.0,300.2,48.0,40.0,0
1411.0,308.0,1.0,298.2,168.0,47.2,0
1505.0,310.8,0.0,301.8,33.0,41.2,0
1839.0,311.0,1.0,301.8,30.0,23.6,0
1533.0,308.8,0.0,297.5,223.0,41.5,0
1467.0,309.1,1.0,298.4,78.0,39.6,0
1538.0,312.0,1.0,302.7,74.0,36.7,0
1603.0,310.2,1.0,298.9,126.0,36.1,0
1447.0,311.6,0.0,300.5,204.0,45.4,0
1413.0,311.3,2.0,299.9,153.0,41.8,0
1834.0,310.6,0.0,301.6,146.0,23.5,0
1372.0,310.5,1.0,302.4,144.0,45.7,1
1340.0,308.5,0.0,297.5,143.0,57.4,0
1332.0,310.6,2.0,299.1,148.0,48.0,0
1564.0,312.1,1.0,302.7,188.0,32.1,0
1662.0,308.7,1.0,298.5,15.0,28.3,0
1708.0,308.9,0.0,298.3,170.0,27.3,0
1616.0,311.2,1.0,299.7,180.0,42.3,0
1493.0,309.8,0.0,301.1,149.0,38.9,0
1620.0,310.2,1.0,299.6,70.0,30.0,0
1495.0,309.9,1.0,298.8,60.0,35.2,0
1377.0,308.3,1.0,299.0,35.0,47.2,0
1390.0,308.9,1.0,298.3,23.0,49.7,0
1497.0,310.4,0.0,299.9,150.0,47.0,0
2047.0,310.9,1.0,301.0,178.0,17.9,0
1717.0,309.5,0.0,300.0,48.0,28.3,0
1377.0,308.3,2.0,298.6,181.0,52.1,0
1760.0,309.6,0.0,300.1,55.0,25.4,0
1417.0,309.4,2.0,298.5,155.0,41.2,0
1694.0,309.4,0.0,300.1,44.0,27.4,0
1420.0,312.1,0.0,302.6,182.0,51.6,0
1484.0,310.0,0.0,299.0,212.0,39.6,0
1619.0,311.1,0.0,300.1,186.0,33.4,0
1500.0,310.5,1.0,302.4,164.0,36.7,0
1676.0,309.8,1.0,297.8,178.0,29.0,0
1586.0,309.2,0.0,298.7,180.0,31.4,0
1335.0,311.9,0.0,300.7,194.0,57.1,1
1388.0,312.4,0.0,303.6,221.0,41.9,0
1753.0,309.8,0.0,298.8,130.0,27.5,0
1228.0,310.9,0.0,300.9,109.0,66.4,0
1466.0,311.2,0.0,302.4,152.0,43.9,0
1476.0,310.5,0.0,301.4,206.0,39.2,0
1440.0,309.7,2.0,297.7,191.0,51.1,0
1357.0,312.0,2.0,302.5,179.0,42.0,0
1673.0,311.7,0.0,303.4,166.0,32.2,0
1723.0,311.7,1.0,300.3,193.0,28.3,0
1512.0,309.1,0.0,298.8,156.0,40.7,0
1583.0,308.4,0.0,297.1,2.0,31.9,0
1313.0,310.1,1.0,298.9,171.0,56.8,0
1558.0,310.8,0.0,301.0,196.0,34.9,0
1429.0,310.3,0.0,299.2,23.0,40.1,0
1479.0,310.6,1.0,302.0,24.0,40.5,0
1459.0,307.6,1.0,298.0,163.0,44.4,0
1527.0,310.4,0.0,299.1,149.0,44.0,0
1699.0,312.7,1.0,303.6,105.0,31.5,0
1495.0,311.4,0.0,300.2,95.0,43.6,0
1662.0,310.3,0.0,300.7,57.0,34.4,0
1336.0,308.9,0.0,298.2,66.0,45.0,0
2563.0,309.9,2.0,300.4,81.0,12.8,1
1520.0,309.3,0.0,299.5,149.0,42.3,0
1552.0,311.5,0.0,300.3,23.0,38.9,0
1497.0,310.3,0.0,301.2,76.0,45.7,0
1430.0,308.4,0.0,297.3,15.0,45.7,0
1533.0,310.2,1.0,300.9,137.0,38.1,0
1363.0,308.9,1.0,298.3,5.0,46.1,0
1617.0,310.3,0.0,301.0,126.0,34.5,0
1606.0,312.6,0.0,303.6,184.0,33.6,0
1606.0,313.0,0.0,303.5,126.0,34.0,0
1657.0,310.7,1.0,301.0,148.0,29.9,0
1610.0,307.4,1.0,297.9,219.0,34.6,0
1580.0,310.4,2.0,301.5,161.0,35.7,0
1334.0,309.8,0.0,298.8,42.0,49.3,0
1512.0,307.6,0.0,296.5,92.0,43.6,0
1453.0,312.4,0.0,302.7,62.0,47.3,0
1581.0,308.9,0.0,297.5,155.0,30.4,0
1761.0,311.9,1.0,300.8,113.0,29.0,0
1464.0,310.6,1.0,301.4,74.0,37.4,0
1660.0,310.6,0.0,301.7,66.0,28.7,0
1524.0,311.9,1.0,302.5,86.0,34.8,0
1371.0,312.2,2.0,303.6,112.0,54.6,1
1674.0,312.3,1.0,303.0,109.0,29.5,0
1482.0,307.5,1.0,296.6,153.0,39.9,0
1831.0,310.4,0.0,298.9,81.0,25.4,0
1569.0,313.6,0.0,304.4,11.0,38.4,0
2256.0,309.4,0.0,299.8,201.0,15.9,0
1720.0,310.6,1.0,298.9,197.0,25.3,0
1485.0,309.3,1.0,299.4,209.0,47.1,0
1641.0,306.5,1.0,295.8,101.0,32.2,0
1634.0,309.9,0.0,298.1,53.0,30.0,0
1731.0,308.7,0.0,297.7,104.0,28.4,0
1532.0,309.8,0.0,300.1,115.0,39.8,0
1747.0,307.9,1.0,297.2,188.0,29.0,0
1385.0,311.6,0.0,300.5,173.0,54.8,0
1421.0,313.4,0.0,304.2,56.0,43.4,0
1434.0,308.4,1.0,297.3,21.0,44.8,0
1654.0,307.7,2.0,296.6,91.0,31.0,0
1650.0,307.7,0.0,298.1,138.0,34.1,0
1517.0,311.7,1.0,302.3,124.0,37.6,0
1479.0,309.3,0.0,297.5,22.0,39.4,0
1380.0,313.2,1.0,304.2,17.0,48.7,0
1530.0,309.8,0.0,298.7,0.0,35.5,0
1464.0,310.6,1.0,301.4,96.0,48.6,0
1502.0,312.9,0.0,303.7,0.0,40.5,0
1538.0,307.8,1.0,297.1,181.0,34.3,0
1450.0,307.6,0.0,298.0,138.0,48.7,0
1813.0,310.7,1.0,301.6,210.0,24.6,0
1555.0,311.0,0.0,302.2,185.0,34.2,0
1268.0,310.3,0.0,299.9,146.0,53.3,0
1560.0,310.0,1.0,300.4,186.0,42.3,0
1303.0,307.9,1.0,298.1,52.0,53.9,0
1708.0,311.0,0.0,299.6,122.0,31.0,0
1437.0,312.8,0.0,303.7,42.0,51.3,0
1538.0,308.4,1.0,299.2,98.0,38.0,0
1350.0,309.1,0.0,298.8,111.0,52.5,0
1635.0,311.2,0.0,301.2,211.0,29.6,0
1535.0,307.4,0.0,296.7,114.0,34.6,0
1325.0,311.1,0.0,301.6,104.0,49.2,0
1535.0,310.7,0.0,299.2,17.0,42.6,0
1844.0,307.6,0.0,297.7,61.0,21.9,0
1439.0,309.6,1.0,301.9,201.0,41.7,0
1569.0,308.6,0.0,298.4,160.0,34.4,0
1399.0,309.3,1.0,299.7,221.0,41.9,1
1477.0,307.8,0.0,297.1,177.0,36.6,0
1421.0,308.4,1.0,297.1,165.0,42.0,0
1615.0,309.3,1.0,298.5,23.0,31.8,0
1464.0,307.7,2.0,297.9,97.0,43.2,0
1551.0,310.5,2.0,301.5,166.0,34.3,0
1534.0,308.2,2.0,298.3,75.0,33.2,0
1382.0,308.7,1.0,297.4,151.0,49.9,0
1425.0,309.5,1.0,300.0,178.0,40.8,0
1521.0,309.4,1.0,298.5,94.0,37.5,0
1487.0,310.1,1.0,299.0,123.0,47.5,0
1592.0,311.6,1.0,302.2,79.0,37.7,0
1340.0,312.2,0.0,302.9,90.0,57.8,0
1796.0,308.3,0.0,297.2,61.0,23.8,0
1471.0,309.1,1.0,299.6,67.0,44.3,0
1515.0,308.5,1.0,297.1,81.0,42.1,0
1792.0,307.5,0.0,298.0,217.0,27.9,0
1426.0,307.8,1.0,296.9,130.0,50.7,0
2358.0,308.3,0.0,297.3,49.0,14.9,0
1871.0,311.0,2.0,301.9,132.0,26.0,0
1323.0,308.9,1.0,297.4,163.0,57.3,0
1425.0,309.2,0.0,299.6,133.0,45.9,0
1629.0,311.5,2.0,302.6,228.0,34.4,1
1523.0,313.1,0.0,303.8,150.0,39.8,0
1889.0,309.4,1.0,299.9,6.0,26.0,0
1629.0,308.7,0.0,298.0,191.0,34.3,0
1463.0,307.4,1.0,298.0,182.0,46.5,0
1449.0,308.4,1.0,297.3,34.0,44.4,0
1479.0,310.6,0.0,299.7,137.0,38.0,0
1378.0,310.9,0.0,302.0,212.0,53.1,1
2157.0,310.2,1.0,302.6,94.0,17.2,0
1858.0,309.4,0.0,300.1,26.0,23.6,0
1473.0,309.3,0.0,300.0,35.0,46.0,0
1450.0,311.1,0.0,301.1,168.0,43.3,0
1887.0,311.1,1.0,302.4,197.0,22.4,0
1545.0,308.7,0.0,297.4,125.0,36.9,0
1580.0,310.4,1.0,302.5,176.0,35.6,0
1283.0,310.8,0.0,299.5,112.0,52.4,0
1535.0,309.5,1.0,298.5,87.0,39.8,0
1646.0,311.7,1.0,300.3,198.0,28.9,0
1455.0,311.5,0.0,300.0,130.0,41.7,0
1541.0,309.8,2.0,300.6,166.0,36.2,0
1601.0,310.5,0.0,301.0,77.0,33.2,0
1506.0,308.3,0.0,296.8,182.0,45.9,0
1538.0,311.1,0.0,302.5,208.0,36.8,0
1450.0,309.3,0.0,298.8,63.0,44.8,0
1302.0,311.5,0.0,300.5,80.0,49.6,0
1689.0,308.1,0.0,297.2,145.0,31.2,0
1468.0,309.4,0.0,300.6,76.0,44.1,0
1402.0,310.1,0.0,301.7,3.0,50.1,0
1586.0,308.6,0.0,297.3,155.0,37.7,0
1465.0,309.4,1.0,298.6,30.0,41.1,0
1491.0,308.6,0.0,298.4,120.0,42.0,0
1310.0,313.1,0.0,303.9,130.0,62.9,0
1338.0,311.0,0.0,302.4,194.0,67.6,1
1410.0,309.1,2.0,299.2,9.0,47.1,0
1627.0,312.8,0.0,303.7,40.0,31.7,0
2023.0,310.7,0.0,301.7,5.0,20.9,0
1332.0,311.9,2.0,303.7,66.0,52.7,1
1855.0,311.4,1.0,302.3,43.0,23.9,0
1421.0,310.9,1.0,301.9,26.0,46.2,0
1383.0,306.1,0.0,295.6,147.0,48.7,0
1471.0,309.5,0.0,300.6,29.0,49.6,0
1371.0,308.0,0.0,296.8,86.0,54.5,0
1352.0,307.6,1.0,297.8,102.0,49.4,0
1440.0,308.1,2.0,298.0,37.0,43.7,0
1991.0,308.7,0.0,298.2,36.0,20.5,0
1665.0,309.3,0.0,298.9,93.0,32.5,0
1401.0,309.1,0.0,300.0,0.0,44.5,0
1348.0,310.0,1.0,298.9,163.0,58.2,0
1435.0,310.8,2.0,301.6,152.0,47.2,0
1447.0,312.0,0.0,302.6,173.0,45.5,0
1474.0,308.6,0.0,299.3,191.0,49.6,0
1676.0,311.1,0.0,300.3,158.0,28.6,0
1525.0,309.9,0.0,298.8,77.0,39.7,0
1545.0,310.1,0.0,298.3,90.0,36.3,0
1674.0,311.3,0.0,301.4,46.0,33.3,0
1192.0,310.6,0.0,301.8,135.0,68.9,0
1871.0,310.7,1.0,301.5,152.0,21.3,0
1518.0,309.7,0.0,298.4,165.0,39.8,0
1630.0,311.1,0.0,302.2,94.0,34.6,0
1544.0,307.8,1.0,296.9,150.0,40.3,0
1680.0,309.7,1.0,297.7,168.0,30.2,0
1532.0,310.7,0.0,301.7,92.0,39.8,0
1668.0,311.3,2.0,300.9,183.0,28.9,0
1472.0,308.5,0.0,297.9,70.0,45.1,0
2232.0,312.4,0.0,303.6,0.0,16.8,0
1443.0,307.8,1.0,297.1,137.0,43.9,0
1448.0,306.2,0.0,295.5,65.0,48.9,0
1418.0,312.5,0.0,303.5,170.0,42.2,0
1411.0,309.8,0.0,298.9,84.0,56.3,0
1761.0,310.8,2.0,299.2,180.0,30.4,0
1875.0,309.4,1.0,300.4,155.0,23.9,0
1435.0,308.3,0.0,297.5,197.0,40.3,0
1509.0,309.6,1.0,298.5,2.0,47.3,0
1605.0,308.6,0.0,299.3,78.0,37.0,0
1418.0,309.0,0.0,298.2,87.0,44.2,0
1721.0,310.8,1.0,302.3,215.0,28.4,0
1343.0,311.5,1.0,300.1,28.0,46.2,0
1353.0,308.5,0.0,298.7,190.0,47.0,0
2710.0,312.2,1.0,301.0,143.0,9.7,1
1638.0,308.7,0.0,297.4,131.0,31.9,0
1555.0,308.6,0.0,299.1,104.0,36.6,0
1288.0,310.4,1.0,300.8,3.0,64.0,0
1585.0,312.2,1.0,302.7,167.0,35.5,0
1466.0,311.3,0.0,303.0,210.0,43.0,0
1541.0,309.6,0.0,300.1,96.0,37.0,0
1535.0,311.5,0.0,303.5,120.0,33.3,0
1685.0,309.3,0.0,300.1,203.0,27.1,0
1382.0,308.8,2.0,299.0,199.0,58.5,0
1438.0,308.7,0.0,298.9,64.0,51.7,0
1546.0,309.4,0.0,298.3,94.0,36.1,0
1363.0,311.2,0.0,303.2,29.0,46.7,1
1410.0,309.7,0.0,300.1,118.0,48.3,0
1321.0,309.6,0.0,299.7,166.0,53.4,0
1496.0,307.1,0.0,297.6,12.0,39.2,0
1575.0,308.5,0.0,298.3,105.0,41.2,0
1509.0,306.3,2.0,295.6,60.0,35.8,0
1398.0,310.7,0.0,302.7,19.0,57.7,0
1597.0,309.8,0.0,298.6,213.0,35.9,0
1576.0,312.7,1.0,303.4,28.0,49.9,0
1507.0,312.5,2.0,303.0,163.0,37.9,0
1437.0,311.9,0.0,302.5,65.0,46.7,0
2007.0,309.5,2.0,300.7,2.0,19.7,0
1616.0,308.1,0.0,298.1,65.0,32.8,0
1486.0,308.6,0.0,297.3,105.0,42.6,0
1663.0,308.2,0.0,298.3,67.0,28.4,0
1412.0,309.2,1.0,298.9,140.0,44.1,0
1504.0,310.2,0.0,298.8,51.0,41.0,0
1536.0,308.2,1.0,297.4,4.0,34.6,0
1675.0,310.2,0.0,300.0,64.0,29.7,0
1427.0,307.5,1.0,298.0,95.0,45.1,0
1598.0,309.6,0.0,299.8,139.0,31.0,0
1551.0,310.3,0.0,302.5,168.0,37.3,0
1440.0,308.3,1.0,298.5,5.0,43.6,0
1464.0,311.0,1.0,302.4,106.0,44.2,0
1288.0,309.7,1.0,301.0,162.0,58.4,0
1617.0,307.8,1.0,298.4,173.0,31.6,0
1439.0,309.4,1.0,299.8,57.0,47.4,0
1311.0,310.2,0.0,301.7,40.0,57.4,1
1600.0,310.5,1.0,301.5,205.0,32.8,0
1488.0,311.7,0.0,302.2,178.0,44.6,0
1580.0,312.2,0.0,303.4,90.0,35.8,0
1419.0,308.2,0.0,297.5,108.0,48.5,0
1562.0,308.4,0.0,298.6,25.0,34.4,0
1311.0,308.0,2.0,296.8,19.0,58.6,0
1486.0,310.0,1.0,300.6,127.0,41.2,0
1415.0,308.4,1.0,299.2,53.0,43.5,0
1487.0,309.1,1.0,298.6,206.0,43.2,0
1645.0,312.0,1.0,303.6,81.0,35.7,0
1474.0,311.3,0.0,303.1,215.0,34.8,0
1593.0,309.9,0.0,298.7,146.0,42.5,0
1765.0,310.9,1.0,301.0,179.0,24.2,0
1549.0,307.4,0.0,296.8,105.0,48.3,0
1450.0,309.0,0.0,297.9,118.0,46.8,0
1346.0,310.2,0.0,302.4,106.0,62.4,1
1401.0,312.7,2.0,303.9,129.0,50.0,0
1610.0,310.4,2.0,301.4,16.0,38.6,0
1318.0,307.6,2.0,298.2,0.0,55.7,0
1356.0,307.2,0.0,296.2,22.0,43.6,0
2022.0,308.2,1.0,298.9,23.0,20.0,0
1459.0,307.7,0.0,298.2,89.0,44.5,0
1444.0,308.6,1.0,297.6,46.0,48.2,0
1269.0,308.7,1.0,298.2,163.0,60.9,0
1655.0,312.5,2.0,303.8,170.0,28.0,0
1411.0,312.4,2.0,302.8,246.0,53.8,1
1408.0,313.0,0.0,303.9,76.0,47.5,0
1470.0,311.0,0.0,301.4,86.0,40.6,0
1560.0,311.5,1.0,303.4,114.0,36.4,0
1552.0,308.5,1.0,297.6,90.0,40.9,0
1624.0,309.6,0.0,300.3,175.0,32.6,0
1729.0,311.0,2.0,302.1,210.0,26.1,0
1379.0,310.1,1.0,302.4,107.0,48.9,1
1516.0,310.8,1.0,301.7,48.0,40.4,0
1700.0,311.2,0.0,301.5,39.0,28.8,0
1348.0,308.1,0.0,297.4,66.0,57.4,0
1391.0,308.9,0.0,298.4,100.0,48.4,0
1495.0,309.5,0.0,299.8,10.0,39.6,0
1442.0,309.3,0.0,299.5,5.0,46.2,0
1442.0,310.0,0.0,298.3,110.0,43.9,0
1207.0,309.1,0.0,299.4,66.0,66.5,0
1665.0,310.4,1.0,301.0,177.0,30.9,0
1499.0,307.8,0.0,297.9,78.0,37.5,0
1414.0,307.7,0.0,298.1,159.0,48.7,0
1822.0,306.1,1.0,295.5,164.0,24.3,0
1435.0,309.8,1.0,300.4,203.0,43.6,0
1868.0,311.9,0.0,300.4,92.0,21.3,0
1561.0,310.4,0.0,300.9,67.0,32.7,0
1589.0,309.8,0.0,298.7,217.0,31.8,0
1419.0,309.4,0.0,299.0,91.0,48.3,0
1479.0,307.9,1.0,298.0,76.0,47.6,0
1334.0,310.0,0.0,298.6,42.0,48.0,0
1461.0,308.3,2.0,297.3,108.0,41.5,0
1489.0,311.2,2.0,300.4,180.0,45.3,0
1403.0,309.6,2.0,300.7,174.0,51.3,0
1855.0,307.1,2.0,297.7,7.0,22.5,0
1451.0,310.6,0.0,301.3,42.0,47.5,0
1727.0,311.5,0.0,302.1,50.0,27.7,0
1512.0,310.5,2.0,300.9,49.0,41.2,0
1534.0,309.7,0.0,300.4,127.0,42.5,0
1538.0,310.4,0.0,301.3,195.0,38.4,0
1474.0,308.7,0.0,297.1,64.0,42.3,0
1427.0,309.8,1.0,299.8,106.0,45.2,0
1325.0,308.9,1.0,299.1,220.0,48.4,0
1616.0,310.6,0.0,300.7,47.0,29.6,0
1866.0,311.5,1.0,302.1,159.0,23.1,0
1423.0,309.1,2.0,298.6,29.0,44.3,0
1421.0,309.2,0.0,300.1,61.0,42.5,0
1557.0,307.5,0.0,296.6,60.0,35.1,0
1538.0,308.8,0.0,297.4,126.0,41.2,0
1649.0,310.1,1.0,299.1,41.0,31.6,0
1556.0,311.7,0.0,302.2,145.0,38.6,0
1425.0,308.5,1.0,297.2,109.0,45.8,0
1514.0,312.6,2.0,303.7,138.0,35.5,0
1519.0,309.8,0.0,301.1,167.0,39.6,0
1639.0,313.4,0.0,304.2,63.0,32.7,0
1652.0,308.0,0.0,298.1,63.0,28.5,0
1547.0,309.5,2.0,300.4,131.0,50.7,0
1347.0,310.7,1.0,301.5,29.0,47.9,0
1662.0,311.6,2.0,300.2,162.0,28.8,0
1603.0,308.4,0.0,297.4,65.0,34.6,0
1402.0,311.1,0.0,302.0,182.0,47.8,0
1653.0,311.7,1.0,302.2,2.0,31.4,0
1434.0,309.5,1.0,300.2,189.0,51.5,0
1570.0,309.3,0.0,298.5,131.0,40.1,0
1570.0,309.9,0.0,300.3,31.0,34.0,0
1588.0,309.6,1.0,300.6,50.0,37.0,0
1564.0,308.7,0.0,298.9,99.0,34.1,0
1379.0,313.2,2.0,303.8,178.0,50.2,0
1555.0,311.7,1.0,300.2,169.0,37.4,0
1525.0,308.4,0.0,297.4,62.0,38.7,0
1662.0,308.2,2.0,299.0,55.0,30.4,0
1286.0,310.4,0.0,301.9,22.0,62.8,1
1631.0,307.5,0.0,297.8,144.0,29.9,0
1356.0,310.9,0.0,300.7,66.0,65.3,1
1608.0,307.4,0.0,298.1,193.0,33.9,0
1527.0,312.1,2.0,300.8,164.0,35.1,0
1545.0,311.2,0.0,302.7,128.0,35.1,0
1499.0,308.8,2.0,297.3,134.0,44.2,0
1449.0,311.5,1.0,302.2,113.0,44.5,0
1398.0,308.7,1.0,297.2,88.0,38.1,0
1450.0,310.4,0.0,302.0,165.0,46.6,0
1486.0,310.1,0.0,299.1,39.0,40.7,0
1540.0,312.3,0.0,303.4,96.0,38.7,0
1663.0,311.2,1.0,302.2,115.0,29.6,0
1517.0,310.8,1.0,299.1,185.0,38.4,0
1329.0,313.4,1.0,304.2,75.0,54.5,0
1615.0,310.1,2.0,302.1,176.0,29.9,0
1695.0,310.5,0.0,300.5,28.0,26.7,0
1492.0,312.1,1.0,302.4,7.0,47.7,0
1452.0,308.1,1.0,298.1,56.0,40.8,0
1648.0,310.3,0.0,302.0,157.0,29.6,0
1592.0,309.3,0.0,299.7,8.0,34.2,0
1479.0,311.3,0.0,300.1,133.0,39.5,0
1368.0,307.6,0.0,298.2,5.0,51.8,0
1611.0,308.2,0.0,298.0,195.0,30.6,0
1608.0,310.4,1.0,302.0,97.0,33.1,0
1531.0,309.6,1.0,298.3,81.0,40.1,0
1906.0,307.8,0.0,298.3,104.0,22.1,0
1297.0,312.1,1.0,300.9,76.0,48.6,0
1701.0,309.4,0.0,299.4,199.0,31.2,0
1747.0,310.7,2.0,301.2,35.0,27.3,0
1510.0,310.7,1.0,301.5,64.0,36.0,0
1504.0,310.8,1.0,302.1,42.0,37.5,0
1403.0,311.9,0.0,300.5,54.0,45.7,0
1355.0,308.1,0.0,297.0,217.0,43.7,0
1402.0,310.7,0.0,302.3,157.0,50.9,0
1405.0,308.8,0.0,299.0,103.0,55.2,0
1816.0,308.3,0.0,297.6,106.0,28.8,0
1502.0,312.6,0.0,303.6,103.0,39.5,0
1447.0,309.5,0.0,300.4,110.0,39.3,0
1411.0,309.9,1.0,298.7,51.0,45.1,0
1338.0,311.1,1.0,302.3,63.0,53.3,0
1334.0,311.0,1.0,300.7,150.0,53.9,0
1469.0,308.8,1.0,297.9,51.0,49.0,0
1527.0,309.6,0.0,298.3,189.0,30.9,0
1390.0,309.6,0.0,298.6,196.0,50.3,0
1668.0,312.1,0.0,302.6,180.0,28.7,0
1402.0,312.0,1.0,300.9,185.0,50.7,0
1927.0,311.4,0.0,300.0,132.0,24.6,0
1384.0,311.5,1.0,303.3,48.0,54.8,0
1491.0,308.4,0.0,297.3,29.0,46.5,0
1430.0,312.3,1.0,300.7,131.0,47.2,0
1474.0,308.5,1.0,299.2,132.0,47.2,0
1404.0,308.6,1.0,297.2,160.0,43.7,0
1604.0,308.5,0.0,299.0,159.0,34.7,0
1451.0,310.5,1.0,301.4,183.0,45.3,0
1833.0,309.0,0.0,297.4,161.0,22.6,0
1358.0,308.6,0.0,297.3,110.0,47.6,0
1596.0,310.5,0.0,302.6,193.0,32.8,0
1856.0,311.0,0.0,301.3,189.0,21.9,0
1594.0,308.5,1.0,299.2,160.0,35.8,0
1383.0,308.5,2.0,297.9,184.0,44.6,0
1679.0,310.9,0.0,301.0,64.0,29.8,0
1406.0,312.0,0.0,300.6,136.0,55.1,0
1469.0,313.5,0.0,304.1,113.0,44.6,0
1434.0,311.1,1.0,302.2,102.0,58.6,0
1648.0,313.1,0.0,304.0,119.0,35.7,0
1297.0,308.6,0.0,299.0,110.0,54.2,0
1457.0,310.6,2.0,301.2,114.0,50.5,0
1454.0,310.8,0.0,302.0,0.0,36.6,0
1730.0,309.5,0.0,298.6,41.0,30.2,0
1378.0,311.5,1.0,300.5,82.0,48.2,0
1475.0,313.4,0.0,304.2,98.0,40.2,0
1591.0,308.7,0.0,298.8,68.0,31.1,0
1739.0,313.5,1.0,304.2,80.0,28.1,0
1551.0,309.1,0.0,299.3,147.0,39.1,0
1410.0,308.3,0.0,297.3,23.0,48.1,0
1337.0,312.2,0.0,303.4,52.0,69.4,1
1584.0,309.5,2.0,298.6,27.0,31.8,0
1413.0,309.3,1.0,300.0,117.0,40.7,0
1501.0,308.7,0.0,297.2,86.0,38.5,0
1564.0,311.8,0.0,303.4,171.0,35.9,0
1449.0,308.9,1.0,299.0,105.0,39.6,0
1691.0,310.6,1.0,301.7,105.0,27.7,0
1379.0,309.2,2.0,298.9,106.0,50.7,0
1290.0,311.9,0.0,302.4,139.0,70.0,1
2207.0,311.3,2.0,301.1,43.0,16.6,0
1401.0,309.4,0.0,297.4,49.0,45.9,0
1388.0,310.5,2.0,301.7,176.0,50.5,0
1461.0,309.7,0.0,300.8,158.0,44.3,0
1294.0,310.7,2.0,302.1,101.0,62.4,1
2270.0,306.2,0.0,295.7,149.0,14.6,1
1398.0,310.9,0.0,300.8,50.0,38.2,0
1384.0,308.6,0.0,299.3,218.0,53.6,1
1490.0,308.5,0.0,298.4,110.0,37.9,0
1455.0,310.4,1.0,301.6,118.0,39.0,0
1510.0,311.4,0.0,303.3,36.0,37.3,0
1641.0,312.5,0.0,303.7,125.0,36.0,0
1527.0,310.8,0.0,301.0,8.0,45.3,0
1410.0,309.4,0.0,300.6,99.0,40.6,0
1261.0,310.1,0.0,300.7,98.0,56.6,0
1556.0,307.7,0.0,296.6,110.0,37.7,0
1376.0,310.1,0.0,300.7,75.0,50.8,0
1577.0,310.6,0.0,299.1,44.0,37.1,0
1355.0,309.1,1.0,299.8,7.0,56.7,0
1725.0,309.9,0.0,298.4,21.0,27.8,0
1422.0,312.4,1.0,302.7,49.0,44.5,0
1398.0,310.5,1.0,302.7,70.0,47.3,0
1490.0,312.0,0.0,300.6,3.0,42.2,0
1426.0,312.7,1.0,303.0,99.0,46.8,0
1507.0,310.7,0.0,300.7,209.0,46.1,0
1771.0,310.9,1.0,302.2,54.0,27.6,0
1565.0,311.9,0.0,303.5,12.0,38.9,0
1591.0,311.5,0.0,300.0,79.0,32.0,0
1447.0,307.7,0.0,297.0,8.0,46.4,0
1354.0,309.8,0.0,298.7,212.0,53.3,1
1531.0,313.2,0.0,303.8,159.0,39.4,0
1386.0,311.2,0.0,302.3,59.0,53.5,0
1408.0,313.0,0.0,304.1,28.0,45.3,0
1520.0,309.5,0.0,298.4,106.0,38.1,0
1806.0,309.3,0.0,298.4,64.0,27.6,0
1384.0,308.0,0.0,298.5,27.0,59.5,0
1505.0,306.5,0.0,295.8,86.0,35.2,0
1510.0,310.9,1.0,301.0,66.0,44.5,0
1458.0,308.1,0.0,297.3,202.0,45.7,0
1523.0,310.5,0.0,301.7,181.0,34.7,0
1487.0,311.4,0.0,300.0,22.0,41.2,0
1462.0,308.4,0.0,297.2,102.0,51.2,0
1409.0,311.0,1.0,303.0,120.0,41.7,0
1724.0,309.6,0.0,298.5,100.0,26.4,0
1698.0,309.2,0.0,297.4,119.0,29.4,0
1639.0,310.2,0.0,300.7,48.0,31.4,0
1498.0,307.6,0.0,296.6,80.0,41.1,0
1794.0,310.3,0.0,300.6,211.0,24.4,0
1503.0,310.1,0.0,300.4,196.0,42.2,0
1436.0,310.7,0.0,301.4,90.0,54.1,0
1732.0,311.4,0.0,303.3,232.0,25.6,0
1427.0,310.9,2.0,299.8,168.0,47.2,0
2118.0,309.2,0.0,298.4,210.0,17.7,0
1635.0,311.7,0.0,300.3,156.0,31.8,0
1669.0,310.9,0.0,299.3,5.0,32.4,0
1533.0,309.7,1.0,301.9,204.0,35.9,0
1686.0,311.4,0.0,302.1,106.0,30.9,0
1447.0,309.6,0.0,299.8,12.0,43.1,0
2329.0,308.6,1.0,299.1,95.0,14.6,0
1563.0,308.2,2.0,298.5,163.0,44.6,0
1673.0,312.0,0.0,302.5,42.0,29.9,0
1445.0,310.4,0.0,300.9,180.0,41.7,0
2297.0,310.5,0.0,301.5,191.0,15.8,0
1481.0,312.5,0.0,303.7,182.0,33.3,0
1445.0,310.3,0.0,300.2,34.0,50.9,0
1510.0,310.9,1.0,301.6,152.0,40.9,0
1566.0,307.3,0.0,296.3,175.0,35.8,0
1608.0,310.8,0.0,301.1,119.0,32.9,0
1559.0,310.0,0.0,298.9,58.0,33.4,0
1610.0,309.3,0.0,297.6,6.0,35.0,0
1589.0,308.8,0.0,298.5,11.0,30.6,0
1406.0,313.3,0.0,303.8,166.0,52.1,0
1412.0,309.2,1.0,299.7,205.0,45.3,0
1506.0,309.3,1.0,299.5,77.0,41.5,0
2432.0,310.6,1.0,301.5,126.0,14.2,0
1362.0,310.1,1.0,299.9,179.0,56.3,0
1645.0,309.1,0.0,299.4,57.0,28.6,0
1419.0,310.6,2.0,300.6,3.0,39.6,0
1681.0,312.3,0.0,303.5,25.0,29.8,0
2100.0,308.5,0.0,297.4,176.0,16.9,0
1369.0,308.4,0.0,298.8,138.0,53.0,0
1366.0,309.5,1.0,298.5,130.0,61.9,0
1375.0,308.1,0.0,298.4,94.0,50.8,0
1478.0,311.4,0.0,301.0,75.0,39.5,0
1677.0,308.2,1.0,297.3,21.0,34.9,0
1577.0,310.8,0.0,302.5,158.0,36.9,0
1423.0,311.7,1.0,302.3,93.0,44.6,0
1408.0,308.7,2.0,299.0,25.0,48.5,0
1353.0,309.8,1.0,298.9,71.0,53.7,0
1721.0,313.1,0.0,303.7,50.0,34.8,0
1626.0,308.4,0.0,297.6,130.0,32.4,0
1413.0,310.7,2.0,302.2,114.0,48.9,0
1627.0,307.8,2.0,296.8,117.0,30.5,0
1563.0,310.8,1.0,301.9,39.0,39.2,0
1470.0,310.7,1.0,301.4,101.0,46.5,0
1398.0,309.6,1.0,300.3,82.0,53.7,0
1587.0,310.9,0.0,302.3,20.0,36.6,0
1456.0,308.1,1.0,298.1,80.0,43.7,0
1316.0,311.0,0.0,300.9,120.0,56.5,0
1477.0,309.8,0.0,299.9,112.0,47.7,0
1512.0,308.9,1.0,298.2,28.0,38.5,0
1527.0,308.7,1.0,298.1,56.0,43.0,0
1751.0,310.9,0.0,299.4,10.0,27.8,0
1451.0,311.5,1.0,300.0,115.0,49.0,0
1638.0,310.7,0.0,301.6,196.0,33.8,0
1515.0,307.6,0.0,297.9,118.0,40.5,0
1603.0,308.8,0.0,297.5,184.0,36.7,0
1468.0,310.9,1.0,300.7,112.0,41.8,0
1541.0,307.6,0.0,296.5,98.0,38.5,0
1561.0,312.4,0.0,302.9,150.0,34.8,0
1576.0,307.7,0.0,298.3,171.0,33.8,0
1475.0,308.5,0.0,297.4,69.0,47.2,0
1544.0,310.4,1.0,302.6,25.0,35.1,0
1379.0,307.8,0.0,298.1,135.0,49.1,0
1600.0,308.5,1.0,297.4,190.0,42.1,0
1526.0,311.1,1.0,303.0,176.0,37.3,0
1453.0,310.5,0.0,301.5,129.0,44.2,0
1390.0,313.5,1.0,304.2,83.0,47.8,0
1499.0,308.6,1.0,299.1,185.0,45.1,0
1360.0,309.0,2.0,298.2,107.0,56.8,0
1478.0,312.1,2.0,302.7,191.0,36.0,0
1584.0,309.6,1.0,300.1,165.0,36.7,0
1332.0,312.9,0.0,303.5,66.0,52.9,0
1951.0,306.9,1.0,296.1,38.0,23.3,0
1437.0,310.0,1.0,299.1,192.0,41.1,0
1289.0,311.0,0.0,301.9,128.0,54.9,0
1459.0,310.5,2.0,302.0,148.0,43.2,0
1548.0,307.6,0.0,298.0,111.0,45.8,0
1816.0,311.7,0.0,301.1,7.0,24.5,0
1864.0,308.6,0.0,297.2,103.0,23.6,0
1498.0,310.8,0.0,299.6,116.0,46.9,0
1458.0,310.5,0.0,299.2,91.0,44.1,0
1652.0,311.1,0.0,302.4,139.0,33.9,0
1401.0,310.1,0.0,298.9,76.0,44.4,0
1539.0,309.4,1.0,297.4,134.0,42.2,0
1504.0,308.7,0.0,298.9,165.0,41.8,0
1357.0,311.6,2.0,302.2,142.0,44.2,0
1251.0,309.5,0.0,300.7,120.0,59.9,0
1448.0,308.5,0.0,297.5,83.0,54.3,0
1443.0,309.9,0.0,300.5,122.0,48.3,0
1526.0,313.3,0.0,303.9,164.0,40.7,0
1359.0,308.2,2.0,297.4,199.0,46.9,0
1458.0,312.2,0.0,302.8,42.0,51.0,0
1493.0,308.3,0.0,297.4,43.0,41.2,0
1915.0,306.3,0.0,295.7,79.0,22.4,0
1529.0,310.5,0.0,299.3,17.0,41.3,0
1496.0,312.0,1.0,302.6,79.0,45.0,0
1586.0,307.4,2.0,296.4,0.0,35.5,0
1440.0,313.1,0.0,303.9,12.0,41.1,0
1627.0,312.1,1.0,303.6,7.0,32.5,0
1486.0,310.8,0.0,300.8,146.0,45.7,0
1705.0,311.2,0.0,300.4,20.0,28.7,0
1891.0,310.9,0.0,302.3,135.0,22.7,0
1944.0,311.8,0.0,303.5,159.0,23.5,0
1544.0,310.7,1.0,302.3,141.0,39.7,0
1655.0,308.7,1.0,297.3,21.0,34.1,0
1498.0,311.9,0.0,300.8,23.0,39.3,0
1429.0,310.4,1.0,302.5,191.0,43.2,0
1671.0,311.9,0.0,302.4,204.0,29.9,0
1622.0,308.9,0.0,299.0,42.0,31.9,0
1351.0,308.6,0.0,297.6,37.0,51.0,0
1379.0,308.0,0.0,298.5,152.0,49.6,0
1580.0,310.1,0.0,298.9,100.0,37.3,0
1553.0,310.0,0.0,298.1,49.0,40.9,0
1474.0,308.7,0.0,297.7,188.0,46.8,0
1382.0,310.6,1.0,301.5,67.0,58.1,0
1477.0,311.4,0.0,302.2,15.0,41.7,0
1463.0,311.8,1.0,302.3,197.0,35.7,0
2695.0,310.1,0.0,301.7,10.0,12.6,0
1412.0,311.0,0.0,302.3,164.0,47.0,0
1427.0,309.0,1.0,297.6,179.0,45.6,0
1475.0,310.8,0.0,300.7,147.0,42.0,0
1413.0,309.0,1.0,298.2,97.0,47.9,0
1522.0,310.9,2.0,302.2,61.0,35.9,0
1581.0,311.1,1.0,301.3,31.0,30.9,0
1877.0,308.4,0.0,299.2,4.0,23.9,0
1479.0,307.9,0.0,297.0,151.0,39.2,0
1783.0,310.8,1.0,302.0,190.0,23.1,0
1472.0,310.5,2.0,301.9,187.0,39.7,0
1579.0,309.6,2.0,298.5,91.0,33.5,0
1291.0,307.2,0.0,296.3,29.0,58.6,0
1483.0,310.8,0.0,299.3,15.0,43.5,0
1675.0,312.1,0.0,301.0,200.0,30.7,0
1743.0,310.6,0.0,301.7,71.0,26.2,0
1444.0,308.9,0.0,298.2,83.0,53.1,0
1443.0,311.5,0.0,301.8,134.0,43.3,0
1679.0,310.7,0.0,301.6,10.0,29.5,0
1435.0,308.1,0.0,296.9,62.0,45.3,0
1517.0,309.9,0.0,298.9,117.0,36.6,0
1543.0,312.3,1.0,303.5,71.0,33.3,0
1422.0,312.5,2.0,302.8,4.0,46.1,0
1384.0,311.4,1.0,300.0,7.0,46.1,0
2008.0,307.7,1.0,296.9,3.0,17.5,0
1897.0,308.6,1.0,298.5,50.0,20.2,0
1744.0,311.6,0.0,300.5,94.0,26.8,0
1497.0,308.8,1.0,298.8,72.0,46.8,0
1736.0,308.2,1.0,298.1,27.0,26.8,0
1392.0,308.7,1.0,297.4,174.0,46.4,0
1546.0,306.0,0.0,295.5,169.0,35.9,0
1377.0,308.7,1.0,298.0,181.0,48.5,0
1346.0,311.4,0.0,300.3,147.0,51.1,0
1652.0,309.7,1.0,300.0,112.0,28.6,0
1669.0,309.6,2.0,297.6,155.0,32.1,0
1613.0,309.7,0.0,298.5,0.0,36.7,0
1448.0,311.8,0.0,302.4,141.0,43.4,0
1685.0,309.7,1.0,300.5,140.0,29.4,0
1408.0,308.6,0.0,299.1,196.0,46.7,0
2617.0,309.7,0.0,298.5,102.0,12.1,1
1607.0,311.6,0.0,300.3,109.0,33.5,0
1627.0,311.2,1.0,302.2,74.0,33.2,0
1542.0,311.3,1.0,301.8,142.0,40.1,0
1333.0,311.7,0.0,300.3,18.0,55.2,0
1594.0,312.7,1.0,303.4,79.0,32.8,0
1521.0,311.2,0.0,301.7,130.0,36.7,0
1285.0,307.8,0.0,296.9,100.0,52.1,0
1719.0,310.8,0.0,301.3,62.0,29.5,0
1651.0,312.4,0.0,302.8,200.0,27.0,0
2158.0,310.3,0.0,300.3,32.0,16.8,0
1918.0,310.5,1.0,302.5,131.0,21.6,0
1455.0,309.8,0.0,300.6,125.0,48.0,0
1916.0,310.9,2.0,301.0,42.0,22.0,0
1614.0,311.2,1.0,303.0,207.0,35.7,0
1651.0,310.5,0.0,302.0,146.0,30.9,0
1474.0,309.8,0.0,300.0,78.0,40.6,0
1456.0,313.0,0.0,303.7,51.0,45.5,0
1362.0,308.7,1.0,298.1,158.0,49.6,0
1478.0,310.2,1.0,300.6,5.0,40.1,0
1569.0,309.2,0.0,299.4,73.0,40.8,0
1479.0,309.5,0.0,300.7,197.0,34.5,0
1637.0,310.9,0.0,300.7,115.0,37.2,0
1516.0,310.7,0.0,301.3,119.0,46.0,0
1490.0,310.8,0.0,301.4,168.0,38.0,0
1616.0,309.3,0.0,300.1,199.0,32.0,0
1578.0,308.3,1.0,297.2,3.0,37.8,0
1638.0,308.0,0.0,298.1,38.0,35.1,0
1445.0,310.6,0.0,302.4,162.0,40.3,0
1412.0,310.0,0.0,298.8,107.0,46.3,0
1465.0,308.5,1.0,297.4,153.0,55.9,0
1384.0,310.6,0.0,300.8,165.0,52.9,0
1309.0,313.1,0.0,303.8,193.0,55.8,0
2141.0,311.7,1.0,300.5,196.0,17.2,0
2144.0,311.1,0.0,299.8,190.0,17.7,0
1606.0,312.4,1.0,303.5,22.0,31.7,0
1471.0,311.7,0.0,302.2,140.0,45.6,0
1489.0,311.2,0.0,300.1,188.0,39.1,0
1459.0,310.3,0.0,299.1,84.0,46.7,0
1455.0,307.9,0.0,297.0,204.0,49.0,0
1288.0,310.2,0.0,299.9,62.0,69.6,1
1445.0,312.0,1.0,302.5,0.0,54.8,0
1490.0,311.7,0.0,300.8,217.0,46.4,0
1483.0,311.8,1.0,300.3,181.0,45.1,0
1597.0,310.9,0.0,301.2,164.0,37.9,0
1669.0,312.7,1.0,303.7,120.0,31.7,0
1557.0,309.8,0.0,300.2,19.0,33.8,0
1450.0,311.0,1.0,302.3,175.0,45.7,0
1679.0,311.4,2.0,300.5,59.0,27.5,0
1602.0,308.8,1.0,297.9,59.0,32.1,0
1443.0,309.3,1.0,300.1,196.0,50.3,0
1401.0,309.3,0.0,298.3,14.0,51.9,0
1487.0,310.7,0.0,301.4,88.0,44.6,0
1484.0,308.5,1.0,297.5,40.0,44.7,0
1576.0,308.3,0.0,298.9,7.0,36.6,0
2424.0,310.5,0.0,300.4,12.0,14.5,0
1640.0,310.6,1.0,298.8,9.0,33.8,0
1493.0,310.8,0.0,300.9,57.0,45.8,0
1399.0,308.2,0.0,297.1,194.0,42.6,0
1311.0,309.2,1.0,298.6,44.0,46.6,0
1847.0,307.9,0.0,298.2,69.0,23.6,0
1395.0,309.7,0.0,300.5,157.0,61.0,0
1457.0,312.0,0.0,302.4,206.0,45.5,0
1437.0,308.3,0.0,297.5,29.0,42.3,0
1426.0,308.0,0.0,298.1,61.0,46.0,0
1607.0,312.8,0.0,303.5,92.0,38.4,0
1374.0,308.4,0.0,297.8,150.0,47.1,0
1663.0,309.6,0.0,298.9,195.0,33.7,0
1498.0,309.7,0.0,297.7,176.0,41.0,0
1355.0,309.3,1.0,298.4,8.0,50.6,0
1440.0,310.2,0.0,300.2,191.0,42.9,0
1539.0,309.1,0.0,298.2,134.0,36.5,0
1335.0,308.3,1.0,297.4,113.0,57.9,0
1469.0,308.9,0.0,297.5,185.0,44.0,0
1519.0,311.2,1.0,303.0,139.0,38.0,0
1916.0,310.9,1.0,302.1,51.0,23.1,0
1613.0,309.0,0.0,299.4,178.0,32.2,0
1471.0,308.2,0.0,298.4,214.0,47.0,0
1408.0,310.3,2.0,300.2,0.0,42.5,0
1727.0,310.7,0.0,301.0,127.0,34.5,0
1706.0,308.9,2.0,298.3,8.0,31.8,0
1459.0,310.6,0.0,302.1,93.0,47.6,0
1546.0,311.0,1.0,302.3,70.0,35.5,0
1691.0,308.5,0.0,297.5,9.0,33.1,0
1530.0,311.3,0.0,302.2,207.0,37.3,1
1685.0,308.4,0.0,297.8,179.0,28.4,0
1412.0,310.7,0.0,300.9,16.0,57.5,0
1312.0,311.0,0.0,300.7,107.0,52.1,0
1703.0,311.3,0.0,300.0,85.0,30.4,0
1430.0,309.5,0.0,301.0,122.0,48.5,0
1677.0,309.9,2.0,300.3,130.0,30.1,0
2016.0,311.0,2.0,301.7,180.0,19.3,0
1483.0,313.0,0.0,303.9,78.0,45.0,0
1374.0,311.4,0.0,300.0,96.0,41.9,0
1352.0,309.1,1.0,299.4,172.0,44.7,0
1492.0,310.5,1.0,299.7,131.0,39.3,0
1571.0,308.4,0.0,297.4,0.0,39.4,0
1502.0,307.3,0.0,297.9,12.0,36.7,0
1406.0,309.8,0.0,300.7,151.0,48.4,0
1575.0,306.4,0.0,295.9,74.0,28.5,0
1566.0,313.0,0.0,304.1,7.0,37.2,0
1397.0,310.8,2.0,302.2,11.0,47.6,0
1481.0,310.6,0.0,301.3,57.0,40.9,0
1552.0,309.4,0.0,300.6,113.0,36.4,0
1402.0,312.0,1.0,303.7,76.0,48.6,0
1480.0,309.5,0.0,298.5,160.0,38.1,0
1343.0,309.8,1.0,298.7,134.0,53.6,0
1413.0,308.6,0.0,298.9,122.0,46.5,0
1337.0,307.9,0.0,297.2,184.0,58.1,0
1556.0,311.5,2.0,302.7,164.0,35.0,0
1422.0,309.2,0.0,299.6,219.0,39.8,0
1686.0,310.7,0.0,301.5,135.0,27.9,0
1630.0,311.6,1.0,300.6,52.0,31.8,0
1811.0,308.3,0.0,298.5,27.0,24.7,0
1567.0,311.3,0.0,302.0,26.0,41.1,0
1275.0,312.9,0.0,303.5,113.0,64.4,0
1551.0,311.2,1.0,300.5,205.0,36.6,0
1457.0,309.1,1.0,298.2,77.0,49.0,0
1426.0,310.8,0.0,299.3,0.0,42.4,0
1604.0,308.3,1.0,297.2,9.0,39.4,0
1939.0,309.8,0.0,300.5,164.0,21.4,0
1820.0,310.4,1.0,299.9,175.0,26.6,0
1345.0,311.4,1.0,302.3,67.0,47.6,0
1419.0,310.4,2.0,300.8,200.0,46.4,0
1432.0,307.8,0.0,298.1,198.0,49.8,0
1501.0,309.5,1.0,298.5,114.0,40.2,0
1502.0,308.8,0.0,299.1,88.0,38.3,0
1375.0,308.5,0.0,297.5,128.0,55.6,0
1531.0,311.3,0.0,300.6,0.0,38.5,0
1555.0,311.1,0.0,302.9,96.0,33.9,0
1721.0,310.1,0.0,300.7,170.0,32.3,0
1258.0,308.9,0.0,299.3,119.0,69.4,1
1498.0,309.0,0.0,299.5,101.0,44.6,0
1556.0,313.6,0.0,304.1,129.0,37.4,0
1666.0,308.0,0.0,296.8,41.0,29.8,0
1550.0,310.0,0.0,301.3,197.0,41.5,0
1605.0,311.1,0.0,300.3,160.0,37.1,0
1869.0,310.0,0.0,301.6,18.0,22.9,0
1791.0,308.1,0.0,298.1,63.0,27.3,0
1431.0,311.9,0.0,300.5,37.0,49.4,0
1879.0,311.8,1.0,302.3,124.0,23.0,0
1417.0,309.1,0.0,298.4,121.0,40.6,0
1419.0,309.0,1.0,299.0,27.0,45.2,0
1540.0,310.3,1.0,299.0,182.0,38.1,0
1748.0,310.5,0.0,302.6,2.0,28.2,0
1484.0,311.4,0.0,301.0,188.0,36.2,0
1880.0,307.5,2.0,297.9,146.0,23.3,0
1841.0,309.3,0.0,300.1,125.0,23.0,0
1521.0,308.9,1.0,299.2,215.0,42.3,0
1526.0,308.0,0.0,298.4,162.0,41.1,0
1398.0,310.3,0.0,301.9,65.0,44.0,0
1320.0,309.5,1.0,300.3,142.0,62.2,0
1575.0,307.6,0.0,297.0,98.0,37.4,0
1625.0,310.2,1.0,299.0,89.0,31.8,0
1470.0,308.8,2.0,298.2,61.0,43.3,0
2025.0,309.5,0.0,300.6,64.0,21.4,0
1586.0,309.9,0.0,299.1,215.0,36.6,0
1605.0,307.9,2.0,298.4,18.0,31.0,0
1507.0,308.6,1.0,298.8,207.0,42.3,0
1361.0,311.2,0.0,303.0,106.0,47.6,1
1486.0,312.3,0.0,301.1,122.0,34.9,0
1550.0,309.5,1.0,300.6,96.0,40.2,0
1315.0,308.7,1.0,298.1,59.0,56.8,0
1598.0,309.7,0.0,300.7,149.0,33.7,0
1859.0,307.3,0.0,297.8,178.0,24.0,0
1318.0,311.4,0.0,300.3,13.0,52.7,0
1392.0,312.6,1.0,303.0,94.0,42.9,0
1395.0,309.4,0.0,300.0,181.0,44.5,0
1521.0,308.2,0.0,298.1,151.0,39.3,0
1756.0,312.0,0.0,303.5,28.0,29.7,0
1400.0,310.9,0.0,301.5,2.0,50.8,0
1343.0,308.0,0.0,296.9,15.0,44.5,0
1691.0,309.4,2.0,300.6,36.0,28.0,0
1528.0,308.1,0.0,298.3,82.0,33.9,0
1292.0,307.4,0.0,296.5,62.0,52.5,0
1559.0,308.5,0.0,298.9,126.0,34.3,0
1413.0,311.1,1.0,301.8,9.0,42.2,0
1328.0,308.2,1.0,298.9,11.0,49.2,0
1510.0,309.3,1.0,298.6,177.0,40.8,0
1357.0,309.1,0.0,299.5,106.0,47.3,0
1496.0,311.6,2.0,300.2,60.0,41.1,0
1383.0,308.0,0.0,297.4,188.0,46.2,0
2886.0,308.0,0.0,298.3,57.0,3.8,1
1976.0,309.0,1.0,298.1,158.0,19.3,0
2074.0,311.0,0.0,300.5,9.0,18.9,0
1522.0,311.3,0.0,300.7,48.0,35.2,0
1442.0,309.4,0.0,300.6,96.0,43.2,0
1544.0,311.6,0.0,302.3,0.0,34.3,0
1552.0,309.7,1.0,298.5,205.0,34.0,0
1334.0,308.3,0.0,298.5,186.0,49.8,0
1818.0,309.9,1.0,298.6,9.0,24.9,0
1888.0,309.6,2.0,300.6,133.0,20.5,0
1372.0,311.4,2.0,302.3,86.0,46.0,0
1286.0,310.4,0.0,300.4,46.0,56.8,0
1501.0,309.6,0.0,297.6,222.0,49.8,1
1891.0,311.4,0.0,300.2,86.0,22.6,0
1497.0,311.4,0.0,303.3,234.0,46.0,1
1212.0,310.4,1.0,302.0,79.0,55.6,1
1597.0,312.1,0.0,302.7,153.0,39.8,0
1461.0,312.7,0.0,303.8,188.0,38.2,0
1461.0,308.0,1.0,298.5,157.0,51.9,0
1450.0,308.1,0.0,296.7,195.0,40.9,0
1553.0,310.3,0.0,298.8,97.0,36.8,0
1502.0,307.7,0.0,296.7,84.0,43.9,0
1467.0,308.5,0.0,298.7,106.0,40.7,0
1597.0,309.6,0.0,300.3,73.0,31.8,0
1630.0,309.3,0.0,298.5,116.0,33.3,0
1424.0,310.9,1.0,301.2,68.0,45.2,0
1492.0,313.0,1.0,303.5,89.0,46.1,0
1509.0,311.1,0.0,300.8,172.0,33.4,0
1592.0,308.4,0.0,298.1,211.0,38.2,0
1312.0,311.6,1.0,300.3,151.0,53.4,0
1525.0,309.2,2.0,299.9,0.0,33.2,0
1312.0,311.3,1.0,302.4,85.0,61.5,0
1735.0,310.8,0.0,301.9,66.0,31.5,0
1573.0,311.6,1.0,303.5,134.0,34.0,0
1505.0,311.5,0.0,302.4,79.0,37.9,0
1677.0,309.3,0.0,298.6,180.0,31.2,0
1611.0,310.0,0.0,298.8,183.0,32.4,0
1445.0,310.2,0.0,298.9,129.0,40.0,0
1435.0,310.3,0.0,300.5,31.0,43.3,0
1235.0,306.3,1.0,295.8,89.0,76.2,1
1581.0,307.7,0.0,297.7,31.0,34.9,0
1362.0,309.4,2.0,298.6,56.0,45.3,0
1339.0,308.1,1.0,298.0,197.0,51.6,0
1477.0,308.6,0.0,298.4,124.0,44.0,0
1498.0,311.5,1.0,301.2,3.0,49.5,0
1527.0,309.4,0.0,300.2,194.0,37.0,0
1559.0,310.5,0.0,302.1,124.0,36.0,0
1985.0,312.0,1.0,300.5,143.0,19.3,0
1329.0,311.0,0.0,302.3,154.0,51.5,0
1622.0,309.7,1.0,298.7,8.0,34.6,0
1560.0,308.0,1.0,297.5,141.0,39.0,0
1716.0,310.2,0.0,302.5,156.0,29.9,0
1645.0,312.4,1.0,303.0,129.0,29.6,0
1641.0,309.5,0.0,299.8,16.0,27.1,0
1566.0,307.5,0.0,296.5,206.0,35.1,0
1315.0,307.3,1.0,297.8,180.0,54.0,0
1546.0,311.0,0.0,301.7,23.0,43.0,0
1556.0,307.5,1.0,296.9,116.0,31.2,0
1484.0,309.5,1.0,298.4,119.0,41.7,0
1307.0,310.2,0.0,302.5,86.0,54.0,1
1567.0,311.8,0.0,303.6,97.0,31.7,0
1287.0,306.2,0.0,295.6,49.0,54.8,0
1375.0,310.8,0.0,300.6,179.0,53.2,0
1557.0,307.8,0.0,296.9,135.0,38.1,0
1614.0,310.3,1.0,300.6,0.0,32.7,0
1469.0,308.5,2.0,297.4,63.0,45.1,0
1487.0,307.7,1.0,298.0,160.0,41.3,0
1319.0,311.7,1.0,300.3,170.0,51.4,0
1254.0,308.6,1.0,297.6,31.0,45.8,0
1557.0,309.5,1.0,300.6,84.0,33.8,0
1420.0,310.7,1.0,301.8,88.0,52.0,0
2183.0,311.6,0.0,303.5,110.0,17.0,0
1622.0,311.3,0.0,301.1,34.0,35.6,0
1397.0,312.2,0.0,301.1,81.0,54.9,0
1435.0,311.0,1.0,299.7,168.0,50.1,0
1667.0,309.2,0.0,300.2,75.0,29.9,0
1842.0,308.6,1.0,297.5,133.0,27.0,0
1670.0,311.9,1.0,300.5,89.0,26.3,0
1591.0,309.2,0.0,299.8,109.0,37.5,0
2564.0,308.3,0.0,297.5,127.0,12.8,1
1470.0,310.8,0.0,302.6,156.0,41.2,0
1495.0,307.7,0.0,298.1,111.0,48.1,0
2329.0,312.8,0.0,303.1,113.0,15.1,0
1567.0,309.9,0.0,300.4,72.0,36.5,0
1815.0,309.0,1.0,297.6,66.0,25.3,0
1564.0,309.9,0.0,298.6,30.0,37.1,0
1463.0,309.6,2.0,300.1,113.0,45.1,0
1635.0,309.5,2.0,300.5,62.0,34.2,0
1690.0,311.1,0.0,299.7,148.0,30.6,0
1476.0,310.5,2.0,300.7,134.0,43.1,0
1650.0,309.8,0.0,300.2,13.0,29.6,0
1579.0,311.2,1.0,299.9,162.0,35.5,0
1453.0,312.0,0.0,300.5,151.0,45.1,0
1534.0,309.3,2.0,299.4,39.0,37.5,0
1650.0,311.3,1.0,300.1,38.0,33.8,0
1571.0,307.8,0.0,296.9,102.0,35.0,0
1858.0,312.3,0.0,302.7,2.0,25.4,0
1364.0,309.6,0.0,300.0,16.0,45.9,0
1666.0,308.5,1.0,298.0,198.0,31.0,0
1583.0,310.2,1.0,298.8,116.0,35.7,0
1556.0,310.4,1.0,300.1,92.0,38.1,0
1366.0,312.0,0.0,300.4,117.0,43.0,0
1412.0,313.2,0.0,304.1,150.0,47.5,0
1858.0,309.4,0.0,299.9,22.0,22.5,0
1393.0,308.6,0.0,297.6,127.0,40.4,0
1656.0,308.3,0.0,297.2,124.0,30.3,0
1460.0,308.4,0.0,297.2,41.0,42.1,0
1439.0,310.6,1.0,300.7,184.0,41.7,0
1390.0,311.4,0.0,302.2,40.0,48.1,0
1623.0,312.6,0.0,303.3,102.0,34.6,0
1406.0,309.1,1.0,300.2,40.0,42.2,0
1402.0,310.8,0.0,302.8,30.0,50.5,0
1565.0,307.4,1.0,296.5,194.0,43.5,0
1693.0,312.1,1.0,303.3,80.0,30.0,0
1521.0,307.4,1.0,296.9,27.0,37.9,0
1425.0,310.7,0.0,300.7,48.0,45.3,0
1525.0,309.3,2.0,297.5,235.0,41.7,0
1363.0,312.0,1.0,302.6,91.0,45.7,0
1398.0,309.8,0.0,299.1,217.0,55.4,1
1458.0,309.0,0.0,298.5,217.0,44.8,0
1539.0,311.4,1.0,302.2,24.0,35.1,0
1435.0,309.2,2.0,299.8,111.0,42.6,0
1464.0,309.1,0.0,299.4,215.0,40.5,0
1469.0,310.9,1.0,302.4,124.0,41.6,0
1534.0,312.7,0.0,303.4,98.0,35.5,0
1599.0,310.7,2.0,301.5,72.0,40.4,0
1611.0,310.4,0.0,299.2,32.0,36.4,0
1692.0,311.9,0.0,300.3,187.0,31.5,0
1437.0,311.0,1.0,302.9,55.0,49.9,0
1469.0,312.2,0.0,302.9,214.0,42.0,0
1555.0,308.1,0.0,296.9,229.0,33.7,0
1602.0,312.2,0.0,301.0,67.0,35.9,0
1568.0,308.3,0.0,298.2,92.0,36.0,0
1607.0,307.5,2.0,296.7,38.0,33.6,0
1459.0,308.9,0.0,297.5,193.0,48.5,0
1499.0,308.6,0.0,298.3,142.0,38.3,0
1638.0,310.4,0.0,302.6,84.0,36.2,0
1436.0,312.0,1.0,302.5,184.0,43.5,0
1475.0,310.8,0.0,301.0,19.0,35.3,0
1654.0,309.4,0.0,300.6,57.0,32.8,0
1463.0,309.8,0.0,298.8,90.0,40.0,0
1557.0,307.9,0.0,297.4,174.0,35.5,0
1657.0,308.3,1.0,297.3,8.0,31.1,0
1471.0,309.3,1.0,299.3,42.0,46.0,0
1679.0,310.6,1.0,298.9,14.0,35.8,0
1554.0,310.9,1.0,301.0,59.0,32.7,0
1764.0,308.5,0.0,297.3,148.0,30.8,0
1574.0,310.1,0.0,298.8,181.0,36.2,0
1662.0,311.5,2.0,300.4,137.0,29.0,0
1517.0,307.9,0.0,298.1,50.0,40.8,0
1605.0,308.7,0.0,298.2,47.0,29.4,0
1519.0,311.2,0.0,302.1,155.0,39.3,0
1547.0,310.7,0.0,301.8,72.0,41.7,0
1461.0,309.8,0.0,298.8,141.0,39.4,0
1431.0,311.0,0.0,301.6,158.0,42.6,0
1532.0,306.6,1.0,295.9,104.0,38.6,0
1746.0,309.9,1.0,301.6,83.0,31.1,0
1284.0,311.0,0.0,302.6,114.0,68.0,1
1481.0,312.2,0.0,302.8,230.0,40.2,0
1341.0,311.0,2.0,301.3,134.0,59.3,0
1593.0,309.9,0.0,298.6,47.0,37.4,0
1436.0,311.8,0.0,300.2,175.0,48.2,0
1622.0,309.6,1.0,300.1,43.0,36.1,0
1756.0,311.0,1.0,301.8,33.0,26.7,0
1383.0,311.5,1.0,302.1,108.0,53.6,0
1600.0,310.0,1.0,300.9,204.0,36.0,0
1423.0,310.0,0.0,298.8,154.0,42.1,0
1486.0,307.2,0.0,297.6,42.0,40.6,0
1583.0,310.1,0.0,299.0,142.0,35.8,0
1432.0,311.4,0.0,300.5,51.0,47.5,0
1696.0,310.2,0.0,298.9,214.0,30.2,0
1491.0,312.2,2.0,301.1,52.0,42.6,0
1434.0,311.3,0.0,301.3,16.0,49.8,0
1657.0,308.6,1.0,297.4,156.0,33.1,0
1599.0,309.8,0.0,298.8,131.0,33.6,0
1412.0,310.1,1.0,299.1,24.0,44.4,0
1542.0,309.5,0.0,299.8,141.0,40.3,0
1506.0,309.3,2.0,300.2,63.0,35.6,0
1446.0,308.7,1.0,298.8,49.0,45.5,0
1426.0,309.2,0.0,297.5,24.0,44.8,0
1329.0,309.4,1.0,300.2,186.0,53.6,0
1585.0,308.5,1.0,298.0,24.0,33.0,0
1560.0,308.6,0.0,298.9,118.0,32.2,0
1634.0,310.8,0.0,300.8,149.0,29.2,0
1510.0,313.6,1.0,304.4,199.0,38.9,0
1551.0,309.6,1.0,301.9,211.0,34.6,0
1457.0,310.3,2.0,300.8,182.0,46.8,0
1429.0,310.7,0.0,301.6,176.0,43.6,0
1583.0,307.8,1.0,298.2,185.0,36.6,0
1436.0,309.2,0.0,299.9,107.0,52.0,0
1720.0,313.1,0.0,304.0,106.0,28.7,0
1767.0,308.9,1.0,299.3,196.0,24.8,0
1294.0,309.5,0.0,298.5,12.0,66.7,1
1419.0,310.9,1.0,301.9,20.0,47.7,1
1618.0,310.8,1.0,301.8,59.0,37.8,0
1618.0,310.8,2.0,300.8,40.0,32.8,0
1631.0,310.6,2.0,300.7,43.0,32.6,0
1698.0,310.6,1.0,301.0,14.0,27.3,0
1453.0,308.3,1.0,298.1,204.0,41.5,0
1530.0,311.6,0.0,300.1,74.0,36.6,0
1742.0,309.2,1.0,298.6,37.0,30.0,0
1651.0,309.2,1.0,299.6,92.0,30.8,0
1827.0,311.0,0.0,299.7,194.0,25.4,0
1419.0,309.6,2.0,297.6,215.0,48.2,0
1593.0,308.4,0.0,298.3,174.0,37.0,0
1433.0,311.8,0.0,302.3,183.0,50.3,0
1560.0,309.7,0.0,300.5,139.0,30.2,0
1667.0,309.7,0.0,298.7,92.0,30.4,0
1494.0,310.7,0.0,301.6,24.0,39.5,0
1645.0,308.9,2.0,297.4,196.0,30.8,0
1353.0,310.1,0.0,302.3,36.0,50.9,1
1592.0,311.8,1.0,300.3,11.0,32.1,0
1592.0,308.5,1.0,299.1,153.0,34.2,0
1384.0,310.2,0.0,301.6,68.0,57.1,0
1372.0,309.9,0.0,298.7,44.0,54.7,0
1895.0,309.8,0.0,298.8,134.0,22.0,0
1462.0,311.1,0.0,301.4,41.0,37.1,0
1514.0,310.3,0.0,300.2,48.0,38.7,0
1366.0,311.9,2.0,302.4,162.0,47.3,0
1416.0,310.6,0.0,301.3,88.0,45.2,0
1477.0,310.8,0.0,301.4,90.0,50.4,0
1491.0,310.1,2.0,298.9,133.0,45.3,0
1543.0,307.8,1.0,297.8,8.0,43.7,0
1331.0,310.2,0.0,301.7,47.0,61.2,1
1469.0,313.6,0.0,304.2,154.0,40.0,0
1577.0,310.3,0.0,299.0,181.0,40.0,0
1463.0,307.9,1.0,298.1,206.0,47.3,0
1594.0,310.0,0.0,299.5,54.0,35.1,0
1438.0,309.2,1.0,298.0,101.0,42.9,0
1471.0,308.2,0.0,297.4,25.0,46.5,0
1474.0,310.9,2.0,300.9,175.0,35.7,0
1489.0,309.1,0.0,298.8,128.0,49.1,0
1552.0,310.9,1.0,301.1,126.0,37.9,0
1465.0,311.7,0.0,302.3,117.0,43.5,0
1706.0,308.3,0.0,297.4,9.0,30.9,0
1492.0,307.7,0.0,298.0,202.0,38.7,0
1544.0,311.9,2.0,303.6,88.0,37.1,0
1657.0,311.3,0.0,303.1,217.0,31.8,0
1316.0,312.7,1.0,303.7,197.0,51.8,0
1470.0,310.1,0.0,299.0,83.0,40.3,0
1373.0,310.2,1.0,300.7,28.0,44.1,0
1569.0,309.1,0.0,298.2,199.0,35.2,0
1483.0,310.4,0.0,299.0,96.0,41.5,0
1611.0,311.4,0.0,300.5,44.0,32.7,0
1376.0,310.6,0.0,301.3,45.0,47.6,0
1571.0,308.0,0.0,298.4,50.0,37.4,0
1616.0,311.1,1.0,300.1,183.0,35.2,0
1548.0,310.8,1.0,301.6,143.0,34.2,0
1306.0,309.2,2.0,298.8,50.0,54.5,0
1649.0,309.2,0.0,300.3,50.0,32.4,0
1822.0,309.0,0.0,297.6,202.0,25.4,0
2055.0,311.1,0.0,301.5,105.0,16.8,0
1644.0,311.1,0.0,301.7,206.0,32.8,0
1334.0,310.4,0.0,301.4,133.0,43.2,0
1513.0,312.2,0.0,302.9,92.0,37.8,0
1359.0,309.2,1.0,298.3,21.0,51.4,0
1314.0,307.8,2.0,298.0,19.0,47.8,0
1617.0,309.7,0.0,300.6,185.0,33.2,0
1560.0,308.3,1.0,298.2,181.0,33.0,0
1519.0,312.1,0.0,302.6,178.0,38.1,0
1433.0,308.0,0.0,298.0,87.0,39.2,0
2102.0,311.2,2.0,302.9,91.0,17.8,0
1466.0,308.7,1.0,297.3,27.0,38.4,0
1488.0,311.6,0.0,301.1,5.0,43.4,0
1744.0,310.7,1.0,301.5,61.0,28.2,0
1574.0,309.1,0.0,299.6,83.0,39.2,0
1822.0,309.1,0.0,298.0,122.0,23.5,0
2248.0,308.7,0.0,299.0,204.0,16.8,0
1463.0,311.0,1.0,301.3,214.0,50.2,0
1398.0,307.3,0.0,296.3,31.0,52.7,0
1850.0,309.5,0.0,300.7,19.0,24.5,0
1633.0,308.1,0.0,297.1,192.0,33.3,0
1498.0,308.6,2.0,299.3,47.0,39.5,0
1515.0,311.7,0.0,300.4,170.0,47.4,0
1391.0,308.8,1.0,298.3,13.0,50.4,0
1325.0,309.5,0.0,298.6,127.0,52.2,0
1369.0,310.7,0.0,302.7,11.0,47.5,1
1348.0,308.9,0.0,298.3,102.0,55.5,0
1633.0,310.0,0.0,298.9,76.0,31.2,0
1517.0,312.5,0.0,300.8,107.0,39.2,0
1556.0,311.1,0.0,302.9,135.0,45.3,0
1621.0,311.9,1.0,300.8,211.0,28.3,0
1844.0,310.1,2.0,302.1,171.0,24.6,0
1402.0,311.9,2.0,303.4,54.0,50.0,0
1532.0,309.3,0.0,300.2,53.0,43.2,0
1371.0,309.9,0.0,298.7,201.0,51.3,0
1357.0,310.4,0.0,302.0,108.0,58.0,1
1416.0,308.0,2.0,296.9,105.0,46.9,0
1477.0,312.4,0.0,302.7,251.0,46.3,1
1326.0,308.6,0.0,297.6,173.0,62.4,0
1505.0,310.6,1.0,301.7,146.0,44.5,0
1611.0,312.1,1.0,302.6,210.0,39.9,0
1330.0,308.4,1.0,299.1,62.0,53.6,0
1447.0,310.6,0.0,300.7,82.0,40.7,0
1340.0,308.1,1.0,297.2,207.0,61.3,1
1454.0,311.6,1.0,301.0,140.0,40.0,0
1553.0,311.1,2.0,302.2,89.0,34.1,0
1596.0,311.0,0.0,300.7,174.0,36.9,0
1882.0,307.9,1.0,297.0,97.0,24.2,0
1391.0,310.8,0.0,299.4,139.0,48.9,0
1443.0,310.2,1.0,300.0,68.0,58.7,0
1692.0,311.4,2.0,303.3,55.0,27.9,0
1685.0,312.8,1.0,303.7,203.0,31.8,0
1427.0,309.2,0.0,300.1,73.0,37.6,0
1550.0,310.6,0.0,301.4,159.0,36.8,0
1508.0,311.7,1.0,300.4,164.0,45.4,0
1472.0,307.4,1.0,296.8,30.0,43.9,0
1475.0,311.2,2.0,303.2,20.0,43.1,0
1554.0,311.0,0.0,301.3,84.0,47.7,0
1374.0,309.9,0.0,301.9,180.0,48.5,1
1640.0,308.8,0.0,297.4,142.0,34.2,0
1365.0,308.2,0.0,298.0,218.0,52.9,1
1589.0,311.1,0.0,302.3,141.0,29.9,0
1798.0,308.7,1.0,297.4,135.0,23.0,0
1678.0,310.5,1.0,298.8,4.0,32.8,0
1546.0,309.1,0.0,299.8,93.0,35.6,0
1647.0,310.5,0.0,301.4,85.0,33.3,0
1415.0,311.2,1.0,301.6,82.0,46.5,0
1673.0,311.8,0.0,302.4,210.0,30.1,0
2084.0,310.9,0.0,299.8,175.0,17.6,0
1636.0,307.8,1.0,298.1,51.0,36.7,0
1825.0,312.4,0.0,300.8,127.0,23.8,0
1385.0,310.9,0.0,301.6,132.0,51.2,0
1396.0,312.6,0.0,303.7,136.0,44.1,0
1595.0,308.3,1.0,297.3,29.0,32.2,0
1522.0,311.3,1.0,301.9,63.0,35.6,0
1570.0,311.4,1.0,300.2,138.0,35.3,0
1429.0,310.6,0.0,300.4,19.0,46.9,0
1510.0,308.7,0.0,297.4,92.0,36.2,0
1633.0,309.6,0.0,298.0,41.0,34.8,0
1612.0,313.2,2.0,304.0,206.0,31.7,0
1440.0,309.7,1.0,300.4,104.0,42.8,0
1376.0,312.8,0.0,303.4,98.0,53.4,0
1437.0,313.5,1.0,304.2,102.0,47.2,0
1476.0,311.9,0.0,300.7,196.0,42.0,0
1291.0,309.3,0.0,299.8,188.0,56.4,0
1321.0,308.7,1.0,299.5,114.0,51.9,0
1618.0,311.8,0.0,302.2,158.0,36.0,0
1536.0,308.6,2.0,297.5,7.0,38.7,0
2090.0,308.2,1.0,298.0,143.0,19.0,0
1531.0,310.1,0.0,299.0,57.0,36.0,0
1677.0,310.4,2.0,299.0,73.0,30.8,0
1471.0,311.3,0.0,301.8,148.0,44.2,0
1522.0,308.3,1.0,298.2,22.0,49.1,0
1541.0,309.5,0.0,300.7,48.0,37.2,0
1694.0,309.8,1.0,300.6,187.0,31.1,0
1772.0,308.8,0.0,299.3,89.0,25.2,0
1806.0,310.6,0.0,300.3,88.0,24.4,0
1558.0,311.2,1.0,302.0,179.0,39.1,0
1642.0,311.4,1.0,302.2,42.0,32.1,0
1433.0,308.7,0.0,297.4,116.0,43.4,0
1418.0,311.1,0.0,302.2,61.0,47.0,0
1751.0,311.2,0.0,302.9,196.0,23.8,0
1331.0,309.6,1.0,299.8,98.0,50.2,0
1471.0,311.4,0.0,300.3,114.0,37.0,0
1462.0,309.6,2.0,299.9,119.0,51.0,0
1383.0,311.2,0.0,303.0,198.0,44.6,0
1432.0,310.8,0.0,301.3,51.0,54.4,0
1415.0,310.8,1.0,300.8,87.0,44.5,0
1721.0,310.3,2.0,302.6,79.0,27.4,0
1745.0,312.2,1.0,302.9,98.0,25.5,0
1913.0,311.4,1.0,300.1,15.0,21.9,0
1518.0,305.9,1.0,295.4,178.0,40.6,0
1530.0,308.5,0.0,297.5,93.0,38.5,0
1528.0,310.5,0.0,301.5,198.0,35.7,0
1454.0,313.0,1.0,304.0,30.0,46.8,0
1452.0,308.4,0.0,298.2,158.0,43.5,0
1449.0,310.6,1.0,299.1,80.0,43.2,0
1667.0,312.5,1.0,303.1,160.0,30.0,0
1523.0,307.4,0.0,296.5,85.0,40.7,0
1424.0,309.1,1.0,297.8,2.0,45.5,0
1548.0,312.3,1.0,301.2,87.0,38.3,0
1813.0,310.9,0.0,301.0,197.0,28.5,0
1462.0,312.5,0.0,302.8,68.0,43.4,0
1593.0,309.8,0.0,298.5,203.0,35.1,0
1495.0,311.2,2.0,299.9,175.0,35.8,0
1680.0,308.6,0.0,298.8,95.0,29.4,0
1346.0,309.2,0.0,299.7,138.0,57.4,0
1547.0,309.5,2.0,299.9,148.0,38.5,0
1663.0,309.3,1.0,299.8,208.0,35.2,0
1583.0,311.8,1.0,303.3,72.0,33.3,0
1541.0,307.9,1.0,297.2,169.0,35.7,0
1507.0,308.7,0.0,299.0,134.0,37.5,0
1417.0,312.5,1.0,302.7,19.0,51.5,0
1622.0,309.0,2.0,300.0,103.0,31.8,0
1473.0,310.2,0.0,299.6,81.0,42.7,0
1725.0,311.5,0.0,302.2,170.0,34.0,0
1537.0,308.7,0.0,299.0,202.0,42.8,0
1541.0,310.1,0.0,301.5,52.0,42.2,0
1313.0,310.3,0.0,301.3,127.0,55.6,0
1432.0,307.4,2.0,297.7,132.0,40.2,0
1498.0,310.7,1.0,299.7,146.0,37.8,0
1492.0,311.5,0.0,300.4,149.0,44.6,0
1456.0,309.0,0.0,297.8,0.0,41.2,0
1454.0,310.4,0.0,300.9,43.0,43.1,0
2280.0,309.2,0.0,299.3,207.0,15.4,0
1631.0,308.6,0.0,298.8,38.0,32.4,0
1453.0,310.5,2.0,301.5,124.0,48.0,0
1496.0,310.5,0.0,299.8,215.0,38.8,0
1458.0,309.1,1.0,300.3,175.0,44.3,0
1672.0,308.1,0.0,298.3,0.0,41.3,0
1484.0,308.4,0.0,298.8,8.0,39.2,0
1536.0,308.7,0.0,299.3,94.0,38.9,0
1534.0,311.4,1.0,302.4,41.0,40.1,0
1911.0,306.3,0.0,295.6,74.0,20.9,0
1934.0,309.7,1.0,300.6,15.0,22.8,0
1694.0,313.1,1.0,304.0,116.0,31.4,0
1559.0,310.4,0.0,301.4,199.0,39.4,0
1506.0,313.2,2.0,303.8,154.0,46.9,0
1898.0,307.1,0.0,296.1,20.0,22.7,0
1362.0,309.7,0.0,300.1,23.0,49.1,0
1364.0,309.4,0.0,298.5,162.0,44.5,0
1433.0,310.0,1.0,301.1,14.0,48.1,0
1370.0,310.5,0.0,302.0,85.0,44.4,1
1400.0,311.5,1.0,300.3,0.0,43.8,0
1709.0,308.9,0.0,298.2,81.0,28.1,0
1670.0,311.7,0.0,301.0,150.0,31.3,0
1485.0,307.8,1.0,298.3,13.0,42.0,0
1384.0,308.6,1.0,298.5,44.0,54.4,0
1771.0,310.2,2.0,298.9,216.0,26.8,0
1622.0,309.3,1.0,297.4,123.0,35.0,0
1446.0,308.2,0.0,298.2,61.0,38.2,0
1397.0,307.5,2.0,296.9,22.0,48.3,0
1425.0,310.2,0.0,299.1,154.0,52.7,0
1514.0,306.5,1.0,295.8,60.0,37.7,0
1615.0,308.7,1.0,298.5,41.0,33.3,0
1306.0,310.1,0.0,300.1,57.0,64.7,0
1596.0,308.6,0.0,297.5,30.0,37.1,0
1614.0,310.4,2.0,302.6,74.0,36.0,0
1533.0,310.2,0.0,299.0,159.0,43.5,0
1553.0,309.3,1.0,299.6,112.0,32.4,0
2437.0,311.1,0.0,300.7,163.0,13.8,0
1605.0,311.1,1.0,301.9,179.0,40.0,0
1458.0,312.2,1.0,302.6,34.0,38.8,0
1438.0,308.5,0.0,299.2,63.0,46.6,0
1629.0,311.9,1.0,300.6,0.0,35.3,0
1389.0,309.2,1.0,299.9,185.0,51.2,0
1351.0,309.7,0.0,300.1,155.0,58.2,0
1471.0,309.3,2.0,300.5,223.0,45.2,0
1482.0,313.0,0.0,303.5,82.0,38.5,0
1384.0,311.1,1.0,301.1,185.0,42.5,0
1651.0,309.9,0.0,298.7,42.0,29.5,0
1472.0,309.6,1.0,298.9,199.0,46.0,0
1456.0,311.6,1.0,300.5,193.0,51.1,0
2168.0,312.3,0.0,303.6,219.0,17.7,0
1471.0,311.5,0.0,300.1,201.0,47.2,0
1418.0,310.6,0.0,301.6,129.0,43.9,0
1470.0,307.5,0.0,298.2,180.0,51.3,0
1347.0,310.7,1.0,300.7,183.0,46.5,0
1551.0,312.5,1.0,302.9,20.0,40.0,0
1492.0,310.9,0.0,301.0,15.0,44.6,0
1544.0,310.1,0.0,300.4,184.0,41.9,0
1434.0,311.9,0.0,302.3,173.0,51.9,0
1924.0,309.5,0.0,297.6,37.0,20.6,0
1523.0,311.3,1.0,300.1,135.0,34.1,0
1568.0,312.2,0.0,303.7,96.0,33.8,0
1410.0,308.3,0.0,297.6,191.0,47.0,0
1423.0,306.0,1.0,295.5,205.0,45.3,0
1584.0,307.8,0.0,297.1,135.0,42.3,0
1539.0,310.9,0.0,302.0,13.0,34.2,0
1590.0,311.5,0.0,302.4,58.0,39.9,0
1728.0,312.1,0.0,302.7,146.0,24.4,0
1617.0,308.9,0.0,299.1,223.0,32.3,0
1339.0,309.1,1.0,298.6,34.0,51.1,0
1300.0,310.9,1.0,301.7,36.0,62.7,0
1531.0,309.1,0.0,299.3,127.0,37.9,0
1573.0,310.3,1.0,298.8,91.0,41.8,0
1896.0,308.2,0.0,297.3,47.0,24.4,0
1496.0,310.2,0.0,299.1,104.0,45.0,0
1435.0,310.2,0.0,301.7,12.0,48.1,0
1567.0,309.5,0.0,299.9,171.0,35.5,0
1520.0,311.9,0.0,302.5,94.0,44.9,0
1522.0,309.4,1.0,298.5,20.0,47.4,0
1906.0,310.1,0.0,302.4,110.0,21.2,0
1635.0,307.8,2.0,297.9,142.0,34.0,0
1275.0,309.7,0.0,300.2,15.0,60.7,0
1880.0,310.5,1.0,302.7,207.0,22.7,0
1325.0,306.4,0.0,295.8,65.0,56.2,0
1426.0,310.0,0.0,302.4,102.0,46.6,0
1389.0,309.3,1.0,299.9,0.0,52.8,0
1750.0,310.1,0.0,298.9,156.0,25.0,0
1355.0,310.6,1.0,302.2,126.0,51.5,1
1732.0,309.0,2.0,299.3,141.0,29.7,0
1541.0,309.9,0.0,298.7,208.0,38.5,0
1540.0,309.1,1.0,297.5,176.0,38.5,0
1489.0,309.0,0.0,298.2,89.0,40.6,0
1739.0,310.5,0.0,299.1,72.0,27.4,0
1352.0,308.6,0.0,297.5,12.0,52.6,0
1422.0,308.4,0.0,297.1,148.0,42.1,0
1513.0,309.1,1.0,299.9,188.0,43.8,0
1507.0,311.0,1.0,302.8,82.0,33.4,0
1633.0,307.2,1.0,296.2,0.0,31.1,0
1662.0,308.1,0.0,297.2,0.0,31.3,0
1641.0,310.7,0.0,301.7,192.0,31.9,0
1978.0,308.0,0.0,296.6,208.0,22.3,0
1679.0,310.9,2.0,302.0,222.0,29.0,0
1501.0,310.1,1.0,298.8,192.0,48.7,0
1495.0,311.3,0.0,300.4,175.0,51.2,0
1629.0,308.5,1.0,298.3,170.0,37.1,0
1654.0,308.2,0.0,298.1,25.0,32.1,0
1393.0,310.7,0.0,299.6,110.0,52.1,0
1699.0,310.1,0.0,299.0,87.0,32.9,0
1594.0,312.9,1.0,303.8,69.0,35.2,0
1332.0,308.9,0.0,298.2,100.0,44.4,0
1548.0,309.0,0.0,297.3,171.0,37.4,0
1468.0,310.0,0.0,300.8,178.0,52.7,0
1651.0,309.0,0.0,298.2,197.0,31.5,0
1601.0,309.9,0.0,300.3,180.0,31.7,0
1747.0,311.0,0.0,299.9,177.0,27.6,0
1379.0,310.9,0.0,302.3,34.0,49.3,1
1423.0,308.0,0.0,297.4,154.0,38.0,0
1449.0,309.9,0.0,301.2,23.0,45.5,0
1607.0,311.2,2.0,303.3,34.0,31.7,0
1900.0,310.3,0.0,302.4,113.0,24.4,0
1419.0,308.2,0.0,297.4,52.0,50.0,0
1329.0,308.4,0.0,298.3,166.0,49.2,0
1436.0,308.7,0.0,298.2,26.0,49.1,0
1655.0,311.4,0.0,300.0,30.0,29.6,0
1358.0,310.1,1.0,302.4,61.0,54.6,1
1487.0,308.9,1.0,298.9,30.0,39.5,0
1227.0,311.2,0.0,302.5,167.0,60.1,0
1434.0,309.6,1.0,299.8,82.0,48.0,0
1517.0,308.1,2.0,297.0,222.0,41.4,0
1394.0,309.7,1.0,300.9,192.0,48.8,0
1530.0,308.8,0.0,297.5,157.0,37.8,0
1384.0,310.6,0.0,300.4,24.0,48.7,0
1471.0,308.3,0.0,297.3,37.0,38.2,0
1620.0,313.0,1.0,303.9,80.0,36.6,0
1434.0,307.6,0.0,296.8,138.0,48.3,0
1515.0,308.4,2.0,298.1,6.0,43.8,0
1306.0,308.5,0.0,297.5,38.0,50.7,0
1564.0,310.9,0.0,302.0,15.0,39.0,0
1587.0,310.1,0.0,298.9,162.0,30.2,0
1596.0,310.9,0.0,301.3,157.0,33.9,0
1671.0,308.5,2.0,297.5,158.0,28.0,0
1751.0,309.7,1.0,300.8,183.0,27.9,0
1332.0,309.3,0.0,297.4,115.0,53.2,0
1326.0,309.7,0.0,300.0,80.0,61.9,0
1452.0,310.7,1.0,300.8,139.0,43.0,0
1526.0,307.1,1.0,297.6,39.0,39.1,0
1481.0,310.0,0.0,299.5,90.0,43.1,0
1516.0,310.7,2.0,301.4,83.0,36.4,0
1374.0,309.7,0.0,298.8,123.0,58.6,0
1531.0,309.0,2.0,298.5,212.0,30.8,0
1577.0,311.6,1.0,300.5,4.0,36.5,0
1488.0,307.4,1.0,297.8,57.0,36.1,0
1591.0,310.4,0.0,302.0,105.0,29.8,0
1558.0,309.3,0.0,299.6,115.0,34.8,0
1453.0,308.6,1.0,298.0,165.0,44.1,0
1292.0,312.2,1.0,302.9,136.0,54.4,0
1418.0,309.1,0.0,298.8,133.0,46.3,0
1409.0,310.3,1.0,301.8,26.0,52.5,0
1559.0,310.0,0.0,298.4,23.0,44.2,0
1454.0,307.2,1.0,296.3,35.0,42.5,0
1476.0,308.4,1.0,299.2,101.0,32.7,0
2016.0,310.6,0.0,302.8,199.0,19.9,0
1576.0,308.5,1.0,298.4,55.0,27.4,0
1426.0,311.1,2.0,302.2,101.0,50.6,0
1540.0,308.8,0.0,298.2,32.0,34.8,0
1486.0,312.3,0.0,303.0,112.0,42.4,0
1486.0,310.2,0.0,300.0,66.0,36.4,0
1418.0,311.0,0.0,301.3,208.0,41.9,0
1501.0,308.0,0.0,297.9,4.0,36.7,0
1465.0,312.8,0.0,303.1,109.0,44.1,0
1677.0,311.0,0.0,301.1,188.0,29.1,0
1439.0,309.4,0.0,299.1,82.0,44.2,0
1433.0,311.4,0.0,300.2,36.0,37.9,0
1660.0,311.0,0.0,302.6,99.0,38.0,0
1401.0,308.5,1.0,297.5,6.0,50.5,0
1416.0,311.6,0.0,302.2,48.0,54.1,0
1626.0,308.7,0.0,298.0,210.0,36.7,0
1480.0,310.6,0.0,299.3,107.0,45.1,0
1632.0,310.6,0.0,302.2,122.0,30.5,0
1396.0,311.1,1.0,301.5,112.0,43.5,0
1895.0,312.6,1.0,303.1,129.0,23.5,0
1811.0,312.2,0.0,300.9,72.0,23.2,0
1701.0,310.8,0.0,300.9,55.0,30.4,0
1431.0,310.0,2.0,299.1,205.0,49.5,0
1503.0,308.5,0.0,297.3,90.0,43.3,0
1529.0,308.4,1.0,299.2,50.0,43.0,0
1634.0,310.6,0.0,301.4,171.0,31.1,0
1608.0,310.9,0.0,301.7,160.0,33.0,0
1379.0,311.8,0.0,300.2,46.0,51.0,0
1568.0,311.4,0.0,300.2,32.0,41.0,0
1494.0,311.7,1.0,302.3,114.0,37.1,0
1369.0,311.2,0.0,299.8,146.0,46.2,0
1625.0,308.5,1.0,297.3,92.0,32.8,0
1434.0,311.2,0.0,300.8,174.0,45.6,0
1372.0,307.5,0.0,297.8,157.0,54.1,0
1773.0,311.7,0.0,302.6,30.0,27.1,0
1578.0,310.5,0.0,300.4,26.0,32.8,0
1570.0,312.9,2.0,303.8,147.0,35.8,0
1434.0,311.4,1.0,300.9,118.0,45.4,0
1505.0,307.6,1.0,297.9,166.0,40.1,0
1593.0,309.1,0.0,298.3,18.0,40.1,0
1536.0,309.6,1.0,300.7,19.0,37.2,0
1495.0,312.9,2.0,304.0,0.0,46.6,0
1766.0,307.9,0.0,298.3,145.0,26.5,0
1369.0,312.2,0.0,302.7,174.0,51.8,0
1329.0,311.0,1.0,302.6,111.0,48.6,1
1692.0,311.4,1.0,300.0,216.0,29.0,1
1597.0,307.8,0.0,297.8,11.0,38.2,0
1564.0,310.8,0.0,300.8,31.0,36.2,0
1332.0,309.8,0.0,298.6,76.0,46.4,0
1596.0,312.0,1.0,300.4,191.0,30.4,0
1441.0,308.4,1.0,297.4,116.0,46.8,0
1719.0,310.0,0.0,298.9,58.0,27.3,0
1258.0,308.0,0.0,297.6,139.0,57.4,0
1695.0,308.9,0.0,298.3,174.0,30.7,0
1616.0,311.2,1.0,302.1,57.0,35.1,0
1438.0,313.3,0.0,304.1,188.0,45.5,0
1413.0,309.0,0.0,299.6,153.0,48.5,0
1697.0,310.2,0.0,299.2,12.0,30.6,0
1400.0,310.3,0.0,301.3,47.0,44.3,0
1449.0,309.2,2.0,298.7,182.0,42.3,0
1533.0,309.6,0.0,298.6,106.0,40.7,0
1343.0,311.0,0.0,301.7,25.0,49.2,0
1709.0,307.9,0.0,296.8,118.0,28.4,0
1672.0,308.6,0.0,299.5,177.0,30.5,0
1372.0,307.2,1.0,297.7,33.0,52.8,0
1361.0,308.7,1.0,298.2,0.0,44.2,0
1365.0,311.7,0.0,300.3,113.0,53.3,0
1405.0,311.8,0.0,300.4,58.0,47.9,0
1481.0,308.6,0.0,298.9,124.0,40.7,0
1425.0,308.5,0.0,297.1,35.0,40.0,0
1532.0,308.1,0.0,298.2,154.0,42.5,0
1654.0,307.1,0.0,296.3,188.0,29.6,0
1397.0,310.6,1.0,299.1,165.0,49.5,0
2237.0,311.2,2.0,300.8,95.0,17.0,0
1562.0,310.6,0.0,301.6,162.0,34.4,0
1336.0,310.7,1.0,301.5,0.0,65.6,1
1616.0,309.1,0.0,298.3,195.0,31.1,0
1404.0,308.5,1.0,299.3,93.0,49.4,0
1484.0,311.4,1.0,302.3,22.0,39.5,0
2478.0,311.1,0.0,300.7,170.0,13.4,1
2218.0,311.5,0.0,300.1,123.0,17.0,0
1536.0,310.5,2.0,301.4,201.0,39.9,0
1718.0,311.4,1.0,302.6,154.0,31.2,0
1428.0,311.6,0.0,303.5,139.0,46.2,0
1375.0,310.4,1.0,300.9,87.0,44.7,0
1202.0,307.6,1.0,297.9,129.0,67.0,0
1465.0,309.0,1.0,299.7,158.0,49.0,0
1326.0,308.1,0.0,298.3,90.0,58.4,0
1693.0,309.4,1.0,298.2,73.0,34.4,0
1320.0,309.5,1.0,300.5,59.0,49.9,0
1350.0,310.3,1.0,300.1,50.0,48.8,0
1389.0,311.9,0.0,302.7,15.0,46.5,0
1419.0,309.6,0.0,299.7,170.0,45.1,0
1512.0,310.4,0.0,299.0,109.0,38.8,0
1674.0,311.5,1.0,302.3,12.0,30.0,0
1709.0,311.6,0.0,300.3,27.0,29.5,0
1760.0,309.6,0.0,300.5,213.0,30.6,0
1628.0,308.8,1.0,298.1,12.0,37.6,0
1420.0,308.0,0.0,297.3,73.0,46.5,0
1582.0,309.6,0.0,298.5,103.0,40.3,0
1434.0,309.9,1.0,298.7,144.0,53.0,0
1603.0,310.8,1.0,299.6,202.0,35.4,0
1491.0,311.9,0.0,303.4,26.0,38.2,0
1266.0,307.8,0.0,298.0,81.0,60.5,0
1742.0,310.4,0.0,300.3,7.0,25.9,0
1470.0,311.3,0.0,300.1,40.0,45.2,0
1693.0,308.3,0.0,297.2,188.0,28.0,0
1675.0,308.4,1.0,297.4,59.0,29.5,0
1747.0,307.6,0.0,297.9,136.0,25.3,0
1356.0,309.8,1.0,300.4,136.0,44.4,0
1399.0,311.9,0.0,300.7,222.0,50.2,1
1419.0,308.7,1.0,297.6,81.0,41.7,0
1335.0,311.8,0.0,302.5,135.0,52.7,0
2737.0,310.2,0.0,298.9,142.0,8.8,1
1450.0,308.2,2.0,298.8,14.0,44.7,0
1424.0,311.0,1.0,301.2,131.0,41.4,0
1436.0,309.4,0.0,299.8,158.0,51.6,0
1686.0,308.9,0.0,299.1,108.0,29.6,0
1841.0,308.4,0.0,299.2,40.0,22.8,0
1589.0,308.3,0.0,298.2,94.0,33.2,0
1526.0,310.3,1.0,300.8,205.0,36.3,0
1329.0,310.4,0.0,301.5,24.0,46.6,0
1396.0,308.4,1.0,299.2,13.0,48.7,0
1452.0,312.2,1.0,302.8,60.0,50.3,0
1466.0,311.6,2.0,303.5,80.0,47.0,0
1448.0,311.0,1.0,299.7,80.0,49.8,0
1566.0,312.3,1.0,302.6,46.0,36.6,0
1266.0,311.6,1.0,301.1,210.0,55.5,0
1551.0,307.8,1.0,296.8,112.0,38.9,0
1892.0,310.5,0.0,301.9,177.0,21.8,0
1490.0,308.2,0.0,297.3,16.0,41.0,0
1671.0,311.6,0.0,300.9,148.0,33.5,0
1741.0,310.8,0.0,300.8,39.0,27.1,0
1925.0,309.6,2.0,300.7,9.0,20.5,0
1889.0,311.4,0.0,302.1,194.0,22.7,0
1384.0,311.2,1.0,301.1,48.0,49.4,0
1409.0,311.2,0.0,303.0,98.0,41.9,0
1633.0,311.2,0.0,302.3,114.0,36.4,0
1542.0,307.6,2.0,298.1,84.0,37.1,0
1518.0,311.2,2.0,300.9,90.0,35.0,0
1596.0,308.9,0.0,297.5,5.0,30.7,0
1654.0,309.6,2.0,298.7,136.0,34.3,0
1800.0,309.0,0.0,299.4,128.0,24.3,0
1524.0,307.7,0.0,296.7,82.0,36.8,0
1332.0,308.4,1.0,299.1,71.0,51.7,0
1309.0,309.6,2.0,298.8,185.0,57.4,0
1461.0,312.9,0.0,303.7,31.0,50.1,0
1259.0,309.9,0.0,301.4,20.0,63.9,1
1501.0,309.9,1.0,301.3,27.0,39.5,0
1961.0,310.8,0.0,301.6,148.0,21.8,0
1449.0,309.1,1.0,299.3,131.0,47.9,0
1482.0,308.6,0.0,299.3,132.0,37.6,0
1629.0,309.6,2.0,300.0,89.0,32.3,0
1432.0,311.5,2.0,300.2,127.0,43.6,0
1985.0,311.5,0.0,302.5,190.0,18.8,0
1492.0,310.9,0.0,301.6,155.0,45.2,0
1465.0,311.6,0.0,303.5,60.0,48.7,0
2672.0,310.6,0.0,301.8,124.0,11.8,1
1444.0,310.9,2.0,302.4,174.0,40.7,0
2029.0,307.8,0.0,298.2,96.0,19.9,0
1782.0,308.5,0.0,297.4,54.0,25.9,0
1378.0,310.0,0.0,298.9,18.0,49.3,0
1495.0,310.9,2.0,301.0,21.0,37.3,0
1824.0,308.3,2.0,298.2,49.0,24.2,0
1373.0,309.7,0.0,300.8,179.0,45.4,0
1549.0,307.5,0.0,296.4,58.0,36.1,0
1609.0,309.7,0.0,298.8,169.0,40.4,0
1531.0,309.3,0.0,298.4,16.0,37.4,0
1598.0,310.1,0.0,300.7,79.0,32.8,0
1816.0,309.2,0.0,299.5,15.0,23.0,0
1435.0,312.8,2.0,303.1,115.0,41.9,0
1559.0,308.5,0.0,299.0,194.0,38.1,0
1699.0,308.5,1.0,297.5,40.0,30.1,0
1422.0,308.6,0.0,299.3,83.0,48.9,0
1361.0,310.0,0.0,299.8,167.0,53.8,0
1342.0,311.4,1.0,300.1,203.0,48.5,0
1664.0,308.5,1.0,297.3,174.0,28.9,0
1288.0,309.8,1.0,298.8,79.0,61.9,0
1410.0,308.5,0.0,297.4,47.0,43.9,0
1482.0,309.4,1.0,297.5,112.0,39.3,0
1566.0,312.9,1.0,303.7,9.0,32.6,0
1510.0,308.2,0.0,298.9,46.0,43.5,0
1550.0,308.8,0.0,299.3,170.0,45.8,0
1574.0,310.6,1.0,299.8,113.0,31.8,0
1601.0,308.2,0.0,297.3,9.0,35.7,0
1543.0,312.1,0.0,302.7,33.0,37.5,0
1348.0,310.2,0.0,300.7,50.0,54.8,0
1384.0,310.5,0.0,298.8,200.0,52.8,0
1533.0,308.2,0.0,297.4,115.0,37.4,0
1494.0,311.5,0.0,302.7,149.0,41.4,0
1543.0,310.6,0.0,300.5,30.0,36.2,0
1651.0,307.1,0.0,296.1,167.0,35.7,0
1296.0,309.4,0.0,297.4,96.0,52.3,0
1705.0,308.0,0.0,297.2,200.0,26.0,0
1417.0,309.1,0.0,298.3,143.0,60.5,0
1465.0,309.9,1.0,300.9,209.0,42.9,0
1618.0,309.3,1.0,298.8,173.0,35.1,0
1610.0,311.0,0.0,302.6,152.0,39.2,0
1589.0,310.7,0.0,300.8,144.0,34.3,0
1536.0,310.9,0.0,301.4,9.0,38.3,0
1383.0,310.8,0.0,301.8,37.0,46.4,0
1470.0,307.5,1.0,296.8,132.0,45.9,0
1523.0,309.8,0.0,300.3,24.0,39.2,0
1561.0,310.5,0.0,300.7,48.0,33.2,0
1402.0,310.0,0.0,299.9,204.0,44.7,0
1410.0,310.6,1.0,301.1,73.0,43.9,0
1387.0,309.4,1.0,299.5,32.0,56.2,0
1488.0,311.2,1.0,300.8,87.0,40.1,0
1290.0,309.0,0.0,297.9,43.0,49.8,0
1497.0,309.4,0.0,297.5,44.0,35.8,0
1584.0,308.2,1.0,298.4,191.0,41.0,0
1623.0,310.9,0.0,301.6,56.0,34.1,0
1452.0,309.6,0.0,300.0,51.0,46.0,0
1463.0,308.7,0.0,297.2,146.0,49.9,0
1874.0,307.9,1.0,296.7,130.0,21.3,0
1507.0,310.0,0.0,298.3,73.0,44.7,0
1456.0,307.2,1.0,297.8,199.0,39.6,0
1391.0,307.5,0.0,297.8,109.0,48.6,0
1433.0,307.1,1.0,296.1,14.0,38.5,0
1519.0,310.8,1.0,300.9,73.0,34.9,0
1452.0,310.4,1.0,301.6,164.0,45.7,0
1624.0,313.4,1.0,304.3,53.0,32.1,0
1421.0,312.3,0.0,302.7,0.0,48.5,0
1408.0,306.1,0.0,295.7,117.0,47.9,0
1685.0,309.7,1.0,300.4,167.0,32.3,0
1811.0,308.8,1.0,298.1,147.0,25.4,0
1798.0,311.8,0.0,300.2,210.0,23.2,0
1449.0,312.8,0.0,303.4,94.0,43.9,0
1539.0,308.5,0.0,298.3,168.0,36.1,0
1626.0,307.9,0.0,296.9,177.0,29.9,0
1511.0,311.2,0.0,301.0,26.0,42.9,0
1526.0,312.4,1.0,303.0,142.0,36.1,0
1782.0,310.8,1.0,301.4,6.0,26.5,0
1355.0,309.2,2.0,299.7,127.0,44.8,0
1654.0,308.4,2.0,297.1,171.0,31.4,0
1339.0,312.7,0.0,303.9,156.0,62.3,0
1502.0,310.4,1.0,299.2,34.0,39.8,0
1592.0,309.0,1.0,298.8,169.0,38.2,0
1486.0,311.9,0.0,300.7,32.0,35.8,0
1459.0,308.5,0.0,298.9,147.0,43.1,0
1479.0,310.3,0.0,302.4,115.0,36.2,0
1289.0,308.1,0.0,296.8,199.0,62.0,1
1409.0,310.5,1.0,300.8,141.0,50.6,0
1433.0,309.2,0.0,299.4,22.0,42.1,0
1469.0,311.1,0.0,301.7,128.0,37.2,0
1507.0,308.4,1.0,297.6,51.0,46.0,0
1507.0,311.5,0.0,303.2,225.0,39.2,0
1554.0,311.0,0.0,299.6,62.0,36.3,0
1494.0,308.5,0.0,297.2,181.0,39.6,0
1304.0,308.5,1.0,299.3,8.0,60.6,0
1681.0,309.9,0.0,300.4,206.0,28.6,0
1368.0,310.1,1.0,302.2,12.0,51.6,1
1387.0,309.6,0.0,298.6,50.0,57.6,0
1393.0,312.7,0.0,303.5,82.0,49.3,0
1341.0,310.0,1.0,299.0,126.0,58.9,0
1295.0,310.6,0.0,301.8,91.0,62.3,0
1448.0,311.2,0.0,302.4,53.0,50.5,0
1803.0,309.5,0.0,299.6,159.0,27.7,0
1483.0,310.3,0.0,299.0,153.0,39.2,0
1528.0,312.7,0.0,303.9,177.0,38.4,0
1550.0,311.1,0.0,302.8,76.0,32.3,0
1756.0,312.3,1.0,303.7,190.0,26.4,0
1414.0,306.6,0.0,295.9,51.0,50.2,0
1478.0,308.2,2.0,298.4,206.0,43.5,0
1370.0,310.7,0.0,301.9,20.0,50.3,0
1755.0,308.3,1.0,299.2,19.0,26.4,0
1470.0,309.1,0.0,299.3,118.0,41.1,0
1818.0,312.2,1.0,303.5,109.0,23.6,0
1435.0,307.9,0.0,298.3,143.0,39.9,0
1550.0,308.3,1.0,297.4,18.0,47.8,0
1389.0,312.9,0.0,303.4,109.0,54.1,0
1367.0,309.7,1.0,300.4,143.0,51.2,0
1454.0,307.8,0.0,297.1,94.0,50.6,0
1425.0,309.1,2.0,298.1,49.0,44.5,0
1432.0,310.5,0.0,301.4,81.0,54.3,0
1381.0,308.7,0.0,299.4,102.0,56.7,0
1593.0,305.9,2.0,295.5,197.0,37.2,0
1366.0,309.3,0.0,299.4,116.0,48.4,0
1664.0,308.5,0.0,298.0,196.0,28.3,0
1387.0,311.5,0.0,302.3,2.0,47.3,0
1404.0,309.6,0.0,300.3,87.0,44.6,0
1491.0,309.6,0.0,298.6,192.0,36.9,0
1650.0,310.9,0.0,300.7,102.0,29.4,0
1485.0,307.1,1.0,296.1,169.0,36.0,0
1542.0,310.4,0.0,302.7,38.0,35.7,0
1445.0,310.0,1.0,301.2,18.0,45.6,0
1509.0,310.4,1.0,302.5,45.0,37.6,0
1343.0,311.4,0.0,300.3,142.0,57.7,0
1405.0,311.9,0.0,303.5,10.0,45.6,0
1407.0,309.7,0.0,298.9,207.0,41.9,0
1380.0,310.6,1.0,301.7,70.0,45.8,0
1787.0,310.6,1.0,299.0,192.0,22.2,0
1456.0,308.5,0.0,297.3,179.0,54.2,0
1478.0,308.3,0.0,297.6,193.0,42.3,0
1608.0,310.4,0.0,300.6,221.0,39.2,0
1343.0,310.8,1.0,301.6,140.0,49.5,0
1318.0,308.0,2.0,296.9,88.0,53.5,0
1592.0,311.2,1.0,300.8,82.0,32.9,0
1519.0,313.3,0.0,304.0,117.0,36.7,0
1479.0,307.7,0.0,298.1,136.0,45.0,0
1507.0,311.2,1.0,302.3,70.0,47.7,0
1479.0,311.5,1.0,302.2,36.0,39.5,0
1446.0,308.5,0.0,297.5,32.0,41.9,0
1514.0,310.2,0.0,300.8,155.0,40.0,0
1725.0,310.4,0.0,299.3,167.0,26.8,0
1552.0,311.0,0.0,299.6,139.0,33.2,0
1389.0,310.5,0.0,302.1,169.0,49.6,0
1692.0,309.5,0.0,300.7,64.0,30.3,0
1421.0,309.1,0.0,298.3,33.0,47.4,0
1491.0,311.1,0.0,300.5,11.0,42.6,0
1390.0,308.2,0.0,298.6,168.0,51.4,0
1620.0,308.2,0.0,298.0,5.0,35.8,0
1509.0,309.6,1.0,300.3,95.0,46.6,0
1351.0,311.1,0.0,302.2,110.0,48.6,0
1574.0,309.1,1.0,298.0,40.0,34.8,0
1710.0,312.5,0.0,303.6,180.0,31.4,0
1480.0,310.3,0.0,302.4,123.0,45.8,0
1431.0,308.3,0.0,297.4,113.0,43.0,0
1925.0,309.7,0.0,298.6,7.0,22.1,0
1740.0,310.7,0.0,300.9,164.0,25.3,0
1480.0,308.5,0.0,298.7,58.0,42.2,0
1510.0,308.4,0.0,297.7,72.0,38.6,0
1409.0,310.6,0.0,301.2,66.0,50.9,0
1322.0,309.8,0.0,298.7,140.0,57.0,0
1335.0,308.4,0.0,298.1,109.0,40.2,0
1294.0,309.6,0.0,299.9,126.0,49.7,0
1458.0,310.3,1.0,300.8,0.0,43.4,0
1496.0,312.6,0.0,303.5,21.0,39.0,0
1563.0,309.8,0.0,298.8,143.0,33.7,0
1516.0,309.6,0.0,298.7,61.0,38.5,0
1505.0,312.1,0.0,300.8,173.0,41.3,0
1782.0,310.6,2.0,301.1,93.0,24.9,0
1360.0,311.5,1.0,302.2,36.0,53.0,0
1496.0,309.1,1.0,299.8,155.0,44.4,0
1326.0,307.9,0.0,297.2,172.0,75.4,1
1548.0,308.3,0.0,297.4,7.0,46.6,0
1369.0,309.1,0.0,299.6,164.0,51.4,0
1494.0,311.3,2.0,303.1,221.0,42.7,0
1540.0,310.8,0.0,301.9,83.0,37.6,0
1496.0,309.6,0.0,300.0,27.0,38.8,0
1385.0,310.4,1.0,300.0,128.0,52.1,0
1523.0,312.4,0.0,302.8,239.0,39.7,0
1484.0,308.1,0.0,298.1,59.0,40.4,0
1903.0,311.2,0.0,302.3,55.0,22.9,0
1429.0,308.7,2.0,297.4,118.0,37.6,0
1734.0,307.5,1.0,296.6,50.0,27.0,0
1519.0,309.0,0.0,298.3,96.0,40.0,0
1492.0,310.0,0.0,298.5,19.0,41.2,0
1711.0,310.2,1.0,299.1,17.0,28.1,0
1570.0,310.9,0.0,301.0,192.0,34.0,0
1647.0,308.2,0.0,297.5,3.0,31.3,0
1498.0,308.8,0.0,298.2,39.0,36.0,0
1435.0,308.3,0.0,297.8,189.0,50.1,0
1493.0,307.5,0.0,298.1,153.0,43.7,0
1606.0,311.6,0.0,300.2,199.0,31.0,0
1313.0,310.0,0.0,300.6,93.0,52.9,0
1534.0,310.8,0.0,300.7,69.0,41.3,0
1415.0,309.9,1.0,300.4,192.0,31.8,0
1633.0,310.7,0.0,300.8,0.0,27.8,0
1460.0,311.7,0.0,300.7,15.0,46.1,0
1574.0,307.5,0.0,297.9,153.0,35.8,0
1449.0,310.3,0.0,299.1,40.0,40.7,0
1503.0,312.8,0.0,303.8,154.0,40.0,0
1471.0,310.4,0.0,301.4,193.0,37.5,0
1419.0,309.6,1.0,300.3,137.0,42.5,0
1564.0,310.6,0.0,302.7,0.0,34.3,0
1481.0,313.2,0.0,304.0,213.0,42.6,0
2323.0,311.3,0.0,301.4,50.0,15.9,0
1514.0,312.6,0.0,303.1,138.0,42.1,0
1561.0,309.8,0.0,298.6,201.0,32.6,0
1610.0,308.6,0.0,298.0,56.0,33.1,0
1851.0,309.1,1.0,299.7,189.0,24.7,0
1662.0,308.1,0.0,298.5,48.0,28.6,0
1516.0,307.6,0.0,296.7,146.0,37.4,0
1453.0,310.6,0.0,301.5,208.0,44.0,0
1455.0,310.2,0.0,301.1,9.0,55.3,0
1331.0,308.3,0.0,298.1,13.0,63.0,0
1421.0,311.3,0.0,301.7,85.0,45.9,0
1653.0,310.8,0.0,300.7,111.0,31.6,0
1547.0,308.9,1.0,297.9,72.0,44.0,0
1536.0,310.5,0.0,300.5,12.0,36.2,0
1732.0,309.2,1.0,300.1,218.0,33.7,0
1620.0,309.2,0.0,297.4,28.0,33.2,0
1469.0,311.1,0.0,301.5,107.0,49.5,0
1724.0,310.8,0.0,301.1,101.0,27.5,0
1821.0,311.7,0.0,300.3,202.0,26.3,0
1422.0,311.2,0.0,302.1,146.0,50.3,0
1642.0,310.5,0.0,302.7,195.0,30.8,0
1417.0,310.8,0.0,301.5,5.0,49.7,0
1543.0,308.7,1.0,298.8,44.0,38.2,0
1690.0,310.2,0.0,299.0,244.0,30.7,0
1443.0,309.4,0.0,297.5,70.0,45.4,0
1329.0,306.2,2.0,295.6,135.0,55.3,0
1301.0,308.3,1.0,297.3,5.0,39.6,0
1367.0,309.8,0.0,300.5,129.0,54.0,0
1572.0,310.7,1.0,300.8,167.0,36.2,0
1476.0,311.4,0.0,302.3,20.0,37.3,0
2041.0,309.9,2.0,300.8,194.0,19.2,0
1419.0,308.3,0.0,297.2,115.0,39.7,0
1506.0,310.8,1.0,300.7,97.0,44.0,0
1338.0,310.0,1.0,299.0,29.0,56.4,0
1481.0,309.8,0.0,300.2,106.0,41.9,0
1702.0,310.5,1.0,300.9,32.0,29.3,0
1450.0,311.1,1.0,302.1,86.0,51.6,0
1183.0,309.7,1.0,300.2,170.0,61.4,0
1822.0,311.2,0.0,301.8,204.0,26.2,0
1561.0,310.4,0.0,301.6,156.0,35.3,0
1463.0,310.8,1.0,299.8,156.0,43.5,0
1532.0,310.0,2.0,301.3,2.0,36.3,0
2567.0,307.7,0.0,298.1,125.0,12.8,1
1473.0,309.6,1.0,300.7,87.0,48.1,0
1351.0,311.4,0.0,303.2,8.0,53.8,1
1433.0,310.1,0.0,298.7,66.0,54.6,0
1832.0,311.7,1.0,300.4,179.0,24.2,0
1510.0,311.6,1.0,300.2,146.0,47.5,0
1488.0,312.3,0.0,301.0,107.0,42.6,0
1910.0,311.4,0.0,300.1,153.0,23.0,0
1613.0,311.0,0.0,300.3,142.0,34.7,0
1408.0,308.7,1.0,297.6,4.0,51.5,0
1465.0,310.8,0.0,301.9,57.0,44.3,0
1650.0,308.7,0.0,299.2,93.0,30.5,0
1567.0,310.6,0.0,299.2,172.0,38.4,0
1471.0,311.8,0.0,300.6,39.0,41.4,0
1629.0,310.3,0.0,300.3,52.0,34.1,0
1349.0,311.5,0.0,300.0,113.0,48.6,0
1440.0,310.9,0.0,301.4,177.0,45.4,0
1632.0,307.9,1.0,297.2,156.0,37.5,0
1611.0,308.5,1.0,297.2,197.0,31.6,0
1588.0,308.9,0.0,299.2,150.0,41.5,0
1314.0,308.8,1.0,299.2,193.0,52.5,0
1521.0,308.3,1.0,297.5,74.0,38.2,0
1502.0,310.8,1.0,301.7,157.0,34.4,0
1537.0,307.8,1.0,296.7,233.0,36.3,0
1506.0,311.0,1.0,299.7,85.0,42.7,0
1506.0,308.1,0.0,297.3,150.0,36.0,0
1652.0,311.8,0.0,300.6,52.0,27.2,0
1923.0,310.3,0.0,302.4,172.0,23.3,0
1928.0,311.8,0.0,300.8,209.0,21.8,0
1347.0,309.1,0.0,299.7,139.0,55.3,0
1528.0,311.5,0.0,300.2,125.0,36.1,0
1508.0,311.8,0.0,300.3,57.0,43.1,0
1498.0,309.4,2.0,300.0,37.0,38.5,0
1719.0,309.7,0.0,301.9,0.0,31.9,0
1538.0,310.4,2.0,301.3,65.0,38.4,0
1378.0,310.6,1.0,301.3,173.0,49.4,0
1645.0,309.5,0.0,298.9,169.0,31.1,0
1554.0,308.8,0.0,297.3,70.0,36.1,0
1631.0,312.4,1.0,303.7,132.0,28.5,0
1496.0,308.5,1.0,297.5,22.0,42.2,0
1418.0,310.8,2.0,299.7,197.0,46.6,0
1428.0,309.5,0.0,298.5,87.0,43.5,0
1456.0,310.8,0.0,301.8,35.0,46.6,0
1282.0,310.0,0.0,300.4,40.0,66.1,0
1698.0,307.9,0.0,298.1,40.0,33.3,0
1378.0,310.2,0.0,300.6,71.0,47.3,0
1658.0,311.6,1.0,300.5,170.0,30.4,0
1398.0,311.6,0.0,302.3,119.0,49.1,0
1408.0,309.0,0.0,298.3,98.0,45.4,0
1452.0,313.5,0.0,304.3,15.0,41.5,0
1296.0,308.0,0.0,297.9,41.0,62.9,0
1306.0,311.8,0.0,303.4,215.0,61.0,1
1694.0,310.4,0.0,299.8,204.0,30.3,0
1459.0,311.1,0.0,301.5,97.0,45.1,0
1528.0,309.0,0.0,297.6,22.0,33.8,0
1404.0,312.6,2.0,303.1,152.0,40.6,0
1376.0,310.8,0.0,299.8,159.0,48.6,0
1589.0,312.9,0.0,303.8,203.0,37.2,0
1430.0,311.7,1.0,302.6,32.0,51.7,0
1383.0,311.5,2.0,300.1,33.0,49.1,0
1466.0,309.7,1.0,300.4,184.0,39.8,0
1248.0,310.5,0.0,301.0,77.0,61.4,0
1449.0,310.9,0.0,301.8,33.0,36.5,0
1480.0,312.4,0.0,301.2,97.0,53.5,0
1658.0,310.3,2.0,299.0,69.0,27.6,0
1550.0,312.0,0.0,300.7,5.0,32.4,0
1565.0,307.8,0.0,298.1,119.0,35.3,0
1478.0,309.1,0.0,297.4,150.0,49.8,0
1496.0,313.1,0.0,303.7,48.0,47.4,0
1421.0,310.7,1.0,301.6,94.0,44.4,0
1375.0,307.8,0.0,298.2,188.0,46.6,0
1346.0,311.5,0.0,302.2,157.0,52.4,0
1469.0,309.0,0.0,299.0,13.0,40.1,0
1508.0,311.9,1.0,302.3,159.0,42.3,0
1440.0,310.3,0.0,300.9,140.0,47.6,0
1222.0,311.8,0.0,303.6,148.0,66.8,1
1620.0,311.7,0.0,303.5,141.0,31.0,0
1595.0,308.2,0.0,298.5,46.0,32.3,0
1427.0,311.8,0.0,302.6,21.0,50.1,0
1511.0,310.5,1.0,300.8,54.0,35.8,0
1621.0,308.6,0.0,297.5,0.0,28.9,0
1527.0,308.6,1.0,298.4,96.0,40.9,0
1690.0,309.2,0.0,299.5,108.0,29.2,0
1367.0,312.9,0.0,303.8,192.0,49.9,0
1424.0,309.6,1.0,298.7,32.0,50.4,0
2304.0,309.0,0.0,298.4,89.0,15.1,0
1447.0,310.3,1.0,299.0,78.0,39.9,0
1397.0,309.9,0.0,301.6,102.0,43.7,0
2189.0,308.1,1.0,297.7,186.0,15.6,0
1595.0,309.3,2.0,299.8,183.0,32.1,0
1628.0,310.8,1.0,299.4,111.0,40.2,0
1512.0,312.1,0.0,300.7,153.0,36.9,0
1490.0,308.0,0.0,297.9,6.0,46.2,0
1521.0,310.8,0.0,301.1,99.0,41.0,0
1811.0,310.6,0.0,301.2,84.0,24.0,0
1397.0,308.9,1.0,299.1,112.0,52.4,0
1354.0,308.6,0.0,298.1,207.0,53.9,1
1584.0,308.7,1.0,298.4,117.0,31.7,0
1380.0,309.4,2.0,300.6,246.0,47.6,1
1557.0,310.9,0.0,301.7,2.0,39.4,0
1441.0,308.4,1.0,298.7,132.0,43.2,0
1820.0,309.1,0.0,298.0,120.0,23.6,0
1447.0,309.0,0.0,299.3,140.0,50.4,0
1429.0,311.3,0.0,299.9,103.0,58.2,0
1434.0,308.4,0.0,299.2,2.0,46.8,0
1377.0,309.3,0.0,299.4,28.0,43.6,0
1536.0,311.4,0.0,300.8,22.0,40.9,0
1432.0,309.4,1.0,300.6,84.0,44.2,0
1546.0,309.8,0.0,298.7,109.0,40.9,0
1353.0,309.2,1.0,299.9,182.0,49.8,0
1417.0,307.9,1.0,298.0,137.0,51.0,0
1513.0,308.6,0.0,297.5,32.0,39.7,0
1436.0,312.6,2.0,303.6,110.0,42.0,0
1445.0,307.7,1.0,298.1,73.0,48.0,0
1382.0,309.6,1.0,298.7,186.0,48.1,0
1551.0,310.3,1.0,298.9,50.0,35.2,0
1397.0,310.3,0.0,301.7,57.0,44.6,0
1384.0,311.8,0.0,302.4,99.0,50.9,0
1420.0,312.7,1.0,303.5,42.0,49.1,0
1725.0,308.9,0.0,298.5,205.0,31.9,0
1644.0,310.9,1.0,301.7,201.0,32.5,0
1646.0,307.8,0.0,296.7,238.0,34.6,0
1725.0,311.3,1.0,302.0,23.0,27.7,0
1296.0,310.9,0.0,301.0,69.0,54.9,0
1373.0,308.5,0.0,297.7,203.0,56.7,1
1485.0,308.2,0.0,298.1,57.0,40.7,0
1443.0,308.2,0.0,298.8,21.0,53.4,0
1431.0,307.5,1.0,298.0,92.0,52.9,0
1972.0,309.3,0.0,299.5,177.0,19.3,0
1486.0,310.8,1.0,300.7,71.0,41.2,0
1540.0,309.2,0.0,299.6,221.0,36.7,0
1541.0,311.9,0.0,302.4,192.0,37.9,0
1485.0,307.5,0.0,296.6,204.0,42.7,0
1479.0,310.8,0.0,301.2,139.0,38.2,0
1547.0,307.6,1.0,296.7,150.0,34.7,0
1474.0,307.6,0.0,296.7,148.0,41.7,0
1513.0,310.0,0.0,301.1,17.0,38.0,0
1685.0,308.9,1.0,299.6,161.0,27.8,0
1909.0,311.4,1.0,302.3,25.0,23.2,0
1531.0,308.4,0.0,297.4,213.0,41.5,0
1365.0,309.4,1.0,298.5,56.0,48.7,0
1671.0,308.7,0.0,298.1,41.0,28.8,0
1323.0,311.9,1.0,300.5,155.0,57.9,0
1486.0,310.2,0.0,301.7,66.0,43.0,0
1444.0,310.1,1.0,298.6,39.0,48.1,0
1412.0,310.6,1.0,301.9,89.0,46.5,0
1361.0,312.7,0.0,303.0,120.0,48.8,0
1924.0,309.0,1.0,298.9,193.0,22.6,0
1429.0,307.2,2.0,297.7,26.0,44.1,0
1839.0,307.8,0.0,298.0,79.0,22.7,0
1618.0,310.1,0.0,299.0,62.0,29.2,0
1278.0,308.9,0.0,298.2,18.0,54.0,0
1390.0,308.9,0.0,297.5,140.0,44.6,0
1707.0,310.6,0.0,299.8,124.0,32.5,0
1346.0,309.6,1.0,299.8,95.0,53.2,0
1395.0,312.4,2.0,301.2,90.0,47.8,0
1431.0,309.6,0.0,300.0,39.0,47.7,0
1403.0,308.0,1.0,297.3,77.0,45.0,0
1415.0,310.4,0.0,302.5,117.0,48.2,0
1507.0,310.3,0.0,299.2,158.0,41.3,0
1674.0,310.6,2.0,301.4,49.0,33.6,0
1466.0,308.5,1.0,297.8,88.0,44.7,0
1465.0,310.7,0.0,302.1,13.0,40.7,0
1514.0,311.4,0.0,303.2,230.0,41.2,0
1688.0,310.1,2.0,302.3,115.0,30.4,0
2151.0,309.7,0.0,300.1,173.0,17.5,0
1293.0,312.1,1.0,300.6,49.0,52.3,0
1661.0,311.5,0.0,300.5,110.0,35.9,0
1509.0,311.3,0.0,302.0,25.0,39.9,0
1284.0,309.6,1.0,298.9,166.0,55.3,0
1454.0,311.3,1.0,301.0,57.0,41.5,0
1466.0,309.9,2.0,298.8,66.0,44.6,0
1646.0,310.5,1.0,301.1,76.0,30.7,0
1374.0,311.9,2.0,302.3,154.0,52.4,0
1502.0,308.8,0.0,297.5,150.0,45.9,0
1499.0,308.6,2.0,298.7,84.0,43.5,0
1533.0,311.4,1.0,300.0,180.0,42.6,0
1602.0,310.1,0.0,298.9,58.0,38.2,0
1431.0,307.6,0.0,296.5,90.0,45.2,0
1524.0,310.4,0.0,299.0,120.0,39.8,0
1479.0,310.9,0.0,301.0,194.0,44.3,0
1367.0,310.1,1.0,300.7,167.0,52.6,0
1325.0,308.8,1.0,297.4,204.0,62.4,1
1418.0,311.2,0.0,301.7,166.0,38.0,0
1368.0,310.6,0.0,300.5,10.0,49.6,0
1397.0,311.1,0.0,300.4,189.0,50.8,0
1544.0,307.9,1.0,297.5,136.0,37.9,0
1487.0,308.7,1.0,299.4,205.0,52.6,0
1412.0,307.3,0.0,297.8,24.0,50.7,0
1419.0,309.6,0.0,298.5,105.0,41.5,0
1367.0,310.0,0.0,299.1,203.0,56.3,1
1442.0,309.6,0.0,298.7,194.0,55.6,0
1450.0,309.0,0.0,299.1,40.0,43.0,0
1680.0,308.6,0.0,297.4,200.0,32.8,0
1563.0,311.0,0.0,300.6,87.0,40.7,0
1469.0,309.3,1.0,300.1,20.0,43.9,0
1362.0,309.4,1.0,300.4,182.0,42.1,0
1565.0,310.8,0.0,302.1,6.0,35.3,0
1280.0,308.9,1.0,297.5,19.0,48.5,0
2117.0,313.1,1.0,303.8,22.0,18.6,0
1601.0,311.8,0.0,300.4,0.0,36.1,0
1418.0,311.8,0.0,300.3,53.0,45.9,0
1477.0,308.1,2.0,297.3,2.0,52.3,0
1618.0,310.7,0.0,301.5,218.0,35.5,0
1520.0,310.3,0.0,302.4,121.0,31.6,0
1566.0,310.2,0.0,298.7,68.0,33.1,0
1429.0,309.7,0.0,299.8,127.0,42.6,0
1393.0,308.9,0.0,297.9,45.0,40.6,0
1333.0,310.7,0.0,300.7,177.0,61.0,0
1413.0,310.8,0.0,301.5,166.0,44.6,0
1446.0,309.6,0.0,301.9,225.0,43.2,0
1636.0,307.8,0.0,297.1,90.0,30.3,0
1344.0,307.6,0.0,297.9,151.0,54.3,0
1555.0,308.3,0.0,296.9,175.0,38.2,0
1581.0,309.7,0.0,298.4,150.0,34.6,0
1615.0,311.1,1.0,301.1,153.0,37.7,0
1910.0,310.9,1.0,301.0,37.0,21.9,0
1596.0,312.7,0.0,303.8,134.0,36.6,0
1456.0,309.2,0.0,298.3,75.0,45.5,0
1739.0,306.2,1.0,295.7,94.0,25.9,0
1867.0,311.9,0.0,302.4,121.0,25.9,0
1553.0,310.8,0.0,299.8,161.0,32.2,0
1558.0,308.6,0.0,298.1,14.0,42.4,0
1536.0,311.8,1.0,303.3,205.0,40.6,0
1461.0,309.7,2.0,298.8,118.0,55.1,0
1496.0,309.0,1.0,299.3,67.0,43.4,0
1459.0,310.6,1.0,301.8,128.0,40.2,0
1368.0,310.7,1.0,301.4,92.0,63.7,1
1845.0,308.5,0.0,299.4,76.0,22.9,0
1644.0,310.8,0.0,299.6,114.0,30.9,0
1605.0,308.4,0.0,297.2,183.0,30.0,0
1424.0,310.7,0.0,301.6,214.0,50.5,0
1723.0,310.8,0.0,302.3,213.0,26.3,0
1413.0,309.3,0.0,300.4,101.0,50.3,0
1429.0,308.6,0.0,299.0,126.0,37.7,0
1503.0,312.4,0.0,303.5,191.0,36.5,0
1386.0,309.4,2.0,299.5,154.0,44.4,0
1305.0,308.5,1.0,299.3,44.0,60.6,0
1370.0,309.8,1.0,300.5,143.0,55.9,0
1569.0,310.2,0.0,298.6,10.0,36.3,0
1686.0,308.4,1.0,297.3,97.0,34.5,0
1454.0,310.5,2.0,300.6,58.0,51.2,0
1443.0,310.2,2.0,302.3,120.0,54.6,0
1444.0,307.1,0.0,296.2,194.0,46.7,0
1508.0,312.0,0.0,302.4,5.0,36.9,0
2041.0,311.6,1.0,302.6,174.0,19.2,0
1543.0,310.7,1.0,301.2,40.0,32.9,0
1610.0,310.8,0.0,302.9,17.0,32.2,0
1877.0,312.8,0.0,303.5,96.0,22.3,0
1420.0,308.6,2.0,297.4,120.0,45.8,0
1441.0,308.4,0.0,297.3,14.0,43.4,0
1490.0,308.5,0.0,299.2,158.0,43.2,0
1536.0,308.7,2.0,298.0,99.0,39.6,0
1696.0,310.5,1.0,300.8,162.0,29.7,0
1420.0,307.9,2.0,297.1,192.0,39.8,0
1510.0,309.7,0.0,298.7,162.0,40.6,0
1709.0,309.0,0.0,300.0,79.0,32.1,0
1551.0,308.7,0.0,297.3,125.0,40.0,0
1867.0,308.5,0.0,299.2,138.0,27.0,0
1541.0,308.6,1.0,299.4,109.0,39.1,0
1399.0,308.5,0.0,297.4,61.0,61.5,1
1567.0,309.6,1.0,298.9,204.0,34.5,0
1477.0,310.1,0.0,300.0,195.0,34.6,0
1530.0,312.9,1.0,303.5,110.0,34.5,0
1469.0,310.2,0.0,299.6,15.0,47.0,0
1520.0,312.1,0.0,302.8,48.0,39.9,0
1588.0,310.6,0.0,301.0,114.0,33.7,0
1582.0,310.3,1.0,299.0,177.0,33.3,0
1296.0,307.9,0.0,297.0,153.0,69.1,1
1475.0,307.3,0.0,296.2,44.0,37.0,0
1529.0,309.6,0.0,297.7,153.0,35.2,0
1400.0,309.8,2.0,299.9,119.0,48.7,0
1398.0,312.0,0.0,302.3,171.0,43.3,0
1631.0,309.1,0.0,300.0,110.0,28.3,0
1354.0,307.5,0.0,296.9,16.0,44.4,0
1396.0,308.2,0.0,297.3,212.0,52.7,1
1511.0,311.9,1.0,300.5,30.0,44.5,0
1295.0,310.1,1.0,301.2,39.0,56.6,0
1510.0,311.3,1.0,302.2,91.0,36.6,0
1529.0,309.7,2.0,300.0,107.0,42.4,0
1475.0,311.4,1.0,302.4,46.0,45.2,0
1886.0,308.5,0.0,299.0,198.0,23.0,0
1594.0,310.8,1.0,301.7,204.0,32.4,0
1553.0,308.7,0.0,299.4,128.0,42.7,0
1415.0,308.6,0.0,299.4,175.0,56.4,0
1414.0,309.7,0.0,302.0,209.0,36.3,0
1505.0,310.4,0.0,299.1,176.0,46.1,0
1674.0,311.6,0.0,300.4,172.0,33.0,0
1513.0,309.1,0.0,298.8,160.0,40.3,0
1455.0,308.6,1.0,299.4,183.0,42.7,0
1461.0,308.9,0.0,298.8,206.0,47.9,0
1389.0,308.5,0.0,297.4,54.0,39.2,0
1456.0,307.9,1.0,297.2,85.0,44.9,0
2456.0,309.0,1.0,297.9,82.0,13.9,0
1422.0,309.3,0.0,299.5,179.0,49.2,0
1350.0,308.4,0.0,299.2,96.0,51.3,0
1586.0,310.2,0.0,302.5,64.0,32.2,0
1823.0,310.5,1.0,302.0,87.0,25.1,0
1326.0,309.4,0.0,297.6,199.0,49.8,0
1234.0,310.4,0.0,300.7,160.0,51.7,0
1736.0,310.8,0.0,301.8,56.0,26.5,0
1378.0,312.4,0.0,301.2,95.0,59.0,0
1353.0,308.5,1.0,297.2,185.0,46.5,0
1313.0,307.9,0.0,298.2,67.0,67.3,1
1683.0,308.5,0.0,297.9,63.0,28.5,0
2267.0,308.2,0.0,297.1,181.0,15.7,0
1465.0,311.4,1.0,301.9,153.0,39.9,0
1489.0,308.8,0.0,298.0,109.0,36.5,0
1538.0,310.3,0.0,300.8,198.0,36.1,0
1553.0,311.0,0.0,301.0,26.0,35.8,0
1428.0,309.2,0.0,297.4,26.0,38.8,0
1715.0,309.1,0.0,299.7,192.0,27.8,0
1491.0,308.6,0.0,297.6,152.0,38.1,0
1615.0,309.9,0.0,298.6,199.0,28.8,0
1477.0,307.3,1.0,296.2,53.0,35.2,0
1452.0,310.5,0.0,300.5,29.0,42.9,0
1401.0,310.1,0.0,298.7,67.0,45.3,0
1520.0,311.3,0.0,300.0,43.0,39.2,0
1675.0,310.7,0.0,301.4,92.0,30.7,0
1435.0,310.5,0.0,301.5,135.0,44.6,0
1514.0,310.9,1.0,300.8,66.0,38.7,0
1458.0,308.3,0.0,298.2,132.0,41.8,0
1608.0,309.4,2.0,297.7,135.0,30.2,0
1548.0,311.8,0.0,300.3,16.0,33.0,0
1336.0,311.8,0.0,300.7,189.0,58.4,1
1429.0,308.6,1.0,297.5,129.0,50.5,0
1373.0,310.4,1.0,301.9,73.0,48.0,1
1374.0,310.8,0.0,299.5,154.0,48.3,0
1455.0,311.0,0.0,301.9,29.0,46.0,0
1433.0,309.4,1.0,297.5,139.0,48.3,0
1681.0,309.6,1.0,298.3,194.0,27.1,0
1576.0,308.3,0.0,297.2,113.0,35.3,0
1336.0,311.3,0.0,303.1,172.0,52.6,1
1480.0,310.4,1.0,300.1,77.0,37.1,0
1601.0,311.2,0.0,303.0,69.0,32.9,0
1515.0,311.9,0.0,303.5,24.0,39.2,0
1404.0,309.1,1.0,298.3,15.0,47.0,0
1400.0,308.3,2.0,297.6,43.0,44.3,0
1505.0,310.1,0.0,299.0,85.0,41.3,0
1406.0,307.9,2.0,297.9,93.0,58.5,0
1582.0,310.0,0.0,299.0,51.0,31.9,0
1447.0,310.1,2.0,299.9,185.0,51.4,0
1524.0,308.5,2.0,297.2,192.0,41.4,0
1540.0,313.3,1.0,304.3,14.0,39.0,0
1352.0,308.7,0.0,297.3,91.0,53.8,0
1443.0,308.9,0.0,297.5,0.0,43.5,0
1484.0,312.0,2.0,302.7,65.0,41.5,0
1616.0,307.4,0.0,296.6,175.0,28.0,0
1566.0,312.0,0.0,300.6,128.0,30.1,0
1544.0,308.3,0.0,298.0,213.0,34.7,0
1411.0,309.6,0.0,300.6,140.0,41.6,0
1666.0,308.8,0.0,298.2,30.0,31.5,0
1342.0,311.3,0.0,301.0,60.0,50.9,0
1361.0,308.2,0.0,296.8,193.0,53.8,0
1405.0,308.3,0.0,298.0,218.0,56.2,1
1472.0,309.9,0.0,297.9,183.0,45.0,0
1677.0,308.4,0.0,297.2,146.0,26.4,0
1802.0,309.0,1.0,298.3,71.0,27.5,0
1673.0,310.8,0.0,302.2,52.0,32.9,0
1578.0,311.1,1.0,301.7,174.0,40.5,0
1364.0,312.8,0.0,303.7,44.0,46.3,0
1383.0,311.4,0.0,300.0,101.0,49.6,0
1452.0,311.1,1.0,299.8,167.0,44.3,0
1316.0,311.5,1.0,302.3,4.0,47.2,0
1571.0,310.2,1.0,300.5,228.0,34.6,0
1534.0,311.6,2.0,302.2,41.0,37.2,0
1489.0,309.2,0.0,299.4,114.0,42.3,0
1582.0,307.5,0.0,296.6,197.0,37.9,0
1555.0,311.2,0.0,301.1,172.0,35.3,0
1646.0,312.8,0.0,303.8,143.0,35.8,0
1363.0,312.4,0.0,303.6,7.0,53.1,0
1537.0,310.2,2.0,299.8,191.0,36.6,0
1343.0,309.9,1.0,300.5,124.0,63.7,0
1715.0,309.2,0.0,297.5,30.0,28.0,0
1480.0,312.3,0.0,303.0,125.0,41.4,0
1685.0,307.6,1.0,296.9,10.0,32.0,0
1569.0,306.2,0.0,295.6,140.0,35.1,0
1483.0,310.0,2.0,300.6,97.0,44.0,0
1372.0,308.2,1.0,298.9,30.0,63.6,1
1394.0,309.8,0.0,298.7,11.0,40.3,0
1786.0,310.5,2.0,301.6,35.0,27.1,0
1359.0,311.6,1.0,300.4,160.0,55.4,0
1413.0,310.0,0.0,300.5,152.0,44.5,0
1668.0,307.2,0.0,297.7,31.0,32.7,0
1402.0,308.2,0.0,297.4,41.0,49.7,0
1428.0,311.1,1.0,303.0,181.0,39.8,0
1535.0,311.7,1.0,302.3,5.0,38.3,0
1688.0,311.1,0.0,300.7,161.0,30.7,0
1462.0,310.6,0.0,301.9,22.0,38.8,0
1377.0,311.9,0.0,303.4,34.0,41.6,1
1362.0,310.7,1.0,300.9,212.0,51.6,0
1664.0,312.7,0.0,303.8,178.0,29.3,0
1589.0,309.4,1.0,300.7,52.0,35.0,0
1432.0,308.3,0.0,298.3,65.0,46.9,0
1472.0,307.4,0.0,296.3,51.0,39.9,0
1363.0,312.1,0.0,303.7,90.0,51.8,1
1491.0,309.0,0.0,297.6,7.0,43.2,0
1693.0,310.1,1.0,298.7,51.0,31.9,0
1606.0,307.4,0.0,297.9,14.0,35.5,0
1458.0,310.2,0.0,299.2,183.0,47.0,0
1583.0,308.7,0.0,299.0,25.0,32.5,0
1620.0,310.1,0.0,298.7,112.0,34.8,0
1420.0,311.8,0.0,300.7,119.0,47.0,0
1463.0,309.4,2.0,300.6,235.0,49.2,0
1611.0,309.1,0.0,297.5,211.0,30.2,0
1379.0,311.6,1.0,302.2,13.0,42.9,0
1373.0,311.5,1.0,303.3,60.0,47.3,1
1811.0,312.6,2.0,303.8,183.0,24.9,0
1734.0,308.6,0.0,299.0,161.0,32.4,0
1729.0,308.9,0.0,297.5,189.0,28.1,0
1557.0,310.8,1.0,301.9,65.0,35.3,0
1451.0,310.9,0.0,301.5,0.0,40.6,0
1623.0,309.3,0.0,298.5,109.0,33.1,0
1441.0,308.8,1.0,298.8,63.0,40.5,0
1790.0,310.7,2.0,301.5,8.0,26.2,0
1439.0,311.2,0.0,303.2,30.0,43.9,0
1485.0,310.1,0.0,300.6,19.0,49.9,0
1481.0,309.7,0.0,300.1,34.0,37.9,0
1663.0,310.9,0.0,302.0,81.0,31.5,0
1435.0,307.7,1.0,298.1,147.0,40.9,0
1515.0,312.2,0.0,302.8,162.0,36.8,0
1723.0,310.9,0.0,300.7,73.0,31.0,0
1824.0,308.8,2.0,297.5,179.0,24.0,0
1579.0,307.9,2.0,296.7,50.0,33.4,0
1486.0,311.0,1.0,301.4,91.0,36.5,0
1598.0,311.9,0.0,302.6,69.0,35.5,0
1532.0,310.5,0.0,299.1,62.0,36.6,0
1872.0,311.6,0.0,302.2,202.0,20.4,0
1685.0,311.5,0.0,300.2,193.0,31.0,0
1989.0,311.7,0.0,300.3,121.0,22.3,0
1331.0,310.6,0.0,301.9,85.0,68.6,1
1491.0,310.7,0.0,302.1,98.0,42.8,0
1463.0,309.9,0.0,298.3,116.0,43.9,0
1405.0,310.7,1.0,301.9,80.0,47.9,0
1590.0,308.3,0.0,297.3,59.0,35.5,0
1442.0,309.7,0.0,301.8,233.0,45.3,1
1400.0,311.2,1.0,302.0,20.0,49.5,0
1682.0,312.2,0.0,302.8,58.0,30.9,0
1390.0,310.8,0.0,301.3,164.0,57.4,0
1622.0,308.7,0.0,297.6,79.0,37.9,0
1619.0,308.7,0.0,297.3,129.0,31.6,0
1587.0,308.5,1.0,299.1,2.0,35.6,0
1373.0,310.5,0.0,300.5,56.0,47.4,0
1452.0,310.8,1.0,300.9,185.0,43.6,0
1423.0,309.4,1.0,299.8,124.0,42.9,0
1611.0,307.9,0.0,296.8,72.0,35.4,0
1638.0,311.8,0.0,302.6,17.0,35.1,0
1507.0,311.5,0.0,302.3,55.0,37.5,0
1829.0,308.7,0.0,297.7,17.0,24.9,0
1606.0,307.7,0.0,298.0,17.0,30.8,0
1414.0,307.0,0.0,296.2,162.0,48.3,0
2102.0,311.4,1.0,303.2,5.0,19.0,0
1697.0,310.0,0.0,299.8,175.0,36.0,0
1882.0,309.1,0.0,300.0,84.0,23.8,0
1433.0,310.7,0.0,302.7,13.0,43.7,0
1495.0,311.5,0.0,300.2,69.0,38.5,0
1556.0,311.0,1.0,302.9,44.0,36.5,0
1500.0,308.9,0.0,298.0,104.0,36.7,0
1565.0,307.7,0.0,296.8,89.0,40.1,0
1481.0,308.7,1.0,297.4,117.0,48.0,0
1580.0,310.0,1.0,300.5,181.0,37.0,0
1392.0,309.4,0.0,297.7,140.0,44.1,0
1437.0,309.1,0.0,298.3,93.0,38.0,0
1547.0,308.3,1.0,297.7,74.0,36.8,0
2496.0,311.8,2.0,300.4,5.0,13.5,0
1407.0,305.8,0.0,295.4,192.0,50.7,0
1682.0,309.6,0.0,300.6,78.0,30.7,0
1547.0,307.7,2.0,298.0,186.0,36.8,0
1481.0,310.3,1.0,298.7,83.0,41.5,0
1515.0,309.9,0.0,301.2,21.0,40.9,0
1478.0,311.1,0.0,300.7,165.0,46.8,0
1326.0,309.6,0.0,300.3,57.0,52.4,0
1403.0,310.7,2.0,300.9,207.0,40.6,0
1618.0,307.5,0.0,298.0,31.0,35.2,0
1592.0,309.6,1.0,297.6,57.0,35.8,0
1561.0,311.9,0.0,303.7,153.0,33.3,0
1515.0,311.6,0.0,300.3,69.0,44.9,0
1568.0,308.1,0.0,297.3,194.0,34.4,0
1980.0,311.0,1.0,302.0,20.0,21.5,0
1581.0,310.9,1.0,302.3,109.0,36.1,0
1894.0,310.5,0.0,300.9,188.0,21.9,0
1348.0,309.4,0.0,299.9,31.0,52.8,0
1510.0,311.0,1.0,303.1,16.0,47.6,0
1591.0,308.6,0.0,298.4,122.0,36.7,0
1548.0,308.8,0.0,297.8,64.0,36.9,0
1392.0,311.3,0.0,302.4,51.0,50.5,0
1733.0,311.0,0.0,301.4,182.0,25.7,0
1470.0,309.0,0.0,297.5,191.0,43.5,0
1429.0,310.2,1.0,300.2,54.0,43.8,0
1353.0,309.8,0.0,300.2,26.0,59.4,0
1495.0,311.7,0.0,302.4,215.0,36.8,0
1438.0,309.0,2.0,298.1,60.0,41.4,0
1407.0,308.4,0.0,297.6,86.0,55.2,0
1453.0,309.4,0.0,300.1,28.0,47.6,0
1433.0,309.6,2.0,299.7,129.0,49.6,0
1532.0,310.9,0.0,301.6,15.0,43.6,0
1670.0,310.6,0.0,302.8,2.0,29.1,0
1509.0,312.2,0.0,302.8,52.0,36.5,0
1479.0,308.9,1.0,297.6,182.0,38.1,0
1333.0,309.3,0.0,299.5,147.0,54.1,0
1593.0,309.6,2.0,298.6,95.0,33.3,0
1530.0,309.0,1.0,297.9,42.0,40.9,0
1616.0,309.7,2.0,297.7,20.0,31.1,0
1543.0,309.5,1.0,298.3,199.0,49.9,0
1393.0,313.0,0.0,303.5,80.0,51.6,0
1482.0,311.5,0.0,302.2,87.0,45.6,0
1538.0,307.8,1.0,297.3,171.0,48.0,0
1887.0,309.3,0.0,300.0,120.0,22.6,0
1775.0,313.3,0.0,304.3,39.0,24.9,0
1303.0,307.8,1.0,297.9,75.0,59.3,0
1632.0,308.3,0.0,297.4,39.0,33.5,0
1411.0,312.0,0.0,302.5,177.0,44.2,0
1754.0,310.8,0.0,300.7,84.0,27.7,0
1473.0,308.3,0.0,298.4,184.0,39.9,0
1631.0,308.1,0.0,297.5,146.0,30.6,0
1326.0,309.2,0.0,300.1,55.0,55.9,0
1481.0,309.0,1.0,298.6,6.0,40.8,0
1447.0,310.8,0.0,302.0,229.0,42.7,0
1513.0,312.8,0.0,303.4,92.0,35.8,0
1511.0,312.9,1.0,303.7,33.0,41.0,0
1409.0,307.9,1.0,296.8,145.0,44.3,0
1654.0,307.6,0.0,298.0,123.0,28.9,0
1831.0,309.4,1.0,297.5,105.0,26.6,0
1415.0,308.5,0.0,299.1,0.0,43.4,0
1623.0,310.5,1.0,301.5,157.0,33.5,0
1610.0,308.8,0.0,298.0,212.0,33.7,0
1553.0,309.6,2.0,299.7,179.0,41.0,0
1521.0,309.6,1.0,300.4,119.0,35.0,0
1568.0,309.0,0.0,297.4,175.0,33.7,0
1450.0,308.7,0.0,298.8,66.0,43.4,0
1584.0,310.7,0.0,301.4,17.0,32.2,0
1402.0,308.4,0.0,299.2,24.0,47.7,0
1544.0,308.3,1.0,297.3,6.0,41.7,0
1648.0,308.8,1.0,299.3,188.0,28.4,0
1417.0,311.1,1.0,301.9,171.0,52.5,0
1437.0,309.7,0.0,298.5,120.0,42.6,0
1456.0,311.7,2.0,302.3,130.0,45.4,0
1576.0,309.1,1.0,299.7,149.0,36.4,0
1425.0,311.9,0.0,300.6,224.0,44.9,0
1377.0,311.4,2.0,300.1,50.0,56.7,0
1408.0,309.0,0.0,299.2,0.0,47.2,0
1379.0,308.1,0.0,298.2,149.0,62.3,0
1446.0,308.7,1.0,297.5,168.0,53.0,0
1497.0,309.0,2.0,298.8,147.0,43.8,0
1450.0,309.5,0.0,298.6,7.0,44.3,0
2179.0,309.4,1.0,300.5,59.0,16.3,0
1581.0,309.2,1.0,298.9,101.0,36.7,0
1575.0,310.9,1.0,301.6,139.0,40.1,0
1483.0,308.3,1.0,297.4,47.0,41.9,0
1365.0,313.0,0.0,303.8,205.0,59.9,1
1408.0,309.4,0.0,299.8,156.0,45.6,0
1634.0,311.0,0.0,301.4,155.0,32.6,0
1958.0,311.4,0.0,303.3,0.0,21.5,0
1457.0,312.4,2.0,300.7,74.0,47.2,0
1356.0,311.6,0.0,300.2,132.0,53.5,0
1687.0,309.9,0.0,301.2,30.0,29.7,0
1508.0,311.4,0.0,300.0,18.0,38.2,0
1763.0,308.3,0.0,297.1,139.0,25.7,0
1462.0,310.5,1.0,300.6,68.0,41.3,0
1578.0,308.9,0.0,298.0,153.0,35.6,0
1407.0,311.3,0.0,300.0,208.0,47.3,0
1450.0,310.8,0.0,301.3,59.0,46.9,0
1409.0,310.4,2.0,302.6,52.0,53.3,0
1406.0,308.9,0.0,298.0,77.0,40.9,0
1838.0,308.9,0.0,297.7,99.0,27.3,0
1442.0,310.7,0.0,300.7,49.0,43.2,0
1388.0,307.5,0.0,297.8,159.0,40.0,0
1384.0,309.7,0.0,300.5,141.0,48.6,0
1585.0,308.1,0.0,297.9,212.0,33.5,0
1331.0,310.3,0.0,300.2,30.0,52.1,0
1322.0,311.6,0.0,300.2,215.0,50.9,0
1588.0,308.4,1.0,297.1,204.0,33.4,0
1347.0,308.2,0.0,297.1,49.0,50.8,0
1535.0,308.6,0.0,298.8,40.0,41.2,0
1730.0,308.6,0.0,298.8,59.0,25.9,0
1406.0,308.4,0.0,299.3,3.0,47.4,0
1561.0,309.5,0.0,298.5,35.0,34.8,0
2643.0,313.5,0.0,304.3,21.0,12.7,0
1385.0,309.6,1.0,301.9,217.0,45.8,0
1367.0,312.2,0.0,302.9,50.0,55.1,0
1383.0,310.3,0.0,300.8,19.0,46.6,0
1465.0,311.3,1.0,300.8,113.0,43.2,0
1608.0,310.7,1.0,302.1,81.0,30.3,0
1582.0,310.4,0.0,299.4,181.0,31.7,0
1448.0,309.5,1.0,300.3,145.0,42.4,0
1434.0,308.6,1.0,297.4,193.0,44.4,0
1409.0,309.3,0.0,299.5,46.0,44.7,0
1647.0,308.8,0.0,299.3,172.0,32.9,0
1438.0,308.3,0.0,297.6,84.0,47.8,0
1514.0,308.6,0.0,297.5,134.0,36.9,0
1394.0,309.1,0.0,297.6,62.0,50.0,0
1512.0,307.4,0.0,297.8,137.0,40.8,0
1499.0,310.3,0.0,301.2,61.0,38.1,0
1641.0,308.0,1.0,296.9,67.0,33.3,0
1438.0,310.8,0.0,302.2,66.0,41.4,0
1924.0,308.6,0.0,297.2,163.0,22.1,0
1629.0,311.4,1.0,302.5,225.0,31.7,0
1830.0,308.9,0.0,298.9,35.0,24.9,0
1651.0,311.5,0.0,300.5,65.0,36.9,0
1337.0,311.4,1.0,299.9,32.0,54.8,0
1781.0,309.2,0.0,299.7,201.0,29.6,0
1411.0,309.3,1.0,300.4,160.0,41.6,0
1569.0,307.6,1.0,298.0,173.0,35.6,0
1594.0,311.6,2.0,302.2,82.0,36.8,0
1523.0,308.8,1.0,299.2,112.0,38.9,0
1337.0,310.5,0.0,301.3,106.0,52.7,0
1467.0,308.5,0.0,298.9,136.0,44.7,0
2136.0,308.9,0.0,298.1,78.0,15.9,0
1533.0,311.0,0.0,301.4,125.0,45.8,0
1409.0,309.6,0.0,300.6,57.0,42.4,0
1464.0,312.3,0.0,301.1,65.0,35.3,0
1605.0,308.0,0.0,298.4,154.0,32.4,0
1843.0,307.9,1.0,296.8,116.0,25.2,0
1552.0,309.2,0.0,299.4,37.0,37.4,0
1513.0,308.6,1.0,297.2,78.0,39.0,0
1488.0,308.5,0.0,299.2,148.0,40.3,0
1412.0,307.8,0.0,297.8,27.0,48.3,0
1321.0,310.3,0.0,300.9,150.0,48.8,0
1511.0,310.5,0.0,302.7,60.0,37.7,0
1678.0,308.5,0.0,297.6,114.0,34.2,0
1462.0,308.7,0.0,298.0,204.0,48.2,0
1431.0,311.0,1.0,301.6,129.0,42.3,0
1529.0,307.9,1.0,298.2,105.0,36.6,0
1567.0,309.0,0.0,299.8,95.0,36.1,0
1639.0,310.7,1.0,301.4,127.0,29.8,0
1451.0,310.4,1.0,302.5,194.0,53.6,0
1416.0,310.1,0.0,299.0,47.0,45.9,0
1391.0,308.0,0.0,296.8,17.0,54.4,0
1502.0,311.3,2.0,303.3,38.0,39.5,0
1521.0,310.9,0.0,300.7,61.0,39.4,0
1583.0,309.6,0.0,298.9,202.0,39.8,0
1480.0,308.1,1.0,297.5,112.0,42.4,0
1508.0,310.6,0.0,300.6,62.0,34.8,0
1524.0,310.3,0.0,299.8,196.0,34.2,0
1469.0,310.9,0.0,301.5,164.0,44.7,0
1502.0,309.8,0.0,300.6,133.0,42.4,0
1308.0,309.4,0.0,300.0,32.0,50.2,0
1526.0,312.9,0.0,303.9,194.0,42.5,0
1717.0,310.2,0.0,298.7,26.0,27.3,0
1781.0,312.0,0.0,302.6,196.0,28.5,0
1728.0,309.5,0.0,300.0,37.0,26.0,0
1462.0,308.5,0.0,297.5,148.0,52.3,0
1474.0,312.1,0.0,300.9,171.0,42.4,0
1329.0,308.8,0.0,299.1,207.0,53.6,1
1502.0,308.3,2.0,297.4,169.0,43.6,0
2289.0,310.5,0.0,301.5,112.0,16.4,0
1362.0,309.1,0.0,298.4,37.0,46.1,0
1270.0,310.3,1.0,300.8,54.0,61.0,0
1677.0,312.2,0.0,302.9,46.0,30.5,0
1490.0,308.3,0.0,297.4,164.0,42.6,0
1470.0,309.3,0.0,300.5,219.0,40.8,0
1479.0,308.9,2.0,297.7,87.0,40.9,0
1355.0,311.2,0.0,301.4,37.0,50.6,0
1480.0,310.7,0.0,301.9,68.0,47.1,0
1609.0,311.0,0.0,302.3,190.0,31.0,0
1566.0,310.9,0.0,301.3,82.0,33.1,0
1438.0,310.0,0.0,301.3,7.0,40.9,0
1627.0,308.1,1.0,297.9,209.0,31.4,0
1676.0,310.2,0.0,298.5,18.0,32.7,0
1501.0,310.3,0.0,299.0,91.0,43.0,0
1379.0,310.4,0.0,299.2,39.0,46.8,0
1480.0,309.8,0.0,302.0,199.0,40.0,0
1517.0,309.4,0.0,298.5,45.0,40.2,0
1563.0,309.3,2.0,297.5,100.0,36.1,0
1983.0,310.6,1.0,300.2,83.0,20.8,0
1510.0,308.6,1.0,297.5,155.0,35.5,0
1349.0,310.6,1.0,300.7,19.0,54.5,0
1293.0,309.7,0.0,298.7,125.0,59.1,0
1670.0,312.3,2.0,300.7,81.0,27.3,0
1394.0,308.8,1.0,298.1,70.0,47.9,0
1352.0,311.2,0.0,299.7,176.0,52.1,0
1639.0,310.5,1.0,302.0,94.0,32.9,0
1446.0,311.0,0.0,302.3,75.0,37.6,0
1607.0,307.6,0.0,296.5,104.0,33.5,0
1448.0,310.4,0.0,302.0,167.0,43.4,0
1384.0,307.8,1.0,298.1,200.0,43.7,0
1410.0,309.0,0.0,298.9,191.0,65.7,1
1771.0,311.9,0.0,303.4,202.0,31.6,0
1390.0,311.4,1.0,300.1,94.0,52.1,0
1601.0,310.7,1.0,302.2,166.0,33.0,0
1470.0,310.6,0.0,302.8,205.0,41.1,0
1372.0,309.0,0.0,299.6,149.0,60.4,0
1716.0,309.3,0.0,298.4,66.0,28.4,0
1509.0,310.7,0.0,301.4,95.0,38.3,0
1637.0,308.0,2.0,298.3,2.0,30.8,0
1684.0,309.5,1.0,298.6,44.0,27.8,0
1435.0,309.6,0.0,300.3,181.0,45.4,0
1695.0,312.2,0.0,302.6,32.0,27.1,0
1548.0,310.5,1.0,299.2,35.0,33.5,0
1485.0,308.4,0.0,298.6,38.0,42.9,0
1534.0,309.8,0.0,298.9,23.0,42.1,0
1708.0,310.9,0.0,302.8,42.0,29.8,0
1458.0,308.9,0.0,297.7,14.0,41.1,0
1902.0,307.4,1.0,297.8,129.0,24.3,0
1493.0,310.8,0.0,301.7,145.0,47.6,0
1644.0,310.5,1.0,300.4,41.0,31.4,0
1570.0,309.3,0.0,300.1,189.0,36.8,0
1766.0,308.5,0.0,297.2,7.0,25.8,0
1589.0,311.6,2.0,300.1,37.0,37.9,0
1416.0,310.6,0.0,300.8,225.0,42.2,0
1517.0,310.6,1.0,302.1,2.0,38.9,0
1557.0,308.5,2.0,297.5,47.0,39.1,0
1582.0,309.5,1.0,299.9,160.0,38.2,0
1596.0,311.4,0.0,299.9,160.0,28.9,0
1491.0,309.4,0.0,297.6,231.0,40.2,0
1622.0,310.8,0.0,301.7,0.0,37.8,0
1732.0,309.5,1.0,301.8,220.0,30.1,0
1347.0,308.3,0.0,297.4,43.0,45.8,0
1512.0,310.2,0.0,299.6,79.0,44.0,0
1454.0,310.2,0.0,302.5,108.0,43.0,0
1555.0,308.0,1.0,298.0,111.0,37.0,0
1473.0,310.1,0.0,298.9,164.0,42.6,0
1446.0,312.3,2.0,300.7,86.0,45.4,0
1511.0,312.2,0.0,303.5,27.0,37.1,0
1363.0,307.4,1.0,298.1,187.0,60.1,0
1494.0,311.1,0.0,301.4,142.0,41.9,0
1350.0,310.4,1.0,301.5,153.0,54.9,0
1681.0,311.7,0.0,300.8,221.0,31.3,0
1448.0,311.6,1.0,301.0,145.0,43.9,0
1284.0,308.6,1.0,297.2,32.0,51.3,0
1878.0,311.2,0.0,300.7,24.0,24.3,0
1412.0,306.6,0.0,295.9,109.0,41.0,0
1348.0,308.9,1.0,297.4,201.0,59.1,0
1315.0,311.8,0.0,303.3,42.0,62.0,1
1436.0,311.0,1.0,302.2,187.0,47.0,0
1790.0,310.8,1.0,300.9,191.0,26.2,0
1378.0,311.0,1.0,300.7,93.0,41.2,0
1547.0,310.5,1.0,301.1,81.0,35.8,0
1792.0,310.8,2.0,301.1,121.0,25.8,0
1658.0,311.4,0.0,303.3,7.0,30.5,0
1628.0,307.9,0.0,297.3,80.0,30.2,0
1354.0,311.9,0.0,302.6,67.0,48.0,0
1384.0,310.1,0.0,299.6,11.0,49.8,0
1379.0,310.5,0.0,301.0,204.0,57.3,1
1600.0,307.9,2.0,297.8,13.0,33.5,0
1438.0,310.6,2.0,302.0,12.0,43.2,0
1597.0,310.7,0.0,301.8,74.0,30.8,0
1549.0,309.3,0.0,298.4,139.0,40.8,0
1589.0,309.3,1.0,300.5,91.0,34.9,0
1588.0,311.1,0.0,299.8,183.0,38.0,0
1429.0,312.7,0.0,303.6,198.0,47.7,0
1558.0,312.8,1.0,303.7,206.0,37.7,0
1969.0,308.0,1.0,298.2,32.0,21.7,0
1438.0,310.7,0.0,300.6,78.0,48.5,1
1482.0,313.4,1.0,304.3,41.0,43.8,0
1472.0,310.3,0.0,299.0,97.0,36.1,0
1395.0,309.1,0.0,298.3,133.0,49.8,0
1385.0,310.6,0.0,302.1,5.0,53.6,0
1706.0,311.0,1.0,300.7,153.0,25.0,0
1643.0,309.4,0.0,299.6,145.0,32.9,0
1417.0,309.3,0.0,299.7,131.0,54.6,0
1585.0,308.4,0.0,298.3,127.0,30.6,0
1566.0,307.8,1.0,298.2,100.0,33.8,0
1791.0,310.0,0.0,298.9,166.0,27.6,0
1532.0,309.2,0.0,300.3,194.0,40.2,0
1406.0,310.6,0.0,301.7,112.0,46.0,0
1569.0,310.1,0.0,300.1,17.0,43.5,0
1295.0,311.3,2.0,300.9,77.0,58.9,0
1491.0,309.7,0.0,301.0,165.0,42.9,0
1827.0,310.3,1.0,299.0,178.0,28.0,0
1495.0,309.5,2.0,300.6,79.0,36.5,0
1385.0,307.8,0.0,297.3,169.0,44.4,0
1809.0,307.6,0.0,296.6,86.0,25.1,0
1678.0,306.6,0.0,295.9,53.0,26.7,0
1858.0,308.9,1.0,299.3,101.0,24.7,0
1607.0,309.1,0.0,298.7,2.0,32.7,0
1604.0,310.9,0.0,302.2,68.0,40.5,0
1406.0,311.2,0.0,300.4,22.0,43.6,0
1735.0,309.9,1.0,300.5,107.0,27.0,0
1600.0,309.1,1.0,299.3,52.0,35.3,0
1397.0,309.6,1.0,301.0,135.0,48.0,0
1587.0,310.6,0.0,301.5,122.0,33.7,0
1511.0,311.4,0.0,302.3,75.0,34.7,0
1418.0,312.4,0.0,303.6,128.0,46.0,0
1513.0,309.8,0.0,300.4,117.0,32.9,0
1567.0,311.5,0.0,302.2,168.0,33.1,0
1513.0,310.1,0.0,302.3,22.0,40.4,0
1526.0,305.8,1.0,295.4,181.0,38.2,0
1709.0,311.4,0.0,300.5,64.0,32.3,0
1922.0,310.7,0.0,299.6,205.0,23.3,1
1761.0,310.4,0.0,300.5,12.0,26.5,0
1405.0,312.6,1.0,303.5,62.0,51.6,0
1775.0,309.9,0.0,300.7,149.0,26.6,0
1704.0,310.3,0.0,300.3,0.0,29.5,0
1320.0,311.8,0.0,302.4,100.0,56.4,0
1460.0,310.0,0.0,298.3,101.0,47.6,0
1567.0,310.8,0.0,301.9,9.0,39.3,0
1501.0,312.0,0.0,302.7,77.0,37.0,0
1552.0,309.9,1.0,300.5,116.0,41.3,0
1351.0,309.9,0.0,297.8,181.0,49.0,0
1754.0,311.4,0.0,302.2,33.0,26.9,0
1497.0,308.6,0.0,297.5,91.0,43.9,0
1617.0,309.8,1.0,300.3,158.0,40.8,0
1886.0,310.1,0.0,299.0,13.0,21.2,0
1995.0,310.9,0.0,300.9,105.0,20.2,0
1366.0,308.6,0.0,297.2,74.0,50.4,0
1181.0,309.8,0.0,298.7,203.0,65.9,1
1402.0,309.9,0.0,299.5,58.0,51.7,0
1428.0,310.7,0.0,301.4,176.0,53.7,0
1509.0,310.8,0.0,300.5,153.0,33.0,0
1491.0,308.8,1.0,299.1,209.0,41.0,0
1868.0,310.3,1.0,300.8,95.0,24.5,0
1732.0,313.5,1.0,304.0,126.0,26.2,0
1416.0,310.3,1.0,300.9,152.0,50.9,0
1437.0,310.6,0.0,301.2,112.0,51.2,0
1731.0,308.1,1.0,297.3,42.0,27.7,0
1495.0,310.9,0.0,302.0,52.0,38.6,0
1345.0,309.1,1.0,299.9,10.0,56.8,0
1493.0,311.1,0.0,302.5,137.0,39.0,0
1504.0,311.1,0.0,301.3,2.0,39.1,0
1441.0,310.7,0.0,301.8,58.0,49.3,0
1960.0,311.4,1.0,300.2,20.0,20.9,0
1568.0,308.9,1.0,299.6,77.0,35.3,0
1515.0,309.0,0.0,299.2,228.0,48.9,1
1478.0,310.0,1.0,300.6,95.0,36.3,0
1526.0,309.8,0.0,300.2,175.0,45.6,0
1460.0,309.9,2.0,301.4,22.0,47.2,0
1864.0,311.7,2.0,300.7,47.0,23.6,0
1742.0,308.3,0.0,297.6,13.0,27.7,0
1282.0,308.9,0.0,297.8,108.0,58.1,0
1533.0,311.6,1.0,300.2,24.0,46.4,0
1680.0,308.3,1.0,298.1,185.0,33.7,0
1517.0,309.4,0.0,297.5,233.0,36.7,0
1517.0,311.3,1.0,299.8,105.0,41.2,0
1596.0,309.6,1.0,297.7,173.0,35.2,0
1425.0,310.4,0.0,301.5,7.0,54.4,0
1635.0,309.6,1.0,298.6,9.0,29.7,0
1559.0,310.4,0.0,301.4,196.0,36.0,0
1443.0,308.5,1.0,297.6,85.0,38.2,0
1317.0,311.0,0.0,302.4,179.0,59.4,0
1375.0,310.8,0.0,301.0,20.0,57.2,0
1587.0,312.3,0.0,301.1,115.0,34.5,0
1366.0,311.5,1.0,302.0,54.0,52.3,0
1571.0,311.7,0.0,300.3,123.0,31.2,0
1483.0,309.4,1.0,299.9,193.0,38.1,0
1695.0,310.8,1.0,300.9,188.0,30.2,0
1448.0,307.5,0.0,297.8,107.0,51.2,0
1411.0,310.3,0.0,299.1,74.0,42.1,0
1720.0,308.2,1.0,297.7,174.0,25.6,0
1507.0,310.3,0.0,299.0,173.0,36.7,0
1234.0,311.0,1.0,301.4,152.0,55.8,0
1394.0,310.6,0.0,301.5,206.0,46.5,0
1628.0,310.2,1.0,300.2,27.0,30.3,0
2042.0,309.0,1.0,298.1,129.0,17.8,0
1675.0,311.2,0.0,301.3,12.0,32.1,0
1418.0,308.5,0.0,297.4,52.0,51.2,0
1448.0,311.7,0.0,300.2,173.0,54.2,0
1429.0,310.2,1.0,300.1,206.0,42.0,0
1560.0,311.9,0.0,300.8,21.0,31.8,0
1609.0,307.9,1.0,297.1,166.0,38.9,0
1623.0,310.6,1.0,302.0,9.0,34.3,0
1437.0,313.1,1.0,303.9,110.0,48.3,0
1565.0,309.6,0.0,300.1,32.0,34.8,0
1774.0,308.3,1.0,297.4,166.0,28.9,0
1449.0,311.4,0.0,302.2,60.0,46.5,0
1427.0,311.6,2.0,300.3,8.0,56.2,0
1471.0,308.5,0.0,297.4,45.0,43.9,0
1393.0,309.9,0.0,298.6,38.0,45.5,0
1546.0,310.9,0.0,302.0,7.0,34.4,0
1418.0,307.9,1.0,296.8,127.0,47.9,0
1381.0,310.6,0.0,301.4,70.0,46.1,0
1460.0,309.2,1.0,298.1,80.0,45.8,0
1542.0,309.7,0.0,300.0,25.0,47.1,0
1432.0,309.1,1.0,297.8,17.0,42.6,0
1666.0,311.5,0.0,300.0,128.0,32.0,0
1403.0,307.5,2.0,296.4,94.0,52.8,0
1634.0,311.5,0.0,300.3,36.0,31.9,0
1334.0,308.1,1.0,297.5,151.0,72.0,1
1311.0,309.7,2.0,298.7,52.0,54.5,0
1829.0,311.4,0.0,303.1,159.0,24.5,0
1314.0,309.0,0.0,300.1,114.0,58.2,0
1263.0,312.0,1.0,300.5,146.0,60.8,0
1345.0,309.1,0.0,299.2,191.0,60.7,1
1576.0,309.1,1.0,298.4,167.0,38.8,0
1832.0,310.5,1.0,302.2,129.0,23.7,0
1511.0,307.6,0.0,298.2,209.0,31.0,1
1534.0,312.3,0.0,301.1,129.0,39.0,0
1456.0,308.8,1.0,298.2,150.0,41.2,0
1447.0,308.5,1.0,297.5,118.0,41.6,0
1654.0,310.2,0.0,298.9,158.0,31.1,0
1536.0,308.5,0.0,297.5,108.0,36.9,0
1549.0,308.7,0.0,297.3,218.0,36.1,0
1481.0,311.5,0.0,302.2,93.0,40.4,0
1752.0,309.4,1.0,300.2,208.0,27.8,0
1507.0,311.3,1.0,300.5,41.0,43.4,0
1675.0,309.6,1.0,300.4,164.0,35.5,0
1750.0,307.9,1.0,298.0,67.0,26.6,0
1394.0,312.6,1.0,302.9,82.0,46.4,0
1370.0,308.5,0.0,299.2,61.0,52.4,0
1512.0,308.4,0.0,297.8,181.0,39.9,0
1468.0,310.2,0.0,299.6,9.0,48.0,0
1447.0,311.1,0.0,302.2,174.0,52.1,0
1975.0,310.8,0.0,301.0,17.0,19.7,0
1521.0,310.7,1.0,302.4,152.0,40.4,0
1424.0,307.7,1.0,298.1,103.0,47.7,0
1308.0,307.7,0.0,297.9,87.0,55.2,0
1650.0,310.6,0.0,301.8,126.0,31.9,0
1560.0,307.1,0.0,296.3,186.0,33.2,0
1504.0,312.9,0.0,303.5,111.0,44.8,0
1406.0,311.7,0.0,300.3,14.0,47.5,0
1642.0,310.2,0.0,302.4,88.0,28.3,0
1364.0,307.7,1.0,297.9,89.0,46.8,0
1623.0,306.1,2.0,295.6,210.0,30.9,0
1547.0,311.5,1.0,300.2,66.0,40.9,0
1536.0,307.8,0.0,297.1,92.0,40.4,0
1532.0,309.8,0.0,302.0,2.0,39.4,0
1440.0,310.7,1.0,299.3,146.0,45.5,0
1428.0,310.5,0.0,301.1,103.0,44.1,0
1429.0,310.7,0.0,301.9,76.0,51.0,0
1555.0,310.1,2.0,299.0,118.0,38.6,0
1410.0,309.6,0.0,301.9,223.0,49.0,0
1418.0,311.2,1.0,302.0,17.0,49.5,0
1748.0,307.2,0.0,296.4,144.0,25.3,0
1528.0,309.0,0.0,297.9,54.0,37.5,0
1545.0,308.7,2.0,297.9,120.0,35.9,0
1529.0,310.2,0.0,300.4,10.0,36.2,0
1574.0,309.5,0.0,297.6,151.0,30.9,0
1486.0,308.0,0.0,298.3,86.0,42.3,0
1689.0,310.4,0.0,301.4,110.0,30.6,0
1620.0,308.0,1.0,298.0,75.0,29.4,0
1417.0,308.8,0.0,297.5,177.0,49.8,0
1279.0,308.1,0.0,298.4,9.0,53.1,0
1535.0,307.9,0.0,296.9,133.0,39.2,0
1491.0,310.9,0.0,299.7,195.0,40.1,0
1439.0,308.6,0.0,297.4,114.0,46.4,0
1758.0,311.3,2.0,302.2,4.0,26.4,0
1946.0,308.6,0.0,299.0,102.0,22.3,0
1326.0,308.9,1.0,298.2,75.0,54.4,0
1305.0,308.8,0.0,298.5,26.0,58.7,0
1619.0,308.7,0.0,298.0,45.0,40.1,0
1392.0,308.7,1.0,298.0,104.0,53.4,0
1406.0,307.4,2.0,296.6,189.0,41.5,0
1584.0,313.2,0.0,304.0,104.0,38.7,0
1381.0,312.9,0.0,303.6,27.0,57.8,0
1412.0,309.4,1.0,299.8,130.0,47.8,0
1633.0,309.4,0.0,299.8,29.0,27.5,0
1450.0,310.4,0.0,299.1,85.0,40.9,0
1483.0,308.5,0.0,297.1,203.0,46.9,0
1529.0,311.0,0.0,301.8,12.0,41.6,0
1345.0,309.3,0.0,300.3,192.0,53.5,0
1488.0,309.3,1.0,298.5,189.0,43.7,0
1331.0,308.6,0.0,298.8,81.0,62.8,0
1424.0,308.3,2.0,299.1,16.0,43.4,0
1400.0,309.3,2.0,297.7,147.0,48.9,0
1549.0,310.8,1.0,300.8,79.0,35.5,0
1609.0,310.2,0.0,299.2,156.0,33.2,0
1923.0,310.2,0.0,302.6,18.0,21.5,0
1332.0,309.2,1.0,298.2,147.0,60.2,0
1809.0,312.4,1.0,301.1,126.0,25.1,0
1470.0,311.1,1.0,301.1,159.0,40.6,0
1613.0,310.2,1.0,300.4,231.0,36.9,0
1386.0,308.5,1.0,299.3,30.0,42.2,0
1533.0,309.8,0.0,297.8,198.0,36.8,0
1844.0,313.3,1.0,304.0,88.0,27.1,0
1351.0,311.2,0.0,300.0,206.0,44.1,0
1473.0,312.3,0.0,302.8,232.0,42.6,0
1399.0,311.0,0.0,301.0,190.0,58.0,1
1387.0,307.5,1.0,298.0,166.0,45.5,0
1780.0,308.7,0.0,298.2,35.0,27.9,0
1406.0,311.1,0.0,302.0,187.0,50.5,0
1618.0,311.1,1.0,299.7,125.0,30.3,0
1427.0,310.4,0.0,300.9,65.0,47.0,0
1538.0,309.0,0.0,297.7,30.0,43.2,0
1642.0,310.0,0.0,301.8,201.0,32.6,0
1405.0,310.7,0.0,301.9,78.0,48.8,0
1449.0,308.5,1.0,297.9,157.0,40.8,0
1497.0,308.5,0.0,297.3,27.0,47.5,0
1612.0,309.3,0.0,300.3,158.0,36.0,0
1474.0,307.3,0.0,296.6,158.0,40.0,0
1497.0,311.4,2.0,299.9,162.0,37.0,0
1390.0,311.9,2.0,300.3,194.0,49.0,0
1368.0,311.8,0.0,300.5,191.0,57.9,1
1786.0,310.1,0.0,298.7,114.0,27.7,0
1871.0,308.9,0.0,297.8,200.0,25.6,1
1564.0,310.8,0.0,301.6,150.0,34.1,0
1663.0,312.3,0.0,303.4,78.0,33.9,0
1987.0,311.5,0.0,302.1,21.0,20.1,0
1664.0,310.8,1.0,301.6,58.0,32.0,0
1336.0,308.3,0.0,297.4,61.0,53.7,0
1374.0,309.8,2.0,300.2,8.0,47.7,0
1469.0,308.4,0.0,297.3,65.0,46.7,0
1505.0,311.0,1.0,301.7,187.0,44.0,0
1411.0,313.4,1.0,304.2,44.0,54.8,0
1428.0,310.5,1.0,299.1,53.0,43.0,0
1972.0,309.3,0.0,300.0,175.0,22.0,0
1389.0,311.7,1.0,300.6,210.0,52.1,0
1294.0,310.5,2.0,298.8,202.0,55.8,0
1809.0,310.5,0.0,301.6,40.0,25.5,0
1683.0,307.9,1.0,296.8,76.0,31.8,0
1348.0,311.3,1.0,300.7,35.0,53.0,0
1332.0,311.3,0.0,300.3,112.0,60.5,0
1389.0,310.0,0.0,298.8,149.0,49.6,0
1969.0,313.1,0.0,304.1,59.0,20.8,0
1918.0,310.4,0.0,301.5,9.0,21.8,0
1352.0,309.5,1.0,300.7,126.0,44.0,0
1430.0,311.4,0.0,302.2,29.0,43.1,0
1648.0,310.3,0.0,300.6,217.0,30.5,1
1393.0,309.7,0.0,298.7,99.0,45.7,0
1424.0,310.7,0.0,301.5,22.0,51.1,0
1387.0,308.5,0.0,298.9,154.0,57.3,0
1899.0,310.9,0.0,301.8,31.0,24.7,0
1634.0,311.2,0.0,302.9,71.0,36.9,0
1589.0,308.5,0.0,299.3,74.0,32.7,0
1570.0,309.0,0.0,297.4,154.0,37.9,0
1347.0,311.9,1.0,302.5,125.0,54.3,0
1692.0,309.3,1.0,298.5,118.0,26.7,0
1430.0,311.0,2.0,301.9,174.0,49.8,0
1523.0,310.7,0.0,300.9,205.0,35.8,0
1430.0,311.2,0.0,300.8,85.0,54.4,0
1574.0,308.6,1.0,298.9,128.0,33.5,0
1457.0,310.1,0.0,301.1,215.0,39.6,0
1488.0,309.7,0.0,300.4,177.0,35.7,0
1666.0,310.4,0.0,302.4,125.0,29.7,0
1380.0,310.5,0.0,301.5,160.0,48.7,0
1476.0,311.1,2.0,302.2,96.0,39.6,0
1539.0,309.5,0.0,300.2,80.0,35.3,0
1454.0,308.7,0.0,297.5,19.0,45.0,0
1455.0,308.7,0.0,297.6,145.0,48.2,0
1323.0,308.9,1.0,298.1,88.0,51.7,0
1601.0,308.3,0.0,299.1,121.0,31.4,0
1572.0,310.1,1.0,302.2,17.0,34.6,0
1519.0,310.2,0.0,300.6,69.0,44.6,0
1365.0,309.2,0.0,297.7,170.0,58.6,0
1666.0,310.1,1.0,301.2,37.0,34.9,0
1643.0,308.6,1.0,297.4,89.0,31.0,0
1646.0,310.5,0.0,300.5,63.0,34.5,0
1476.0,311.7,0.0,303.4,180.0,42.3,0
1853.0,310.9,0.0,299.6,166.0,26.3,0
1348.0,310.8,0.0,300.4,146.0,56.0,0
1606.0,307.4,2.0,298.0,195.0,35.2,0
1829.0,309.0,0.0,298.8,172.0,22.9,0
1793.0,308.4,2.0,297.5,28.0,23.9,0
1274.0,312.0,1.0,300.8,159.0,67.3,0
1289.0,308.4,0.0,297.7,82.0,51.3,0
1349.0,310.4,0.0,302.5,187.0,55.1,1
1563.0,310.5,1.0,301.4,83.0,39.9,0
1327.0,308.9,0.0,298.6,9.0,58.8,0
1522.0,313.0,0.0,303.6,133.0,35.8,0
1693.0,308.4,0.0,299.1,65.0,31.6,0
1341.0,308.8,0.0,299.3,199.0,47.7,0
1621.0,310.6,0.0,301.6,137.0,33.7,0
1618.0,312.9,1.0,303.5,130.0,30.4,0
1441.0,309.8,0.0,300.5,200.0,48.8,0
1365.0,310.9,0.0,301.5,172.0,46.5,0
1544.0,307.9,0.0,298.4,132.0,35.9,0
1427.0,311.1,0.0,300.7,137.0,50.3,0
1472.0,309.8,0.0,301.6,91.0,42.5,0
1801.0,308.3,0.0,297.4,11.0,26.9,0
1449.0,311.6,0.0,303.4,132.0,41.7,0
1763.0,311.2,0.0,303.3,27.0,27.3,0
1595.0,308.3,0.0,297.6,41.0,34.3,0
1638.0,308.9,0.0,298.4,109.0,32.4,0
1364.0,309.2,1.0,300.3,45.0,47.6,0
1619.0,312.2,0.0,303.7,92.0,34.9,0
1491.0,309.0,0.0,299.3,115.0,38.4,0
1726.0,308.4,0.0,297.1,202.0,28.4,0
1557.0,311.8,1.0,302.3,185.0,34.1,0
1762.0,310.1,0.0,300.0,202.0,28.0,0
1850.0,308.2,0.0,298.4,194.0,27.0,0
1405.0,311.2,1.0,302.3,88.0,47.7,0
1276.0,310.4,1.0,301.5,158.0,55.6,0
1781.0,310.0,1.0,301.8,198.0,23.9,0
2092.0,310.7,0.0,301.8,51.0,18.6,0
1695.0,310.2,0.0,299.1,8.0,29.6,0
1636.0,310.9,0.0,302.8,38.0,35.0,0
1617.0,309.5,0.0,297.6,42.0,36.2,0
1459.0,308.3,1.0,297.5,34.0,45.2,0
1335.0,312.7,0.0,303.7,161.0,51.1,0
1710.0,312.8,0.0,303.6,14.0,27.2,0
1460.0,310.8,0.0,300.8,41.0,53.8,0
1386.0,310.6,0.0,302.2,132.0,50.0,0
2514.0,310.4,0.0,300.6,215.0,13.4,0
1548.0,311.0,0.0,301.7,21.0,40.3,0
1590.0,312.3,0.0,300.7,93.0,36.3,0
2250.0,308.7,0.0,299.0,208.0,16.6,0
1443.0,312.1,0.0,303.7,74.0,45.9,0
1605.0,311.8,0.0,302.3,152.0,35.2,0
1444.0,308.4,1.0,298.3,178.0,47.5,0
1530.0,313.3,0.0,304.0,211.0,34.8,0
1546.0,308.7,1.0,297.5,123.0,38.0,0
1827.0,310.8,0.0,302.2,9.0,23.8,0
1970.0,309.0,1.0,297.9,37.0,21.6,0
1361.0,310.1,0.0,302.0,174.0,45.4,1
1281.0,308.8,0.0,298.9,77.0,53.9,0
1509.0,310.8,1.0,301.3,25.0,40.1,0
1373.0,307.8,0.0,296.8,74.0,42.9,0
1546.0,309.6,0.0,300.1,77.0,36.7,0
1397.0,309.4,0.0,298.1,63.0,48.2,0
1452.0,313.3,0.0,304.1,182.0,43.9,0
1455.0,310.7,0.0,300.6,82.0,40.6,0
1624.0,311.1,0.0,301.3,0.0,40.9,0
1604.0,308.5,1.0,297.2,158.0,40.7,0
1504.0,309.1,0.0,297.9,4.0,43.0,0
1460.0,310.3,0.0,301.3,197.0,41.5,0
1567.0,312.6,1.0,303.1,132.0,32.9,0
1480.0,313.0,0.0,303.9,176.0,39.9,0
1527.0,308.5,0.0,298.8,3.0,36.2,0
1582.0,309.7,2.0,300.3,144.0,30.8,0
1351.0,310.2,0.0,302.4,168.0,45.1,1
1614.0,310.1,0.0,300.4,191.0,33.5,0
1390.0,310.5,0.0,301.3,63.0,45.8,0
1420.0,311.2,0.0,302.0,192.0,45.8,0
1479.0,310.8,0.0,300.7,71.0,49.1,0
1716.0,309.8,0.0,299.9,117.0,28.2,0
1638.0,310.3,0.0,299.9,152.0,29.1,0
1475.0,309.3,0.0,300.5,94.0,46.8,0
1582.0,308.3,1.0,299.2,107.0,45.5,0
1668.0,307.2,0.0,297.7,5.0,37.8,0
1547.0,309.7,0.0,298.7,0.0,37.4,0
1667.0,308.7,1.0,298.3,18.0,28.6,0
1615.0,312.2,1.0,302.8,159.0,32.9,0
1616.0,309.7,0.0,300.5,155.0,34.5,0
1679.0,306.6,0.0,295.9,117.0,30.4,0
1353.0,312.2,1.0,302.6,168.0,56.5,0
1319.0,309.6,0.0,300.4,26.0,48.1,0
1511.0,308.9,0.0,299.0,16.0,35.9,0
1547.0,308.7,1.0,298.1,0.0,38.9,0
1648.0,311.5,1.0,301.3,0.0,32.4,0
1449.0,308.7,0.0,297.7,95.0,40.2,0
1501.0,308.3,1.0,297.3,2.0,38.2,0
1612.0,311.2,2.0,300.8,143.0,32.5,0
1687.0,309.5,0.0,298.6,47.0,29.3,0
1790.0,313.1,2.0,303.9,17.0,26.7,0
2280.0,310.1,1.0,301.2,11.0,15.7,0
1419.0,311.9,0.0,300.7,179.0,47.7,0
1524.0,308.0,0.0,298.0,49.0,37.0,0
1393.0,308.1,0.0,297.9,193.0,50.3,0
1603.0,312.1,2.0,302.7,148.0,32.5,0
1405.0,312.2,0.0,302.7,157.0,51.4,0
1651.0,309.9,1.0,300.0,114.0,28.1,0
1319.0,308.7,0.0,297.6,141.0,50.9,0
1369.0,310.3,2.0,300.7,12.0,50.7,0
1515.0,312.3,0.0,302.9,183.0,40.8,0
1382.0,307.8,0.0,296.7,37.0,47.5,0
1419.0,310.3,0.0,301.3,125.0,55.7,0
1452.0,307.8,0.0,297.8,21.0,39.8,0
1809.0,308.9,0.0,297.4,131.0,23.8,0
1472.0,311.3,0.0,301.0,73.0,35.3,0
1413.0,309.7,1.0,300.2,137.0,43.0,0
1470.0,313.5,1.0,304.1,85.0,45.8,0
1548.0,311.5,0.0,302.2,81.0,32.4,0
1753.0,311.7,0.0,300.8,8.0,29.0,0
1425.0,313.1,0.0,303.9,199.0,49.3,0
1701.0,313.0,2.0,304.0,171.0,30.4,0
1668.0,311.2,0.0,301.3,18.0,30.1,0
1438.0,309.6,1.0,298.5,124.0,44.5,0
1553.0,309.5,1.0,297.5,60.0,42.4,0
1504.0,312.4,1.0,303.6,109.0,49.5,0
1577.0,311.0,1.0,301.5,118.0,39.7,0
1404.0,313.1,0.0,304.0,90.0,47.1,0
1379.0,310.1,1.0,302.1,166.0,48.2,1
1367.0,309.4,1.0,300.6,45.0,63.2,1
1809.0,312.3,1.0,302.9,180.0,25.0,0
1530.0,309.4,2.0,300.4,112.0,40.4,0
1567.0,313.3,1.0,303.9,168.0,35.0,0
1892.0,308.3,0.0,299.1,34.0,25.2,0
1701.0,311.6,2.0,302.1,46.0,26.2,0
1896.0,308.8,0.0,297.7,186.0,24.5,0
1500.0,308.6,1.0,298.8,210.0,37.1,0
1874.0,309.0,0.0,297.7,28.0,24.4,0
2354.0,313.0,0.0,304.0,117.0,15.0,0
1335.0,312.2,2.0,300.7,62.0,49.0,0
1500.0,310.5,1.0,300.4,9.0,43.0,0
1771.0,308.6,0.0,298.9,213.0,24.1,0
1889.0,311.1,0.0,301.1,170.0,23.8,0
1800.0,311.2,0.0,303.0,61.0,23.7,0
1337.0,307.9,0.0,296.8,5.0,56.5,0
1454.0,311.1,0.0,301.3,191.0,40.3,0
1392.0,310.8,0.0,301.2,23.0,52.6,0
1491.0,308.1,0.0,298.4,156.0,50.0,0
1645.0,308.6,1.0,299.0,22.0,33.4,0
1529.0,310.6,0.0,301.3,176.0,41.8,0
1994.0,309.9,1.0,300.5,189.0,19.8,0
1555.0,309.4,0.0,299.8,122.0,34.8,0
1572.0,309.2,0.0,299.8,158.0,35.4,0
1642.0,309.9,0.0,298.1,58.0,30.4,0
1681.0,307.8,0.0,297.1,181.0,27.6,0
1793.0,311.3,0.0,303.0,157.0,29.3,0
1317.0,310.9,1.0,301.9,40.0,51.9,0
1525.0,312.5,2.0,303.8,209.0,38.0,0
1500.0,311.5,0.0,300.2,17.0,40.8,0
1707.0,311.8,1.0,300.4,165.0,30.0,0
1420.0,312.8,1.0,303.8,200.0,47.9,0
1469.0,312.2,1.0,302.8,143.0,36.9,0
1496.0,308.3,0.0,297.1,190.0,45.8,0
1476.0,308.7,0.0,297.6,44.0,39.0,0
1905.0,311.1,0.0,302.4,77.0,20.9,0
1486.0,311.7,1.0,302.3,147.0,39.6,0
1394.0,310.7,1.0,301.2,168.0,42.8,0
1880.0,308.4,1.0,297.1,155.0,23.5,0
1575.0,310.9,1.0,301.0,150.0,34.6,0
1546.0,310.4,0.0,298.9,159.0,37.7,0
1496.0,308.5,0.0,297.4,126.0,36.4,0
1470.0,312.4,0.0,300.7,56.0,38.6,0
1432.0,309.6,0.0,301.8,138.0,43.7,0
1438.0,310.8,2.0,302.3,119.0,43.8,0
1297.0,308.6,0.0,298.7,148.0,55.3,0
1763.0,312.1,0.0,302.7,184.0,26.5,0
1297.0,311.1,1.0,302.7,125.0,60.7,1
1880.0,307.2,0.0,297.8,176.0,23.0,0
1474.0,308.1,0.0,297.2,152.0,44.3,0
1477.0,309.8,1.0,298.8,59.0,46.7,0
2027.0,309.5,1.0,297.7,39.0,19.8,0
1545.0,310.6,0.0,301.7,68.0,42.1,0
1434.0,311.2,1.0,301.4,52.0,47.6,0
1483.0,308.1,1.0,296.9,219.0,44.3,0
1518.0,310.8,2.0,300.7,142.0,40.1,0
1478.0,310.3,1.0,300.2,45.0,38.1,0
1478.0,312.0,0.0,300.5,153.0,39.0,0
1581.0,310.4,1.0,302.5,181.0,32.7,0
1944.0,312.0,1.0,302.7,71.0,21.4,0
1434.0,310.6,2.0,299.2,153.0,48.4,0
1691.0,310.8,1.0,301.8,62.0,33.4,0
1623.0,309.7,2.0,300.7,0.0,32.7,0
1729.0,309.5,0.0,300.2,131.0,28.4,0
1450.0,311.4,1.0,300.2,68.0,38.5,0
1515.0,311.8,1.0,303.4,204.0,42.6,0
1721.0,310.1,0.0,298.6,5.0,27.2,0
1581.0,309.4,1.0,300.6,117.0,35.7,0
1473.0,313.1,1.0,303.9,97.0,42.8,0
1712.0,311.6,0.0,303.4,182.0,30.1,0
1434.0,310.5,0.0,300.8,89.0,44.5,0
1365.0,309.9,0.0,298.9,75.0,46.5,0
1447.0,312.0,1.0,300.9,193.0,41.4,0
1597.0,306.0,0.0,295.5,16.0,37.2,0
2825.0,310.2,0.0,301.8,215.0,5.8,1
1485.0,310.7,1.0,300.9,181.0,41.0,0
1446.0,309.0,1.0,298.2,80.0,45.8,0
1356.0,311.0,0.0,301.9,119.0,45.7,0
1783.0,309.2,1.0,298.3,130.0,28.3,0
1386.0,311.6,1.0,302.2,69.0,50.5,0
1368.0,309.4,2.0,297.5,129.0,45.3,0
1411.0,310.3,1.0,302.5,110.0,49.5,0
1574.0,312.2,0.0,302.5,30.0,38.7,0
1512.0,310.0,1.0,298.6,27.0,37.5,0
1450.0,308.7,2.0,298.5,28.0,43.9,0
1493.0,310.7,0.0,301.7,87.0,51.1,0
1657.0,311.2,0.0,301.9,23.0,29.1,0
1373.0,308.4,0.0,298.7,60.0,46.9,0
1465.0,307.4,0.0,296.6,187.0,47.8,0
1657.0,310.2,1.0,299.0,64.0,32.3,0
1475.0,311.3,0.0,300.5,49.0,46.3,0
1501.0,308.6,0.0,298.8,55.0,35.0,0
1598.0,310.6,0.0,300.9,186.0,35.4,0
1289.0,308.7,1.0,299.3,185.0,51.5,0
1497.0,308.0,0.0,296.8,231.0,41.7,0
1703.0,307.9,0.0,298.3,147.0,28.9,0
1414.0,306.2,2.0,295.6,69.0,42.5,0
1486.0,308.6,1.0,298.8,92.0,41.9,0
1809.0,310.5,0.0,302.0,175.0,27.1,0
1409.0,309.0,1.0,298.0,85.0,49.1,0
1446.0,308.6,0.0,297.4,88.0,48.1,0
1445.0,310.2,0.0,302.4,125.0,46.4,0
1432.0,308.6,2.0,298.3,91.0,49.5,0
2007.0,308.2,0.0,297.7,181.0,19.3,0
1665.0,307.9,0.0,298.1,7.0,32.0,0
1629.0,310.4,0.0,299.3,177.0,32.6,0
1425.0,311.6,1.0,303.4,184.0,45.4,0
1537.0,310.3,0.0,300.8,52.0,33.3,0
1573.0,311.4,0.0,301.0,103.0,37.6,0
1412.0,309.9,0.0,300.7,155.0,45.3,0
1627.0,310.9,1.0,302.3,0.0,32.3,0
1702.0,308.2,1.0,297.0,124.0,30.7,0
1354.0,310.8,0.0,300.5,157.0,51.8,0
1420.0,311.1,0.0,303.1,113.0,55.8,0
1512.0,312.1,0.0,300.8,169.0,37.1,0
1431.0,310.6,0.0,300.2,113.0,42.3,0
1550.0,308.3,0.0,297.3,54.0,37.0,0
1708.0,310.4,0.0,301.9,17.0,24.8,0
1459.0,310.4,0.0,301.3,92.0,44.7,0
1617.0,310.7,1.0,301.4,101.0,34.3,0
1533.0,310.8,0.0,300.6,117.0,38.5,0
1365.0,312.4,0.0,300.8,129.0,44.5,0
1504.0,309.2,0.0,299.8,212.0,38.7,0
1467.0,308.9,0.0,299.1,218.0,47.2,0
1356.0,309.7,0.0,298.6,6.0,54.0,0
1681.0,308.8,0.0,297.9,94.0,31.7,0
1288.0,310.6,0.0,300.7,216.0,47.2,0
1911.0,308.4,0.0,298.0,13.0,22.0,0
1482.0,311.5,2.0,302.2,16.0,42.6,0
2595.0,310.0,0.0,300.9,207.0,13.7,0
1255.0,309.5,0.0,300.5,138.0,62.1,0
1363.0,310.6,0.0,298.9,190.0,52.6,0
1480.0,311.7,0.0,302.7,8.0,45.2,0
1359.0,310.7,1.0,301.5,115.0,47.1,0
1420.0,309.0,1.0,299.3,155.0,41.6,0
1597.0,308.3,0.0,298.3,69.0,32.4,0
1306.0,311.9,0.0,302.5,172.0,59.7,0
1642.0,312.6,1.0,303.5,18.0,29.4,0
1515.0,310.9,0.0,301.0,6.0,37.3,0
1497.0,309.0,1.0,297.4,144.0,41.8,0
1496.0,307.9,1.0,298.1,0.0,40.0,0
1468.0,311.3,1.0,300.5,34.0,41.1,0
1465.0,310.8,0.0,302.3,7.0,43.8,0
1503.0,310.5,0.0,301.3,72.0,48.6,0
1388.0,313.1,2.0,304.0,91.0,53.2,0
1500.0,310.8,0.0,301.5,118.0,41.0,0
1469.0,308.6,1.0,297.4,80.0,42.6,0
1452.0,310.4,0.0,299.1,151.0,39.7,0
1457.0,310.2,0.0,301.8,213.0,40.4,0
1400.0,310.2,0.0,302.4,175.0,53.7,0
1586.0,313.2,2.0,304.1,139.0,34.6,0
1457.0,312.0,2.0,302.4,23.0,43.4,0
1434.0,309.4,0.0,300.1,127.0,47.3,0
1479.0,308.0,2.0,298.0,70.0,50.7,0
1406.0,312.9,1.0,303.7,48.0,41.9,0
1631.0,309.4,2.0,298.3,0.0,29.8,0
1451.0,311.2,2.0,301.8,70.0,39.4,0
1537.0,308.1,0.0,297.0,103.0,39.0,0
1486.0,309.2,2.0,298.3,16.0,42.4,0
1753.0,310.1,0.0,302.1,176.0,28.9,0
1435.0,307.7,0.0,298.0,184.0,45.6,0
1376.0,308.6,1.0,298.0,214.0,55.7,0
1375.0,307.8,1.0,296.7,108.0,51.4,0
1479.0,310.6,1.0,301.1,72.0,41.1,0
1348.0,310.6,0.0,299.4,22.0,54.5,0
1456.0,310.0,1.0,298.9,15.0,43.8,0
2174.0,312.7,1.0,303.6,37.0,17.6,0
1465.0,307.4,0.0,296.3,215.0,47.1,0
1453.0,311.7,1.0,302.3,56.0,42.5,0
1338.0,307.6,0.0,296.8,128.0,44.4,0
1458.0,308.3,2.0,298.4,15.0,42.9,0
1551.0,310.7,0.0,299.4,3.0,41.2,0
1989.0,310.7,0.0,301.4,19.0,21.8,0
1863.0,309.1,0.0,299.5,79.0,22.5,0
1584.0,310.3,0.0,299.0,83.0,34.4,0
1524.0,309.2,1.0,298.2,161.0,34.6,0
1583.0,309.0,0.0,297.9,104.0,36.7,0
1547.0,309.7,1.0,300.4,181.0,38.0,0
