x0,x1,x2,x3,x4,x5,y
1.0,301.2,310.0,1445.0,45.6,18.0,0
1.0,297.7,309.0,1636.0,29.7,32.0,0
1.0,301.0,311.5,1550.0,34.9,162.0,0
0.0,299.1,308.6,1260.0,57.8,152.0,0
0.0,295.8,306.5,1358.0,49.2,63.0,0
1.0,300.3,309.6,1524.0,38.4,54.0,0
0.0,297.2,308.5,1446.0,43.7,171.0,0
0.0,300.6,310.3,1414.0,50.6,25.0,0
0.0,298.4,308.9,1402.0,44.8,201.0,0
0.0,304.2,313.6,1469.0,40.0,154.0,0
2.0,302.4,311.6,1544.0,39.1,70.0,0
1.0,299.1,310.2,1711.0,28.1,17.0,0
1.0,298.1,307.8,1514.0,43.5,78.0,0
1.0,298.8,310.1,1585.0,31.3,147.0,0
1.0,302.0,310.5,1425.0,44.7,76.0,0
0.0,301.6,310.9,1492.0,45.2,155.0,0
1.0,298.8,309.2,1452.0,48.6,98.0,0
0.0,300.3,311.7,1821.0,26.3,202.0,0
0.0,298.0,308.5,1702.0,26.7,203.0,0
1.0,298.3,309.0,1505.0,41.3,93.0,0
2.0,300.9,310.4,1457.0,43.8,69.0,0
0.0,300.9,310.4,1541.0,39.1,17.0,0
0.0,300.5,311.4,1445.0,41.5,66.0,0
0.0,298.9,308.2,1828.0,23.8,26.0,0
0.0,300.1,310.6,1809.0,24.3,97.0,0
2.0,297.7,307.3,1514.0,38.6,19.0,0
1.0,300.7,310.6,1474.0,37.0,33.0,0
0.0,297.8,307.2,1498.0,38.1,188.0,0
0.0,301.4,310.1,1937.0,21.8,205.0,0
1.0,298.9,309.0,1812.0,25.9,174.0,0
0.0,296.8,307.9,1420.0,45.4,70.0,0
2.0,299.4,309.2,1513.0,36.1,212.0,0
0.0,295.7,306.3,1490.0,34.3,97.0,0
0.0,300.5,309.6,1366.0,50.2,219.0,0
0.0,297.5,308.5,1691.0,33.1,9.0,0
0.0,302.1,311.4,1549.0,44.6,31.0,0
0.0,297.9,307.8,1451.0,38.2,80.0,0
0.0,299.0,310.2,1516.0,35.3,102.0,0
0.0,298.7,308.5,1483.0,42.5,46.0,0
0.0,298.9,308.5,1387.0,57.3,154.0,0
0.0,299.4,309.3,1377.0,43.6,28.0,0
0.0,299.3,308.8,1647.0,32.9,172.0,0
0.0,302.0,310.6,1467.0,44.9,86.0,0
0.0,302.3,311.0,1446.0,37.6,75.0,0
0.0,297.4,308.3,1284.0,60.3,50.0,0
1.0,302.4,311.3,1312.0,61.5,85.0,0
1.0,299.3,309.3,1523.0,37.9,204.0,0
0.0,300.7,310.9,1535.0,37.1,113.0,0
0.0,302.4,311.1,1634.0,34.2,184.0,0
1.0,298.2,308.8,1626.0,40.4,20.0,0
0.0,300.6,310.2,1489.0,47.8,21.0,0
0.0,301.8,311.3,1471.0,44.2,148.0,0
0.0,301.1,311.1,1470.0,40.9,125.0,0
0.0,298.6,309.7,1703.0,26.1,5.0,0
2.0,301.6,310.5,1602.0,32.3,2.0,0
1.0,300.6,312.1,1293.0,52.3,49.0,0
0.0,301.5,310.5,1593.0,32.9,155.0,0
0.0,296.9,308.0,1343.0,44.5,15.0,0
0.0,301.0,310.7,1391.0,45.0,123.0,0
1.0,304.1,313.2,1510.0,46.9,152.0,0
0.0,303.9,313.2,1393.0,46.5,9.0,0
0.0,297.6,308.6,1526.0,42.1,57.0,0
0.0,301.5,310.5,1644.0,34.9,186.0,0
0.0,301.6,311.1,1680.0,29.2,111.0,0
0.0,301.9,310.8,1540.0,37.6,83.0,0
1.0,300.4,309.7,1466.0,39.8,184.0,0
0.0,300.1,309.4,1568.0,39.7,42.0,0
0.0,300.8,310.8,1407.0,45.1,51.0,0
2.0,298.9,308.4,1632.0,31.8,17.0,0
1.0,298.6,308.3,1589.0,34.1,174.0,0
0.0,298.2,307.8,1804.0,25.1,108.0,0
0.0,298.2,307.8,1528.0,31.1,194.0,0
0.0,300.8,312.6,1422.0,50.0,117.0,0
0.0,298.6,309.6,1715.0,28.4,90.0,0
0.0,296.8,307.8,1573.0,36.4,126.0,0
1.0,302.2,311.7,1653.0,31.4,2.0,0
0.0,299.6,309.4,1677.0,31.1,191.0,0
0.0,296.5,307.4,1292.0,52.5,62.0,0
2.0,299.8,310.2,1411.0,49.7,161.0,0
1.0,296.0,306.6,1392.0,51.3,124.0,0
0.0,300.6,311.3,1531.0,38.5,0.0,0
0.0,302.3,311.7,1648.0,32.1,197.0,0
1.0,300.8,311.2,1434.0,39.1,82.0,0
0.0,299.0,310.2,1690.0,30.7,244.0,0
0.0,301.0,310.4,1614.0,31.6,84.0,0
1.0,301.4,310.6,1464.0,48.6,96.0,0
0.0,301.2,311.0,1544.0,39.3,217.0,0
0.0,300.6,312.0,1406.0,55.1,136.0,0
0.0,302.2,311.4,1449.0,46.5,60.0,0
0.0,299.4,308.7,1512.0,37.2,126.0,0
0.0,297.3,308.7,1551.0,40.0,125.0,0
0.0,300.2,311.4,1331.0,49.8,143.0,0
0.0,300.9,310.7,1427.0,44.1,141.0,0
0.0,303.7,313.0,1811.0,24.3,209.0,0
0.0,298.1,308.9,1351.0,52.4,102.0,0
1.0,298.8,309.9,1495.0,35.2,214.0,0
0.0,298.2,308.8,1540.0,34.8,32.0,0
0.0,297.8,307.8,1412.0,48.3,27.0,0
0.0,298.2,309.0,1601.0,35.8,43.0,0
0.0,303.5,312.3,1404.0,48.6,193.0,0
0.0,297.1,307.8,1454.0,50.6,94.0,0
0.0,301.5,311.1,1469.0,49.5,107.0,0
0.0,296.5,307.5,1340.0,59.1,89.0,0
1.0,297.2,308.6,1444.0,41.1,56.0,0
0.0,302.3,311.7,1510.0,38.7,141.0,0
0.0,304.1,313.2,1468.0,39.4,148.0,0
1.0,302.3,311.0,1578.0,33.5,158.0,0
2.0,303.4,311.9,1534.0,33.2,210.0,0
0.0,301.3,310.0,1550.0,41.5,197.0,0
0.0,298.8,309.7,1505.0,39.0,131.0,0
0.0,301.3,310.7,1516.0,46.0,119.0,0
1.0,298.1,308.7,1527.0,43.0,56.0,0
0.0,302.9,311.0,1820.0,24.6,128.0,0
0.0,297.4,308.8,1651.0,34.1,163.0,0
1.0,300.5,309.9,1466.0,53.2,172.0,0
0.0,300.6,310.2,1555.0,41.9,19.0,0
0.0,300.7,310.8,1519.0,43.9,55.0,0
0.0,296.9,307.8,1425.0,49.1,163.0,0
1.0,303.4,312.2,1972.0,23.5,59.0,0
0.0,302.3,311.5,1448.0,49.6,28.0,0
0.0,299.5,309.3,1523.0,41.5,181.0,0
1.0,303.8,312.8,1420.0,47.9,200.0,0
1.0,298.1,307.7,1498.0,38.3,81.0,0
0.0,301.3,310.6,1376.0,47.6,45.0,0
1.0,298.7,309.8,1528.0,36.7,197.0,0
0.0,299.3,308.5,1409.0,44.8,91.0,0
0.0,297.6,309.0,1487.0,45.4,64.0,0
1.0,299.3,310.7,1440.0,45.5,146.0,0
0.0,302.0,311.0,1566.0,37.8,218.0,0
2.0,300.0,311.4,1641.0,34.5,155.0,0
1.0,298.9,308.6,1425.0,49.6,35.0,0
1.0,301.7,310.7,1442.0,41.1,89.0,0
0.0,298.7,309.7,1547.0,37.4,0.0,0
0.0,302.8,310.6,1404.0,43.2,203.0,0
1.0,298.7,309.6,1452.0,42.7,180.0,0
0.0,297.4,308.4,1328.0,61.8,98.0,0
1.0,297.4,308.9,1500.0,46.3,137.0,0
0.0,298.9,309.6,1365.0,50.9,183.0,0
1.0,300.7,310.5,1863.0,22.2,111.0,0
1.0,296.7,307.4,1533.0,32.5,182.0,0
2.0,300.7,312.4,1457.0,47.2,74.0,0
0.0,303.5,313.0,1322.0,59.5,71.0,0
2.0,297.7,309.6,1697.0,32.2,210.0,0
2.0,303.6,312.7,1403.0,46.2,57.0,0
0.0,303.3,311.6,1337.0,56.8,187.0,1
0.0,301.9,310.6,1573.0,36.6,15.0,0
1.0,297.4,308.4,1441.0,46.8,116.0,0
0.0,298.4,308.2,1618.0,33.0,61.0,0
1.0,302.2,311.6,1386.0,50.5,69.0,0
0.0,301.1,310.8,1470.0,49.3,116.0,0
0.0,300.5,310.0,1413.0,44.5,152.0,0
0.0,298.9,308.7,1558.0,41.2,110.0,0
2.0,298.4,308.2,1987.0,19.8,198.0,0
1.0,298.9,308.6,1524.0,40.4,131.0,0
0.0,297.5,309.4,1357.0,50.1,137.0,0
0.0,298.9,310.3,1364.0,54.0,95.0,0
0.0,299.0,309.0,1469.0,40.1,13.0,0
1.0,301.9,309.7,1533.0,35.9,204.0,0
0.0,298.3,310.0,1460.0,47.6,101.0,0
0.0,299.4,309.0,1507.0,41.0,213.0,0
0.0,299.0,310.1,1664.0,29.7,89.0,0
0.0,302.0,310.0,1832.0,22.9,178.0,0
0.0,297.2,307.9,1309.0,49.6,167.0,0
2.0,300.1,309.6,1463.0,45.1,113.0,0
1.0,297.7,308.3,1547.0,36.8,74.0,0
0.0,301.4,311.1,1462.0,37.1,41.0,0
1.0,302.2,311.4,1626.0,31.6,62.0,0
1.0,300.8,309.6,1546.0,42.3,186.0,0
1.0,303.0,311.2,1592.0,38.9,188.0,0
0.0,304.1,313.4,1399.0,43.7,111.0,0
0.0,299.2,310.3,1352.0,48.9,238.0,1
0.0,299.0,308.7,1449.0,38.9,18.0,0
2.0,301.4,310.5,1536.0,39.9,201.0,0
0.0,302.5,310.2,1716.0,29.9,156.0,0
0.0,298.4,309.2,1651.0,28.5,141.0,0
0.0,299.4,309.3,1544.0,36.0,197.0,0
0.0,297.6,308.5,1475.0,42.4,24.0,0
2.0,301.2,310.7,1656.0,26.2,64.0,0
1.0,300.3,311.8,1607.0,33.7,199.0,0
0.0,302.3,311.5,1387.0,47.3,2.0,0
1.0,298.4,308.2,1584.0,41.0,191.0,0
0.0,297.4,308.4,1573.0,34.5,205.0,0
0.0,301.1,310.2,1496.0,43.4,54.0,0
1.0,299.6,308.9,1568.0,35.3,77.0,0
0.0,301.0,311.6,1352.0,63.5,143.0,0
0.0,298.9,310.0,1776.0,25.7,51.0,0
0.0,300.6,311.7,1432.0,39.2,2.0,0
1.0,298.0,308.0,1555.0,37.0,111.0,0
0.0,302.2,311.5,1616.0,34.0,19.0,0
0.0,299.8,311.3,1560.0,35.4,178.0,0
0.0,298.2,308.7,1605.0,29.4,47.0,0
0.0,300.9,310.9,1755.0,27.9,148.0,0
0.0,303.3,311.8,1842.0,24.5,67.0,0
1.0,300.2,311.4,1960.0,20.9,20.0,0
0.0,299.4,309.0,1391.0,58.2,135.0,0
0.0,298.9,308.9,1753.0,25.8,33.0,0
0.0,300.7,311.8,1478.0,41.9,207.0,0
0.0,298.9,308.7,1504.0,41.8,165.0,0
1.0,300.2,311.8,1748.0,28.5,184.0,0
1.0,301.4,311.2,1541.0,36.3,28.0,0
0.0,302.3,311.0,1412.0,47.0,164.0,0
0.0,298.6,308.2,1705.0,26.3,177.0,0
1.0,299.0,310.0,1488.0,46.3,198.0,0
0.0,301.5,310.6,1998.0,20.2,210.0,0
2.0,302.6,311.5,1629.0,34.4,228.0,1
2.0,301.5,310.6,1512.0,39.0,143.0,0
0.0,299.1,308.8,1502.0,46.7,197.0,0
0.0,303.0,311.3,1466.0,43.0,210.0,0
0.0,300.9,311.0,1438.0,49.0,61.0,0
1.0,298.1,307.6,1764.0,27.7,23.0,0
1.0,296.4,307.5,1684.0,31.4,72.0,0
0.0,297.7,308.2,2007.0,19.3,181.0,0
1.0,297.6,308.4,1611.0,31.0,48.0,0
0.0,298.2,308.9,1367.0,45.0,85.0,0
0.0,298.9,308.3,1432.0,48.9,38.0,0
1.0,297.5,308.6,1347.0,57.0,132.0,0
0.0,297.7,308.1,1734.0,30.7,177.0,0
0.0,299.7,310.9,1491.0,40.1,195.0,0
1.0,302.6,312.0,1363.0,45.7,91.0,0
0.0,299.1,308.3,1426.0,40.1,60.0,0
1.0,301.0,312.2,2710.0,9.7,143.0,1
0.0,298.8,308.5,1444.0,42.2,83.0,0
2.0,303.0,311.2,1503.0,37.0,152.0,0
1.0,300.4,309.6,1563.0,34.0,6.0,0
1.0,297.4,308.6,1657.0,33.1,156.0,0
0.0,301.1,311.0,1565.0,52.3,183.0,0
0.0,303.6,312.4,1388.0,41.9,221.0,0
0.0,296.3,307.3,1444.0,49.0,13.0,0
2.0,299.8,309.7,1368.0,47.4,148.0,0
0.0,299.3,310.3,1396.0,47.4,14.0,0
0.0,301.0,310.7,1464.0,45.8,184.0,0
0.0,297.9,307.6,1430.0,52.4,178.0,0
1.0,301.0,311.1,1420.0,47.4,167.0,0
0.0,295.9,306.6,1678.0,26.7,53.0,0
1.0,303.7,313.1,2130.0,18.1,185.0,0
0.0,298.8,308.6,1730.0,25.9,59.0,0
1.0,299.6,309.4,1605.0,29.8,142.0,0
0.0,303.5,312.8,1607.0,38.4,92.0,0
1.0,304.1,313.3,1680.0,29.3,158.0,0
0.0,301.0,310.9,1570.0,34.0,192.0,0
0.0,300.0,311.5,1591.0,32.0,79.0,0
0.0,300.4,309.6,1553.0,43.9,75.0,0
0.0,300.8,312.3,1435.0,44.8,134.0,0
2.0,301.3,311.0,1341.0,59.3,134.0,0
2.0,302.4,310.9,1444.0,40.7,174.0,0
0.0,304.0,313.2,1416.0,46.0,128.0,0
1.0,302.4,311.0,1490.0,37.1,168.0,0
0.0,299.3,309.1,1493.0,38.0,151.0,0
0.0,301.1,312.3,1587.0,34.5,115.0,0
2.0,300.1,311.5,1422.0,46.2,134.0,0
1.0,302.7,312.2,1585.0,35.5,167.0,0
2.0,298.0,309.4,1490.0,40.5,53.0,0
0.0,296.8,307.5,1474.0,42.4,107.0,0
0.0,299.8,311.2,2142.0,16.6,144.0,0
1.0,298.5,308.6,1384.0,54.4,44.0,0
0.0,300.5,309.3,1373.0,48.8,211.0,0
0.0,302.0,310.7,1348.0,58.1,83.0,0
0.0,298.2,308.8,1616.0,33.7,16.0,0
1.0,298.3,307.9,1485.0,42.0,117.0,0
1.0,303.9,313.2,1422.0,48.0,215.0,1
0.0,301.0,311.9,1454.0,41.9,33.0,0
0.0,298.6,309.0,1469.0,46.0,4.0,0
1.0,299.3,308.5,1304.0,60.6,8.0,0
1.0,302.1,310.7,1376.0,46.3,210.0,1
1.0,299.9,311.4,1480.0,44.9,108.0,0
0.0,298.9,309.6,1589.0,34.2,197.0,0
0.0,303.8,312.7,1414.0,41.7,190.0,0
0.0,301.7,311.2,1521.0,36.7,130.0,0
0.0,301.6,311.1,1408.0,44.4,106.0,0
0.0,299.3,308.6,1384.0,53.6,218.0,1
2.0,299.3,308.7,1408.0,44.4,82.0,0
0.0,299.2,310.3,1429.0,40.1,23.0,0
1.0,303.1,312.4,1378.0,50.1,104.0,0
1.0,302.5,312.0,1487.0,46.1,175.0,0
0.0,300.9,310.6,1538.0,36.7,3.0,0
2.0,298.1,308.0,1570.0,35.3,159.0,0
0.0,296.3,307.1,1662.0,32.9,190.0,0
2.0,297.5,308.6,1355.0,58.9,138.0,0
1.0,298.9,309.9,1404.0,41.4,20.0,0
1.0,300.1,310.2,1429.0,42.0,206.0,0
1.0,298.5,309.3,1465.0,42.4,173.0,0
2.0,303.1,311.3,1494.0,42.7,221.0,0
1.0,301.9,310.5,1590.0,40.3,130.0,0
2.0,299.3,309.0,1425.0,40.6,123.0,0
0.0,301.2,310.6,1437.0,51.2,112.0,0
0.0,299.0,310.4,1606.0,31.1,134.0,0
0.0,298.2,308.3,2216.0,16.8,139.0,0
1.0,302.1,310.0,1531.0,38.0,161.0,0
0.0,298.3,308.3,1432.0,46.9,65.0,0
0.0,302.4,311.8,1493.0,38.4,132.0,0
0.0,297.6,308.5,1572.0,35.9,71.0,0
1.0,297.1,308.4,1615.0,32.6,184.0,0
0.0,297.2,308.7,1509.0,39.3,66.0,0
0.0,301.6,310.9,1538.0,40.4,13.0,0
0.0,301.3,311.0,1582.0,35.6,202.0,0
1.0,299.0,310.2,1628.0,35.8,64.0,0
0.0,296.3,307.3,1398.0,52.7,31.0,0
0.0,300.8,310.8,1486.0,45.7,146.0,0
1.0,297.4,309.0,1520.0,37.0,147.0,0
0.0,296.9,308.3,1513.0,38.8,189.0,0
0.0,300.5,310.3,1336.0,57.1,29.0,0
1.0,298.1,308.7,1547.0,38.9,0.0,0
0.0,298.3,308.0,1451.0,47.1,196.0,0
2.0,298.5,309.4,1573.0,36.0,97.0,0
1.0,300.4,310.4,1544.0,36.3,21.0,0
0.0,302.0,309.9,1308.0,57.6,197.0,1
1.0,297.3,308.9,1799.0,24.5,137.0,0
1.0,300.8,310.5,1696.0,29.7,162.0,0
0.0,303.1,312.9,1511.0,40.1,107.0,0
0.0,302.4,310.2,1351.0,45.1,168.0,1
0.0,302.0,311.0,1865.0,22.7,48.0,0
1.0,298.9,309.8,2450.0,13.9,89.0,0
1.0,298.9,308.2,1411.0,51.3,43.0,0
0.0,302.0,311.1,1402.0,47.8,182.0,0
1.0,300.0,309.6,1573.0,39.7,162.0,0
0.0,301.5,310.7,1408.0,47.3,79.0,0
1.0,303.9,313.2,1350.0,47.2,2.0,0
0.0,302.4,312.0,1562.0,37.9,10.0,0
0.0,302.2,310.0,1483.0,48.7,20.0,0
0.0,299.0,310.3,1472.0,36.1,97.0,0
0.0,300.5,309.9,1480.0,40.0,148.0,0
0.0,298.4,308.8,1352.0,56.7,24.0,0
1.0,297.3,308.5,1625.0,32.8,92.0,0
0.0,295.5,306.1,1573.0,35.1,129.0,0
2.0,302.3,310.2,1506.0,33.8,43.0,0
1.0,297.3,308.7,1655.0,34.1,21.0,0
2.0,300.0,309.7,1529.0,42.4,107.0,0
2.0,297.5,309.4,1368.0,45.3,129.0,0
0.0,298.3,308.1,1326.0,58.4,90.0,0
0.0,298.9,308.6,2069.0,18.7,27.0,0
1.0,299.8,309.3,1663.0,35.2,208.0,0
0.0,296.2,307.3,1881.0,24.3,40.0,0
0.0,302.5,310.2,1454.0,43.0,108.0,0
0.0,300.0,310.5,1606.0,33.5,135.0,0
0.0,297.3,308.6,1505.0,33.5,14.0,0
1.0,302.5,310.5,1527.0,38.8,136.0,0
0.0,297.4,308.8,1462.0,49.7,132.0,0
0.0,296.6,307.4,1389.0,42.7,48.0,0
0.0,300.0,311.4,1383.0,49.6,101.0,0
0.0,300.6,310.5,1642.0,29.9,100.0,0
0.0,299.7,309.1,1417.0,50.1,187.0,0
1.0,301.5,310.6,1492.0,43.0,100.0,0
0.0,302.9,312.4,1923.0,23.9,244.0,0
1.0,301.4,310.6,1464.0,37.4,74.0,0
1.0,298.4,309.1,1467.0,39.6,78.0,0
0.0,297.6,308.4,1460.0,40.3,195.0,0
1.0,302.5,311.8,1566.0,37.6,54.0,0
1.0,300.5,311.6,1246.0,52.9,165.0,0
0.0,299.5,309.3,1442.0,46.2,5.0,0
0.0,295.6,306.0,1419.0,51.1,7.0,0
1.0,301.0,309.7,1511.0,39.3,146.0,0
0.0,297.4,309.0,1568.0,33.7,175.0,0
1.0,302.1,311.1,1450.0,51.6,86.0,0
0.0,299.9,309.6,1254.0,61.3,124.0,0
0.0,301.0,311.2,1412.0,42.1,64.0,0
0.0,299.2,308.5,1821.0,26.1,69.0,0
0.0,298.7,308.5,1544.0,35.2,159.0,0
0.0,301.0,310.9,1296.0,54.9,69.0,0
1.0,301.9,311.1,1380.0,51.6,184.0,0
0.0,298.5,309.1,1474.0,41.3,189.0,0
0.0,297.3,308.0,1447.0,49.0,61.0,0
1.0,297.4,308.7,1582.0,31.9,161.0,0
1.0,298.1,308.2,1736.0,26.8,27.0,0
0.0,297.6,308.6,1522.0,37.0,106.0,0
0.0,304.2,313.4,1740.0,28.2,78.0,0
1.0,302.1,311.5,1341.0,50.8,99.0,0
0.0,298.7,309.6,1502.0,46.7,198.0,0
0.0,301.8,309.6,1443.0,42.7,231.0,0
1.0,297.5,308.5,1612.0,30.0,163.0,0
2.0,302.2,311.1,1476.0,39.6,96.0,0
0.0,298.0,307.8,1266.0,60.5,81.0,0
0.0,296.9,307.8,1466.0,45.7,153.0,0
0.0,298.3,308.5,1664.0,31.6,144.0,0
1.0,301.8,310.8,1619.0,31.0,76.0,0
0.0,302.4,311.2,1448.0,50.5,53.0,0
0.0,300.0,309.2,1444.0,43.6,123.0,0
1.0,300.9,312.0,1375.0,56.1,182.0,0
0.0,297.0,307.8,1774.0,28.0,188.0,0
0.0,298.9,310.1,1587.0,30.2,162.0,0
0.0,303.4,312.3,1680.0,30.6,67.0,0
1.0,299.3,308.5,1422.0,43.1,186.0,0
1.0,301.1,311.2,1407.0,53.0,165.0,0
2.0,295.5,305.9,1593.0,37.2,197.0,0
0.0,303.7,312.6,1702.0,29.1,141.0,0
2.0,298.3,309.5,1427.0,54.3,89.0,0
0.0,297.8,307.8,1383.0,56.5,98.0,0
0.0,299.6,309.2,1713.0,26.5,167.0,0
0.0,298.8,308.9,1461.0,47.9,206.0,0
0.0,302.7,310.5,1642.0,30.8,195.0,0
1.0,300.7,311.7,1701.0,30.8,44.0,0
2.0,302.2,310.8,1397.0,47.6,11.0,0
0.0,296.9,307.7,1653.0,35.9,177.0,0
0.0,299.2,310.6,1675.0,33.3,28.0,0
0.0,298.5,309.2,1504.0,33.7,182.0,0
0.0,302.6,310.2,1325.0,62.4,92.0,1
0.0,300.7,309.5,1850.0,24.5,19.0,0
0.0,301.3,310.8,1390.0,57.4,164.0,0
1.0,303.0,311.1,1597.0,36.7,191.0,0
0.0,302.7,312.3,1346.0,61.2,170.0,0
0.0,297.5,308.7,1407.0,42.5,145.0,0
0.0,295.7,306.2,1464.0,46.2,92.0,0
0.0,302.3,310.9,1587.0,36.6,20.0,0
0.0,300.6,312.0,1670.0,29.4,134.0,0
1.0,302.4,310.1,1577.0,35.8,136.0,0
0.0,299.2,310.3,1507.0,41.3,158.0,0
0.0,297.4,308.5,1369.0,53.2,43.0,0
1.0,295.5,306.0,1423.0,45.3,205.0,0
0.0,296.6,307.7,1556.0,37.7,110.0,0
1.0,299.0,309.0,1351.0,52.2,44.0,0
1.0,297.5,308.5,1401.0,50.5,6.0,0
1.0,297.9,309.1,1338.0,49.6,56.0,0
0.0,298.7,308.5,1668.0,35.2,77.0,0
1.0,301.7,309.9,1452.0,41.5,86.0,0
0.0,297.6,308.5,1574.0,37.1,121.0,0
0.0,298.7,308.4,1750.0,25.8,72.0,0
0.0,300.0,311.5,1812.0,28.3,94.0,0
2.0,298.2,308.8,1606.0,39.9,53.0,0
1.0,298.2,308.0,1969.0,21.7,32.0,0
1.0,300.8,311.0,1580.0,36.6,109.0,0
0.0,300.3,311.7,1333.0,55.2,18.0,0
0.0,300.2,310.2,1415.0,49.6,21.0,0
1.0,297.6,308.6,1585.0,42.0,90.0,0
0.0,300.9,312.0,1441.0,43.8,210.0,0
0.0,299.0,310.4,1365.0,49.1,226.0,1
0.0,302.4,310.3,1900.0,24.4,113.0,0
0.0,301.3,310.8,1628.0,32.2,43.0,0
0.0,299.2,310.5,1705.0,29.5,95.0,0
2.0,302.3,311.7,1449.0,44.5,152.0,0
0.0,296.6,307.4,1631.0,35.0,168.0,0
1.0,304.1,313.6,1441.0,43.7,131.0,0
0.0,300.8,311.7,1479.0,39.4,18.0,0
0.0,300.2,311.4,1495.0,43.6,95.0,0
0.0,302.2,311.1,1447.0,52.1,174.0,0
0.0,301.3,311.1,1303.0,49.2,212.0,0
0.0,298.0,308.5,1713.0,25.3,124.0,0
1.0,301.7,311.2,1413.0,42.6,79.0,0
0.0,301.7,310.5,1377.0,43.1,183.0,0
2.0,300.6,309.4,1380.0,47.6,246.0,1
1.0,298.9,308.5,1555.0,37.6,142.0,0
0.0,304.0,313.1,1465.0,41.0,69.0,0
1.0,299.2,310.0,1349.0,50.4,226.0,0
0.0,300.8,310.6,1551.0,34.5,153.0,0
0.0,299.9,309.6,1294.0,49.7,126.0,0
2.0,303.8,312.6,1811.0,24.9,183.0,0
0.0,297.9,307.6,1504.0,42.4,180.0,0
2.0,299.1,310.6,1791.0,28.0,168.0,0
2.0,300.6,311.7,1500.0,36.7,17.0,0
0.0,300.7,310.7,1450.0,43.4,80.0,0
0.0,298.1,307.5,1684.0,33.1,200.0,0
0.0,302.5,311.6,1400.0,54.0,196.0,0
1.0,302.1,310.8,1504.0,37.5,42.0,0
0.0,302.3,310.1,1513.0,40.4,22.0,0
0.0,298.4,308.2,1364.0,45.9,63.0,0
0.0,300.4,311.2,1436.0,56.8,173.0,0
0.0,297.5,308.9,1390.0,47.4,187.0,0
0.0,300.5,310.6,1368.0,49.6,10.0,0
2.0,304.2,313.3,1625.0,37.3,27.0,0
1.0,298.5,309.3,1761.0,27.2,49.0,0
0.0,297.4,307.9,1557.0,35.5,174.0,0
1.0,302.3,310.9,1360.0,44.0,67.0,1
1.0,300.8,309.7,1751.0,27.9,183.0,0
0.0,299.7,309.2,1412.0,45.4,147.0,0
0.0,296.8,307.9,1611.0,35.4,72.0,0
1.0,301.9,310.7,1405.0,47.9,80.0,0
0.0,298.4,308.2,1471.0,47.0,214.0,0
2.0,300.0,309.5,1781.0,24.9,70.0,0
1.0,298.6,309.7,1675.0,28.4,115.0,0
0.0,297.4,308.3,1465.0,42.0,13.0,0
0.0,301.5,310.4,1543.0,34.0,55.0,0
1.0,298.5,309.4,1565.0,33.7,150.0,0
0.0,298.9,309.1,1383.0,54.9,145.0,0
1.0,297.6,308.5,1490.0,43.4,154.0,0
0.0,298.7,310.1,1401.0,45.3,67.0,0
0.0,298.8,308.6,1872.0,22.5,82.0,0
0.0,302.5,310.3,1446.0,44.0,146.0,0
0.0,300.6,310.7,1455.0,40.6,82.0,0
1.0,298.9,309.3,1632.0,32.5,55.0,0
0.0,303.3,312.7,1643.0,30.7,142.0,0
0.0,298.8,308.9,1852.0,25.0,57.0,0
0.0,300.2,311.4,1891.0,22.6,86.0,0
0.0,298.6,309.9,1564.0,37.1,30.0,0
2.0,304.1,313.2,1586.0,34.6,139.0,0
0.0,300.6,309.4,2496.0,13.5,111.0,0
0.0,302.4,311.3,1392.0,50.5,51.0,0
0.0,299.2,308.4,1711.0,28.9,197.0,0
0.0,296.5,307.6,1431.0,45.2,90.0,0
0.0,303.4,311.9,1298.0,63.9,59.0,1
0.0,301.1,311.2,1555.0,35.3,172.0,0
2.0,298.1,308.3,1530.0,42.0,184.0,0
2.0,300.2,310.3,1408.0,42.5,0.0,0
0.0,298.2,307.6,1492.0,37.2,178.0,0
1.0,299.6,309.1,1471.0,44.3,67.0,0
1.0,297.8,309.1,1432.0,42.6,17.0,0
0.0,298.6,309.5,1483.0,43.2,92.0,0
1.0,297.6,308.4,1569.0,38.3,93.0,0
2.0,298.9,310.3,1243.0,63.0,163.0,0
2.0,298.8,309.2,1372.0,48.5,120.0,0
2.0,298.8,310.1,1704.0,30.7,150.0,0
0.0,301.5,311.1,1602.0,34.3,100.0,0
0.0,300.1,311.7,1503.0,42.6,208.0,0
1.0,297.1,308.1,1506.0,37.7,210.0,0
0.0,298.9,310.4,1831.0,25.4,81.0,0
0.0,299.5,309.0,1498.0,44.6,101.0,0
0.0,302.8,310.6,2016.0,19.9,199.0,0
0.0,297.2,308.3,1693.0,28.0,188.0,0
1.0,298.4,308.5,1576.0,27.4,55.0,0
0.0,300.6,310.6,1514.0,39.5,87.0,0
0.0,300.2,309.8,1557.0,33.8,19.0,0
0.0,303.4,311.7,1476.0,42.3,180.0,0
0.0,301.3,311.2,1668.0,30.1,18.0,0
1.0,300.7,309.5,1633.0,31.3,90.0,0
1.0,301.9,311.0,1467.0,48.1,43.0,0
0.0,303.4,311.9,1434.0,44.6,78.0,0
0.0,300.2,309.4,1526.0,35.3,46.0,0
1.0,297.8,308.4,1579.0,36.6,152.0,0
1.0,301.7,310.8,1594.0,32.4,204.0,0
0.0,301.4,310.6,1550.0,36.8,159.0,0
0.0,302.4,311.8,1543.0,31.1,96.0,0
0.0,302.4,311.1,1446.0,42.9,5.0,0
0.0,300.3,311.3,1332.0,60.5,112.0,0
0.0,303.3,312.6,1623.0,34.6,102.0,0
0.0,302.2,311.6,1462.0,50.0,51.0,0
0.0,304.4,313.7,1509.0,35.0,205.0,1
0.0,299.1,310.1,1367.0,45.6,44.0,0
1.0,302.0,310.9,1558.0,45.3,193.0,0
2.0,301.0,310.0,1212.0,67.9,30.0,0
0.0,298.1,307.7,1664.0,27.6,145.0,0
1.0,297.1,308.1,1823.0,24.3,219.0,0
0.0,303.6,312.3,2168.0,17.7,219.0,0
2.0,302.1,310.9,1452.0,42.5,198.0,0
0.0,300.1,309.6,1760.0,25.4,55.0,0
0.0,302.0,310.4,1336.0,58.2,110.0,1
0.0,300.7,312.2,1590.0,38.5,148.0,0
1.0,299.1,309.5,1339.0,48.2,86.0,0
0.0,296.7,308.0,1451.0,50.7,197.0,0
0.0,300.0,309.1,1401.0,44.5,0.0,0
0.0,299.7,309.3,1546.0,37.2,4.0,0
1.0,298.0,308.1,1552.0,36.6,190.0,0
0.0,300.2,311.5,1500.0,40.8,17.0,0
0.0,299.9,309.3,1620.0,31.1,196.0,0
0.0,300.8,311.7,1655.0,32.2,12.0,0
0.0,300.7,311.7,1395.0,43.7,215.0,0
0.0,302.2,310.8,1438.0,41.4,66.0,0
1.0,297.6,309.3,1529.0,41.9,3.0,0
0.0,297.7,309.1,1479.0,42.1,58.0,0
0.0,299.5,309.3,1972.0,19.3,177.0,0
0.0,298.9,310.2,1498.0,50.2,160.0,0
0.0,299.9,309.5,1779.0,26.1,169.0,0
0.0,303.1,312.5,1453.0,49.1,140.0,0
2.0,295.7,306.2,2161.0,16.5,105.0,0
1.0,301.5,310.8,1452.0,44.1,157.0,0
0.0,296.8,307.9,1413.0,46.5,121.0,0
1.0,300.4,309.8,1356.0,44.4,136.0,0
1.0,298.9,308.7,1402.0,49.8,167.0,0
0.0,300.5,310.5,1373.0,47.4,56.0,0
0.0,298.0,307.6,1683.0,32.8,122.0,0
2.0,297.5,308.9,1471.0,37.7,197.0,0
1.0,301.3,311.1,1834.0,25.4,22.0,0
0.0,300.5,311.5,1490.0,38.4,67.0,0
0.0,298.6,309.6,1386.0,48.6,25.0,0
2.0,297.7,309.3,1400.0,48.9,147.0,0
0.0,300.2,311.6,1767.0,26.4,20.0,0
1.0,297.5,309.4,1482.0,39.3,112.0,0
1.0,301.4,310.7,1375.0,42.0,168.0,0
1.0,300.0,309.7,1652.0,28.6,112.0,0
1.0,299.5,310.7,1424.0,41.3,101.0,0
2.0,300.5,311.6,1476.0,41.7,97.0,0
0.0,301.2,310.4,1390.0,49.9,74.0,0
0.0,296.8,307.8,1373.0,42.9,74.0,0
0.0,298.5,309.5,1569.0,41.0,153.0,0
1.0,302.8,312.3,1262.0,70.5,234.0,1
1.0,301.3,310.0,1593.0,30.8,210.0,0
0.0,301.9,311.3,1366.0,55.6,57.0,0
0.0,300.5,312.0,1498.0,42.9,25.0,0
1.0,303.4,312.2,1615.0,35.7,56.0,0
1.0,297.4,308.3,1444.0,44.0,18.0,0
0.0,297.2,308.0,1705.0,26.0,200.0,0
0.0,298.2,308.0,1658.0,30.0,3.0,0
2.0,296.9,307.5,1397.0,48.3,22.0,0
0.0,303.1,312.6,1514.0,42.1,138.0,0
0.0,301.7,311.1,1469.0,37.2,128.0,0
0.0,300.1,309.0,1314.0,58.2,114.0,0
0.0,299.1,308.6,1555.0,36.6,104.0,0
1.0,298.9,310.2,1331.0,49.0,121.0,0
0.0,299.2,310.7,1535.0,42.6,17.0,0
0.0,303.4,311.5,1414.0,44.8,71.0,0
1.0,299.7,309.0,1465.0,49.0,158.0,0
1.0,303.5,312.9,1618.0,30.4,130.0,0
0.0,299.0,308.6,1661.0,32.2,106.0,0
1.0,303.8,312.9,1815.0,27.8,66.0,0
0.0,298.6,309.7,1627.0,33.4,99.0,0
0.0,300.4,309.7,1534.0,42.5,127.0,0
0.0,300.3,309.9,1393.0,56.1,12.0,0
0.0,300.7,310.2,1348.0,54.8,50.0,0
0.0,298.0,308.7,1619.0,40.1,45.0,0
0.0,301.6,309.9,1440.0,43.4,100.0,0
0.0,297.3,308.0,1518.0,36.0,59.0,0
0.0,301.9,310.8,1400.0,58.2,79.0,0
1.0,302.0,311.2,1558.0,39.1,179.0,0
0.0,298.4,308.3,1452.0,48.5,73.0,0
1.0,302.2,310.6,1570.0,34.6,163.0,0
0.0,302.4,311.8,1451.0,42.0,110.0,0
1.0,303.4,312.8,1518.0,38.7,103.0,0
2.0,302.5,311.3,1393.0,47.5,130.0,0
0.0,300.3,309.2,1462.0,51.4,48.0,0
1.0,299.3,308.5,1496.0,39.4,80.0,0
0.0,302.6,312.0,1447.0,45.5,173.0,0
0.0,298.8,309.8,1599.0,33.6,131.0,0
0.0,302.4,311.0,1338.0,67.6,194.0,1
0.0,300.8,311.7,1681.0,31.3,221.0,0
1.0,302.6,311.6,2041.0,19.2,174.0,0
0.0,301.0,310.7,1300.0,57.2,174.0,0
1.0,297.4,308.2,1401.0,51.9,117.0,0
0.0,299.4,308.9,1440.0,42.5,87.0,0
0.0,299.3,309.1,1795.0,24.7,187.0,0
2.0,297.2,308.0,1435.0,43.0,202.0,0
0.0,300.5,309.7,1395.0,61.0,157.0,0
1.0,298.5,309.3,1551.0,34.7,121.0,0
2.0,298.7,310.1,1435.0,45.6,37.0,0
1.0,301.3,310.7,1819.0,25.5,46.0,0
0.0,300.6,309.5,1471.0,49.6,29.0,0
0.0,298.1,308.0,1704.0,30.9,61.0,0
2.0,303.6,312.4,1436.0,45.6,9.0,0
0.0,296.1,307.1,1651.0,35.7,167.0,0
0.0,303.6,312.5,1710.0,31.4,180.0,0
1.0,299.8,309.5,1453.0,43.2,153.0,0
1.0,299.7,308.9,1551.0,35.4,82.0,0
0.0,303.8,312.9,1442.0,48.3,52.0,0
0.0,298.0,309.2,1731.0,28.7,38.0,0
0.0,303.3,312.2,1457.0,40.7,48.0,0
0.0,301.4,310.4,1559.0,39.4,199.0,0
1.0,298.6,310.2,1328.0,50.5,12.0,0
0.0,300.8,312.1,1512.0,37.1,169.0,0
0.0,303.8,313.1,1422.0,42.4,152.0,0
1.0,302.2,311.1,1728.0,34.0,179.0,0
1.0,299.3,309.2,1440.0,37.5,111.0,0
0.0,297.6,308.8,1539.0,40.2,72.0,0
1.0,297.8,309.8,1676.0,29.0,178.0,0
0.0,304.1,313.5,1469.0,44.6,113.0,0
0.0,301.4,310.7,1989.0,21.8,19.0,0
0.0,301.3,310.4,1507.0,39.1,194.0,0
1.0,299.1,308.9,1325.0,48.4,220.0,0
1.0,298.2,308.9,1512.0,38.5,28.0,0
1.0,298.4,309.0,1544.0,38.8,97.0,0
2.0,298.2,309.0,1360.0,56.8,107.0,0
1.0,299.9,309.3,1452.0,41.9,106.0,0
1.0,301.2,310.7,1426.0,46.1,67.0,0
0.0,302.5,310.4,1487.0,40.2,48.0,0
1.0,300.2,311.6,1608.0,35.0,212.0,0
1.0,301.8,311.0,1839.0,23.6,30.0,0
0.0,296.7,307.6,1474.0,41.7,148.0,0
0.0,300.7,310.8,1689.0,28.9,100.0,0
0.0,300.1,311.3,1676.0,30.3,151.0,0
1.0,296.9,308.1,1483.0,44.3,219.0,0
0.0,302.4,310.3,1374.0,51.2,163.0,1
0.0,298.2,307.7,1688.0,32.4,91.0,0
0.0,298.0,307.5,1644.0,32.8,215.0,0
1.0,302.4,311.4,1675.0,29.6,128.0,0
0.0,301.1,310.5,1324.0,52.4,171.0,0
0.0,301.3,310.9,1509.0,41.7,16.0,0
2.0,298.9,308.7,1353.0,48.1,79.0,0
0.0,299.1,308.4,1426.0,47.9,67.0,0
1.0,302.7,310.6,1349.0,51.2,6.0,1
1.0,297.6,309.0,1815.0,25.3,66.0,0
0.0,300.5,309.8,1550.0,37.4,148.0,0
0.0,300.1,310.1,1380.0,52.6,59.0,0
0.0,300.2,310.1,1523.0,42.3,25.0,0
0.0,300.1,309.6,1541.0,37.0,96.0,0
0.0,300.7,310.1,1721.0,32.3,170.0,0
0.0,299.1,310.3,1619.0,35.2,240.0,0
0.0,299.2,308.5,1544.0,41.6,146.0,0
1.0,300.7,311.7,2097.0,18.9,232.0,1
0.0,299.8,311.1,1452.0,47.3,188.0,0
0.0,300.7,309.5,1508.0,39.9,59.0,0
0.0,298.4,308.6,1569.0,34.4,160.0,0
0.0,299.2,309.1,1345.0,60.7,191.0,1
1.0,302.4,310.1,1520.0,36.6,97.0,0
2.0,300.0,310.5,1558.0,36.7,137.0,0
0.0,301.5,310.1,1430.0,46.5,35.0,0
1.0,296.4,307.4,1416.0,50.0,210.0,0
1.0,298.4,307.8,1617.0,31.6,173.0,0
0.0,300.1,309.5,1660.0,32.7,57.0,0
0.0,302.8,311.1,1456.0,36.1,89.0,0
0.0,300.8,310.6,1577.0,37.9,227.0,1
0.0,298.0,308.4,1472.0,42.0,15.0,0
0.0,300.8,311.1,1480.0,41.1,176.0,0
0.0,302.3,310.8,1377.0,47.3,22.0,1
0.0,301.7,310.5,1354.0,50.0,169.0,0
1.0,297.6,308.6,1414.0,45.4,138.0,0
0.0,300.1,311.3,2579.0,12.5,64.0,1
1.0,297.9,307.7,1527.0,42.8,125.0,0
0.0,298.4,309.2,2118.0,17.7,210.0,0
1.0,300.5,311.9,1875.0,22.1,100.0,0
1.0,298.5,308.1,1501.0,39.2,127.0,0
0.0,297.4,308.3,1632.0,33.5,39.0,0
0.0,297.2,308.5,1518.0,44.3,163.0,0
2.0,297.6,308.2,2071.0,18.5,144.0,0
0.0,303.8,312.8,1646.0,35.8,143.0,0
0.0,300.0,311.0,1637.0,33.6,181.0,0
0.0,302.6,312.3,1321.0,53.4,42.0,0
0.0,299.2,308.9,1342.0,50.8,195.0,0
1.0,299.5,310.8,1754.0,31.3,114.0,0
0.0,299.6,310.2,1588.0,34.1,38.0,0
2.0,297.2,308.5,2440.0,14.0,166.0,0
1.0,302.7,312.0,1538.0,36.7,74.0,0
0.0,299.2,310.3,1610.0,33.3,233.0,0
0.0,296.9,308.0,1713.0,29.3,13.0,0
0.0,297.1,307.8,1428.0,43.7,179.0,0
1.0,300.9,312.1,1617.0,31.0,148.0,0
0.0,299.4,308.7,1553.0,42.7,128.0,0
0.0,301.9,311.0,1356.0,45.7,119.0,0
0.0,300.1,311.4,1910.0,23.0,153.0,0
0.0,300.6,311.7,1488.0,47.7,22.0,0
1.0,298.2,308.8,1607.0,31.9,39.0,0
1.0,302.5,311.0,1463.0,43.1,181.0,0
1.0,301.8,310.0,1781.0,23.9,198.0,0
0.0,301.0,311.4,1481.0,37.5,193.0,0
0.0,301.6,310.5,1809.0,25.5,40.0,0
1.0,300.0,311.4,1537.0,35.4,120.0,0
0.0,297.0,307.9,1635.0,31.6,147.0,0
1.0,301.6,310.4,1452.0,45.7,164.0,0
0.0,302.7,311.0,1694.0,29.8,150.0,0
0.0,299.5,309.3,1520.0,42.3,149.0,0
0.0,300.2,309.8,1398.0,54.8,39.0,0
0.0,298.1,309.9,1642.0,30.4,58.0,0
1.0,301.1,311.6,1266.0,55.5,210.0,0
1.0,302.3,310.9,1762.0,24.5,73.0,0
2.0,299.0,310.2,1637.0,38.0,68.0,0
1.0,299.4,309.3,1485.0,47.1,209.0,0
1.0,299.5,308.8,1886.0,20.9,117.0,0
0.0,295.7,306.1,1343.0,54.4,119.0,0
0.0,300.5,309.8,1507.0,42.5,117.0,0
0.0,303.9,313.0,1551.0,36.8,140.0,0
1.0,302.4,311.9,1313.0,55.7,102.0,0
2.0,300.4,311.8,2496.0,13.5,5.0,0
0.0,299.8,309.4,1408.0,45.6,156.0,0
1.0,303.7,312.9,1566.0,32.6,9.0,0
1.0,303.9,313.1,1668.0,34.4,137.0,0
1.0,301.4,310.9,1489.0,38.9,179.0,0
0.0,301.0,311.3,1349.0,47.0,71.0,0
1.0,300.5,311.1,1296.0,61.3,202.0,1
1.0,303.8,312.6,1527.0,41.9,159.0,0
0.0,301.3,310.6,1481.0,40.9,57.0,0
0.0,297.8,307.8,1761.0,28.9,128.0,0
0.0,302.7,310.5,1351.0,41.8,10.0,1
0.0,298.1,307.6,1488.0,39.4,157.0,0
2.0,298.8,310.3,1708.0,27.1,78.0,0
0.0,302.9,312.4,1424.0,49.5,155.0,0
1.0,296.2,307.0,2119.0,18.3,159.0,0
0.0,298.1,307.7,1650.0,34.1,138.0,0
0.0,301.1,311.3,1268.0,60.0,53.0,0
0.0,298.9,310.3,1484.0,43.8,124.0,0
0.0,298.4,309.6,1479.0,37.8,144.0,0
1.0,299.1,308.8,1491.0,41.0,209.0,0
0.0,300.1,311.5,2218.0,17.0,123.0,0
1.0,302.2,311.4,1398.0,47.2,202.0,0
0.0,298.7,310.2,1717.0,27.3,26.0,0
1.0,298.9,308.9,1727.0,27.1,37.0,0
0.0,300.7,310.8,1496.0,46.4,90.0,0
0.0,298.2,308.9,1278.0,54.0,18.0,0
1.0,300.8,309.5,1481.0,44.5,49.0,0
0.0,297.4,308.7,1433.0,43.4,116.0,0
1.0,303.4,311.5,1560.0,36.4,114.0,0
0.0,301.8,310.7,1597.0,30.8,74.0,0
0.0,300.4,310.8,1396.0,49.3,142.0,0
1.0,298.2,307.8,1578.0,34.5,127.0,0
2.0,299.1,310.0,1431.0,49.5,205.0,0
0.0,296.6,307.6,1498.0,41.1,80.0,0
1.0,299.0,310.4,1394.0,45.2,122.0,0
0.0,297.4,308.5,1418.0,51.2,52.0,0
0.0,297.3,308.6,1297.0,45.9,184.0,0
0.0,299.7,309.2,1411.0,46.1,173.0,0
0.0,295.6,306.0,1363.0,50.0,14.0,0
0.0,300.1,311.4,1660.0,31.4,38.0,0
2.0,297.7,308.3,1488.0,41.0,101.0,0
0.0,299.0,310.3,1868.0,24.0,221.0,0
2.0,300.9,310.6,1686.0,27.7,176.0,0
0.0,302.3,311.3,1652.0,32.8,108.0,0
0.0,297.4,309.4,1466.0,45.5,53.0,0
0.0,303.5,311.9,1515.0,39.2,24.0,0
0.0,301.2,309.9,1643.0,32.9,171.0,0
0.0,298.4,309.2,1692.0,29.8,137.0,0
0.0,301.0,312.3,1488.0,42.6,107.0,0
1.0,300.5,311.9,1511.0,44.5,30.0,0
2.0,298.8,309.2,1425.0,53.9,135.0,0
0.0,298.6,308.9,1327.0,58.8,9.0,0
1.0,298.8,308.5,1425.0,47.4,90.0,0
0.0,300.7,311.8,1443.0,43.7,217.0,0
0.0,299.0,310.2,1477.0,37.9,60.0,0
0.0,298.3,309.4,1570.0,35.6,138.0,0
0.0,299.1,308.9,1686.0,29.6,108.0,0
0.0,298.4,309.1,1362.0,46.1,37.0,0
1.0,297.3,308.3,1595.0,32.2,29.0,0
0.0,300.5,309.5,1379.0,55.6,2.0,0
0.0,302.9,311.1,1556.0,45.3,135.0,0
0.0,298.2,308.4,1379.0,43.1,65.0,0
0.0,298.2,307.8,1476.0,36.8,134.0,0
1.0,300.1,310.4,1556.0,38.1,92.0,0
0.0,300.1,310.5,1356.0,45.8,126.0,0
0.0,301.3,310.6,1510.0,38.5,47.0,0
0.0,299.1,310.6,1818.0,24.1,173.0,0
0.0,300.5,311.9,1330.0,59.5,33.0,0
0.0,300.5,311.4,1442.0,47.0,53.0,0
1.0,301.8,310.7,1465.0,35.8,82.0,0
2.0,304.0,313.2,1271.0,68.6,161.0,1
0.0,300.0,310.0,1486.0,41.8,69.0,0
0.0,302.1,310.7,1314.0,52.8,8.0,1
0.0,301.4,310.6,1634.0,31.1,171.0,0
0.0,299.2,308.5,1515.0,39.8,141.0,0
0.0,300.0,311.4,1927.0,24.6,132.0,0
0.0,298.3,309.3,1337.0,56.1,206.0,1
1.0,298.1,307.8,1569.0,31.2,131.0,0
0.0,298.8,309.7,1740.0,28.5,152.0,0
0.0,303.3,312.7,1262.0,63.8,100.0,0
1.0,299.3,310.5,1462.0,40.5,24.0,0
2.0,301.4,310.4,1610.0,38.6,16.0,0
1.0,303.7,312.9,1532.0,41.3,32.0,0
0.0,300.2,311.5,1495.0,38.5,69.0,0
1.0,299.2,309.0,1597.0,30.3,115.0,0
0.0,300.5,310.5,1515.0,36.6,54.0,0
1.0,300.5,311.9,1676.0,35.2,97.0,0
1.0,300.3,311.9,1677.0,30.8,48.0,0
1.0,300.4,311.6,1518.0,36.4,53.0,0
1.0,300.8,311.3,1465.0,43.2,113.0,0
0.0,301.9,311.0,1455.0,46.0,29.0,0
0.0,301.3,310.5,1390.0,45.8,63.0,0
0.0,298.7,309.9,1483.0,32.8,142.0,0
0.0,300.0,309.1,1882.0,23.8,84.0,0
1.0,298.1,307.9,1496.0,40.0,0.0,0
2.0,299.4,310.8,1585.0,31.4,149.0,0
1.0,301.8,311.0,1756.0,26.7,33.0,0
0.0,297.4,308.7,1545.0,36.9,125.0,0
0.0,299.4,309.3,1525.0,41.5,30.0,0
1.0,299.2,308.4,1538.0,38.0,98.0,0
0.0,298.0,308.0,1401.0,54.7,65.0,0
0.0,299.3,308.8,1603.0,33.9,203.0,0
1.0,301.3,310.7,1300.0,58.3,92.0,0
1.0,298.1,307.8,1316.0,57.2,191.0,0
0.0,298.7,309.5,1673.0,30.8,141.0,0
0.0,298.7,309.9,1617.0,33.0,203.0,0
2.0,298.2,307.9,1462.0,45.5,171.0,0
1.0,298.4,309.5,1484.0,41.7,119.0,0
0.0,297.4,308.6,1324.0,59.1,118.0,0
0.0,300.6,310.4,1494.0,47.3,118.0,0
1.0,298.1,308.1,1452.0,40.8,56.0,0
0.0,302.7,310.6,1690.0,26.7,4.0,0
0.0,300.2,311.4,1452.0,47.8,34.0,0
0.0,299.0,310.3,1431.0,39.9,157.0,0
0.0,298.2,308.3,1475.0,49.9,47.0,0
0.0,300.5,310.7,1488.0,39.4,159.0,0
0.0,301.2,311.0,1567.0,35.1,64.0,0
0.0,299.8,309.2,1439.0,36.1,203.0,0
0.0,298.0,309.1,1822.0,23.5,122.0,0
1.0,299.5,309.2,1495.0,41.6,17.0,0
0.0,299.0,310.4,1371.0,53.8,228.0,1
1.0,300.4,311.0,1595.0,35.4,15.0,0
0.0,299.6,308.9,1422.0,53.2,120.0,0
0.0,300.4,311.4,1309.0,55.5,71.0,0
0.0,298.0,308.7,1771.0,26.2,206.0,0
1.0,298.3,307.8,1457.0,52.5,98.0,0
0.0,302.7,310.6,1501.0,48.7,4.0,0
1.0,301.7,310.8,1954.0,21.6,198.0,0
0.0,298.4,309.3,1549.0,40.8,139.0,0
1.0,300.7,309.5,1733.0,26.7,108.0,0
0.0,298.4,308.3,1473.0,39.9,184.0,0
2.0,301.9,311.0,1672.0,29.9,13.0,0
2.0,296.4,307.5,1596.0,35.1,75.0,0
0.0,300.3,310.0,1560.0,40.8,182.0,0
1.0,297.4,308.6,1522.0,38.0,33.0,0
0.0,302.2,310.6,1346.0,47.5,109.0,1
1.0,298.3,308.4,1539.0,43.4,69.0,0
2.0,297.2,307.9,1450.0,37.2,151.0,0
0.0,300.4,310.2,1529.0,36.2,10.0,0
1.0,295.7,306.3,1462.0,44.3,37.0,0
0.0,302.6,311.8,1627.0,31.8,23.0,0
1.0,298.8,309.8,1490.0,38.6,127.0,0
0.0,301.7,310.2,1686.0,28.9,59.0,0
1.0,300.4,309.9,1415.0,31.8,192.0,0
1.0,300.6,310.0,1486.0,41.2,127.0,0
2.0,303.9,313.2,1680.0,29.1,201.0,0
1.0,297.8,308.5,1466.0,44.7,88.0,0
0.0,297.9,307.8,1505.0,37.3,100.0,0
0.0,300.7,312.3,1715.0,26.8,146.0,0
2.0,298.8,310.1,1483.0,45.4,192.0,0
1.0,298.5,308.6,1344.0,53.0,114.0,0
0.0,300.0,309.9,1507.0,41.4,74.0,0
0.0,298.2,307.9,1551.0,34.1,190.0,0
0.0,297.1,308.4,1583.0,31.9,2.0,0
0.0,297.8,308.4,1737.0,27.5,146.0,0
1.0,298.1,307.8,1384.0,43.7,200.0,0
0.0,302.1,310.1,1447.0,46.6,169.0,0
0.0,295.9,306.4,1892.0,21.7,72.0,0
1.0,298.7,309.8,1435.0,48.8,71.0,0
0.0,300.3,310.7,1539.0,32.3,123.0,0
1.0,302.7,312.1,1378.0,46.9,176.0,0
1.0,298.4,309.3,1496.0,45.6,129.0,0
0.0,298.4,307.9,1446.0,45.3,23.0,0
1.0,302.0,310.8,1783.0,23.1,190.0,0
0.0,301.4,310.1,1502.0,46.6,37.0,0
0.0,297.5,308.2,1419.0,48.5,108.0,0
1.0,297.5,308.0,1429.0,45.8,148.0,0
0.0,300.6,310.2,1648.0,31.7,46.0,0
0.0,302.5,310.3,1326.0,58.5,55.0,1
0.0,299.9,311.3,1371.0,52.3,167.0,0
0.0,298.5,310.0,1492.0,41.2,19.0,0
0.0,300.1,309.2,1783.0,27.3,118.0,0
2.0,302.4,311.5,1540.0,43.7,81.0,0
0.0,298.1,309.0,1502.0,40.9,153.0,0
1.0,297.3,308.7,1577.0,35.6,133.0,0
0.0,301.2,310.5,1546.0,40.0,55.0,0
0.0,303.0,311.2,1409.0,41.9,98.0,0
0.0,298.8,309.7,1374.0,58.6,123.0,0
0.0,302.8,312.5,1462.0,43.4,68.0,0
0.0,302.1,311.5,1727.0,27.7,50.0,0
1.0,300.8,309.7,1519.0,39.7,16.0,0
0.0,298.1,308.7,1671.0,28.8,41.0,0
0.0,295.5,306.0,1621.0,29.5,176.0,0
0.0,296.2,307.3,1475.0,37.0,44.0,0
0.0,301.6,310.9,1706.0,29.5,193.0,0
2.0,298.4,309.3,1694.0,30.9,111.0,0
0.0,298.0,308.7,1629.0,34.3,191.0,0
0.0,302.4,310.2,2224.0,16.0,154.0,0
1.0,299.6,309.3,1387.0,48.3,25.0,0
1.0,304.3,313.6,1489.0,40.3,196.0,0
0.0,297.0,308.3,1492.0,48.1,137.0,0
0.0,295.6,306.2,1650.0,28.2,35.0,0
1.0,299.7,310.8,1405.0,47.6,192.0,0
0.0,300.9,310.5,1565.0,35.9,81.0,0
1.0,302.3,310.9,1742.0,29.7,137.0,0
0.0,302.0,310.9,1495.0,38.6,52.0,0
0.0,300.3,310.3,1704.0,29.5,0.0,0
0.0,297.6,309.1,1503.0,38.9,157.0,0
0.0,298.6,309.0,1456.0,47.7,0.0,0
1.0,300.6,312.2,2174.0,18.5,95.0,0
2.0,297.5,308.3,1674.0,30.0,54.0,0
0.0,298.2,308.1,1462.0,49.9,69.0,0
2.0,301.5,310.5,1551.0,34.3,166.0,0
1.0,299.2,308.6,1367.0,47.6,168.0,0
1.0,302.2,311.5,1562.0,38.0,162.0,0
0.0,301.3,311.0,1576.0,30.4,151.0,0
2.0,303.6,312.6,1436.0,42.0,110.0,0
2.0,296.9,307.9,1547.0,32.6,79.0,0
0.0,298.4,308.0,1526.0,41.1,162.0,0
1.0,296.7,307.4,1540.0,38.7,45.0,0
1.0,295.5,306.1,1822.0,24.3,164.0,0
0.0,298.2,308.0,1535.0,38.0,179.0,0
0.0,298.6,308.3,1278.0,60.5,32.0,0
0.0,297.0,307.6,1513.0,42.4,124.0,0
0.0,303.3,311.3,1409.0,51.8,16.0,0
2.0,297.8,308.4,1512.0,35.1,138.0,0
0.0,297.9,309.1,1457.0,44.4,28.0,0
0.0,300.9,310.3,1321.0,48.8,150.0,0
1.0,298.1,308.8,1811.0,25.4,147.0,0
1.0,302.1,311.3,1453.0,45.1,174.0,0
0.0,298.2,308.4,1355.0,49.4,209.0,0
0.0,302.5,311.1,1571.0,34.2,201.0,0
1.0,298.8,310.0,1529.0,38.5,77.0,0
0.0,297.0,307.8,1316.0,61.2,200.0,1
0.0,301.5,310.8,1382.0,52.4,165.0,0
2.0,297.3,308.4,1531.0,35.6,16.0,0
0.0,300.3,309.6,1404.0,44.6,87.0,0
1.0,300.6,311.0,1401.0,54.6,94.0,0
0.0,301.7,309.9,1317.0,49.0,187.0,1
0.0,300.0,309.6,1364.0,45.9,16.0,0
0.0,297.7,308.7,1688.0,27.2,125.0,0
1.0,304.1,313.3,1725.0,28.3,177.0,0
0.0,299.2,308.9,1430.0,39.1,117.0,0
0.0,298.8,309.1,1512.0,40.7,156.0,0
2.0,302.6,312.0,1657.0,29.3,37.0,0
0.0,297.4,308.7,1638.0,31.9,131.0,0
0.0,299.3,309.0,1786.0,23.5,100.0,0
1.0,297.5,308.4,1369.0,54.8,145.0,0
0.0,300.8,312.4,1365.0,44.5,129.0,0
0.0,302.5,311.9,1553.0,40.1,187.0,0
0.0,298.1,307.5,1493.0,43.7,153.0,0
0.0,302.3,311.7,1611.0,38.6,143.0,0
0.0,298.1,309.0,1497.0,40.5,58.0,0
0.0,303.5,312.6,1496.0,39.0,21.0,0
2.0,300.6,310.0,1419.0,42.4,90.0,0
0.0,298.6,309.4,1440.0,48.2,136.0,0
1.0,297.5,308.8,1455.0,46.1,147.0,0
1.0,298.7,309.4,1375.0,48.3,157.0,0
0.0,300.9,310.7,1389.0,50.0,214.0,0
0.0,298.9,309.1,1452.0,45.5,196.0,0
1.0,303.9,313.2,1570.0,40.7,74.0,0
1.0,298.0,309.0,1409.0,49.1,85.0,0
0.0,297.2,308.3,1805.0,25.6,103.0,0
0.0,297.1,308.3,1496.0,45.8,190.0,0
0.0,300.7,310.7,1541.0,41.3,82.0,0
1.0,298.8,310.1,1243.0,74.5,194.0,1
0.0,298.2,308.3,1304.0,49.8,45.0,0
2.0,301.0,310.9,1916.0,22.0,42.0,0
2.0,303.3,312.6,1827.0,24.2,132.0,0
0.0,298.0,307.5,1792.0,27.9,217.0,0
0.0,304.1,313.2,1824.0,25.8,186.0,0
0.0,298.6,310.0,1522.0,40.3,32.0,0
0.0,299.2,309.0,1515.0,48.9,228.0,1
0.0,298.0,308.5,1664.0,28.3,196.0,0
1.0,298.8,308.6,1500.0,37.1,210.0,0
0.0,303.5,311.9,1405.0,45.6,10.0,0
1.0,298.8,309.0,1661.0,29.5,162.0,0
0.0,302.8,311.0,1564.0,38.5,85.0,0
2.0,300.8,310.4,1419.0,46.4,200.0,0
0.0,303.3,312.1,1418.0,44.7,83.0,0
0.0,300.2,311.4,1463.0,37.5,145.0,0
0.0,298.4,307.9,1743.0,27.3,134.0,0
0.0,301.5,311.1,2076.0,18.7,103.0,0
0.0,297.3,308.6,1273.0,59.8,182.0,0
1.0,300.1,309.1,1533.0,38.0,26.0,0
0.0,300.7,311.1,1688.0,30.7,161.0,0
0.0,299.1,310.1,1894.0,24.2,22.0,0
1.0,298.7,309.9,1654.0,29.1,195.0,0
0.0,300.9,310.4,1536.0,34.2,45.0,0
1.0,300.5,311.9,1323.0,57.9,155.0,0
0.0,303.5,313.0,1606.0,34.0,126.0,0
1.0,302.2,311.3,1521.0,40.6,52.0,0
0.0,298.3,310.1,1523.0,45.9,99.0,0
0.0,300.7,310.1,1376.0,50.8,75.0,0
0.0,299.9,309.0,1553.0,40.0,88.0,0
2.0,300.7,310.2,1479.0,52.3,9.0,0
0.0,301.6,310.6,1478.0,36.6,218.0,0
1.0,300.5,309.7,1685.0,29.4,140.0,0
2.0,304.0,313.2,1517.0,43.1,96.0,0
0.0,300.0,310.4,1505.0,44.9,133.0,0
1.0,297.6,309.6,1330.0,53.1,7.0,0
0.0,298.8,309.1,1489.0,49.1,128.0,0
0.0,300.7,309.7,1598.0,33.7,149.0,0
0.0,298.2,309.1,1429.0,48.5,164.0,0
0.0,299.3,309.0,1516.0,38.7,64.0,0
0.0,300.0,309.4,1460.0,43.5,102.0,0
0.0,301.1,309.8,1493.0,38.9,149.0,0
0.0,298.3,309.4,1468.0,46.2,10.0,0
0.0,300.1,309.7,1362.0,49.1,23.0,0
0.0,298.6,309.6,1423.0,42.7,82.0,0
1.0,298.7,308.3,1349.0,46.6,74.0,0
0.0,300.5,309.8,1445.0,43.9,164.0,0
1.0,298.9,309.8,1353.0,53.7,71.0,0
0.0,302.2,311.7,1412.0,44.5,204.0,0
0.0,298.3,308.4,1484.0,43.4,172.0,0
0.0,298.5,309.5,1385.0,46.3,203.0,1
0.0,301.8,310.7,1523.0,43.3,60.0,0
1.0,297.9,308.8,1602.0,32.1,59.0,0
1.0,302.5,310.3,1488.0,41.8,160.0,0
0.0,298.9,309.8,1411.0,56.3,84.0,0
0.0,300.3,309.2,1649.0,32.4,50.0,0
0.0,299.4,310.8,1391.0,48.9,139.0,0
1.0,302.5,311.4,1636.0,35.0,157.0,0
1.0,302.7,312.0,1652.0,31.0,81.0,0
1.0,300.7,311.7,1504.0,36.9,229.0,0
0.0,300.7,310.8,1597.0,30.5,38.0,0
0.0,302.6,310.5,1450.0,43.2,68.0,0
0.0,301.9,310.3,1972.0,21.3,67.0,0
0.0,299.0,308.7,1426.0,38.6,16.0,0
1.0,300.5,312.0,1985.0,19.3,143.0,0
1.0,300.7,310.8,1506.0,44.0,97.0,0
0.0,299.6,310.6,1642.0,35.1,149.0,0
1.0,298.6,309.7,1280.0,64.1,71.0,0
0.0,297.9,309.9,1472.0,45.0,183.0,0
0.0,298.3,308.0,1242.0,62.0,98.0,0
1.0,299.2,308.4,1529.0,43.0,50.0,0
1.0,302.3,311.7,1368.0,53.6,165.0,0
2.0,300.3,309.9,1405.0,52.1,205.0,0
0.0,300.7,310.6,1654.0,34.2,89.0,0
1.0,301.1,311.3,1389.0,53.3,8.0,0
0.0,298.2,308.9,1444.0,53.1,83.0,0
0.0,296.9,308.1,1435.0,45.3,62.0,0
1.0,303.6,312.1,1967.0,20.9,2.0,0
1.0,298.3,308.6,1589.0,37.1,137.0,0
0.0,298.9,310.3,1456.0,44.1,118.0,0
0.0,298.8,308.7,1635.0,35.2,47.0,0
0.0,301.0,310.9,1568.0,38.2,172.0,0
0.0,298.0,307.5,1618.0,35.2,31.0,0
0.0,299.4,309.2,1621.0,34.5,48.0,0
0.0,297.5,308.9,1469.0,44.0,185.0,0
0.0,297.1,307.9,1342.0,49.1,179.0,0
1.0,296.8,307.4,1455.0,49.9,102.0,0
0.0,298.7,310.1,1620.0,34.8,112.0,0
0.0,301.0,310.8,1375.0,57.2,20.0,0
0.0,303.1,311.3,1336.0,52.6,172.0,1
1.0,300.6,309.4,1541.0,35.2,105.0,0
0.0,297.4,309.0,1505.0,39.2,209.0,0
1.0,301.2,310.7,1394.0,42.8,168.0,0
1.0,298.7,310.1,1402.0,69.7,64.0,1
0.0,298.2,308.7,1436.0,49.1,26.0,0
0.0,299.0,310.0,1360.0,48.1,37.0,0
1.0,299.9,309.8,1625.0,41.2,109.0,0
1.0,300.9,310.0,1416.0,46.6,201.0,0
2.0,300.7,309.6,1925.0,20.5,9.0,0
0.0,301.2,311.2,1558.0,34.1,204.0,0
0.0,300.4,311.7,1460.0,39.6,162.0,0
1.0,302.4,310.3,1378.0,54.3,165.0,1
1.0,296.4,307.2,2071.0,19.4,183.0,0
0.0,300.2,311.7,1603.0,30.5,176.0,0
1.0,300.3,309.8,1444.0,42.0,3.0,0
1.0,297.3,308.5,1520.0,42.4,171.0,0
0.0,297.5,308.8,1530.0,37.8,157.0,0
0.0,300.7,310.2,1286.0,64.9,160.0,0
0.0,300.6,309.4,1556.0,36.0,98.0,0
1.0,299.5,310.7,1423.0,56.5,7.0,0
0.0,297.3,308.7,1491.0,40.2,112.0,0
2.0,300.4,311.9,1438.0,46.7,41.0,0
2.0,298.1,309.1,1425.0,44.5,49.0,0
0.0,303.6,312.9,1588.0,31.9,53.0,0
0.0,299.8,309.2,1491.0,47.5,216.0,0
2.0,299.9,309.6,1410.0,51.2,98.0,0
0.0,302.5,311.5,1700.0,29.5,133.0,0
1.0,303.6,312.8,2659.0,11.4,26.0,1
1.0,302.3,310.7,1559.0,33.9,119.0,0
0.0,301.5,310.6,1405.0,42.3,83.0,0
0.0,298.8,309.8,1493.0,38.5,132.0,0
2.0,302.7,312.0,1484.0,41.5,65.0,0
0.0,303.1,312.4,1404.0,61.5,127.0,1
0.0,300.0,311.4,1374.0,41.9,96.0,0
0.0,298.3,308.8,1645.0,30.4,33.0,0
0.0,301.8,310.6,1192.0,68.9,135.0,0
1.0,299.9,309.2,1574.0,36.5,177.0,0
0.0,301.9,310.9,1379.0,54.8,99.0,0
1.0,298.2,308.7,1599.0,36.2,28.0,0
1.0,298.7,309.7,1622.0,34.6,8.0,0
0.0,300.0,309.7,1326.0,61.9,80.0,0
0.0,301.9,311.0,1376.0,44.9,186.0,0
0.0,300.9,309.6,1384.0,42.4,131.0,0
0.0,299.8,311.1,1300.0,64.2,165.0,0
1.0,303.0,312.3,1483.0,38.8,114.0,0
0.0,299.2,308.5,1374.0,53.6,143.0,0
1.0,300.4,310.1,1457.0,35.1,193.0,0
2.0,301.7,311.2,1639.0,30.0,161.0,0
0.0,302.3,310.9,1377.0,46.8,166.0,1
0.0,297.4,308.6,1446.0,48.1,88.0,0
1.0,300.8,310.2,1598.0,36.5,195.0,0
0.0,300.5,311.9,1350.0,51.7,18.0,0
1.0,300.4,311.8,1707.0,30.0,165.0,0
0.0,299.9,311.0,1747.0,27.6,177.0,0
1.0,304.0,313.0,1685.0,28.2,66.0,0
1.0,300.2,310.3,1704.0,29.4,221.0,0
0.0,297.9,309.4,1558.0,35.7,39.0,0
0.0,297.2,308.5,1588.0,40.4,190.0,0
2.0,300.6,311.7,1427.0,44.6,87.0,0
0.0,303.9,313.0,1403.0,48.3,10.0,0
0.0,296.3,307.4,1472.0,39.9,51.0,0
0.0,298.0,309.1,1820.0,23.6,120.0,0
1.0,300.4,311.5,1476.0,32.6,144.0,0
2.0,303.6,312.2,1371.0,54.6,112.0,1
0.0,299.6,311.0,1554.0,36.3,62.0,0
0.0,302.9,312.2,1513.0,37.8,92.0,0
0.0,297.5,308.9,1581.0,30.4,155.0,0
1.0,302.3,311.7,1341.0,46.3,194.0,0
2.0,300.1,311.4,1485.0,40.4,75.0,0
0.0,297.6,309.6,1501.0,49.8,222.0,1
0.0,300.2,311.3,1487.0,36.9,71.0,0
1.0,301.3,311.0,1495.0,40.8,148.0,0
0.0,302.5,311.5,1802.0,26.4,192.0,0
0.0,302.6,312.1,1288.0,68.5,0.0,1
1.0,297.4,308.5,1497.0,36.4,56.0,0
0.0,300.3,310.2,1492.0,52.3,2.0,0
0.0,303.1,312.4,1407.0,41.2,107.0,0
0.0,300.4,309.5,1349.0,50.4,30.0,0
0.0,302.3,310.7,1402.0,50.9,157.0,0
0.0,301.4,310.6,1578.0,33.0,181.0,0
0.0,300.8,310.0,1468.0,52.7,178.0,0
1.0,300.3,311.1,1477.0,44.2,166.0,0
0.0,299.2,308.5,1366.0,49.7,74.0,0
1.0,297.9,309.6,1515.0,38.8,124.0,0
0.0,301.3,310.4,1414.0,51.4,199.0,0
1.0,304.0,312.7,1456.0,51.2,160.0,0
0.0,300.5,310.5,1695.0,26.7,28.0,0
1.0,301.3,311.1,1438.0,43.0,137.0,0
0.0,297.9,308.0,1501.0,36.7,4.0,0
2.0,302.4,311.9,1366.0,47.3,162.0,0
1.0,301.1,311.1,1384.0,42.5,185.0,0
0.0,303.5,312.0,1366.0,54.5,30.0,1
2.0,302.4,310.2,1435.0,44.9,127.0,0
1.0,299.9,309.5,1582.0,38.2,160.0,0
1.0,300.9,311.3,1801.0,24.6,100.0,0
0.0,299.8,311.1,1603.0,35.1,179.0,0
0.0,297.2,308.3,1576.0,35.3,113.0,0
1.0,300.3,309.5,1665.0,31.4,32.0,0
1.0,298.8,309.7,1589.0,35.3,149.0,0
1.0,300.4,309.8,1517.0,40.3,149.0,0
0.0,300.9,312.1,1359.0,51.7,146.0,0
1.0,299.8,309.7,1320.0,61.7,134.0,0
0.0,298.9,308.5,1503.0,40.6,145.0,0
0.0,298.7,310.0,1637.0,31.8,42.0,0
0.0,303.8,312.8,1428.0,53.3,152.0,0
0.0,303.5,312.6,1602.0,34.2,108.0,0
0.0,299.0,310.2,1494.0,40.6,67.0,0
0.0,301.0,310.5,1429.0,39.4,98.0,0
0.0,298.9,309.9,1590.0,31.3,98.0,0
0.0,300.6,309.6,1426.0,53.6,66.0,0
1.0,297.7,309.0,1504.0,40.4,35.0,0
2.0,300.5,309.4,1502.0,34.3,40.0,0
0.0,299.7,310.6,1675.0,31.3,129.0,0
1.0,297.6,308.3,1567.0,34.6,71.0,0
0.0,300.3,310.4,1742.0,25.9,7.0,0
0.0,296.8,307.6,1338.0,44.4,128.0,0
0.0,298.2,307.9,1551.0,36.0,186.0,0
0.0,298.1,308.0,1638.0,35.1,38.0,0
0.0,296.0,306.7,1917.0,21.0,127.0,0
0.0,300.1,309.7,1485.0,45.9,100.0,0
0.0,300.9,310.1,2090.0,17.8,133.0,0
0.0,302.5,312.0,1495.0,38.8,186.0,0
0.0,297.4,308.3,1493.0,41.2,43.0,0
1.0,300.5,309.4,1877.0,23.8,31.0,0
1.0,296.8,307.9,1418.0,47.9,127.0,0
1.0,301.6,310.5,1414.0,49.3,106.0,0
0.0,303.7,312.5,1433.0,53.6,185.0,0
0.0,297.5,308.3,1437.0,42.3,29.0,0
0.0,301.2,310.8,1711.0,28.9,38.0,0
1.0,297.3,308.3,1657.0,31.1,8.0,0
0.0,300.2,311.6,1529.0,35.5,21.0,0
1.0,299.9,309.2,1353.0,49.8,182.0,0
0.0,299.1,310.4,1450.0,40.9,85.0,0
1.0,300.2,310.2,1438.0,51.5,7.0,0
0.0,301.5,310.7,1596.0,35.4,150.0,0
2.0,300.4,309.3,1396.0,51.2,54.0,0
0.0,297.7,309.2,1391.0,44.5,159.0,0
1.0,301.7,311.1,1506.0,39.5,158.0,0
0.0,301.5,311.1,1458.0,41.4,123.0,0
2.0,303.7,312.8,1488.0,42.8,54.0,0
1.0,302.0,311.2,1400.0,49.5,20.0,0
0.0,297.9,307.6,1968.0,20.4,171.0,0
0.0,303.9,312.7,1800.0,24.3,158.0,0
1.0,298.1,308.9,1417.0,39.2,65.0,0
1.0,298.5,309.6,1502.0,39.4,84.0,0
0.0,302.6,311.5,1609.0,36.0,162.0,0
1.0,302.0,310.6,1623.0,34.3,9.0,0
0.0,300.4,309.7,1314.0,50.2,179.0,0
0.0,298.5,308.2,1595.0,32.3,46.0,0
0.0,301.1,312.3,1464.0,35.3,65.0,0
2.0,298.8,309.9,1466.0,44.6,66.0,0
1.0,300.3,311.3,1377.0,53.8,125.0,0
2.0,302.7,312.1,1478.0,36.0,191.0,0
1.0,300.2,309.4,1433.0,48.8,191.0,0
0.0,299.8,309.1,1578.0,42.1,191.0,0
0.0,303.7,312.8,1437.0,51.3,42.0,0
0.0,300.4,311.0,1802.0,26.0,197.0,0
0.0,298.8,309.7,1609.0,40.4,169.0,0
2.0,298.8,309.0,1497.0,43.8,147.0,0
1.0,300.4,310.2,1613.0,36.9,231.0,0
0.0,301.5,310.4,1918.0,21.8,9.0,0
0.0,303.0,312.6,1451.0,42.1,125.0,0
0.0,300.6,310.3,1648.0,30.5,217.0,1
0.0,298.6,309.8,1704.0,28.3,64.0,0
2.0,302.8,312.3,1483.0,47.2,223.0,0
0.0,300.9,310.9,1497.0,43.2,62.0,0
0.0,302.9,312.4,1698.0,33.8,202.0,0
0.0,299.4,308.8,1627.0,32.6,124.0,0
1.0,295.7,306.2,1739.0,25.9,94.0,0
1.0,300.4,311.7,1398.0,42.6,176.0,0
0.0,297.1,308.2,1347.0,50.8,49.0,0
0.0,297.9,308.6,2262.0,15.7,125.0,0
1.0,300.1,309.2,1454.0,44.4,19.0,0
0.0,300.5,309.7,1560.0,30.2,139.0,0
0.0,302.6,311.6,1638.0,29.6,160.0,0
1.0,297.3,308.4,1434.0,44.8,21.0,0
1.0,302.7,311.6,2709.0,9.7,2.0,1
1.0,298.0,307.5,1431.0,52.9,92.0,0
0.0,298.0,308.5,1461.0,48.0,68.0,0
1.0,297.1,308.5,1515.0,42.1,81.0,0
0.0,298.9,308.9,1453.0,40.8,11.0,0
2.0,298.3,310.0,1419.0,47.1,105.0,0
1.0,301.5,310.5,1308.0,60.5,139.0,0
1.0,300.6,309.8,1447.0,42.9,12.0,0
0.0,300.0,309.0,2174.0,16.9,112.0,0
0.0,298.1,307.7,1523.0,37.7,80.0,0
0.0,299.0,310.3,1577.0,40.0,181.0,0
0.0,302.0,310.0,1664.0,28.6,190.0,0
0.0,300.8,310.6,1666.0,36.2,144.0,0
0.0,299.4,308.6,1746.0,26.8,107.0,0
2.0,302.5,311.8,2370.0,14.7,198.0,0
2.0,300.5,310.6,1378.0,51.5,166.0,0
2.0,297.3,308.1,1554.0,42.4,158.0,0
1.0,299.3,309.1,1376.0,46.7,49.0,0
1.0,300.6,310.7,1457.0,36.7,193.0,0
1.0,297.9,309.1,1614.0,38.1,62.0,0
0.0,300.9,310.6,1504.0,46.4,129.0,0
0.0,298.3,309.6,1420.0,44.1,197.0,0
1.0,298.3,308.8,1391.0,50.4,13.0,0
1.0,302.7,310.5,1880.0,22.7,207.0,0
0.0,300.6,310.2,1622.0,34.1,3.0,0
0.0,304.1,313.4,1374.0,56.6,115.0,0
0.0,298.9,309.0,1601.0,32.3,202.0,0
0.0,300.7,310.8,1534.0,41.3,69.0,0
2.0,300.9,311.0,1853.0,23.6,122.0,0
0.0,303.8,312.7,1838.0,27.8,181.0,0
1.0,303.6,312.5,1459.0,48.2,17.0,0
0.0,298.8,308.5,1395.0,44.4,33.0,0
2.0,300.5,310.7,1654.0,28.6,161.0,0
0.0,300.5,311.6,1385.0,54.8,173.0,0
1.0,304.1,313.5,1470.0,45.8,85.0,0
1.0,304.2,313.7,2113.0,18.4,139.0,0
0.0,300.7,310.2,1387.0,50.6,83.0,0
1.0,300.0,309.2,1635.0,32.4,4.0,0
0.0,297.6,309.3,1543.0,34.3,8.0,0
1.0,300.9,310.5,1444.0,43.2,27.0,0
0.0,302.7,310.5,1446.0,40.9,211.0,1
1.0,300.7,310.5,1594.0,31.0,196.0,0
0.0,298.7,309.7,1393.0,45.7,99.0,0
0.0,299.7,311.1,1690.0,30.6,148.0,0
0.0,298.9,308.7,1572.0,34.1,80.0,0
0.0,298.3,307.9,1766.0,26.5,145.0,0
0.0,301.5,310.7,1424.0,51.1,22.0,0
0.0,303.9,313.1,1425.0,49.3,199.0,0
1.0,300.7,311.3,1487.0,39.8,50.0,0
0.0,297.0,308.1,1489.0,44.1,96.0,0
0.0,296.7,307.9,1690.0,29.6,119.0,0
1.0,303.7,312.8,1685.0,31.8,203.0,0
2.0,297.7,308.4,1738.0,27.7,96.0,0
0.0,300.6,310.4,1556.0,37.7,122.0,0
0.0,299.8,310.3,1687.0,30.4,33.0,0
0.0,302.1,310.6,1459.0,47.6,93.0,0
0.0,303.2,311.4,1324.0,54.2,228.0,1
1.0,300.8,310.3,1458.0,43.4,0.0,0
0.0,299.2,310.7,1737.0,27.0,225.0,1
0.0,297.5,308.2,1647.0,31.3,3.0,0
1.0,299.2,309.0,1881.0,23.9,137.0,0
0.0,300.0,309.6,1738.0,28.7,51.0,0
0.0,298.8,309.8,1437.0,42.8,23.0,0
1.0,300.2,311.7,1597.0,39.5,68.0,0
0.0,299.8,309.7,1431.0,40.3,101.0,0
0.0,303.4,312.3,1663.0,33.9,78.0,0
0.0,300.7,310.7,1442.0,43.2,49.0,0
0.0,298.8,309.8,1485.0,42.4,74.0,0
2.0,300.7,310.6,1631.0,32.6,43.0,0
0.0,302.3,311.6,1398.0,49.1,119.0,0
0.0,299.9,310.5,1539.0,32.8,213.0,0
1.0,300.9,311.3,1603.0,31.8,190.0,0
1.0,298.8,308.7,1543.0,38.2,44.0,0
1.0,304.3,313.4,1482.0,43.8,41.0,0
0.0,300.7,310.4,1366.0,52.6,205.0,0
0.0,302.3,310.8,1723.0,26.3,213.0,0
1.0,303.7,312.4,1642.0,32.3,206.0,0
0.0,301.0,311.4,1478.0,39.5,75.0,0
0.0,301.7,310.8,1559.0,44.5,135.0,0
1.0,298.6,308.4,1778.0,28.2,161.0,0
1.0,295.8,306.6,1480.0,43.2,92.0,0
1.0,299.3,309.3,1471.0,46.0,42.0,0
1.0,298.8,309.8,1551.0,36.6,15.0,0
1.0,304.2,313.2,1380.0,48.7,17.0,0
1.0,298.9,310.0,1520.0,35.6,48.0,0
0.0,297.6,308.4,1517.0,34.2,66.0,0
1.0,298.1,307.9,1463.0,47.3,206.0,0
0.0,302.4,310.2,1400.0,53.7,175.0,0
0.0,299.6,309.0,1413.0,48.5,153.0,0
0.0,304.0,313.2,1632.0,30.6,121.0,0
2.0,303.8,312.9,1570.0,35.8,147.0,0
0.0,301.9,310.4,1286.0,62.8,22.0,1
2.0,300.6,310.6,1830.0,26.2,78.0,0
0.0,297.5,309.2,1426.0,44.8,24.0,0
1.0,303.0,312.5,1524.0,42.1,76.0,0
0.0,298.3,309.3,1401.0,51.9,14.0,0
1.0,301.4,311.0,1427.0,43.2,13.0,0
0.0,302.0,309.8,1456.0,58.1,145.0,0
0.0,300.5,311.9,1431.0,49.4,37.0,0
1.0,297.2,308.4,1863.0,26.0,110.0,0
0.0,297.8,307.4,1355.0,45.8,60.0,0
0.0,301.1,311.1,1429.0,42.5,123.0,0
0.0,302.1,311.2,1492.0,45.0,162.0,0
0.0,301.6,311.1,1907.0,21.5,102.0,0
0.0,301.9,311.0,2691.0,12.1,31.0,1
0.0,299.2,309.0,1615.0,33.7,193.0,0
1.0,298.8,308.4,1604.0,29.5,14.0,0
0.0,298.9,310.3,1496.0,36.3,161.0,0
1.0,301.7,311.0,1311.0,55.8,39.0,0
1.0,300.6,309.4,1312.0,45.2,73.0,0
0.0,302.7,310.9,1395.0,48.3,80.0,0
0.0,299.0,310.2,1377.0,62.5,92.0,1
1.0,302.3,311.4,1500.0,40.2,30.0,0
0.0,298.5,309.6,1585.0,32.2,89.0,0
0.0,303.4,312.3,1287.0,54.8,54.0,0
0.0,298.8,310.1,1481.0,47.4,187.0,0
2.0,300.7,309.5,1667.0,30.5,29.0,0
0.0,300.3,309.3,1345.0,53.5,192.0,0
0.0,298.9,310.1,1495.0,42.9,175.0,0
1.0,297.7,307.2,1405.0,43.7,2.0,0
0.0,298.3,307.6,1942.0,20.6,176.0,0
1.0,303.5,312.9,1530.0,34.5,110.0,0
0.0,298.5,309.4,1911.0,21.5,164.0,0
0.0,303.4,312.7,1534.0,35.5,98.0,0
1.0,298.5,309.7,1557.0,37.7,86.0,0
0.0,301.2,310.0,1618.0,37.6,32.0,0
1.0,302.0,311.3,1725.0,27.7,23.0,0
1.0,303.0,312.5,1602.0,33.7,135.0,0
1.0,301.7,310.6,1505.0,44.5,146.0,0
2.0,298.4,308.9,1782.0,23.9,24.0,0
0.0,299.3,308.9,1376.0,60.3,163.0,0
0.0,297.7,309.3,1893.0,24.6,15.0,0
0.0,295.6,306.0,1370.0,52.4,115.0,0
0.0,300.0,311.5,1749.0,28.3,83.0,0
0.0,297.5,308.8,1309.0,57.3,0.0,0
0.0,302.3,311.5,1384.0,50.8,13.0,0
1.0,302.2,311.0,1436.0,47.0,187.0,0
0.0,303.5,312.5,1457.0,46.4,168.0,0
0.0,300.9,310.8,1517.0,44.3,4.0,0
2.0,300.6,311.1,1452.0,40.2,28.0,0
1.0,301.3,311.2,1438.0,42.4,7.0,0
0.0,300.5,309.5,1255.0,62.1,138.0,0
0.0,300.5,311.6,1497.0,40.5,180.0,0
2.0,297.5,308.7,1416.0,39.2,74.0,0
0.0,303.6,312.6,1540.0,39.8,21.0,0
1.0,302.3,311.4,1484.0,39.5,22.0,0
0.0,301.9,310.7,1717.0,26.8,27.0,0
0.0,300.9,311.5,1505.0,41.1,129.0,0
0.0,300.7,310.8,1479.0,49.1,71.0,0
1.0,298.9,309.0,1924.0,22.6,193.0,0
0.0,300.5,309.8,1428.0,43.8,119.0,0
1.0,297.3,307.8,1538.0,48.0,171.0,0
0.0,300.4,311.8,1636.0,32.3,7.0,0
0.0,300.6,310.9,1472.0,47.6,75.0,0
0.0,302.3,310.1,1388.0,49.9,48.0,0
0.0,300.7,310.8,1475.0,42.0,147.0,0
0.0,300.6,309.6,1290.0,57.4,119.0,0
0.0,301.2,310.6,1389.0,45.3,64.0,0
2.0,298.3,307.9,1420.0,39.2,176.0,0
1.0,298.6,308.2,1488.0,44.0,43.0,0
0.0,302.5,311.5,1603.0,32.4,194.0,0
1.0,299.6,310.9,1630.0,29.8,206.0,0
0.0,301.0,312.2,1264.0,59.0,57.0,0
2.0,298.4,308.2,1612.0,32.6,10.0,0
0.0,301.3,311.1,1454.0,40.3,191.0,0
0.0,298.1,309.9,1629.0,32.5,45.0,0
0.0,297.7,309.3,1559.0,36.9,145.0,0
0.0,297.3,308.4,1459.0,39.4,59.0,0
2.0,303.5,311.6,1466.0,47.0,80.0,0
0.0,301.5,310.9,1891.0,23.2,122.0,0
1.0,298.9,310.0,1348.0,58.2,163.0,0
1.0,302.9,312.3,1426.0,44.7,157.0,0
0.0,298.6,309.8,2271.0,16.2,218.0,1
0.0,298.8,309.8,1509.0,36.2,57.0,0
0.0,299.6,310.7,1393.0,52.1,110.0,0
1.0,302.2,311.1,1640.0,32.8,77.0,0
0.0,299.1,308.5,1371.0,55.5,159.0,0
0.0,303.7,312.1,1363.0,51.8,90.0,1
0.0,302.0,310.5,1635.0,39.8,99.0,0
1.0,300.1,309.2,1385.0,46.1,120.0,0
1.0,302.2,310.9,1771.0,27.6,54.0,0
1.0,301.2,310.1,1295.0,56.6,39.0,0
0.0,302.0,310.1,1361.0,45.4,174.0,1
0.0,300.4,310.4,1486.0,46.3,48.0,0
1.0,298.1,307.7,1633.0,30.7,145.0,0
1.0,298.5,308.3,1381.0,50.5,22.0,0
0.0,302.3,311.7,1793.0,25.3,200.0,0
0.0,298.6,309.6,1390.0,50.3,196.0,0
1.0,297.8,307.3,1315.0,54.0,180.0,0
0.0,301.3,310.0,1506.0,40.8,11.0,0
1.0,299.9,310.1,1362.0,56.3,179.0,0
0.0,303.6,312.4,1363.0,53.1,7.0,0
0.0,298.8,309.8,1563.0,33.7,143.0,0
0.0,297.9,309.1,1595.0,32.0,32.0,0
1.0,298.8,310.2,1595.0,33.1,34.0,0
1.0,302.4,310.3,1375.0,52.5,161.0,1
0.0,299.2,308.5,1488.0,40.3,148.0,0
0.0,298.4,309.5,1692.0,28.3,136.0,0
0.0,302.0,310.8,1383.0,50.3,231.0,1
1.0,300.5,309.4,1655.0,32.1,37.0,0
0.0,299.2,310.5,1391.0,45.8,38.0,0
0.0,297.9,307.6,1481.0,38.0,40.0,0
0.0,303.9,313.1,1639.0,29.0,95.0,0
1.0,301.1,310.2,1850.0,27.7,44.0,0
1.0,304.0,313.3,1844.0,27.1,88.0,0
0.0,302.5,311.4,1759.0,24.6,124.0,0
1.0,297.5,308.6,1440.0,38.8,29.0,0
0.0,297.6,309.3,1610.0,35.0,6.0,0
0.0,299.7,309.2,1326.0,64.8,71.0,0
0.0,300.3,309.4,1705.0,29.4,190.0,0
0.0,302.3,311.6,1544.0,34.3,0.0,0
1.0,299.2,308.8,1523.0,38.9,112.0,0
0.0,298.7,309.8,1546.0,40.9,109.0,0
1.0,300.2,309.4,1752.0,27.8,208.0,0
0.0,299.3,309.1,1531.0,37.9,127.0,0
1.0,302.4,311.4,1475.0,45.2,46.0,0
1.0,299.3,308.9,1577.0,34.9,160.0,0
0.0,303.5,311.7,1620.0,31.0,141.0,0
0.0,300.8,312.3,1858.0,26.3,144.0,0
0.0,300.4,309.7,1740.0,31.1,113.0,0
0.0,295.9,306.6,1679.0,30.4,117.0,0
2.0,297.6,309.0,1413.0,40.2,51.0,0
1.0,300.7,309.6,1525.0,36.5,71.0,0
2.0,298.4,308.9,1577.0,37.1,0.0,0
2.0,299.4,309.3,1743.0,28.2,0.0,0
0.0,299.6,310.8,1644.0,30.9,114.0,0
0.0,304.5,313.7,1670.0,32.9,7.0,0
2.0,300.8,311.2,2237.0,17.0,95.0,0
2.0,298.9,308.6,1623.0,31.0,180.0,0
1.0,298.7,310.0,1519.0,38.1,198.0,0
0.0,301.4,310.4,1334.0,43.2,133.0,0
0.0,301.5,310.6,1962.0,20.2,124.0,0
0.0,300.7,310.8,2113.0,18.5,95.0,0
0.0,299.8,309.4,1630.0,32.4,53.0,0
0.0,297.5,308.8,1360.0,50.7,190.0,0
0.0,304.4,313.6,1585.0,38.9,9.0,0
1.0,297.2,308.0,1765.0,31.1,191.0,0
0.0,299.9,309.3,1473.0,40.4,59.0,0
0.0,302.5,310.3,1405.0,57.4,152.0,0
1.0,300.9,310.7,1696.0,27.3,76.0,0
0.0,297.5,308.2,1563.0,38.2,15.0,0
1.0,298.6,310.0,1681.0,35.5,44.0,0
1.0,299.7,309.1,1851.0,24.7,189.0,0
0.0,301.5,310.9,1400.0,50.8,2.0,0
0.0,300.7,311.7,1635.0,32.4,213.0,0
1.0,299.0,308.9,1449.0,39.6,105.0,0
0.0,301.5,310.6,1481.0,46.8,20.0,0
1.0,297.8,307.6,1352.0,49.4,102.0,0
0.0,298.9,308.2,1686.0,30.4,53.0,0
0.0,301.4,311.3,1397.0,42.3,48.0,0
0.0,298.2,307.7,1503.0,38.3,87.0,0
0.0,297.5,308.4,1441.0,44.5,4.0,0
0.0,298.9,310.2,1696.0,30.2,214.0,0
1.0,302.0,310.4,1212.0,55.6,79.0,1
1.0,297.3,308.3,1501.0,38.2,2.0,0
1.0,299.4,309.1,1417.0,47.3,59.0,0
2.0,300.2,311.5,1432.0,43.6,127.0,0
0.0,301.3,311.0,1542.0,33.6,80.0,0
1.0,299.4,309.1,1440.0,50.0,134.0,0
1.0,301.6,310.8,1343.0,49.5,140.0,0
0.0,301.1,311.2,1910.0,20.2,41.0,0
1.0,301.0,310.9,1515.0,41.8,170.0,0
0.0,300.0,311.1,1425.0,47.8,179.0,0
2.0,301.8,311.1,1543.0,36.4,120.0,0
1.0,299.0,310.6,1587.0,34.2,141.0,0
0.0,298.4,307.9,1544.0,35.9,132.0,0
0.0,300.5,311.4,1709.0,32.3,64.0,0
2.0,298.8,309.6,1516.0,40.2,152.0,0
2.0,298.0,307.8,1314.0,47.8,19.0,0
0.0,300.8,309.7,1461.0,44.3,158.0,0
1.0,296.3,307.2,1286.0,51.1,177.0,0
0.0,302.6,310.3,1479.0,40.4,105.0,0
0.0,302.8,312.1,1441.0,52.1,79.0,0
2.0,298.2,308.8,1837.0,28.4,34.0,0
2.0,299.2,310.6,1434.0,48.4,153.0,0
0.0,302.2,311.6,1383.0,44.3,72.0,0
1.0,298.9,309.6,1567.0,34.5,204.0,0
0.0,297.3,308.5,1497.0,47.5,27.0,0
1.0,298.7,309.5,1487.0,33.6,183.0,0
0.0,298.9,308.7,1433.0,44.7,108.0,0
0.0,300.7,309.6,1500.0,44.1,122.0,0
0.0,298.6,310.1,1721.0,27.2,5.0,0
0.0,300.0,311.3,1493.0,41.4,28.0,0
2.0,300.8,311.9,1431.0,48.5,25.0,0
0.0,299.2,308.5,1370.0,52.4,61.0,0
0.0,302.2,311.4,1477.0,41.7,15.0,0
0.0,298.3,308.0,1486.0,42.3,86.0,0
1.0,297.5,308.7,1546.0,38.0,123.0,0
0.0,299.3,308.6,1437.0,48.1,67.0,0
2.0,300.6,310.6,1448.0,44.7,55.0,0
1.0,298.2,308.8,1645.0,28.2,58.0,0
0.0,301.9,310.8,1906.0,21.7,62.0,0
0.0,299.0,309.4,1419.0,48.3,91.0,0
0.0,303.6,312.5,1345.0,54.1,126.0,0
0.0,302.3,311.2,1633.0,36.4,114.0,0
0.0,303.1,311.3,1474.0,34.8,215.0,0
1.0,298.8,309.7,1448.0,44.8,31.0,0
0.0,302.2,311.4,1397.0,53.0,17.0,0
1.0,301.7,310.6,1691.0,27.7,105.0,0
0.0,299.6,309.2,1601.0,33.3,33.0,0
0.0,301.1,311.0,1918.0,21.7,28.0,0
0.0,295.8,306.4,1325.0,56.2,65.0,0
0.0,302.0,310.0,1449.0,48.8,181.0,0
0.0,296.9,307.9,1626.0,29.9,177.0,0
0.0,299.2,309.0,1951.0,21.4,102.0,0
1.0,298.0,307.9,1479.0,47.6,76.0,0
1.0,296.8,308.1,1843.0,24.2,212.0,0
1.0,303.3,312.1,1693.0,30.0,80.0,0
0.0,302.3,311.4,1570.0,37.2,15.0,0
2.0,297.3,308.3,1935.0,19.3,24.0,0
0.0,300.1,311.3,1479.0,39.5,133.0,0
0.0,297.9,308.8,1386.0,48.6,75.0,0
1.0,298.2,308.9,1408.0,38.8,20.0,0
0.0,302.5,312.2,1738.0,25.3,14.0,0
0.0,300.2,311.7,1286.0,55.1,42.0,0
0.0,303.3,311.4,1958.0,21.5,0.0,0
0.0,301.1,310.1,1666.0,27.2,40.0,0
0.0,297.5,308.6,1585.0,37.6,2.0,0
0.0,297.4,308.2,1533.0,37.4,115.0,0
1.0,298.8,310.1,1719.0,28.8,206.0,0
2.0,300.5,311.6,1351.0,53.5,78.0,0
0.0,298.7,309.9,1372.0,54.7,44.0,0
1.0,303.6,312.8,1400.0,43.2,23.0,0
0.0,301.5,310.8,1500.0,41.0,118.0,0
0.0,298.9,309.6,1583.0,39.8,202.0,0
2.0,299.1,308.8,1566.0,46.6,192.0,0
1.0,300.7,310.9,1468.0,41.8,112.0,0
0.0,298.2,307.8,1627.0,31.5,64.0,0
1.0,302.2,311.2,1347.0,49.8,94.0,0
0.0,301.6,311.3,1706.0,29.9,93.0,0
0.0,300.2,309.3,1532.0,43.2,53.0,0
0.0,298.0,308.3,1473.0,42.6,107.0,0
0.0,302.0,310.4,1448.0,43.4,167.0,0
0.0,298.9,308.8,1529.0,32.7,53.0,0
0.0,296.8,307.6,1398.0,46.7,144.0,0
0.0,297.3,308.3,1268.0,60.6,119.0,0
0.0,300.5,312.0,1415.0,44.6,23.0,0
0.0,297.8,308.8,1421.0,49.6,101.0,0
0.0,298.5,308.9,1781.0,27.8,113.0,0
0.0,301.6,310.6,1562.0,34.4,162.0,0
0.0,297.4,308.3,1472.0,45.5,2.0,0
0.0,302.6,312.3,1660.0,30.3,36.0,0
0.0,296.8,307.9,1448.0,48.8,31.0,0
1.0,301.8,309.6,1436.0,49.0,214.0,0
0.0,299.4,308.9,1451.0,40.5,168.0,0
0.0,301.1,311.1,1799.0,21.7,206.0,0
0.0,299.7,310.6,1616.0,35.1,142.0,0
1.0,298.5,309.3,1552.0,36.8,133.0,0
1.0,295.6,306.1,1651.0,28.1,110.0,0
0.0,303.0,311.2,1494.0,37.0,67.0,0
0.0,303.8,313.3,1406.0,52.1,166.0,0
0.0,300.2,309.8,1353.0,59.4,26.0,0
1.0,303.4,312.8,1526.0,30.8,37.0,0
1.0,297.2,308.5,1353.0,46.5,185.0,0
2.0,299.9,309.8,1400.0,48.7,119.0,0
1.0,300.6,309.5,1530.0,40.2,93.0,0
0.0,297.9,307.8,1665.0,33.9,102.0,0
0.0,296.9,308.0,1332.0,53.9,7.0,0
0.0,296.2,307.2,1515.0,36.5,38.0,0
0.0,298.5,309.3,1630.0,33.3,116.0,0
1.0,302.3,311.7,1517.0,37.6,124.0,0
0.0,301.1,310.8,1521.0,41.0,99.0,0
0.0,301.3,310.5,1503.0,48.6,72.0,0
1.0,297.3,308.5,1710.0,27.7,138.0,0
1.0,295.7,306.3,1347.0,50.4,46.0,0
0.0,298.8,309.5,1368.0,44.7,147.0,0
0.0,297.4,309.2,1437.0,40.4,117.0,0
0.0,300.5,311.3,1490.0,41.8,39.0,0
0.0,303.4,311.8,1401.0,53.0,208.0,1
1.0,298.2,309.0,1441.0,44.2,147.0,0
0.0,299.7,310.6,1737.0,26.1,144.0,0
1.0,300.6,310.4,1407.0,51.1,157.0,0
0.0,300.3,311.7,1545.0,43.5,160.0,0
1.0,300.5,311.9,1370.0,44.8,20.0,0
0.0,298.9,308.4,1301.0,51.1,138.0,0
0.0,298.9,309.1,1369.0,44.4,198.0,0
1.0,300.6,309.6,1588.0,37.0,50.0,0
1.0,302.2,311.5,1449.0,44.5,113.0,0
2.0,298.9,310.2,1532.0,37.7,166.0,0
0.0,302.7,311.5,1494.0,41.4,149.0,0
1.0,298.0,309.9,1565.0,33.9,40.0,0
1.0,300.6,310.7,1654.0,32.0,180.0,0
0.0,301.4,310.5,1647.0,33.3,85.0,0
0.0,300.7,309.9,1775.0,26.6,149.0,0
0.0,298.8,310.0,1528.0,36.7,147.0,0
0.0,298.6,310.0,1517.0,41.2,64.0,0
0.0,296.9,307.9,1535.0,39.2,133.0,0
0.0,302.6,311.0,1520.0,42.8,148.0,0
0.0,301.9,310.7,1480.0,47.1,68.0,0
1.0,303.3,312.7,1642.0,33.6,104.0,0
0.0,299.7,309.2,1422.0,40.4,140.0,0
0.0,299.3,309.1,1496.0,37.2,149.0,0
0.0,299.6,311.1,1679.0,30.7,129.0,0
0.0,297.4,308.6,1439.0,46.4,114.0,0
1.0,300.5,309.8,1473.0,42.3,121.0,0
0.0,302.3,310.9,1412.0,48.9,28.0,0
0.0,301.9,310.4,1889.0,21.5,92.0,0
0.0,302.0,309.8,1649.0,31.0,152.0,0
0.0,298.4,309.4,1540.0,43.2,141.0,0
0.0,297.2,308.4,1462.0,51.2,102.0,0
1.0,302.3,311.1,1338.0,53.3,63.0,0
2.0,302.0,309.9,1606.0,34.5,156.0,0
0.0,302.9,312.1,1334.0,54.7,88.0,0
0.0,296.8,307.9,1718.0,25.2,148.0,0
0.0,301.5,310.7,1466.0,43.6,56.0,0
0.0,302.8,310.6,1671.0,30.5,201.0,0
1.0,300.9,309.4,1724.0,25.6,119.0,0
0.0,300.6,309.8,1629.0,37.6,162.0,0
0.0,303.5,312.1,1674.0,30.8,0.0,0
0.0,298.9,310.0,1633.0,31.2,76.0,0
0.0,300.5,312.0,1461.0,38.1,39.0,0
1.0,300.7,310.3,1659.0,29.8,6.0,0
1.0,297.8,307.5,1405.0,46.9,113.0,0
2.0,300.5,311.2,1397.0,45.2,2.0,0
0.0,300.4,311.8,1589.0,42.0,201.0,0
0.0,299.2,308.4,1475.0,38.7,22.0,0
0.0,300.2,311.4,1483.0,44.4,141.0,0
1.0,301.5,310.4,1593.0,36.8,50.0,0
0.0,301.6,310.7,1457.0,40.4,213.0,0
0.0,298.7,310.3,1451.0,40.0,86.0,0
1.0,297.4,308.1,1620.0,31.2,143.0,0
0.0,296.6,307.6,1542.0,37.4,88.0,0
0.0,298.0,307.7,1407.0,43.9,205.0,0
0.0,298.3,308.5,1453.0,42.9,89.0,0
1.0,298.5,309.5,1366.0,61.9,130.0,0
0.0,298.2,307.6,1368.0,51.8,5.0,0
1.0,298.1,307.8,1525.0,35.9,132.0,0
0.0,299.6,309.4,1331.0,46.4,16.0,0
0.0,300.8,310.7,1339.0,59.1,203.0,1
1.0,300.3,311.6,1617.0,32.5,115.0,0
0.0,300.3,309.6,1568.0,39.6,85.0,0
2.0,297.0,308.4,1305.0,54.6,168.0,0
2.0,298.3,308.0,1637.0,30.8,2.0,0
0.0,300.0,310.4,1333.0,49.1,131.0,0
0.0,298.6,309.4,1667.0,35.6,185.0,0
2.0,302.2,311.3,1749.0,29.2,5.0,0
1.0,297.3,308.4,1370.0,50.5,71.0,0
1.0,298.9,309.8,1392.0,43.1,218.0,0
1.0,297.6,308.6,1492.0,35.5,88.0,0
1.0,297.2,308.3,1431.0,43.7,46.0,0
0.0,303.8,312.6,1577.0,41.3,134.0,0
2.0,297.9,307.6,1493.0,36.0,161.0,0
1.0,297.5,308.0,2033.0,16.7,128.0,0
1.0,297.5,309.2,1347.0,55.8,188.0,0
0.0,300.9,312.0,1493.0,38.7,217.0,0
1.0,303.0,311.1,1490.0,43.0,108.0,0
1.0,300.4,311.2,1366.0,56.1,177.0,0
0.0,299.1,308.8,1413.0,42.1,86.0,0
0.0,298.2,308.3,2051.0,19.2,90.0,0
0.0,302.7,312.4,1423.0,51.9,60.0,0
1.0,303.0,312.2,1257.0,71.3,122.0,1
0.0,297.7,307.6,1844.0,21.9,61.0,0
0.0,301.5,310.6,1381.0,50.7,206.0,0
0.0,303.4,311.7,1793.0,25.8,161.0,0
0.0,298.2,308.4,1424.0,47.6,179.0,0
0.0,301.0,311.2,1511.0,42.9,26.0,0
0.0,302.5,311.1,1499.0,38.8,135.0,0
1.0,298.9,309.3,1581.0,30.7,65.0,0
0.0,297.4,308.4,1369.0,50.6,220.0,1
0.0,303.9,313.2,1345.0,48.2,77.0,0
1.0,298.1,308.6,1415.0,46.3,27.0,0
1.0,301.6,310.4,1377.0,44.9,161.0,0
1.0,297.4,308.4,1675.0,29.5,59.0,0
0.0,297.5,309.4,1809.0,24.3,110.0,0
0.0,298.0,307.7,1606.0,30.8,17.0,0
0.0,298.5,308.2,1301.0,66.3,42.0,1
2.0,302.0,310.6,1346.0,54.7,196.0,0
0.0,298.1,308.8,1432.0,43.4,68.0,0
0.0,298.2,307.8,1355.0,51.3,70.0,0
0.0,298.1,308.9,1313.0,50.6,108.0,0
0.0,300.3,311.4,1526.0,38.5,101.0,0
0.0,302.6,311.0,1610.0,39.2,152.0,0
1.0,303.3,311.8,1536.0,40.6,205.0,0
2.0,297.4,308.7,1323.0,51.1,130.0,0
0.0,300.4,309.6,1523.0,38.5,124.0,0
1.0,301.9,311.1,1605.0,40.0,179.0,0
1.0,296.8,307.5,1470.0,45.9,132.0,0
1.0,297.5,309.5,1448.0,43.7,46.0,0
0.0,301.5,310.8,1417.0,49.7,5.0,0
0.0,299.1,308.2,1319.0,60.3,36.0,0
2.0,300.9,310.8,1477.0,38.4,31.0,0
0.0,297.8,308.9,1282.0,58.1,108.0,0
1.0,297.5,309.4,1391.0,58.2,34.0,0
2.0,301.4,309.9,1460.0,47.2,22.0,0
1.0,298.3,310.1,1389.0,49.6,75.0,0
1.0,298.8,310.1,1501.0,48.7,192.0,0
0.0,300.3,310.4,1493.0,37.5,219.0,0
0.0,298.7,309.2,1586.0,31.4,180.0,0
0.0,300.5,309.9,1382.0,46.5,134.0,0
1.0,297.6,308.2,1995.0,20.5,10.0,0
1.0,300.4,309.8,1435.0,43.6,203.0,0
0.0,297.8,307.5,1388.0,40.0,159.0,0
0.0,303.6,312.4,2232.0,16.8,0.0,0
0.0,303.1,311.3,1657.0,31.8,217.0,0
2.0,300.5,309.4,1642.0,36.2,103.0,0
1.0,301.1,310.7,2636.0,12.2,100.0,1
0.0,296.3,307.2,1637.0,31.6,27.0,0
0.0,302.0,310.9,1455.0,43.2,220.0,0
1.0,302.3,311.7,1535.0,38.3,5.0,0
0.0,301.1,309.6,1501.0,36.1,156.0,0
1.0,297.6,308.8,1357.0,49.7,104.0,0
0.0,300.4,309.5,1447.0,39.3,110.0,0
0.0,300.9,310.0,2595.0,13.7,207.0,0
0.0,298.3,307.9,1703.0,28.9,147.0,0
0.0,302.6,310.3,1642.0,33.2,82.0,0
0.0,301.7,310.2,1331.0,61.2,47.0,1
1.0,302.3,311.0,1541.0,36.6,143.0,0
0.0,301.9,310.5,1892.0,21.8,177.0,0
0.0,300.8,309.7,1481.0,38.1,153.0,0
1.0,300.3,309.9,1494.0,38.5,33.0,0
0.0,298.8,310.6,1651.0,33.3,0.0,0
1.0,301.8,310.3,1465.0,46.5,60.0,0
0.0,299.0,308.6,1648.0,30.8,98.0,0
0.0,298.9,309.9,1365.0,46.5,75.0,0
2.0,300.5,310.5,1403.0,47.7,24.0,0
0.0,302.6,311.7,1254.0,54.1,19.0,0
0.0,303.6,313.0,1534.0,39.7,115.0,0
0.0,299.4,310.9,1751.0,27.8,10.0,0
0.0,304.0,313.1,1564.0,50.9,119.0,0
0.0,298.8,309.1,1418.0,46.3,133.0,0
0.0,302.5,311.5,1677.0,29.2,49.0,0
2.0,298.8,309.8,1510.0,44.2,35.0,0
2.0,301.9,310.8,1455.0,42.7,85.0,0
0.0,303.3,311.4,1497.0,46.0,234.0,1
0.0,301.5,310.5,1589.0,36.7,118.0,0
1.0,300.3,309.5,1405.0,49.4,77.0,0
2.0,300.6,311.7,1535.0,33.3,92.0,0
0.0,304.4,313.7,1607.0,33.5,5.0,0
0.0,298.0,308.7,1443.0,49.3,52.0,0
0.0,297.4,309.2,1584.0,42.8,186.0,0
0.0,301.6,310.6,2103.0,19.7,12.0,0
0.0,300.3,310.6,1806.0,24.4,88.0,0
0.0,300.7,310.2,1807.0,24.2,77.0,0
1.0,300.7,310.6,1609.0,27.6,108.0,0
0.0,299.5,309.1,1863.0,22.5,79.0,0
0.0,297.4,308.4,1421.0,46.0,124.0,0
1.0,298.4,309.2,1597.0,33.5,116.0,0
0.0,299.0,310.1,1583.0,35.8,142.0,0
0.0,300.4,311.9,1476.0,48.7,189.0,0
0.0,300.4,310.0,1282.0,66.1,40.0,0
0.0,303.6,312.8,1701.0,30.8,12.0,0
1.0,300.6,309.4,1581.0,35.7,117.0,0
0.0,298.0,308.6,1430.0,57.0,43.0,0
1.0,300.7,310.6,1484.0,38.0,84.0,0
0.0,298.5,309.4,1360.0,60.9,187.0,1
1.0,301.2,309.9,1456.0,50.8,15.0,0
0.0,303.4,311.9,1491.0,38.2,26.0,0
0.0,298.8,309.9,1525.0,39.7,77.0,0
2.0,302.3,310.2,1443.0,54.6,120.0,0
0.0,299.0,308.7,2250.0,16.6,208.0,0
0.0,302.1,310.7,1359.0,49.3,41.0,1
1.0,298.2,308.3,1560.0,33.0,181.0,0
0.0,301.5,311.1,2055.0,16.8,105.0,0
1.0,299.7,311.2,1616.0,42.3,180.0,0
0.0,303.2,311.2,1404.0,50.9,31.0,0
0.0,301.5,310.7,1568.0,33.1,38.0,0
0.0,300.2,309.3,1366.0,49.3,59.0,0
0.0,300.2,309.8,1650.0,29.6,13.0,0
0.0,299.1,310.5,1419.0,48.8,76.0,0
1.0,298.2,307.9,1529.0,36.6,105.0,0
0.0,300.0,311.4,1487.0,41.2,22.0,0
0.0,301.4,310.7,1487.0,44.6,88.0,0
0.0,300.3,311.7,1445.0,47.3,15.0,0
1.0,298.3,309.1,1632.0,32.7,0.0,0
1.0,303.9,313.1,1343.0,61.4,14.0,0
1.0,301.3,310.5,1481.0,39.7,85.0,0
0.0,298.6,309.9,1593.0,37.4,47.0,0
0.0,298.9,308.5,1559.0,34.3,126.0,0
2.0,300.3,309.9,1677.0,30.1,130.0,0
0.0,298.3,310.0,1507.0,44.7,73.0,0
0.0,297.7,308.2,1334.0,53.0,156.0,0
2.0,298.8,310.2,1455.0,44.9,107.0,0
2.0,299.2,310.6,1704.0,30.6,160.0,0
0.0,299.5,309.1,1502.0,44.6,13.0,0
2.0,297.1,307.9,1420.0,39.8,192.0,0
0.0,297.3,307.9,1579.0,34.4,193.0,0
1.0,300.6,310.6,1403.0,50.4,64.0,0
2.0,298.2,308.4,1398.0,51.8,76.0,0
0.0,300.0,309.6,1496.0,38.8,27.0,0
0.0,302.4,311.8,1465.0,40.2,143.0,0
2.0,302.2,311.8,1330.0,62.4,31.0,0
0.0,299.5,309.3,1477.0,40.4,138.0,0
1.0,301.2,310.3,1357.0,54.5,49.0,0
0.0,295.5,306.1,1488.0,40.7,31.0,0
1.0,300.9,310.8,1988.0,19.7,136.0,0
1.0,299.6,310.9,1530.0,38.8,198.0,0
0.0,300.3,311.9,1609.0,34.0,177.0,0
0.0,301.4,310.7,1568.0,35.2,23.0,0
0.0,297.1,308.4,1550.0,37.0,167.0,0
1.0,304.0,313.4,1389.0,45.8,123.0,0
0.0,301.1,310.6,1417.0,47.6,10.0,0
0.0,302.3,310.9,2034.0,19.7,190.0,0
1.0,301.3,310.4,1501.0,39.8,187.0,0
1.0,302.5,312.0,1445.0,54.8,0.0,0
1.0,297.2,308.3,1326.0,57.2,100.0,0
0.0,298.7,309.6,1665.0,31.1,178.0,0
0.0,299.1,310.5,1532.0,36.6,62.0,0
1.0,298.7,309.8,1343.0,53.6,134.0,0
2.0,301.2,310.6,1352.0,52.0,69.0,0
0.0,303.4,312.2,1580.0,35.8,90.0,0
2.0,295.6,306.2,1414.0,42.5,69.0,0
0.0,298.9,310.1,1356.0,47.8,116.0,0
1.0,298.5,309.5,1315.0,48.9,127.0,0
2.0,297.6,308.8,1385.0,44.4,181.0,0
1.0,298.2,307.9,1462.0,38.8,124.0,0
0.0,301.2,310.7,1951.0,21.3,44.0,0
1.0,303.0,311.2,1614.0,35.7,207.0,0
1.0,300.9,311.1,1325.0,61.4,88.0,0
1.0,300.7,309.5,1352.0,44.0,126.0,0
0.0,300.7,311.8,1336.0,58.4,189.0,1
1.0,298.6,309.5,1566.0,38.1,89.0,0
0.0,297.3,308.7,1352.0,53.8,91.0,0
1.0,303.1,311.0,1510.0,47.6,16.0,0
0.0,304.1,313.6,1556.0,37.4,129.0,0
0.0,301.6,310.9,1559.0,40.2,191.0,0
2.0,297.8,309.0,1410.0,48.8,23.0,0
1.0,300.0,311.4,1533.0,42.6,180.0,0
1.0,296.7,307.8,1672.0,32.4,113.0,0
1.0,299.0,308.9,1526.0,41.1,20.0,0
1.0,298.8,310.2,1583.0,35.7,116.0,0
1.0,298.2,309.1,1651.0,28.8,186.0,0
1.0,298.3,309.6,1469.0,54.8,191.0,0
1.0,297.5,308.9,1436.0,44.8,2.0,0
0.0,297.8,307.4,1512.0,40.8,137.0,0
0.0,298.3,308.1,1505.0,46.1,80.0,0
0.0,297.3,308.2,1490.0,41.0,16.0,0
1.0,302.6,311.0,1329.0,48.6,111.0,1
0.0,301.7,310.1,1424.0,50.2,54.0,0
1.0,300.1,311.7,1400.0,48.5,205.0,0
1.0,300.8,310.8,1520.0,38.0,45.0,0
0.0,302.3,310.9,1379.0,49.3,34.0,1
0.0,301.0,310.4,1476.0,43.6,173.0,0
1.0,299.4,309.0,1939.0,19.8,204.0,0
0.0,296.1,307.2,1615.0,30.8,18.0,0
0.0,303.0,311.2,1755.0,30.4,205.0,0
2.0,301.4,310.7,1329.0,52.0,160.0,0
0.0,302.4,310.1,1556.0,32.9,132.0,0
0.0,300.2,309.8,1418.0,49.3,16.0,0
0.0,297.4,308.4,1588.0,32.5,207.0,0
0.0,298.5,309.5,1294.0,66.7,12.0,1
1.0,300.5,311.7,1269.0,64.0,87.0,0
0.0,297.4,308.3,1366.0,45.5,11.0,0
0.0,303.5,311.6,2183.0,17.0,110.0,0
1.0,298.3,308.9,1363.0,46.1,5.0,0
1.0,300.7,310.7,1343.0,51.6,211.0,0
0.0,300.3,311.4,1318.0,52.7,13.0,0
0.0,298.6,309.5,1450.0,44.2,63.0,0
2.0,303.4,311.7,1991.0,19.0,53.0,0
1.0,298.1,308.8,1378.0,53.5,65.0,0
2.0,302.1,311.2,1598.0,37.9,148.0,0
0.0,302.2,311.4,1430.0,43.1,29.0,0
1.0,301.9,310.6,1475.0,47.8,179.0,0
0.0,300.8,309.6,1680.0,28.7,22.0,0
0.0,303.5,311.6,1361.0,46.5,62.0,1
0.0,301.4,310.8,1490.0,38.0,168.0,0
1.0,300.7,310.2,1373.0,44.1,28.0,0
0.0,301.9,310.4,1884.0,23.4,163.0,0
0.0,301.4,310.3,2203.0,16.6,169.0,0
0.0,298.0,309.5,1496.0,45.8,46.0,0
1.0,303.8,312.7,1507.0,38.5,180.0,0
1.0,299.3,309.1,1571.0,38.3,59.0,0
0.0,300.5,311.9,1710.0,28.4,158.0,0
0.0,302.1,310.5,1696.0,30.9,107.0,0
2.0,297.5,308.5,1557.0,39.1,47.0,0
1.0,298.4,309.7,1870.0,22.5,170.0,0
1.0,297.9,309.1,1558.0,39.2,59.0,0
0.0,303.7,312.4,1316.0,59.3,137.0,0
1.0,303.8,313.2,1732.0,29.6,147.0,0
0.0,299.2,309.1,1578.0,38.1,109.0,0
0.0,303.8,312.8,1416.0,58.7,156.0,0
0.0,297.1,308.4,1543.0,39.6,205.0,0
0.0,299.9,309.4,1363.0,60.9,57.0,0
2.0,301.7,310.5,1388.0,50.5,176.0,0
0.0,299.3,309.2,1541.0,37.2,118.0,0
0.0,297.9,309.0,1502.0,40.2,30.0,0
0.0,298.6,308.3,1422.0,40.4,179.0,0
0.0,300.3,311.9,1692.0,31.5,187.0,0
0.0,299.7,309.2,1781.0,29.6,201.0,0
2.0,297.2,308.5,1524.0,41.4,192.0,0
2.0,297.5,308.6,1481.0,38.8,14.0,0
0.0,298.1,307.7,1495.0,48.1,111.0,0
0.0,301.7,311.2,1482.0,43.6,154.0,0
0.0,297.0,307.7,1447.0,46.4,8.0,0
0.0,302.3,311.4,1333.0,66.7,205.0,1
1.0,297.6,308.8,1453.0,39.7,69.0,0
0.0,298.7,308.4,1373.0,46.9,60.0,0
1.0,302.9,311.2,1467.0,37.7,73.0,0
0.0,304.1,313.3,1415.0,50.0,184.0,0
0.0,301.0,311.3,1342.0,50.9,60.0,0
0.0,300.7,311.1,1478.0,46.8,165.0,0
0.0,301.1,310.7,1334.0,48.2,106.0,0
0.0,301.0,310.6,1493.0,37.8,206.0,1
0.0,302.1,311.0,1351.0,49.5,196.0,0
0.0,300.0,309.0,1709.0,32.1,79.0,0
0.0,300.5,310.7,1606.0,33.5,121.0,0
0.0,300.5,311.5,1302.0,49.6,80.0,0
2.0,301.4,310.6,1674.0,33.6,49.0,0
1.0,297.3,308.6,1456.0,42.9,122.0,0
0.0,302.7,310.6,1686.0,26.3,9.0,0
0.0,303.7,312.7,1359.0,56.8,194.0,1
0.0,298.2,308.1,1532.0,42.5,154.0,0
0.0,300.5,309.7,1580.0,42.8,196.0,0
0.0,298.2,308.9,1737.0,25.5,26.0,0
0.0,301.6,310.9,1643.0,34.1,44.0,0
0.0,302.0,310.6,1358.0,53.1,194.0,0
2.0,300.3,309.7,1582.0,30.8,144.0,0
0.0,297.3,308.2,1754.0,26.8,125.0,0
0.0,298.5,308.8,1305.0,58.7,26.0,0
0.0,302.7,312.1,1688.0,32.0,155.0,0
1.0,302.3,311.0,1521.0,34.8,72.0,0
0.0,302.8,312.1,1520.0,39.9,48.0,0
0.0,299.4,308.7,1504.0,37.8,112.0,0
1.0,297.9,307.6,1505.0,40.1,166.0,0
2.0,301.7,310.2,1620.0,30.8,42.0,0
1.0,298.9,310.0,1323.0,52.9,106.0,0
1.0,297.5,308.5,1496.0,42.2,22.0,0
1.0,298.7,309.0,1843.0,25.8,130.0,0
0.0,297.5,308.6,1596.0,36.0,141.0,0
2.0,300.8,311.1,1698.0,24.8,156.0,0
1.0,302.4,311.0,1464.0,44.2,106.0,0
0.0,297.7,308.9,1715.0,27.2,193.0,0
2.0,298.9,309.7,1407.0,48.6,161.0,0
1.0,300.5,310.2,1386.0,48.2,225.0,0
0.0,301.8,310.6,1451.0,50.7,108.0,0
0.0,300.2,310.0,1389.0,53.6,184.0,0
2.0,297.7,308.4,1418.0,51.9,77.0,0
2.0,299.9,310.3,1535.0,43.9,154.0,0
1.0,302.6,310.5,1524.0,33.7,204.0,0
0.0,302.2,311.6,1416.0,54.1,48.0,0
0.0,297.6,308.6,1351.0,51.0,37.0,0
1.0,301.5,310.6,1447.0,41.9,140.0,0
1.0,298.7,309.6,1382.0,48.1,186.0,0
1.0,296.8,307.9,1843.0,25.2,116.0,0
0.0,297.9,308.8,1681.0,31.7,94.0,0
0.0,299.4,309.4,1701.0,31.2,199.0,0
1.0,296.9,307.5,1332.0,51.1,121.0,0
0.0,297.9,307.8,1365.0,46.9,73.0,0
0.0,295.8,306.6,1644.0,35.2,115.0,0
1.0,299.6,309.0,1539.0,36.1,76.0,0
0.0,302.4,310.3,1923.0,23.3,172.0,0
0.0,301.6,309.9,1397.0,43.7,102.0,0
0.0,297.5,308.2,1489.0,40.7,141.0,0
1.0,302.5,312.1,1454.0,47.6,37.0,0
1.0,298.9,308.2,1372.0,63.6,30.0,1
1.0,301.2,310.7,1962.0,22.5,28.0,0
2.0,298.5,309.2,1568.0,40.6,39.0,0
0.0,300.0,309.7,1542.0,47.1,25.0,0
2.0,297.5,308.8,1824.0,24.0,179.0,0
0.0,303.6,312.0,1827.0,23.3,103.0,0
0.0,299.0,309.9,1411.0,44.7,94.0,0
1.0,299.2,310.3,1551.0,44.8,18.0,0
1.0,302.3,311.8,1463.0,35.7,197.0,0
0.0,300.1,310.5,1627.0,29.2,95.0,0
0.0,298.4,310.1,1455.0,42.2,94.0,0
1.0,300.8,311.2,1488.0,40.1,87.0,0
1.0,300.8,311.9,1621.0,28.3,211.0,0
0.0,298.8,308.9,1527.0,32.4,189.0,0
1.0,298.9,310.1,1313.0,56.8,171.0,0
0.0,297.9,308.1,1585.0,33.5,212.0,0
0.0,301.0,312.0,1447.0,36.8,31.0,0
0.0,300.2,311.8,1410.0,51.4,189.0,0
0.0,300.1,309.3,1841.0,23.0,125.0,0
0.0,304.0,313.0,2012.0,21.1,115.0,0
0.0,297.7,308.7,1829.0,24.9,17.0,0
0.0,303.6,312.8,1710.0,27.2,14.0,0
0.0,300.5,311.9,1432.0,43.1,16.0,0
0.0,300.5,312.0,1646.0,29.5,106.0,0
1.0,301.1,311.0,1413.0,46.6,30.0,0
0.0,297.6,308.6,1383.0,47.5,75.0,0
0.0,302.2,311.5,1424.0,45.2,39.0,0
0.0,300.3,309.6,1597.0,31.8,73.0,0
0.0,298.8,310.0,1487.0,41.4,152.0,0
0.0,297.4,308.9,1708.0,28.8,174.0,0
0.0,300.8,310.2,1520.0,37.7,193.0,0
1.0,303.7,312.9,1444.0,52.7,46.0,0
0.0,299.3,310.8,1426.0,42.4,0.0,0
2.0,297.3,308.7,1478.0,47.6,98.0,0
2.0,302.6,311.0,1438.0,51.0,106.0,0
0.0,297.7,309.0,1507.0,38.2,94.0,0
1.0,296.2,306.8,1526.0,42.3,129.0,0
0.0,298.5,309.6,1419.0,41.5,105.0,0
0.0,302.3,311.3,1324.0,47.8,131.0,0
0.0,298.6,309.8,1332.0,46.4,76.0,0
0.0,299.0,310.1,1416.0,45.9,47.0,0
0.0,298.2,307.8,1388.0,48.6,76.0,0
1.0,297.7,308.9,1530.0,39.1,108.0,0
0.0,300.2,310.0,1486.0,40.1,182.0,0
2.0,297.5,308.1,1548.0,38.2,117.0,0
0.0,299.2,309.1,1387.0,48.7,4.0,0
0.0,298.3,309.4,1546.0,36.1,94.0,0
0.0,298.5,309.5,1561.0,34.8,35.0,0
1.0,298.9,308.6,1517.0,39.8,114.0,0
1.0,302.1,311.4,1419.0,36.2,47.0,0
2.0,301.5,310.7,1790.0,26.2,8.0,0
0.0,299.0,310.5,1755.0,27.9,56.0,0
0.0,298.2,308.6,1433.0,39.5,7.0,0
1.0,301.5,310.6,1573.0,37.4,37.0,0
0.0,297.2,308.6,1917.0,24.1,54.0,0
0.0,303.7,312.7,1395.0,53.9,123.0,0
0.0,295.6,306.2,1569.0,35.1,140.0,0
0.0,298.2,308.8,1354.0,60.9,32.0,0
0.0,298.9,310.4,1739.0,26.3,30.0,0
1.0,298.0,309.4,1276.0,65.9,50.0,0
0.0,302.7,310.4,1542.0,35.7,38.0,0
1.0,301.6,310.6,1924.0,23.6,181.0,0
1.0,301.0,310.7,1517.0,40.2,171.0,0
0.0,300.2,309.8,1827.0,23.0,6.0,0
0.0,300.7,311.9,1485.0,38.8,9.0,0
0.0,298.3,309.1,1616.0,31.1,195.0,0
1.0,301.0,311.6,1357.0,45.6,137.0,0
1.0,302.0,310.5,1639.0,32.9,94.0,0
0.0,299.5,310.0,1594.0,35.1,54.0,0
0.0,296.3,307.3,1372.0,57.7,33.0,0
0.0,297.8,307.8,1597.0,38.2,11.0,0
0.0,298.9,310.1,1442.0,48.0,181.0,0
0.0,303.7,312.2,1619.0,34.9,92.0,0
0.0,300.3,309.9,1540.0,39.9,203.0,0
0.0,298.7,310.2,1566.0,33.1,68.0,0
0.0,300.7,309.8,1406.0,48.4,151.0,0
0.0,301.4,311.1,1800.0,26.0,135.0,0
0.0,301.7,309.9,1607.0,37.7,93.0,0
0.0,299.5,309.3,1577.0,36.6,14.0,0
0.0,300.6,310.0,1313.0,52.9,93.0,0
0.0,300.1,311.4,1629.0,31.3,41.0,0
0.0,304.1,313.3,1883.0,24.5,190.0,0
2.0,297.9,307.8,1635.0,34.0,142.0,0
1.0,303.5,313.0,1492.0,46.1,89.0,0
0.0,297.9,309.0,1562.0,35.8,40.0,0
0.0,299.6,310.2,1468.0,48.0,9.0,0
1.0,298.8,308.8,1441.0,40.5,63.0,0
0.0,303.5,312.9,1504.0,44.8,111.0,0
0.0,297.4,308.0,1356.0,51.9,184.0,0
1.0,301.7,310.5,1625.0,35.9,121.0,0
0.0,303.6,312.3,1451.0,43.4,119.0,0
1.0,303.9,313.3,1507.0,34.3,161.0,0
0.0,300.8,310.2,1850.0,22.8,33.0,0
0.0,301.4,310.5,1380.0,48.4,131.0,0
1.0,298.4,308.2,1610.0,35.0,24.0,0
1.0,297.2,308.3,1776.0,28.0,43.0,0
2.0,303.9,313.0,1517.0,36.0,142.0,0
0.0,297.5,308.5,1446.0,41.9,32.0,0
0.0,302.4,310.9,1560.0,31.8,172.0,0
0.0,300.2,311.5,1639.0,31.1,31.0,0
1.0,302.2,311.2,1360.0,52.8,176.0,0
1.0,300.1,311.4,1617.0,39.3,47.0,0
1.0,301.4,310.0,1651.0,29.8,44.0,0
0.0,299.1,310.4,1550.0,43.9,79.0,0
0.0,301.8,310.6,1452.0,48.4,110.0,0
0.0,298.4,309.3,1512.0,35.8,18.0,0
0.0,298.4,309.2,1425.0,45.5,11.0,0
0.0,300.5,309.3,1475.0,46.8,94.0,0
1.0,299.9,311.4,1337.0,54.8,32.0,0
1.0,303.4,312.7,1594.0,32.8,79.0,0
0.0,298.9,309.7,1407.0,41.9,207.0,0
0.0,297.9,307.8,1373.0,50.2,130.0,0
2.0,299.2,310.8,1761.0,30.4,180.0,0
0.0,299.6,309.2,1559.0,39.1,110.0,0
0.0,298.2,309.4,1398.0,52.9,79.0,0
0.0,301.3,310.9,2165.0,17.4,143.0,0
1.0,298.6,309.5,1568.0,36.7,182.0,0
0.0,301.2,311.7,1463.0,48.3,204.0,0
0.0,301.4,310.7,1605.0,34.2,94.0,0
0.0,297.9,307.6,1344.0,54.3,151.0,0
0.0,301.9,310.3,1485.0,46.3,24.0,0
0.0,303.2,311.2,1439.0,43.9,30.0,0
0.0,298.0,309.1,1473.0,44.3,124.0,0
0.0,298.1,308.4,1335.0,40.2,109.0,0
1.0,301.5,311.0,1504.0,42.6,109.0,0
1.0,300.6,311.4,1468.0,40.4,55.0,0
1.0,300.3,309.1,1458.0,44.3,175.0,0
0.0,298.1,308.1,1791.0,27.3,63.0,0
0.0,295.6,306.2,1823.0,25.8,29.0,0
2.0,301.4,310.3,1611.0,41.5,11.0,0
2.0,301.1,310.6,1407.0,43.9,111.0,0
0.0,300.4,311.2,1673.0,28.9,171.0,0
1.0,300.2,309.6,1556.0,35.8,36.0,0
1.0,300.3,309.9,1611.0,29.0,177.0,0
0.0,297.1,308.4,1693.0,29.5,100.0,0
1.0,302.3,311.5,1674.0,30.0,12.0,0
2.0,300.0,309.6,1629.0,32.3,89.0,0
0.0,297.4,308.3,1801.0,26.9,11.0,0
0.0,298.9,308.6,1560.0,32.2,118.0,0
0.0,298.0,307.6,1450.0,48.7,138.0,0
1.0,298.3,308.5,1629.0,37.1,170.0,0
0.0,302.4,311.7,1495.0,36.8,215.0,0
1.0,296.2,307.2,1168.0,63.4,172.0,0
0.0,301.8,310.8,1505.0,41.2,33.0,0
1.0,298.6,309.5,1404.0,43.3,33.0,0
1.0,298.5,308.7,1615.0,33.3,41.0,0
1.0,296.7,307.6,1547.0,34.7,150.0,0
0.0,300.5,311.4,1432.0,47.5,51.0,0
2.0,300.9,310.7,1656.0,30.7,200.0,0
1.0,301.5,310.6,2432.0,14.2,126.0,0
1.0,299.8,311.2,1745.0,26.3,150.0,0
1.0,304.1,313.3,1480.0,38.4,72.0,0
0.0,302.2,311.4,2080.0,19.2,31.0,0
0.0,304.0,312.8,1542.0,42.7,198.0,0
1.0,303.0,312.3,1674.0,29.5,109.0,0
1.0,301.8,311.1,1413.0,42.2,9.0,0
0.0,302.1,310.5,1389.0,49.6,169.0,0
1.0,298.1,308.9,1335.0,50.4,110.0,0
1.0,302.0,310.9,1352.0,55.5,59.0,0
0.0,298.1,308.6,1439.0,44.9,205.0,0
0.0,299.7,309.2,1631.0,35.1,177.0,0
0.0,300.1,311.1,1619.0,33.4,186.0,0
0.0,296.7,307.6,1540.0,38.6,53.0,0
1.0,303.7,312.4,1631.0,28.5,132.0,0
0.0,298.2,308.1,1306.0,58.3,35.0,0
1.0,304.2,313.5,1390.0,47.8,83.0,0
0.0,297.5,309.3,1564.0,37.5,20.0,0
0.0,296.8,307.6,1368.0,52.0,140.0,0
0.0,296.9,307.6,1452.0,45.7,122.0,0
0.0,297.4,308.1,1749.0,25.9,8.0,0
1.0,300.4,311.8,1362.0,47.6,188.0,0
0.0,301.0,310.9,1404.0,41.8,71.0,0
0.0,297.9,309.0,1528.0,37.5,54.0,0
0.0,296.2,307.2,1356.0,43.6,22.0,0
0.0,298.4,308.1,1367.0,57.8,92.0,0
0.0,300.7,311.8,1420.0,47.0,119.0,0
1.0,302.6,310.5,1965.0,20.2,40.0,0
1.0,298.7,308.4,1441.0,43.2,132.0,0
0.0,298.0,308.8,1489.0,36.5,109.0,0
0.0,298.4,309.1,1417.0,40.6,121.0,0
2.0,299.5,310.8,1600.0,32.4,67.0,0
0.0,298.1,308.7,1691.0,30.3,49.0,0
2.0,301.6,310.8,1435.0,47.2,152.0,0
2.0,298.9,310.1,1452.0,49.9,187.0,0
0.0,297.3,309.0,1548.0,37.4,171.0,0
0.0,297.2,308.8,1451.0,43.1,68.0,0
0.0,301.9,309.7,1719.0,31.9,0.0,0
1.0,299.4,310.9,1473.0,40.1,7.0,0
2.0,297.9,308.4,1637.0,34.5,191.0,0
2.0,301.9,311.0,1336.0,63.6,111.0,0
0.0,297.9,307.6,1589.0,37.8,120.0,0
0.0,299.7,309.1,1483.0,41.1,208.0,0
0.0,298.0,309.2,1458.0,39.8,87.0,0
0.0,299.2,308.4,1445.0,43.5,224.0,0
0.0,299.3,309.1,1470.0,41.1,118.0,0
1.0,300.1,311.4,1913.0,21.9,15.0,0
1.0,303.3,311.3,1566.0,46.1,41.0,0
0.0,300.3,309.2,1587.0,31.4,43.0,0
1.0,299.7,309.1,1508.0,41.2,152.0,0
2.0,297.2,308.5,1482.0,39.3,187.0,0
1.0,300.1,311.5,1343.0,46.2,28.0,0
0.0,297.3,308.1,1458.0,45.7,202.0,0
0.0,298.0,308.2,1365.0,52.9,218.0,1
0.0,300.5,309.9,1443.0,48.3,122.0,0
1.0,301.9,309.6,1385.0,45.8,217.0,0
0.0,302.2,310.8,1383.0,46.9,45.0,0
1.0,296.3,307.3,1368.0,49.5,10.0,0
0.0,299.5,310.0,1388.0,52.4,94.0,0
1.0,301.2,310.7,1527.0,41.1,53.0,0
0.0,300.8,312.5,1434.0,50.7,121.0,0
0.0,297.6,308.4,1407.0,55.2,86.0,0
0.0,297.3,308.3,1494.0,38.2,14.0,0
0.0,302.7,312.2,1447.0,47.5,166.0,0
0.0,303.5,312.4,1574.0,32.7,175.0,0
0.0,299.1,308.1,1479.0,40.7,10.0,0
2.0,301.3,310.6,1605.0,32.5,59.0,0
1.0,302.3,310.8,1611.0,31.8,169.0,0
0.0,303.7,312.8,1832.0,23.6,35.0,0
0.0,300.3,310.3,1483.0,51.6,50.0,0
2.0,297.1,308.2,1790.0,30.3,128.0,0
1.0,303.8,312.5,2344.0,15.2,146.0,0
0.0,297.2,307.9,1337.0,58.1,184.0,0
0.0,299.2,308.7,1492.0,37.8,91.0,0
2.0,296.8,308.0,1311.0,58.6,19.0,0
0.0,299.5,310.8,1356.0,54.9,72.0,0
1.0,302.1,310.6,1421.0,52.0,95.0,0
1.0,297.5,308.1,1334.0,72.0,151.0,1
0.0,303.3,311.8,1315.0,62.0,42.0,1
0.0,298.9,309.9,1309.0,56.2,119.0,0
1.0,301.5,310.7,1347.0,47.9,29.0,0
0.0,299.3,309.0,1419.0,46.6,158.0,0
0.0,300.6,311.9,1413.0,41.3,43.0,0
0.0,298.2,309.4,1443.0,45.4,187.0,0
0.0,303.1,311.2,1679.0,34.8,25.0,0
0.0,300.6,311.7,1448.0,49.1,206.0,0
2.0,298.8,310.2,1707.0,27.6,56.0,0
1.0,302.3,311.3,1339.0,50.8,123.0,0
0.0,300.6,311.8,1471.0,41.4,39.0,0
2.0,303.7,312.6,1711.0,27.6,170.0,0
2.0,296.9,308.0,1318.0,53.5,88.0,0
0.0,303.7,312.2,1568.0,33.8,96.0,0
0.0,298.6,309.8,1505.0,45.7,144.0,0
0.0,298.3,308.6,1447.0,38.1,146.0,0
1.0,299.5,309.0,1701.0,28.6,98.0,0
1.0,297.3,308.3,1459.0,59.6,207.0,1
0.0,298.4,308.1,1491.0,50.0,156.0,0
0.0,300.6,309.8,1455.0,48.0,125.0,0
0.0,301.0,310.8,1527.0,45.3,8.0,0
0.0,300.7,311.0,1496.0,38.3,99.0,0
1.0,299.7,309.1,1603.0,38.5,170.0,0
0.0,301.1,311.1,1889.0,23.8,170.0,0
0.0,297.0,308.1,1355.0,43.7,217.0,0
0.0,302.2,311.3,1570.0,36.1,0.0,0
1.0,299.1,310.3,1233.0,59.0,81.0,0
0.0,297.9,307.7,1353.0,50.7,13.0,0
2.0,299.1,309.9,1443.0,40.3,0.0,0
0.0,297.5,308.7,1761.0,26.2,164.0,0
0.0,300.6,309.7,1593.0,32.4,76.0,0
0.0,302.3,311.7,1281.0,48.8,0.0,0
0.0,300.2,309.7,1448.0,36.8,14.0,0
1.0,298.2,307.8,1583.0,36.6,185.0,0
0.0,300.7,310.8,1814.0,21.4,59.0,0
1.0,299.1,308.9,1397.0,52.4,112.0,0
0.0,300.8,311.9,1486.0,45.1,30.0,0
0.0,302.3,310.9,1529.0,33.4,62.0,0
1.0,299.9,309.4,1889.0,26.0,6.0,0
0.0,299.2,308.5,1487.0,41.2,140.0,0
0.0,299.8,311.3,1727.0,30.0,24.0,0
0.0,298.6,309.4,1315.0,55.5,28.0,0
1.0,302.6,310.2,1631.0,31.0,100.0,0
0.0,297.4,309.2,1698.0,29.4,119.0,0
1.0,302.7,310.5,1398.0,47.3,70.0,0
2.0,301.2,310.9,1798.0,22.3,59.0,0
0.0,300.3,311.5,1667.0,28.8,56.0,0
0.0,300.1,311.4,1729.0,29.3,71.0,0
2.0,298.4,308.3,1458.0,42.9,15.0,0
0.0,299.2,310.2,1697.0,30.6,12.0,0
2.0,297.4,308.3,1771.0,27.4,100.0,0
0.0,297.7,308.9,1458.0,41.1,14.0,0
0.0,296.3,307.1,1419.0,48.6,142.0,0
1.0,298.7,310.1,1693.0,31.9,51.0,0
0.0,301.3,310.1,1269.0,56.8,195.0,1
0.0,304.1,313.0,1566.0,37.2,7.0,0
1.0,303.3,311.5,1373.0,47.3,60.0,1
1.0,298.3,307.7,1602.0,33.4,106.0,0
1.0,297.4,308.4,1620.0,35.8,215.0,0
0.0,300.2,309.5,1417.0,41.1,129.0,0
2.0,297.4,308.6,1420.0,45.8,120.0,0
0.0,296.7,307.4,1535.0,34.6,114.0,0
0.0,301.0,311.1,1236.0,64.4,177.0,1
1.0,298.7,308.6,1722.0,24.7,64.0,0
0.0,299.1,310.6,1577.0,37.1,44.0,0
1.0,298.2,309.0,1353.0,50.3,150.0,0
1.0,300.9,310.5,1702.0,29.3,32.0,0
0.0,298.2,308.7,2186.0,17.8,31.0,0
0.0,304.0,313.2,1615.0,37.8,127.0,0
1.0,298.8,309.3,1618.0,35.1,173.0,0
1.0,301.6,310.6,1691.0,30.1,40.0,0
0.0,300.1,311.5,1499.0,43.4,65.0,0
0.0,298.2,308.2,1407.0,47.1,153.0,0
0.0,298.9,308.5,1459.0,43.1,147.0,0
1.0,301.3,310.8,1494.0,35.3,54.0,0
0.0,298.8,308.4,1484.0,39.2,8.0,0
0.0,301.9,311.0,1541.0,38.9,193.0,0
0.0,301.9,310.6,1610.0,33.4,87.0,0
2.0,297.4,308.7,1349.0,48.9,120.0,0
1.0,298.4,309.1,1525.0,39.3,86.0,0
2.0,300.2,311.5,1454.0,42.8,88.0,0
0.0,299.8,310.9,2084.0,17.6,175.0,0
0.0,300.4,309.9,1567.0,36.5,72.0,0
0.0,302.4,311.9,1452.0,43.1,137.0,0
0.0,299.3,309.0,1447.0,50.4,140.0,0
0.0,301.8,310.7,1441.0,49.3,58.0,0
2.0,301.5,310.5,1453.0,48.0,124.0,0
0.0,301.0,310.9,1809.0,25.7,192.0,0
0.0,301.1,310.1,1564.0,36.8,7.0,0
2.0,300.8,310.5,1582.0,31.1,193.0,0
0.0,298.9,308.8,1530.0,38.3,23.0,0
0.0,298.3,308.5,1575.0,41.2,105.0,0
0.0,297.9,308.1,1531.0,40.8,2.0,0
1.0,297.1,308.1,1352.0,44.4,0.0,0
1.0,302.2,311.2,1663.0,29.6,115.0,0
2.0,297.9,308.9,1416.0,39.6,45.0,0
0.0,300.7,310.2,1642.0,32.6,26.0,0
1.0,300.8,312.6,1588.0,35.6,114.0,0
1.0,299.4,309.1,1326.0,62.0,142.0,0
1.0,300.4,310.6,1448.0,44.9,21.0,0
0.0,303.3,311.7,1539.0,38.5,221.0,0
1.0,302.3,311.0,1421.0,41.3,182.0,0
0.0,297.0,307.8,1385.0,56.4,202.0,1
0.0,301.7,311.0,1700.0,28.7,19.0,0
2.0,302.5,311.5,1496.0,43.8,218.0,0
0.0,301.7,311.1,1399.0,55.1,156.0,0
0.0,301.7,310.5,2465.0,13.7,149.0,0
1.0,299.4,308.6,1541.0,39.1,109.0,0
0.0,300.5,310.6,1540.0,46.7,206.0,0
0.0,297.4,308.4,1343.0,40.0,61.0,0
0.0,300.3,311.8,1418.0,45.9,53.0,0
1.0,302.5,310.5,1918.0,21.6,131.0,0
0.0,296.2,307.1,1444.0,46.7,194.0,0
0.0,303.1,311.1,1420.0,55.8,113.0,0
0.0,300.0,311.5,1601.0,36.9,35.0,0
0.0,299.1,310.5,1471.0,38.4,146.0,0
1.0,302.6,312.2,1458.0,38.8,34.0,0
0.0,296.8,308.0,1584.0,40.4,227.0,0
0.0,298.3,309.4,1356.0,45.4,96.0,0
0.0,297.2,308.6,1562.0,33.0,84.0,0
0.0,300.9,312.7,1416.0,43.8,112.0,0
0.0,298.9,310.0,1693.0,28.8,56.0,0
1.0,297.0,307.9,1422.0,53.0,115.0,0
1.0,298.7,310.3,1481.0,41.5,83.0,0
2.0,299.2,310.7,1636.0,29.4,23.0,0
0.0,301.4,311.1,1472.0,44.5,159.0,0
1.0,301.4,310.6,1630.0,30.3,2.0,0
0.0,301.6,310.4,1517.0,41.1,167.0,0
1.0,300.8,310.3,1494.0,42.2,35.0,0
1.0,299.6,309.1,1435.0,48.4,143.0,0
0.0,303.7,313.0,1694.0,28.0,44.0,0
1.0,297.2,308.2,1405.0,42.5,204.0,0
0.0,301.0,310.9,1492.0,44.6,15.0,0
0.0,297.9,307.8,1397.0,45.0,104.0,0
0.0,300.1,309.0,1404.0,54.8,29.0,0
1.0,299.7,310.9,1685.0,32.1,88.0,0
0.0,302.4,312.0,1457.0,45.5,206.0,0
0.0,298.9,310.1,1823.0,26.1,131.0,0
0.0,297.2,307.9,1989.0,20.3,186.0,0
0.0,296.9,307.6,1514.0,35.7,100.0,0
0.0,295.7,306.5,1737.0,26.2,97.0,0
0.0,298.4,308.7,1386.0,44.9,135.0,0
0.0,296.2,306.8,1655.0,31.1,136.0,0
1.0,300.0,310.4,1385.0,52.1,128.0,0
0.0,300.5,310.5,1409.0,60.9,73.0,0
0.0,302.4,310.2,1578.0,31.2,139.0,0
1.0,297.8,309.4,1226.0,58.7,129.0,0
0.0,302.0,309.8,1532.0,39.4,2.0,0
0.0,297.4,308.2,1386.0,41.0,35.0,0
0.0,297.9,309.1,1442.0,50.3,24.0,0
0.0,299.6,310.2,1627.0,36.6,17.0,0
0.0,300.6,311.8,1652.0,27.2,52.0,0
0.0,302.5,310.2,1329.0,50.6,148.0,1
0.0,299.9,309.2,1560.0,38.9,180.0,0
0.0,298.3,309.0,1471.0,48.3,91.0,0
1.0,300.1,311.4,1390.0,52.1,94.0,0
0.0,299.2,308.4,1667.0,29.0,199.0,0
2.0,300.5,310.0,1358.0,60.4,102.0,0
1.0,300.7,311.0,1740.0,25.6,176.0,0
0.0,297.5,309.4,1650.0,34.6,142.0,0
0.0,300.5,309.5,1653.0,27.6,62.0,0
2.0,297.6,309.6,1278.0,50.4,2.0,0
2.0,300.2,310.4,1501.0,42.9,212.0,0
1.0,302.1,310.7,1608.0,30.3,81.0,0
1.0,297.3,308.1,1369.0,52.0,214.0,0
1.0,298.0,307.4,1463.0,46.5,182.0,0
0.0,297.9,308.5,1519.0,34.3,61.0,0
2.0,301.3,310.0,1532.0,36.3,2.0,0
1.0,300.6,311.6,1669.0,29.2,200.0,0
0.0,300.6,312.0,1490.0,42.2,3.0,0
2.0,302.3,311.1,1543.0,37.5,73.0,0
0.0,300.7,310.8,1772.0,27.3,69.0,0
0.0,300.7,310.6,1616.0,29.6,47.0,0
2.0,300.4,309.6,1416.0,43.3,66.0,0
1.0,298.2,309.0,1446.0,45.8,80.0,0
1.0,299.9,309.2,1539.0,43.2,132.0,0
0.0,299.4,309.1,1766.0,24.6,158.0,0
0.0,300.7,310.6,1407.0,40.5,87.0,0
1.0,303.6,312.4,1504.0,49.5,109.0,0
1.0,303.4,312.1,1499.0,39.4,197.0,0
1.0,298.5,308.8,1553.0,34.9,18.0,0
0.0,297.9,307.7,1546.0,37.6,72.0,0
1.0,297.4,307.9,1627.0,34.3,166.0,0
2.0,298.7,309.8,1422.0,40.7,85.0,0
2.0,298.8,309.8,1563.0,38.8,65.0,0
1.0,298.8,309.6,1575.0,34.4,149.0,0
1.0,302.6,311.1,1520.0,43.0,88.0,0
2.0,297.4,308.8,1324.0,53.5,169.0,0
0.0,299.1,308.2,1409.0,46.4,12.0,0
1.0,302.3,311.8,1355.0,50.1,104.0,0
1.0,298.3,308.1,1722.0,28.6,89.0,0
1.0,301.3,310.0,1696.0,32.4,202.0,0
2.0,297.3,308.6,1431.0,42.0,109.0,0
0.0,297.3,308.4,1339.0,52.1,36.0,0
1.0,300.3,311.7,1319.0,51.4,170.0,0
0.0,298.2,308.8,1498.0,36.0,39.0,0
2.0,298.2,308.7,1520.0,35.7,40.0,0
0.0,300.2,310.0,1493.0,47.3,172.0,0
1.0,298.1,308.1,1390.0,49.8,85.0,0
0.0,303.9,313.1,1586.0,31.9,108.0,0
1.0,298.7,309.5,1394.0,46.0,113.0,0
2.0,299.0,310.3,1658.0,27.6,69.0,0
0.0,297.4,308.4,1603.0,34.6,65.0,0
0.0,298.1,307.9,1614.0,35.8,196.0,0
0.0,301.3,311.1,1413.0,42.0,221.0,0
1.0,297.5,308.4,1596.0,36.6,80.0,0
2.0,301.6,311.2,1395.0,46.8,95.0,0
1.0,297.4,308.1,1734.0,27.7,70.0,0
1.0,301.3,310.8,1372.0,54.2,49.0,0
0.0,298.2,307.9,1785.0,23.4,181.0,0
0.0,298.1,307.7,1289.0,48.3,42.0,0
0.0,298.1,309.4,1397.0,48.2,63.0,0
1.0,303.5,312.7,2116.0,16.7,45.0,0
0.0,300.7,312.3,1548.0,37.9,58.0,0
1.0,302.7,311.6,1501.0,38.8,171.0,0
0.0,298.2,308.4,1310.0,61.0,189.0,1
0.0,297.5,309.3,1479.0,39.4,22.0,0
0.0,297.9,307.8,1286.0,59.5,55.0,0
0.0,298.9,310.2,1562.0,42.5,179.0,0
0.0,298.2,308.3,1688.0,32.0,202.0,0
1.0,302.2,311.6,1592.0,37.7,79.0,0
0.0,298.1,308.2,1521.0,39.3,151.0,0
0.0,300.2,311.6,1671.0,28.8,149.0,0
0.0,297.9,307.8,1459.0,46.9,85.0,0
2.0,298.6,309.5,1375.0,41.0,39.0,0
0.0,300.5,312.0,1453.0,45.1,151.0,0
1.0,298.4,309.5,1514.0,38.8,128.0,0
1.0,298.8,309.1,1559.0,34.7,95.0,0
0.0,299.5,310.9,1496.0,38.5,162.0,0
0.0,299.0,308.1,1242.0,60.9,117.0,0
1.0,301.6,310.7,2012.0,20.7,178.0,0
0.0,296.9,307.7,1550.0,39.7,124.0,0
0.0,302.1,311.2,1460.0,46.9,198.0,0
1.0,297.5,308.5,1662.0,30.3,26.0,0
0.0,300.4,311.5,1704.0,29.7,103.0,0
1.0,297.9,307.4,1435.0,42.9,18.0,0
0.0,301.0,312.2,1540.0,34.1,113.0,0
1.0,302.3,311.6,1608.0,39.9,136.0,0
0.0,300.5,310.6,1499.0,45.2,8.0,0
1.0,297.6,308.3,1467.0,36.7,68.0,0
1.0,299.5,310.9,1378.0,48.7,119.0,0
0.0,299.8,310.4,1698.0,28.3,103.0,0
1.0,301.5,310.7,1416.0,53.2,69.0,0
0.0,300.1,309.4,2141.0,17.9,33.0,0
0.0,300.1,309.7,1410.0,48.3,118.0,0
0.0,302.1,311.0,1364.0,50.0,205.0,0
1.0,299.0,308.8,1418.0,45.7,204.0,0
1.0,297.9,308.8,1469.0,49.0,51.0,0
1.0,302.4,311.8,1453.0,42.1,105.0,0
2.0,299.7,309.6,1433.0,49.6,129.0,0
0.0,302.0,310.4,1611.0,35.6,117.0,0
0.0,304.2,313.4,1639.0,32.7,63.0,0
2.0,299.0,310.4,1677.0,30.8,73.0,0
0.0,301.5,310.8,1593.0,34.5,162.0,0
1.0,298.2,309.4,1693.0,34.4,73.0,0
2.0,301.0,310.6,1366.0,50.6,106.0,0
1.0,297.8,309.2,1295.0,61.2,12.0,0
0.0,301.8,310.0,1493.0,40.3,185.0,0
1.0,302.3,311.8,1475.0,48.0,180.0,0
0.0,298.1,308.2,1390.0,47.5,33.0,0
0.0,302.7,310.5,1520.0,39.3,73.0,0
0.0,297.2,308.5,1471.0,41.7,41.0,0
0.0,298.3,309.1,1537.0,43.0,123.0,0
0.0,301.0,310.5,1317.0,50.9,75.0,0
0.0,303.2,311.4,1349.0,51.1,9.0,1
2.0,301.3,310.8,1434.0,39.5,18.0,0
0.0,301.4,310.4,1430.0,50.9,178.0,0
2.0,297.9,307.9,1406.0,58.5,93.0,0
0.0,300.3,311.8,1746.0,26.3,187.0,0
0.0,302.5,310.2,1307.0,54.0,86.0,1
2.0,304.1,313.3,1689.0,32.5,134.0,0
0.0,298.7,310.2,1402.0,45.9,30.0,0
0.0,297.9,307.6,1515.0,40.5,118.0,0
1.0,300.3,311.4,1554.0,34.3,99.0,0
1.0,300.0,309.5,1425.0,40.8,178.0,0
1.0,298.8,310.5,1678.0,32.8,4.0,0
1.0,300.2,309.7,1408.0,44.0,144.0,0
0.0,300.6,310.0,1438.0,53.8,103.0,0
0.0,300.7,311.1,1426.0,46.2,97.0,0
0.0,301.4,310.4,1301.0,51.2,112.0,0
0.0,299.6,311.0,1552.0,33.2,139.0,0
0.0,296.8,308.0,1666.0,29.8,41.0,0
0.0,300.7,310.8,1608.0,39.5,202.0,0
0.0,299.7,309.4,1650.0,29.8,93.0,0
1.0,301.6,310.7,1457.0,47.8,7.0,0
2.0,298.9,310.6,1519.0,38.8,213.0,0
1.0,303.0,312.7,1426.0,46.8,99.0,0
2.0,298.2,310.0,1433.0,44.2,68.0,0
0.0,298.1,308.1,1484.0,40.4,59.0,0
0.0,300.6,309.8,1502.0,42.4,133.0,0
0.0,302.7,310.5,1551.0,35.9,6.0,0
0.0,300.1,309.6,1642.0,34.5,53.0,0
0.0,300.3,311.0,1613.0,34.7,142.0,0
1.0,298.0,309.9,1445.0,45.2,55.0,0
0.0,302.4,311.1,1905.0,20.9,77.0,0
0.0,302.3,310.7,1499.0,37.8,137.0,0
0.0,298.2,309.1,1467.0,44.5,80.0,0
0.0,300.4,309.7,1488.0,35.7,177.0,0
0.0,299.0,310.2,1412.0,44.1,246.0,0
0.0,302.2,310.4,1743.0,28.1,170.0,0
0.0,301.8,310.8,1456.0,46.6,35.0,0
2.0,300.0,309.5,1735.0,28.9,82.0,0
0.0,302.7,312.2,1369.0,51.8,174.0,0
1.0,300.7,311.6,1348.0,62.5,36.0,0
2.0,302.9,312.3,1754.0,26.9,209.0,0
1.0,301.8,310.8,1365.0,48.2,199.0,0
0.0,299.8,309.4,1609.0,32.5,27.0,0
0.0,301.2,310.3,1499.0,38.1,61.0,0
1.0,301.0,311.6,1448.0,43.9,145.0,0
1.0,298.0,308.6,1254.0,55.8,65.0,0
1.0,299.4,308.7,1487.0,52.6,205.0,0
0.0,297.2,308.6,1924.0,22.1,163.0,0
0.0,302.7,312.1,1763.0,26.5,184.0,0
0.0,297.7,308.8,1515.0,40.1,82.0,0
1.0,298.0,308.2,1373.0,51.2,215.0,0
0.0,301.2,309.9,1687.0,29.7,30.0,0
2.0,302.4,311.2,1506.0,40.8,204.0,0
0.0,301.1,311.3,1498.0,37.6,11.0,0
1.0,300.8,310.7,1886.0,21.1,44.0,0
1.0,302.4,311.8,1539.0,39.9,101.0,0
1.0,300.2,310.4,1530.0,35.7,80.0,0
1.0,300.7,309.5,1838.0,24.9,66.0,0
2.0,299.0,308.7,1940.0,19.9,98.0,0
0.0,298.3,307.9,1502.0,42.0,103.0,0
0.0,299.1,310.5,1496.0,35.2,60.0,0
0.0,295.6,306.2,1263.0,61.8,27.0,0
1.0,298.3,309.4,1595.0,29.0,103.0,0
1.0,301.9,310.9,1456.0,43.6,45.0,0
0.0,298.9,310.5,1717.0,26.9,17.0,0
0.0,295.7,306.1,1408.0,47.9,117.0,0
2.0,300.7,310.8,1346.0,52.0,193.0,0
0.0,298.7,310.1,1786.0,27.7,114.0,0
2.0,296.8,308.0,1453.0,51.0,24.0,0
1.0,300.5,311.4,1390.0,51.9,68.0,0
0.0,299.9,309.6,1280.0,59.3,163.0,0
1.0,302.2,311.7,1576.0,34.0,28.0,0
0.0,300.1,309.7,1680.0,33.8,140.0,0
0.0,300.9,310.7,1392.0,44.2,97.0,0
2.0,299.9,311.2,1364.0,49.6,50.0,0
0.0,298.5,309.5,1547.0,33.1,68.0,0
0.0,297.3,308.4,1472.0,41.3,67.0,0
1.0,302.4,310.5,1372.0,45.7,144.0,1
1.0,300.7,310.6,1418.0,46.3,84.0,0
1.0,302.4,310.4,1586.0,34.3,149.0,0
0.0,296.9,308.4,1390.0,41.8,184.0,0
0.0,297.4,308.2,1639.0,33.8,39.0,0
0.0,300.4,309.7,1467.0,36.9,131.0,0
1.0,298.0,308.5,1682.0,33.0,58.0,0
1.0,300.5,311.3,1507.0,43.4,41.0,0
0.0,301.0,310.9,1813.0,28.5,197.0,0
0.0,298.2,309.1,1569.0,35.2,199.0,0
1.0,298.3,307.7,1439.0,43.8,111.0,0
0.0,297.8,308.7,1404.0,44.2,62.0,0
2.0,297.5,308.4,1587.0,36.1,98.0,0
1.0,298.3,308.9,1646.0,25.4,46.0,0
1.0,298.5,309.5,1483.0,44.8,92.0,0
0.0,298.1,308.7,1568.0,32.9,10.0,0
0.0,302.8,310.6,1617.0,37.9,207.0,0
1.0,302.2,310.8,1408.0,46.8,49.0,0
0.0,302.2,311.6,1545.0,35.9,152.0,0
0.0,298.8,310.2,1504.0,41.0,51.0,0
1.0,298.6,310.1,1596.0,33.0,15.0,0
1.0,295.6,306.1,1418.0,46.2,24.0,0
1.0,297.4,308.7,1425.0,50.3,152.0,0
0.0,298.8,309.0,1829.0,22.9,172.0,0
1.0,295.8,306.3,1444.0,45.5,76.0,0
1.0,300.2,311.0,2370.0,14.7,144.0,0
1.0,301.5,310.4,1486.0,39.6,144.0,0
0.0,300.5,310.0,1521.0,45.1,86.0,0
1.0,297.9,307.5,1642.0,32.4,126.0,0
1.0,300.5,311.7,2141.0,17.2,196.0,0
1.0,297.6,308.6,1595.0,36.9,25.0,0
0.0,301.0,311.4,1484.0,36.2,188.0,0
2.0,299.9,309.6,1462.0,51.0,119.0,0
0.0,299.2,309.1,1605.0,34.3,107.0,0
0.0,297.8,308.3,1435.0,50.1,189.0,0
0.0,299.9,309.5,2008.0,20.4,165.0,0
1.0,299.9,310.4,1576.0,34.3,188.0,0
0.0,297.3,308.1,1642.0,36.9,206.0,0
0.0,301.2,310.9,1597.0,37.9,164.0,0
0.0,300.8,309.4,1946.0,20.5,111.0,0
1.0,303.4,312.7,1357.0,55.3,31.0,0
1.0,298.6,309.9,1668.0,32.3,6.0,0
0.0,300.7,312.1,1498.0,44.0,155.0,0
0.0,298.3,309.3,1558.0,37.2,73.0,0
0.0,299.5,309.3,1409.0,44.7,46.0,0
0.0,299.6,309.1,1574.0,39.2,83.0,0
1.0,298.3,307.7,1717.0,27.1,7.0,0
1.0,298.1,308.8,2206.0,16.3,195.0,0
0.0,296.7,307.8,1605.0,31.3,128.0,0
0.0,299.7,310.6,1479.0,38.0,137.0,0
0.0,300.7,311.0,1413.0,52.0,91.0,0
0.0,297.5,308.5,1459.0,39.7,69.0,0
0.0,299.0,308.9,1511.0,35.9,16.0,0
0.0,298.3,308.2,1472.0,44.3,71.0,0
2.0,296.4,307.3,1540.0,37.4,75.0,0
0.0,297.8,309.2,1372.0,47.3,15.0,0
2.0,298.3,309.1,1484.0,37.0,28.0,0
2.0,301.7,310.1,1462.0,38.3,49.0,0
0.0,301.5,310.5,1372.0,44.0,203.0,0
1.0,300.2,311.5,1547.0,40.9,66.0,0
0.0,297.5,309.4,1517.0,36.7,233.0,0
1.0,297.2,308.6,1284.0,51.3,32.0,0
0.0,299.9,309.4,1348.0,52.8,31.0,0
1.0,297.3,308.4,1686.0,34.5,97.0,0
1.0,298.6,310.0,1541.0,36.9,12.0,0
0.0,302.6,310.4,1743.0,26.3,191.0,0
2.0,301.6,310.7,1414.0,51.7,197.0,0
0.0,300.9,310.2,1382.0,50.4,131.0,0
2.0,296.4,307.4,1586.0,35.5,0.0,0
2.0,299.3,310.4,1548.0,41.6,25.0,0
0.0,300.4,309.6,1386.0,56.9,170.0,0
0.0,299.8,309.7,1707.0,29.1,94.0,0
0.0,299.3,308.5,1589.0,32.7,74.0,0
0.0,299.2,308.6,1381.0,50.0,193.0,0
1.0,298.1,308.2,1342.0,48.1,54.0,0
0.0,300.1,311.5,1471.0,47.2,201.0,0
0.0,302.1,310.6,1385.0,53.6,5.0,0
0.0,300.5,311.9,1750.0,28.3,207.0,0
0.0,300.6,311.0,1563.0,40.7,87.0,0
0.0,301.5,310.7,1942.0,20.5,155.0,0
2.0,300.5,310.9,1447.0,46.5,137.0,0
0.0,301.3,310.6,1556.0,39.0,72.0,0
2.0,302.1,310.1,1615.0,29.9,176.0,0
0.0,297.9,308.6,1691.0,29.6,116.0,0
1.0,298.6,309.5,1684.0,27.8,44.0,0
1.0,297.6,308.6,1254.0,45.8,31.0,0
0.0,302.9,312.5,1629.0,30.4,74.0,0
2.0,299.3,310.0,1373.0,44.8,221.0,0
2.0,298.0,309.4,1562.0,38.1,58.0,0
0.0,298.2,308.3,1458.0,41.8,132.0,0
0.0,301.8,310.7,1551.0,37.7,64.0,0
2.0,298.5,307.9,1260.0,54.2,141.0,0
0.0,298.8,308.7,1445.0,48.5,70.0,0
1.0,303.4,311.6,1425.0,45.4,184.0,0
0.0,299.9,309.5,1349.0,51.3,176.0,0
0.0,303.7,312.8,1523.0,40.7,59.0,0
0.0,301.3,310.1,1531.0,41.6,9.0,0
0.0,296.6,307.5,1439.0,45.5,199.0,0
0.0,302.5,311.9,1354.0,49.4,117.0,0
0.0,299.1,310.4,1428.0,46.9,87.0,0
0.0,300.7,310.9,1637.0,37.2,115.0,0
0.0,302.3,310.1,1353.0,50.9,36.0,1
0.0,300.8,312.1,1505.0,41.3,173.0,0
0.0,297.0,307.8,1609.0,35.6,193.0,0
0.0,300.6,311.7,1734.0,29.9,72.0,0
1.0,299.4,310.8,1628.0,40.2,111.0,0
1.0,298.1,308.3,1453.0,41.5,204.0,0
2.0,297.3,308.1,1477.0,52.3,2.0,0
0.0,297.9,308.5,1472.0,45.1,70.0,0
1.0,304.1,313.2,1410.0,42.4,155.0,0
0.0,302.0,310.8,1445.0,49.1,2.0,0
0.0,296.3,307.4,1760.0,28.4,56.0,0
0.0,300.3,309.6,1468.0,44.7,179.0,0
1.0,300.4,311.8,1553.0,33.1,209.0,1
1.0,298.8,309.6,1384.0,48.2,39.0,0
0.0,300.3,311.1,1480.0,46.6,185.0,0
0.0,300.1,309.7,2151.0,17.5,173.0,0
1.0,299.2,310.5,1548.0,33.5,35.0,0
1.0,303.3,311.8,1548.0,33.5,75.0,0
2.0,297.9,307.3,1663.0,28.7,7.0,0
0.0,300.3,309.6,1593.0,38.1,140.0,0
0.0,302.7,311.2,1545.0,35.1,128.0,0
1.0,299.0,308.6,1645.0,33.4,22.0,0
0.0,297.1,308.4,1726.0,28.4,202.0,0
0.0,300.3,311.5,1466.0,46.2,62.0,0
0.0,300.3,311.6,1560.0,37.7,107.0,0
0.0,299.7,309.3,1434.0,38.5,127.0,0
0.0,303.1,312.8,2329.0,15.1,113.0,0
0.0,302.2,311.1,1470.0,39.6,97.0,0
0.0,301.4,311.3,2323.0,15.9,50.0,0
1.0,300.7,309.5,1439.0,43.8,41.0,0
0.0,301.6,310.6,1455.0,43.9,0.0,0
2.0,299.3,308.6,1520.0,41.4,67.0,0
0.0,299.5,310.0,1502.0,38.5,52.0,0
0.0,301.3,310.4,1504.0,47.2,193.0,0
0.0,300.2,309.2,1667.0,29.9,75.0,0
0.0,299.7,309.6,1512.0,36.2,172.0,0
0.0,296.4,307.3,1487.0,37.5,83.0,0
0.0,298.7,309.7,1667.0,30.4,92.0,0
0.0,301.7,311.0,1503.0,44.8,134.0,0
0.0,300.7,311.0,1318.0,48.2,128.0,0
0.0,300.7,309.5,1592.0,29.0,17.0,0
1.0,301.6,310.6,1553.0,38.9,0.0,0
1.0,298.8,308.6,1571.0,33.7,61.0,0
0.0,302.2,311.2,1928.0,23.1,2.0,0
1.0,300.4,310.2,1671.0,30.5,234.0,1
0.0,302.8,312.1,1958.0,20.3,56.0,0
0.0,299.5,310.8,1447.0,41.0,93.0,0
0.0,302.9,312.4,1383.0,51.4,160.0,0
0.0,301.8,311.0,1322.0,53.0,166.0,0
1.0,297.4,308.8,1628.0,37.4,144.0,0
0.0,299.1,308.5,1539.0,46.8,190.0,0
0.0,302.3,311.8,1433.0,50.3,183.0,0
2.0,298.1,307.7,1376.0,56.2,113.0,0
1.0,300.5,309.7,1347.0,54.3,136.0,0
0.0,302.5,310.3,1539.0,39.0,119.0,0
1.0,297.9,310.0,1439.0,41.7,185.0,0
0.0,303.1,312.6,1548.0,36.4,150.0,0
0.0,297.5,308.8,1312.0,50.3,159.0,0
2.0,297.8,307.3,1516.0,40.1,166.0,0
0.0,302.3,310.1,1487.0,46.0,184.0,0
2.0,302.3,311.7,1482.0,39.0,127.0,0
1.0,301.3,310.0,2068.0,17.8,176.0,0
0.0,298.2,308.4,1388.0,53.8,137.0,0
0.0,300.7,309.8,1596.0,31.5,123.0,0
2.0,300.9,311.9,1513.0,38.0,38.0,0
1.0,300.8,310.5,1511.0,35.8,54.0,0
2.0,301.1,311.1,1618.0,29.5,160.0,0
1.0,298.2,309.0,1410.0,47.6,76.0,0
0.0,302.1,310.8,1786.0,25.7,47.0,0
0.0,296.8,307.8,1565.0,39.5,124.0,0
0.0,298.8,309.9,1550.0,38.8,53.0,0
0.0,300.1,309.4,1434.0,47.3,127.0,0
0.0,300.8,310.5,1434.0,44.5,89.0,0
1.0,303.0,312.7,1553.0,35.8,122.0,0
0.0,302.2,311.7,1471.0,45.6,140.0,0
0.0,303.8,312.9,1367.0,49.9,192.0,0
0.0,297.4,308.6,1532.0,38.7,136.0,0
0.0,296.9,307.8,1557.0,38.1,135.0,0
1.0,297.4,308.5,1638.0,32.2,84.0,0
0.0,302.6,311.0,1284.0,68.0,114.0,1
1.0,301.3,309.9,1565.0,36.0,213.0,0
0.0,295.9,306.7,1547.0,40.9,107.0,0
0.0,299.3,308.3,1651.0,28.0,6.0,0
0.0,298.9,310.3,1436.0,39.0,32.0,0
2.0,301.2,310.7,1747.0,27.3,35.0,0
0.0,298.4,308.6,1609.0,35.0,103.0,0
0.0,299.1,310.6,1380.0,44.7,170.0,0
0.0,301.8,311.0,1771.0,27.2,162.0,0
0.0,299.6,310.9,1472.0,40.9,137.0,0
1.0,304.1,313.2,2028.0,18.9,45.0,0
1.0,302.2,311.3,1931.0,21.9,101.0,0
1.0,304.3,313.5,2245.0,15.1,172.0,0
0.0,300.4,309.7,1384.0,45.1,159.0,0
0.0,301.5,310.7,1435.0,38.5,224.0,0
1.0,302.5,311.9,1340.0,59.4,60.0,0
1.0,301.7,310.3,1787.0,26.7,33.0,0
0.0,302.3,311.1,1630.0,35.6,183.0,0
1.0,299.7,311.2,1560.0,43.9,126.0,0
0.0,300.4,311.2,1705.0,28.7,20.0,0
0.0,302.6,311.8,1427.0,50.1,21.0,0
2.0,303.6,311.7,1476.0,40.1,85.0,0
0.0,298.1,308.7,1556.0,31.6,145.0,0
2.0,300.4,311.4,1445.0,52.4,105.0,0
1.0,299.7,310.3,1429.0,47.7,35.0,0
2.0,299.0,309.0,1436.0,43.9,20.0,0
0.0,299.3,308.4,1406.0,47.4,3.0,0
0.0,301.1,310.7,1376.0,49.1,0.0,0
0.0,300.1,309.5,1353.0,50.9,34.0,0
0.0,303.9,312.7,1528.0,38.4,177.0,0
0.0,303.4,312.7,1363.0,45.5,26.0,0
1.0,297.3,308.8,1586.0,32.7,131.0,0
2.0,298.8,308.2,1450.0,44.7,14.0,0
1.0,298.9,310.1,1655.0,31.5,172.0,0
0.0,301.2,312.3,1528.0,38.4,85.0,0
2.0,297.4,309.3,1516.0,43.0,83.0,0
1.0,301.7,310.6,1492.0,42.2,85.0,0
0.0,298.8,309.9,1351.0,47.2,73.0,0
0.0,298.3,309.4,1618.0,31.5,108.0,0
0.0,302.7,312.4,1433.0,44.2,17.0,0
0.0,297.1,307.9,1496.0,44.7,88.0,0
0.0,302.5,311.5,1521.0,44.1,37.0,0
0.0,301.5,310.6,1525.0,41.9,204.0,0
1.0,304.0,313.2,1437.0,53.9,7.0,0
0.0,298.4,309.3,1806.0,27.6,64.0,0
0.0,302.5,310.3,1584.0,35.5,158.0,0
0.0,303.6,312.0,1391.0,50.3,101.0,0
0.0,302.3,310.7,1612.0,33.4,139.0,0
1.0,301.0,309.6,1588.0,32.7,138.0,0
1.0,300.0,311.4,1352.0,61.8,10.0,0
1.0,298.5,308.7,1347.0,48.5,33.0,0
1.0,300.0,309.1,1463.0,45.7,11.0,0
0.0,297.7,308.7,1449.0,40.2,95.0,0
0.0,302.1,311.3,1477.0,43.6,196.0,0
0.0,300.8,311.6,1516.0,35.6,14.0,0
1.0,295.5,305.9,1380.0,52.4,202.0,0
0.0,303.9,312.9,1526.0,42.5,194.0,0
0.0,298.7,309.5,1446.0,40.0,160.0,0
0.0,300.0,309.2,1759.0,27.9,5.0,0
1.0,300.7,309.6,1439.0,43.0,61.0,0
1.0,296.9,307.9,1441.0,47.6,60.0,0
2.0,299.9,311.4,1497.0,37.0,162.0,0
1.0,298.2,308.7,1426.0,42.6,23.0,0
1.0,300.3,311.9,1429.0,41.6,184.0,0
1.0,297.8,307.8,1310.0,57.9,70.0,0
1.0,298.0,308.1,1587.0,32.3,30.0,0
0.0,302.4,311.4,1450.0,44.1,56.0,0
1.0,296.2,307.2,1633.0,31.1,0.0,0
1.0,300.2,310.3,1593.0,36.1,36.0,0
1.0,300.3,311.5,1528.0,40.9,76.0,0
1.0,298.6,309.1,1339.0,51.1,34.0,0
2.0,301.1,310.8,1792.0,25.8,121.0,0
0.0,301.3,310.5,1365.0,47.7,70.0,0
0.0,304.2,313.5,1438.0,50.1,100.0,0
0.0,297.6,308.6,1664.0,30.1,81.0,0
0.0,302.5,311.1,1493.0,39.0,137.0,0
0.0,298.7,308.5,1375.0,46.4,48.0,0
1.0,301.2,310.1,1558.0,32.6,34.0,0
0.0,299.4,310.5,1749.0,28.1,179.0,0
1.0,300.3,310.0,1409.0,43.2,9.0,0
0.0,299.9,309.1,1412.0,48.3,198.0,0
0.0,298.1,309.0,1592.0,33.9,85.0,0
1.0,302.2,311.2,1471.0,41.9,166.0,0
1.0,301.3,310.7,1532.0,40.7,178.0,0
1.0,298.0,308.7,1430.0,51.9,47.0,0
0.0,302.4,311.0,1329.0,54.6,176.0,0
0.0,297.6,308.5,1678.0,34.2,114.0,0
0.0,302.0,311.0,1420.0,45.9,144.0,0
1.0,298.9,308.7,1772.0,28.4,177.0,0
1.0,303.6,312.8,1825.0,25.2,29.0,0
1.0,297.4,309.3,1775.0,25.8,91.0,0
0.0,301.1,310.7,1436.0,45.3,8.0,0
0.0,297.4,308.5,1410.0,43.9,47.0,0
1.0,300.3,309.2,1490.0,47.9,163.0,0
0.0,298.1,308.6,1527.0,40.2,16.0,0
0.0,302.4,310.2,1633.0,28.0,164.0,0
2.0,302.5,312.0,1357.0,42.0,179.0,0
0.0,303.2,311.4,1238.0,54.6,226.0,1
0.0,298.9,310.1,1361.0,51.7,192.0,0
0.0,297.1,308.2,1351.0,56.6,126.0,0
1.0,302.3,311.9,1508.0,42.3,159.0,0
1.0,302.3,311.7,1486.0,39.6,147.0,0
0.0,301.3,311.2,1457.0,44.5,14.0,0
1.0,298.5,309.7,1354.0,60.8,96.0,0
1.0,301.0,310.7,1657.0,29.9,148.0,0
1.0,300.8,309.7,1680.0,28.2,189.0,0
0.0,299.0,308.8,1310.0,50.7,112.0,0
0.0,297.2,307.9,1540.0,37.1,164.0,0
0.0,302.8,310.9,1312.0,52.2,40.0,1
0.0,298.3,309.2,1383.0,52.1,26.0,0
1.0,295.8,306.3,1235.0,76.2,89.0,1
0.0,299.1,308.6,1437.0,41.6,183.0,0
0.0,299.8,309.4,1467.0,46.2,219.0,0
0.0,299.1,310.3,1411.0,42.1,74.0,0
1.0,300.3,311.5,1445.0,47.3,40.0,0
0.0,298.0,308.9,1578.0,35.6,153.0,0
1.0,300.2,310.1,1619.0,31.3,38.0,0
0.0,304.3,313.6,1409.0,56.0,19.0,0
0.0,297.4,308.5,1569.0,34.2,72.0,0
2.0,300.7,311.9,1329.0,59.2,121.0,0
0.0,299.3,308.8,1550.0,45.8,170.0,0
0.0,302.3,311.5,1395.0,54.2,198.0,0
2.0,302.6,310.4,1409.0,53.3,52.0,0
0.0,303.7,312.8,1448.0,44.5,55.0,0
2.0,302.3,311.1,1455.0,40.3,145.0,0
0.0,298.7,309.9,1371.0,51.3,201.0,0
0.0,300.3,309.8,1466.0,41.2,156.0,0
0.0,298.7,309.7,1510.0,40.6,162.0,0
0.0,304.0,313.0,1350.0,61.1,88.0,0
0.0,301.4,310.4,1579.0,36.9,133.0,0
0.0,301.4,310.8,1610.0,34.6,187.0,0
0.0,299.9,311.4,1596.0,28.9,160.0,0
0.0,297.9,307.7,1492.0,43.7,59.0,0
1.0,297.4,308.5,1465.0,55.9,153.0,0
0.0,301.4,310.5,1432.0,54.3,81.0,0
1.0,300.5,311.9,1730.0,27.5,209.0,0
0.0,298.1,307.7,1388.0,40.3,109.0,0
0.0,304.2,313.4,1434.0,42.5,175.0,0
2.0,300.7,310.7,1428.0,43.4,26.0,0
1.0,300.1,311.4,1524.0,40.6,98.0,0
0.0,300.3,309.9,1377.0,55.3,4.0,0
1.0,300.8,311.4,1521.0,39.9,15.0,0
0.0,303.0,312.3,1533.0,38.5,134.0,0
0.0,302.5,311.1,1538.0,36.8,208.0,0
0.0,298.5,308.2,1451.0,47.5,18.0,0
1.0,302.2,310.9,1465.0,43.5,140.0,0
1.0,300.3,311.4,1386.0,48.1,119.0,0
0.0,300.2,310.2,1530.0,48.5,15.0,0
1.0,299.9,310.0,1484.0,42.1,182.0,0
1.0,301.3,311.4,1838.0,23.2,215.0,0
0.0,299.6,310.2,1743.0,24.8,99.0,0
1.0,298.4,309.5,1519.0,35.4,133.0,0
0.0,303.6,311.8,1695.0,30.7,90.0,0
0.0,299.7,309.2,1616.0,31.6,175.0,0
0.0,301.5,310.6,1519.0,40.7,208.0,0
0.0,300.5,311.6,1525.0,37.6,191.0,0
1.0,300.4,310.5,1540.0,33.4,32.0,0
0.0,297.1,308.4,1304.0,53.5,153.0,0
1.0,300.9,312.6,1555.0,40.6,109.0,0
1.0,299.7,309.6,1534.0,39.1,176.0,0
0.0,299.7,310.3,1386.0,46.6,2.0,0
0.0,303.4,312.2,1656.0,32.7,195.0,0
0.0,302.9,311.1,1555.0,33.9,96.0,0
0.0,300.8,311.6,1568.0,36.0,23.0,0
0.0,297.3,308.2,1446.0,53.5,7.0,0
0.0,299.2,310.6,1370.0,61.9,42.0,0
1.0,302.1,310.6,1517.0,38.9,2.0,0
0.0,299.1,309.8,1398.0,55.4,217.0,1
2.0,298.6,309.5,1420.0,50.4,82.0,0
1.0,300.9,310.7,1420.0,43.0,133.0,0
0.0,301.2,311.0,1670.0,33.0,200.0,0
0.0,298.8,308.9,1398.0,51.5,0.0,0
0.0,299.8,309.5,1495.0,39.6,10.0,0
2.0,298.2,309.0,1371.0,55.7,23.0,0
1.0,303.8,312.7,1555.0,33.4,128.0,0
0.0,300.6,310.4,1446.0,49.7,155.0,0
0.0,301.3,310.8,1432.0,54.4,51.0,0
0.0,301.1,310.1,1489.0,45.8,42.0,0
0.0,301.3,310.4,1459.0,44.7,92.0,0
0.0,300.9,312.4,1364.0,52.5,125.0,0
1.0,300.4,309.8,1430.0,43.4,198.0,0
0.0,300.3,311.5,1634.0,31.9,36.0,0
0.0,303.6,312.6,1699.0,27.9,160.0,0
0.0,297.9,307.6,1298.0,52.7,132.0,0
0.0,302.4,311.1,1565.0,42.8,163.0,0
2.0,301.7,311.0,2016.0,19.3,180.0,0
0.0,301.1,309.6,1502.0,48.9,160.0,0
0.0,303.7,312.4,1702.0,31.2,144.0,0
0.0,299.5,308.6,1672.0,30.5,177.0,0
1.0,302.2,310.9,1302.0,53.4,58.0,0
0.0,300.2,311.6,1999.0,21.0,19.0,0
0.0,299.0,310.4,1504.0,34.3,48.0,0
1.0,301.4,310.9,1557.0,39.3,174.0,0
2.0,295.6,306.0,1396.0,52.4,0.0,0
0.0,298.3,308.9,1270.0,52.7,44.0,0
2.0,299.0,308.7,1408.0,48.5,25.0,0
0.0,299.9,309.2,1658.0,34.8,16.0,0
0.0,298.4,309.6,1710.0,27.3,163.0,1
0.0,300.8,310.9,1311.0,55.8,118.0,0
1.0,300.5,311.4,1743.0,27.6,46.0,0
1.0,301.9,310.9,1421.0,46.2,26.0,0
0.0,302.0,309.7,1551.0,34.8,207.0,0
0.0,300.7,311.9,1419.0,47.7,179.0,0
1.0,299.9,309.4,1509.0,42.8,190.0,0
1.0,299.8,309.7,1705.0,28.5,103.0,0
0.0,302.4,310.3,1480.0,45.8,123.0,0
1.0,302.1,310.1,1379.0,48.2,166.0,1
1.0,302.2,310.6,1355.0,51.5,126.0,1
1.0,301.8,310.6,1552.0,35.9,97.0,0
0.0,297.5,308.4,1440.0,35.9,13.0,0
0.0,301.2,310.7,1644.0,31.6,166.0,0
2.0,300.6,309.7,1470.0,43.8,18.0,0
0.0,299.9,309.2,1491.0,44.3,214.0,0
1.0,299.4,310.0,1512.0,43.2,47.0,0
0.0,301.1,310.2,1455.0,55.3,9.0,0
1.0,297.2,308.3,1429.0,42.0,6.0,0
1.0,297.7,309.1,1732.0,28.1,167.0,0
0.0,298.5,309.4,1578.0,36.3,71.0,0
0.0,297.4,309.3,1759.0,24.8,81.0,0
0.0,299.0,310.3,1428.0,46.3,175.0,0
0.0,297.7,307.6,1921.0,22.9,68.0,0
0.0,298.5,308.2,1654.0,27.1,13.0,0
1.0,299.0,310.0,2049.0,19.5,111.0,0
0.0,297.9,307.9,1426.0,43.6,89.0,0
0.0,302.0,310.5,2197.0,15.8,133.0,0
0.0,300.8,310.9,1457.0,47.7,82.0,0
0.0,301.2,310.7,1676.0,32.4,98.0,0
1.0,297.2,308.3,1794.0,27.5,38.0,0
1.0,298.3,309.1,1488.0,40.6,176.0,0
0.0,298.2,308.8,1442.0,47.0,18.0,0
0.0,302.1,310.5,1559.0,36.0,124.0,0
0.0,295.4,305.8,1407.0,50.7,192.0,0
0.0,299.3,308.6,1520.0,33.7,76.0,0
0.0,298.6,309.7,1429.0,45.8,113.0,0
1.0,301.4,310.7,1459.0,37.7,40.0,0
0.0,303.9,313.0,1759.0,28.4,74.0,0
2.0,299.9,311.2,1495.0,35.8,175.0,0
0.0,296.8,307.9,1489.0,33.4,123.0,0
1.0,297.7,308.8,1388.0,45.6,190.0,0
0.0,300.6,309.5,1516.0,39.0,142.0,0
0.0,302.9,312.5,1683.0,32.1,85.0,0
0.0,302.6,312.1,1782.0,26.8,198.0,0
0.0,296.5,307.5,1443.0,41.8,87.0,0
2.0,297.8,307.5,1631.0,31.3,124.0,0
1.0,297.5,308.5,1484.0,44.7,40.0,0
0.0,297.5,309.2,1715.0,28.0,30.0,0
0.0,303.8,312.9,1619.0,35.7,182.0,0
0.0,300.1,309.7,1351.0,58.2,155.0,0
0.0,301.4,310.0,1776.0,25.6,30.0,0
1.0,301.7,309.9,1457.0,39.2,192.0,0
0.0,297.8,308.8,1621.0,36.1,68.0,0
1.0,298.8,308.8,1497.0,46.8,72.0,0
0.0,299.5,309.4,1563.0,41.5,183.0,0
1.0,301.8,311.0,1393.0,49.5,168.0,0
0.0,300.6,310.7,1440.0,52.5,200.0,0
1.0,300.8,312.0,1274.0,67.3,159.0,0
1.0,301.9,310.9,1483.0,37.0,35.0,0
0.0,298.2,307.9,1847.0,23.6,69.0,0
1.0,299.6,309.3,1577.0,39.8,48.0,0
1.0,297.5,308.6,1472.0,44.9,198.0,0
0.0,298.1,307.7,1537.0,40.8,169.0,0
1.0,300.1,309.3,1469.0,43.9,20.0,0
0.0,298.0,307.8,1567.0,36.4,109.0,0
1.0,297.5,308.6,1349.0,51.5,21.0,0
2.0,301.2,312.4,1395.0,47.8,90.0,0
2.0,300.6,309.4,1463.0,49.2,235.0,0
0.0,303.3,311.3,1393.0,47.4,18.0,0
0.0,302.3,311.7,1414.0,47.0,11.0,0
0.0,298.0,308.3,1544.0,34.7,213.0,0
1.0,302.6,312.0,1496.0,45.0,79.0,0
1.0,300.4,311.9,1335.0,58.3,9.0,0
1.0,300.0,309.5,1879.0,22.4,79.0,0
0.0,297.1,308.4,1529.0,40.4,165.0,0
0.0,301.4,310.4,1689.0,30.6,110.0,0
0.0,298.5,308.0,1624.0,29.8,160.0,0
0.0,297.4,309.2,1428.0,38.8,26.0,0
0.0,303.6,312.6,1606.0,33.6,184.0,0
0.0,299.1,310.6,1602.0,39.7,144.0,0
2.0,301.9,310.5,1472.0,39.7,187.0,0
1.0,299.0,310.3,1447.0,39.9,78.0,0
0.0,300.8,309.9,1312.0,65.3,192.0,1
0.0,297.9,309.8,2000.0,21.3,29.0,0
2.0,297.7,309.4,1608.0,30.2,135.0,0
0.0,301.1,309.8,1519.0,39.6,167.0,0
0.0,300.2,311.6,1500.0,39.0,174.0,0
0.0,303.3,311.4,1630.0,32.5,2.0,0
0.0,297.8,308.4,1714.0,33.2,177.0,0
1.0,299.6,309.0,1245.0,64.0,120.0,0
0.0,297.2,308.6,1392.0,41.5,108.0,0
0.0,299.1,310.0,1367.0,56.3,203.0,1
2.0,297.0,307.7,1834.0,23.8,195.0,0
1.0,298.1,308.5,1463.0,45.9,3.0,0
0.0,301.5,310.7,1426.0,46.1,81.0,0
0.0,299.0,310.2,1490.0,41.1,54.0,0
0.0,299.1,308.2,1493.0,34.9,119.0,0
0.0,302.7,312.1,1543.0,37.5,33.0,0
2.0,296.7,307.9,1579.0,33.4,50.0,0
1.0,297.7,308.1,2189.0,15.6,186.0,0
0.0,297.9,308.5,1305.0,47.2,155.0,0
0.0,302.4,312.0,1621.0,32.5,169.0,0
1.0,301.0,310.4,1517.0,46.1,145.0,0
1.0,298.8,309.7,1477.0,48.5,138.0,0
2.0,297.0,307.9,1448.0,45.6,172.0,0
0.0,296.7,307.8,1453.0,46.0,33.0,0
1.0,300.0,309.3,1932.0,21.8,135.0,0
0.0,300.1,309.4,1560.0,47.7,26.0,0
1.0,296.9,308.1,1440.0,46.3,64.0,0
1.0,300.6,312.0,1490.0,39.8,94.0,0
1.0,298.4,308.2,1463.0,37.6,188.0,0
0.0,302.5,311.9,1306.0,59.7,172.0,0
0.0,296.3,307.3,1566.0,35.8,175.0,0
0.0,300.5,311.9,1383.0,50.5,35.0,0
0.0,298.7,310.2,1436.0,47.5,32.0,0
0.0,300.1,310.4,1554.0,39.4,115.0,0
1.0,303.4,312.6,2706.0,9.8,65.0,1
2.0,300.1,309.4,1329.0,55.2,143.0,0
1.0,299.9,310.5,1576.0,39.4,183.0,0
0.0,300.6,309.4,1442.0,43.2,96.0,0
0.0,300.3,309.6,1435.0,45.4,181.0,0
1.0,298.4,308.1,1495.0,46.0,203.0,0
0.0,300.6,309.6,1423.0,49.1,74.0,0
0.0,300.9,312.4,1372.0,51.0,142.0,0
2.0,297.5,308.6,1440.0,46.1,84.0,0
0.0,299.3,310.4,1365.0,53.9,171.0,0
1.0,300.9,310.8,1452.0,43.6,185.0,0
0.0,303.8,312.5,1619.0,30.9,142.0,0
2.0,300.6,310.4,1479.0,35.6,150.0,0
0.0,302.6,311.5,1599.0,37.0,211.0,0
1.0,299.3,308.7,1420.0,50.3,208.0,0
0.0,298.1,307.7,1705.0,29.1,109.0,0
2.0,300.2,311.6,1496.0,41.1,60.0,0
0.0,298.8,309.8,1363.0,44.0,25.0,0
2.0,299.2,308.6,1462.0,55.0,163.0,0
0.0,297.9,307.6,1747.0,25.3,136.0,0
1.0,300.7,310.8,1469.0,46.4,75.0,0
2.0,297.3,308.6,1376.0,53.5,112.0,0
0.0,299.4,309.2,1433.0,42.1,22.0,0
0.0,299.6,310.2,1469.0,47.0,15.0,0
2.0,303.5,312.3,1386.0,49.0,35.0,0
0.0,298.6,309.4,1525.0,37.8,54.0,0
0.0,300.9,311.0,1382.0,51.2,136.0,0
1.0,301.2,310.8,1396.0,47.4,5.0,0
0.0,301.3,311.1,1647.0,28.2,140.0,0
0.0,298.8,309.8,1557.0,37.2,139.0,0
0.0,297.5,308.9,1443.0,43.5,0.0,0
0.0,304.0,313.2,1584.0,38.7,104.0,0
2.0,296.1,306.9,1541.0,32.6,33.0,0
0.0,301.6,310.4,1561.0,35.3,156.0,0
1.0,299.1,308.7,2008.0,20.3,178.0,0
0.0,301.0,309.9,1507.0,41.8,19.0,0
1.0,301.0,312.0,1558.0,37.5,190.0,0
1.0,298.5,309.6,1572.0,33.0,127.0,0
0.0,298.9,309.7,1449.0,48.8,147.0,0
2.0,299.7,309.5,1375.0,46.8,86.0,0
0.0,301.3,311.1,1560.0,35.3,55.0,0
0.0,297.9,307.6,1612.0,30.7,134.0,0
2.0,300.4,311.4,1427.0,50.7,122.0,0
0.0,302.6,311.7,1542.0,34.1,137.0,0
1.0,301.1,311.1,1615.0,37.7,153.0,0
0.0,297.6,309.5,1617.0,36.2,42.0,0
0.0,299.8,309.1,1546.0,35.6,93.0,0
2.0,298.9,310.2,1771.0,26.8,216.0,0
1.0,301.4,310.6,1855.0,25.3,178.0,0
1.0,298.3,307.8,1392.0,50.4,101.0,0
1.0,302.1,310.8,1409.0,41.3,39.0,0
0.0,299.4,308.8,1390.0,57.0,92.0,0
1.0,298.1,309.4,1362.0,47.6,70.0,0
0.0,304.2,313.4,1644.0,31.7,23.0,0
0.0,303.8,312.8,1443.0,40.7,145.0,0
1.0,298.6,309.3,1510.0,40.8,177.0,0
0.0,300.3,309.4,1470.0,33.5,148.0,0
0.0,297.9,307.7,1567.0,34.7,74.0,0
0.0,302.6,311.9,1397.0,46.9,82.0,0
0.0,302.4,310.2,1445.0,46.4,125.0,0
1.0,299.9,310.5,1335.0,52.9,180.0,0
0.0,298.0,308.1,1819.0,23.4,78.0,0
0.0,302.4,311.9,1578.0,29.9,44.0,0
0.0,299.4,309.0,1436.0,47.9,75.0,0
2.0,299.3,308.6,1498.0,39.5,47.0,0
0.0,299.8,310.4,1579.0,36.4,0.0,0
0.0,301.9,310.5,1340.0,55.7,204.0,1
0.0,303.9,312.6,1426.0,53.4,172.0,0
0.0,302.2,310.7,1769.0,24.9,91.0,0
1.0,300.6,311.7,1389.0,52.1,210.0,0
0.0,300.9,310.4,2021.0,18.8,30.0,0
1.0,299.5,309.2,1590.0,35.9,22.0,0
0.0,299.1,310.5,1389.0,61.4,64.0,0
1.0,299.9,309.6,1364.0,44.4,20.0,0
1.0,301.8,310.9,1358.0,52.3,56.0,0
1.0,301.1,311.3,1654.0,30.7,28.0,0
1.0,300.1,309.6,1584.0,36.7,165.0,0
1.0,297.9,308.5,1300.0,53.0,172.0,0
1.0,299.7,309.1,1352.0,46.1,102.0,0
0.0,303.0,311.3,2194.0,16.5,148.0,0
1.0,302.4,310.4,1463.0,42.2,139.0,0
0.0,299.4,310.6,1348.0,54.5,22.0,0
0.0,298.1,308.5,1676.0,30.5,22.0,0
0.0,302.1,311.5,1987.0,20.1,21.0,0
2.0,300.8,309.4,1474.0,40.7,104.0,0
1.0,298.6,309.1,1487.0,43.2,206.0,0
0.0,297.7,308.9,1838.0,27.3,99.0,0
0.0,301.3,310.3,1400.0,44.3,47.0,0
0.0,299.2,310.6,1567.0,38.4,172.0,0
1.0,300.8,310.9,1678.0,28.1,63.0,0
0.0,295.5,305.9,1542.0,36.2,12.0,0
0.0,304.0,313.0,2354.0,15.0,117.0,0
1.0,299.1,310.2,1456.0,48.4,101.0,0
0.0,301.9,310.7,1405.0,48.8,78.0,0
1.0,304.2,313.6,1424.0,43.7,151.0,0
0.0,300.1,309.2,1533.0,37.0,101.0,0
1.0,301.1,310.6,1310.0,48.8,103.0,0
2.0,300.3,309.7,1452.0,41.5,139.0,0
0.0,298.9,310.2,1533.0,42.8,138.0,0
0.0,297.4,307.9,1390.0,47.7,156.0,0
1.0,301.7,310.9,1435.0,48.0,66.0,0
2.0,302.1,310.7,1294.0,62.4,101.0,1
0.0,300.0,309.3,1558.0,29.7,168.0,0
0.0,295.7,306.3,1915.0,22.4,79.0,0
0.0,302.1,311.4,1603.0,35.9,104.0,0
0.0,302.3,310.8,1511.0,48.1,24.0,0
1.0,297.2,308.3,1604.0,39.4,9.0,0
1.0,300.0,309.6,1587.0,32.6,152.0,0
0.0,299.3,308.7,1802.0,26.0,130.0,0
0.0,302.6,310.3,1647.0,34.2,14.0,0
0.0,299.5,309.3,1333.0,54.1,147.0,0
1.0,298.4,310.2,1725.0,32.0,80.0,0
1.0,300.4,310.5,1500.0,43.0,9.0,0
1.0,300.6,309.7,1934.0,22.8,15.0,0
0.0,299.1,308.8,1320.0,67.5,20.0,1
0.0,302.1,311.3,1634.0,30.6,50.0,0
1.0,298.2,309.1,1457.0,49.0,77.0,0
0.0,298.4,309.1,1798.0,29.6,81.0,0
2.0,303.1,311.3,2056.0,19.7,167.0,0
0.0,296.8,307.9,1372.0,49.0,140.0,0
1.0,298.9,310.1,1441.0,41.2,189.0,0
0.0,301.9,311.0,1669.0,32.2,191.0,0
0.0,301.3,310.9,1596.0,33.9,157.0,0
0.0,303.1,311.2,1626.0,32.3,21.0,0
0.0,300.8,311.8,1323.0,61.1,178.0,0
2.0,301.0,312.2,1489.0,40.3,117.0,0
1.0,300.8,309.7,1258.0,54.9,168.0,0
0.0,298.2,308.3,1400.0,48.7,194.0,0
0.0,300.6,311.7,1428.0,52.6,208.0,0
0.0,301.1,311.1,1450.0,43.3,168.0,0
0.0,298.3,308.5,1539.0,36.1,168.0,0
0.0,302.3,311.6,1488.0,41.8,75.0,0
0.0,297.3,308.1,1615.0,35.4,217.0,1
0.0,301.2,312.4,1378.0,59.0,95.0,0
1.0,300.5,309.3,1539.0,39.1,216.0,0
0.0,297.6,308.6,2384.0,14.4,171.0,0
0.0,297.6,308.3,1523.0,39.5,137.0,0
1.0,299.1,308.5,1587.0,35.6,2.0,0
0.0,298.8,309.7,1225.0,63.4,37.0,0
0.0,300.2,309.4,1981.0,21.4,44.0,0
0.0,302.0,311.1,1635.0,36.0,23.0,0
1.0,300.8,310.2,1304.0,52.5,157.0,0
2.0,300.5,311.6,1506.0,36.2,10.0,0
0.0,302.1,310.7,1465.0,40.7,13.0,0
0.0,303.7,313.1,1496.0,47.4,48.0,0
0.0,298.7,309.1,1607.0,32.7,2.0,0
0.0,301.5,310.5,1435.0,44.6,135.0,0
1.0,303.2,311.4,2102.0,19.0,5.0,0
0.0,299.2,308.3,1410.0,43.0,26.0,0
1.0,298.5,308.3,1440.0,43.6,5.0,0
0.0,299.0,310.3,1483.0,39.2,153.0,0
0.0,302.1,311.2,1422.0,50.3,146.0,0
0.0,297.4,308.4,1580.0,41.2,66.0,0
0.0,300.7,309.5,1467.0,44.3,55.0,0
0.0,297.5,308.5,1462.0,52.3,148.0,0
1.0,297.1,307.9,1980.0,20.3,159.0,0
0.0,298.4,310.0,1559.0,44.2,23.0,0
0.0,300.6,310.6,1497.0,38.2,83.0,0
1.0,300.2,310.4,1202.0,61.7,74.0,0
1.0,301.8,311.1,1399.0,41.8,125.0,0
0.0,302.4,311.1,1880.0,24.5,156.0,0
1.0,298.2,309.3,2056.0,18.7,144.0,0
0.0,302.5,311.6,1419.0,43.7,39.0,0
0.0,300.7,309.3,1580.0,38.3,102.0,0
0.0,299.8,309.6,1526.0,41.7,85.0,0
1.0,299.5,309.2,1497.0,40.9,169.0,0
0.0,298.8,310.1,1607.0,39.5,105.0,0
1.0,300.3,310.2,1429.0,44.7,203.0,0
0.0,300.9,310.4,1561.0,32.7,67.0,0
0.0,296.7,307.9,1743.0,27.9,55.0,0
1.0,297.6,308.5,1552.0,40.9,90.0,0
0.0,299.5,309.3,1382.0,61.0,140.0,0
0.0,299.3,308.5,1485.0,44.7,78.0,0
0.0,300.7,311.9,1476.0,42.0,196.0,0
1.0,298.2,308.0,1577.0,35.9,151.0,0
0.0,301.7,310.8,1622.0,37.8,0.0,0
1.0,302.5,311.8,2023.0,19.1,74.0,0
0.0,300.7,312.3,1420.0,53.8,67.0,0
1.0,303.6,312.0,1645.0,35.7,81.0,0
1.0,299.2,308.9,1447.0,39.6,22.0,0
1.0,300.9,312.1,1851.0,23.0,156.0,0
0.0,298.2,308.7,1408.0,46.3,3.0,0
0.0,297.1,308.5,1555.0,36.2,0.0,0
0.0,300.7,311.2,1452.0,44.4,33.0,0
0.0,300.4,309.9,1435.0,54.8,70.0,0
0.0,300.7,310.1,1565.0,40.2,81.0,0
0.0,297.7,309.1,1563.0,39.3,56.0,0
0.0,300.9,309.7,2355.0,14.4,201.0,0
0.0,298.2,309.3,1355.0,43.8,142.0,0
0.0,298.6,309.8,1597.0,35.9,213.0,0
1.0,298.8,309.9,1331.0,61.6,46.0,0
0.0,300.2,311.8,1379.0,51.0,46.0,0
0.0,298.5,308.8,1670.0,29.6,13.0,0
0.0,300.8,310.8,1564.0,36.2,31.0,0
0.0,301.3,311.3,1474.0,50.7,10.0,0
0.0,300.1,311.4,1418.0,47.7,73.0,0
0.0,301.0,312.3,1445.0,36.4,105.0,0
0.0,301.1,312.3,1534.0,39.0,129.0,0
0.0,301.9,310.7,1370.0,50.3,20.0,0
0.0,297.9,309.1,1619.0,34.7,33.0,0
0.0,301.6,310.7,1429.0,43.6,176.0,0
2.0,300.1,309.4,1563.0,40.8,28.0,0
1.0,299.6,310.6,1633.0,34.2,151.0,0
0.0,301.3,310.8,1560.0,38.5,52.0,0
1.0,299.7,309.6,1313.0,60.0,186.0,0
1.0,298.0,309.0,1439.0,38.5,34.0,0
0.0,299.4,309.2,1489.0,42.3,114.0,0
0.0,299.3,308.6,1744.0,26.4,33.0,0
1.0,300.8,309.9,1444.0,46.0,180.0,0
0.0,302.7,310.7,1977.0,20.0,21.0,0
0.0,299.6,309.2,1425.0,45.9,133.0,0
0.0,301.9,310.9,1542.0,36.7,101.0,0
0.0,300.2,309.7,1275.0,60.7,15.0,0
2.0,296.3,307.1,1774.0,25.9,154.0,0
0.0,300.2,311.4,1425.0,44.2,84.0,0
1.0,298.5,309.2,1449.0,46.4,83.0,0
0.0,300.3,310.3,1345.0,46.3,50.0,0
1.0,297.5,308.6,1842.0,27.0,133.0,0
2.0,300.5,311.7,1454.0,50.3,175.0,0
1.0,300.5,310.6,1621.0,32.0,184.0,0
0.0,300.6,309.5,1437.0,40.0,55.0,0
1.0,300.8,310.7,1924.0,22.4,36.0,0
0.0,299.8,310.8,1409.0,51.9,154.0,0
0.0,298.9,309.1,2861.0,4.6,143.0,1
0.0,299.3,309.0,1734.0,30.6,154.0,0
0.0,298.5,309.0,1450.0,40.5,199.0,0
2.0,303.1,312.6,1404.0,40.6,152.0,0
2.0,299.1,308.3,1424.0,43.4,16.0,0
1.0,297.1,308.4,1502.0,37.3,181.0,0
0.0,300.9,310.8,1493.0,45.8,57.0,0
0.0,297.3,308.5,1528.0,44.5,140.0,0
0.0,299.1,310.4,1452.0,39.7,151.0,0
0.0,298.3,309.1,1472.0,40.1,31.0,0
2.0,299.5,309.4,1386.0,44.4,154.0,0
1.0,299.8,309.2,1678.0,29.8,202.0,0
1.0,301.5,311.1,1660.0,33.8,115.0,0
0.0,298.9,309.9,1526.0,35.4,96.0,0
0.0,300.7,311.8,1564.0,36.8,11.0,0
1.0,301.0,309.7,1288.0,58.4,162.0,0
0.0,297.8,309.7,1547.0,37.3,25.0,0
0.0,300.3,309.2,1412.0,44.8,200.0,0
2.0,297.1,308.4,1359.0,46.6,176.0,0
1.0,298.9,308.9,1679.0,28.7,181.0,0
0.0,301.0,310.9,1740.0,28.9,129.0,0
0.0,303.5,311.6,1465.0,48.7,60.0,0
1.0,302.9,311.2,1330.0,53.7,200.0,1
1.0,303.9,313.1,1483.0,47.2,71.0,0
0.0,298.7,309.9,1621.0,34.1,130.0,0
0.0,300.1,309.3,1340.0,56.0,130.0,0
0.0,301.6,311.2,1525.0,43.7,91.0,0
0.0,300.0,309.4,1308.0,50.2,32.0,0
0.0,297.8,307.5,1372.0,54.1,157.0,0
0.0,298.4,309.1,1423.0,48.0,135.0,0
2.0,302.5,311.1,1850.0,23.3,203.0,0
2.0,298.6,309.5,1523.0,34.2,119.0,0
0.0,298.8,308.4,1369.0,53.0,138.0,0
0.0,300.3,309.1,1699.0,30.3,178.0,0
1.0,297.4,308.9,1323.0,57.3,163.0,0
0.0,298.0,307.8,1716.0,26.6,9.0,0
0.0,300.4,311.3,1495.0,51.2,175.0,0
0.0,297.4,308.3,1395.0,48.7,21.0,0
0.0,301.4,311.3,1674.0,33.3,46.0,0
0.0,302.0,311.3,1567.0,41.1,26.0,0
0.0,297.2,308.1,1689.0,31.2,145.0,0
0.0,302.2,311.5,1346.0,52.4,157.0,0
0.0,298.9,310.6,1363.0,52.6,190.0,0
0.0,298.0,308.7,1511.0,45.8,114.0,0
0.0,302.9,312.4,1561.0,34.8,150.0,0
0.0,301.4,310.5,1489.0,43.5,98.0,0
1.0,299.3,310.7,1374.0,48.9,222.0,0
0.0,297.5,308.7,1453.0,37.6,112.0,0
0.0,300.2,310.5,1416.0,46.7,90.0,0
0.0,297.6,308.3,1623.0,36.9,61.0,0
0.0,298.3,308.2,1663.0,28.4,67.0,0
0.0,297.5,308.4,1633.0,33.3,213.0,0
1.0,302.2,311.3,1375.0,47.0,98.0,0
2.0,301.1,310.6,1782.0,24.9,93.0,0
0.0,302.4,310.2,1331.0,45.5,53.0,1
0.0,300.1,310.6,1374.0,45.4,119.0,0
0.0,302.5,310.4,1415.0,48.2,117.0,0
1.0,302.3,311.8,1557.0,34.1,185.0,0
2.0,303.8,313.2,1379.0,50.2,178.0,0
2.0,297.4,308.7,1623.0,33.8,127.0,0
0.0,298.8,308.7,1591.0,31.1,68.0,0
1.0,299.8,310.5,1375.0,53.9,110.0,0
0.0,298.4,308.9,1501.0,50.0,203.0,0
0.0,297.3,308.3,2358.0,14.9,49.0,0
0.0,297.4,308.0,1423.0,38.0,154.0,0
2.0,299.0,310.1,1432.0,50.0,45.0,0
0.0,299.8,309.8,1542.0,39.4,155.0,0
0.0,298.6,309.8,1496.0,37.7,134.0,0
1.0,301.7,309.9,1434.0,47.9,189.0,0
0.0,303.2,311.4,1351.0,53.8,8.0,1
1.0,299.8,311.3,1517.0,41.2,105.0,0
0.0,299.5,309.4,1390.0,58.8,195.0,1
0.0,303.9,313.0,1483.0,45.0,78.0,0
0.0,298.0,308.9,1508.0,37.1,92.0,0
1.0,298.7,309.6,1800.0,24.8,78.0,0
0.0,298.1,310.0,1553.0,40.9,49.0,0
1.0,301.3,311.5,1648.0,32.4,0.0,0
1.0,296.3,307.2,1454.0,42.5,35.0,0
0.0,300.4,309.6,1432.0,44.7,192.0,0
0.0,297.8,308.9,1518.0,40.4,2.0,0
0.0,302.7,310.7,1398.0,57.7,19.0,0
0.0,297.5,308.9,1466.0,43.0,15.0,0
0.0,298.0,307.6,1281.0,50.8,122.0,0
0.0,298.2,309.0,2449.0,13.8,45.0,0
0.0,302.6,311.5,1442.0,59.8,169.0,1
0.0,303.0,311.2,1641.0,32.6,63.0,0
1.0,300.7,311.7,1499.0,38.9,3.0,0
2.0,300.4,309.5,1547.0,50.7,131.0,0
0.0,299.0,310.2,1372.0,48.0,174.0,0
0.0,297.0,307.9,1296.0,69.1,153.0,1
1.0,296.8,307.5,1443.0,39.2,13.0,0
0.0,302.6,311.4,1738.0,25.8,128.0,0
1.0,299.6,309.2,1393.0,47.7,28.0,0
0.0,298.8,308.6,1535.0,41.2,40.0,0
0.0,297.5,308.6,1621.0,28.9,0.0,0
0.0,301.3,310.6,1451.0,47.5,42.0,0
1.0,300.6,309.4,1367.0,63.2,45.0,1
0.0,300.5,311.9,1887.0,21.7,56.0,0
0.0,299.1,308.3,1431.0,52.3,38.0,0
0.0,297.8,307.8,1396.0,42.5,23.0,0
0.0,302.3,311.8,1605.0,35.2,152.0,0
0.0,296.3,307.2,1291.0,58.6,29.0,0
0.0,299.1,310.4,1657.0,31.0,129.0,0
0.0,302.3,310.9,1891.0,22.7,135.0,0
0.0,302.8,312.4,1376.0,57.1,8.0,0
1.0,302.7,311.1,1297.0,60.7,125.0,1
1.0,301.4,310.6,1459.0,35.0,87.0,0
0.0,298.5,308.7,1609.0,35.3,117.0,0
0.0,304.2,313.8,1401.0,53.9,142.0,0
0.0,299.7,311.1,1574.0,36.4,135.0,0
1.0,300.0,310.2,1443.0,58.7,68.0,0
1.0,297.8,309.3,2243.0,15.7,36.0,0
0.0,300.7,309.5,1251.0,59.9,120.0,0
1.0,301.7,311.2,1563.0,34.5,139.0,0
0.0,304.2,313.3,1464.0,45.9,48.0,0
0.0,302.8,312.1,1418.0,51.4,54.0,0
2.0,301.3,310.6,1527.0,44.0,114.0,0
1.0,298.9,309.8,1947.0,21.7,105.0,0
0.0,298.8,309.7,1424.0,49.6,129.0,0
0.0,299.3,308.7,1393.0,54.2,80.0,0
1.0,296.8,307.4,1472.0,43.9,30.0,0
1.0,303.4,312.9,1307.0,54.3,68.0,0
2.0,300.1,309.1,1560.0,35.4,14.0,0
0.0,300.1,310.5,1500.0,39.8,107.0,0
0.0,297.9,307.7,1517.0,44.4,67.0,0
0.0,299.5,310.0,1379.0,50.4,85.0,0
0.0,300.2,310.1,1440.0,51.1,41.0,0
0.0,301.6,309.8,1588.0,33.9,89.0,0
1.0,298.7,308.5,1360.0,52.9,69.0,0
1.0,301.4,310.7,1639.0,29.8,127.0,0
0.0,296.8,308.3,1506.0,45.9,182.0,0
1.0,300.7,311.0,1418.0,49.3,106.0,0
0.0,300.3,311.4,1544.0,41.6,97.0,0
0.0,299.9,310.4,1470.0,50.0,148.0,0
0.0,300.5,311.4,1611.0,32.7,44.0,0
1.0,300.8,310.9,1522.0,46.2,56.0,0
1.0,297.0,308.2,1702.0,30.7,124.0,0
0.0,299.1,310.5,1437.0,43.1,40.0,0
0.0,298.4,309.2,1335.0,53.5,168.0,0
0.0,300.4,309.9,1376.0,43.5,74.0,0
0.0,300.5,309.8,1461.0,52.5,146.0,0
0.0,301.8,310.2,1457.0,40.4,213.0,0
1.0,297.5,308.4,1685.0,28.1,15.0,0
0.0,299.8,310.4,1694.0,30.3,204.0,0
0.0,297.3,308.2,1896.0,24.4,47.0,0
1.0,300.1,311.6,1433.0,51.4,76.0,0
0.0,301.1,311.2,1774.0,29.6,186.0,0
0.0,300.5,311.2,1270.0,67.5,208.0,1
0.0,298.3,308.5,1538.0,32.2,173.0,0
1.0,300.5,310.0,1406.0,50.2,119.0,0
0.0,298.2,307.9,1544.0,31.4,192.0,0
1.0,302.5,311.9,1532.0,38.8,96.0,0
0.0,299.1,309.9,1586.0,36.6,215.0,0
0.0,300.3,309.9,1601.0,31.7,180.0,0
0.0,298.9,310.2,1359.0,56.9,166.0,0
0.0,299.6,309.2,1422.0,39.8,219.0,0
0.0,302.8,310.8,1516.0,39.5,23.0,0
1.0,302.0,310.5,1823.0,25.1,87.0,0
0.0,301.5,310.8,1367.0,49.0,193.0,0
0.0,302.4,311.2,1404.0,52.0,57.0,0
0.0,297.7,307.4,1764.0,29.0,139.0,0
0.0,297.3,308.3,1519.0,37.7,45.0,0
1.0,302.5,312.0,1447.0,45.7,210.0,0
2.0,297.9,307.7,1618.0,35.9,92.0,0
0.0,301.5,310.8,1413.0,44.6,166.0,0
1.0,303.5,312.4,1318.0,54.2,177.0,0
1.0,300.6,310.5,1462.0,41.3,68.0,0
0.0,303.7,312.8,1543.0,38.3,61.0,0
0.0,301.1,311.1,1387.0,53.1,188.0,0
0.0,297.5,308.2,1610.0,33.6,115.0,0
0.0,298.2,309.2,1922.0,22.6,132.0,0
0.0,297.4,308.6,1476.0,42.3,107.0,0
0.0,296.6,307.4,1521.0,38.6,173.0,0
0.0,296.7,307.8,1646.0,34.6,238.0,0
0.0,302.6,312.3,1534.0,34.3,31.0,0
0.0,299.3,308.7,1579.0,36.3,211.0,0
1.0,301.4,311.2,1727.0,26.5,43.0,0
1.0,297.9,307.9,1540.0,39.8,38.0,0
2.0,299.5,309.2,1872.0,22.6,162.0,0
0.0,297.2,308.6,1864.0,23.6,103.0,0
0.0,304.3,313.5,2643.0,12.7,21.0,0
0.0,300.2,311.6,1511.0,35.7,160.0,0
1.0,298.2,309.0,1413.0,47.9,97.0,0
1.0,299.5,310.7,1364.0,49.5,0.0,0
0.0,303.7,312.7,1989.0,22.4,166.0,0
0.0,302.4,310.9,1469.0,39.6,86.0,0
1.0,301.3,309.9,1501.0,39.5,27.0,0
1.0,298.3,309.0,1802.0,27.5,71.0,0
1.0,302.5,311.9,1347.0,54.3,125.0,0
0.0,300.4,310.4,1286.0,56.8,46.0,0
2.0,300.2,309.9,1906.0,22.9,165.0,0
0.0,300.7,311.7,1524.0,43.5,222.0,0
1.0,298.7,310.3,1495.0,38.7,88.0,0
0.0,300.1,309.6,1321.0,46.9,75.0,0
0.0,301.5,310.4,1329.0,46.6,24.0,0
0.0,297.3,308.6,1446.0,50.1,144.0,0
1.0,298.3,308.3,1379.0,48.0,181.0,0
1.0,298.6,309.7,1635.0,32.2,110.0,0
1.0,295.6,306.3,1426.0,45.5,53.0,0
2.0,303.0,312.2,1624.0,28.8,117.0,0
0.0,299.5,310.8,1374.0,48.3,154.0,0
0.0,298.4,308.0,1380.0,47.6,130.0,0
1.0,297.5,308.7,1363.0,53.6,194.0,0
2.0,299.8,310.2,1537.0,36.6,191.0,0
0.0,297.8,307.7,1393.0,38.0,29.0,0
0.0,300.8,311.2,1434.0,45.6,174.0,0
2.0,303.7,312.5,1520.0,35.6,154.0,0
1.0,296.0,306.6,1628.0,36.8,121.0,0
0.0,298.0,308.2,1469.0,45.5,214.0,0
1.0,303.9,313.2,1608.0,40.6,79.0,0
0.0,303.0,311.3,1793.0,29.3,157.0,0
0.0,304.2,313.4,1740.0,23.7,86.0,0
1.0,301.1,310.6,1429.0,52.7,35.0,0
0.0,298.1,307.9,1665.0,32.0,7.0,0
0.0,299.8,309.7,1429.0,42.6,127.0,0
1.0,299.0,310.2,1657.0,32.3,64.0,0
0.0,302.4,311.2,1450.0,47.9,154.0,0
0.0,298.4,309.6,1477.0,35.6,101.0,0
1.0,300.5,312.0,1779.0,27.7,46.0,0
0.0,300.6,309.3,1601.0,40.2,69.0,0
0.0,303.8,312.7,1596.0,36.6,134.0,0
0.0,301.9,310.9,1616.0,34.5,46.0,0
0.0,302.3,311.3,1614.0,34.1,129.0,0
0.0,300.7,311.8,1441.0,38.1,34.0,0
2.0,301.9,310.3,1653.0,32.4,100.0,0
0.0,299.1,308.9,1467.0,47.2,218.0,0
0.0,297.8,308.4,1622.0,38.3,134.0,0
2.0,302.7,311.1,1418.0,43.4,130.0,0
1.0,296.3,307.3,1498.0,41.6,15.0,0
0.0,300.8,310.5,1482.0,39.0,47.0,0
1.0,300.9,312.0,1402.0,50.7,185.0,0
1.0,297.5,309.4,1678.0,34.4,148.0,0
0.0,299.2,308.5,1445.0,45.2,222.0,0
1.0,303.7,312.7,1316.0,51.8,197.0,0
1.0,300.0,309.9,1530.0,34.5,71.0,0
0.0,296.4,307.2,1748.0,25.3,144.0,0
1.0,300.7,311.7,1412.0,49.1,219.0,0
0.0,297.4,308.8,1620.0,33.4,186.0,0
1.0,298.1,309.6,1549.0,38.7,43.0,0
0.0,297.4,309.0,1583.0,32.0,166.0,0
0.0,300.9,310.4,1788.0,27.8,90.0,0
0.0,303.7,312.3,1349.0,51.0,105.0,0
2.0,297.0,307.8,1404.0,40.7,184.0,0
1.0,297.5,308.3,1476.0,45.6,31.0,0
0.0,298.8,308.5,1527.0,36.2,3.0,0
0.0,303.6,311.7,1546.0,38.5,64.0,0
0.0,297.6,308.3,1424.0,53.9,132.0,0
0.0,297.6,308.3,1478.0,42.3,193.0,0
0.0,303.9,312.8,1419.0,47.9,196.0,0
1.0,302.3,311.1,1435.0,43.1,149.0,0
2.0,301.8,311.2,1451.0,39.4,70.0,0
1.0,299.9,311.3,1703.0,28.4,134.0,0
0.0,298.0,308.8,1610.0,33.7,212.0,0
0.0,303.2,311.5,1544.0,42.5,227.0,0
2.0,303.3,311.4,1692.0,27.9,55.0,0
0.0,302.2,311.0,1463.0,46.8,150.0,0
0.0,297.6,308.6,1576.0,32.7,83.0,0
1.0,299.1,308.9,1476.0,42.7,225.0,0
0.0,300.1,310.1,1569.0,43.5,17.0,0
2.0,297.2,308.5,1653.0,33.3,207.0,0
2.0,301.5,310.8,1591.0,29.6,33.0,0
1.0,300.6,309.8,1694.0,31.1,187.0,0
0.0,297.1,308.4,1468.0,44.4,197.0,0
0.0,298.2,308.3,1402.0,51.0,141.0,0
1.0,301.0,312.1,1664.0,28.4,168.0,0
2.0,302.9,311.2,2102.0,17.8,91.0,0
1.0,297.5,308.0,1430.0,44.5,178.0,0
0.0,302.0,309.9,1388.0,51.4,183.0,0
0.0,303.3,311.3,1389.0,53.9,39.0,0
0.0,301.8,310.9,1899.0,24.7,31.0,0
1.0,302.4,310.9,1469.0,41.6,124.0,0
2.0,302.0,310.6,1438.0,43.2,12.0,0
0.0,300.8,310.6,1360.0,48.8,91.0,0
0.0,297.5,308.5,1597.0,36.4,112.0,0
1.0,300.8,310.1,1686.0,26.9,128.0,0
1.0,303.6,312.7,2174.0,17.6,37.0,0
0.0,301.9,310.4,1603.0,37.6,69.0,0
1.0,298.1,308.0,2129.0,18.4,45.0,0
0.0,300.2,309.4,1558.0,38.3,51.0,0
0.0,301.3,311.0,1554.0,47.7,84.0,0
0.0,303.2,311.4,1514.0,41.2,230.0,0
0.0,301.1,310.1,1540.0,36.6,28.0,0
2.0,300.7,309.7,1623.0,32.7,0.0,0
0.0,298.3,309.1,1904.0,20.3,140.0,0
1.0,300.2,311.6,1415.0,55.8,82.0,0
1.0,301.5,310.5,1623.0,33.5,157.0,0
0.0,296.9,307.9,1359.0,56.5,110.0,0
0.0,299.1,310.2,1598.0,33.4,20.0,0
0.0,300.3,311.8,2004.0,19.6,12.0,0
0.0,298.5,309.0,1458.0,44.8,217.0,0
0.0,300.2,309.8,1401.0,49.3,163.0,0
0.0,299.2,308.8,1542.0,39.2,179.0,0
0.0,299.0,308.7,1396.0,48.6,0.0,0
0.0,297.5,308.5,1340.0,57.4,143.0,0
2.0,298.4,308.7,1344.0,52.9,130.0,0
0.0,297.2,308.5,1574.0,35.8,95.0,0
0.0,297.5,308.4,1604.0,38.1,106.0,0
1.0,300.7,309.8,1490.0,38.8,173.0,0
0.0,302.4,312.1,1455.0,40.4,28.0,0
1.0,301.0,310.9,1359.0,53.4,180.0,0
0.0,297.5,308.6,1437.0,43.3,34.0,0
2.0,297.4,309.3,1365.0,52.4,76.0,0
1.0,300.3,311.4,1371.0,50.2,109.0,0
0.0,297.5,308.9,1390.0,44.6,140.0,0
1.0,297.8,307.9,1726.0,27.3,35.0,0
0.0,300.7,309.6,1733.0,24.8,85.0,0
1.0,300.2,310.2,1429.0,43.8,54.0,0
0.0,300.7,311.1,2478.0,13.4,170.0,1
1.0,303.5,312.3,1593.0,35.2,29.0,0
0.0,298.4,309.5,2153.0,15.3,98.0,1
0.0,301.8,309.7,1598.0,30.4,124.0,0
0.0,300.1,309.1,1551.0,33.7,214.0,0
2.0,300.3,311.6,1463.0,41.6,102.0,0
0.0,297.0,307.7,1502.0,39.4,126.0,0
2.0,303.4,311.9,1402.0,50.0,54.0,0
1.0,299.3,308.5,1422.0,45.4,37.0,0
1.0,298.2,308.7,1269.0,60.9,163.0,0
0.0,297.4,308.5,1643.0,33.8,132.0,0
1.0,303.5,313.0,1902.0,21.6,60.0,0
1.0,301.9,309.6,1551.0,34.6,211.0,0
0.0,303.5,312.9,1332.0,52.9,66.0,0
0.0,298.4,308.6,1591.0,36.7,122.0,0
1.0,296.9,307.7,2008.0,17.5,3.0,0
0.0,300.8,312.6,1376.0,53.6,119.0,0
1.0,300.5,309.9,1343.0,63.7,124.0,0
0.0,300.9,311.1,1457.0,37.4,96.0,0
1.0,299.5,309.4,1387.0,56.2,32.0,0
0.0,301.6,310.6,1506.0,43.4,222.0,0
0.0,297.3,308.1,1763.0,28.4,54.0,0
0.0,302.1,311.4,1446.0,39.7,95.0,0
0.0,301.0,310.5,1408.0,47.0,202.0,0
1.0,299.8,309.7,1910.0,21.8,141.0,0
2.0,300.5,311.4,1679.0,27.5,59.0,0
0.0,299.8,310.0,1697.0,36.0,175.0,0
1.0,298.3,309.0,1526.0,36.9,20.0,0
0.0,299.7,309.6,1399.0,51.3,144.0,0
1.0,302.3,311.7,1540.0,28.9,149.0,0
0.0,298.5,308.8,1589.0,30.6,11.0,0
0.0,298.8,308.8,1991.0,20.7,59.0,0
1.0,302.3,311.5,1530.0,42.3,21.0,0
1.0,300.4,309.8,1421.0,47.2,0.0,0
0.0,301.8,310.2,2825.0,5.8,215.0,1
2.0,301.2,309.9,1362.0,50.7,25.0,0
2.0,298.4,307.9,1605.0,31.0,18.0,0
1.0,298.8,308.6,1486.0,41.1,13.0,0
2.0,297.9,309.1,1435.0,44.7,8.0,0
0.0,297.5,308.6,1380.0,53.5,192.0,0
0.0,300.7,310.4,1543.0,47.3,203.0,0
0.0,300.5,311.4,1642.0,27.1,37.0,0
0.0,301.0,310.9,1679.0,29.8,64.0,0
1.0,298.2,308.5,2678.0,10.7,86.0,1
0.0,302.3,310.8,1421.0,41.4,102.0,0
1.0,302.2,310.8,1562.0,38.1,78.0,0
0.0,298.3,308.4,1593.0,37.0,174.0,0
1.0,299.3,308.4,1438.0,42.3,0.0,0
0.0,298.2,308.1,1618.0,34.7,39.0,0
0.0,300.2,311.6,1375.0,56.9,155.0,0
1.0,303.8,312.7,1374.0,53.6,136.0,0
2.0,300.0,311.2,1393.0,43.1,45.0,0
1.0,300.6,310.5,2156.0,18.0,16.0,0
0.0,298.4,308.5,1741.0,32.8,112.0,0
0.0,299.0,308.6,1297.0,54.2,110.0,0
0.0,297.3,308.0,1527.0,35.1,165.0,0
0.0,298.4,310.1,1533.0,35.2,92.0,0
0.0,295.8,306.5,1568.0,35.1,111.0,0
0.0,300.8,310.6,1402.0,53.7,93.0,0
0.0,296.8,307.6,1513.0,40.0,130.0,0
0.0,299.8,311.1,1588.0,38.0,183.0,0
0.0,298.3,310.1,1545.0,36.3,90.0,0
0.0,300.4,311.2,1406.0,43.6,22.0,0
2.0,302.3,311.8,1475.0,42.8,38.0,0
0.0,301.0,311.2,1363.0,46.3,62.0,0
0.0,297.2,307.9,1469.0,48.2,144.0,0
0.0,302.4,311.0,2211.0,15.4,203.0,0
2.0,298.5,308.7,1450.0,43.9,28.0,0
0.0,298.8,309.7,1582.0,45.0,11.0,0
0.0,298.4,309.3,1531.0,37.4,16.0,0
0.0,297.8,307.5,1581.0,33.1,116.0,0
0.0,300.3,311.7,1452.0,41.5,172.0,0
0.0,301.8,311.3,1551.0,35.8,61.0,0
0.0,302.1,311.5,1533.0,39.4,26.0,0
0.0,299.3,309.0,1473.0,46.3,146.0,0
0.0,303.7,311.9,1561.0,33.3,153.0,0
1.0,297.5,308.2,1713.0,32.2,17.0,0
0.0,301.8,311.0,1651.0,32.5,195.0,0
1.0,300.2,310.1,1550.0,38.7,45.0,0
0.0,296.0,306.6,1511.0,35.2,119.0,0
0.0,300.4,311.1,1487.0,37.4,162.0,0
2.0,296.5,307.4,1432.0,49.2,64.0,0
1.0,302.0,310.6,1392.0,60.5,10.0,0
1.0,299.0,309.4,1561.0,37.3,70.0,0
0.0,299.2,310.1,1534.0,37.7,10.0,0
0.0,299.9,309.4,1467.0,41.2,20.0,0
1.0,297.9,307.9,1336.0,54.4,82.0,0
0.0,301.5,310.4,1270.0,54.2,26.0,0
0.0,297.4,308.5,1399.0,61.5,61.0,1
0.0,298.4,309.1,1579.0,36.1,123.0,0
1.0,298.1,307.4,1363.0,60.1,187.0,0
1.0,297.6,308.4,1507.0,46.0,51.0,0
0.0,302.2,311.5,1548.0,32.4,81.0,0
1.0,301.9,311.5,1492.0,40.8,150.0,0
1.0,299.8,309.6,1346.0,53.2,95.0,0
0.0,300.6,310.9,1433.0,42.6,101.0,0
1.0,297.3,308.2,1677.0,34.9,21.0,0
0.0,296.8,307.6,1434.0,48.3,138.0,0
1.0,299.9,309.2,1683.0,30.5,13.0,0
2.0,297.6,309.6,1419.0,48.2,215.0,0
0.0,299.2,308.5,1457.0,44.7,195.0,0
0.0,299.0,310.4,1512.0,38.8,109.0,0
0.0,299.8,309.4,1633.0,27.5,29.0,0
0.0,295.8,306.5,1534.0,37.9,88.0,0
1.0,299.2,308.4,1856.0,22.7,86.0,0
1.0,302.0,311.2,1418.0,49.5,17.0,0
0.0,300.7,311.1,2437.0,13.8,163.0,0
1.0,295.5,306.0,1641.0,36.6,21.0,0
2.0,299.7,309.2,1355.0,44.8,127.0,0
0.0,298.1,307.7,1479.0,45.0,136.0,0
0.0,297.4,308.9,1809.0,23.8,131.0,0
0.0,299.0,309.4,1693.0,30.1,84.0,0
0.0,298.3,308.6,1499.0,38.3,142.0,0
1.0,298.6,309.4,1465.0,41.1,30.0,0
0.0,298.6,309.4,1447.0,40.2,173.0,0
0.0,301.2,310.6,1811.0,24.0,84.0,0
0.0,301.2,310.4,1516.0,44.4,53.0,0
0.0,297.3,308.1,1468.0,49.8,0.0,0
0.0,302.2,310.8,1673.0,32.9,52.0,0
0.0,300.5,311.4,1400.0,45.1,29.0,0
0.0,296.2,307.0,1414.0,48.3,162.0,0
2.0,300.7,310.8,1296.0,58.2,204.0,0
0.0,300.7,309.9,1383.0,44.5,176.0,0
2.0,298.6,309.4,1362.0,45.3,56.0,0
0.0,302.6,310.4,1359.0,57.2,67.0,1
1.0,297.7,308.8,2089.0,19.1,111.0,0
0.0,300.7,310.5,1960.0,21.0,194.0,0
2.0,302.3,311.8,1804.0,25.0,43.0,0
0.0,299.2,309.9,1516.0,41.4,219.0,0
1.0,297.7,307.2,1372.0,52.8,33.0,0
0.0,300.5,311.6,1730.0,30.2,106.0,0
0.0,299.0,310.3,1929.0,24.4,180.0,0
1.0,300.2,311.6,1467.0,40.7,23.0,0
0.0,298.4,309.7,1518.0,39.8,165.0,0
0.0,301.1,311.6,1432.0,48.1,202.0,0
2.0,296.6,307.7,1654.0,31.0,91.0,0
1.0,297.4,309.0,1685.0,30.7,177.0,0
1.0,302.2,310.6,1346.0,49.2,134.0,1
0.0,298.8,310.5,1464.0,46.4,207.0,0
1.0,300.5,311.4,1312.0,51.4,60.0,0
2.0,298.4,308.5,1827.0,24.3,153.0,0
2.0,304.0,313.0,1701.0,30.4,171.0,0
0.0,301.1,310.5,1532.0,37.5,119.0,0
0.0,297.0,307.9,1350.0,47.7,168.0,0
0.0,300.1,309.6,1565.0,34.8,32.0,0
2.0,298.9,309.3,1375.0,42.7,58.0,0
1.0,300.5,309.3,1578.0,30.5,34.0,0
1.0,298.9,309.2,1581.0,36.7,101.0,0
1.0,300.1,309.2,1457.0,44.3,98.0,0
0.0,296.7,307.8,1505.0,39.4,236.0,0
1.0,304.1,313.4,1518.0,42.4,105.0,0
0.0,300.2,311.6,1356.0,53.5,132.0,0
0.0,300.3,309.2,1807.0,26.4,169.0,0
0.0,299.0,308.6,1329.0,60.5,120.0,0
1.0,302.3,310.8,1762.0,27.8,127.0,0
0.0,298.8,308.6,1268.0,55.8,155.0,0
2.0,299.2,308.5,1342.0,47.5,147.0,0
1.0,302.9,311.0,1437.0,49.9,55.0,0
2.0,297.5,308.8,1430.0,49.4,2.0,0
1.0,298.1,307.8,1503.0,44.7,54.0,0
0.0,297.2,308.5,1447.0,47.9,188.0,0
1.0,300.3,309.6,1488.0,41.3,172.0,0
0.0,296.7,308.0,1535.0,36.8,210.0,0
1.0,303.5,313.0,1403.0,51.9,77.0,0
1.0,300.6,310.7,1566.0,38.2,187.0,0
0.0,298.4,308.0,1605.0,32.4,154.0,0
0.0,302.2,311.0,1555.0,34.2,185.0,0
0.0,297.3,308.7,1556.0,36.7,114.0,0
2.0,302.8,311.0,1436.0,43.5,47.0,0
2.0,300.1,309.3,1520.0,38.2,158.0,0
0.0,301.6,310.8,1392.0,42.4,3.0,0
1.0,296.1,307.1,1485.0,36.0,169.0,0
1.0,301.4,310.3,1610.0,29.1,166.0,0
1.0,297.4,308.5,1600.0,42.1,190.0,0
0.0,300.0,311.5,1445.0,41.6,81.0,0
1.0,300.2,309.5,1500.0,45.7,89.0,0
0.0,298.5,308.3,1504.0,38.0,20.0,0
0.0,298.2,308.9,1336.0,45.0,66.0,0
0.0,300.6,309.6,1726.0,30.0,147.0,0
0.0,300.2,310.1,1392.0,47.9,201.0,0
0.0,302.3,311.8,1369.0,56.2,208.0,1
0.0,302.4,310.1,1906.0,21.2,110.0,0
1.0,297.3,308.8,1447.0,57.4,134.0,0
0.0,297.2,307.9,1326.0,75.4,172.0,1
0.0,300.4,311.8,1367.0,57.2,10.0,0
1.0,302.9,311.1,1926.0,21.8,58.0,0
0.0,298.8,309.6,1903.0,22.3,145.0,0
1.0,299.3,308.4,1542.0,37.5,203.0,1
1.0,301.0,310.9,1910.0,21.9,37.0,0
0.0,299.6,309.2,1602.0,37.3,31.0,0
0.0,298.2,309.1,1539.0,36.5,134.0,0
0.0,304.0,313.0,1407.0,42.1,5.0,0
2.0,297.8,307.8,1662.0,30.7,48.0,0
0.0,299.7,309.3,1445.0,42.6,0.0,0
0.0,301.3,310.0,1438.0,40.9,7.0,0
1.0,297.6,309.3,1464.0,46.2,218.0,0
0.0,296.8,308.0,1536.0,40.4,217.0,0
0.0,297.4,308.3,1706.0,30.9,9.0,0
0.0,297.6,308.7,1622.0,37.9,79.0,0
1.0,300.7,311.0,1413.0,44.3,72.0,0
1.0,303.6,313.0,1396.0,38.2,117.0,0
0.0,300.5,309.7,1589.0,30.5,198.0,0
1.0,303.9,313.3,1567.0,35.0,168.0,0
0.0,301.4,310.9,1536.0,38.3,9.0,0
0.0,299.2,308.4,1402.0,47.7,24.0,0
1.0,299.7,311.0,1448.0,49.8,80.0,0
0.0,300.5,309.8,1663.0,29.1,145.0,1
0.0,297.3,308.6,1586.0,37.7,155.0,0
0.0,300.2,310.3,1331.0,52.1,30.0,0
0.0,302.6,311.6,1311.0,53.2,0.0,0
0.0,298.9,309.5,1645.0,31.1,169.0,0
1.0,303.8,313.1,2117.0,18.6,22.0,0
1.0,302.5,310.4,1581.0,32.7,181.0,0
0.0,302.2,311.3,1389.0,46.9,106.0,0
0.0,298.0,308.2,1459.0,42.1,146.0,0
0.0,303.8,313.1,1458.0,42.2,25.0,0
0.0,303.8,313.1,1869.0,25.8,211.0,0
1.0,300.5,309.9,1994.0,19.8,189.0,0
0.0,297.2,308.5,1550.0,41.5,125.0,0
1.0,303.6,312.1,1627.0,32.5,7.0,0
0.0,299.3,308.7,1408.0,48.7,85.0,0
0.0,302.6,312.1,1502.0,47.3,171.0,0
2.0,298.1,308.4,1515.0,43.8,6.0,0
0.0,296.5,307.3,1501.0,42.1,162.0,0
0.0,302.7,312.2,1572.0,34.4,228.0,0
0.0,296.7,308.0,1580.0,32.2,39.0,0
1.0,299.0,310.3,1689.0,29.7,101.0,0
1.0,301.3,311.0,1641.0,33.0,145.0,0
1.0,298.3,309.1,1296.0,58.7,201.0,0
0.0,301.2,311.0,1573.0,32.8,57.0,0
0.0,300.7,310.5,1536.0,47.4,192.0,0
1.0,301.5,310.5,1737.0,29.3,114.0,0
1.0,300.0,309.1,1474.0,45.2,152.0,0
0.0,301.3,310.4,1501.0,41.6,192.0,0
0.0,302.2,310.8,2203.0,16.6,47.0,0
0.0,302.3,310.9,1620.0,30.3,112.0,0
1.0,298.0,308.7,1494.0,42.6,96.0,0
1.0,299.1,310.6,1397.0,49.5,165.0,0
0.0,299.1,308.5,1676.0,31.0,69.0,0
1.0,300.7,311.1,1373.0,49.9,96.0,0
0.0,300.1,311.4,1356.0,45.7,149.0,0
0.0,303.8,313.0,1365.0,59.9,205.0,1
0.0,301.2,310.6,1385.0,49.2,105.0,0
0.0,296.8,307.9,1271.0,61.4,125.0,0
0.0,298.2,307.8,1515.0,46.7,74.0,0
0.0,304.1,313.2,1569.0,35.8,146.0,0
0.0,301.6,310.1,1362.0,55.8,70.0,1
1.0,304.1,313.2,1427.0,46.9,123.0,0
0.0,301.4,310.6,1648.0,30.7,90.0,0
0.0,301.9,311.1,1448.0,46.3,14.0,0
0.0,301.6,310.9,1385.0,51.2,132.0,0
0.0,301.0,310.1,1558.0,32.6,0.0,0
0.0,303.5,312.3,1946.0,21.1,112.0,0
0.0,297.3,308.6,1511.0,35.7,120.0,0
0.0,299.0,310.1,1886.0,21.2,13.0,0
1.0,300.0,311.4,1466.0,39.0,125.0,0
0.0,297.0,307.8,1521.0,40.2,190.0,0
0.0,298.5,309.7,1634.0,37.8,78.0,0
0.0,302.4,311.3,1503.0,38.2,120.0,0
0.0,298.8,308.6,1599.0,33.0,101.0,0
0.0,303.5,311.6,1428.0,46.2,139.0,0
2.0,298.2,308.8,1470.0,43.3,61.0,0
0.0,300.5,309.7,1384.0,48.6,141.0,0
0.0,302.1,311.0,1586.0,35.1,142.0,0
1.0,300.9,310.2,1533.0,38.1,137.0,0
1.0,298.4,308.7,1584.0,31.7,117.0,0
1.0,302.9,312.3,1339.0,52.1,145.0,0
2.0,299.7,309.2,1572.0,32.8,142.0,0
0.0,300.3,311.5,1403.0,60.1,58.0,0
1.0,297.3,308.7,1542.0,37.0,184.0,0
0.0,302.9,312.2,1340.0,57.8,90.0,0
0.0,298.5,309.4,1517.0,40.2,45.0,0
0.0,302.4,310.1,1645.0,31.6,93.0,0
0.0,298.3,310.1,1408.0,45.3,78.0,0
1.0,301.4,310.7,1470.0,46.5,101.0,0
2.0,300.1,310.1,1426.0,42.7,64.0,0
1.0,300.9,311.9,1480.0,40.9,28.0,0
1.0,300.8,310.7,1386.0,42.1,170.0,0
0.0,301.7,311.3,1584.0,38.8,132.0,0
1.0,299.6,309.0,1736.0,26.1,146.0,0
0.0,297.9,308.9,1566.0,41.9,50.0,0
0.0,301.1,311.0,1677.0,29.1,188.0,0
0.0,298.9,310.2,1304.0,57.2,183.0,0
1.0,299.7,309.3,1399.0,41.9,221.0,1
1.0,300.1,309.4,1569.0,31.6,124.0,0
0.0,298.2,309.0,1780.0,29.3,91.0,0
0.0,299.9,309.2,1598.0,34.6,111.0,0
0.0,300.3,309.8,1523.0,39.2,24.0,0
1.0,301.7,310.0,1391.0,50.6,195.0,0
2.0,298.8,310.1,1380.0,44.0,56.0,0
0.0,296.9,308.4,1557.0,32.4,173.0,0
1.0,298.7,309.7,1362.0,50.5,34.0,0
0.0,297.6,309.4,1628.0,33.4,229.0,0
1.0,302.2,310.1,1421.0,45.4,9.0,0
1.0,298.0,308.7,1479.0,58.5,176.0,1
1.0,300.5,310.4,1548.0,37.3,65.0,0
0.0,298.9,310.2,1654.0,31.1,158.0,0
2.0,303.8,312.5,1525.0,38.0,209.0,0
0.0,298.4,309.5,1376.0,50.4,202.0,0
0.0,304.3,313.5,1464.0,36.7,194.0,0
1.0,302.3,310.9,1523.0,43.2,210.0,0
1.0,299.0,310.2,1298.0,57.2,10.0,0
1.0,298.2,308.9,1326.0,54.4,75.0,0
0.0,299.0,310.3,1520.0,45.0,171.0,0
1.0,297.5,308.9,1535.0,37.7,12.0,0
0.0,299.3,310.5,1529.0,41.3,17.0,0
0.0,301.8,310.6,2672.0,11.8,124.0,1
1.0,299.8,310.6,1694.0,31.3,121.0,0
1.0,302.9,311.0,1556.0,36.5,44.0,0
1.0,299.0,310.3,1540.0,38.1,182.0,0
0.0,302.5,311.9,1481.0,42.9,52.0,0
2.0,297.5,308.9,1419.0,50.7,7.0,0
0.0,296.2,307.1,1413.0,53.4,203.0,0
2.0,298.9,308.7,1500.0,41.6,187.0,0
0.0,300.4,311.7,1515.0,47.4,170.0,0
0.0,297.4,308.6,1411.0,46.3,138.0,0
1.0,302.2,311.7,1466.0,49.0,66.0,0
0.0,297.9,308.8,1613.0,31.4,57.0,0
0.0,303.5,311.9,1344.0,49.3,93.0,1
1.0,301.7,310.6,1876.0,22.1,99.0,0
1.0,297.0,307.9,1882.0,24.2,97.0,0
1.0,297.6,308.6,1509.0,39.7,166.0,0
1.0,298.8,308.5,1510.0,38.7,66.0,0
0.0,301.4,310.7,1673.0,27.8,181.0,0
0.0,301.1,310.0,1513.0,38.0,17.0,0
0.0,299.0,310.1,1580.0,41.9,55.0,0
0.0,300.6,310.0,1425.0,49.5,174.0,0
1.0,302.3,311.8,1443.0,43.4,175.0,0
0.0,299.6,309.1,1369.0,51.4,164.0,0
1.0,301.0,310.9,2047.0,17.9,178.0,0
0.0,297.4,308.8,1447.0,58.1,129.0,0
1.0,299.0,310.0,1338.0,56.4,29.0,0
0.0,301.2,310.4,1515.0,38.4,51.0,0
0.0,303.1,311.4,1829.0,24.5,159.0,0
0.0,298.7,309.8,1469.0,38.4,62.0,0
0.0,302.8,312.4,1392.0,46.2,70.0,0
2.0,298.5,309.1,2051.0,19.0,184.0,0
1.0,299.4,309.2,1470.0,44.4,135.0,0
0.0,298.0,308.5,1404.0,46.6,201.0,0
1.0,299.5,310.9,1577.0,34.6,159.0,0
0.0,297.4,309.4,1401.0,45.9,49.0,0
0.0,295.6,306.3,1911.0,20.9,74.0,0
0.0,298.8,309.8,1490.0,40.6,124.0,0
0.0,301.7,309.9,1524.0,46.6,104.0,0
0.0,297.2,308.1,1662.0,31.3,0.0,0
0.0,299.9,309.4,1858.0,22.5,22.0,0
1.0,298.5,309.0,1921.0,22.0,196.0,0
1.0,300.8,311.2,1365.0,51.7,111.0,0
0.0,302.2,311.2,1630.0,36.0,169.0,0
0.0,298.8,310.0,1423.0,42.1,154.0,0
0.0,300.9,310.7,1517.0,41.7,210.0,0
1.0,300.0,311.4,1791.0,24.1,213.0,0
0.0,299.7,309.1,1475.0,40.0,123.0,0
2.0,300.9,310.9,1474.0,35.7,175.0,0
2.0,298.7,309.6,1654.0,34.3,136.0,0
1.0,302.3,311.0,1384.0,49.7,192.0,0
2.0,297.9,308.5,1383.0,44.6,184.0,0
1.0,297.6,308.5,1848.0,23.7,37.0,0
0.0,302.4,311.5,1785.0,24.8,45.0,0
0.0,301.0,310.4,1563.0,34.4,124.0,0
0.0,296.6,307.5,1485.0,42.7,204.0,0
1.0,300.6,310.7,1388.0,42.9,190.0,0
0.0,298.1,307.9,1698.0,33.3,40.0,0
0.0,299.9,309.2,1624.0,34.6,105.0,0
2.0,300.9,310.7,1403.0,40.6,207.0,0
0.0,300.7,309.5,1479.0,43.6,240.0,0
0.0,297.8,307.5,1448.0,51.2,107.0,0
1.0,298.1,308.8,1628.0,37.6,12.0,0
0.0,300.6,309.7,1639.0,30.4,121.0,0
0.0,298.3,308.1,1412.0,52.3,218.0,1
2.0,300.1,311.6,1589.0,37.9,37.0,0
0.0,301.3,310.8,1381.0,47.9,33.0,0
0.0,300.2,311.7,1493.0,48.3,167.0,0
0.0,302.9,310.8,1610.0,32.2,17.0,0
1.0,299.7,310.3,1661.0,34.5,6.0,0
0.0,300.4,309.6,1536.0,34.5,154.0,0
0.0,300.5,310.4,1702.0,33.1,71.0,0
1.0,297.7,307.3,1365.0,49.2,36.0,0
0.0,297.6,308.3,1658.0,34.3,59.0,0
0.0,301.2,310.6,1670.0,30.0,40.0,0
0.0,299.4,309.1,1432.0,45.4,137.0,0
0.0,299.6,309.0,1472.0,48.8,72.0,0
1.0,300.8,309.7,1482.0,39.0,171.0,0
0.0,301.7,310.1,1402.0,50.1,3.0,0
0.0,301.0,311.6,1470.0,43.4,133.0,0
1.0,300.7,310.8,1452.0,47.9,77.0,0
1.0,297.3,308.4,1599.0,32.9,58.0,0
1.0,298.2,308.3,1476.0,43.5,129.0,0
1.0,299.8,311.1,1763.0,25.5,171.0,0
0.0,302.1,311.2,1550.0,34.8,177.0,0
1.0,301.5,310.5,1774.0,25.5,121.0,0
2.0,299.9,310.5,1549.0,42.8,208.0,0
2.0,299.2,308.7,1375.0,55.1,78.0,0
0.0,299.9,311.3,1504.0,40.7,20.0,0
0.0,297.5,308.3,1435.0,40.3,197.0,0
0.0,296.5,307.6,1415.0,44.2,106.0,0
1.0,304.2,313.6,1512.0,33.4,146.0,0
0.0,301.7,310.9,1705.0,31.2,146.0,0
1.0,297.4,309.1,1582.0,35.9,180.0,0
0.0,299.5,308.7,2549.0,13.0,179.0,1
1.0,300.6,309.4,1521.0,37.2,90.0,0
1.0,299.6,310.1,1646.0,29.6,73.0,0
0.0,299.2,308.4,1386.0,54.1,26.0,0
1.0,300.1,310.4,1480.0,37.1,77.0,0
0.0,300.5,311.5,1661.0,35.9,110.0,0
0.0,300.2,309.8,1526.0,45.6,175.0,0
0.0,297.6,309.2,1611.0,33.1,155.0,0
2.0,298.8,308.6,1449.0,49.4,150.0,0
1.0,298.0,307.8,1483.0,50.9,26.0,0
2.0,299.8,309.5,1420.0,46.7,136.0,0
1.0,299.2,310.4,1395.0,55.4,76.0,0
0.0,297.2,308.4,1605.0,30.0,183.0,0
0.0,303.6,312.9,1873.0,23.5,7.0,0
0.0,298.3,309.0,1657.0,32.2,179.0,0
0.0,299.6,310.1,1384.0,49.8,11.0,0
1.0,301.9,310.9,1569.0,32.5,188.0,0
0.0,297.6,309.5,1373.0,50.6,55.0,0
0.0,300.7,311.1,2377.0,14.3,135.0,0
0.0,302.6,311.0,1660.0,38.0,99.0,0
0.0,302.0,310.5,1263.0,60.6,90.0,1
1.0,303.7,312.9,1406.0,41.9,48.0,0
0.0,301.8,310.8,1557.0,33.3,190.0,0
1.0,304.0,313.0,1377.0,56.0,61.0,0
1.0,298.1,308.9,1804.0,25.1,118.0,0
0.0,300.7,312.4,1590.0,37.9,98.0,0
0.0,303.3,312.6,1463.0,44.0,140.0,0
1.0,298.3,308.7,1667.0,28.6,18.0,0
1.0,301.9,310.4,1373.0,48.0,73.0,1
2.0,300.8,310.6,1465.0,44.1,136.0,0
0.0,297.9,308.5,1683.0,28.5,63.0,0
0.0,299.1,310.2,1425.0,52.7,154.0,0
1.0,299.0,309.0,1419.0,45.2,27.0,0
1.0,298.8,309.9,1741.0,27.7,50.0,0
0.0,297.3,308.7,1506.0,39.3,187.0,0
2.0,298.8,309.9,1526.0,42.1,30.0,0
0.0,299.8,309.2,1400.0,42.6,210.0,0
1.0,299.7,311.1,1618.0,30.3,125.0,0
1.0,302.3,311.4,1418.0,41.3,62.0,0
0.0,298.8,309.1,1477.0,42.4,158.0,0
2.0,298.5,309.6,1579.0,33.5,91.0,0
0.0,295.5,306.0,1597.0,37.2,16.0,0
0.0,298.5,309.9,1482.0,42.1,15.0,0
1.0,302.9,312.4,1334.0,50.9,5.0,0
1.0,300.7,310.6,1505.0,35.6,105.0,0
0.0,300.3,311.8,1508.0,43.1,57.0,0
0.0,300.8,311.3,1524.0,43.5,71.0,0
0.0,300.6,310.1,1541.0,42.0,23.0,0
1.0,298.2,308.9,1592.0,35.2,142.0,0
0.0,297.4,308.7,1510.0,36.2,92.0,0
1.0,297.0,308.1,1573.0,34.9,93.0,0
1.0,300.4,309.4,1875.0,23.9,155.0,0
1.0,299.1,310.1,1570.0,30.9,226.0,0
2.0,298.4,308.4,1479.0,39.2,58.0,0
0.0,302.0,310.6,1583.0,38.9,94.0,0
0.0,302.6,311.6,1953.0,22.4,180.0,0
2.0,301.4,311.1,1445.0,41.4,144.0,0
0.0,299.1,310.1,1373.0,55.6,108.0,0
0.0,299.1,309.0,1450.0,43.0,40.0,0
1.0,299.0,308.7,1620.0,35.4,199.0,0
0.0,297.0,307.6,1575.0,37.4,98.0,0
0.0,300.7,311.9,1335.0,57.1,194.0,1
0.0,298.8,309.1,1362.0,45.4,113.0,0
2.0,297.2,308.4,2182.0,17.3,119.0,0
0.0,301.5,310.6,1522.0,41.0,114.0,0
1.0,299.5,311.0,1451.0,43.3,136.0,0
0.0,298.7,308.5,1469.0,39.9,67.0,0
0.0,299.4,310.5,1372.0,46.3,173.0,0
1.0,297.3,308.4,1665.0,28.9,17.0,0
1.0,299.7,309.2,1597.0,32.9,135.0,0
0.0,300.0,310.1,1465.0,40.9,60.0,0
1.0,302.9,312.3,1809.0,25.0,180.0,0
0.0,300.5,309.6,1390.0,48.4,194.0,0
0.0,301.6,310.6,1621.0,33.7,137.0,0
2.0,300.9,309.5,1469.0,43.4,126.0,0
0.0,298.3,309.9,1507.0,41.6,112.0,0
0.0,301.2,311.6,1461.0,52.9,208.0,1
0.0,301.4,310.3,1374.0,47.6,176.0,0
1.0,302.7,312.5,1417.0,51.5,19.0,0
0.0,298.3,307.7,1576.0,33.8,171.0,0
1.0,298.3,309.4,1509.0,34.2,141.0,0
0.0,302.5,311.9,1452.0,47.4,77.0,0
0.0,301.8,310.8,1736.0,26.5,56.0,0
2.0,300.3,311.6,1339.0,53.4,123.0,0
0.0,297.6,309.1,1394.0,50.0,62.0,0
0.0,297.4,308.7,2874.0,4.2,118.0,1
0.0,299.9,309.8,1477.0,47.7,112.0,0
1.0,299.9,309.6,1489.0,41.7,56.0,0
1.0,300.9,310.7,1485.0,41.0,181.0,0
1.0,300.0,309.3,1407.0,43.9,138.0,0
1.0,300.8,310.7,1572.0,36.2,167.0,0
1.0,298.1,309.0,1533.0,36.1,189.0,0
0.0,299.3,309.0,1449.0,46.5,121.0,0
0.0,303.5,313.0,1393.0,51.6,80.0,0
1.0,301.5,310.5,1412.0,44.1,184.0,0
0.0,296.9,308.0,1658.0,41.0,74.0,0
0.0,300.5,312.0,1478.0,39.0,153.0,0
1.0,302.3,311.2,1432.0,42.7,68.0,0
0.0,298.4,308.3,1422.0,42.7,186.0,0
1.0,298.1,308.6,1551.0,42.8,0.0,0
1.0,300.7,310.3,1471.0,40.2,59.0,0
1.0,298.6,309.0,1481.0,40.8,6.0,0
0.0,300.4,309.3,1525.0,39.6,202.0,0
0.0,298.9,310.1,1523.0,39.1,53.0,0
2.0,302.4,312.0,1477.0,39.7,18.0,0
2.0,299.9,311.3,1413.0,41.8,153.0,0
0.0,297.1,308.5,1425.0,40.0,35.0,0
2.0,298.5,308.4,1612.0,36.1,174.0,0
0.0,302.8,310.9,1636.0,35.0,38.0,0
0.0,299.3,310.6,1443.0,45.7,97.0,0
0.0,297.4,308.8,1473.0,46.2,167.0,0
1.0,297.5,309.4,1831.0,26.6,105.0,0
0.0,300.5,310.5,1536.0,36.2,12.0,0
1.0,298.9,310.6,1720.0,25.3,197.0,0
1.0,299.1,308.6,1499.0,45.1,185.0,0
0.0,298.3,308.3,1452.0,45.5,63.0,0
1.0,300.2,310.3,1478.0,38.1,45.0,0
1.0,298.2,308.7,1361.0,44.2,0.0,0
1.0,301.2,311.6,1423.0,48.0,199.0,0
2.0,301.5,310.7,1394.0,46.7,130.0,0
0.0,302.4,310.2,1503.0,36.2,166.0,0
0.0,300.3,311.1,1605.0,37.1,160.0,0
2.0,302.3,310.1,1383.0,42.9,24.0,0
1.0,300.7,309.6,1536.0,37.2,19.0,0
1.0,300.0,309.6,1491.0,42.0,29.0,0
0.0,296.8,308.1,1289.0,62.0,199.0,1
0.0,298.9,310.2,1411.0,46.5,202.0,0
0.0,301.4,310.9,1440.0,45.4,177.0,0
0.0,303.7,313.0,1456.0,45.5,51.0,0
0.0,299.1,308.6,1408.0,46.7,196.0,0
1.0,300.4,310.8,1491.0,35.9,148.0,0
0.0,304.0,313.3,1530.0,34.8,211.0,0
0.0,297.4,308.1,1729.0,31.7,204.0,0
0.0,300.2,309.7,1678.0,30.5,142.0,0
0.0,302.6,311.0,1620.0,36.2,139.0,0
1.0,302.2,311.4,1642.0,32.1,42.0,0
2.0,301.9,311.2,1474.0,41.8,18.0,0
0.0,299.6,311.0,1708.0,31.0,122.0,0
0.0,300.9,310.4,1445.0,41.7,180.0,0
2.0,302.9,311.0,1469.0,48.7,130.0,0
0.0,301.5,311.2,1700.0,28.8,39.0,0
0.0,302.2,311.4,1510.0,44.9,33.0,0
0.0,302.5,312.0,1673.0,29.9,42.0,0
0.0,297.4,309.2,1620.0,33.2,28.0,0
1.0,296.2,307.2,1552.0,34.8,8.0,0
1.0,300.2,309.5,1642.0,28.8,92.0,0
1.0,300.1,309.6,1625.0,38.0,46.0,0
1.0,300.1,309.6,1622.0,36.1,43.0,0
2.0,300.7,312.3,1446.0,45.4,86.0,0
0.0,301.5,310.4,1425.0,54.4,7.0,0
0.0,297.3,308.4,1441.0,43.4,14.0,0
1.0,303.1,312.6,1567.0,32.9,132.0,0
0.0,298.8,309.9,1428.0,42.4,132.0,0
0.0,297.5,308.6,1694.0,27.1,36.0,0
2.0,297.0,308.1,1517.0,41.4,222.0,0
0.0,298.9,310.1,1473.0,42.6,164.0,0
0.0,303.4,311.8,1438.0,58.9,22.0,0
0.0,296.9,307.6,1435.0,45.0,119.0,0
0.0,296.5,307.5,1566.0,35.1,206.0,0
1.0,295.7,306.4,1387.0,40.1,81.0,0
1.0,297.9,309.2,1529.0,38.1,96.0,0
0.0,302.2,310.1,1458.0,45.1,15.0,0
2.0,298.0,308.1,1440.0,43.7,37.0,0
0.0,300.9,312.1,1711.0,28.8,74.0,0
1.0,300.2,311.6,1533.0,46.4,24.0,0
2.0,298.0,308.7,1503.0,36.3,5.0,0
0.0,297.8,309.2,1683.0,30.9,163.0,0
0.0,297.5,308.5,1536.0,36.9,108.0,0
2.0,298.2,308.4,1385.0,42.2,98.0,0
1.0,296.9,307.5,1556.0,31.2,116.0,0
0.0,302.0,310.3,1648.0,29.6,157.0,0
0.0,298.7,309.9,1446.0,43.3,46.0,0
2.0,300.0,309.0,1622.0,31.8,103.0,0
0.0,301.8,310.0,1642.0,32.6,201.0,0
0.0,302.4,311.0,1486.0,40.4,192.0,0
0.0,299.2,308.5,1340.0,50.0,144.0,0
0.0,298.9,308.5,1742.0,34.5,117.0,0
2.0,300.2,311.4,1506.0,36.1,141.0,0
0.0,302.4,311.0,1610.0,33.1,161.0,0
1.0,300.0,309.3,1413.0,40.7,117.0,0
0.0,303.6,311.7,1491.0,39.8,92.0,0
0.0,298.0,307.6,1548.0,45.8,111.0,0
0.0,298.5,309.6,1582.0,40.3,103.0,0
1.0,302.0,310.9,1456.0,47.2,54.0,0
0.0,297.8,309.7,1935.0,22.1,171.0,0
0.0,295.6,306.0,1569.0,40.4,174.0,0
1.0,298.1,307.7,1445.0,48.0,73.0,0
0.0,296.4,307.5,1549.0,36.1,58.0,0
0.0,300.7,311.2,1878.0,24.3,24.0,0
0.0,299.8,311.1,1412.0,42.5,181.0,0
0.0,301.7,310.2,1486.0,43.0,66.0,0
1.0,301.8,310.7,1429.0,47.9,53.0,0
0.0,299.1,309.5,1512.0,39.0,75.0,0
0.0,300.4,311.8,1689.0,30.8,196.0,0
0.0,297.4,308.7,1584.0,38.2,154.0,0
0.0,301.0,311.7,1547.0,34.5,152.0,0
1.0,299.9,309.4,1483.0,38.1,193.0,0
0.0,295.8,306.6,1508.0,46.5,99.0,0
1.0,299.0,310.0,1667.0,30.0,53.0,0
2.0,298.0,308.0,1520.0,39.6,51.0,0
0.0,303.4,312.3,1540.0,38.7,96.0,0
1.0,300.3,311.7,1723.0,28.3,193.0,0
0.0,304.1,313.3,1459.0,50.3,39.0,0
1.0,302.0,310.8,1609.0,35.2,4.0,0
0.0,301.5,310.6,1579.0,28.0,220.0,0
0.0,298.3,308.0,1361.0,56.9,81.0,0
0.0,300.5,311.3,1475.0,46.3,49.0,0
0.0,297.6,309.0,1528.0,33.8,22.0,0
1.0,301.7,310.8,1502.0,34.4,157.0,0
1.0,301.1,310.5,1547.0,35.8,81.0,0
2.0,303.2,311.2,1475.0,43.1,20.0,0
0.0,300.3,311.7,1317.0,56.5,7.0,0
0.0,303.5,312.3,1681.0,29.8,25.0,0
2.0,298.3,308.2,1534.0,33.2,75.0,0
0.0,299.6,310.8,1507.0,42.4,108.0,0
1.0,296.9,307.4,1521.0,37.9,27.0,0
0.0,299.3,310.5,1281.0,59.8,15.0,0
0.0,298.5,308.4,1733.0,26.0,8.0,0
0.0,296.3,307.3,1439.0,41.5,208.0,0
0.0,299.7,309.4,1362.0,51.9,117.0,0
2.0,298.0,308.7,1536.0,39.6,99.0,0
2.0,299.1,310.6,1332.0,48.0,148.0,0
0.0,299.2,308.5,1387.0,51.1,98.0,0
0.0,298.3,309.1,1593.0,40.1,18.0,0
0.0,302.0,310.9,1539.0,34.2,13.0,0
1.0,295.5,305.9,1453.0,47.3,9.0,0
0.0,299.1,310.5,1485.0,37.8,46.0,0
0.0,297.5,308.6,1352.0,52.6,12.0,0
0.0,297.1,308.3,1773.0,23.8,169.0,0
0.0,300.6,311.9,1372.0,60.1,212.0,1
1.0,300.9,311.5,1836.0,21.8,12.0,0
0.0,299.3,308.6,1433.0,37.7,42.0,0
0.0,300.3,309.2,1572.0,32.0,173.0,0
2.0,301.8,310.5,1478.0,38.6,141.0,0
2.0,297.3,308.6,1688.0,29.4,166.0,0
0.0,298.1,308.0,1426.0,46.0,61.0,0
1.0,297.6,308.7,1408.0,51.5,4.0,0
2.0,301.0,310.1,1756.0,30.7,2.0,0
0.0,300.5,311.8,1368.0,57.9,191.0,1
1.0,298.0,307.7,1621.0,34.9,194.0,0
1.0,297.3,308.4,1521.0,38.2,87.0,0
0.0,300.3,311.1,1606.0,30.9,156.0,0
2.0,299.8,309.2,1435.0,42.6,111.0,0
0.0,298.8,310.2,1814.0,26.8,204.0,0
0.0,297.3,308.5,1764.0,30.8,148.0,0
0.0,299.3,309.1,1293.0,53.7,189.0,0
2.0,302.1,310.1,1844.0,24.6,171.0,0
0.0,301.5,310.5,1927.0,22.4,149.0,0
0.0,297.1,308.4,1488.0,42.5,146.0,0
1.0,300.9,310.6,1709.0,29.2,158.0,0
0.0,303.4,312.9,1389.0,54.1,109.0,0
0.0,300.5,309.8,1345.0,62.7,153.0,0
0.0,298.8,308.6,1593.0,35.5,175.0,0
0.0,300.6,311.9,1472.0,44.2,126.0,0
2.0,297.3,308.8,1419.0,42.4,139.0,0
1.0,301.4,310.5,1451.0,45.3,183.0,0
0.0,300.8,312.4,1767.0,25.6,105.0,0
1.0,302.2,311.4,1538.0,37.4,37.0,0
1.0,300.7,310.8,1465.0,45.2,92.0,0
1.0,297.6,307.1,1471.0,44.9,14.0,0
1.0,301.8,310.1,2372.0,13.9,205.0,1
2.0,298.6,308.2,1555.0,36.8,36.0,0
1.0,299.6,309.1,1560.0,37.1,73.0,0
0.0,300.5,311.6,1444.0,49.3,92.0,0
0.0,303.9,313.2,1540.0,44.4,119.0,0
0.0,299.2,308.5,1381.0,60.6,59.0,0
1.0,301.2,310.7,1615.0,34.9,95.0,0
1.0,298.1,307.6,2066.0,19.2,150.0,0
0.0,301.5,310.7,1466.0,47.3,77.0,0
0.0,302.5,310.3,1549.0,40.9,170.0,0
0.0,298.7,310.1,1433.0,54.6,66.0,0
1.0,300.8,310.7,1483.0,40.8,28.0,0
1.0,300.7,309.7,1397.0,51.3,155.0,0
2.0,298.6,309.1,1423.0,44.3,29.0,0
2.0,302.2,310.9,1522.0,35.9,61.0,0
0.0,300.7,311.9,1462.0,39.7,181.0,0
0.0,303.5,313.0,1465.0,41.0,56.0,0
0.0,300.9,312.0,1500.0,44.2,188.0,0
0.0,300.8,309.7,1997.0,20.7,5.0,0
1.0,297.7,309.0,1433.0,41.8,16.0,0
1.0,301.8,311.5,1416.0,49.0,136.0,0
2.0,299.9,310.1,1447.0,51.4,185.0,0
0.0,298.7,308.5,1480.0,42.2,58.0,0
0.0,298.0,308.1,1777.0,24.3,200.0,0
1.0,299.8,310.3,1805.0,23.7,198.0,0
1.0,301.5,310.1,1468.0,40.8,32.0,0
0.0,303.7,312.3,1375.0,46.2,98.0,0
2.0,298.9,309.2,1379.0,50.7,106.0,0
0.0,302.5,312.2,1574.0,38.7,30.0,0
0.0,297.5,308.2,1327.0,56.5,189.0,0
1.0,298.3,309.3,1376.0,57.0,198.0,0
0.0,297.1,307.8,1477.0,36.6,177.0,0
2.0,300.7,311.7,1864.0,23.6,47.0,0
0.0,296.6,307.6,1459.0,40.2,96.0,0
1.0,299.7,310.7,1498.0,37.8,146.0,0
1.0,301.4,311.0,1486.0,36.5,91.0,0
1.0,298.8,309.8,1377.0,49.6,27.0,0
2.0,298.7,309.3,1402.0,45.3,190.0,0
1.0,300.4,312.0,1596.0,30.4,191.0,0
1.0,298.2,308.9,1614.0,35.5,15.0,0
0.0,301.9,311.0,1353.0,43.8,130.0,0
2.0,299.8,309.3,1595.0,32.1,183.0,0
0.0,301.0,312.1,1675.0,30.7,200.0,0
0.0,303.9,312.7,1602.0,33.9,165.0,0
0.0,299.4,310.5,1514.0,36.1,169.0,0
1.0,297.9,309.0,1525.0,38.5,113.0,0
0.0,298.0,307.8,1453.0,37.7,119.0,0
0.0,297.0,307.9,1493.0,46.1,173.0,0
0.0,296.9,308.0,1521.0,34.5,84.0,0
1.0,298.1,308.9,1353.0,46.2,173.0,0
0.0,297.4,309.4,1296.0,52.3,96.0,0
0.0,300.1,309.7,1601.0,35.8,160.0,0
0.0,300.3,311.6,1515.0,44.9,69.0,0
0.0,298.1,307.4,1608.0,33.9,193.0,0
2.0,303.3,311.2,1607.0,31.7,34.0,0
0.0,300.7,310.5,1445.0,41.1,201.0,0
0.0,300.6,310.2,1341.0,52.6,21.0,0
1.0,300.6,311.7,1424.0,50.8,182.0,0
0.0,299.8,309.6,1374.0,51.6,137.0,0
0.0,300.2,311.6,1322.0,50.9,215.0,0
0.0,297.3,308.3,1538.0,38.5,47.0,0
0.0,304.3,313.5,1802.0,25.4,170.0,0
1.0,302.5,310.2,1751.0,30.5,90.0,0
1.0,298.6,309.5,1426.0,45.4,38.0,0
0.0,301.7,311.2,1418.0,38.0,166.0,0
2.0,296.9,308.3,1474.0,39.2,177.0,0
0.0,299.8,309.2,1760.0,25.9,63.0,0
1.0,299.3,308.5,1386.0,42.2,30.0,0
1.0,297.0,308.1,1507.0,43.1,51.0,0
0.0,300.2,310.4,1808.0,25.8,35.0,0
1.0,298.1,309.3,1752.0,25.2,77.0,0
0.0,299.3,308.9,1623.0,31.1,152.0,0
1.0,295.8,306.5,1641.0,32.2,101.0,0
0.0,297.4,308.5,1495.0,37.8,211.0,0
1.0,300.9,310.8,1599.0,33.0,7.0,0
1.0,303.3,311.4,1395.0,59.1,4.0,0
0.0,300.7,312.3,1418.0,49.0,69.0,0
0.0,301.5,310.5,1479.0,34.2,147.0,0
0.0,303.3,311.5,1412.0,55.6,67.0,0
0.0,300.1,309.3,1570.0,36.8,189.0,0
0.0,298.8,310.0,1611.0,32.4,183.0,0
0.0,303.5,312.0,1761.0,25.8,105.0,0
0.0,302.8,312.3,1504.0,40.3,204.0,0
1.0,297.5,308.1,1480.0,42.4,112.0,0
1.0,299.7,309.0,1645.0,31.9,155.0,0
0.0,299.1,308.3,1559.0,33.7,30.0,0
0.0,303.7,312.4,1404.0,46.6,119.0,0
1.0,298.9,310.0,1487.0,36.6,129.0,0
1.0,300.7,309.7,1435.0,44.7,76.0,0
0.0,302.3,311.7,1544.0,43.2,128.0,0
2.0,299.6,311.0,1714.0,30.2,128.0,0
0.0,300.6,309.5,1867.0,23.0,242.0,0
0.0,300.8,311.3,1505.0,45.5,141.0,0
0.0,302.7,312.0,1501.0,37.0,77.0,0
1.0,300.1,309.2,1732.0,33.7,218.0,0
1.0,297.8,307.2,1456.0,39.6,199.0,0
2.0,300.7,310.5,1567.0,38.7,129.0,0
0.0,302.0,309.7,1414.0,36.3,209.0,0
0.0,300.0,310.2,1675.0,29.7,64.0,0
0.0,300.2,311.8,1464.0,44.5,179.0,0
0.0,297.0,308.2,1577.0,29.4,130.0,0
0.0,298.4,310.1,1926.0,23.7,83.0,0
0.0,301.5,310.4,1474.0,39.9,53.0,0
0.0,299.9,310.2,1288.0,69.6,62.0,1
1.0,300.7,311.0,1334.0,53.9,150.0,0
0.0,300.4,311.1,1397.0,50.8,189.0,0
2.0,304.0,313.1,1408.0,39.8,132.0,0
0.0,298.0,308.3,1662.0,32.7,0.0,0
0.0,297.9,307.5,1574.0,35.8,153.0,0
0.0,297.6,309.0,1822.0,25.4,202.0,0
0.0,301.2,310.3,1451.0,39.7,123.0,0
0.0,303.8,313.2,1336.0,47.8,176.0,0
2.0,300.2,311.6,1662.0,28.8,162.0,0
1.0,297.4,307.9,1338.0,48.5,158.0,0
0.0,302.3,310.1,1321.0,52.7,134.0,1
0.0,302.6,311.5,1427.0,38.9,213.0,0
1.0,303.1,311.1,1594.0,35.5,13.0,0
0.0,299.2,308.4,1877.0,23.9,4.0,0
0.0,298.9,310.1,1466.0,42.5,187.0,0
1.0,300.2,310.3,1448.0,40.1,209.0,0
2.0,298.6,309.7,1672.0,27.5,54.0,0
1.0,298.1,310.0,1393.0,43.1,65.0,0
1.0,297.9,308.1,1627.0,31.4,209.0,0
0.0,297.6,308.7,1319.0,50.9,141.0,0
0.0,301.7,310.9,1608.0,33.0,160.0,0
1.0,301.2,310.4,1697.0,30.0,120.0,0
1.0,297.2,308.0,1478.0,42.5,56.0,0
0.0,297.4,309.2,1274.0,54.3,121.0,0
0.0,300.9,310.3,1440.0,47.6,140.0,0
0.0,300.6,309.5,2025.0,21.4,64.0,0
2.0,297.6,308.6,1463.0,46.7,85.0,0
0.0,300.4,309.5,1525.0,51.3,4.0,0
1.0,300.6,310.3,1614.0,32.7,0.0,0
0.0,296.3,307.3,1567.0,31.4,5.0,0
2.0,301.2,309.8,1709.0,27.0,151.0,0
0.0,301.5,310.9,1365.0,46.5,172.0,0
2.0,301.4,310.7,1536.0,44.4,96.0,0
1.0,302.3,311.8,1559.0,34.4,191.0,0
0.0,302.5,311.9,1497.0,41.6,123.0,0
0.0,304.2,313.2,1464.0,44.9,37.0,0
2.0,302.4,310.1,1597.0,28.9,179.0,0
0.0,300.7,310.9,1723.0,31.0,73.0,0
1.0,302.0,310.4,1828.0,26.3,82.0,0
1.0,301.9,311.0,1384.0,47.4,121.0,0
0.0,300.0,309.9,1608.0,33.4,76.0,0
0.0,298.6,309.9,1356.0,59.5,34.0,0
2.0,297.2,308.6,1486.0,46.6,98.0,0
0.0,300.6,310.2,1378.0,47.3,71.0,0
2.0,298.7,309.8,1582.0,33.4,121.0,0
0.0,300.1,309.3,1616.0,32.0,199.0,0
2.0,302.8,312.3,1336.0,57.5,187.0,0
0.0,302.8,312.3,1764.0,29.9,162.0,0
2.0,298.8,308.8,1445.0,49.9,4.0,0
1.0,302.6,310.2,1563.0,39.0,97.0,0
0.0,298.7,309.0,1565.0,35.1,152.0,0
1.0,301.5,310.7,1744.0,28.2,61.0,0
1.0,300.6,310.8,1389.0,48.1,88.0,0
1.0,297.4,308.3,1483.0,41.9,47.0,0
0.0,299.1,310.4,1505.0,46.1,176.0,0
0.0,300.3,309.5,1551.0,37.9,42.0,0
0.0,298.0,307.7,1479.0,42.5,47.0,0
0.0,298.6,308.4,1562.0,34.4,25.0,0
0.0,301.7,310.5,1523.0,34.7,181.0,0
1.0,303.5,311.6,1573.0,34.0,134.0,0
0.0,297.4,308.7,1468.0,46.6,94.0,0
0.0,301.3,310.6,1426.0,40.7,54.0,0
0.0,298.6,309.3,1702.0,27.6,143.0,0
0.0,299.7,309.1,1713.0,33.5,141.0,0
0.0,300.2,311.7,1640.0,30.8,191.0,0
0.0,298.2,308.4,1477.0,49.9,72.0,0
0.0,302.8,312.1,1487.0,36.6,84.0,0
0.0,302.4,311.9,1671.0,29.9,204.0,0
0.0,301.0,312.2,1601.0,33.0,109.0,0
1.0,302.5,310.4,1451.0,53.6,194.0,0
0.0,298.9,308.7,1564.0,34.1,99.0,0
0.0,299.0,309.4,1798.0,25.5,89.0,0
1.0,297.4,308.3,1405.0,51.7,108.0,0
1.0,301.5,310.8,1385.0,47.5,30.0,0
0.0,299.3,309.0,1491.0,38.4,115.0,0
0.0,302.5,312.1,1534.0,38.6,3.0,0
0.0,302.5,310.2,1563.0,34.8,150.0,0
2.0,303.9,313.1,1790.0,26.7,17.0,0
0.0,299.0,310.1,1362.0,59.5,46.0,0
0.0,300.2,309.5,1436.0,48.8,135.0,0
0.0,301.7,310.6,1743.0,26.2,71.0,0
0.0,301.3,311.1,1723.0,27.6,210.0,0
1.0,299.0,310.1,1593.0,35.4,5.0,0
0.0,302.0,310.4,1464.0,47.2,159.0,0
0.0,300.1,309.2,1427.0,37.6,73.0,0
0.0,297.7,309.6,1480.0,47.9,18.0,0
0.0,302.8,312.4,1523.0,39.7,239.0,0
0.0,300.4,309.6,1319.0,48.1,26.0,0
1.0,298.5,309.6,1492.0,41.7,100.0,0
0.0,302.3,311.7,1453.0,41.2,147.0,0
1.0,300.2,311.6,1465.0,41.4,78.0,0
0.0,300.5,309.8,1379.0,54.2,207.0,1
0.0,302.5,312.0,1383.0,51.3,190.0,0
1.0,298.4,309.2,1399.0,45.2,125.0,0
2.0,304.1,313.3,1397.0,49.6,34.0,0
1.0,301.1,311.1,1436.0,41.8,156.0,0
1.0,298.0,307.5,1427.0,43.6,101.0,0
1.0,298.9,310.7,1638.0,33.6,218.0,0
1.0,299.2,308.8,1700.0,33.5,185.0,0
1.0,300.4,309.4,1362.0,42.1,182.0,0
2.0,299.9,309.2,1525.0,33.2,0.0,0
0.0,299.1,309.4,1439.0,44.2,82.0,0
0.0,300.1,309.3,1685.0,27.1,203.0,0
0.0,299.2,308.8,1605.0,31.1,181.0,0
1.0,303.5,312.4,1606.0,30.1,98.0,0
2.0,301.6,310.4,1330.0,49.5,30.0,0
0.0,297.3,308.6,1385.0,55.2,156.0,0
0.0,300.7,310.6,1520.0,45.9,146.0,0
1.0,297.7,308.1,1469.0,48.8,183.0,0
0.0,302.3,311.0,1561.0,37.2,180.0,0
0.0,304.1,313.3,1438.0,45.5,188.0,0
2.0,300.9,312.0,2129.0,17.8,173.0,0
2.0,298.8,310.5,1294.0,55.8,202.0,0
1.0,298.2,307.8,1566.0,33.8,100.0,0
0.0,300.7,310.7,1333.0,61.0,177.0,0
0.0,302.2,311.5,1725.0,34.0,170.0,0
0.0,301.0,310.5,1601.0,33.2,77.0,0
0.0,298.5,309.4,1548.0,37.7,43.0,0
0.0,302.4,311.1,1652.0,33.9,139.0,0
0.0,298.0,308.2,1611.0,30.6,195.0,0
1.0,299.8,309.2,1372.0,58.2,65.0,0
2.0,298.8,309.9,1439.0,45.2,40.0,1
0.0,298.8,308.7,1490.0,33.6,71.0,0
0.0,297.7,308.9,1516.0,33.7,92.0,0
0.0,298.8,310.1,1574.0,36.2,181.0,0
0.0,298.3,309.5,1711.0,30.3,148.0,0
0.0,300.6,310.3,1920.0,22.3,223.0,0
0.0,300.5,309.6,1465.0,41.6,217.0,0
1.0,300.7,311.9,1657.0,30.9,116.0,0
2.0,303.3,312.6,1692.0,29.0,125.0,0
2.0,298.3,308.6,1432.0,49.5,91.0,0
0.0,301.0,312.2,1510.0,39.9,61.0,0
1.0,298.6,310.2,1668.0,31.5,7.0,0
1.0,298.9,310.3,1551.0,35.2,50.0,0
0.0,299.1,308.2,1568.0,33.3,123.0,0
0.0,297.2,308.6,1413.0,49.8,12.0,0
0.0,302.3,311.4,1504.0,38.7,65.0,0
1.0,304.2,313.5,1437.0,47.2,102.0,0
0.0,298.9,310.2,1409.0,54.8,140.0,0
2.0,300.9,312.0,1397.0,42.7,212.0,0
1.0,300.4,309.7,1547.0,38.0,181.0,0
0.0,300.5,309.6,1760.0,30.6,213.0,0
0.0,300.2,311.5,1528.0,36.1,125.0,0
0.0,300.7,310.7,1314.0,42.4,198.0,0
0.0,297.9,307.6,1687.0,29.1,176.0,0
0.0,301.0,312.2,1602.0,35.9,67.0,0
0.0,302.0,311.2,1845.0,27.3,45.0,0
1.0,297.3,308.3,1697.0,27.4,121.0,0
0.0,298.8,308.8,1555.0,40.6,61.0,0
0.0,298.8,308.5,1490.0,35.0,29.0,0
0.0,300.5,311.7,1619.0,32.7,85.0,0
0.0,303.9,313.1,1310.0,62.9,130.0,0
0.0,299.6,310.9,1853.0,26.3,166.0,0
0.0,301.0,311.1,1615.0,35.6,158.0,0
0.0,295.5,306.0,1800.0,27.6,208.0,0
1.0,299.1,310.4,1524.0,51.4,66.0,0
0.0,301.4,310.5,1476.0,39.2,206.0,0
1.0,302.3,311.8,1879.0,23.0,124.0,0
0.0,297.7,307.5,1379.0,43.3,111.0,0
0.0,303.3,312.5,1968.0,20.6,130.0,0
1.0,300.4,311.7,1478.0,39.9,185.0,0
0.0,303.7,312.8,1364.0,46.3,44.0,0
2.0,298.9,308.4,1449.0,42.4,149.0,0
1.0,298.3,307.7,1520.0,41.4,10.0,0
0.0,300.9,310.5,1570.0,40.1,79.0,0
0.0,300.4,311.2,1351.0,62.0,18.0,0
0.0,299.3,309.0,1422.0,47.3,25.0,0
0.0,298.6,309.6,1563.0,35.0,21.0,0
1.0,301.5,310.5,1612.0,29.8,148.0,0
2.0,300.7,310.8,1518.0,40.1,142.0,0
2.0,298.6,308.4,1407.0,50.5,164.0,0
2.0,303.8,312.9,1378.0,45.6,184.0,0
0.0,302.4,310.1,1418.0,52.3,141.0,0
1.0,299.8,311.1,1562.0,35.7,170.0,0
0.0,298.9,308.9,1450.0,47.5,9.0,0
1.0,299.3,309.0,1496.0,43.4,67.0,0
0.0,302.8,311.1,1721.0,30.0,87.0,0
0.0,299.1,310.5,1739.0,27.4,72.0,0
0.0,303.7,312.3,1511.0,38.9,117.0,0
2.0,302.2,311.9,1597.0,35.8,160.0,0
0.0,298.7,309.9,1651.0,29.5,42.0,0
1.0,297.7,309.2,1700.0,27.4,176.0,0
2.0,296.9,307.8,1345.0,54.5,172.0,0
1.0,298.6,309.6,1635.0,29.7,9.0,0
0.0,299.6,309.1,1407.0,50.6,85.0,0
0.0,302.3,311.6,1784.0,26.4,79.0,0
0.0,298.3,308.5,1362.0,53.8,164.0,0
0.0,303.4,312.6,1462.0,37.5,118.0,0
0.0,299.3,309.0,1415.0,47.6,156.0,0
1.0,297.6,308.6,1482.0,38.3,39.0,0
1.0,297.2,308.5,1604.0,34.9,200.0,0
0.0,303.3,311.4,1732.0,25.6,232.0,0
0.0,298.0,308.2,1357.0,48.2,7.0,0
0.0,300.0,311.4,1655.0,29.6,30.0,0
1.0,301.5,310.6,1424.0,47.0,26.0,0
0.0,300.4,309.8,1342.0,52.5,68.0,0
1.0,296.6,307.4,1790.0,25.8,72.0,0
0.0,300.5,309.9,1503.0,37.4,175.0,0
1.0,298.1,309.0,2042.0,17.8,129.0,0
0.0,304.0,313.3,1519.0,36.7,117.0,0
1.0,302.6,311.0,1589.0,39.0,122.0,0
0.0,302.5,312.0,1456.0,46.3,208.0,0
2.0,297.3,308.3,1506.0,37.0,54.0,0
1.0,299.6,309.4,1642.0,30.3,80.0,0
1.0,297.8,309.0,1675.0,30.0,110.0,0
0.0,299.6,309.0,1648.0,33.6,70.0,0
0.0,302.1,311.4,1686.0,30.9,106.0,0
0.0,302.1,311.2,1454.0,46.8,0.0,0
0.0,298.0,308.4,1432.0,46.2,11.0,0
2.0,302.0,310.5,1459.0,43.2,148.0,0
1.0,303.8,312.6,1684.0,29.3,167.0,0
0.0,300.0,309.3,1972.0,22.0,175.0,0
0.0,300.3,311.5,1552.0,38.9,23.0,0
0.0,303.6,312.9,1381.0,57.8,27.0,0
1.0,299.4,310.9,1446.0,47.3,12.0,0
0.0,303.0,312.7,2024.0,19.9,102.0,0
1.0,296.9,308.0,1641.0,33.3,67.0,0
0.0,302.1,311.5,1444.0,44.9,97.0,0
0.0,297.8,307.3,1412.0,50.7,24.0,0
0.0,302.6,310.8,1486.0,36.4,160.0,0
1.0,300.4,309.7,1367.0,51.2,143.0,0
0.0,296.9,308.3,1555.0,38.2,175.0,0
0.0,303.0,312.5,1626.0,30.5,87.0,0
2.0,296.3,307.2,1424.0,42.0,196.0,0
1.0,301.0,312.2,1629.0,32.6,69.0,0
0.0,301.2,309.9,1515.0,40.9,21.0,0
0.0,298.6,308.4,1559.0,36.6,188.0,0
0.0,301.8,311.2,1822.0,26.2,204.0,0
1.0,300.3,309.8,1617.0,40.8,158.0,0
0.0,298.8,309.3,1450.0,44.8,63.0,0
1.0,302.5,310.4,1605.0,36.0,69.0,0
0.0,300.5,309.5,1795.0,27.7,117.0,0
0.0,300.6,310.6,1931.0,22.0,24.0,0
0.0,299.7,311.1,1650.0,32.4,60.0,0
2.0,299.0,309.9,1884.0,25.6,100.0,0
1.0,298.5,309.4,1522.0,47.4,20.0,0
2.0,297.2,308.1,1770.0,27.2,140.0,0
1.0,297.4,308.6,1604.0,32.8,85.0,0
2.0,295.6,306.3,1509.0,35.8,60.0,0
1.0,303.0,312.6,1392.0,42.9,94.0,0
0.0,301.2,310.8,1392.0,52.6,23.0,0
0.0,297.8,307.9,1447.0,48.6,46.0,0
1.0,298.9,310.5,1525.0,38.5,27.0,0
1.0,297.1,308.4,1421.0,42.0,165.0,0
0.0,301.0,311.9,1889.0,23.5,198.0,0
1.0,297.3,308.7,1451.0,43.8,24.0,0
0.0,301.5,310.1,1541.0,42.2,52.0,0
1.0,299.3,308.4,1468.0,42.2,83.0,0
1.0,301.4,310.7,1617.0,34.3,101.0,0
1.0,300.5,309.3,1589.0,34.9,91.0,0
0.0,300.1,309.5,1450.0,40.1,100.0,0
0.0,302.4,310.1,2009.0,18.9,59.0,0
0.0,298.5,309.5,1428.0,43.5,87.0,0
1.0,298.4,310.1,1335.0,57.8,96.0,0
2.0,302.3,311.7,1456.0,45.4,130.0,0
1.0,301.5,310.6,1382.0,58.1,67.0,0
0.0,297.5,308.7,1371.0,46.5,121.0,0
0.0,301.7,310.3,1397.0,44.6,57.0,0
0.0,298.9,310.5,1640.0,29.2,195.0,0
1.0,296.1,307.2,1619.0,29.7,17.0,0
0.0,301.7,311.0,1585.0,35.9,185.0,0
0.0,300.4,311.8,1433.0,42.2,14.0,0
0.0,301.7,311.0,1715.0,24.8,17.0,0
1.0,301.7,310.5,1724.0,33.0,171.0,0
0.0,299.4,309.3,1448.0,48.6,44.0,0
0.0,300.0,309.3,1397.0,51.2,173.0,0
0.0,303.4,311.5,1879.0,21.3,78.0,0
1.0,301.5,310.4,1378.0,55.3,109.0,0
1.0,299.3,310.5,1563.0,42.1,19.0,0
0.0,300.8,311.2,1397.0,48.7,111.0,0
1.0,300.6,310.0,1478.0,36.3,95.0,0
0.0,299.8,309.4,1480.0,40.9,2.0,0
0.0,298.0,307.6,1654.0,28.9,123.0,0
0.0,297.1,307.8,1681.0,27.6,181.0,0
0.0,298.2,308.2,1469.0,43.0,88.0,0
2.0,298.3,308.0,1553.0,41.0,52.0,0
0.0,297.3,308.6,1358.0,47.6,110.0,0
0.0,301.2,309.9,1382.0,52.4,13.0,0
1.0,301.0,310.1,1681.0,27.4,212.0,0
0.0,299.2,308.4,1350.0,51.3,96.0,0
0.0,297.7,309.7,1498.0,41.0,176.0,0
0.0,302.3,311.3,1439.0,41.8,96.0,0
0.0,302.1,310.8,1596.0,37.1,43.0,0
1.0,300.2,311.3,1491.0,37.3,102.0,0
0.0,295.6,306.1,1389.0,46.2,113.0,0
1.0,299.2,309.1,1503.0,34.7,6.0,0
0.0,302.3,311.1,1589.0,29.9,141.0,0
0.0,296.3,307.2,1646.0,35.0,192.0,0
0.0,299.4,310.8,1424.0,47.7,109.0,0
2.0,297.8,309.2,1648.0,33.0,29.0,0
0.0,299.7,309.3,1779.0,25.5,129.0,0
0.0,297.4,308.3,1431.0,43.0,113.0,0
1.0,298.3,309.4,1816.0,22.6,138.0,0
2.0,298.5,309.3,1421.0,50.3,124.0,0
0.0,299.3,308.6,1403.0,50.6,189.0,0
2.0,298.2,308.4,1678.0,34.6,81.0,0
0.0,298.1,307.9,1578.0,35.6,55.0,0
0.0,298.8,309.9,1739.0,30.6,83.0,0
0.0,301.4,310.8,1680.0,31.4,185.0,0
0.0,303.9,313.0,1480.0,39.9,176.0,0
1.0,302.0,310.6,1535.0,38.6,34.0,0
0.0,303.6,313.1,1395.0,44.1,120.0,0
0.0,298.8,310.0,1537.0,39.9,190.0,0
0.0,300.1,309.6,1546.0,36.7,77.0,0
0.0,297.4,308.4,1392.0,49.7,174.0,0
0.0,300.5,311.6,1534.0,37.7,90.0,0
0.0,302.0,311.0,1686.0,32.5,25.0,0
0.0,302.1,311.3,1415.0,44.1,43.0,0
0.0,300.0,309.0,1454.0,51.7,2.0,0
0.0,303.0,312.3,1932.0,21.9,132.0,0
1.0,303.8,312.7,1919.0,20.2,131.0,0
0.0,302.3,311.8,1487.0,43.2,206.0,0
0.0,296.2,306.8,1389.0,53.3,132.0,0
0.0,299.3,308.6,1371.0,50.5,136.0,0
0.0,302.8,312.2,1509.0,36.5,52.0,0
2.0,300.4,309.6,1571.0,33.6,126.0,0
0.0,299.8,310.6,1707.0,32.5,124.0,0
0.0,301.6,310.8,1418.0,44.7,46.0,0
0.0,302.3,310.8,1465.0,43.8,7.0,0
0.0,297.4,308.4,1525.0,38.7,62.0,0
0.0,301.6,311.0,1431.0,42.6,158.0,0
0.0,302.3,311.2,1386.0,53.5,59.0,0
0.0,301.8,310.6,1395.0,50.5,131.0,0
0.0,300.8,310.9,1748.0,29.9,140.0,0
1.0,301.4,310.8,1782.0,26.5,6.0,0
0.0,301.8,311.2,1334.0,52.3,68.0,0
2.0,300.3,311.6,1801.0,23.6,97.0,0
0.0,298.9,308.6,1481.0,40.7,124.0,0
1.0,301.7,310.7,1861.0,21.8,84.0,0
1.0,298.5,309.5,1501.0,40.2,114.0,0
2.0,303.5,312.0,1397.0,52.9,80.0,0
1.0,299.6,310.8,1427.0,50.4,98.0,0
0.0,301.0,310.9,1828.0,25.1,166.0,0
0.0,302.7,312.2,1376.0,52.8,164.0,0
1.0,296.7,307.9,1874.0,21.3,130.0,0
0.0,301.1,309.7,1668.0,30.8,158.0,0
0.0,297.7,309.1,1562.0,36.8,172.0,0
0.0,297.1,308.0,1348.0,58.0,162.0,0
2.0,300.7,312.1,1490.0,43.1,159.0,0
0.0,300.4,310.8,1520.0,37.6,151.0,0
0.0,297.0,307.9,1455.0,49.0,204.0,0
1.0,301.9,311.4,1465.0,39.9,153.0,0
0.0,298.2,309.0,1413.0,55.0,145.0,0
2.0,299.9,309.5,1547.0,38.5,148.0,0
1.0,300.2,309.8,1487.0,39.2,122.0,0
1.0,301.4,310.5,1495.0,52.5,201.0,0
0.0,298.1,308.3,1331.0,63.0,13.0,0
0.0,300.7,310.8,1754.0,27.7,84.0,0
0.0,298.6,309.6,1353.0,62.5,9.0,0
1.0,298.1,307.6,1565.0,36.3,140.0,0
0.0,299.8,309.0,1567.0,36.1,95.0,0
0.0,299.3,309.1,1399.0,52.1,27.0,0
0.0,298.0,307.6,1509.0,41.6,33.0,0
0.0,299.2,308.4,1620.0,34.1,89.0,0
0.0,299.8,309.1,1485.0,39.9,207.0,0
1.0,300.9,311.0,1556.0,38.8,127.0,0
0.0,300.6,311.5,1419.0,38.6,31.0,0
1.0,299.9,309.3,1389.0,52.8,0.0,0
2.0,297.8,309.4,1445.0,48.2,10.0,0
0.0,298.3,308.1,1672.0,41.3,0.0,0
0.0,300.4,311.2,1471.0,46.5,164.0,0
0.0,295.8,306.6,1621.0,31.6,95.0,0
0.0,300.3,310.1,1483.0,39.9,174.0,0
0.0,301.4,310.6,1381.0,46.1,70.0,0
1.0,301.4,310.0,1689.0,32.1,207.0,0
0.0,298.1,307.8,1565.0,35.3,119.0,0
0.0,301.3,310.4,1384.0,50.1,88.0,0
0.0,301.0,309.6,1724.0,28.1,133.0,0
0.0,297.8,308.9,1530.0,37.6,106.0,0
1.0,303.3,311.8,1489.0,49.4,64.0,0
0.0,300.3,309.5,1474.0,38.7,35.0,0
0.0,300.9,311.3,1613.0,32.7,170.0,0
0.0,297.9,308.0,1954.0,21.1,42.0,0
1.0,295.5,305.9,1518.0,44.1,194.0,0
2.0,298.2,308.3,1824.0,24.2,49.0,0
1.0,302.8,312.2,1452.0,50.3,60.0,0
2.0,302.5,312.0,1579.0,35.7,167.0,0
0.0,299.7,309.3,1574.0,35.8,6.0,0
0.0,299.3,308.5,1413.0,38.5,57.0,0
2.0,300.4,311.3,2026.0,20.3,26.0,0
1.0,297.4,308.0,1440.0,42.4,190.0,0
1.0,299.4,309.0,1381.0,44.9,88.0,0
0.0,300.9,311.0,1316.0,56.5,120.0,0
0.0,300.7,310.6,1720.0,30.3,96.0,0
0.0,298.2,307.8,1423.0,48.1,183.0,0
0.0,302.0,311.2,1420.0,45.8,192.0,0
0.0,301.0,310.5,1378.0,44.4,83.0,0
0.0,298.0,309.0,1679.0,32.4,90.0,0
1.0,303.3,311.5,1384.0,54.8,48.0,0
0.0,300.8,310.4,1570.0,35.2,23.0,0
0.0,298.8,308.6,1511.0,36.1,157.0,0
0.0,299.0,310.4,1524.0,39.8,120.0,0
0.0,297.5,309.4,1318.0,58.2,146.0,0
0.0,297.7,308.7,1249.0,60.4,143.0,0
0.0,300.7,311.9,1399.0,50.2,222.0,1
0.0,297.6,308.6,1355.0,46.4,13.0,0
0.0,300.1,311.4,1572.0,36.2,199.0,0
1.0,304.3,313.4,1624.0,32.1,53.0,0
0.0,297.4,308.5,1692.0,34.3,83.0,0
0.0,303.6,312.7,1429.0,47.7,198.0,0
0.0,298.9,310.2,1491.0,45.1,101.0,0
0.0,302.3,311.2,1401.0,49.7,118.0,0
2.0,303.0,312.5,1698.0,30.0,89.0,0
0.0,303.7,312.5,1397.0,45.7,187.0,0
1.0,298.2,308.3,1448.0,43.3,199.0,0
1.0,298.7,308.4,1430.0,49.6,135.0,0
0.0,298.0,308.6,1532.0,42.6,54.0,0
0.0,297.5,308.9,1554.0,34.8,204.0,0
0.0,298.8,310.0,1403.0,45.6,185.0,0
1.0,300.3,311.2,1783.0,25.6,139.0,0
0.0,299.0,310.1,1618.0,29.2,62.0,0
0.0,299.6,310.2,1473.0,42.7,81.0,0
1.0,304.1,313.3,1494.0,39.0,49.0,0
1.0,298.0,307.6,1301.0,58.5,155.0,0
1.0,301.0,312.0,1499.0,34.6,207.0,0
0.0,297.9,307.8,1499.0,37.5,78.0,0
0.0,302.0,310.7,1698.0,28.1,39.0,0
0.0,299.7,309.2,1346.0,57.4,138.0,0
0.0,302.0,310.9,1378.0,53.1,212.0,1
0.0,302.0,310.1,1409.0,50.4,172.0,0
0.0,299.7,309.3,1417.0,54.6,131.0,0
1.0,301.5,310.7,1460.0,38.6,14.0,0
0.0,303.2,312.6,1281.0,57.0,144.0,0
0.0,298.8,308.9,1379.0,46.7,204.0,0
0.0,302.1,310.9,1658.0,30.3,186.0,0
0.0,300.6,310.9,1471.0,37.9,86.0,0
0.0,297.9,307.9,1412.0,44.5,85.0,0
0.0,299.5,309.4,1602.0,31.5,193.0,0
1.0,301.2,310.4,1382.0,41.6,117.0,0
0.0,299.3,309.0,1511.0,47.8,148.0,0
0.0,298.7,309.9,1404.0,47.1,64.0,0
0.0,303.4,312.7,1589.0,34.0,116.0,0
0.0,298.9,310.0,1719.0,27.3,58.0,0
0.0,299.8,309.1,1668.0,30.3,200.0,0
0.0,302.6,311.7,1773.0,27.1,30.0,0
0.0,304.2,313.3,1410.0,51.6,47.0,0
1.0,298.1,309.1,1448.0,52.5,150.0,0
1.0,297.4,308.4,1789.0,25.0,210.0,0
0.0,297.8,307.2,1351.0,56.3,174.0,0
1.0,301.9,311.0,1638.0,35.4,116.0,0
0.0,298.1,308.1,1410.0,45.8,71.0,0
0.0,300.6,309.3,1409.0,38.7,115.0,0
1.0,302.4,311.1,1432.0,44.5,195.0,0
0.0,298.8,309.3,1357.0,47.1,176.0,0
0.0,301.5,311.0,1494.0,45.3,99.0,0
1.0,298.0,308.1,1339.0,51.6,197.0,0
0.0,297.9,307.7,1308.0,55.2,87.0,0
0.0,299.9,310.4,1408.0,38.4,144.0,0
0.0,297.5,308.6,1536.0,39.0,202.0,0
2.0,300.2,311.0,1777.0,27.5,151.0,0
0.0,303.7,312.4,1718.0,26.5,130.0,0
1.0,299.3,310.9,1826.0,25.1,2.0,0
1.0,300.5,311.6,1454.0,41.4,108.0,0
1.0,300.6,310.0,1397.0,55.2,90.0,0
2.0,303.2,311.4,1607.0,36.6,43.0,0
0.0,297.6,309.5,2001.0,20.5,220.0,0
1.0,297.3,308.7,1466.0,38.4,27.0,0
0.0,302.6,311.9,1453.0,39.1,84.0,0
1.0,300.8,312.0,1422.0,50.7,219.0,0
0.0,296.4,307.5,1331.0,47.8,99.0,0
1.0,301.9,310.9,2305.0,16.1,42.0,0
1.0,302.1,311.0,1574.0,34.1,215.0,0
0.0,301.5,310.8,1785.0,25.5,120.0,0
2.0,300.4,309.4,1487.0,38.9,185.0,0
0.0,297.7,308.4,1510.0,38.6,72.0,0
0.0,298.2,307.9,1429.0,49.4,141.0,0
0.0,301.3,310.9,1760.0,23.9,76.0,0
0.0,298.5,309.4,1560.0,37.9,37.0,0
1.0,300.9,310.9,1727.0,30.1,102.0,0
1.0,302.4,311.9,1439.0,36.6,212.0,0
0.0,298.2,308.3,1589.0,33.2,94.0,0
1.0,300.0,311.5,1451.0,49.0,115.0,0
0.0,301.5,310.9,1580.0,32.3,11.0,0
0.0,297.3,308.3,1590.0,35.5,59.0,0
0.0,299.0,310.1,1444.0,47.7,161.0,0
1.0,300.5,311.4,2072.0,18.8,75.0,0
1.0,301.7,310.8,1671.0,31.6,137.0,0
1.0,301.6,310.2,1411.0,45.1,54.0,0
0.0,299.3,308.6,1482.0,37.6,132.0,0
0.0,304.1,313.2,1412.0,47.5,150.0,0
0.0,300.7,311.7,1460.0,46.1,15.0,0
2.0,296.7,307.4,1661.0,34.2,109.0,0
0.0,301.9,310.7,1429.0,51.0,76.0,0
0.0,297.4,308.6,1609.0,36.2,116.0,0
0.0,299.8,309.5,1739.0,27.5,128.0,0
2.0,300.5,309.8,1324.0,72.8,159.0,1
1.0,296.1,307.1,1433.0,38.5,14.0,0
2.0,297.7,307.2,1429.0,44.1,26.0,0
0.0,303.8,312.9,1589.0,37.2,203.0,0
1.0,301.9,310.7,1511.0,37.6,70.0,0
2.0,302.7,310.4,1305.0,55.2,20.0,1
0.0,303.5,312.0,1441.0,56.8,88.0,0
0.0,302.8,312.2,1481.0,40.2,230.0,0
0.0,298.7,309.8,1365.0,50.5,111.0,0
0.0,298.9,308.6,1400.0,49.5,79.0,0
1.0,298.5,308.8,1557.0,36.0,21.0,0
2.0,302.6,310.4,1614.0,36.0,74.0,0
0.0,298.4,308.0,1571.0,37.4,50.0,0
0.0,299.3,310.4,1725.0,26.8,167.0,0
0.0,298.4,308.9,1496.0,37.9,194.0,0
0.0,303.7,312.9,1461.0,50.1,31.0,0
1.0,300.9,310.9,1636.0,35.3,153.0,0
0.0,299.6,310.8,1393.0,49.9,78.0,0
1.0,300.7,311.3,1348.0,53.0,35.0,0
0.0,302.4,310.7,1362.0,54.8,155.0,1
0.0,300.3,309.2,1650.0,35.2,196.0,0
1.0,299.6,310.2,1620.0,30.0,70.0,0
1.0,297.5,309.1,1540.0,38.5,176.0,0
0.0,295.8,306.5,1505.0,35.2,86.0,0
1.0,299.7,310.9,1620.0,37.2,203.0,0
1.0,298.8,310.0,1295.0,52.7,74.0,0
0.0,297.1,308.1,1487.0,34.6,208.0,0
2.0,296.6,307.7,1386.0,62.3,100.0,1
0.0,302.4,311.1,1520.0,42.2,143.0,0
0.0,300.9,310.8,1490.0,38.1,125.0,0
0.0,298.9,310.0,1470.0,45.9,109.0,0
0.0,300.6,311.8,1539.0,37.0,187.0,0
0.0,301.5,310.6,1357.0,42.1,212.0,0
0.0,301.1,310.4,1312.0,73.6,49.0,1
0.0,301.9,310.8,1650.0,29.8,94.0,0
1.0,297.7,308.9,1681.0,28.3,116.0,0
0.0,300.5,310.5,1646.0,34.5,63.0,0
1.0,298.9,308.4,1827.0,26.1,5.0,0
0.0,299.6,309.1,1476.0,45.3,166.0,0
1.0,301.0,309.8,1594.0,31.1,143.0,0
1.0,299.0,310.3,1827.0,28.0,178.0,0
0.0,301.0,310.5,1379.0,57.3,204.0,1
0.0,297.5,309.3,1675.0,29.8,72.0,0
2.0,298.3,309.0,1470.0,38.4,10.0,0
1.0,302.0,311.4,1587.0,35.9,30.0,0
1.0,299.3,309.1,1600.0,35.3,52.0,0
0.0,296.3,307.1,1560.0,33.2,186.0,0
0.0,302.2,311.5,1481.0,40.4,93.0,0
0.0,300.3,311.8,1451.0,41.0,55.0,0
0.0,298.0,309.2,1527.0,32.4,99.0,0
1.0,301.5,311.0,1577.0,39.7,118.0,0
1.0,301.3,310.8,1455.0,41.2,56.0,0
1.0,301.5,310.7,1510.0,36.0,64.0,0
1.0,298.4,308.0,1416.0,38.2,198.0,1
0.0,299.6,310.1,2057.0,20.4,60.0,0
1.0,301.0,311.0,1508.0,46.9,113.0,0
0.0,300.7,309.6,1329.0,54.3,80.0,0
0.0,297.1,307.9,1492.0,39.4,171.0,0
0.0,300.9,310.8,1571.0,39.9,51.0,0
0.0,298.8,309.1,1350.0,52.5,111.0,0
1.0,299.0,310.2,1564.0,39.9,97.0,0
0.0,298.2,307.7,1459.0,44.5,89.0,0
1.0,303.8,312.9,1594.0,35.2,69.0,0
2.0,299.1,310.4,1405.0,53.6,86.0,0
0.0,297.6,308.8,1475.0,43.0,119.0,0
0.0,301.0,310.7,1727.0,34.5,127.0,0
1.0,299.0,310.3,1303.0,68.6,111.0,1
0.0,302.4,310.4,1865.0,23.9,129.0,0
0.0,297.0,308.3,1399.0,59.0,135.0,0
1.0,301.1,310.7,1367.0,43.4,111.0,0
1.0,304.0,313.1,1466.0,39.5,83.0,0
1.0,299.1,308.3,1506.0,38.0,125.0,0
0.0,298.7,309.7,1462.0,46.8,4.0,0
1.0,300.5,311.6,1476.0,39.1,199.0,0
1.0,298.4,308.2,1499.0,40.0,211.0,0
0.0,297.7,307.1,1715.0,30.2,0.0,0
1.0,300.2,309.8,1743.0,24.1,18.0,0
1.0,300.0,311.4,1384.0,46.1,7.0,0
0.0,298.1,308.0,1697.0,31.0,164.0,0
1.0,303.4,312.0,1748.0,28.4,200.0,0
1.0,303.5,312.2,1818.0,23.6,109.0,0
0.0,296.5,307.3,1579.0,34.5,166.0,0
0.0,300.1,309.2,1599.0,30.1,216.0,0
2.0,298.9,309.9,1376.0,51.0,32.0,0
0.0,299.4,309.3,1366.0,48.4,116.0,0
2.0,298.6,309.6,1593.0,33.3,95.0,0
0.0,302.6,312.4,1398.0,41.6,40.0,0
0.0,299.0,308.5,1559.0,38.1,194.0,0
0.0,299.4,309.2,1569.0,40.8,73.0,0
0.0,303.5,312.0,1756.0,29.7,28.0,0
0.0,301.1,310.8,1724.0,27.5,101.0,0
0.0,303.9,313.1,1665.0,29.6,0.0,0
0.0,297.5,308.9,1427.0,44.7,135.0,0
0.0,300.7,309.5,1578.0,35.4,34.0,0
0.0,303.6,312.6,1502.0,39.5,103.0,0
0.0,302.4,311.8,1384.0,50.9,99.0,0
0.0,303.5,312.4,1390.0,47.3,164.0,0
0.0,301.3,310.4,1538.0,38.4,195.0,0
1.0,300.7,310.1,1483.0,40.2,162.0,0
0.0,300.2,309.6,1359.0,51.5,66.0,0
0.0,301.9,310.9,1486.0,40.3,6.0,0
0.0,300.1,309.6,1649.0,33.6,168.0,0
1.0,302.9,312.5,1903.0,21.2,23.0,0
1.0,298.1,308.0,1374.0,48.8,156.0,0
1.0,297.4,309.4,1539.0,42.2,134.0,0
0.0,299.1,310.0,1394.0,46.6,27.0,0
1.0,299.0,310.2,1625.0,31.8,89.0,0
0.0,301.8,310.6,1403.0,46.8,151.0,0
1.0,297.4,308.3,1774.0,28.9,166.0,0
0.0,300.8,311.7,1414.0,49.0,10.0,0
0.0,302.3,311.2,1549.0,40.6,66.0,0
2.0,300.2,309.7,1483.0,43.8,108.0,0
1.0,301.4,310.8,1530.0,39.9,107.0,0
0.0,301.4,310.4,1436.0,49.7,108.0,0
1.0,298.9,310.0,1456.0,43.8,15.0,0
1.0,301.6,310.6,1309.0,65.8,75.0,1
1.0,299.0,310.4,1625.0,37.1,131.0,0
0.0,301.2,310.7,1551.0,41.2,82.0,0
0.0,301.5,310.9,1318.0,50.6,11.0,0
0.0,298.0,307.7,1643.0,32.3,200.0,0
1.0,301.2,310.9,1359.0,50.8,118.0,0
0.0,298.2,307.6,1511.0,31.0,209.0,1
0.0,300.0,311.4,1604.0,38.7,185.0,0
1.0,302.1,311.1,1605.0,37.6,171.0,0
1.0,298.2,308.3,1522.0,49.1,22.0,0
0.0,301.8,311.2,1840.0,26.6,202.0,0
1.0,298.1,308.6,1716.0,30.7,119.0,0
2.0,302.5,310.9,1356.0,55.5,101.0,1
0.0,300.0,310.5,1412.0,52.4,142.0,0
0.0,299.8,309.7,1624.0,34.2,96.0,0
0.0,300.7,311.0,1312.0,52.1,107.0,0
1.0,301.9,310.9,1763.0,28.4,103.0,0
1.0,302.5,311.5,1481.0,41.1,215.0,0
0.0,301.6,310.8,1726.0,26.7,150.0,0
0.0,301.3,311.1,1504.0,39.1,2.0,0
0.0,301.3,310.0,1665.0,31.4,0.0,0
0.0,299.8,309.1,1612.0,35.4,205.0,0
0.0,301.4,310.7,1428.0,53.7,176.0,0
1.0,299.0,310.1,1487.0,47.5,123.0,0
0.0,302.4,310.6,1445.0,40.3,162.0,0
0.0,297.1,308.1,1633.0,33.3,192.0,0
2.0,299.2,308.4,1388.0,53.2,59.0,0
0.0,300.8,309.6,1498.0,45.8,47.0,0
0.0,303.7,313.1,1355.0,49.1,188.0,0
0.0,301.8,310.7,2092.0,18.6,51.0,0
1.0,303.0,311.2,1460.0,43.9,103.0,0
0.0,300.1,309.7,1481.0,37.9,34.0,0
2.0,296.6,307.4,1406.0,41.5,189.0,0
1.0,297.5,308.6,1255.0,60.7,77.0,0
0.0,301.7,310.8,1493.0,47.6,145.0,0
1.0,300.2,311.4,1570.0,35.3,138.0,0
1.0,301.5,311.1,1507.0,38.6,149.0,0
0.0,303.2,311.2,1427.0,45.6,25.0,0
0.0,301.0,310.4,2204.0,16.6,175.0,0
1.0,295.8,306.4,1335.0,51.7,69.0,0
0.0,298.5,309.5,1579.0,38.6,126.0,0
0.0,303.7,312.5,1481.0,33.3,182.0,0
0.0,302.7,310.7,1369.0,47.5,11.0,1
0.0,300.5,309.3,1528.0,37.0,221.0,0
1.0,297.5,308.0,1560.0,39.0,141.0,0
0.0,300.5,309.3,1574.0,33.5,101.0,0
1.0,297.4,308.7,1798.0,23.0,135.0,0
0.0,297.8,308.8,1548.0,36.9,64.0,0
1.0,300.0,309.1,1624.0,30.8,155.0,0
0.0,298.2,308.7,1408.0,40.0,9.0,0
1.0,297.6,309.0,1427.0,45.6,179.0,0
0.0,302.6,310.8,1470.0,41.2,156.0,0
0.0,297.7,309.1,1477.0,38.3,60.0,0
0.0,300.4,310.1,1544.0,41.9,184.0,0
0.0,299.1,308.4,1543.0,37.9,130.0,0
0.0,299.8,309.3,1291.0,56.4,188.0,0
0.0,299.6,310.2,1381.0,60.5,13.0,0
2.0,300.7,312.3,1670.0,27.3,81.0,0
0.0,298.3,309.2,1562.0,37.6,137.0,0
0.0,302.3,311.0,1329.0,51.5,154.0,0
1.0,299.0,310.3,1558.0,35.4,223.0,0
1.0,303.8,312.5,1366.0,45.1,143.0,0
2.0,298.6,309.4,1439.0,47.1,149.0,0
1.0,297.2,308.6,1498.0,44.4,9.0,0
1.0,301.0,310.8,1533.0,39.3,194.0,0
0.0,300.4,311.6,1200.0,76.6,3.0,1
0.0,302.6,312.1,1668.0,28.7,180.0,0
0.0,300.8,311.7,1397.0,43.5,227.0,0
1.0,303.4,311.8,1316.0,50.9,69.0,1
1.0,297.4,308.6,1452.0,41.2,197.0,0
0.0,299.8,311.2,1369.0,46.2,146.0,0
0.0,298.0,307.8,1386.0,57.3,147.0,0
0.0,299.2,308.5,1867.0,27.0,138.0,0
0.0,300.6,310.8,1533.0,38.5,117.0,0
0.0,302.8,312.3,1494.0,37.5,198.0,0
1.0,303.0,311.0,1409.0,41.7,120.0,0
2.0,300.5,310.8,1631.0,30.5,132.0,0
0.0,299.9,309.2,1333.0,50.8,61.0,0
0.0,301.6,310.8,1535.0,35.4,148.0,0
2.0,300.7,310.6,1505.0,40.6,179.0,0
1.0,298.6,309.5,1580.0,33.9,70.0,0
2.0,298.1,308.5,1392.0,44.8,111.0,0
0.0,300.9,311.6,1671.0,33.5,148.0,0
0.0,301.2,310.8,1461.0,40.6,47.0,0
1.0,298.8,310.2,1527.0,31.2,102.0,0
0.0,300.4,310.8,1390.0,52.5,144.0,0
0.0,300.4,309.8,1549.0,38.9,150.0,0
0.0,302.3,311.4,1511.0,34.7,75.0,0
0.0,299.2,308.5,1438.0,46.6,63.0,0
0.0,298.5,309.6,1724.0,26.4,100.0,0
0.0,297.4,308.6,1635.0,30.5,159.0,0
1.0,300.4,309.7,1685.0,32.3,167.0,0
2.0,302.2,311.2,1692.0,28.2,122.0,0
0.0,296.7,307.7,1524.0,36.8,82.0,0
2.0,298.7,309.6,1755.0,26.9,73.0,0
1.0,299.9,309.5,1372.0,56.2,133.0,0
1.0,303.4,312.2,1561.0,38.2,45.0,0
1.0,297.6,307.2,1470.0,42.6,44.0,0
1.0,302.6,312.3,1454.0,54.8,253.0,1
1.0,298.2,308.9,1414.0,44.3,68.0,0
1.0,298.9,310.1,1549.0,40.2,65.0,0
0.0,297.0,307.7,1315.0,60.1,128.0,0
0.0,298.9,309.3,1665.0,32.5,93.0,0
0.0,297.9,309.1,1521.0,36.1,15.0,0
0.0,301.3,310.3,1460.0,41.5,197.0,0
0.0,297.3,308.5,1384.0,39.6,144.0,0
0.0,297.5,309.0,1470.0,43.5,191.0,0
0.0,298.2,309.4,1447.0,47.1,185.0,0
2.0,300.1,311.6,1674.0,29.6,85.0,0
1.0,302.5,310.3,1447.0,39.2,172.0,0
0.0,304.0,313.2,1314.0,47.1,144.0,0
1.0,298.2,309.2,1524.0,34.6,161.0,0
1.0,300.4,311.5,1750.0,27.3,116.0,0
1.0,300.7,310.9,1486.0,38.9,106.0,0
1.0,302.6,311.0,1542.0,39.7,141.0,0
1.0,302.4,311.1,1887.0,22.4,197.0,0
0.0,300.0,311.2,1629.0,31.7,62.0,0
0.0,300.5,311.8,1596.0,34.8,87.0,0
0.0,297.4,308.5,1477.0,40.7,74.0,0
2.0,298.1,309.9,1686.0,29.1,60.0,0
0.0,299.3,308.6,1314.0,48.2,65.0,0
0.0,301.9,310.9,1799.0,24.2,54.0,0
0.0,299.7,309.2,1401.0,54.1,118.0,0
1.0,297.5,308.4,1350.0,52.2,157.0,0
1.0,297.4,308.6,1643.0,31.0,89.0,0
2.0,298.8,309.8,1911.0,21.6,126.0,0
0.0,303.7,312.3,1384.0,45.9,121.0,0
0.0,300.9,310.7,1359.0,46.0,151.0,0
0.0,298.5,310.2,1676.0,32.7,18.0,0
1.0,299.9,310.4,1367.0,53.3,201.0,0
0.0,304.0,313.1,1404.0,47.1,90.0,0
0.0,299.0,310.0,1509.0,38.0,168.0,0
1.0,297.3,309.0,1556.0,39.5,168.0,0
0.0,299.9,309.2,1761.0,25.6,115.0,0
0.0,300.3,309.6,1326.0,52.4,57.0,0
0.0,298.4,308.2,1850.0,27.0,194.0,0
0.0,300.5,309.5,1542.0,38.5,108.0,0
1.0,299.7,309.6,1540.0,34.4,91.0,0
0.0,302.5,311.2,1545.0,40.1,165.0,0
1.0,302.2,311.6,1379.0,42.9,13.0,0
0.0,302.4,311.0,1475.0,47.9,79.0,0
0.0,298.2,307.8,1439.0,41.6,62.0,0
0.0,299.1,308.8,1429.0,50.1,84.0,0
0.0,297.5,308.4,1489.0,39.5,96.0,0
0.0,298.1,308.7,1341.0,55.7,30.0,0
0.0,300.3,311.8,1360.0,48.0,119.0,0
0.0,303.5,311.6,1577.0,38.1,112.0,0
0.0,298.3,307.7,1465.0,49.4,109.0,0
2.0,299.8,310.2,1573.0,33.3,168.0,0
0.0,302.3,311.1,1373.0,53.0,181.0,0
0.0,300.5,310.4,1761.0,26.5,12.0,0
0.0,300.8,310.7,1525.0,39.4,175.0,0
0.0,302.8,312.4,1651.0,27.0,200.0,0
0.0,300.0,310.5,1517.0,42.2,186.0,0
0.0,299.7,309.2,1620.0,30.0,168.0,0
0.0,301.7,310.7,1542.0,40.0,188.0,0
2.0,300.6,311.9,1604.0,30.5,45.0,0
0.0,303.0,312.7,1551.0,41.8,111.0,0
0.0,299.6,311.0,1574.0,35.0,133.0,0
0.0,300.1,309.7,1641.0,30.4,41.0,0
0.0,303.5,312.9,1544.0,36.9,87.0,0
0.0,298.6,308.2,1361.0,68.2,172.0,1
1.0,299.4,308.6,1455.0,42.7,183.0,0
2.0,299.7,310.8,1418.0,46.6,197.0,0
0.0,300.6,309.6,1409.0,42.4,57.0,0
0.0,299.4,309.1,1207.0,66.5,66.0,0
1.0,302.2,311.2,1561.0,34.9,106.0,0
1.0,298.7,309.9,2083.0,18.2,205.0,0
0.0,302.4,310.3,1520.0,31.6,121.0,0
0.0,298.3,308.9,1695.0,30.7,174.0,0
0.0,298.9,310.0,1482.0,41.1,82.0,0
0.0,302.5,310.9,1624.0,34.4,146.0,0
1.0,303.8,312.6,1406.0,47.1,162.0,0
1.0,300.8,312.4,1465.0,43.7,139.0,0
2.0,298.7,309.7,1311.0,54.5,52.0,0
0.0,298.4,308.7,1523.0,36.1,126.0,0
0.0,303.7,312.7,1426.0,45.5,192.0,0
0.0,300.4,312.0,1366.0,43.0,117.0,0
2.0,299.8,309.0,1467.0,37.3,193.0,0
0.0,304.2,313.4,1568.0,37.6,25.0,0
0.0,300.5,311.7,1445.0,44.8,83.0,0
1.0,299.6,310.9,1474.0,39.7,64.0,0
0.0,297.8,307.7,1505.0,39.7,25.0,0
0.0,298.1,308.5,1498.0,49.4,5.0,0
2.0,299.6,309.2,1597.0,36.3,35.0,0
0.0,296.0,306.7,1416.0,44.2,46.0,0
1.0,301.0,312.2,1499.0,41.5,140.0,0
0.0,299.2,310.4,1379.0,46.8,39.0,0
0.0,303.8,313.0,1452.0,38.6,72.0,0
0.0,302.1,310.7,1325.0,45.1,208.0,1
0.0,303.6,312.9,1480.0,41.4,135.0,0
0.0,302.5,310.5,1520.0,41.2,154.0,0
0.0,302.2,311.5,1543.0,38.5,37.0,0
0.0,299.3,308.9,1258.0,69.4,119.0,1
1.0,302.4,311.1,1480.0,45.7,200.0,0
0.0,298.2,308.2,1436.0,50.2,43.0,0
0.0,299.7,309.5,1352.0,49.7,184.0,0
1.0,299.3,308.7,1390.0,49.3,215.0,0
0.0,298.4,308.6,1433.0,47.1,101.0,0
1.0,298.5,308.2,1564.0,37.5,15.0,0
0.0,301.1,311.1,1711.0,29.1,170.0,0
0.0,300.1,311.4,1467.0,35.7,45.0,0
2.0,302.3,311.3,1744.0,30.3,116.0,0
0.0,296.9,308.0,1514.0,41.0,120.0,0
1.0,301.0,311.3,1454.0,41.5,57.0,0
1.0,297.4,309.3,1622.0,35.0,123.0,0
1.0,300.5,311.8,1636.0,34.4,2.0,0
2.0,301.0,310.9,1495.0,37.3,21.0,0
1.0,299.3,310.5,1404.0,47.5,12.0,0
1.0,302.3,311.4,1909.0,23.2,25.0,0
0.0,297.4,308.4,1664.0,28.1,67.0,0
0.0,300.8,310.8,1460.0,53.8,41.0,0
1.0,300.7,311.0,1378.0,41.2,93.0,0
0.0,302.6,311.6,1453.0,37.0,135.0,0
0.0,298.2,309.0,1418.0,44.2,87.0,0
2.0,300.7,311.9,1389.0,46.5,186.0,0
0.0,298.1,307.9,1425.0,58.2,57.0,0
1.0,296.2,307.0,1516.0,37.6,25.0,0
0.0,298.5,308.1,1662.0,28.6,48.0,0
0.0,300.5,311.1,1491.0,42.6,11.0,0
0.0,298.2,309.0,1341.0,43.8,171.0,0
0.0,301.1,310.8,1274.0,55.7,169.0,0
0.0,298.8,310.0,1412.0,46.3,107.0,0
1.0,302.6,310.5,1420.0,56.4,57.0,0
1.0,300.9,309.7,1394.0,48.8,192.0,0
0.0,299.1,308.3,1533.0,42.4,48.0,0
1.0,300.4,309.5,1888.0,21.9,221.0,0
0.0,298.9,310.6,1585.0,38.1,7.0,0
2.0,298.3,309.6,1546.0,36.2,177.0,0
0.0,298.0,308.1,1877.0,24.3,0.0,0
2.0,298.3,308.9,1706.0,31.8,8.0,0
1.0,297.6,308.3,1648.0,29.1,134.0,0
0.0,300.7,312.0,1550.0,32.4,5.0,0
0.0,300.5,311.5,1651.0,36.9,65.0,0
0.0,298.0,309.2,1378.0,49.7,94.0,0
0.0,302.4,311.8,1255.0,59.0,138.0,0
1.0,298.2,309.0,1723.0,26.6,168.0,0
0.0,302.5,310.2,1586.0,32.2,64.0,0
0.0,300.5,310.3,1683.0,31.5,8.0,0
0.0,299.2,308.9,1526.0,37.9,177.0,0
0.0,298.4,309.3,1395.0,47.6,24.0,0
2.0,299.2,308.7,1448.0,51.4,173.0,0
0.0,299.6,309.5,1570.0,35.5,189.0,0
1.0,298.1,307.7,1435.0,40.9,147.0,0
1.0,298.0,308.2,1466.0,42.6,2.0,0
1.0,297.4,308.7,1481.0,48.0,117.0,0
0.0,297.5,308.3,1596.0,36.8,77.0,0
1.0,298.2,307.7,1952.0,21.6,93.0,0
2.0,299.1,309.4,1811.0,24.6,77.0,0
0.0,301.5,310.5,2289.0,16.4,112.0,0
0.0,303.4,311.5,1424.0,50.8,128.0,0
0.0,303.4,311.8,1366.0,50.9,200.0,1
0.0,300.3,311.8,1567.0,37.7,180.0,0
0.0,297.8,307.6,1607.0,30.3,62.0,0
0.0,298.3,308.5,1606.0,33.6,67.0,0
0.0,297.9,309.0,1382.0,43.9,116.0,0
0.0,298.6,310.1,1533.0,33.9,24.0,0
1.0,302.5,312.0,1451.0,43.2,189.0,0
0.0,297.2,308.6,1636.0,31.3,192.0,0
1.0,304.3,313.5,1525.0,42.0,2.0,0
0.0,299.6,309.0,1372.0,60.4,149.0,0
0.0,300.8,310.7,1633.0,27.8,0.0,0
0.0,298.7,308.5,1467.0,40.7,106.0,0
1.0,300.7,311.8,1407.0,42.4,224.0,0
0.0,300.5,309.9,1423.0,47.9,114.0,0
1.0,300.4,311.8,1442.0,45.1,0.0,0
0.0,298.2,307.9,1399.0,54.9,139.0,0
0.0,301.4,310.4,1737.0,31.9,96.0,0
0.0,298.9,309.0,1410.0,65.7,191.0,1
1.0,302.7,312.0,1944.0,21.4,71.0,0
1.0,296.7,307.7,1597.0,32.1,114.0,0
1.0,299.9,311.3,1445.0,41.2,169.0,0
0.0,297.1,308.5,1483.0,46.9,203.0,0
1.0,297.2,308.8,1485.0,47.9,143.0,0
1.0,298.0,309.0,1393.0,55.9,79.0,0
1.0,299.9,311.2,1579.0,35.5,162.0,0
0.0,300.4,310.6,1384.0,48.7,24.0,0
0.0,298.6,309.5,1547.0,44.8,36.0,0
1.0,301.6,310.4,1455.0,39.0,118.0,0
0.0,302.7,311.7,1480.0,45.2,8.0,0
1.0,299.5,310.1,1359.0,61.1,67.0,0
0.0,300.9,311.0,1432.0,48.1,59.0,0
2.0,297.3,308.0,1384.0,49.1,206.0,0
0.0,302.9,312.4,2030.0,19.1,192.0,0
0.0,296.4,307.4,1403.0,48.4,70.0,0
1.0,301.6,310.7,1813.0,24.6,210.0,0
0.0,297.5,308.4,1511.0,42.8,209.0,0
1.0,300.8,310.6,1505.0,36.2,0.0,0
0.0,300.1,311.5,1659.0,31.1,203.0,0
1.0,300.0,311.4,1864.0,23.3,2.0,0
0.0,300.3,309.2,1398.0,54.4,198.0,0
0.0,302.8,312.3,1473.0,42.6,232.0,0
2.0,304.0,313.2,1612.0,31.7,206.0,0
1.0,298.0,307.5,1387.0,45.5,166.0,0
0.0,300.5,309.3,1465.0,46.0,89.0,0
1.0,298.9,309.9,1449.0,44.1,112.0,0
0.0,298.1,309.0,1559.0,34.0,54.0,0
0.0,302.2,311.8,1618.0,36.0,158.0,0
0.0,299.6,309.5,1803.0,27.7,159.0,0
0.0,297.0,308.1,1455.0,43.5,122.0,0
1.0,302.5,312.0,1521.0,40.2,174.0,0
0.0,301.4,310.4,1388.0,45.3,188.0,0
0.0,297.3,308.1,1568.0,34.4,194.0,0
1.0,297.9,307.5,1647.0,30.8,212.0,0
0.0,298.5,309.7,2617.0,12.1,102.0,1
0.0,298.8,309.4,1387.0,54.1,171.0,0
0.0,303.7,313.1,1683.0,28.4,46.0,0
0.0,300.0,309.7,1586.0,37.8,103.0,0
0.0,301.7,311.0,1546.0,43.0,23.0,0
0.0,299.3,310.8,1391.0,46.9,21.0,0
1.0,301.9,309.6,1439.0,41.7,201.0,0
0.0,297.0,307.7,1731.0,28.5,186.0,0
0.0,299.0,308.7,1892.0,22.8,96.0,0
1.0,300.6,310.7,1705.0,31.2,181.0,0
0.0,298.9,308.7,1356.0,50.7,185.0,0
0.0,301.6,310.9,1632.0,31.6,189.0,0
1.0,302.5,311.1,1638.0,32.0,198.0,0
2.0,300.6,311.5,1282.0,60.2,24.0,0
0.0,297.4,308.4,1394.0,50.1,213.0,0
0.0,297.5,308.7,1454.0,45.0,19.0,0
0.0,301.6,311.0,1485.0,40.1,142.0,0
1.0,299.7,309.2,1412.0,45.3,205.0,0
1.0,302.3,311.0,1526.0,37.7,171.0,0
2.0,297.3,308.3,1461.0,41.5,108.0,0
0.0,301.3,311.0,1418.0,41.9,208.0,0
0.0,295.7,306.2,1458.0,40.6,103.0,0
0.0,297.9,309.0,1629.0,29.0,26.0,0
0.0,300.8,310.2,1514.0,40.0,155.0,0
1.0,297.8,307.4,1330.0,51.7,183.0,0
1.0,297.6,308.3,1538.0,40.2,0.0,0
0.0,302.3,311.0,1442.0,43.7,152.0,0
0.0,298.3,308.9,1348.0,55.5,102.0,0
2.0,296.6,307.4,1333.0,50.2,177.0,0
0.0,301.9,310.4,1518.0,34.1,155.0,0
1.0,297.3,308.5,1524.0,49.3,176.0,0
0.0,297.6,308.9,1449.0,47.7,209.0,0
0.0,299.8,309.4,1555.0,34.8,122.0,0
1.0,301.3,311.1,1581.0,30.9,31.0,0
0.0,298.2,307.6,1369.0,54.5,82.0,0
0.0,300.9,312.1,1462.0,46.0,166.0,0
0.0,302.6,312.1,1499.0,35.0,215.0,0
2.0,303.3,311.8,1649.0,29.4,49.0,0
0.0,298.9,310.6,1406.0,43.8,12.0,0
1.0,303.7,312.7,1612.0,36.3,200.0,0
0.0,296.9,307.9,1423.0,43.9,149.0,0
0.0,297.4,308.6,1439.0,51.9,188.0,0
0.0,298.4,309.1,1467.0,42.5,139.0,0
1.0,299.0,310.0,1341.0,58.9,126.0,0
0.0,302.9,312.2,1571.0,40.6,139.0,0
0.0,298.8,309.6,1890.0,24.0,173.0,0
2.0,301.5,310.8,1474.0,38.7,58.0,0
0.0,297.4,308.1,1348.0,57.4,66.0,0
2.0,301.3,310.1,1469.0,39.7,179.0,0
1.0,297.1,307.9,1609.0,38.9,166.0,0
0.0,302.5,311.9,1520.0,44.9,94.0,0
2.0,299.1,310.0,1657.0,33.1,187.0,0
2.0,300.8,310.8,1466.0,45.2,188.0,0
2.0,296.4,307.5,1403.0,52.8,94.0,0
2.0,300.4,310.2,1431.0,43.2,0.0,0
1.0,300.4,309.8,1725.0,30.4,195.0,0
1.0,297.7,309.5,2027.0,19.8,39.0,0
0.0,299.2,310.5,1384.0,48.7,93.0,0
0.0,302.8,312.2,1746.0,27.4,44.0,0
0.0,300.4,310.5,1402.0,54.3,44.0,0
1.0,301.2,312.4,1505.0,39.6,102.0,0
1.0,302.0,310.5,1381.0,58.4,201.0,0
1.0,304.0,313.2,1500.0,40.6,124.0,0
1.0,298.7,309.9,1434.0,53.0,144.0,0
0.0,300.8,309.7,1373.0,45.4,179.0,0
0.0,297.2,307.9,1441.0,40.0,195.0,0
0.0,303.5,311.5,1535.0,33.3,120.0,0
0.0,303.5,312.1,1326.0,55.7,114.0,0
0.0,300.2,309.5,1495.0,32.6,49.0,0
0.0,302.6,312.4,1386.0,45.8,38.0,0
0.0,301.3,310.8,1450.0,46.9,59.0,0
0.0,302.0,310.4,1895.0,23.2,161.0,0
1.0,303.9,312.7,1485.0,43.3,174.0,0
1.0,297.1,308.4,1583.0,38.2,150.0,0
2.0,297.7,309.7,1440.0,51.1,191.0,0
0.0,302.2,310.8,1350.0,56.6,76.0,0
1.0,300.7,309.6,1421.0,49.8,165.0,0
0.0,298.0,307.8,1839.0,22.7,79.0,0
2.0,297.8,307.9,1600.0,33.5,13.0,0
1.0,303.5,312.9,1438.0,42.8,106.0,0
1.0,298.1,308.2,1654.0,35.3,155.0,0
1.0,300.6,309.8,1532.0,42.5,130.0,0
0.0,301.8,310.3,1482.0,41.4,63.0,0
0.0,303.6,312.5,1286.0,62.4,101.0,0
0.0,297.6,309.2,1390.0,43.3,221.0,0
2.0,302.6,311.7,1471.0,48.3,25.0,0
1.0,299.2,308.2,1674.0,28.2,14.0,0
0.0,299.8,309.3,1299.0,65.1,212.0,1
2.0,298.1,307.6,1542.0,37.1,84.0,0
0.0,295.8,306.4,1339.0,53.2,67.0,0
0.0,298.9,308.7,1729.0,26.6,73.0,0
0.0,302.7,310.5,1563.0,35.0,8.0,0
2.0,298.0,307.8,1588.0,35.4,114.0,0
0.0,296.6,307.6,1671.0,28.8,108.0,0
1.0,295.9,306.6,1532.0,38.6,104.0,0
0.0,298.7,310.1,1641.0,31.1,49.0,0
0.0,300.9,310.7,1509.0,37.5,12.0,0
0.0,300.8,309.7,1519.0,35.8,14.0,0
0.0,299.9,309.5,1567.0,35.5,171.0,0
1.0,298.6,309.4,1774.0,27.5,154.0,0
0.0,300.2,311.0,1255.0,71.8,149.0,1
1.0,297.6,308.5,1466.0,39.7,34.0,0
1.0,303.6,312.7,1699.0,31.5,105.0,0
1.0,299.5,309.1,1422.0,45.3,103.0,0
0.0,300.1,311.3,1305.0,64.7,66.0,0
2.0,303.5,312.8,1404.0,55.8,84.0,0
0.0,300.3,309.3,1612.0,36.0,158.0,0
0.0,297.5,309.4,1503.0,40.6,144.0,0
1.0,303.7,312.6,1671.0,30.5,163.0,0
0.0,299.3,309.3,1528.0,37.8,45.0,0
0.0,298.6,309.6,1533.0,40.7,106.0,0
1.0,298.8,309.8,1413.0,45.5,64.0,0
1.0,302.5,310.4,1580.0,35.6,176.0,0
0.0,297.1,308.5,1712.0,32.1,48.0,0
1.0,301.0,310.9,1510.0,44.5,66.0,0
1.0,299.3,308.5,1305.0,60.6,44.0,0
0.0,298.3,309.6,1527.0,30.9,189.0,0
1.0,298.5,309.6,1441.0,48.2,107.0,0
0.0,303.0,311.1,1980.0,20.2,137.0,0
0.0,297.4,308.3,1704.0,27.3,65.0,0
0.0,304.2,313.4,1490.0,44.0,41.0,0
1.0,298.2,309.5,1478.0,36.5,182.0,0
0.0,303.9,313.2,1481.0,40.0,100.0,0
1.0,297.4,308.3,1335.0,57.9,113.0,0
0.0,298.2,308.9,1332.0,44.4,100.0,0
0.0,300.5,309.8,1305.0,51.7,202.0,0
1.0,297.2,308.5,1604.0,40.7,158.0,0
1.0,296.9,307.9,1385.0,44.8,144.0,0
0.0,300.5,311.0,2074.0,18.9,9.0,0
0.0,298.9,310.4,1546.0,37.7,159.0,0
2.0,300.0,310.4,1881.0,21.9,102.0,0
0.0,301.3,310.9,1566.0,33.1,82.0,0
0.0,303.8,312.7,1664.0,29.3,178.0,0
0.0,299.4,308.7,1681.0,30.8,171.0,0
0.0,302.1,311.0,1740.0,30.8,182.0,0
0.0,301.5,310.5,1466.0,48.1,189.0,0
1.0,299.8,310.0,1397.0,48.1,164.0,0
0.0,297.1,308.2,1402.0,51.2,186.0,0
1.0,299.3,309.1,1449.0,47.9,131.0,0
0.0,299.5,309.1,1852.0,22.6,77.0,0
0.0,300.6,312.2,1308.0,54.7,52.0,0
1.0,298.5,308.0,1713.0,25.8,154.0,0
1.0,298.7,309.6,1686.0,26.2,189.0,0
2.0,297.7,307.4,1432.0,40.2,132.0,0
0.0,300.5,310.6,1448.0,46.3,173.0,0
0.0,298.0,308.2,1514.0,37.9,9.0,0
1.0,298.6,310.0,1512.0,37.5,27.0,0
1.0,303.4,311.5,1483.0,43.0,117.0,0
1.0,300.5,309.9,1735.0,27.0,107.0,0
0.0,297.8,307.6,1446.0,51.4,105.0,0
0.0,301.5,310.5,1702.0,28.7,135.0,0
1.0,297.9,307.6,1609.0,30.3,64.0,0
0.0,303.9,313.0,1433.0,48.4,178.0,0
2.0,1528.0,203.0,296.7,308.1,46.3,0
1.0,1710.0,190.0,303.8,313.2,26.5,0
1.0,1616.0,57.0,302.1,311.2,35.1,0
0.0,1932.0,79.0,301.0,310.5,21.7,0
0.0,1431.0,22.0,300.7,310.7,39.3,0
0.0,1650.0,19.0,300.1,310.1,31.6,0
1.0,1289.0,104.0,299.4,308.7,60.5,0
0.0,1446.0,134.0,299.4,308.7,62.9,1
0.0,1433.0,86.0,301.4,310.4,43.4,0
1.0,1435.0,83.0,302.4,310.9,42.3,0
0.0,1443.0,70.0,297.5,309.4,45.4,0
0.0,1541.0,192.0,302.4,311.9,37.9,0
1.0,1488.0,189.0,298.5,309.3,43.7,0
1.0,1521.0,74.0,297.5,308.3,38.2,0
0.0,1378.0,119.0,300.6,310.8,51.2,0
0.0,1610.0,71.0,301.9,310.4,34.8,0
1.0,1513.0,188.0,299.9,309.1,43.8,0
0.0,1511.0,205.0,300.5,311.9,41.8,0
1.0,1448.0,195.0,303.8,312.5,44.3,0
0.0,1565.0,127.0,299.0,310.4,36.1,0
1.0,1419.0,115.0,298.6,309.8,44.9,0
0.0,1406.0,14.0,300.3,311.7,47.5,0
1.0,1464.0,171.0,303.9,313.4,49.1,0
1.0,1646.0,198.0,300.3,311.7,28.9,0
1.0,1441.0,94.0,299.1,310.3,43.9,0
0.0,1504.0,4.0,297.9,309.1,43.0,0
0.0,1576.0,149.0,300.5,311.9,31.1,0
0.0,1282.0,216.0,298.4,308.2,60.7,1
2.0,1324.0,185.0,298.9,310.1,54.6,0
0.0,1384.0,38.0,301.7,310.1,50.5,0
0.0,1391.0,52.0,302.1,311.4,49.2,0
2.0,2207.0,43.0,301.1,311.3,16.6,0
0.0,1520.0,208.0,302.6,312.2,43.0,0
0.0,1663.0,81.0,302.0,310.9,31.5,0
0.0,1381.0,102.0,299.4,308.7,56.7,0
1.0,1544.0,136.0,297.5,307.9,37.9,0
1.0,1326.0,88.0,302.1,310.6,59.1,1
0.0,1753.0,42.0,303.7,313.0,29.0,0
0.0,2098.0,148.0,298.8,310.0,19.6,0
1.0,1618.0,53.0,300.0,309.6,36.2,0
0.0,1394.0,57.0,302.3,310.2,55.4,0
0.0,1580.0,142.0,299.2,308.4,32.6,0
0.0,1542.0,33.0,297.9,309.9,33.8,0
1.0,2157.0,17.0,302.0,310.7,17.8,0
0.0,1550.0,9.0,304.1,313.1,30.9,0
1.0,1572.0,139.0,299.7,310.6,38.0,0
0.0,1521.0,131.0,299.6,311.1,37.2,0
0.0,1677.0,180.0,298.6,309.3,31.2,0
0.0,1633.0,207.0,303.8,313.0,32.9,0
1.0,1506.0,85.0,299.7,311.0,42.7,0
0.0,1507.0,147.0,302.5,310.5,39.5,0
0.0,1446.0,147.0,300.1,311.4,40.6,0
0.0,1432.0,138.0,301.8,309.6,43.7,0
0.0,1491.0,165.0,301.0,309.7,42.9,0
0.0,1697.0,179.0,297.7,308.1,29.1,0
2.0,1353.0,143.0,299.7,311.1,47.1,0
0.0,1501.0,55.0,298.8,308.6,35.0,0
0.0,1341.0,199.0,299.3,308.8,47.7,0
0.0,1727.0,116.0,298.9,308.7,29.4,0
2.0,1721.0,79.0,302.6,310.3,27.4,0
0.0,1796.0,61.0,297.2,308.3,23.8,0
1.0,1538.0,181.0,297.1,307.8,34.3,0
0.0,1564.0,0.0,302.7,310.6,34.3,0
1.0,1458.0,153.0,301.7,310.5,41.4,0
0.0,1258.0,139.0,297.6,308.0,57.4,0
1.0,1510.0,155.0,297.5,308.6,35.5,0
0.0,1470.0,83.0,299.0,310.1,40.3,0
0.0,1556.0,86.0,304.1,313.1,36.3,0
1.0,1639.0,121.0,302.3,311.7,36.6,0
1.0,1380.0,70.0,301.7,310.6,45.8,0
0.0,1367.0,113.0,298.1,308.9,41.9,0
0.0,1617.0,185.0,300.6,309.7,33.2,0
0.0,1208.0,28.0,297.5,308.6,62.3,0
1.0,1430.0,80.0,298.6,309.8,43.1,0
0.0,1377.0,48.0,301.0,312.1,49.9,0
2.0,1559.0,220.0,300.8,310.5,40.1,0
1.0,1488.0,57.0,297.8,307.4,36.1,0
0.0,1732.0,109.0,300.8,310.9,25.7,0
0.0,1435.0,143.0,298.3,307.9,39.9,0
0.0,1477.0,128.0,301.9,310.5,42.4,0
1.0,1881.0,98.0,300.5,309.3,25.5,0
1.0,1609.0,156.0,301.0,311.6,35.8,0
0.0,1766.0,7.0,297.2,308.5,25.8,0
0.0,1558.0,14.0,298.1,308.6,42.4,0
2.0,1429.0,118.0,297.4,308.7,37.6,0
0.0,1421.0,56.0,304.2,313.4,43.4,0
0.0,1616.0,65.0,298.1,308.1,32.8,0
0.0,1511.0,197.0,302.6,310.5,37.2,0
0.0,1505.0,79.0,302.4,311.5,37.9,0
0.0,1527.0,2.0,300.3,309.9,41.4,0
1.0,1669.0,120.0,303.7,312.7,31.7,0
0.0,1525.0,62.0,301.9,310.8,43.2,0
0.0,1566.0,128.0,300.6,312.0,30.1,0
0.0,1445.0,34.0,300.2,310.3,50.9,0
0.0,1532.0,115.0,300.1,309.8,39.8,0
1.0,1293.0,37.0,300.3,310.4,49.7,0
1.0,1355.0,6.0,302.1,310.0,45.1,1
2.0,1885.0,24.0,297.6,309.0,25.2,0
0.0,1672.0,176.0,300.7,310.0,29.7,0
0.0,1522.0,153.0,299.9,311.3,45.7,0
1.0,1704.0,42.0,300.2,310.3,29.2,0
0.0,1409.0,126.0,302.5,311.4,53.1,0
2.0,1339.0,194.0,301.1,311.0,52.8,0
1.0,1460.0,74.0,301.0,310.6,53.6,0
0.0,1227.0,167.0,302.5,311.2,60.1,0
0.0,1503.0,191.0,303.5,312.4,36.5,0
1.0,1396.0,12.0,301.1,310.9,45.1,0
0.0,1471.0,244.0,300.6,309.4,44.1,0
0.0,1558.0,44.0,298.7,310.1,37.6,0
0.0,1598.0,94.0,298.4,308.1,32.7,0
0.0,1854.0,19.0,303.1,311.1,22.6,0
0.0,1811.0,47.0,300.5,311.7,26.8,0
0.0,1559.0,195.0,301.0,311.5,31.8,0
1.0,1632.0,156.0,297.2,307.9,37.5,0
1.0,1852.0,131.0,301.1,312.3,25.9,0
0.0,1398.0,65.0,301.9,310.3,44.0,0
0.0,1633.0,89.0,302.6,311.9,30.9,0
0.0,1348.0,146.0,300.4,310.8,56.0,0
1.0,1311.0,136.0,301.7,311.0,46.8,0
0.0,1598.0,139.0,299.8,309.6,31.0,0
0.0,1405.0,103.0,299.0,308.8,55.2,0
1.0,1457.0,201.0,299.4,308.9,41.5,0
0.0,1506.0,26.0,297.8,308.9,33.5,0
0.0,1354.0,212.0,298.7,309.8,53.3,1
0.0,1356.0,64.0,300.4,309.6,45.9,0
0.0,1695.0,145.0,298.7,309.8,29.0,0
0.0,1708.0,14.0,300.9,310.8,29.1,0
0.0,1391.0,161.0,298.1,307.5,57.4,0
0.0,1606.0,103.0,303.7,312.3,37.4,0
0.0,1965.0,164.0,299.5,308.8,20.4,0
0.0,1383.0,147.0,295.6,306.1,48.7,0
2.0,1616.0,20.0,297.7,309.7,31.1,0
0.0,1372.0,59.0,301.0,312.2,47.0,0
0.0,1386.0,212.0,298.3,309.1,45.3,0
0.0,1488.0,5.0,301.1,311.6,43.4,0
0.0,1436.0,32.0,303.5,312.0,45.1,0
1.0,1508.0,150.0,300.5,309.8,37.8,0
1.0,1557.0,84.0,300.6,309.5,33.8,0
0.0,1650.0,126.0,301.8,310.6,31.9,0
0.0,1571.0,208.0,301.4,310.5,33.9,0
1.0,1429.0,189.0,303.7,312.6,43.3,0
1.0,1433.0,199.0,300.4,311.0,46.1,0
0.0,1424.0,58.0,295.6,306.2,42.5,0
1.0,1531.0,81.0,298.3,309.6,40.1,0
1.0,1488.0,95.0,299.5,310.7,39.5,0
0.0,1473.0,84.0,303.6,311.9,50.1,0
0.0,1568.0,166.0,298.2,309.1,36.3,0
1.0,1376.0,181.0,297.4,308.9,39.0,0
0.0,1401.0,177.0,302.4,310.1,48.8,0
0.0,1418.0,148.0,298.5,309.4,45.1,0
2.0,1793.0,28.0,297.5,308.4,23.9,0
1.0,1567.0,87.0,299.4,309.9,40.6,0
0.0,1656.0,124.0,297.2,308.3,30.3,0
0.0,1421.0,0.0,302.7,312.3,48.5,0
0.0,1471.0,141.0,298.6,309.4,48.0,0
0.0,1375.0,145.0,298.6,309.4,55.4,0
0.0,1610.0,63.0,303.2,311.4,35.5,0
0.0,1401.0,10.0,298.8,308.4,47.3,0
0.0,1708.0,77.0,301.7,311.3,30.5,0
0.0,1366.0,35.0,304.1,313.2,46.6,0
0.0,1507.0,225.0,303.2,311.5,39.2,0
0.0,1514.0,177.0,297.3,308.5,44.5,0
0.0,1539.0,29.0,302.4,310.2,37.7,0
0.0,1512.0,46.0,296.4,307.4,36.8,0
2.0,1538.0,43.0,301.5,310.5,44.3,0
1.0,1838.0,235.0,299.1,310.3,24.0,0
1.0,1661.0,82.0,298.1,309.0,38.2,0
0.0,1550.0,72.0,302.9,312.5,45.5,0
0.0,1543.0,37.0,300.4,309.5,38.9,0
0.0,1376.0,98.0,303.4,312.8,53.4,0
2.0,1877.0,64.0,300.7,310.2,24.8,0
0.0,1623.0,109.0,298.5,309.3,33.1,0
0.0,1518.0,0.0,300.3,309.9,36.4,0
0.0,1658.0,76.0,299.6,310.9,28.0,0
0.0,1569.0,63.0,297.2,308.3,31.2,0
0.0,1543.0,190.0,301.4,310.4,40.9,0
1.0,1381.0,136.0,300.3,311.2,65.2,1
0.0,1588.0,99.0,298.4,308.7,35.0,0
0.0,1415.0,12.0,302.6,310.4,52.1,0
1.0,1508.0,60.0,302.4,311.4,41.2,0
1.0,1784.0,163.0,298.0,307.5,27.8,0
1.0,1659.0,73.0,301.7,310.7,29.9,0
0.0,1833.0,117.0,297.2,308.4,25.2,0
0.0,1234.0,160.0,300.7,310.4,51.7,0
1.0,1790.0,191.0,300.9,310.8,26.2,0
0.0,1617.0,122.0,303.6,313.0,30.9,0
1.0,1576.0,149.0,299.7,309.1,36.4,0
0.0,1471.0,45.0,297.4,308.5,43.9,0
1.0,1411.0,110.0,298.2,307.8,53.4,0
0.0,1400.0,77.0,300.1,309.1,46.7,0
1.0,1840.0,157.0,296.9,307.8,24.6,0
2.0,1627.0,168.0,303.0,312.4,37.1,0
2.0,1981.0,99.0,300.7,311.0,19.9,0
1.0,1598.0,36.0,298.7,310.2,33.3,0
0.0,1440.0,191.0,300.2,310.2,42.9,0
0.0,1613.0,178.0,299.4,309.0,32.2,0
2.0,1534.0,39.0,299.4,309.3,37.5,0
0.0,1616.0,110.0,298.9,309.8,36.5,0
1.0,1413.0,137.0,300.2,309.7,43.0,0
0.0,1596.0,154.0,300.4,311.5,32.5,0
1.0,1389.0,34.0,297.6,308.6,49.0,0
1.0,1700.0,200.0,297.8,309.7,31.3,0
0.0,1762.0,202.0,300.0,310.1,28.0,0
0.0,1352.0,176.0,299.7,311.2,52.1,0
0.0,1499.0,55.0,302.2,311.4,37.7,0
0.0,1559.0,196.0,301.4,310.4,36.0,0
0.0,1624.0,0.0,301.3,311.1,40.9,0
1.0,1644.0,195.0,302.4,311.8,37.2,0
0.0,1354.0,165.0,302.3,312.0,52.2,0
1.0,1573.0,212.0,299.2,308.9,37.4,0
0.0,1479.0,173.0,299.9,310.2,46.3,0
0.0,1474.0,4.0,297.4,308.4,43.6,0
0.0,1626.0,50.0,298.0,308.6,33.3,0
0.0,1439.0,17.0,298.6,310.1,49.9,0
1.0,1456.0,167.0,302.2,310.4,47.5,0
0.0,1676.0,158.0,300.3,311.1,28.6,0
0.0,1527.0,194.0,300.2,309.4,37.0,0
1.0,1751.0,111.0,297.9,308.7,26.6,0
2.0,1563.0,163.0,298.5,308.2,44.6,0
0.0,1633.0,24.0,299.7,310.2,36.5,0
2.0,2129.0,126.0,297.9,308.5,18.7,0
1.0,1458.0,23.0,300.2,309.5,46.9,0
1.0,1503.0,68.0,300.6,309.6,38.4,0
0.0,1474.0,171.0,300.9,312.1,42.4,0
2.0,1430.0,162.0,298.3,309.1,40.9,0
1.0,1557.0,49.0,302.4,311.8,31.5,0
1.0,1611.0,210.0,302.6,312.1,39.9,0
0.0,1409.0,134.0,296.1,306.7,42.8,0
2.0,1607.0,130.0,299.4,309.0,33.7,0
0.0,1550.0,54.0,297.3,308.3,37.0,0
0.0,1513.0,51.0,300.4,311.7,40.0,0
0.0,1730.0,135.0,302.7,311.1,28.1,0
0.0,1642.0,3.0,298.1,308.7,30.3,0
0.0,1552.0,37.0,299.4,309.2,37.4,0
1.0,1409.0,145.0,296.8,307.9,44.3,0
1.0,1383.0,108.0,302.1,311.5,53.6,0
1.0,1349.0,19.0,300.7,310.6,54.5,0
0.0,1399.0,174.0,301.7,310.5,53.2,0
1.0,1335.0,48.0,296.3,307.4,50.5,0
0.0,1487.0,78.0,300.5,311.5,43.0,0
0.0,1598.0,186.0,300.9,310.6,35.4,0
0.0,1517.0,117.0,298.9,309.9,36.6,0
0.0,1554.0,117.0,300.0,309.7,32.0,0
0.0,1634.0,149.0,300.8,310.8,29.2,0
1.0,1732.0,152.0,297.7,309.2,28.8,0
0.0,1353.0,190.0,298.7,308.5,47.0,0
0.0,1417.0,177.0,297.5,308.8,49.8,0
0.0,1841.0,143.0,300.5,309.7,24.6,0
0.0,1827.0,22.0,300.2,311.6,27.0,0
0.0,1611.0,70.0,301.1,310.6,35.2,0
2.0,1568.0,28.0,302.7,310.5,36.9,0
0.0,1470.0,98.0,300.6,310.5,37.7,0
0.0,1424.0,185.0,298.0,307.3,46.5,0
1.0,1332.0,147.0,298.2,309.2,60.2,0
0.0,1614.0,155.0,303.6,311.8,33.2,0
0.0,1457.0,61.0,300.7,311.2,51.4,0
0.0,1407.0,49.0,298.2,308.7,45.1,0
1.0,1445.0,24.0,300.7,309.5,46.4,0
1.0,1461.0,157.0,298.5,308.0,51.9,0
0.0,1517.0,4.0,298.6,310.0,39.0,0
0.0,1387.0,204.0,298.0,307.7,50.8,0
2.0,1466.0,184.0,298.8,308.9,44.1,0
0.0,1522.0,53.0,298.5,308.6,36.9,0
1.0,1444.0,46.0,297.6,308.6,48.2,0
0.0,1867.0,118.0,297.0,307.7,22.8,0
0.0,1804.0,174.0,301.0,311.0,25.8,0
1.0,1507.0,192.0,298.7,308.4,45.7,0
1.0,1405.0,88.0,302.3,311.2,47.7,0
0.0,1547.0,72.0,301.8,310.7,41.7,0
0.0,1735.0,154.0,303.8,312.6,25.9,0
0.0,1499.0,46.0,300.0,309.4,35.7,0
0.0,1438.0,84.0,297.6,308.3,47.8,0
0.0,1318.0,22.0,298.4,308.3,59.1,0
1.0,1289.0,185.0,299.3,308.7,51.5,0
1.0,1544.0,170.0,296.6,307.4,42.3,0
0.0,1368.0,21.0,300.8,310.4,46.8,0
0.0,1633.0,41.0,298.0,309.6,34.8,0
1.0,1389.0,185.0,299.9,309.2,51.2,0
1.0,1750.0,50.0,298.9,308.9,29.9,0
1.0,1434.0,189.0,300.2,309.5,51.5,0
2.0,1555.0,24.0,300.6,309.4,37.9,0
0.0,1519.0,92.0,299.1,310.4,45.3,0
0.0,1568.0,0.0,304.4,313.6,39.1,0
1.0,1463.0,214.0,301.3,311.0,50.2,0
0.0,1368.0,123.0,303.8,312.5,52.6,0
0.0,1599.0,116.0,301.6,310.4,41.7,0
0.0,2010.0,55.0,300.0,309.4,20.0,0
0.0,1348.0,110.0,299.1,308.2,56.1,0
0.0,1431.0,97.0,298.8,308.6,45.7,0
2.0,1846.0,179.0,297.0,307.9,27.3,0
0.0,1527.0,144.0,301.7,311.0,42.2,0
0.0,1566.0,79.0,301.6,310.0,30.3,0
1.0,1659.0,44.0,299.5,310.1,31.5,0
0.0,1682.0,178.0,300.3,311.7,27.8,0
1.0,1439.0,81.0,298.8,309.7,45.8,0
1.0,1504.0,37.0,299.2,310.4,43.3,0
0.0,1490.0,81.0,301.5,310.6,48.1,0
0.0,1403.0,122.0,298.0,309.6,51.3,0
1.0,1694.0,5.0,298.2,309.0,28.0,0
0.0,1658.0,88.0,300.6,310.0,34.7,0
2.0,1423.0,116.0,299.8,310.6,44.6,0
1.0,1459.0,115.0,298.1,308.9,50.3,0
1.0,1455.0,76.0,299.6,310.1,46.1,0
1.0,1751.0,173.0,299.8,309.4,27.0,0
0.0,1498.0,181.0,299.1,308.7,38.9,0
1.0,1758.0,116.0,300.9,309.5,26.8,0
1.0,1757.0,151.0,302.6,311.4,29.5,0
1.0,1332.0,71.0,299.1,308.4,51.7,0
0.0,1634.0,53.0,298.1,309.9,30.0,0
1.0,1452.0,139.0,300.8,310.7,43.0,0
0.0,1531.0,60.0,302.2,310.9,37.5,0
0.0,1601.0,181.0,300.9,310.9,34.0,0
0.0,1563.0,51.0,298.1,309.9,32.8,0
0.0,1588.0,126.0,296.8,307.6,37.6,0
0.0,1662.0,129.0,300.4,311.4,29.3,0
1.0,1666.0,198.0,298.0,308.5,31.0,0
0.0,1528.0,160.0,298.3,308.4,37.3,0
1.0,1370.0,199.0,297.3,308.1,58.8,0
2.0,1427.0,8.0,300.3,311.6,56.2,0
0.0,1427.0,17.0,297.5,308.9,50.4,0
0.0,1414.0,168.0,297.0,307.8,47.5,0
1.0,1524.0,86.0,302.5,311.9,34.8,0
1.0,1500.0,164.0,302.4,310.5,36.7,0
0.0,1413.0,113.0,298.1,307.8,54.1,0
1.0,1398.0,215.0,297.6,308.4,41.9,0
1.0,1578.0,3.0,297.2,308.3,37.8,0
0.0,1418.0,155.0,297.8,307.4,41.2,0
1.0,1355.0,7.0,299.8,309.1,56.7,0
1.0,1420.0,36.0,300.1,309.7,48.4,0
0.0,1622.0,68.0,302.4,311.6,35.0,0
2.0,1415.0,185.0,302.2,310.9,48.4,0
1.0,1563.0,83.0,301.4,310.5,39.9,0
0.0,1511.0,186.0,300.1,310.0,41.7,0
1.0,1756.0,190.0,303.7,312.3,26.4,0
0.0,1316.0,43.0,300.8,311.4,57.6,0
0.0,1416.0,202.0,302.4,311.8,46.1,0
1.0,1449.0,157.0,297.9,308.5,40.8,0
2.0,1394.0,210.0,300.3,309.9,46.7,1
2.0,1654.0,171.0,297.1,308.4,31.4,0
0.0,1329.0,166.0,298.3,308.4,49.2,0
1.0,1547.0,72.0,297.9,308.9,44.0,0
0.0,1446.0,64.0,302.0,310.9,44.0,0
2.0,1627.0,117.0,296.8,307.8,30.5,0
0.0,1691.0,154.0,298.7,309.0,30.1,0
0.0,1645.0,137.0,299.7,309.2,30.8,0
0.0,1460.0,150.0,297.6,308.7,46.7,0
0.0,1540.0,175.0,299.2,310.7,36.3,0
0.0,1438.0,3.0,297.8,307.3,44.5,0
2.0,1645.0,41.0,296.1,306.8,31.0,0
1.0,1511.0,204.0,302.1,311.3,45.0,0
0.0,1503.0,154.0,303.8,312.8,40.0,0
1.0,1761.0,113.0,300.8,311.9,29.0,0
1.0,1635.0,110.0,301.3,310.4,32.5,0
1.0,1401.0,79.0,300.4,311.6,49.9,0
0.0,1811.0,27.0,298.5,308.3,24.7,0
2.0,1256.0,142.0,295.6,306.1,62.3,0
0.0,1841.0,40.0,299.2,308.4,22.8,0
0.0,1668.0,5.0,297.7,307.2,37.8,0
0.0,1420.0,182.0,302.6,312.1,51.6,0
0.0,1570.0,14.0,300.6,310.5,38.3,0
1.0,1359.0,115.0,301.5,310.7,47.1,0
0.0,1577.0,80.0,298.9,310.1,41.4,0
0.0,1854.0,24.0,297.4,308.3,21.8,0
0.0,1366.0,206.0,302.0,310.6,47.7,0
1.0,1498.0,199.0,297.0,307.7,47.1,0
0.0,1694.0,66.0,302.8,312.5,28.4,0
2.0,1550.0,185.0,297.8,308.4,38.2,0
0.0,1382.0,177.0,300.8,312.0,49.3,0
0.0,1425.0,173.0,301.9,310.5,51.1,0
1.0,1635.0,168.0,299.0,310.3,34.5,0
0.0,1304.0,158.0,298.4,308.6,45.0,0
0.0,1536.0,94.0,299.3,308.7,38.9,0
0.0,1728.0,125.0,300.5,310.8,26.3,0
0.0,1496.0,153.0,301.4,310.4,35.2,0
0.0,1395.0,201.0,300.4,309.8,48.1,0
1.0,1436.0,184.0,302.5,312.0,43.5,0
2.0,1480.0,2.0,303.6,312.4,50.7,0
0.0,1502.0,150.0,297.5,308.8,45.9,0
0.0,1981.0,36.0,302.2,311.8,21.8,0
0.0,1469.0,26.0,299.7,310.2,39.5,0
0.0,1470.0,40.0,300.1,311.3,45.2,0
1.0,1497.0,116.0,301.0,310.7,37.6,0
1.0,1397.0,135.0,301.0,309.6,48.0,0
1.0,1555.0,166.0,300.5,309.8,38.9,0
2.0,1573.0,143.0,298.5,309.4,33.6,0
1.0,1515.0,204.0,303.4,311.8,42.6,0
1.0,1325.0,204.0,297.4,308.8,62.4,1
1.0,1421.0,206.0,302.9,312.4,46.0,0
1.0,1270.0,54.0,300.8,310.3,61.0,0
0.0,2235.0,156.0,300.9,311.0,15.8,0
2.0,1420.0,143.0,298.7,308.5,45.7,0
0.0,1674.0,172.0,300.4,311.6,33.0,0
0.0,1572.0,20.0,299.6,309.2,33.4,0
0.0,1698.0,147.0,298.6,309.4,33.2,0
0.0,1421.0,211.0,300.5,309.8,49.6,0
0.0,1601.0,148.0,303.2,312.6,35.3,0
0.0,1543.0,30.0,300.5,310.6,36.2,0
0.0,1448.0,173.0,300.2,311.7,54.2,0
0.0,1474.0,20.0,297.4,308.1,39.4,0
1.0,1581.0,51.0,298.1,308.7,47.4,0
2.0,2636.0,84.0,298.3,308.1,12.8,0
0.0,1663.0,139.0,300.8,310.6,30.6,0
0.0,1475.0,126.0,302.4,311.4,40.4,0
0.0,1378.0,35.0,302.2,311.3,55.5,0
0.0,1465.0,109.0,303.1,312.8,44.1,0
1.0,1769.0,63.0,300.7,311.2,26.5,0
0.0,1332.0,115.0,298.5,308.8,59.1,0
0.0,1507.0,134.0,299.0,308.7,37.5,0
1.0,1393.0,190.0,300.0,310.2,51.2,0
0.0,1560.0,21.0,300.8,311.9,31.8,0
0.0,1462.0,22.0,301.9,310.6,38.8,0
0.0,1445.0,155.0,300.5,310.8,46.6,0
1.0,1438.0,141.0,297.8,307.4,43.6,0
0.0,1868.0,92.0,300.4,311.9,21.3,0
1.0,1546.0,149.0,303.7,312.4,33.7,0
0.0,1471.0,25.0,297.4,308.2,46.5,0
0.0,1552.0,113.0,300.6,309.4,36.4,0
0.0,1833.0,161.0,297.4,309.0,22.6,0
0.0,1611.0,32.0,299.2,310.4,36.4,0
1.0,1432.0,199.0,297.1,308.4,53.4,0
0.0,1587.0,124.0,299.0,308.6,38.6,0
1.0,1580.0,64.0,302.4,311.0,36.5,0
0.0,1751.0,133.0,301.8,310.7,29.3,0
0.0,1454.0,67.0,300.6,310.6,39.7,0
2.0,1401.0,129.0,303.9,312.7,50.0,0
0.0,1490.0,217.0,300.8,311.7,46.4,0
0.0,1545.0,12.0,302.4,312.0,36.4,0
0.0,1349.0,187.0,302.5,310.4,55.1,1
0.0,1492.0,199.0,301.0,310.9,36.7,0
1.0,1540.0,151.0,300.3,311.5,41.5,0
1.0,1575.0,150.0,301.0,310.9,34.6,0
1.0,1411.0,157.0,298.2,309.1,45.8,0
0.0,1399.0,91.0,299.7,309.4,39.9,0
0.0,1858.0,2.0,302.7,312.3,25.4,0
1.0,1657.0,70.0,299.0,310.3,31.0,0
1.0,1528.0,44.0,300.2,309.6,35.1,0
0.0,1550.0,174.0,299.4,308.9,33.7,0
0.0,1622.0,67.0,298.2,308.1,34.9,0
1.0,1443.0,137.0,297.1,307.8,43.9,0
2.0,1800.0,44.0,297.9,308.0,24.8,0
1.0,2010.0,86.0,296.9,307.9,18.9,0
1.0,2179.0,59.0,300.5,309.4,16.3,0
0.0,1534.0,23.0,298.9,309.8,42.1,0
0.0,1598.0,69.0,302.6,311.9,35.5,0
0.0,1631.0,144.0,297.8,307.5,29.9,0
0.0,1551.0,3.0,299.4,310.7,41.2,0
1.0,1500.0,116.0,298.7,309.5,38.8,0
0.0,1699.0,87.0,299.0,310.1,32.9,0
1.0,1433.0,139.0,297.5,309.4,48.3,0
1.0,1517.0,18.0,297.4,308.4,41.0,0
0.0,1684.0,13.0,300.1,310.1,30.8,0
0.0,1706.0,111.0,296.8,307.9,30.8,0
1.0,1422.0,194.0,302.4,311.9,46.4,0
2.0,1580.0,161.0,301.5,310.4,35.7,0
0.0,1723.0,33.0,297.4,308.3,28.8,0
1.0,1582.0,107.0,299.2,308.3,45.5,0
0.0,1449.0,132.0,303.4,311.6,41.7,0
0.0,1522.0,202.0,301.5,310.6,36.6,0
0.0,1632.0,18.0,302.0,311.0,34.2,0
0.0,1334.0,186.0,298.5,308.3,49.8,0
0.0,1545.0,68.0,301.7,310.6,42.1,0
0.0,1491.0,29.0,297.3,308.4,46.5,0
1.0,1575.0,210.0,300.1,311.4,29.8,0
0.0,1420.0,60.0,299.7,309.3,44.1,0
1.0,1640.0,211.0,299.8,309.3,31.1,0
0.0,1360.0,94.0,303.4,312.8,50.8,0
0.0,1389.0,149.0,298.8,310.0,49.6,0
0.0,1622.0,42.0,299.0,308.9,31.9,0
1.0,1377.0,35.0,299.0,308.3,47.2,0
1.0,1516.0,158.0,302.2,311.1,33.7,0
0.0,1585.0,78.0,298.2,307.8,34.6,0
0.0,1507.0,209.0,300.7,310.7,46.1,0
0.0,1476.0,10.0,300.9,310.8,39.0,0
0.0,1809.0,20.0,298.5,310.1,28.9,0
0.0,1767.0,11.0,302.0,310.8,27.4,0
0.0,1447.0,11.0,302.1,311.2,50.3,0
1.0,1428.0,99.0,301.2,312.4,36.6,0
1.0,1459.0,69.0,298.7,310.0,40.2,0
1.0,1552.0,205.0,298.5,309.7,34.0,0
0.0,1618.0,53.0,300.0,309.6,28.7,0
0.0,1441.0,46.0,300.1,309.7,40.1,0
0.0,1694.0,169.0,298.0,307.6,29.1,0
2.0,1662.0,55.0,299.0,308.2,30.4,0
0.0,1672.0,39.0,300.3,310.4,29.2,0
1.0,1450.0,175.0,302.3,311.0,45.7,0
1.0,1396.0,158.0,303.7,312.7,47.3,0
0.0,1498.0,171.0,298.1,307.6,42.9,0
0.0,1607.0,109.0,300.3,311.6,33.5,0
1.0,1501.0,48.0,298.7,309.8,44.7,0
1.0,1473.0,87.0,300.7,309.6,48.1,0
0.0,1368.0,171.0,300.3,309.1,46.0,0
0.0,1754.0,206.0,297.1,308.1,30.3,0
0.0,1564.0,137.0,303.4,311.6,41.9,0
0.0,1508.0,25.0,298.4,308.0,47.9,0
1.0,1514.0,60.0,295.8,306.5,37.7,0
0.0,1578.0,101.0,298.3,308.0,37.8,0
1.0,1350.0,22.0,296.1,307.1,53.3,0
1.0,1489.0,27.0,303.1,311.2,44.5,0
1.0,1566.0,201.0,296.6,307.5,35.0,0
0.0,1583.0,176.0,299.4,308.9,34.1,0
0.0,1516.0,61.0,298.7,309.6,38.5,0
2.0,1336.0,136.0,299.0,310.5,56.8,0
0.0,1622.0,121.0,298.0,307.8,33.3,0
0.0,1711.0,42.0,296.2,307.3,29.9,0
1.0,1351.0,207.0,302.1,311.0,60.3,1
1.0,1689.0,16.0,303.6,312.8,33.1,0
1.0,1412.0,112.0,297.0,307.9,47.4,0
1.0,1543.0,71.0,303.5,312.3,33.3,0
0.0,2001.0,137.0,302.6,311.0,20.7,0
1.0,1598.0,148.0,297.3,308.0,29.4,0
1.0,1612.0,150.0,300.3,309.4,33.1,0
0.0,1423.0,189.0,300.4,310.0,44.2,0
0.0,1818.0,102.0,299.3,310.5,26.0,0
0.0,1399.0,84.0,295.8,306.4,47.6,0
0.0,1442.0,204.0,298.0,308.2,44.1,0
0.0,1589.0,217.0,298.7,309.8,31.8,0
1.0,1509.0,25.0,301.3,310.8,40.1,0
0.0,1482.0,5.0,300.9,310.8,37.0,0
0.0,1521.0,61.0,300.7,310.9,39.4,0
0.0,1417.0,31.0,297.3,308.4,47.8,0
1.0,1542.0,142.0,301.8,311.3,40.1,0
2.0,1428.0,13.0,297.6,309.6,46.6,0
0.0,1353.0,89.0,298.2,309.0,57.8,0
1.0,1483.0,124.0,300.5,309.9,49.3,0
0.0,1694.0,195.0,298.7,308.4,28.7,0
1.0,1422.0,63.0,303.4,312.9,39.9,0
1.0,1585.0,33.0,298.2,308.9,34.3,0
1.0,1832.0,179.0,300.4,311.7,24.2,0
1.0,1303.0,2.0,303.7,313.0,54.4,0
0.0,1513.0,172.0,298.5,308.4,33.6,0
2.0,1509.0,85.0,298.3,310.1,37.6,0
0.0,1499.0,16.0,303.4,311.8,45.0,0
0.0,1682.0,83.0,301.1,312.3,29.7,0
1.0,1534.0,41.0,302.4,311.4,40.1,0
0.0,1336.0,179.0,302.7,312.2,46.8,0
1.0,1494.0,114.0,302.3,311.7,37.1,0
0.0,1584.0,215.0,297.1,308.1,36.8,0
0.0,1362.0,185.0,298.9,310.2,53.0,0
0.0,1642.0,88.0,302.4,310.2,28.3,0
0.0,1657.0,108.0,301.4,310.7,28.7,0
1.0,1711.0,83.0,302.1,311.0,28.7,0
0.0,1619.0,129.0,297.3,308.7,31.6,0
1.0,1638.0,137.0,301.5,310.6,31.9,0
0.0,1433.0,218.0,297.5,308.4,50.0,0
1.0,1350.0,31.0,300.4,311.3,56.5,0
0.0,1435.0,139.0,296.9,307.9,41.6,0
1.0,1539.0,156.0,300.4,309.7,37.7,0
0.0,1558.0,184.0,301.3,310.1,36.3,0
1.0,1403.0,193.0,298.2,307.9,45.1,0
0.0,1705.0,63.0,298.9,310.2,32.5,0
2.0,1514.0,138.0,303.7,312.6,35.5,0
1.0,1463.0,196.0,300.6,310.6,45.5,0
0.0,1445.0,210.0,301.4,310.6,43.9,0
0.0,1523.0,205.0,300.9,310.7,35.8,0
1.0,1476.0,101.0,299.2,308.4,32.7,0
0.0,1431.0,90.0,300.0,309.1,45.4,0
0.0,1509.0,25.0,302.0,311.3,39.9,0
1.0,1479.0,105.0,298.1,308.9,43.4,0
2.0,1567.0,197.0,298.8,310.1,36.8,0
0.0,1457.0,40.0,303.7,313.0,44.1,0
2.0,1420.0,150.0,298.0,307.6,45.8,0
1.0,2293.0,170.0,300.0,309.3,16.3,0
2.0,1655.0,170.0,303.8,312.5,28.0,0
0.0,1335.0,135.0,302.5,311.8,52.7,0
0.0,1654.0,159.0,299.8,310.2,32.7,0
0.0,1442.0,110.0,298.3,310.0,43.9,0
1.0,1534.0,121.0,298.9,308.5,42.9,0
0.0,1495.0,197.0,301.8,311.1,36.9,0
0.0,1544.0,148.0,300.9,310.4,36.0,0
0.0,1628.0,23.0,303.1,311.2,35.2,0
1.0,1581.0,109.0,302.3,310.9,36.1,0
2.0,1494.0,214.0,299.7,309.3,37.8,0
2.0,1547.0,217.0,300.2,311.6,37.7,0
0.0,1590.0,93.0,300.7,312.3,36.3,0
1.0,1507.0,207.0,298.8,308.6,42.3,0
0.0,1507.0,13.0,304.4,313.6,43.1,0
0.0,1767.0,127.0,298.1,307.7,27.0,0
1.0,1505.0,187.0,301.7,311.0,44.0,0
0.0,2266.0,79.0,299.6,309.1,15.3,0
0.0,1800.0,61.0,303.0,311.2,23.7,0
0.0,1508.0,69.0,298.8,309.8,36.3,0
0.0,1339.0,156.0,303.9,312.7,62.3,0
2.0,1542.0,5.0,299.2,310.1,36.1,0
0.0,1475.0,98.0,304.2,313.4,40.2,0
0.0,1550.0,184.0,302.0,311.0,35.2,0
0.0,1534.0,83.0,299.2,310.6,39.7,0
0.0,1544.0,25.0,299.0,309.0,31.8,0
0.0,1606.0,4.0,301.8,311.0,33.3,0
0.0,1590.0,43.0,301.4,310.7,36.3,0
2.0,1486.0,16.0,298.3,309.2,42.4,0
0.0,1623.0,24.0,298.0,307.8,29.9,0
0.0,1386.0,116.0,299.8,309.3,49.4,0
0.0,1555.0,212.0,301.4,310.6,43.3,0
1.0,1405.0,62.0,303.5,312.6,51.6,0
2.0,1489.0,151.0,297.7,308.2,43.0,0
0.0,1417.0,143.0,298.3,309.1,60.5,0
0.0,1405.0,79.0,301.0,312.1,46.1,0
0.0,1444.0,197.0,301.0,311.5,39.8,0
0.0,1680.0,200.0,297.4,308.6,32.8,0
0.0,1388.0,128.0,300.3,311.1,49.4,0
0.0,1623.0,74.0,297.5,309.3,33.4,0
0.0,1378.0,100.0,299.2,308.5,53.4,0
0.0,1550.0,20.0,301.2,311.1,39.7,0
2.0,1553.0,90.0,299.1,308.8,32.6,0
1.0,1526.0,39.0,297.6,307.1,39.1,0
0.0,1515.0,6.0,301.0,310.9,37.3,0
0.0,1591.0,105.0,302.0,310.4,29.8,0
0.0,1690.0,108.0,299.5,309.2,29.2,0
0.0,1349.0,92.0,299.5,310.0,52.7,0
0.0,1402.0,30.0,302.8,310.8,50.5,0
0.0,1429.0,19.0,300.4,310.6,46.9,0
0.0,1478.0,183.0,298.2,308.4,42.9,0
0.0,1363.0,96.0,298.3,308.0,50.1,0
1.0,1560.0,186.0,300.4,310.0,42.3,0
0.0,1485.0,57.0,298.1,308.2,40.7,0
1.0,1614.0,161.0,300.4,309.6,30.3,0
1.0,1695.0,188.0,300.9,310.8,30.2,0
1.0,1458.0,137.0,298.7,309.9,40.2,0
0.0,1372.0,195.0,300.2,311.6,49.2,0
0.0,1351.0,116.0,301.5,310.5,52.9,0
2.0,1668.0,183.0,300.9,311.3,28.9,0
1.0,1793.0,142.0,301.0,310.4,25.0,0
0.0,1553.0,0.0,300.6,311.7,39.8,0
0.0,1422.0,78.0,298.9,310.0,43.6,0
0.0,1491.0,7.0,297.6,309.0,43.2,0
1.0,1417.0,185.0,301.7,310.6,45.2,0
0.0,1606.0,199.0,300.2,311.6,31.0,0
2.0,1524.0,124.0,301.5,310.9,40.4,0
0.0,1478.0,199.0,299.7,309.2,38.8,0
0.0,1672.0,144.0,299.0,310.0,33.2,0
0.0,1523.0,55.0,298.8,308.8,44.4,0
1.0,1624.0,145.0,301.8,311.3,31.6,0
0.0,1474.0,87.0,300.6,309.4,40.7,0
0.0,1378.0,165.0,298.8,309.1,54.4,0
0.0,1415.0,8.0,299.5,309.1,49.2,0
1.0,1629.0,225.0,302.5,311.4,31.7,0
0.0,1584.0,83.0,299.0,310.3,34.4,0
0.0,1435.0,12.0,301.7,310.2,48.1,0
0.0,1944.0,159.0,303.5,311.8,23.5,0
1.0,1335.0,190.0,298.1,307.4,56.2,0
1.0,1608.0,68.0,299.7,309.2,34.4,0
0.0,1508.0,62.0,300.6,310.6,34.8,0
2.0,1841.0,119.0,302.0,310.5,23.6,0
1.0,1979.0,68.0,296.9,307.9,20.4,0
2.0,1306.0,50.0,298.8,309.2,54.5,0
0.0,1549.0,67.0,300.2,311.5,37.2,0
0.0,1437.0,93.0,298.3,309.1,38.0,0
1.0,1424.0,68.0,301.2,310.9,45.2,0
0.0,1489.0,109.0,300.8,309.4,38.4,0
0.0,1701.0,145.0,302.3,311.7,27.5,0
1.0,1880.0,155.0,297.1,308.4,23.5,0
2.0,1663.0,209.0,298.8,310.2,30.4,0
1.0,1665.0,177.0,301.0,310.4,30.9,0
0.0,1441.0,96.0,300.4,311.5,44.6,0
2.0,1527.0,164.0,300.8,312.1,35.1,0
0.0,1534.0,119.0,301.5,310.5,39.3,0
0.0,1497.0,118.0,298.6,309.8,41.6,0
0.0,1361.0,193.0,296.8,308.2,53.8,0
0.0,1432.0,6.0,300.8,311.7,45.8,0
0.0,1619.0,242.0,299.1,310.3,31.1,0
0.0,1373.0,110.0,297.5,308.5,39.9,0
0.0,1450.0,66.0,298.8,308.7,43.4,0
1.0,1625.0,189.0,302.0,311.2,30.7,0
1.0,1505.0,78.0,302.3,311.2,36.7,0
0.0,1892.0,79.0,303.7,312.0,22.5,0
1.0,1415.0,17.0,297.6,309.3,41.3,0
0.0,1736.0,74.0,299.1,310.5,26.9,0
2.0,1491.0,52.0,301.1,312.2,42.6,0
0.0,1427.0,179.0,302.5,310.4,46.8,0
0.0,1350.0,131.0,300.9,310.6,53.8,0
1.0,1442.0,127.0,302.3,311.7,41.7,0
0.0,1522.0,70.0,301.8,310.6,43.8,0
0.0,1440.0,90.0,301.3,310.6,53.8,0
1.0,1397.0,71.0,300.2,311.7,50.2,0
0.0,1399.0,111.0,303.1,311.2,49.2,0
0.0,1668.0,31.0,297.7,307.2,32.7,0
1.0,1507.0,156.0,299.5,310.8,40.2,0
0.0,1600.0,177.0,300.3,309.6,34.6,0
1.0,1456.0,156.0,298.9,308.5,50.0,0
1.0,1358.0,61.0,302.4,310.1,54.6,1
1.0,1659.0,127.0,300.6,309.8,28.9,0
0.0,1507.0,55.0,302.3,311.5,37.5,0
0.0,1489.0,7.0,300.0,309.1,40.3,0
0.0,1575.0,137.0,298.2,307.8,35.0,0
1.0,1477.0,163.0,299.7,309.6,42.7,0
1.0,1608.0,167.0,300.7,311.1,35.3,0
1.0,1472.0,150.0,297.4,308.5,42.0,0
0.0,1465.0,187.0,296.6,307.4,47.8,0
1.0,1378.0,130.0,300.7,311.0,51.6,0
1.0,1297.0,76.0,300.9,312.1,48.6,0
0.0,1489.0,33.0,302.7,310.4,42.7,0
0.0,1683.0,74.0,298.2,308.9,31.7,0
0.0,1541.0,48.0,300.7,309.5,37.2,0
0.0,1553.0,161.0,299.8,310.8,32.2,0
0.0,1362.0,4.0,301.4,310.8,53.2,0
1.0,1577.0,78.0,301.3,310.4,48.3,0
1.0,1488.0,175.0,303.8,312.7,41.3,0
1.0,1802.0,43.0,297.8,307.9,25.8,0
0.0,1580.0,100.0,298.9,310.1,37.3,0
2.0,1496.0,104.0,298.1,307.6,44.1,0
0.0,1438.0,78.0,300.6,310.7,48.5,1
1.0,1446.0,49.0,298.8,308.7,45.5,0
1.0,1488.0,189.0,300.7,310.6,39.2,0
0.0,1587.0,166.0,297.5,308.8,34.9,0
0.0,1181.0,203.0,298.7,309.8,65.9,1
0.0,1709.0,100.0,302.4,310.1,31.8,0
1.0,1492.0,219.0,299.4,310.7,45.7,0
0.0,1588.0,150.0,299.2,308.9,41.5,0
0.0,1452.0,51.0,300.0,309.6,46.0,0
0.0,1483.0,96.0,299.0,310.4,41.5,0
0.0,1964.0,15.0,300.6,311.6,21.4,0
1.0,1527.0,96.0,298.4,308.6,40.9,0
0.0,1758.0,68.0,299.0,309.4,25.7,0
0.0,1390.0,127.0,297.9,309.5,47.9,0
1.0,1339.0,0.0,300.6,310.7,52.9,0
0.0,1394.0,155.0,296.8,307.8,47.7,0
0.0,1374.0,150.0,297.8,308.4,47.1,0
0.0,1717.0,48.0,300.0,309.5,28.3,0
1.0,1347.0,183.0,300.7,310.7,46.5,0
2.0,1691.0,36.0,300.6,309.4,28.0,0
0.0,1484.0,13.0,300.1,311.4,43.1,0
1.0,1564.0,188.0,302.7,312.1,32.1,0
0.0,1759.0,34.0,300.3,311.4,24.8,0
0.0,1636.0,42.0,301.7,310.9,31.3,0
1.0,1469.0,147.0,303.7,312.7,48.5,0
1.0,1630.0,51.0,300.2,309.5,28.3,0
2.0,1524.0,100.0,298.2,309.0,39.1,0
0.0,1845.0,76.0,299.4,308.5,22.9,0
2.0,1646.0,125.0,298.3,309.1,30.2,0
2.0,1369.0,12.0,300.7,310.3,50.7,0
1.0,1420.0,5.0,299.5,309.1,49.5,0
0.0,1468.0,141.0,301.0,309.7,42.0,0
0.0,1326.0,55.0,300.1,309.2,55.9,0
2.0,1659.0,49.0,297.6,308.7,32.1,0
0.0,1557.0,56.0,298.1,309.0,36.0,0
1.0,1629.0,0.0,300.6,311.9,35.3,0
1.0,1459.0,128.0,301.8,310.6,40.2,0
1.0,1508.0,192.0,298.2,309.0,40.5,0
0.0,1388.0,203.0,297.5,308.6,48.2,0
0.0,1582.0,176.0,301.0,311.0,37.5,0
0.0,1523.0,85.0,296.5,307.4,40.7,0
1.0,1584.0,141.0,297.3,308.6,29.4,0
1.0,1728.0,12.0,302.7,311.8,30.0,0
0.0,1389.0,54.0,297.4,308.5,39.2,0
1.0,1327.0,21.0,297.7,308.9,63.7,0
0.0,1406.0,183.0,303.7,313.1,48.6,0
1.0,1530.0,197.0,297.2,307.9,35.9,0
0.0,1486.0,126.0,298.8,309.9,40.3,0
1.0,1594.0,160.0,299.2,308.5,35.8,0
0.0,1395.0,133.0,298.3,309.1,49.8,0
0.0,1392.0,197.0,297.7,307.2,43.0,0
1.0,1685.0,161.0,299.6,308.9,27.8,0
0.0,1392.0,117.0,298.4,309.4,50.1,0
1.0,1509.0,2.0,298.5,309.6,47.3,0
0.0,1354.0,67.0,302.6,311.9,48.0,0
1.0,1288.0,3.0,300.8,310.4,64.0,0
0.0,1523.0,152.0,303.8,312.5,47.0,0
0.0,1424.0,127.0,300.4,311.4,44.6,0
0.0,1418.0,129.0,301.6,310.6,43.9,0
1.0,1532.0,126.0,300.9,311.4,41.5,0
1.0,1549.0,61.0,298.7,310.1,42.5,0
0.0,1522.0,48.0,300.7,311.3,35.2,0
0.0,1436.0,28.0,299.2,308.4,41.8,0
0.0,1842.0,142.0,298.6,309.8,20.1,0
1.0,1345.0,67.0,302.3,311.4,47.6,0
1.0,1398.0,188.0,302.4,311.9,50.1,0
1.0,1576.0,109.0,301.2,310.6,39.6,0
0.0,1560.0,113.0,301.3,310.6,36.8,0
1.0,1479.0,44.0,301.2,310.1,45.5,0
0.0,1438.0,106.0,299.5,310.7,45.7,0
2.0,1627.0,91.0,304.2,313.5,32.2,0
2.0,1492.0,141.0,297.1,308.3,41.5,0
0.0,1575.0,128.0,298.5,308.7,33.9,0
0.0,1642.0,126.0,301.9,311.0,33.1,0
0.0,1458.0,207.0,300.7,310.3,40.0,0
0.0,1530.0,57.0,302.3,311.5,37.8,0
1.0,1445.0,181.0,302.6,312.1,42.0,0
0.0,1496.0,126.0,297.4,308.5,36.4,0
0.0,1553.0,2.0,297.3,308.2,33.5,0
0.0,1466.0,8.0,299.2,308.2,41.3,0
0.0,1744.0,172.0,302.2,311.5,31.2,0
0.0,1486.0,122.0,301.1,312.3,34.9,0
0.0,1394.0,121.0,303.9,313.3,51.6,0
1.0,1767.0,196.0,299.3,308.9,24.8,0
1.0,1443.0,85.0,297.6,308.5,38.2,0
1.0,1391.0,61.0,301.3,310.7,52.5,0
2.0,1521.0,84.0,298.3,309.5,37.1,0
0.0,1590.0,23.0,299.8,309.5,28.5,0
2.0,1413.0,114.0,302.2,310.7,48.9,0
2.0,1506.0,63.0,300.2,309.3,35.6,0
0.0,1734.0,161.0,299.0,308.6,32.4,0
0.0,1399.0,80.0,300.7,311.2,47.9,0
1.0,1447.0,193.0,300.9,312.0,41.4,0
0.0,2261.0,5.0,300.4,311.8,14.9,0
0.0,1682.0,49.0,299.0,310.2,28.8,0
1.0,1350.0,2.0,302.7,312.2,58.6,0
0.0,1495.0,101.0,299.7,310.3,43.1,0
1.0,1202.0,129.0,297.9,307.6,67.0,0
0.0,1595.0,35.0,302.5,311.6,29.5,0
0.0,1514.0,75.0,302.6,310.4,42.7,0
0.0,1549.0,233.0,300.6,309.4,43.4,0
0.0,1721.0,112.0,302.4,311.7,26.9,0
2.0,1526.0,160.0,298.0,308.6,41.8,0
0.0,1441.0,3.0,296.2,307.1,41.7,0
0.0,1531.0,203.0,303.4,311.9,37.9,0
0.0,1478.0,10.0,297.9,309.2,39.7,0
0.0,1458.0,91.0,299.2,310.5,44.1,0
0.0,1510.0,36.0,303.3,311.4,37.3,0
1.0,1312.0,151.0,300.3,311.6,53.4,0
2.0,1530.0,112.0,300.4,309.4,40.4,0
0.0,1510.0,46.0,298.9,308.2,43.5,0
0.0,1615.0,183.0,300.9,310.9,32.0,0
0.0,1422.0,15.0,298.9,308.9,47.6,0
0.0,1638.0,84.0,302.6,310.4,36.2,0
0.0,1617.0,39.0,297.6,308.3,31.7,0
0.0,1663.0,71.0,303.2,312.4,33.7,0
1.0,1666.0,37.0,301.2,310.1,34.9,0
0.0,1424.0,140.0,301.9,309.7,42.8,0
0.0,1486.0,66.0,300.0,310.2,36.4,0
0.0,1378.0,162.0,299.6,309.0,51.9,0
0.0,1409.0,166.0,298.4,309.3,43.1,0
0.0,1450.0,7.0,298.6,309.5,44.3,0
0.0,1769.0,38.0,300.4,310.0,26.1,0
1.0,1398.0,88.0,297.2,308.7,38.1,0
2.0,1463.0,149.0,301.8,311.1,50.1,0
2.0,1506.0,154.0,303.8,313.2,46.9,0
0.0,1517.0,50.0,298.1,307.9,40.8,0
0.0,1442.0,65.0,298.3,308.0,47.3,0
0.0,1592.0,174.0,302.5,310.3,32.6,0
1.0,1915.0,116.0,303.6,312.3,22.3,0
0.0,1391.0,109.0,297.8,307.5,48.6,0
2.0,1561.0,208.0,298.5,309.7,35.3,0
0.0,1427.0,88.0,302.2,311.5,43.8,0
1.0,1377.0,181.0,298.0,308.7,48.5,0
0.0,1712.0,141.0,300.1,309.3,28.5,0
1.0,1580.0,181.0,300.5,310.0,37.0,0
0.0,1327.0,186.0,297.8,307.3,61.0,1
1.0,1844.0,44.0,298.0,307.6,23.8,0
2.0,1564.0,191.0,297.3,308.8,38.0,0
0.0,1687.0,47.0,298.6,309.5,29.3,0
0.0,1502.0,79.0,298.1,307.9,41.8,0
0.0,1447.0,82.0,300.7,310.6,40.7,0
1.0,1502.0,34.0,299.2,310.4,39.8,0
1.0,1454.0,140.0,301.0,311.6,40.0,0
1.0,1433.0,14.0,301.1,310.0,48.1,0
0.0,1484.0,183.0,300.0,311.4,37.0,0
1.0,1317.0,40.0,301.9,310.9,51.9,0
0.0,1301.0,219.0,303.3,311.6,45.1,1
0.0,1462.0,68.0,297.4,308.5,42.8,0
1.0,1606.0,22.0,303.5,312.4,31.7,0
0.0,1495.0,144.0,299.3,310.7,39.2,0
0.0,1559.0,24.0,300.1,309.4,39.7,0
0.0,1378.0,220.0,299.2,308.5,50.4,1
0.0,1462.0,22.0,302.8,312.6,39.4,0
2.0,1415.0,6.0,298.9,308.5,54.0,0
1.0,1625.0,137.0,302.3,311.3,33.1,0
1.0,1403.0,25.0,297.5,308.4,44.3,0
1.0,1326.0,18.0,295.5,306.0,50.8,0
1.0,1743.0,210.0,301.7,310.1,27.3,0
1.0,1459.0,34.0,297.5,308.3,45.2,0
0.0,1723.0,67.0,297.5,308.4,27.3,0
1.0,1432.0,150.0,303.6,311.8,42.5,0
0.0,1598.0,79.0,300.7,310.1,32.8,0
0.0,1302.0,34.0,298.2,308.8,60.4,0
2.0,1512.0,51.0,298.4,309.4,35.3,0
0.0,1593.0,146.0,298.7,309.9,42.5,0
1.0,1302.0,87.0,300.6,310.0,62.9,0
0.0,1828.0,63.0,302.7,312.0,24.0,0
1.0,1713.0,50.0,304.2,313.4,23.5,0
0.0,1429.0,96.0,297.4,308.7,57.4,0
1.0,1542.0,184.0,302.6,310.5,39.9,0
0.0,1765.0,29.0,301.8,310.3,27.3,0
0.0,1325.0,28.0,299.1,308.3,46.9,0
2.0,1888.0,133.0,300.6,309.6,20.5,0
0.0,1906.0,104.0,298.3,307.8,22.1,0
0.0,1679.0,10.0,301.6,310.7,29.5,0
0.0,1428.0,51.0,295.6,306.2,44.5,0
1.0,1482.0,73.0,303.3,312.6,44.4,0
0.0,1681.0,197.0,299.9,310.1,29.1,0
1.0,1574.0,4.0,301.2,311.1,34.3,0
0.0,1457.0,215.0,301.1,310.1,39.6,0
0.0,1500.0,56.0,301.7,310.1,39.6,0
0.0,1590.0,5.0,300.0,311.4,33.6,0
0.0,1552.0,95.0,300.9,310.6,34.9,0
0.0,1524.0,196.0,299.8,310.3,34.2,0
0.0,1503.0,124.0,297.9,307.6,40.7,0
1.0,1344.0,122.0,298.4,309.5,45.3,0
1.0,1460.0,169.0,299.8,310.0,37.1,0
1.0,1363.0,149.0,298.5,308.0,49.2,0
0.0,1564.0,26.0,299.4,309.2,39.0,0
1.0,1497.0,144.0,297.4,309.0,41.8,0
0.0,1287.0,49.0,295.6,306.2,54.8,0
1.0,2676.0,84.0,302.6,310.2,10.8,1
0.0,1446.0,172.0,297.7,308.2,43.9,0
1.0,1509.0,45.0,302.5,310.4,37.6,0
0.0,1480.0,125.0,303.0,312.3,41.4,0
1.0,1469.0,93.0,298.9,308.6,34.2,0
0.0,1525.0,90.0,299.4,308.7,39.0,0
1.0,1680.0,185.0,298.1,308.3,33.7,0
1.0,1804.0,222.0,297.8,307.3,26.0,0
0.0,1571.0,102.0,296.9,307.8,35.0,0
1.0,1688.0,33.0,303.2,311.2,31.9,0
0.0,1606.0,14.0,297.9,307.4,35.5,0
0.0,1504.0,58.0,300.0,311.2,37.9,0
0.0,1622.0,45.0,302.1,310.8,36.8,0
0.0,1574.0,63.0,302.5,312.0,33.8,0
1.0,1732.0,220.0,301.8,309.5,30.1,0
0.0,1543.0,209.0,300.4,309.6,38.1,0
2.0,1403.0,174.0,300.7,309.6,51.3,0
1.0,1448.0,145.0,300.3,309.5,42.4,0
0.0,1786.0,81.0,302.3,311.2,24.3,0
2.0,1416.0,105.0,296.9,308.0,46.9,0
0.0,1623.0,177.0,298.9,310.2,37.2,0
1.0,1330.0,56.0,299.2,308.4,51.2,0
0.0,1336.0,52.0,300.3,310.4,54.4,0
1.0,1530.0,22.0,297.4,308.2,32.6,0
1.0,1325.0,34.0,299.2,310.4,52.0,0
0.0,1594.0,172.0,301.3,310.7,34.1,0
0.0,1444.0,170.0,298.5,308.2,40.5,0
0.0,1401.0,114.0,300.6,310.4,42.6,0
0.0,1568.0,112.0,302.0,310.4,39.2,0
0.0,1540.0,85.0,300.7,310.6,52.7,0
0.0,1506.0,161.0,300.2,309.8,41.8,0
0.0,1467.0,128.0,297.4,308.8,39.0,0
1.0,1867.0,225.0,299.6,309.2,23.4,1
2.0,1498.0,155.0,303.6,312.6,40.2,0
0.0,1758.0,200.0,302.1,311.3,24.4,0
0.0,1673.0,210.0,302.4,311.8,30.1,0
0.0,1431.0,57.0,300.2,309.2,51.3,0
1.0,1639.0,159.0,299.9,309.9,42.1,0
1.0,1233.0,23.0,300.6,310.2,52.3,0
0.0,1398.0,50.0,300.8,310.9,38.2,0
0.0,1460.0,41.0,297.2,308.4,42.1,0
0.0,1657.0,37.0,302.0,310.7,31.9,0
1.0,1472.0,73.0,301.9,310.7,47.0,0
0.0,1666.0,203.0,302.1,310.9,30.7,0
2.0,1786.0,35.0,301.6,310.5,27.1,0
0.0,1356.0,99.0,295.8,306.4,48.0,0
2.0,1461.0,161.0,297.3,307.9,37.5,0
0.0,1471.0,80.0,301.7,310.6,43.8,0
1.0,1492.0,197.0,298.0,307.8,40.2,0
0.0,1389.0,15.0,302.7,311.9,46.5,0
1.0,1350.0,130.0,300.3,311.1,58.7,0
0.0,1554.0,70.0,297.3,308.8,36.1,0
1.0,1456.0,193.0,300.5,311.6,51.1,0
0.0,1452.0,182.0,304.1,313.3,43.9,0
0.0,1539.0,206.0,301.3,311.0,36.9,0
0.0,1772.0,233.0,302.1,310.8,27.1,0
0.0,1431.0,21.0,301.4,310.8,44.3,0
2.0,1470.0,204.0,301.8,310.8,37.6,0
0.0,1371.0,86.0,296.8,308.0,54.5,0
0.0,1289.0,82.0,297.7,308.4,51.3,0
2.0,1393.0,162.0,299.3,310.4,44.9,0
0.0,1345.0,196.0,298.4,309.2,52.7,0
1.0,1746.0,83.0,301.6,309.9,31.1,0
2.0,1522.0,62.0,303.4,312.3,42.1,0
2.0,1604.0,225.0,297.9,307.4,36.1,1
0.0,1323.0,207.0,297.1,308.5,44.4,1
0.0,1440.0,197.0,301.3,310.4,41.5,0
1.0,1418.0,209.0,299.0,309.7,44.7,0
2.0,1249.0,47.0,297.7,307.3,62.8,0
2.0,1460.0,2.0,303.7,312.9,49.8,0
1.0,1572.0,17.0,302.2,310.1,34.6,0
0.0,1378.0,18.0,298.9,310.0,49.3,0
0.0,1425.0,103.0,300.6,309.4,40.3,0
1.0,1488.0,196.0,297.8,308.5,41.9,0
0.0,1881.0,29.0,298.7,309.7,21.7,0
0.0,2760.0,15.0,301.5,310.9,8.0,1
1.0,1574.0,40.0,298.0,309.1,34.8,0
0.0,1403.0,138.0,298.3,309.1,45.1,0
1.0,1618.0,115.0,301.7,311.1,36.7,0
0.0,1512.0,184.0,303.7,312.4,39.2,0
0.0,1579.0,70.0,297.8,308.8,32.9,0
0.0,1403.0,70.0,300.7,311.0,48.3,0
0.0,1552.0,27.0,297.6,308.7,42.3,0
1.0,1569.0,20.0,300.7,311.5,36.4,0
1.0,1698.0,14.0,301.0,310.6,27.3,0
0.0,1599.0,57.0,300.9,310.5,40.5,0
0.0,1595.0,41.0,297.6,308.3,34.3,0
2.0,1329.0,30.0,299.2,310.5,48.9,0
1.0,1389.0,7.0,296.2,307.2,48.6,0
0.0,1375.0,188.0,298.2,307.8,46.6,0
0.0,1504.0,58.0,296.6,307.4,45.8,0
0.0,1725.0,21.0,298.4,309.9,27.8,0
1.0,1368.0,12.0,302.2,310.1,51.6,1
1.0,1439.0,57.0,299.8,309.4,47.4,0
1.0,1600.0,204.0,300.9,310.0,36.0,0
1.0,1526.0,135.0,299.2,308.5,37.3,0
1.0,1388.0,160.0,300.7,309.6,51.1,0
0.0,1662.0,37.0,301.3,310.1,31.0,0
0.0,1374.0,65.0,303.0,311.2,48.2,1
0.0,1371.0,52.0,297.4,308.4,57.4,0
0.0,1614.0,100.0,299.8,309.0,30.8,0
0.0,2073.0,105.0,300.9,311.4,21.4,0
1.0,1541.0,169.0,297.2,307.9,35.7,0
0.0,1320.0,168.0,300.4,311.8,57.9,0
0.0,1437.0,99.0,299.0,310.3,47.8,0
0.0,1621.0,135.0,302.3,311.3,31.6,0
0.0,1329.0,58.0,299.1,310.5,54.9,0
0.0,1524.0,49.0,298.0,308.0,37.0,0
0.0,1312.0,0.0,297.5,309.6,50.7,0
0.0,1603.0,141.0,299.7,311.1,31.4,0
0.0,1685.0,152.0,300.4,309.7,31.3,0
0.0,1403.0,173.0,302.3,310.9,47.2,0
0.0,1537.0,187.0,300.3,309.6,37.1,0
1.0,1263.0,104.0,300.7,311.0,52.3,0
2.0,1498.0,37.0,300.0,309.4,38.5,0
0.0,1316.0,52.0,298.6,309.4,51.4,0
0.0,1610.0,56.0,298.0,308.6,33.1,0
2.0,1880.0,146.0,297.9,307.5,23.3,0
1.0,1523.0,135.0,300.1,311.3,34.1,0
0.0,1461.0,38.0,297.9,309.8,50.5,0
0.0,1357.0,199.0,300.7,310.5,52.6,0
0.0,1683.0,197.0,297.0,307.8,32.3,0
0.0,1415.0,28.0,301.5,310.3,41.6,0
0.0,1359.0,161.0,299.7,309.6,50.7,0
0.0,1707.0,158.0,300.3,311.7,33.6,0
0.0,1447.0,229.0,302.0,310.8,42.7,0
0.0,1545.0,117.0,298.4,309.5,36.6,0
1.0,1487.0,30.0,298.9,308.9,39.5,0
0.0,1749.0,66.0,298.2,307.8,26.1,0
1.0,1392.0,104.0,298.0,308.7,53.4,0
1.0,1717.0,61.0,297.1,308.6,31.3,0
1.0,1745.0,98.0,302.9,312.2,25.5,0
0.0,1413.0,83.0,302.2,311.5,43.5,0
1.0,1559.0,121.0,300.7,311.0,42.8,0
0.0,1405.0,157.0,302.7,312.2,51.4,0
0.0,1582.0,156.0,299.2,308.6,38.8,0
0.0,1434.0,16.0,301.3,311.3,49.8,0
2.0,1437.0,164.0,298.8,309.8,48.2,0
0.0,1498.0,88.0,299.2,310.6,41.1,0
1.0,1391.0,197.0,303.4,311.8,42.7,0
1.0,1426.0,130.0,296.9,307.8,50.7,0
0.0,1427.0,136.0,297.1,308.2,45.2,0
1.0,1472.0,116.0,298.0,307.6,46.7,0
0.0,1295.0,130.0,297.4,308.5,52.1,0
1.0,1463.0,190.0,298.3,308.0,42.5,0
0.0,1289.0,128.0,301.9,311.0,54.9,0
1.0,1379.0,107.0,302.4,310.1,48.9,1
0.0,1343.0,142.0,300.3,311.4,57.7,0
0.0,1355.0,195.0,301.6,310.8,57.8,1
0.0,1373.0,201.0,299.0,309.9,55.7,1
2.0,1372.0,86.0,302.3,311.4,46.0,0
0.0,1351.0,165.0,300.7,310.1,46.9,0
1.0,1508.0,89.0,298.0,307.6,41.8,0
0.0,1763.0,139.0,297.1,308.3,25.7,0
2.0,1453.0,108.0,298.7,309.5,40.4,0
0.0,1981.0,16.0,298.4,307.9,23.2,0
0.0,1418.0,61.0,302.2,311.1,47.0,0
1.0,1460.0,138.0,298.6,309.4,43.8,0
0.0,1419.0,52.0,297.4,308.2,50.0,0
0.0,1531.0,57.0,301.3,310.8,53.4,0
1.0,1362.0,212.0,300.9,310.7,51.6,0
0.0,1325.0,47.0,299.3,309.3,62.0,0
0.0,1418.0,10.0,299.4,310.6,53.1,0
0.0,1320.0,179.0,297.5,309.0,54.7,0
0.0,1447.0,47.0,301.7,310.6,56.9,0
0.0,1793.0,70.0,297.5,308.6,26.7,0
0.0,1529.0,11.0,298.0,307.7,34.1,0
0.0,1869.0,49.0,300.0,309.5,22.7,0
0.0,1330.0,97.0,302.5,310.9,56.9,1
0.0,1491.0,120.0,298.4,308.6,42.0,0
0.0,1507.0,173.0,299.0,310.3,36.7,0
0.0,1589.0,190.0,299.7,310.8,36.0,0
0.0,1987.0,200.0,302.2,311.4,19.9,0
1.0,1446.0,180.0,296.3,307.2,45.9,0
1.0,1883.0,100.0,303.5,312.9,23.3,0
0.0,1527.0,149.0,299.1,310.4,44.0,0
1.0,1766.0,157.0,303.1,312.5,26.7,0
0.0,1650.0,102.0,300.7,310.9,29.4,0
1.0,1649.0,185.0,299.7,311.1,32.7,0
1.0,1472.0,93.0,300.9,311.2,40.0,0
0.0,1640.0,142.0,297.4,308.8,34.2,0
0.0,1525.0,34.0,298.7,310.2,43.7,0
0.0,1600.0,160.0,301.5,310.9,39.0,0
0.0,1353.0,97.0,303.1,312.7,51.8,0
2.0,1623.0,210.0,295.6,306.1,30.9,0
0.0,1487.0,42.0,299.6,310.1,42.9,0
0.0,1305.0,16.0,302.4,312.0,49.1,0
1.0,1518.0,59.0,300.8,310.4,36.0,0
2.0,1556.0,62.0,296.4,307.5,38.0,0
0.0,1374.0,159.0,298.8,309.5,48.1,0
1.0,1382.0,151.0,297.4,308.7,49.9,0
0.0,1436.0,107.0,299.9,309.2,52.0,0
0.0,1677.0,146.0,297.2,308.4,26.4,0
0.0,1477.0,144.0,302.5,310.9,39.2,0
1.0,1523.0,73.0,300.7,309.7,38.2,0
0.0,1363.0,29.0,303.2,311.2,46.7,1
0.0,1364.0,104.0,300.0,309.3,41.2,0
1.0,1423.0,199.0,301.0,311.0,38.6,0
1.0,1309.0,100.0,301.1,310.5,60.7,0
0.0,1578.0,76.0,297.2,308.6,34.4,0
1.0,1621.0,194.0,297.1,308.5,32.4,0
0.0,1446.0,133.0,295.6,306.2,49.9,0
1.0,1488.0,57.0,302.2,310.9,44.2,0
1.0,1486.0,92.0,298.8,308.6,41.9,0
0.0,1408.0,76.0,303.9,313.0,47.5,0
1.0,1523.0,164.0,296.1,307.0,42.0,0
0.0,1568.0,13.0,298.8,309.9,33.7,0
2.0,1864.0,90.0,297.3,308.4,23.1,0
1.0,1510.0,199.0,304.4,313.6,38.9,0
2.0,1468.0,38.0,302.2,310.0,43.6,0
0.0,1547.0,121.0,300.3,311.8,39.7,0
0.0,1429.0,220.0,298.0,308.5,37.7,1
0.0,1465.0,117.0,302.3,311.7,43.5,0
0.0,1950.0,202.0,298.1,307.6,20.3,0
2.0,1480.0,19.0,297.6,308.6,39.8,0
1.0,1415.0,194.0,298.8,309.9,53.2,0
1.0,1529.0,183.0,297.1,308.2,37.9,0
0.0,1321.0,73.0,301.6,310.6,60.8,0
0.0,1595.0,170.0,297.0,307.9,31.7,0
1.0,1522.0,63.0,301.9,311.3,35.6,0
0.0,1380.0,160.0,301.5,310.5,48.7,0
0.0,1531.0,57.0,299.0,310.1,36.0,0
0.0,1391.0,100.0,298.4,308.9,48.4,0
0.0,1513.0,212.0,297.2,308.5,42.9,0
1.0,1686.0,35.0,298.1,308.0,29.3,0
1.0,1541.0,165.0,297.6,309.7,33.7,0
0.0,2035.0,40.0,298.6,309.2,19.6,0
0.0,1482.0,82.0,303.5,313.0,38.5,0
0.0,1538.0,198.0,300.8,310.3,36.1,0
0.0,1444.0,24.0,299.4,309.2,48.2,0
0.0,1445.0,129.0,298.9,310.2,40.0,0
1.0,1263.0,146.0,300.5,312.0,60.8,0
0.0,1601.0,121.0,299.1,308.3,31.4,0
0.0,1475.0,222.0,297.4,308.3,40.5,1
0.0,1373.0,3.0,300.4,311.7,47.2,0
1.0,1640.0,199.0,302.3,311.7,31.5,0
0.0,1529.0,153.0,297.7,309.6,35.2,0
2.0,1553.0,89.0,302.2,311.1,34.1,0
0.0,1479.0,22.0,300.2,309.1,47.0,0
0.0,1606.0,176.0,297.4,307.9,33.4,0
2.0,1430.0,174.0,301.9,311.0,49.8,0
0.0,1468.0,35.0,296.7,307.8,39.2,0
1.0,2240.0,144.0,299.0,309.8,15.9,0
0.0,1436.0,43.0,302.5,310.5,36.5,0
0.0,1441.0,48.0,299.0,308.3,44.0,0
0.0,1706.0,107.0,298.4,308.9,29.5,0
2.0,1427.0,168.0,299.8,310.9,47.2,0
2.0,1442.0,61.0,300.2,309.6,49.2,0
0.0,1509.0,95.0,301.4,310.7,38.3,0
1.0,1454.0,30.0,304.0,313.0,46.8,0
0.0,1669.0,5.0,299.3,310.9,32.4,0
0.0,1417.0,24.0,300.9,311.1,40.7,0
0.0,1780.0,35.0,298.2,308.7,27.9,0
0.0,1469.0,214.0,302.9,312.2,42.0,0
0.0,2381.0,164.0,298.4,307.9,14.2,0
1.0,1350.0,69.0,296.5,307.4,55.6,0
2.0,1432.0,61.0,300.3,311.7,47.7,0
0.0,1418.0,128.0,303.6,312.4,46.0,0
1.0,1924.0,17.0,302.9,312.5,24.0,0
0.0,1339.0,94.0,299.0,310.4,49.6,0
0.0,1450.0,213.0,302.7,312.2,52.1,1
1.0,1402.0,10.0,300.1,310.1,46.6,0
0.0,1952.0,131.0,301.4,311.1,22.7,0
1.0,1424.0,103.0,298.1,307.7,47.7,0
0.0,1727.0,213.0,302.4,311.8,26.5,0
0.0,1467.0,136.0,298.9,308.5,44.7,0
0.0,1669.0,72.0,297.2,308.7,30.7,0
1.0,1479.0,36.0,302.2,311.5,39.5,0
1.0,1562.0,155.0,298.0,309.0,39.2,0
2.0,1373.0,81.0,299.4,309.1,44.1,0
0.0,1347.0,104.0,301.4,310.6,53.3,0
0.0,1356.0,66.0,300.7,310.9,65.3,1
2.0,1471.0,223.0,300.5,309.3,45.2,0
1.0,1336.0,2.0,303.2,311.5,58.2,1
1.0,1517.0,69.0,297.9,307.7,39.5,0
0.0,1511.0,65.0,303.3,311.4,43.4,0
0.0,1529.0,136.0,298.8,309.7,44.0,0
0.0,1309.0,86.0,303.6,312.0,52.9,1
0.0,1583.0,104.0,297.9,309.0,36.7,0
0.0,1573.0,33.0,297.8,307.8,37.9,0
0.0,1442.0,104.0,298.8,309.6,50.0,0
1.0,1513.0,80.0,298.9,310.1,41.5,0
1.0,1694.0,116.0,304.0,313.1,31.4,0
0.0,1757.0,71.0,298.0,308.8,29.1,0
0.0,1396.0,96.0,297.0,307.8,50.0,0
1.0,1415.0,98.0,300.5,310.0,43.5,0
1.0,1455.0,103.0,301.0,310.7,46.1,0
1.0,1355.0,76.0,297.0,308.1,51.4,0
0.0,1229.0,209.0,299.6,310.9,65.2,1
0.0,1369.0,66.0,301.9,311.2,49.8,0
1.0,1586.0,129.0,299.3,309.2,37.9,0
0.0,1563.0,78.0,302.8,311.1,32.2,0
0.0,1649.0,9.0,302.2,311.2,33.2,0
1.0,1342.0,203.0,300.1,311.4,48.5,0
0.0,1557.0,2.0,301.7,310.9,39.4,0
0.0,1497.0,91.0,297.5,308.6,43.9,0
0.0,1532.0,194.0,300.3,309.2,40.2,0
0.0,1561.0,0.0,297.4,308.3,38.3,0
0.0,1538.0,126.0,297.4,308.8,41.2,0
1.0,1557.0,164.0,304.2,313.5,37.3,0
0.0,2312.0,44.0,298.6,309.4,15.5,0
1.0,1558.0,206.0,303.7,312.8,37.7,0
1.0,1591.0,208.0,301.1,311.2,35.0,0
0.0,1597.0,153.0,302.7,312.1,39.8,0
1.0,1359.0,220.0,297.4,308.8,48.7,0
0.0,1894.0,106.0,299.1,310.1,20.1,0
0.0,1471.0,8.0,301.7,310.2,51.1,0
0.0,1540.0,5.0,298.6,309.6,35.8,0
0.0,1385.0,119.0,298.4,309.4,43.2,0
0.0,1529.0,165.0,297.4,308.8,41.3,0
0.0,1495.0,75.0,299.0,308.8,38.4,0
0.0,1510.0,72.0,299.3,308.5,45.4,0
0.0,2137.0,99.0,301.4,310.6,18.0,0
0.0,1397.0,110.0,298.4,309.5,50.3,0
0.0,1794.0,114.0,298.9,310.0,27.2,0
0.0,1539.0,4.0,298.9,308.6,45.4,0
2.0,1549.0,104.0,296.9,307.8,37.8,0
0.0,1463.0,146.0,297.2,308.7,49.9,0
1.0,1664.0,179.0,300.2,310.0,30.7,0
0.0,1782.0,116.0,300.8,311.3,26.9,0
0.0,1514.0,180.0,303.8,312.9,34.3,0
2.0,1527.0,199.0,297.1,308.2,42.2,0
1.0,1450.0,106.0,297.9,307.8,43.5,0
0.0,1654.0,201.0,300.1,309.3,31.0,0
0.0,1430.0,47.0,300.2,309.6,52.7,0
0.0,1589.0,144.0,300.8,310.7,34.3,0
0.0,1496.0,215.0,299.8,310.5,38.8,0
0.0,1442.0,194.0,298.7,309.6,55.6,0
1.0,1603.0,126.0,298.9,310.2,36.1,0
0.0,1776.0,138.0,301.0,312.2,28.8,0
0.0,1578.0,49.0,301.0,310.9,38.4,0
0.0,1509.0,175.0,299.4,310.4,40.6,0
0.0,1375.0,179.0,300.6,310.8,53.2,0
0.0,1456.0,75.0,298.3,309.2,45.5,0
0.0,1437.0,37.0,297.2,308.6,52.4,0
0.0,1462.0,204.0,298.0,308.7,48.2,0
1.0,1435.0,45.0,299.1,308.2,45.2,0
1.0,1752.0,52.0,297.8,307.4,26.1,0
2.0,1423.0,95.0,301.6,309.9,53.6,0
1.0,1301.0,5.0,297.3,308.3,39.6,0
2.0,1695.0,33.0,296.8,307.5,30.0,0
0.0,1536.0,22.0,300.8,311.4,40.9,0
0.0,1437.0,95.0,298.1,309.0,36.2,0
0.0,1422.0,148.0,297.1,308.4,42.1,0
2.0,1520.0,89.0,298.0,309.2,37.9,0
0.0,1609.0,190.0,302.3,311.0,31.0,0
1.0,1438.0,101.0,298.0,309.2,42.9,0
0.0,1966.0,161.0,301.3,310.6,22.6,0
0.0,1388.0,27.0,297.5,308.3,48.6,0
0.0,1393.0,167.0,298.8,309.1,52.6,0
0.0,1983.0,114.0,298.5,309.2,20.2,0
1.0,1448.0,71.0,299.3,308.6,52.1,0
0.0,1470.0,205.0,302.8,310.6,41.1,0
1.0,1391.0,169.0,298.6,308.4,42.4,0
1.0,1473.0,69.0,300.6,311.6,31.5,0
0.0,1518.0,102.0,302.1,311.4,37.4,0
2.0,1479.0,70.0,298.0,308.0,50.7,0
0.0,1494.0,181.0,297.2,308.5,39.6,0
0.0,1341.0,64.0,301.8,310.3,50.5,1
2.0,1714.0,55.0,300.0,310.1,28.7,0
0.0,1477.0,111.0,302.1,311.5,45.4,0
1.0,1588.0,204.0,297.1,308.4,33.4,0
0.0,1387.0,94.0,301.3,310.6,53.6,0
0.0,1692.0,64.0,300.7,309.5,30.3,0
2.0,1569.0,93.0,297.3,308.7,33.9,0
0.0,1939.0,164.0,300.5,309.8,21.4,0
0.0,1505.0,7.0,300.7,309.6,34.9,0
1.0,1469.0,14.0,300.5,310.5,42.9,0
0.0,1590.0,57.0,297.9,307.7,34.6,0
0.0,1729.0,53.0,300.9,310.8,30.2,0
0.0,1542.0,134.0,298.3,309.5,36.7,0
0.0,2015.0,161.0,297.8,309.3,20.1,0
2.0,1426.0,101.0,302.2,311.1,50.6,0
0.0,1889.0,148.0,302.9,312.3,22.8,0
1.0,1414.0,165.0,297.0,307.9,46.2,0
0.0,1457.0,120.0,300.6,310.4,47.7,0
2.0,1510.0,124.0,300.6,310.4,42.8,0
0.0,1357.0,108.0,302.0,310.4,58.0,1
0.0,1483.0,23.0,297.4,308.3,38.8,0
0.0,1958.0,108.0,297.6,309.4,22.1,0
0.0,1386.0,172.0,302.8,312.3,57.8,0
0.0,1321.0,166.0,299.7,309.6,53.4,0
1.0,1417.0,171.0,301.9,311.1,52.5,0
1.0,1492.0,131.0,299.7,310.5,39.3,0
0.0,1584.0,71.0,300.4,309.7,32.6,0
0.0,1372.0,105.0,300.0,309.8,39.6,0
1.0,1423.0,200.0,298.7,309.1,49.5,0
0.0,1331.0,85.0,301.9,310.6,68.6,1
1.0,1376.0,147.0,300.1,309.6,52.1,0
0.0,1493.0,10.0,300.7,310.2,35.9,0
1.0,1662.0,76.0,298.1,307.9,28.9,0
0.0,1595.0,154.0,300.3,311.6,38.8,0
0.0,1498.0,73.0,300.8,311.3,40.2,0
1.0,1428.0,23.0,300.6,309.7,42.6,0
0.0,1632.0,122.0,302.2,310.6,30.5,0
2.0,1597.0,66.0,301.0,311.3,39.2,0
0.0,1358.0,198.0,300.8,310.7,48.1,0
0.0,1898.0,60.0,300.7,312.3,24.0,0
1.0,1675.0,164.0,300.4,309.6,35.5,0
2.0,1720.0,210.0,297.7,308.5,29.9,0
1.0,1506.0,77.0,299.5,309.3,41.5,0
0.0,1409.0,104.0,300.5,311.7,54.7,0
1.0,1563.0,39.0,301.9,310.8,39.2,0
0.0,1427.0,137.0,300.7,311.1,50.3,0
0.0,1502.0,84.0,296.7,307.7,43.9,0
0.0,1378.0,64.0,300.3,311.5,47.5,0
0.0,1692.0,115.0,300.4,309.7,27.4,0
0.0,1827.0,9.0,302.2,310.8,23.8,0
1.0,1597.0,203.0,303.8,312.4,33.4,0
0.0,1680.0,20.0,297.0,307.6,35.8,0
1.0,1357.0,121.0,298.9,309.9,54.5,0
0.0,1898.0,20.0,296.1,307.1,22.7,0
0.0,1326.0,77.0,301.6,310.1,48.2,1
0.0,1483.0,15.0,299.3,310.8,43.5,0
0.0,1424.0,144.0,302.6,311.0,38.0,0
0.0,1356.0,133.0,300.2,309.5,51.1,0
1.0,1370.0,7.0,300.5,311.5,56.1,0
0.0,1538.0,30.0,297.7,309.0,43.2,0
0.0,1368.0,185.0,296.6,307.4,45.1,0
2.0,1429.0,19.0,298.9,310.5,39.9,0
0.0,1430.0,95.0,297.3,308.3,41.9,0
0.0,1941.0,18.0,299.5,309.3,22.5,0
0.0,1400.0,3.0,296.7,307.8,47.5,0
0.0,1328.0,206.0,299.9,310.4,49.9,0
0.0,1975.0,17.0,301.0,310.8,19.7,0
0.0,1284.0,94.0,303.5,312.4,70.6,1
0.0,1395.0,122.0,298.0,308.5,46.2,0
1.0,1550.0,96.0,300.6,309.5,40.2,0
0.0,1438.0,64.0,298.9,308.7,51.7,0
2.0,1515.0,27.0,300.2,311.5,36.8,0
0.0,1602.0,58.0,298.9,310.1,38.2,0
1.0,1648.0,188.0,299.3,308.8,28.4,0
2.0,1500.0,207.0,298.5,308.9,40.3,0
0.0,1674.0,70.0,302.6,312.0,32.2,0
0.0,1631.0,38.0,298.8,308.6,32.4,0
0.0,1372.0,215.0,295.6,306.1,55.6,1
2.0,1564.0,150.0,303.7,312.7,40.2,0
1.0,1387.0,100.0,303.0,311.2,41.4,0
0.0,1638.0,152.0,299.9,310.3,29.1,0
1.0,1356.0,214.0,300.8,311.9,44.3,0
0.0,1390.0,168.0,298.6,308.2,51.4,0
1.0,1399.0,34.0,303.4,312.7,48.4,0
0.0,1651.0,197.0,298.2,309.0,31.5,0
1.0,1622.0,107.0,303.4,312.8,35.1,0
1.0,1414.0,128.0,298.4,309.2,46.4,0
0.0,1712.0,136.0,297.5,308.5,26.8,0
1.0,1629.0,55.0,300.0,311.3,32.1,0
1.0,1518.0,178.0,295.4,305.9,40.6,0
1.0,1446.0,121.0,298.1,307.9,42.8,0
1.0,1500.0,10.0,299.4,309.1,43.3,0
0.0,1484.0,213.0,300.6,310.3,41.0,0
1.0,1548.0,87.0,301.2,312.3,38.3,0
0.0,1486.0,19.0,300.7,311.8,47.3,0
0.0,1570.0,31.0,300.3,309.9,34.0,0
0.0,1297.0,148.0,298.7,308.6,55.3,0
2.0,1594.0,55.0,295.9,306.5,33.2,0
0.0,1470.0,56.0,300.7,312.4,38.6,0
1.0,1629.0,136.0,298.7,309.7,27.9,0
0.0,1592.0,200.0,299.0,309.1,35.0,0
0.0,1564.0,150.0,301.6,310.8,34.1,0
0.0,1537.0,198.0,298.6,309.1,35.7,0
0.0,1667.0,59.0,298.2,308.2,30.6,0
1.0,1356.0,36.0,302.2,310.8,48.3,0
0.0,1628.0,93.0,298.4,308.9,34.9,0
1.0,1647.0,6.0,301.8,311.1,31.6,0
0.0,1472.0,14.0,298.6,309.6,39.1,0
0.0,1587.0,122.0,301.5,310.6,33.7,0
0.0,1831.0,121.0,302.4,311.4,26.9,0
0.0,1476.0,92.0,300.0,311.4,39.0,0
0.0,1655.0,146.0,298.4,309.6,30.2,0
2.0,1468.0,39.0,300.8,311.7,38.7,0
0.0,1384.0,165.0,300.8,310.6,52.9,0
0.0,1887.0,120.0,300.0,309.3,22.6,0
1.0,1321.0,114.0,299.5,308.7,51.9,0
0.0,1605.0,78.0,299.3,308.6,37.0,0
1.0,1687.0,95.0,300.1,309.2,27.7,0
0.0,1688.0,135.0,300.6,309.8,28.6,0
1.0,1284.0,111.0,301.7,309.8,68.2,1
1.0,1493.0,145.0,301.0,310.7,48.1,0
0.0,1398.0,109.0,301.7,309.8,46.0,0
1.0,1456.0,150.0,298.2,308.8,41.2,0
0.0,1424.0,136.0,301.0,312.3,43.5,0
0.0,1634.0,27.0,298.8,309.8,33.6,0
0.0,1416.0,7.0,300.8,312.0,46.5,0
2.0,1984.0,132.0,298.4,309.3,19.2,0
0.0,1446.0,61.0,298.2,308.2,38.2,0
0.0,1507.0,74.0,300.6,311.7,45.5,0
1.0,1449.0,34.0,297.3,308.4,44.4,0
2.0,1422.0,4.0,302.8,312.5,46.1,0
0.0,1732.0,32.0,297.5,309.3,29.9,0
0.0,1554.0,103.0,298.4,310.0,37.3,0
0.0,1666.0,33.0,304.1,313.1,34.6,0
1.0,1359.0,21.0,298.3,309.2,51.4,0
0.0,1378.0,190.0,301.1,311.0,51.1,0
1.0,1579.0,94.0,297.0,307.8,34.1,0
0.0,1677.0,46.0,302.9,312.2,30.5,0
0.0,1495.0,132.0,300.6,310.1,42.3,0
0.0,1454.0,90.0,300.1,311.5,52.4,0
0.0,1422.0,179.0,299.5,309.3,49.2,0
0.0,2158.0,32.0,300.3,310.3,16.8,0
1.0,1492.0,144.0,300.6,309.5,34.0,0
0.0,1496.0,175.0,300.8,312.0,40.0,0
0.0,1434.0,15.0,302.0,311.2,44.9,0
0.0,1419.0,159.0,298.4,309.7,41.3,0
1.0,1664.0,150.0,300.8,312.2,25.7,0
0.0,1422.0,215.0,296.9,308.1,48.7,0
1.0,1459.0,141.0,298.8,309.7,47.3,0
1.0,1521.0,215.0,299.2,308.9,42.3,0
1.0,1490.0,171.0,295.6,306.1,42.7,0
0.0,1761.0,76.0,297.4,308.5,27.2,0
0.0,1626.0,210.0,298.0,308.7,36.7,0
0.0,1436.0,156.0,296.6,307.4,42.8,0
0.0,1365.0,113.0,300.3,311.7,53.3,0
0.0,1348.0,202.0,298.0,308.2,58.8,1
0.0,1351.0,181.0,297.8,309.9,49.0,0
0.0,1845.0,27.0,302.3,311.4,21.9,0
1.0,1548.0,143.0,301.6,310.8,34.2,0
1.0,1397.0,137.0,303.3,312.6,47.1,0
0.0,1459.0,3.0,300.4,311.7,45.6,0
1.0,1475.0,85.0,303.5,312.0,42.9,0
1.0,1402.0,94.0,301.5,311.1,40.0,0
2.0,1365.0,174.0,297.1,307.9,54.0,0
0.0,1354.0,103.0,297.7,308.8,50.2,0
1.0,1907.0,125.0,297.5,308.1,23.5,0
1.0,1536.0,4.0,297.4,308.2,34.6,0
0.0,1492.0,202.0,298.0,307.7,38.7,0
2.0,1482.0,16.0,302.2,311.5,42.6,0
0.0,1346.0,147.0,300.3,311.4,51.1,0
0.0,1419.0,170.0,299.7,309.6,45.1,0
2.0,1447.0,198.0,303.8,312.5,46.6,0
2.0,1411.0,73.0,298.0,308.8,53.8,0
0.0,1519.0,96.0,298.3,309.0,40.0,0
0.0,1738.0,49.0,298.5,309.5,25.2,0
0.0,1476.0,223.0,299.5,309.1,47.8,0
1.0,1443.0,85.0,299.2,310.6,50.9,0
0.0,1729.0,189.0,297.5,308.9,28.1,0
0.0,1591.0,171.0,302.3,311.0,32.7,0
2.0,1806.0,44.0,303.3,311.8,27.7,0
0.0,1402.0,58.0,299.5,309.9,51.7,0
1.0,1646.0,76.0,301.1,310.5,30.7,0
0.0,1544.0,113.0,298.6,309.8,30.2,0
1.0,1300.0,36.0,301.7,310.9,62.7,0
0.0,1892.0,34.0,299.1,308.3,25.2,0
0.0,1436.0,191.0,297.0,307.9,47.7,0
0.0,2270.0,149.0,295.7,306.2,14.6,1
1.0,1539.0,24.0,302.2,311.4,35.1,0
0.0,1556.0,36.0,298.6,309.9,38.6,0
0.0,1550.0,76.0,302.8,311.1,32.3,0
1.0,1431.0,129.0,301.6,311.0,42.3,0
1.0,1447.0,105.0,297.3,308.7,44.5,0
0.0,1569.0,63.0,297.6,309.5,36.2,0
0.0,1487.0,164.0,299.6,310.9,42.5,0
2.0,1438.0,16.0,297.3,308.7,46.2,0
0.0,1653.0,119.0,298.8,310.1,30.3,0
0.0,1554.0,192.0,299.7,311.1,41.0,0
1.0,1410.0,188.0,297.9,309.9,55.4,0
0.0,1605.0,79.0,298.2,308.9,32.0,0
1.0,1412.0,140.0,298.9,309.2,44.1,0
0.0,1566.0,164.0,296.5,307.3,37.2,0
1.0,1463.0,183.0,297.4,309.1,35.0,0
0.0,2695.0,10.0,301.7,310.1,12.6,0
0.0,1626.0,83.0,298.1,308.0,36.5,0
0.0,1633.0,0.0,301.4,310.5,39.5,0
0.0,1447.0,51.0,298.2,308.7,48.4,0
0.0,1477.0,251.0,302.7,312.4,46.3,1
0.0,1984.0,169.0,301.2,309.9,19.7,0
0.0,1364.0,162.0,298.5,309.4,44.5,0
1.0,1357.0,127.0,296.9,308.1,41.8,0
1.0,1329.0,186.0,300.2,309.4,53.6,0
0.0,2256.0,201.0,299.8,309.4,15.9,0
0.0,1501.0,91.0,299.0,310.3,43.0,0
0.0,1771.0,104.0,300.2,309.7,27.1,0
0.0,1671.0,199.0,300.9,310.0,26.8,0
0.0,1609.0,41.0,302.2,311.4,32.1,0
0.0,1306.0,38.0,297.5,308.5,50.7,0
0.0,1525.0,179.0,303.0,311.1,40.7,0
1.0,1349.0,127.0,300.1,309.4,56.2,0
0.0,1502.0,12.0,297.9,307.3,36.7,0
1.0,1510.0,134.0,298.2,308.4,39.9,0
0.0,1328.0,24.0,302.9,312.6,59.9,0
2.0,1425.0,33.0,300.8,310.9,44.0,0
0.0,1356.0,201.0,296.8,308.1,48.3,0
0.0,1651.0,146.0,302.0,310.5,30.9,0
0.0,1574.0,151.0,297.6,309.5,30.9,0
0.0,1556.0,75.0,299.4,309.2,35.7,0
2.0,1623.0,154.0,299.0,308.5,33.5,0
1.0,1366.0,95.0,299.6,309.1,55.2,0
0.0,1582.0,181.0,299.4,310.4,31.7,0
1.0,1531.0,38.0,297.7,309.0,42.4,0
1.0,1396.0,13.0,299.2,308.4,48.7,0
0.0,1509.0,213.0,301.3,311.3,42.5,0
2.0,1534.0,41.0,302.2,311.6,37.2,0
1.0,1731.0,92.0,300.1,309.1,30.4,0
0.0,1453.0,62.0,302.7,312.4,47.3,0
1.0,1428.0,53.0,299.1,310.5,43.0,0
0.0,1553.0,157.0,299.8,309.9,36.6,0
0.0,1521.0,60.0,298.2,307.8,42.9,0
0.0,1616.0,114.0,297.7,308.8,34.2,0
1.0,1368.0,117.0,298.8,309.1,49.1,0
1.0,1437.0,195.0,298.7,309.2,45.7,0
0.0,1477.0,164.0,300.8,312.0,37.3,0
0.0,1465.0,91.0,300.8,312.4,59.1,1
2.0,1557.0,65.0,298.0,309.1,36.4,0
1.0,1471.0,152.0,297.5,308.8,52.3,0
1.0,1417.0,49.0,301.5,310.0,44.6,0
1.0,1575.0,92.0,304.0,313.0,34.5,0
0.0,1666.0,125.0,302.4,310.4,29.7,0
0.0,1675.0,92.0,301.4,310.7,30.7,0
0.0,1574.0,188.0,302.5,312.0,42.0,0
2.0,1546.0,190.0,298.9,309.6,35.3,0
0.0,1518.0,195.0,297.7,307.2,35.8,0
1.0,1531.0,84.0,297.7,308.9,48.3,0
1.0,1721.0,215.0,302.3,310.8,28.4,0
1.0,1399.0,207.0,299.5,309.0,49.7,0
0.0,1415.0,175.0,299.4,308.6,56.4,0
0.0,1318.0,8.0,300.6,310.2,51.0,0
1.0,1976.0,158.0,298.1,309.0,19.3,0
1.0,1692.0,167.0,298.8,309.6,31.9,0
1.0,2093.0,190.0,301.3,310.4,18.7,0
0.0,1680.0,76.0,301.8,310.7,32.4,0
0.0,1643.0,145.0,299.6,309.4,32.9,0
1.0,1422.0,3.0,302.2,310.8,47.0,0
1.0,1557.0,52.0,300.8,310.9,31.6,0
0.0,1362.0,28.0,298.2,308.8,57.3,0
1.0,2133.0,207.0,303.4,311.8,18.3,0
0.0,1527.0,85.0,298.0,309.2,39.5,0
0.0,1634.0,0.0,300.0,311.4,31.9,0
2.0,1461.0,126.0,297.4,308.6,40.1,0
0.0,1450.0,118.0,297.9,309.0,46.8,0
0.0,1463.0,90.0,298.8,309.8,40.0,0
0.0,1475.0,93.0,299.0,310.3,42.4,0
0.0,1452.0,11.0,303.1,311.2,52.9,0
0.0,1481.0,106.0,300.2,309.8,41.9,0
1.0,1452.0,44.0,297.3,308.2,38.2,0
0.0,1491.0,192.0,298.6,309.6,36.9,0
0.0,1782.0,54.0,297.4,308.5,25.9,0
1.0,1828.0,91.0,296.9,307.8,24.6,0
2.0,1777.0,38.0,300.8,310.3,30.1,0
0.0,1614.0,191.0,300.4,310.1,33.5,0
1.0,1483.0,8.0,302.3,311.7,40.5,0
0.0,1662.0,19.0,297.7,308.9,28.1,0
0.0,2057.0,168.0,298.2,308.3,18.0,0
0.0,1281.0,77.0,298.9,308.8,53.9,0
0.0,1593.0,102.0,301.6,310.5,34.5,0
0.0,1471.0,37.0,297.3,308.3,38.2,0
0.0,1282.0,10.0,301.1,310.9,67.9,1
0.0,1456.0,179.0,297.3,308.5,54.2,0
1.0,1390.0,23.0,298.3,308.9,49.7,0
0.0,1325.0,192.0,302.0,310.6,55.3,0
0.0,1395.0,157.0,300.7,312.1,41.9,0
0.0,1492.0,181.0,299.4,308.6,40.5,0
1.0,1516.0,48.0,301.7,310.8,40.4,0
1.0,1375.0,87.0,300.9,310.4,44.7,0
0.0,1401.0,76.0,298.9,310.1,44.4,0
0.0,1314.0,146.0,300.4,309.8,63.1,0
0.0,1565.0,142.0,301.5,310.6,43.9,0
0.0,1552.0,135.0,300.4,311.4,28.8,0
0.0,1554.0,58.0,302.6,312.3,42.0,0
1.0,1410.0,47.0,298.7,309.2,45.6,0
0.0,1634.0,62.0,299.3,309.1,36.8,0
2.0,1590.0,52.0,304.1,313.2,43.4,0
0.0,1535.0,107.0,303.7,312.4,38.6,0
0.0,1348.0,68.0,297.4,308.1,53.7,0
0.0,1441.0,200.0,300.5,309.8,48.8,0
0.0,1256.0,213.0,303.8,313.1,58.7,1
1.0,1596.0,173.0,297.7,309.6,35.2,0
0.0,1648.0,122.0,302.4,311.8,30.0,0
0.0,1597.0,15.0,302.7,310.7,41.9,0
2.0,1449.0,182.0,298.7,309.2,42.3,0
0.0,1944.0,192.0,298.9,310.1,23.4,0
0.0,1474.0,158.0,296.6,307.3,40.0,0
1.0,1378.0,82.0,300.5,311.5,48.2,0
0.0,1532.0,54.0,300.6,312.3,37.2,0
0.0,1604.0,68.0,302.2,310.9,40.5,0
0.0,1403.0,150.0,303.1,311.3,55.6,0
1.0,1551.0,112.0,296.8,307.8,38.9,0
0.0,1334.0,157.0,301.4,311.0,53.3,0
0.0,1523.0,177.0,299.0,309.1,38.6,0
1.0,1488.0,30.0,297.9,309.1,37.3,0
1.0,1438.0,124.0,298.5,309.6,44.5,0
1.0,1842.0,111.0,302.3,311.2,23.9,0
0.0,1685.0,193.0,300.2,311.5,31.0,0
0.0,1683.0,131.0,301.6,310.7,29.7,0
2.0,1732.0,141.0,299.3,309.0,29.7,0
1.0,1421.0,94.0,301.6,310.7,44.4,0
0.0,1764.0,27.0,300.5,310.2,25.9,0
1.0,1510.0,91.0,302.2,311.3,36.6,0
0.0,1936.0,131.0,300.4,311.4,23.9,0
1.0,1792.0,119.0,298.0,307.6,26.0,0
0.0,1332.0,115.0,297.4,309.3,53.2,0
0.0,1397.0,113.0,304.0,313.0,42.4,0
1.0,1484.0,73.0,298.9,310.1,37.9,0
1.0,1440.0,104.0,300.4,309.7,42.8,0
1.0,1469.0,137.0,303.7,313.0,39.9,0
0.0,1465.0,201.0,299.2,308.4,35.0,0
0.0,1351.0,206.0,300.0,311.2,44.1,0
2.0,1374.0,154.0,302.3,311.9,52.4,0
0.0,1468.0,168.0,303.7,312.7,43.3,0
1.0,1402.0,76.0,303.7,312.0,48.6,0
0.0,1777.0,0.0,300.5,309.5,23.6,0
0.0,1578.0,120.0,301.5,310.6,34.1,0
0.0,1474.0,164.0,301.7,311.0,42.6,0
1.0,1683.0,79.0,297.6,308.8,31.6,0
0.0,1510.0,94.0,302.9,312.2,41.4,0
1.0,1537.0,146.0,301.7,311.0,33.5,0
0.0,1658.0,150.0,302.3,311.6,32.3,0
0.0,1728.0,133.0,300.4,311.4,31.7,0
0.0,1347.0,43.0,297.4,308.3,45.8,0
1.0,1314.0,45.0,299.5,309.2,61.8,0
0.0,2421.0,57.0,299.4,309.1,14.2,0
0.0,1499.0,111.0,300.9,311.0,38.0,0
0.0,1345.0,37.0,298.2,308.8,44.3,0
0.0,1222.0,148.0,303.6,311.8,66.8,1
2.0,1691.0,203.0,299.7,309.2,27.7,0
0.0,1501.0,20.0,297.4,308.5,44.9,0
2.0,1390.0,194.0,300.3,311.9,49.0,0
0.0,1738.0,195.0,297.5,308.9,24.0,0
0.0,1462.0,81.0,302.4,311.0,48.5,0
0.0,1436.0,76.0,301.3,310.6,44.2,0
0.0,1467.0,48.0,298.1,309.5,41.8,0
2.0,1578.0,196.0,302.4,311.1,32.3,0
1.0,1344.0,200.0,298.6,309.6,59.4,0
1.0,1363.0,196.0,297.0,308.1,45.3,0
1.0,1475.0,11.0,303.9,313.0,41.0,0
1.0,1680.0,168.0,297.7,309.7,30.2,0
0.0,1437.0,65.0,302.5,311.9,46.7,0
1.0,1234.0,152.0,301.4,311.0,55.8,0
1.0,1353.0,192.0,303.4,311.7,44.1,1
0.0,1474.0,188.0,297.7,308.7,46.8,0
0.0,1394.0,36.0,303.8,313.1,45.4,0
1.0,1431.0,61.0,301.7,310.1,44.0,0
0.0,1390.0,40.0,302.2,311.4,48.1,0
1.0,1342.0,113.0,300.8,309.4,62.4,1
1.0,1501.0,70.0,298.9,309.9,37.1,0
1.0,1404.0,160.0,297.2,308.6,43.7,0
1.0,1751.0,162.0,300.2,311.6,28.0,0
0.0,1450.0,35.0,301.0,310.9,45.9,0
0.0,1495.0,55.0,299.3,309.1,44.0,0
2.0,1397.0,210.0,300.5,309.9,45.9,1
0.0,1491.0,114.0,301.7,309.8,39.3,0
0.0,1448.0,72.0,302.6,311.9,49.5,0
1.0,1601.0,166.0,302.2,310.7,33.0,0
0.0,1382.0,37.0,296.7,307.8,47.5,0
0.0,1368.0,10.0,302.8,312.4,49.5,0
2.0,1374.0,66.0,300.7,311.3,53.1,0
2.0,1490.0,171.0,298.8,309.8,35.9,0
0.0,1400.0,136.0,302.3,311.7,41.6,0
1.0,1443.0,151.0,300.8,312.0,53.3,0
1.0,1366.0,0.0,302.4,311.1,54.4,0
0.0,1572.0,158.0,299.8,309.2,35.4,0
0.0,1662.0,57.0,300.7,310.3,34.4,0
2.0,1656.0,181.0,296.9,307.7,30.8,0
0.0,1429.0,117.0,298.2,307.8,46.9,0
1.0,1470.0,119.0,299.8,309.3,42.7,0
0.0,1584.0,135.0,297.1,307.8,42.3,0
1.0,1546.0,133.0,300.9,311.1,37.7,0
1.0,1881.0,23.0,301.8,310.9,20.9,0
0.0,1772.0,52.0,299.3,308.5,26.1,0
1.0,1183.0,170.0,300.2,309.7,61.4,0
0.0,1393.0,127.0,297.6,308.6,40.4,0
0.0,1402.0,41.0,297.4,308.2,49.7,0
1.0,1483.0,181.0,300.3,311.8,45.1,0
0.0,1461.0,0.0,300.7,309.5,49.9,0
0.0,1202.0,40.0,300.2,310.3,59.5,0
1.0,1480.0,157.0,298.8,309.7,38.1,0
0.0,1549.0,68.0,297.6,309.5,34.9,0
2.0,1715.0,203.0,300.4,311.6,30.8,0
1.0,1439.0,164.0,302.7,312.2,42.5,0
1.0,1551.0,20.0,302.9,312.5,40.0,0
1.0,1843.0,25.0,300.9,311.8,24.5,0
0.0,1512.0,79.0,299.6,310.2,44.0,0
0.0,1335.0,161.0,303.7,312.7,51.1,0
0.0,1515.0,213.0,297.5,309.1,35.1,0
0.0,1597.0,69.0,298.3,308.3,32.4,0
0.0,1437.0,33.0,301.0,311.0,56.0,0
1.0,1498.0,3.0,301.2,311.5,49.5,0
0.0,1519.0,178.0,302.6,312.1,38.1,0
1.0,1416.0,110.0,300.5,309.8,48.5,0
0.0,1747.0,45.0,297.5,308.4,31.0,0
2.0,1509.0,175.0,302.9,312.3,46.8,0
1.0,1575.0,47.0,299.0,309.0,35.3,0
0.0,1706.0,111.0,299.9,311.4,28.8,0
1.0,1691.0,67.0,300.5,309.5,27.6,0
0.0,1381.0,207.0,302.2,311.2,49.4,0
0.0,1911.0,166.0,299.8,310.2,23.5,0
0.0,1434.0,133.0,302.3,311.4,40.3,0
2.0,1441.0,100.0,301.8,310.6,46.3,0
0.0,1668.0,136.0,298.3,309.4,27.1,0
0.0,1508.0,108.0,302.4,311.8,45.7,0
0.0,1644.0,206.0,301.7,311.1,32.8,0
0.0,1326.0,173.0,297.6,308.6,62.4,0
1.0,2663.0,71.0,303.7,312.0,11.4,1
1.0,1378.0,97.0,297.2,308.4,41.9,0
0.0,1455.0,172.0,300.6,310.0,40.4,0
1.0,1507.0,111.0,302.2,310.5,40.4,0
1.0,1460.0,166.0,301.2,310.9,46.7,0
0.0,1298.0,229.0,301.7,309.5,65.5,1
0.0,1601.0,0.0,300.4,311.8,36.1,0
0.0,1399.0,190.0,301.0,311.0,58.0,1
0.0,1576.0,92.0,301.3,310.6,30.4,0
1.0,1470.0,159.0,301.1,311.1,40.6,0
2.0,1712.0,95.0,299.2,308.9,26.4,0
1.0,1634.0,178.0,300.8,311.2,31.9,0
0.0,1578.0,46.0,297.1,308.5,35.6,0
1.0,1571.0,228.0,300.5,310.2,34.6,0
1.0,1542.0,100.0,300.6,310.0,33.9,0
0.0,1452.0,21.0,297.8,307.8,39.8,0
1.0,1526.0,176.0,303.0,311.1,37.3,0
0.0,1453.0,208.0,301.5,310.6,44.0,0
0.0,1434.0,80.0,300.1,311.5,40.8,0
0.0,1394.0,121.0,300.1,310.5,44.3,0
1.0,1434.0,118.0,300.9,311.4,45.4,0
2.0,1291.0,137.0,301.9,311.0,63.6,0
0.0,1453.0,86.0,297.7,308.5,45.5,0
0.0,1643.0,55.0,297.7,307.4,36.5,0
0.0,1456.0,167.0,295.5,306.0,39.2,0
0.0,1510.0,52.0,298.9,310.1,38.0,0
0.0,1400.0,118.0,299.6,310.8,40.8,0
1.0,1778.0,215.0,300.7,310.6,27.1,0
0.0,1632.0,186.0,303.7,312.5,36.6,0
0.0,1515.0,125.0,298.4,308.0,42.8,0
0.0,1440.0,12.0,303.9,313.1,41.1,0
1.0,1692.0,201.0,299.4,309.3,28.4,0
0.0,1584.0,17.0,301.4,310.7,32.2,0
2.0,1457.0,114.0,301.2,310.6,50.5,0
0.0,1797.0,75.0,297.3,307.9,24.7,0
2.0,1366.0,130.0,302.3,310.9,48.4,1
2.0,1462.0,19.0,299.7,310.3,40.4,0
0.0,1373.0,203.0,297.7,308.5,56.7,1
2.0,1552.0,120.0,299.3,309.1,40.7,0
0.0,1592.0,8.0,299.7,309.3,34.2,0
0.0,1477.0,83.0,299.7,310.9,40.4,0
0.0,1471.0,114.0,300.3,311.4,37.0,0
0.0,1584.0,42.0,298.8,308.6,34.4,0
1.0,1553.0,173.0,301.4,310.4,44.7,0
0.0,1567.0,168.0,302.2,311.5,33.1,0
1.0,1710.0,186.0,302.5,310.3,27.3,0
0.0,1446.0,227.0,297.1,308.1,36.6,0
0.0,1464.0,30.0,300.1,309.4,41.7,0
0.0,1593.0,83.0,297.9,307.7,34.9,0
0.0,1405.0,207.0,301.7,310.9,46.4,1
0.0,1811.0,72.0,300.9,312.2,23.2,0
1.0,1518.0,130.0,300.1,311.3,40.2,0
0.0,1548.0,170.0,302.3,310.2,35.3,0
1.0,1656.0,20.0,297.7,309.0,33.2,0
2.0,1447.0,185.0,302.0,309.9,42.8,0
0.0,1822.0,168.0,301.0,310.9,21.6,0
2.0,1679.0,120.0,299.6,310.9,31.2,0
0.0,1373.0,157.0,302.0,311.1,55.7,0
0.0,1596.0,104.0,302.3,310.9,33.5,0
1.0,1314.0,199.0,300.0,310.1,53.5,0
0.0,1374.0,180.0,301.9,309.9,48.5,1
1.0,1521.0,152.0,302.4,310.7,40.4,0
2.0,1332.0,72.0,298.1,309.3,51.0,0
0.0,1460.0,181.0,300.9,309.7,42.1,0
0.0,1348.0,87.0,301.7,311.3,51.0,0
0.0,1500.0,104.0,298.0,308.9,36.7,0
2.0,1492.0,222.0,296.8,308.1,43.7,0
0.0,1594.0,147.0,299.1,310.4,33.3,0
0.0,1529.0,12.0,301.8,311.0,41.6,0
1.0,1404.0,15.0,298.3,309.1,47.0,0
0.0,1528.0,163.0,300.5,311.6,42.4,0
0.0,1684.0,53.0,300.6,309.6,32.8,0
1.0,1217.0,103.0,301.4,310.5,60.6,0
1.0,1428.0,181.0,303.0,311.1,39.8,0
0.0,1798.0,210.0,300.2,311.8,23.2,0
0.0,1988.0,41.0,298.2,308.2,21.4,0
1.0,1587.0,73.0,300.2,311.3,31.2,0
2.0,1499.0,147.0,297.3,308.6,37.6,0
0.0,1638.0,109.0,298.4,308.9,32.4,0
0.0,1555.0,131.0,301.3,310.3,41.2,0
0.0,1429.0,140.0,298.9,308.5,55.1,0
1.0,1469.0,189.0,298.9,310.1,53.2,0
1.0,1873.0,99.0,302.2,311.2,24.0,0
1.0,1393.0,53.0,302.2,311.7,42.5,0
0.0,1479.0,214.0,299.8,309.2,44.4,0
2.0,1556.0,164.0,302.7,311.5,35.0,0
0.0,1355.0,115.0,298.2,307.8,59.4,0
0.0,1634.0,71.0,302.9,311.2,36.9,0
0.0,1458.0,44.0,298.5,308.3,44.0,0
0.0,1350.0,136.0,298.2,309.1,52.0,0
0.0,1417.0,231.0,300.5,309.3,51.5,1
2.0,1512.0,86.0,301.0,310.4,44.9,0
0.0,1259.0,20.0,301.4,309.9,63.9,1
1.0,1759.0,5.0,302.7,311.7,29.9,0
0.0,1336.0,217.0,299.5,309.1,42.1,0
0.0,1537.0,15.0,297.9,307.7,37.7,0
1.0,1403.0,148.0,298.0,308.1,44.8,0
0.0,1466.0,183.0,303.7,312.6,42.5,0
1.0,1395.0,206.0,298.0,308.2,49.1,0
0.0,1515.0,183.0,302.9,312.3,40.8,0
0.0,1449.0,33.0,301.8,310.9,36.5,0
0.0,1858.0,114.0,298.3,310.0,23.9,0
0.0,1566.0,170.0,300.2,309.9,36.4,0
0.0,1585.0,50.0,299.5,310.1,35.2,0
0.0,1729.0,131.0,300.2,309.5,28.4,0
1.0,1499.0,163.0,301.3,310.6,36.1,0
0.0,1458.0,42.0,302.8,312.2,51.0,0
0.0,1404.0,62.0,298.9,309.9,39.8,0
0.0,1772.0,89.0,299.3,308.8,25.2,0
1.0,1852.0,53.0,300.8,311.4,22.2,0
0.0,1422.0,140.0,298.0,307.7,45.6,0
0.0,1456.0,29.0,297.5,308.7,44.7,0
0.0,1509.0,0.0,299.2,308.4,39.4,0
0.0,1423.0,186.0,302.4,311.0,46.2,0
0.0,1542.0,141.0,299.8,309.5,40.3,0
1.0,1454.0,17.0,301.5,310.7,39.4,0
1.0,1554.0,147.0,297.2,308.1,41.3,0
0.0,1442.0,148.0,298.0,307.7,43.6,0
0.0,1350.0,186.0,297.3,308.5,57.6,0
1.0,1470.0,21.0,300.7,309.5,48.7,0
0.0,1454.0,43.0,300.9,310.4,43.1,0
1.0,1437.0,192.0,299.1,310.0,41.1,0
1.0,1731.0,112.0,302.3,310.1,33.4,0
1.0,1456.0,80.0,298.1,308.1,43.7,0
0.0,1446.0,135.0,300.9,310.3,44.5,0
0.0,1809.0,175.0,302.0,310.5,27.1,0
0.0,1350.0,13.0,301.5,310.8,58.5,0
1.0,1449.0,80.0,299.1,310.6,43.2,0
2.0,1409.0,138.0,300.4,309.8,47.5,0
1.0,1628.0,167.0,301.5,310.8,36.4,0
1.0,1298.0,57.0,302.5,311.9,57.5,0
0.0,1791.0,108.0,300.0,309.1,28.2,0
0.0,1744.0,94.0,300.5,311.6,26.8,0
2.0,1697.0,74.0,298.7,309.7,29.8,0
1.0,1452.0,167.0,299.8,311.1,44.3,0
0.0,1465.0,9.0,300.0,309.1,40.6,0
1.0,1532.0,0.0,300.7,311.7,40.0,0
0.0,1658.0,18.0,300.9,310.7,28.5,0
0.0,1431.0,162.0,303.6,312.5,49.0,0
0.0,1482.0,87.0,302.2,311.5,45.6,0
0.0,1435.0,229.0,299.1,310.1,48.8,1
1.0,1507.0,191.0,298.4,309.0,36.1,0
2.0,1559.0,229.0,297.1,308.0,38.8,0
0.0,1553.0,97.0,298.8,310.3,36.8,0
2.0,1626.0,44.0,302.5,311.5,36.0,0
0.0,1646.0,175.0,297.9,308.4,40.6,0
1.0,1442.0,4.0,300.3,310.2,39.5,0
2.0,1489.0,180.0,300.4,311.2,45.3,0
1.0,1352.0,171.0,297.5,308.7,53.0,0
2.0,1908.0,104.0,299.2,308.8,21.3,0
1.0,1576.0,167.0,298.4,309.1,38.8,0
0.0,1601.0,9.0,297.3,308.2,35.7,0
1.0,1433.0,206.0,297.6,308.9,43.2,0
1.0,1407.0,176.0,298.6,309.4,45.1,0
0.0,1452.0,56.0,302.2,310.9,42.3,0
1.0,1627.0,0.0,302.3,310.9,32.3,0
1.0,1570.0,200.0,298.7,309.8,42.1,0
1.0,1376.0,214.0,298.0,308.6,55.7,0
1.0,1519.0,73.0,300.9,310.8,34.9,0
0.0,1405.0,193.0,300.4,311.1,54.1,0
0.0,1612.0,124.0,300.9,309.5,35.2,0
1.0,1404.0,44.0,300.8,309.6,38.7,0
0.0,1383.0,19.0,300.8,310.3,46.6,0
1.0,1412.0,59.0,299.9,309.5,57.9,0
1.0,1368.0,72.0,298.7,310.1,56.8,0
0.0,1616.0,175.0,296.6,307.4,28.0,0
0.0,1462.0,0.0,302.2,310.6,43.6,0
0.0,1547.0,201.0,300.1,311.3,40.0,0
0.0,1687.0,16.0,301.6,310.1,26.6,0
0.0,1518.0,196.0,301.0,312.0,39.3,0
0.0,1515.0,162.0,302.8,312.2,36.8,0
1.0,1410.0,33.0,302.6,312.4,50.3,0
0.0,1761.0,76.0,298.1,307.8,28.2,0
0.0,1426.0,16.0,300.8,311.7,45.5,0
0.0,1477.0,127.0,297.5,308.8,39.0,0
1.0,1724.0,76.0,300.7,310.8,30.0,0
0.0,1738.0,58.0,301.8,310.1,28.0,0
0.0,1435.0,184.0,298.0,307.7,45.6,0
1.0,1510.0,36.0,303.4,311.9,42.2,0
0.0,1336.0,31.0,297.9,309.8,71.6,1
0.0,1925.0,7.0,298.6,309.7,22.1,0
0.0,1568.0,92.0,298.2,308.3,36.0,0
2.0,1429.0,96.0,299.1,310.1,42.9,0
0.0,1357.0,125.0,298.4,309.5,50.1,0
1.0,1334.0,31.0,299.3,309.2,46.3,0
0.0,1546.0,156.0,302.3,311.1,33.1,0
0.0,1685.0,27.0,300.7,309.5,31.1,0
1.0,1535.0,87.0,298.5,309.5,39.8,0
0.0,1620.0,51.0,297.4,309.4,35.4,0
1.0,1544.0,63.0,302.2,311.2,43.6,0
0.0,1552.0,114.0,299.0,310.3,39.9,0
0.0,1449.0,174.0,297.6,309.1,49.1,0
0.0,1449.0,23.0,301.2,309.9,45.5,0
0.0,1530.0,0.0,298.7,309.8,35.5,0
0.0,2007.0,116.0,300.6,310.4,19.8,0
0.0,1653.0,111.0,300.7,310.8,31.6,0
2.0,1545.0,120.0,297.9,308.7,35.9,0
1.0,1425.0,109.0,297.2,308.5,45.8,0
0.0,1468.0,157.0,298.5,309.8,40.9,0
0.0,1570.0,175.0,298.3,308.6,34.8,0
0.0,1564.0,183.0,298.9,310.0,33.8,0
0.0,1491.0,152.0,297.6,308.6,38.1,0
2.0,1618.0,40.0,300.8,310.8,32.8,0
0.0,2833.0,213.0,296.4,307.4,5.6,1
0.0,1621.0,182.0,303.7,312.6,38.8,0
0.0,1430.0,44.0,300.1,309.8,56.7,0
1.0,1768.0,149.0,303.8,312.6,23.9,0
0.0,1695.0,8.0,299.1,310.2,29.6,0
2.0,1468.0,132.0,299.7,309.2,49.6,0
0.0,1761.0,195.0,301.2,311.0,29.1,0
1.0,1472.0,125.0,298.8,309.1,47.5,0
0.0,1590.0,64.0,302.8,312.4,34.4,0
1.0,1871.0,152.0,301.5,310.7,21.3,0
0.0,1392.0,140.0,297.7,309.4,44.1,0
1.0,1787.0,192.0,299.0,310.6,22.2,0
0.0,1546.0,129.0,297.5,308.5,40.4,0
0.0,2633.0,17.0,300.5,310.5,12.2,1
0.0,1520.0,43.0,300.0,311.3,39.2,0
0.0,1394.0,206.0,301.5,310.6,46.5,0
0.0,1477.0,195.0,300.0,310.1,34.6,0
0.0,1589.0,75.0,301.7,311.2,37.9,0
2.0,1599.0,72.0,301.5,310.7,40.4,0
0.0,1337.0,5.0,296.8,307.9,56.5,0
2.0,1454.0,58.0,300.6,310.5,51.2,0
2.0,1530.0,53.0,298.8,310.0,38.3,0
0.0,1566.0,156.0,297.3,308.1,35.7,0
0.0,1405.0,189.0,300.8,310.1,61.2,1
2.0,1476.0,134.0,300.7,310.5,43.1,0
1.0,1505.0,68.0,303.3,312.4,38.9,0
0.0,1772.0,167.0,299.9,309.5,23.5,0
0.0,1467.0,32.0,301.9,310.6,39.3,0
1.0,1350.0,153.0,301.5,310.4,54.9,0
1.0,1836.0,31.0,301.1,311.3,22.8,0
0.0,1272.0,198.0,300.4,311.8,59.2,1
1.0,1510.0,87.0,300.6,309.3,46.0,0
0.0,1683.0,161.0,298.1,308.7,29.1,0
0.0,1427.0,180.0,300.8,311.8,43.3,0
1.0,1487.0,198.0,299.9,309.4,42.2,0
0.0,1479.0,115.0,302.4,310.3,36.2,0
2.0,1513.0,76.0,300.4,309.9,38.7,0
0.0,1481.0,132.0,300.6,312.0,40.9,0
0.0,1694.0,44.0,300.1,309.4,27.4,0
0.0,1911.0,13.0,298.0,308.4,22.0,0
0.0,1545.0,166.0,299.8,310.9,40.7,0
1.0,1370.0,143.0,300.5,309.8,55.9,0
0.0,2136.0,78.0,298.1,308.9,15.9,0
1.0,1434.0,193.0,297.4,308.6,44.4,0
0.0,1363.0,200.0,304.0,312.9,62.5,1
0.0,1571.0,78.0,298.9,310.1,36.8,0
2.0,1518.0,90.0,300.9,311.2,35.0,0
1.0,1420.0,88.0,301.8,310.7,52.0,0
0.0,1521.0,215.0,303.4,312.0,35.9,1
1.0,1450.0,186.0,296.9,308.4,46.9,0
0.0,1469.0,164.0,301.5,310.9,44.7,0
0.0,1522.0,107.0,303.5,312.1,36.4,0
0.0,1593.0,139.0,301.8,310.5,34.9,0
0.0,1947.0,137.0,301.9,310.7,25.0,0
1.0,1500.0,30.0,299.0,308.7,40.2,0
0.0,1567.0,97.0,303.6,311.8,31.7,0
1.0,1364.0,43.0,297.2,308.5,54.0,0
2.0,1490.0,34.0,297.5,308.4,39.7,0
0.0,1466.0,164.0,298.2,308.2,42.4,0
1.0,1858.0,101.0,299.3,308.9,24.7,0
0.0,1665.0,22.0,298.0,309.2,36.6,0
0.0,1555.0,197.0,298.7,310.0,32.6,0
0.0,2170.0,91.0,302.3,311.7,18.2,0
0.0,1435.0,219.0,303.1,311.2,40.1,0
1.0,1636.0,107.0,298.4,308.5,35.7,0
1.0,1403.0,34.0,301.5,310.6,47.4,0
0.0,1413.0,101.0,300.4,309.3,50.3,0
0.0,1472.0,104.0,299.5,310.7,40.9,0
0.0,1544.0,37.0,297.5,308.3,40.8,0
2.0,1606.0,195.0,298.0,307.4,35.2,0
0.0,1466.0,112.0,299.0,308.6,46.4,0
1.0,1528.0,99.0,298.8,310.3,37.1,0
0.0,1568.0,32.0,300.2,311.4,41.0,0
1.0,1415.0,53.0,299.2,308.4,43.5,0
1.0,1817.0,125.0,303.4,311.5,24.7,0
2.0,1421.0,182.0,301.4,310.5,43.8,0
0.0,1492.0,187.0,300.8,310.2,46.3,0
0.0,1430.0,130.0,300.6,312.0,42.7,0
1.0,1454.0,112.0,302.3,311.2,43.8,0
0.0,1532.0,109.0,300.1,310.5,36.0,0
1.0,1439.0,184.0,300.7,310.6,41.7,0
1.0,1416.0,152.0,300.9,310.3,50.9,0
2.0,1457.0,182.0,300.8,310.3,46.8,0
0.0,1339.0,35.0,298.3,309.0,58.8,0
0.0,1482.0,32.0,304.2,313.4,41.4,0
0.0,1507.0,163.0,300.7,309.7,52.4,0
1.0,1610.0,219.0,297.9,307.4,34.6,0
2.0,1502.0,38.0,303.3,311.3,39.5,0
0.0,1733.0,182.0,301.4,311.0,25.7,0
0.0,1656.0,120.0,300.2,309.7,34.3,0
0.0,1455.0,145.0,297.6,308.7,48.2,0
0.0,1580.0,119.0,298.9,308.5,39.1,0
1.0,1372.0,9.0,302.2,311.4,55.1,0
0.0,1548.0,16.0,300.3,311.8,33.0,0
0.0,1595.0,134.0,301.1,312.3,31.9,0
0.0,1623.0,210.0,299.0,310.1,33.0,0
1.0,1474.0,132.0,299.2,308.5,47.2,0
2.0,1440.0,188.0,299.2,308.8,39.1,0
1.0,1339.0,68.0,298.0,308.9,51.4,0
0.0,1688.0,66.0,302.5,310.3,31.6,0
0.0,1564.0,165.0,301.1,311.2,37.0,0
0.0,1708.0,57.0,300.5,311.5,31.2,0
1.0,1421.0,101.0,303.6,311.8,44.8,1
1.0,1591.0,32.0,298.2,308.0,33.7,0
1.0,1693.0,35.0,297.9,309.8,29.9,0
2.0,1913.0,157.0,300.6,309.8,22.5,0
0.0,1433.0,20.0,298.4,308.3,62.3,1
0.0,1516.0,146.0,296.7,307.6,37.4,0
0.0,1456.0,142.0,303.0,311.2,44.0,0
1.0,1564.0,126.0,297.4,309.3,36.0,0
0.0,1573.0,14.0,303.8,312.9,34.6,0
1.0,1511.0,33.0,303.7,312.9,41.0,0
0.0,1748.0,2.0,302.6,310.5,28.2,0
0.0,1412.0,155.0,300.7,309.9,45.3,0
0.0,1519.0,41.0,298.3,309.0,36.9,0
0.0,1365.0,170.0,297.7,309.2,58.6,0
0.0,1670.0,150.0,301.0,311.7,31.3,0
2.0,1438.0,119.0,302.3,310.8,43.8,0
0.0,1456.0,166.0,297.1,307.9,50.0,0
0.0,1288.0,216.0,300.7,310.6,47.2,0
1.0,1583.0,2.0,301.1,310.7,40.7,0
2.0,1609.0,39.0,300.9,310.7,28.7,0
0.0,1647.0,26.0,299.9,311.3,27.5,0
2.0,1683.0,26.0,298.0,307.5,27.8,0
0.0,1781.0,196.0,302.6,312.0,28.5,0
1.0,1376.0,74.0,297.6,308.7,59.9,0
0.0,1533.0,198.0,297.8,309.8,36.8,0
0.0,1548.0,214.0,299.0,309.9,34.5,0
2.0,1495.0,0.0,304.0,312.9,46.6,0
0.0,1861.0,73.0,299.0,309.5,23.3,0
0.0,1453.0,84.0,300.8,310.9,43.9,0
1.0,1486.0,71.0,300.7,310.8,41.2,0
0.0,1698.0,99.0,301.4,310.8,29.6,0
0.0,1626.0,180.0,301.3,310.3,31.3,0
1.0,1387.0,116.0,302.5,311.0,52.1,0
1.0,1576.0,28.0,303.4,312.7,49.9,0
0.0,1265.0,119.0,302.5,311.9,59.8,0
1.0,1394.0,16.0,301.0,311.2,41.3,0
0.0,1484.0,213.0,299.3,308.7,40.5,0
0.0,1580.0,140.0,297.2,307.9,35.8,0
1.0,1443.0,61.0,300.1,310.1,49.3,0
0.0,1889.0,194.0,302.1,311.4,22.7,0
1.0,1497.0,28.0,302.1,311.3,38.4,0
0.0,1692.0,18.0,303.3,311.8,30.6,0
0.0,1578.0,26.0,300.4,310.5,32.8,0
0.0,1635.0,156.0,300.3,311.7,31.8,0
0.0,1508.0,18.0,300.0,311.4,38.2,0
0.0,1283.0,112.0,299.5,310.8,52.4,0
1.0,1523.0,141.0,299.3,310.8,40.9,0
0.0,1515.0,170.0,298.9,310.0,42.9,0
1.0,1389.0,9.0,300.5,309.7,43.3,0
0.0,1414.0,51.0,295.9,306.6,50.2,0
0.0,1547.0,179.0,296.8,307.6,36.5,0
1.0,1327.0,24.0,297.5,308.6,52.1,0
2.0,1354.0,46.0,297.6,309.0,55.6,0
1.0,1573.0,209.0,301.9,310.9,38.9,0
0.0,1477.0,143.0,300.9,310.7,43.2,0
0.0,1418.0,118.0,303.6,312.7,44.1,0
0.0,1596.0,5.0,297.5,308.9,30.7,0
1.0,1431.0,101.0,301.4,310.6,40.6,0
0.0,1871.0,200.0,297.8,308.9,25.6,1
0.0,1587.0,148.0,297.3,308.7,35.8,0
1.0,1507.0,217.0,298.0,308.6,37.3,0
0.0,1652.0,63.0,298.1,308.0,28.5,0
1.0,1479.0,143.0,297.8,308.4,43.5,0
2.0,1607.0,38.0,296.7,307.5,33.6,0
0.0,1565.0,179.0,303.8,312.6,36.0,0
1.0,1669.0,161.0,295.6,306.1,29.0,0
1.0,2022.0,23.0,298.9,308.2,20.0,0
2.0,1388.0,91.0,304.0,313.1,53.2,0
0.0,1367.0,50.0,302.9,312.2,55.1,0
0.0,1559.0,66.0,297.8,308.8,35.2,0
0.0,1731.0,101.0,301.5,311.1,27.9,0
1.0,1392.0,174.0,297.4,308.7,46.4,0
1.0,1478.0,5.0,300.6,310.2,40.1,0
0.0,1596.0,219.0,301.2,311.0,37.2,0
2.0,1487.0,150.0,297.4,308.4,46.2,0
0.0,1840.0,88.0,298.3,308.1,21.5,0
0.0,1329.0,207.0,299.1,308.8,53.6,1
1.0,1364.0,89.0,297.9,307.7,46.8,0
1.0,1572.0,84.0,303.5,312.9,44.7,0
0.0,1592.0,14.0,303.3,311.3,33.7,0
0.0,1672.0,150.0,298.8,310.0,30.4,0
1.0,1550.0,18.0,297.4,308.3,47.8,0
1.0,1474.0,101.0,296.6,307.7,52.6,0
0.0,1425.0,224.0,300.6,311.9,44.9,0
2.0,1468.0,156.0,297.4,309.0,41.4,0
1.0,1423.0,124.0,299.8,309.4,42.9,0
1.0,1412.0,49.0,297.4,308.5,45.5,0
0.0,1819.0,16.0,303.8,312.9,23.7,0
2.0,1479.0,87.0,297.7,308.9,40.9,0
2.0,2041.0,194.0,300.8,309.9,19.2,0
1.0,1431.0,160.0,297.3,308.6,53.0,0
0.0,1948.0,66.0,302.0,310.8,19.7,0
0.0,1489.0,214.0,297.2,308.6,40.2,0
2.0,1519.0,91.0,300.6,310.5,37.0,0
0.0,1630.0,51.0,301.1,311.3,29.5,0
0.0,1391.0,185.0,299.4,309.3,46.6,0
1.0,1402.0,197.0,301.3,311.0,47.5,0
2.0,1600.0,175.0,298.9,309.6,33.5,0
0.0,1356.0,188.0,299.0,308.4,52.6,0
0.0,1457.0,83.0,302.3,311.3,44.5,0
0.0,1467.0,153.0,301.2,310.9,37.1,0
0.0,1473.0,94.0,297.4,309.4,45.5,0
1.0,1604.0,119.0,300.4,311.4,31.7,0
0.0,1416.0,209.0,300.7,310.4,61.8,1
0.0,1442.0,233.0,301.8,309.7,45.3,1
1.0,1260.0,29.0,301.9,310.6,65.9,0
0.0,1476.0,110.0,302.4,311.8,46.6,0
1.0,1330.0,62.0,299.1,308.4,53.6,0
0.0,1378.0,163.0,299.0,308.6,47.8,0
1.0,1501.0,157.0,300.1,309.6,38.0,0
0.0,1383.0,37.0,301.8,310.8,46.4,0
0.0,1406.0,112.0,301.7,310.6,46.0,0
0.0,1435.0,110.0,297.4,308.1,45.7,0
0.0,1419.0,115.0,297.2,308.3,39.7,0
0.0,2514.0,215.0,300.6,310.4,13.4,0
0.0,1473.0,184.0,302.6,312.1,37.3,0
1.0,1435.0,168.0,299.7,311.0,50.1,0
2.0,1432.0,197.0,298.7,308.4,42.8,0
0.0,1753.0,176.0,302.1,310.1,28.9,0
1.0,1377.0,91.0,302.2,311.2,43.0,0
0.0,1354.0,207.0,298.1,308.6,53.9,1
0.0,1512.0,92.0,296.5,307.6,43.6,0
0.0,2100.0,176.0,297.4,308.5,16.9,0
0.0,1565.0,41.0,302.3,311.5,35.6,0
1.0,1280.0,19.0,297.5,308.9,48.5,0
1.0,1534.0,151.0,296.3,307.1,33.8,0
1.0,1509.0,95.0,300.3,309.6,46.6,0
1.0,1552.0,116.0,300.5,309.9,41.3,0
1.0,1337.0,146.0,299.0,310.0,57.4,0
0.0,1458.0,28.0,299.7,310.2,43.4,0
0.0,1293.0,125.0,298.7,309.7,59.1,0
0.0,1634.0,182.0,301.0,311.0,31.2,0
0.0,1467.0,36.0,301.0,311.2,45.4,0
1.0,1410.0,161.0,301.3,311.0,52.7,0
1.0,1666.0,19.0,301.8,310.3,32.7,0
1.0,1375.0,108.0,296.7,307.8,51.4,0
1.0,1622.0,14.0,300.7,309.5,30.5,0
0.0,1451.0,173.0,303.5,311.8,45.2,0
0.0,1491.0,121.0,298.2,309.0,38.3,0
0.0,1311.0,40.0,301.7,310.2,57.4,1
0.0,1550.0,111.0,301.0,312.3,34.9,0
0.0,1365.0,85.0,300.5,311.6,53.0,0
1.0,1669.0,79.0,300.8,310.6,28.4,0
0.0,1644.0,68.0,301.8,310.7,33.4,0
0.0,1480.0,122.0,296.8,307.8,39.4,0
1.0,1543.0,40.0,301.2,310.7,32.9,0
0.0,1556.0,76.0,300.6,311.7,34.9,0
0.0,1722.0,178.0,297.5,308.5,30.4,0
0.0,1484.0,212.0,299.0,310.0,39.6,0
0.0,1416.0,225.0,300.8,310.6,42.2,0
0.0,1513.0,135.0,303.7,312.4,40.1,0
2.0,1453.0,38.0,300.8,311.4,44.6,0
2.0,1724.0,126.0,301.9,309.8,27.5,0
0.0,1412.0,16.0,300.9,310.7,57.5,0
0.0,1376.0,159.0,299.8,310.8,48.6,0
2.0,1748.0,175.0,303.8,312.5,25.1,0
2.0,1459.0,201.0,297.5,309.3,49.7,0
1.0,1432.0,33.0,302.2,311.4,45.3,0
1.0,1741.0,21.0,298.5,309.0,28.0,0
0.0,1533.0,125.0,301.4,311.0,45.8,0
0.0,1424.0,214.0,301.6,310.7,50.5,0
0.0,1387.0,2.0,298.9,310.6,52.7,0
1.0,1476.0,25.0,301.4,311.2,36.5,0
0.0,1612.0,183.0,297.8,308.4,32.1,0
1.0,1609.0,99.0,299.3,310.6,31.4,0
0.0,1592.0,14.0,300.7,310.3,36.0,0
1.0,1396.0,112.0,301.5,311.1,43.5,0
1.0,1236.0,12.0,300.3,311.7,57.5,0
0.0,1540.0,71.0,300.2,311.6,37.7,0
0.0,1754.0,123.0,297.3,308.2,29.4,0
0.0,1534.0,47.0,298.1,310.0,33.7,0
0.0,1488.0,151.0,301.5,310.4,41.1,0
2.0,1342.0,68.0,300.2,309.3,48.7,0
1.0,1622.0,103.0,297.5,308.3,37.2,0
1.0,1328.0,11.0,298.9,308.2,49.2,0
1.0,1331.0,167.0,300.5,311.8,55.3,0
0.0,1462.0,27.0,298.2,308.1,50.8,0
0.0,1452.0,168.0,299.0,310.4,46.2,0
0.0,1424.0,120.0,296.9,307.7,43.3,0
0.0,1475.0,69.0,297.4,308.5,47.2,0
1.0,1384.0,48.0,301.1,311.2,49.4,0
1.0,1408.0,76.0,298.2,309.4,46.5,0
0.0,1529.0,15.0,297.6,308.6,45.3,0
2.0,1547.0,50.0,299.4,309.1,40.9,0
0.0,1341.0,208.0,297.8,309.7,49.2,0
0.0,1365.0,146.0,303.0,311.3,56.2,1
0.0,1506.0,95.0,302.6,311.0,37.2,0
0.0,1433.0,134.0,302.4,311.8,42.2,0
0.0,1396.0,64.0,297.3,308.3,45.9,0
0.0,1474.0,156.0,295.6,306.1,41.2,0
0.0,1419.0,178.0,299.9,310.4,45.7,0
1.0,1525.0,2.0,298.6,309.6,42.4,0
0.0,1752.0,52.0,300.4,309.2,29.0,0
0.0,1596.0,40.0,299.4,309.3,31.8,0
0.0,1372.0,180.0,303.8,312.5,45.7,0
0.0,1575.0,168.0,300.5,311.6,32.5,0
0.0,1503.0,90.0,297.3,308.5,43.3,0
0.0,1412.0,56.0,299.5,310.0,48.9,0
0.0,1627.0,118.0,299.9,311.4,36.7,0
2.0,1671.0,108.0,298.5,309.4,31.8,0
1.0,1561.0,58.0,298.9,310.0,45.3,0
0.0,1658.0,7.0,303.3,311.4,30.5,0
1.0,1866.0,159.0,302.1,311.5,23.1,0
0.0,1423.0,124.0,303.7,313.1,41.2,0
0.0,1374.0,32.0,301.5,310.6,46.7,0
0.0,1349.0,113.0,300.0,311.5,48.6,0
0.0,1816.0,106.0,297.6,308.3,28.8,0
1.0,1489.0,108.0,301.7,311.1,41.4,0
1.0,1868.0,95.0,300.8,310.3,24.5,0
1.0,1791.0,81.0,301.6,310.7,23.8,0
1.0,1424.0,2.0,297.8,309.1,45.5,0
1.0,1402.0,23.0,303.5,312.7,47.0,0
2.0,1891.0,158.0,298.4,308.1,24.7,0
1.0,1438.0,211.0,300.1,309.2,51.0,0
2.0,2140.0,43.0,300.9,311.9,16.5,0
1.0,1958.0,67.0,296.3,307.4,19.1,0
1.0,1446.0,168.0,297.5,308.7,53.0,0
0.0,1581.0,127.0,301.0,311.0,37.0,0
0.0,1736.0,31.0,298.8,308.5,29.0,0
1.0,1615.0,159.0,302.8,312.2,32.9,0
0.0,1376.0,25.0,301.4,310.7,50.6,0
0.0,1523.0,165.0,298.8,309.6,41.9,0
0.0,1497.0,198.0,300.6,311.7,43.6,0
2.0,1621.0,75.0,298.9,308.8,32.7,0
0.0,1740.0,110.0,301.4,310.8,29.2,0
0.0,1477.0,124.0,298.4,308.6,44.0,0
1.0,1395.0,171.0,301.8,311.1,44.6,0
0.0,1417.0,13.0,302.1,311.2,48.0,0
0.0,1248.0,77.0,301.0,310.5,61.4,0
0.0,1533.0,137.0,299.8,311.2,35.9,0
1.0,1462.0,50.0,300.1,309.5,42.8,0
1.0,1365.0,56.0,298.5,309.4,48.7,0
0.0,1336.0,94.0,299.1,310.1,61.3,0
1.0,1532.0,161.0,304.2,313.5,41.3,0
0.0,1435.0,165.0,297.7,309.1,38.8,0
1.0,1309.0,68.0,301.8,310.7,43.3,0
0.0,1725.0,209.0,302.7,310.5,29.0,0
1.0,1434.0,148.0,298.3,308.5,46.2,0
1.0,1544.0,25.0,302.6,310.4,35.1,0
0.0,2183.0,39.0,300.2,309.5,17.8,0
0.0,1379.0,21.0,297.2,308.3,52.1,0
0.0,1512.0,9.0,301.5,310.8,38.9,0
2.0,1638.0,146.0,296.4,307.1,32.5,0
1.0,1436.0,201.0,298.0,308.7,48.2,0
0.0,1290.0,139.0,302.4,311.9,70.0,1
0.0,2304.0,89.0,298.4,309.0,15.1,0
1.0,2065.0,62.0,299.9,309.5,18.1,0
1.0,1766.0,96.0,298.3,308.0,26.0,0
2.0,1295.0,77.0,300.9,311.3,58.9,0
1.0,1366.0,54.0,302.0,311.5,52.3,0
0.0,1480.0,107.0,299.3,310.6,45.1,0
0.0,1446.0,11.0,298.8,308.5,37.0,0
0.0,1471.0,119.0,298.5,309.3,44.7,0
0.0,1872.0,202.0,302.2,311.6,20.4,0
0.0,1500.0,158.0,297.7,308.2,39.9,0
2.0,1613.0,0.0,298.7,310.2,36.0,0
1.0,2219.0,79.0,301.1,310.7,16.7,0
0.0,1439.0,7.0,302.1,310.6,40.0,0
0.0,1509.0,172.0,300.8,311.1,33.4,0
2.0,1508.0,70.0,299.3,309.0,35.0,0
1.0,1551.0,205.0,300.5,311.2,36.6,0
0.0,1627.0,40.0,303.7,312.8,31.7,0
0.0,1595.0,133.0,301.9,309.7,31.4,0
2.0,1458.0,221.0,299.0,310.0,44.9,0
0.0,1484.0,13.0,297.3,308.3,43.9,0
1.0,1532.0,32.0,303.5,312.3,41.7,0
0.0,1695.0,32.0,302.6,312.2,27.1,0
0.0,1472.0,187.0,300.4,311.2,37.3,0
0.0,1510.0,29.0,296.8,308.0,39.4,0
1.0,1554.0,59.0,301.0,310.9,32.7,0
0.0,1470.0,113.0,301.2,310.4,44.0,0
0.0,1399.0,194.0,297.1,308.2,42.6,0
1.0,1641.0,3.0,301.9,310.9,33.2,0
0.0,1377.0,124.0,300.7,311.0,49.9,0
0.0,1543.0,89.0,300.6,311.0,34.7,0
0.0,1545.0,74.0,297.3,308.5,34.3,0
0.0,1711.0,215.0,300.4,309.5,29.2,0
0.0,1461.0,173.0,300.8,310.7,42.8,0
0.0,1317.0,231.0,299.1,310.2,54.8,1
0.0,2003.0,138.0,300.9,311.0,20.2,0
2.0,1948.0,136.0,298.4,307.9,21.4,0
0.0,1614.0,108.0,299.7,310.4,36.2,0
1.0,1789.0,215.0,303.8,313.0,23.5,0
1.0,1372.0,116.0,298.1,308.5,51.1,0
1.0,1685.0,84.0,295.7,306.3,34.9,0
0.0,1476.0,44.0,297.6,308.7,39.0,0
0.0,1565.0,59.0,302.3,311.8,37.8,0
0.0,1601.0,10.0,303.3,311.5,35.2,0
0.0,1459.0,84.0,299.1,310.3,46.7,0
1.0,1484.0,61.0,298.9,310.1,40.4,0
1.0,1486.0,91.0,299.0,310.0,34.6,0
0.0,1507.0,149.0,298.3,307.9,41.2,0
0.0,1680.0,95.0,298.8,308.6,29.4,0
0.0,1390.0,21.0,298.9,309.8,49.9,0
0.0,1481.0,213.0,304.0,313.2,42.6,0
1.0,1363.0,119.0,302.3,311.8,54.0,1
0.0,1675.0,11.0,300.0,309.5,30.2,0
0.0,1605.0,220.0,301.7,310.7,33.3,0
1.0,1609.0,217.0,301.8,310.2,34.2,0
0.0,1431.0,210.0,297.2,308.1,49.7,1
0.0,1612.0,129.0,301.2,311.0,32.9,0
0.0,1366.0,74.0,297.2,308.6,50.4,0
1.0,1432.0,218.0,302.8,312.3,49.0,0
0.0,1382.0,37.0,298.2,308.1,43.5,0
1.0,1513.0,78.0,297.2,308.6,39.0,0
0.0,1716.0,117.0,299.9,309.8,28.2,0
0.0,1491.0,195.0,303.9,313.1,37.2,0
0.0,1341.0,51.0,298.9,310.1,54.5,0
2.0,1554.0,62.0,299.7,309.2,41.6,0
1.0,1636.0,51.0,298.1,307.8,36.7,0
1.0,1427.0,95.0,298.0,307.5,45.1,0
0.0,1481.0,160.0,296.5,307.2,38.2,0
0.0,1790.0,193.0,298.0,308.8,27.2,0
1.0,1525.0,199.0,301.3,310.1,37.8,0
1.0,1624.0,121.0,303.5,312.3,34.8,0
0.0,1486.0,42.0,297.6,307.2,40.6,0
0.0,1665.0,20.0,298.1,308.5,29.6,0
1.0,1372.0,117.0,303.0,311.1,54.3,1
2.0,1319.0,15.0,300.2,311.4,54.6,0
1.0,1227.0,187.0,302.6,311.6,68.2,1
0.0,1550.0,194.0,302.9,312.4,36.9,0
0.0,1535.0,92.0,300.1,311.3,42.3,0
2.0,1417.0,0.0,301.1,311.6,53.4,0
2.0,1823.0,181.0,298.3,309.0,25.9,0
0.0,1524.0,73.0,297.4,308.6,43.1,0
1.0,1731.0,42.0,297.3,308.1,27.7,0
0.0,1384.0,27.0,298.5,308.0,59.5,0
1.0,1630.0,83.0,298.3,308.1,32.7,0
0.0,2013.0,195.0,300.4,311.1,20.1,0
0.0,1325.0,41.0,298.6,308.2,54.0,0
0.0,1649.0,43.0,300.2,310.1,30.5,0
2.0,1594.0,82.0,302.2,311.6,36.8,0
0.0,1445.0,55.0,299.7,309.4,42.9,0
0.0,1525.0,105.0,300.3,311.3,40.7,0
0.0,1601.0,69.0,303.0,311.2,32.9,0
0.0,1815.0,190.0,300.7,309.9,27.0,0
1.0,1485.0,188.0,300.2,310.1,40.5,0
0.0,1456.0,59.0,298.1,308.0,42.4,0
0.0,1475.0,187.0,295.3,305.7,51.0,0
1.0,1359.0,160.0,300.4,311.6,55.4,0
0.0,1597.0,50.0,301.9,310.9,36.9,0
1.0,1447.0,0.0,300.3,311.7,36.8,0
0.0,1474.0,152.0,297.2,308.1,44.3,0
1.0,1681.0,194.0,298.3,309.6,27.1,0
0.0,1496.0,12.0,297.6,307.1,39.2,0
0.0,1603.0,17.0,300.7,311.8,34.1,0
1.0,1720.0,174.0,297.7,308.2,25.6,0
0.0,1596.0,193.0,302.6,310.5,32.8,0
0.0,1796.0,90.0,299.1,310.6,26.0,0
0.0,1505.0,95.0,300.6,310.0,35.9,0
0.0,1617.0,223.0,299.1,308.9,32.3,0
0.0,1549.0,81.0,301.5,309.8,38.5,0
1.0,2044.0,48.0,296.0,306.7,22.3,0
0.0,1820.0,174.0,299.8,311.1,24.9,0
0.0,1925.0,9.0,300.0,309.5,21.9,0
0.0,1556.0,58.0,300.5,311.4,45.3,0
1.0,1310.0,35.0,300.9,311.9,56.1,0
0.0,1558.0,196.0,301.0,310.8,34.9,0
0.0,1953.0,107.0,300.9,311.3,19.4,0
0.0,1493.0,131.0,302.5,311.5,35.1,0
2.0,1400.0,211.0,301.6,310.6,49.5,0
0.0,1474.0,162.0,297.2,308.0,43.7,0
0.0,1380.0,166.0,303.5,312.5,46.1,0
1.0,1508.0,96.0,301.8,310.8,38.8,0
1.0,1717.0,29.0,298.6,308.3,28.7,0
0.0,1548.0,93.0,301.8,310.5,34.1,0
1.0,1704.0,159.0,300.9,311.5,31.3,0
0.0,2288.0,85.0,300.9,310.5,16.1,0
0.0,1445.0,20.0,296.2,307.2,41.8,0
1.0,1526.0,205.0,300.8,310.3,36.3,0
0.0,1589.0,5.0,299.5,310.7,33.5,0
0.0,1455.0,130.0,300.0,311.5,41.7,0
0.0,1712.0,182.0,303.4,311.6,30.1,0
1.0,1902.0,151.0,299.5,309.3,24.0,0
1.0,1685.0,10.0,296.9,307.6,32.0,0
0.0,1511.0,129.0,299.3,309.2,37.2,0
1.0,1565.0,194.0,296.5,307.4,43.5,0
0.0,2194.0,27.0,297.9,309.7,16.8,0
0.0,1436.0,158.0,299.8,309.4,51.6,0
0.0,1564.0,199.0,300.5,310.5,38.2,0
0.0,1509.0,31.0,300.6,310.5,43.1,0
0.0,1468.0,208.0,300.9,310.7,36.2,0
1.0,1747.0,188.0,297.2,307.9,29.0,0
0.0,1802.0,151.0,299.9,311.3,24.4,0
0.0,1613.0,80.0,299.6,308.9,30.8,0
0.0,1506.0,87.0,300.0,309.5,38.8,0
2.0,1584.0,27.0,298.6,309.5,31.8,0
0.0,1478.0,166.0,298.2,308.2,50.1,0
0.0,1485.0,38.0,298.6,308.4,42.9,0
0.0,1448.0,83.0,297.5,308.5,54.3,0
0.0,2182.0,127.0,297.2,308.5,16.5,0
0.0,1301.0,63.0,298.1,308.3,56.0,0
0.0,1526.0,140.0,296.2,306.9,34.9,0
1.0,1678.0,34.0,301.3,311.1,30.7,0
0.0,1511.0,105.0,300.6,310.0,36.9,0
0.0,1353.0,139.0,300.9,311.2,60.4,0
1.0,1612.0,34.0,300.1,309.0,33.0,0
2.0,1566.0,36.0,298.6,308.8,39.1,0
1.0,1473.0,189.0,295.3,305.7,38.5,0
0.0,1472.0,32.0,299.2,310.4,43.3,0
1.0,1268.0,90.0,299.8,309.1,58.0,0
0.0,1479.0,139.0,301.2,310.8,38.2,0
0.0,1744.0,42.0,297.6,308.6,28.5,0
2.0,1280.0,147.0,302.0,309.8,57.3,1
1.0,1450.0,183.0,300.8,312.0,45.0,0
0.0,1551.0,9.0,300.3,311.8,37.2,0
0.0,1771.0,213.0,298.9,308.6,24.1,0
0.0,1555.0,229.0,296.9,308.1,33.7,0
0.0,1800.0,128.0,299.4,309.0,24.3,0
0.0,1648.0,119.0,304.0,313.1,35.7,0
1.0,1392.0,0.0,296.9,307.8,43.9,0
1.0,1582.0,177.0,299.0,310.3,33.3,0
0.0,1306.0,57.0,300.1,310.1,64.7,0
0.0,1555.0,205.0,302.4,311.0,40.6,0
0.0,1608.0,114.0,300.4,311.3,35.1,0
0.0,1459.0,191.0,297.4,309.2,37.9,0
2.0,1590.0,106.0,301.9,310.9,34.3,0
1.0,1396.0,5.0,299.2,308.4,48.5,0
0.0,1459.0,97.0,301.5,311.1,45.1,0
0.0,1391.0,17.0,296.8,308.0,54.4,0
0.0,1530.0,161.0,298.4,309.7,38.6,0
0.0,1413.0,141.0,301.2,310.9,50.1,0
0.0,1533.0,162.0,300.9,312.0,44.0,0
1.0,1642.0,46.0,302.5,312.0,29.1,0
0.0,1378.0,193.0,300.2,310.2,43.9,0
0.0,1582.0,197.0,296.6,307.5,37.9,0
1.0,1640.0,146.0,298.5,307.9,33.1,0
0.0,1441.0,208.0,301.7,311.0,44.3,1
2.0,1435.0,104.0,297.3,308.5,55.0,0
0.0,1775.0,125.0,299.3,309.2,24.2,0
1.0,1678.0,133.0,297.2,308.2,28.1,0
0.0,1394.0,144.0,303.1,311.2,45.3,0
0.0,1482.0,45.0,298.8,309.9,39.1,0
0.0,1430.0,102.0,300.2,309.8,55.0,0
1.0,1358.0,139.0,302.5,311.5,52.7,0
0.0,1902.0,188.0,302.0,310.8,23.4,0
0.0,1465.0,57.0,301.9,310.8,44.3,0
0.0,1416.0,151.0,298.3,308.5,52.7,0
0.0,1666.0,128.0,300.0,311.5,32.0,0
1.0,1592.0,169.0,298.8,309.0,38.2,0
1.0,1364.0,163.0,297.2,308.5,55.6,0
0.0,1403.0,54.0,300.5,311.9,45.7,0
1.0,1453.0,56.0,302.3,311.7,42.5,0
0.0,1775.0,56.0,302.5,312.2,27.9,0
1.0,1507.0,201.0,302.5,310.5,40.2,0
0.0,1681.0,206.0,300.4,309.9,28.6,0
0.0,1385.0,195.0,301.6,310.9,50.7,0
0.0,1628.0,174.0,299.1,310.5,35.9,0
1.0,1608.0,20.0,304.2,313.1,31.1,0
0.0,1804.0,22.0,298.5,310.0,26.1,0
0.0,1406.0,83.0,301.3,310.5,47.1,0
0.0,1322.0,18.0,300.8,311.4,67.2,1
1.0,1573.0,123.0,297.4,308.8,33.9,0
0.0,1352.0,41.0,299.1,310.2,52.8,0
0.0,1475.0,19.0,301.0,310.8,35.3,0
0.0,1450.0,29.0,303.6,312.9,45.3,0
0.0,1447.0,162.0,299.9,310.0,45.9,0
0.0,1757.0,6.0,301.2,311.4,28.0,0
0.0,1476.0,14.0,299.8,309.5,44.4,0
1.0,1732.0,45.0,300.8,311.4,26.9,0
0.0,1426.0,213.0,299.4,310.7,45.7,0
0.0,1559.0,58.0,298.9,310.0,33.4,0
1.0,1453.0,165.0,298.0,308.6,44.1,0
0.0,1604.0,11.0,298.4,308.2,34.9,0
1.0,1591.0,119.0,302.6,311.0,33.9,0
2.0,1630.0,194.0,299.6,309.1,32.3,0
0.0,1576.0,7.0,298.9,308.3,36.6,0
0.0,1563.0,104.0,300.7,310.8,33.8,0
0.0,1334.0,159.0,302.2,310.6,53.2,1
0.0,1645.0,57.0,299.4,309.1,28.6,0
1.0,1649.0,41.0,299.1,310.1,31.6,0
0.0,1549.0,121.0,301.0,310.8,41.4,0
0.0,1336.0,61.0,297.4,308.3,53.7,0
0.0,1460.0,143.0,298.1,307.6,46.5,0
2.0,1821.0,171.0,301.6,310.6,26.2,0
1.0,1379.0,56.0,301.2,310.3,43.2,0
1.0,1258.0,105.0,296.7,307.8,69.0,1
0.0,1591.0,109.0,299.8,309.2,37.5,0
0.0,1969.0,109.0,300.7,311.0,20.7,0
0.0,1643.0,91.0,298.2,309.0,34.1,0
0.0,1603.0,184.0,297.5,308.8,36.7,0
2.0,1628.0,105.0,302.2,311.1,30.6,0
0.0,1416.0,185.0,299.1,310.1,41.2,0
0.0,1484.0,158.0,300.0,311.3,53.2,0
1.0,1566.0,46.0,302.6,312.3,36.6,0
0.0,1429.0,138.0,297.0,308.1,54.0,0
1.0,1492.0,7.0,302.4,312.1,47.7,0
2.0,1424.0,133.0,296.7,307.9,53.8,0
1.0,1541.0,104.0,299.2,309.0,36.3,0
2.0,1546.0,58.0,304.2,313.5,41.4,0
0.0,1564.0,34.0,298.5,308.1,31.1,0
1.0,1422.0,139.0,298.6,309.7,49.7,0
0.0,1611.0,161.0,299.1,308.6,31.4,0
2.0,1871.0,132.0,301.9,311.0,26.0,0
2.0,1629.0,73.0,303.5,311.5,33.5,0
0.0,1428.0,47.0,301.0,310.9,45.3,0
0.0,1428.0,103.0,301.1,310.5,44.1,0
0.0,1558.0,115.0,299.6,309.3,34.8,0
0.0,1309.0,188.0,299.1,310.7,51.1,0
1.0,1518.0,184.0,302.6,311.6,39.0,0
0.0,1511.0,60.0,302.7,310.5,37.7,0
1.0,1409.0,43.0,296.9,308.0,50.7,0
0.0,1462.0,115.0,298.5,309.6,45.1,0
0.0,1406.0,213.0,303.4,311.7,47.1,0
2.0,1726.0,158.0,297.4,308.7,26.8,0
1.0,1519.0,139.0,303.0,311.2,38.0,0
0.0,1867.0,121.0,302.4,311.9,25.9,0
0.0,1375.0,128.0,297.5,308.5,55.6,0
1.0,1603.0,121.0,301.1,310.5,32.6,0
0.0,1459.0,196.0,297.4,308.6,41.3,0
0.0,1417.0,35.0,301.1,310.1,46.9,0
2.0,1419.0,51.0,301.6,310.9,50.2,0
0.0,1314.0,160.0,300.4,311.7,59.5,0
0.0,1521.0,142.0,302.4,310.4,38.5,0
0.0,1709.0,27.0,300.3,311.6,29.5,0
1.0,1461.0,70.0,299.4,309.1,48.6,0
0.0,1553.0,135.0,297.6,308.6,40.5,0
1.0,1916.0,51.0,302.1,310.9,23.1,0
0.0,1506.0,49.0,302.2,310.9,34.0,0
0.0,1538.0,123.0,297.9,307.8,38.5,0
0.0,1279.0,9.0,298.4,308.1,53.1,0
0.0,1414.0,171.0,300.8,311.9,41.1,0
0.0,1346.0,106.0,302.4,310.2,62.4,1
1.0,1295.0,146.0,302.3,311.1,57.1,0
0.0,1382.0,11.0,297.6,308.6,47.1,0
2.0,1569.0,132.0,299.0,310.0,34.3,0
1.0,1422.0,49.0,302.7,312.4,44.5,0
0.0,1494.0,142.0,301.4,311.1,41.9,0
1.0,1512.0,159.0,301.3,310.9,36.9,0
1.0,1627.0,78.0,301.7,310.7,31.3,0
0.0,1574.0,27.0,301.9,310.9,31.4,0
0.0,2032.0,203.0,301.8,310.0,19.0,0
1.0,1497.0,57.0,296.9,308.0,44.8,0
0.0,1551.0,168.0,302.5,310.3,37.3,0
1.0,1528.0,228.0,300.4,309.2,37.2,0
1.0,1642.0,18.0,303.5,312.6,29.4,0
2.0,1812.0,138.0,302.0,310.5,24.4,0
1.0,1622.0,18.0,297.8,307.8,32.1,0
0.0,1618.0,218.0,301.5,310.7,35.5,0
0.0,1698.0,48.0,296.8,307.9,30.8,0
0.0,1615.0,200.0,300.9,310.4,30.9,0
0.0,1531.0,55.0,301.1,311.4,38.7,0
0.0,1427.0,29.0,299.4,309.2,41.5,0
0.0,1513.0,25.0,297.3,308.4,40.5,0
1.0,1444.0,39.0,298.6,310.1,48.1,0
0.0,1384.0,200.0,298.8,310.5,52.8,0
0.0,1504.0,212.0,299.8,309.2,38.7,0
0.0,1506.0,21.0,300.1,309.8,35.2,0
0.0,1458.0,104.0,301.3,310.6,48.0,0
2.0,1701.0,46.0,302.1,311.6,26.2,0
0.0,1406.0,187.0,302.0,311.1,50.5,0
0.0,1503.0,196.0,300.4,310.1,42.2,0
1.0,1519.0,37.0,297.9,307.6,44.0,0
0.0,1354.0,155.0,298.1,307.6,43.3,0
0.0,1695.0,43.0,300.3,311.5,25.6,0
1.0,1585.0,202.0,304.3,313.6,32.1,0
0.0,1861.0,130.0,298.5,309.6,26.9,0
1.0,1390.0,175.0,297.6,308.6,53.4,0
1.0,1607.0,14.0,303.6,312.5,33.7,0
0.0,1374.0,197.0,300.3,311.6,47.4,0
0.0,1475.0,51.0,299.8,309.4,43.4,0
1.0,1377.0,42.0,298.1,307.9,55.1,0
0.0,1593.0,203.0,298.5,309.8,35.1,0
0.0,1470.0,70.0,304.1,313.3,39.9,0
0.0,1549.0,218.0,297.3,308.7,36.1,0
0.0,1499.0,166.0,298.2,308.0,44.1,0
0.0,1447.0,104.0,299.0,310.1,42.8,0
2.0,1602.0,19.0,301.0,311.2,32.7,0
0.0,1310.0,40.0,298.6,308.4,59.7,0
0.0,1447.0,12.0,299.8,309.6,43.1,0
2.0,1435.0,115.0,303.1,312.8,41.9,0
0.0,1478.0,150.0,297.4,309.1,49.8,0
0.0,1727.0,43.0,299.1,310.3,28.7,0
2.0,1668.0,240.0,297.5,309.5,27.9,0
0.0,1559.0,209.0,302.5,311.4,37.6,0
1.0,1441.0,169.0,299.1,308.6,36.2,0
0.0,1517.0,45.0,300.4,311.6,39.0,0
1.0,1831.0,161.0,303.1,311.4,23.3,0
1.0,1545.0,16.0,300.4,310.6,35.6,0
0.0,1406.0,77.0,298.0,308.9,40.9,0
1.0,1546.0,121.0,301.8,309.8,39.8,0
0.0,1576.0,124.0,300.6,309.5,38.8,0
0.0,1374.0,154.0,300.8,312.0,50.2,0
1.0,1530.0,42.0,297.9,309.0,40.9,0
0.0,1750.0,156.0,298.9,310.1,25.0,0
1.0,1517.0,185.0,299.1,310.8,38.4,0
2.0,1529.0,5.0,298.3,309.3,41.7,0
0.0,1344.0,186.0,301.3,310.0,54.8,0
0.0,1499.0,73.0,300.5,311.5,37.6,0
1.0,1705.0,84.0,299.0,310.1,30.1,0
1.0,1546.0,71.0,302.3,311.2,40.0,0
2.0,1769.0,40.0,303.4,312.3,27.9,0
0.0,1452.0,185.0,298.9,310.0,48.9,0
0.0,1678.0,180.0,297.4,308.6,32.3,0
0.0,1735.0,66.0,301.9,310.8,31.5,0
0.0,1624.0,216.0,301.7,310.6,34.5,0
1.0,1555.0,5.0,300.4,311.7,38.7,0
0.0,1369.0,36.0,300.3,310.2,48.8,0
1.0,2006.0,102.0,300.7,310.6,19.1,0
0.0,1336.0,44.0,298.8,309.7,50.3,0
1.0,1645.0,86.0,298.9,309.9,31.4,0
0.0,1402.0,128.0,298.7,309.8,54.3,0
0.0,1411.0,177.0,302.5,312.0,44.2,0
1.0,1563.0,190.0,302.5,311.0,35.6,0
0.0,1531.0,159.0,303.8,313.2,39.4,0
1.0,1498.0,89.0,298.8,308.7,39.5,0
1.0,1411.0,160.0,300.4,309.3,41.6,0
0.0,1513.0,64.0,301.7,310.6,41.1,0
0.0,1486.0,75.0,297.4,308.5,48.6,0
0.0,1522.0,217.0,300.3,310.5,39.1,0
0.0,1650.0,67.0,295.5,306.1,32.8,0
0.0,1363.0,28.0,298.7,310.2,45.5,0
0.0,1532.0,47.0,297.9,309.0,37.6,0
2.0,1669.0,155.0,297.6,309.6,32.1,0
0.0,1514.0,134.0,297.5,308.6,36.9,0
0.0,1432.0,87.0,299.0,310.2,42.2,0
1.0,1409.0,141.0,300.8,310.5,50.6,0
0.0,1556.0,145.0,302.2,311.7,38.6,0
0.0,1620.0,5.0,298.0,308.2,35.8,0
1.0,1410.0,73.0,301.1,310.6,43.9,0
2.0,1359.0,199.0,297.4,308.2,46.9,0
0.0,1499.0,175.0,299.5,309.2,41.5,0
2.0,1501.0,175.0,300.6,310.7,45.3,0
0.0,1433.0,87.0,298.0,308.0,39.2,0
0.0,1530.0,74.0,300.1,311.6,36.6,0
0.0,1442.0,174.0,303.9,313.4,48.5,0
0.0,1418.0,170.0,303.5,312.5,42.2,0
0.0,1601.0,176.0,298.7,309.7,35.7,0
0.0,1476.0,20.0,302.3,311.4,37.3,0
0.0,1953.0,25.0,298.8,309.7,20.6,0
1.0,1371.0,102.0,300.7,312.4,61.7,0
1.0,1515.0,55.0,296.7,307.5,42.1,0
0.0,1471.0,26.0,300.6,311.1,40.7,0
1.0,1519.0,29.0,298.5,308.0,37.3,0
1.0,1578.0,174.0,301.7,311.1,40.5,0
0.0,1631.0,146.0,297.5,308.1,30.6,0
1.0,1584.0,4.0,297.2,308.5,40.0,0
0.0,1428.0,174.0,302.3,311.0,47.9,0
0.0,1629.0,177.0,299.3,310.4,32.6,0
0.0,1322.0,140.0,298.7,309.8,57.0,0
0.0,1435.0,173.0,302.9,312.3,47.7,0
0.0,1481.0,54.0,298.0,308.6,42.5,0
1.0,1575.0,139.0,301.6,310.9,40.1,0
0.0,1730.0,41.0,298.6,309.5,30.2,0
0.0,1713.0,116.0,299.0,310.4,28.0,0
1.0,1790.0,123.0,300.0,310.5,25.7,0
1.0,1528.0,163.0,297.4,308.6,29.1,0
1.0,1532.0,194.0,303.7,312.7,42.7,0
1.0,1406.0,159.0,302.0,311.1,48.8,0
0.0,1511.0,27.0,303.5,312.2,37.1,0
2.0,1700.0,120.0,298.4,307.9,28.2,0
0.0,1583.0,171.0,302.0,310.6,35.2,0
1.0,1314.0,193.0,299.2,308.8,52.5,0
0.0,1615.0,15.0,298.0,308.0,29.5,0
1.0,1360.0,77.0,297.6,308.5,48.6,0
1.0,1831.0,133.0,300.4,311.2,23.4,0
1.0,1591.0,182.0,300.5,311.8,42.0,0
0.0,1491.0,231.0,297.6,309.4,40.2,0
0.0,1461.0,49.0,298.6,309.9,45.7,0
0.0,1517.0,107.0,301.2,310.7,39.4,0
0.0,1461.0,0.0,302.6,310.5,45.4,0
0.0,1549.0,105.0,296.8,307.4,48.3,0
0.0,1337.0,87.0,295.8,306.3,54.6,0
0.0,1439.0,35.0,302.6,312.1,52.3,0
0.0,1443.0,70.0,298.1,309.3,45.3,0
0.0,2052.0,40.0,302.5,312.0,18.9,0
1.0,1299.0,48.0,301.8,310.9,60.4,0
0.0,1458.0,111.0,298.4,308.8,40.1,0
1.0,1506.0,53.0,298.7,310.1,50.7,0
2.0,1418.0,207.0,297.9,307.6,43.0,0
0.0,1478.0,180.0,300.3,309.3,39.5,0
1.0,1897.0,50.0,298.5,308.6,20.2,0
1.0,1548.0,140.0,297.3,308.8,41.3,0
0.0,1466.0,152.0,302.4,311.2,43.9,0
2.0,1593.0,118.0,298.0,307.6,32.2,0
0.0,1583.0,112.0,298.4,309.2,35.4,0
0.0,1369.0,93.0,302.6,311.0,60.0,1
1.0,1462.0,158.0,295.6,306.1,49.2,0
1.0,1577.0,4.0,300.5,311.6,36.5,0
1.0,1712.0,43.0,295.7,306.3,28.5,0
0.0,1877.0,96.0,303.5,312.8,22.3,0
0.0,1456.0,0.0,297.8,309.0,41.2,0
0.0,1313.0,170.0,298.0,308.6,50.8,0
0.0,1524.0,71.0,298.1,307.8,40.8,0
0.0,1354.0,157.0,300.5,310.8,51.8,0
0.0,2127.0,53.0,300.6,310.6,18.7,0
1.0,1411.0,110.0,302.5,310.3,49.5,0
0.0,1394.0,140.0,302.2,311.1,53.7,0
0.0,1588.0,114.0,301.0,310.6,33.7,0
0.0,1514.0,98.0,300.0,309.6,44.6,0
0.0,1428.0,88.0,301.3,310.8,55.2,0
1.0,1478.0,87.0,299.7,308.9,41.0,0
1.0,1399.0,132.0,297.0,308.3,46.4,0
0.0,1606.0,130.0,298.1,307.8,33.0,0
2.0,1453.0,105.0,297.2,308.3,45.8,0
0.0,1431.0,113.0,300.2,310.6,42.3,0
0.0,1367.0,204.0,296.9,307.9,47.1,0
2.0,1417.0,155.0,298.5,309.4,41.2,0
1.0,1419.0,81.0,297.6,308.7,41.7,0
2.0,1623.0,224.0,297.6,309.5,33.1,0
0.0,1408.0,0.0,299.2,309.0,47.2,0
0.0,1639.0,48.0,300.7,310.2,31.4,0
2.0,1656.0,127.0,300.4,310.7,36.3,0
0.0,1549.0,199.0,302.6,310.6,37.5,0
0.0,1590.0,58.0,302.4,311.5,39.9,0
0.0,1327.0,57.0,304.1,313.1,54.1,0
1.0,1428.0,88.0,304.1,313.5,39.9,0
0.0,1304.0,142.0,296.8,307.6,48.7,0
2.0,1636.0,180.0,299.3,308.8,35.5,0
1.0,1645.0,129.0,303.0,312.4,29.6,0
0.0,1261.0,98.0,300.7,310.1,56.6,0
2.0,1632.0,76.0,295.6,306.2,32.2,0
0.0,1444.0,17.0,297.7,307.2,40.0,0
1.0,1765.0,115.0,303.6,312.7,27.5,0
1.0,1618.0,59.0,301.8,310.8,37.8,0
0.0,1354.0,16.0,296.9,307.5,44.4,0
0.0,1653.0,34.0,302.3,310.1,29.7,0
2.0,1436.0,153.0,298.2,308.8,51.9,0
1.0,1510.0,27.0,301.7,311.0,47.8,0
0.0,1894.0,188.0,300.9,310.5,21.9,0
0.0,1470.0,197.0,297.5,309.3,38.8,0
0.0,1353.0,188.0,297.4,308.8,49.4,0
0.0,1330.0,171.0,300.7,309.8,54.4,0
0.0,1401.0,203.0,302.5,311.9,44.9,0
0.0,1584.0,74.0,303.5,312.3,35.2,0
1.0,1692.0,5.0,301.4,310.7,32.3,0
0.0,1615.0,235.0,302.0,310.8,29.0,1
0.0,1375.0,94.0,298.4,308.1,50.8,0
0.0,1479.0,197.0,300.7,309.5,34.5,0
0.0,1370.0,107.0,300.9,310.9,52.5,0
1.0,1412.0,130.0,299.8,309.4,47.8,0
0.0,1428.0,109.0,300.6,309.9,48.8,0
0.0,1535.0,204.0,301.5,310.5,39.0,0
0.0,1461.0,141.0,298.8,309.8,39.4,0
1.0,1863.0,85.0,302.2,311.5,25.7,0
1.0,1566.0,76.0,297.4,308.5,31.4,0
0.0,1409.0,66.0,301.2,310.6,50.9,0
1.0,1569.0,173.0,298.0,307.6,35.6,0
1.0,1419.0,20.0,301.9,310.9,47.7,1
1.0,1479.0,182.0,297.6,308.9,38.1,0
2.0,1382.0,199.0,299.0,308.8,58.5,0
0.0,1408.0,98.0,298.3,309.0,45.4,0
1.0,1315.0,59.0,298.1,308.7,56.8,0
1.0,1427.0,196.0,300.2,311.4,39.7,0
0.0,1463.0,41.0,300.6,311.9,38.2,0
0.0,1425.0,102.0,300.5,311.6,42.4,0
1.0,1635.0,23.0,302.1,311.5,31.6,0
0.0,1513.0,117.0,300.4,309.8,32.9,0
0.0,1582.0,68.0,297.4,308.4,37.2,0
0.0,1465.0,127.0,299.3,309.2,41.5,0
2.0,1703.0,205.0,297.6,308.4,31.4,0
2.0,1502.0,169.0,297.4,308.3,43.6,0
0.0,1512.0,44.0,302.6,312.3,34.2,0
1.0,1451.0,11.0,296.2,307.3,42.8,0
0.0,1578.0,86.0,300.8,311.0,44.4,0
0.0,1613.0,0.0,298.5,309.7,36.7,0
0.0,1588.0,39.0,302.2,311.5,30.6,0
1.0,1352.0,172.0,299.4,309.1,44.7,0
2.0,1461.0,118.0,298.8,309.7,55.1,0
0.0,1405.0,218.0,298.0,308.3,56.2,1
0.0,1630.0,92.0,299.0,309.9,34.0,0
1.0,1642.0,37.0,300.2,309.0,31.2,0
0.0,1737.0,130.0,298.8,308.4,27.7,0
1.0,1534.0,47.0,298.8,309.8,37.0,0
0.0,1469.0,65.0,297.3,308.4,46.7,0
1.0,1367.0,167.0,300.7,310.1,52.6,0
1.0,1320.0,59.0,300.5,309.5,49.9,0
2.0,1660.0,72.0,301.7,310.1,29.3,0
2.0,1524.0,170.0,298.8,308.6,37.7,0
0.0,1735.0,192.0,304.2,313.4,28.9,0
0.0,1426.0,121.0,301.5,311.1,52.1,0
0.0,1725.0,205.0,298.5,308.9,31.9,0
2.0,1625.0,70.0,302.2,311.4,35.4,0
2.0,1400.0,43.0,297.6,308.3,44.3,0
0.0,1550.0,35.0,297.9,307.6,39.0,0
1.0,1489.0,212.0,299.0,309.7,40.7,0
1.0,1374.0,222.0,300.3,311.7,47.9,1
1.0,2090.0,143.0,298.0,308.2,19.0,0
2.0,1521.0,40.0,299.1,308.3,36.5,0
1.0,1614.0,106.0,298.0,308.7,30.7,0
1.0,1503.0,109.0,299.2,308.8,37.4,0
0.0,1434.0,108.0,299.0,308.6,45.9,0
0.0,1661.0,129.0,300.7,309.6,30.3,0
1.0,1441.0,0.0,301.9,310.9,43.7,0
0.0,1488.0,51.0,300.3,311.8,38.4,0
0.0,1421.0,85.0,301.7,311.3,45.9,0
1.0,1303.0,52.0,298.1,307.9,53.9,0
0.0,1675.0,12.0,301.3,311.2,32.1,0
0.0,1397.0,80.0,300.6,310.7,53.7,0
0.0,1553.0,44.0,300.2,311.7,41.3,0
0.0,1402.0,204.0,299.9,310.0,44.7,0
1.0,1382.0,17.0,298.1,308.5,54.5,0
0.0,1377.0,34.0,303.4,311.9,41.6,1
1.0,1423.0,187.0,298.7,309.2,48.9,0
0.0,1566.0,18.0,300.0,309.2,34.4,0
0.0,1483.0,187.0,300.0,311.4,45.6,0
1.0,1809.0,126.0,301.1,312.4,25.1,0
0.0,1422.0,83.0,299.3,308.6,48.9,0
0.0,1230.0,162.0,298.2,308.3,59.6,0
1.0,1330.0,201.0,302.4,311.2,58.6,0
1.0,1628.0,27.0,300.2,310.2,30.3,0
0.0,1548.0,21.0,301.7,311.0,40.3,0
0.0,1337.0,106.0,301.3,310.5,52.7,0
0.0,1771.0,202.0,303.4,311.9,31.6,0
0.0,1440.0,146.0,302.7,311.1,39.5,0
0.0,1389.0,125.0,301.4,310.8,52.7,0
1.0,1349.0,104.0,298.3,308.8,52.1,0
1.0,1651.0,114.0,300.0,309.9,28.1,0
2.0,1572.0,202.0,298.7,308.5,35.6,0
0.0,1531.0,116.0,297.3,308.7,36.7,0
0.0,1524.0,128.0,299.1,308.3,34.1,0
0.0,1430.0,24.0,300.2,309.2,43.4,0
0.0,1616.0,155.0,300.5,309.7,34.5,0
1.0,1674.0,76.0,303.3,312.5,32.7,0
0.0,1336.0,68.0,300.7,311.0,53.3,0
0.0,1402.0,98.0,301.0,311.0,55.3,0
1.0,1366.0,94.0,298.8,310.3,59.0,0
0.0,1728.0,37.0,300.0,309.5,26.0,0
0.0,1689.0,151.0,300.8,310.8,32.9,0
2.0,1512.0,49.0,300.9,310.5,41.2,0
1.0,1595.0,135.0,302.0,310.4,32.9,0
0.0,1639.0,171.0,301.4,310.3,32.7,0
0.0,1481.0,197.0,303.9,313.2,44.1,0
1.0,1416.0,167.0,304.3,313.5,48.1,0
0.0,1404.0,86.0,299.4,309.0,47.3,0
2.0,1390.0,131.0,297.4,307.9,52.0,0
1.0,1423.0,93.0,302.3,311.7,44.6,0
0.0,1333.0,11.0,297.3,308.3,55.2,0
0.0,1361.0,182.0,302.0,310.6,46.7,0
0.0,1468.0,2.0,299.2,309.1,45.6,0
1.0,1742.0,150.0,299.2,308.5,28.9,0
1.0,1832.0,129.0,302.2,310.5,23.7,0
1.0,1433.0,62.0,298.1,308.8,48.2,0
2.0,1375.0,186.0,303.6,312.5,54.0,0
0.0,1461.0,105.0,298.8,310.2,46.7,0
1.0,1798.0,203.0,297.8,309.8,25.5,0
0.0,1385.0,169.0,297.3,307.8,44.4,0
0.0,1461.0,188.0,303.8,312.7,38.2,0
0.0,1750.0,171.0,300.6,310.7,30.6,0
1.0,1501.0,195.0,300.1,310.1,39.3,0
0.0,1478.0,116.0,300.1,309.1,46.9,0
0.0,1323.0,79.0,301.5,310.7,49.7,0
0.0,1348.0,78.0,301.3,311.0,44.5,0
0.0,1670.0,139.0,303.7,312.5,26.1,0
0.0,1337.0,52.0,303.4,312.2,69.4,1
0.0,1818.0,14.0,300.4,310.5,25.1,0
0.0,1453.0,168.0,299.6,309.5,41.4,0
0.0,1528.0,185.0,300.6,311.7,43.9,0
0.0,1418.0,12.0,300.8,309.7,46.6,0
0.0,1825.0,127.0,300.8,312.4,23.8,0
2.0,1421.0,149.0,299.1,310.1,41.2,0
0.0,1552.0,77.0,297.5,308.6,44.9,0
0.0,1706.0,103.0,298.9,310.2,27.6,0
0.0,1528.0,196.0,298.4,308.2,36.2,0
0.0,1325.0,127.0,298.6,309.5,52.2,0
2.0,1631.0,0.0,298.3,309.4,29.8,0
0.0,1703.0,85.0,300.0,311.3,30.4,0
0.0,1400.0,34.0,297.8,309.2,56.9,0
0.0,1408.0,89.0,301.6,311.2,42.9,0
2.0,1417.0,26.0,302.9,312.3,48.7,0
1.0,1314.0,136.0,298.6,309.7,49.7,0
1.0,1804.0,215.0,297.5,309.2,27.4,0
0.0,1577.0,100.0,300.7,312.3,33.2,0
2.0,1684.0,156.0,304.2,313.5,29.8,0
1.0,1330.0,190.0,300.8,310.5,59.0,0
0.0,1873.0,211.0,299.5,310.8,22.3,0
1.0,1685.0,130.0,302.3,311.7,30.8,0
0.0,1573.0,103.0,301.0,311.4,37.6,0
0.0,1501.0,226.0,300.6,311.8,44.8,0
0.0,1601.0,31.0,302.7,312.1,35.2,0
0.0,1564.0,171.0,303.4,311.8,35.9,0
0.0,1486.0,105.0,297.3,308.6,42.6,0
0.0,1492.0,195.0,301.4,310.3,41.4,0
0.0,1607.0,49.0,298.0,308.9,37.7,0
0.0,1427.0,0.0,303.8,313.0,43.0,0
0.0,1470.0,86.0,301.4,311.0,40.6,0
0.0,1376.0,172.0,300.8,311.2,48.1,0
0.0,1740.0,164.0,300.9,310.7,25.3,0
1.0,1855.0,43.0,302.3,311.4,23.9,0
2.0,1422.0,156.0,302.5,310.4,41.9,0
0.0,1459.0,193.0,297.5,308.9,48.5,0
2.0,1418.0,116.0,301.8,309.9,51.3,0
2.0,1398.0,122.0,298.4,308.5,47.1,0
1.0,1335.0,164.0,303.0,311.3,53.6,1
1.0,1581.0,75.0,298.8,310.2,37.5,0
0.0,1412.0,153.0,300.4,309.4,51.6,0
0.0,2033.0,15.0,299.0,310.1,19.3,0
0.0,1393.0,35.0,299.2,308.4,48.4,0
0.0,1641.0,192.0,301.7,310.7,31.9,0
0.0,1432.0,198.0,298.1,307.8,49.8,0
1.0,1567.0,130.0,300.9,311.0,34.3,0
1.0,1537.0,33.0,300.4,310.3,35.0,0
2.0,1595.0,112.0,302.5,311.9,34.6,0
2.0,1335.0,62.0,300.7,312.2,49.0,0
0.0,1454.0,166.0,298.3,308.8,49.0,0
0.0,1679.0,136.0,300.4,309.7,30.1,0
1.0,1450.0,68.0,300.2,311.4,38.5,0
1.0,1659.0,152.0,302.9,312.4,33.1,0
0.0,1393.0,12.0,303.2,311.3,52.9,0
0.0,1626.0,130.0,297.6,308.4,32.4,0
0.0,1477.0,16.0,302.5,310.2,41.6,0
1.0,1335.0,40.0,298.9,308.2,47.8,0
2.0,1563.0,100.0,297.5,309.3,36.1,0
1.0,1725.0,172.0,299.1,308.8,26.6,0
0.0,1543.0,60.0,300.6,310.7,39.6,0
1.0,1440.0,30.0,299.7,310.2,42.8,0
1.0,1479.0,24.0,302.0,310.6,40.5,0
1.0,1468.0,34.0,300.5,311.3,41.1,0
0.0,1541.0,208.0,298.7,309.9,38.5,0
0.0,1401.0,38.0,299.4,309.3,59.0,0
0.0,1369.0,164.0,302.1,311.2,50.8,0
0.0,1619.0,57.0,300.7,310.8,34.9,0
2.0,1555.0,118.0,299.0,310.1,38.6,0
1.0,1345.0,71.0,300.1,310.3,57.1,0
1.0,1532.0,77.0,302.6,310.4,36.1,0
0.0,1495.0,188.0,298.1,308.3,38.7,0
0.0,1479.0,155.0,301.2,310.8,41.2,0
0.0,1383.0,188.0,297.4,308.0,46.2,0
0.0,1654.0,25.0,298.1,308.2,32.1,0
0.0,2721.0,18.0,296.9,307.5,9.3,1
0.0,1586.0,0.0,298.3,308.1,35.5,0
0.0,1425.0,7.0,301.4,310.7,45.1,0
0.0,1506.0,50.0,303.3,312.2,40.0,0
1.0,1437.0,110.0,303.9,313.1,48.3,0
0.0,1706.0,170.0,301.4,310.7,27.9,0
1.0,1574.0,113.0,299.8,310.6,31.8,0
2.0,1426.0,73.0,300.2,311.5,44.3,0
0.0,1457.0,96.0,304.2,313.4,49.4,0
0.0,1528.0,160.0,297.5,308.4,39.9,0
0.0,1467.0,169.0,297.1,308.0,42.8,0
0.0,1769.0,188.0,298.2,307.9,27.2,0
0.0,1605.0,151.0,299.7,309.0,33.0,0
0.0,1505.0,85.0,299.0,310.1,41.3,0
0.0,1715.0,192.0,299.7,309.1,27.8,0
0.0,1362.0,206.0,300.3,310.3,60.3,1
0.0,1571.0,5.0,299.0,308.4,38.6,0
0.0,1396.0,13.0,298.9,309.8,49.0,0
1.0,1484.0,80.0,298.8,310.0,44.9,0
0.0,1497.0,44.0,297.5,309.4,35.8,0
0.0,1721.0,50.0,303.7,313.1,34.8,0
0.0,1382.0,134.0,304.1,313.6,46.7,0
0.0,1569.0,11.0,304.4,313.6,38.4,0
0.0,1585.0,118.0,298.2,309.7,37.4,0
0.0,1459.0,63.0,300.6,311.5,47.0,0
1.0,1479.0,59.0,302.3,311.4,45.6,0
0.0,1486.0,112.0,303.0,312.3,42.4,0
0.0,1530.0,93.0,297.5,308.5,38.5,0
0.0,1352.0,212.0,300.9,310.7,46.4,0
1.0,1341.0,210.0,303.4,311.8,47.0,1
1.0,1284.0,166.0,298.9,309.6,55.3,0
0.0,1696.0,133.0,297.5,308.9,30.9,0
0.0,1895.0,134.0,298.8,309.8,22.0,0
1.0,1499.0,154.0,298.8,309.7,40.3,0
1.0,1427.0,75.0,300.6,310.6,52.8,0
0.0,1474.0,95.0,298.4,309.0,52.7,0
1.0,1411.0,44.0,304.2,313.4,54.8,0
0.0,1493.0,87.0,301.7,310.7,51.1,0
1.0,1564.0,183.0,300.2,309.5,33.4,0
0.0,1372.0,95.0,301.8,310.6,54.7,0
0.0,1581.0,42.0,300.4,310.0,30.3,0
0.0,1480.0,160.0,298.5,309.5,38.1,0
1.0,1415.0,82.0,304.0,313.3,52.8,0
0.0,1564.0,122.0,302.4,311.4,35.0,0
1.0,1455.0,162.0,298.7,309.6,46.8,0
1.0,1472.0,199.0,298.9,309.6,46.0,0
0.0,1634.0,12.0,298.8,308.3,27.9,0
2.0,1530.0,65.0,298.1,309.5,40.2,0
1.0,1662.0,67.0,299.0,310.3,33.6,0
1.0,1711.0,140.0,298.8,308.5,28.5,0
1.0,1401.0,198.0,299.2,308.7,47.0,0
1.0,1567.0,131.0,297.8,308.3,35.6,0
0.0,1583.0,25.0,299.0,308.7,32.5,0
0.0,1513.0,32.0,297.5,308.6,39.7,0
0.0,1543.0,164.0,302.1,310.1,35.8,0
0.0,1369.0,71.0,300.6,309.4,51.6,0
0.0,1832.0,70.0,302.2,311.0,23.2,0
0.0,1978.0,208.0,296.6,308.0,22.3,0
0.0,1387.0,160.0,298.3,309.1,52.3,0
0.0,1421.0,33.0,298.3,309.1,47.4,0
1.0,1709.0,65.0,297.6,309.5,32.2,0
0.0,1414.0,162.0,301.4,310.9,38.8,0
0.0,1418.0,60.0,300.0,311.2,47.3,0
1.0,1600.0,205.0,301.5,310.5,32.8,0
0.0,1365.0,143.0,297.6,308.7,50.6,0
0.0,2023.0,5.0,301.7,310.7,20.9,0
0.0,1533.0,159.0,299.0,310.2,43.5,0
0.0,1489.0,89.0,298.2,309.0,40.6,0
0.0,1313.0,67.0,298.2,307.9,67.3,1
0.0,1657.0,151.0,300.8,309.8,31.1,0
0.0,1502.0,0.0,303.7,312.9,40.5,0
0.0,1482.0,17.0,298.1,308.2,37.9,0
0.0,1530.0,169.0,300.4,311.2,32.0,0
0.0,1461.0,154.0,301.0,311.6,40.6,0
0.0,1396.0,136.0,303.7,312.6,44.1,0
0.0,1616.0,25.0,300.9,310.5,33.5,0
0.0,1404.0,32.0,298.5,308.0,48.1,0
0.0,2161.0,5.0,298.1,307.9,17.5,0
0.0,1463.0,160.0,299.2,310.3,38.9,0
2.0,1553.0,179.0,299.7,309.6,41.0,0
0.0,1452.0,15.0,304.3,313.5,41.5,0
0.0,1305.0,17.0,299.1,308.3,61.4,0
1.0,1599.0,208.0,301.6,310.6,36.1,0
1.0,1355.0,63.0,297.4,308.0,55.1,0
0.0,1537.0,103.0,297.0,308.1,39.0,0
0.0,1316.0,55.0,300.5,311.5,49.7,0
0.0,1498.0,23.0,300.8,311.9,39.3,0
0.0,1637.0,207.0,298.6,309.8,34.6,0
1.0,1385.0,34.0,299.3,309.1,45.6,0
1.0,1568.0,135.0,301.9,309.7,37.5,0
1.0,1340.0,15.0,297.4,308.4,52.6,0
2.0,1623.0,39.0,301.4,310.1,32.3,0
0.0,1735.0,194.0,303.0,311.2,26.1,0
2.0,1460.0,214.0,303.6,312.4,53.7,0
0.0,1443.0,33.0,295.6,306.2,48.9,0
1.0,1660.0,50.0,298.7,308.5,27.0,0
1.0,1427.0,106.0,299.8,309.8,45.2,0
0.0,1548.0,132.0,298.5,309.5,44.5,0
1.0,1592.0,11.0,300.3,311.8,32.1,0
0.0,1348.0,152.0,303.7,312.4,51.0,0
0.0,1708.0,17.0,301.9,310.4,24.8,0
0.0,1413.0,182.0,300.3,311.8,46.0,0
0.0,1767.0,168.0,298.3,308.8,27.3,0
0.0,1615.0,199.0,298.6,309.9,28.8,0
2.0,1735.0,41.0,297.6,309.0,26.4,0
1.0,1521.0,94.0,298.5,309.4,37.5,0
0.0,1429.0,103.0,299.9,311.3,58.2,0
0.0,1444.0,176.0,298.3,308.3,43.8,0
0.0,1666.0,74.0,298.2,308.4,34.6,0
2.0,1451.0,21.0,299.1,308.3,42.8,0
2.0,1662.0,137.0,300.4,311.5,29.0,0
0.0,1514.0,130.0,303.3,311.6,34.7,0
2.0,1375.0,108.0,300.5,312.0,43.2,0
1.0,1402.0,22.0,300.9,310.8,48.1,0
1.0,1467.0,166.0,300.4,309.3,40.3,0
0.0,1377.0,8.0,298.2,309.0,57.8,0
1.0,1419.0,137.0,300.3,309.6,42.5,0
0.0,1660.0,9.0,298.9,308.3,34.4,0
0.0,1326.0,78.0,299.1,310.6,49.7,0
1.0,1397.0,47.0,298.6,309.6,54.1,0
1.0,1639.0,191.0,298.2,308.3,33.3,0
1.0,1364.0,45.0,300.3,309.2,47.6,0
1.0,1675.0,132.0,299.5,309.3,29.2,0
0.0,1313.0,127.0,301.3,310.3,55.6,0
0.0,1547.0,103.0,302.5,310.2,36.9,0
1.0,1597.0,177.0,301.8,311.1,29.8,0
0.0,1567.0,214.0,301.9,310.9,39.0,1
1.0,1592.0,174.0,301.1,311.1,35.7,0
1.0,1513.0,157.0,300.2,311.6,40.8,0
0.0,1497.0,58.0,303.4,311.6,42.8,0
1.0,1569.0,176.0,300.2,309.9,31.2,0
0.0,1457.0,89.0,299.8,309.7,51.9,0
0.0,1686.0,135.0,301.5,310.7,27.9,0
2.0,1448.0,163.0,300.1,309.3,45.8,0
1.0,1625.0,173.0,301.2,310.0,31.6,0
2.0,1651.0,50.0,303.3,311.4,30.6,0
1.0,1478.0,95.0,297.4,308.4,46.2,0
1.0,1452.0,25.0,300.9,310.7,47.3,0
0.0,1446.0,66.0,300.2,311.6,47.3,0
0.0,1394.0,11.0,298.7,309.8,40.3,0
1.0,1667.0,160.0,303.1,312.5,30.0,0
0.0,1333.0,40.0,299.6,310.2,51.2,0
1.0,1535.0,71.0,300.8,312.3,40.3,0
0.0,1670.0,2.0,302.8,310.6,29.1,0
2.0,1383.0,33.0,300.1,311.5,49.1,0
0.0,1949.0,5.0,295.6,306.0,21.9,0
0.0,1340.0,6.0,297.8,309.0,56.9,0
0.0,1558.0,113.0,300.5,312.0,36.7,0
1.0,1580.0,195.0,299.1,310.0,36.0,0
0.0,1473.0,125.0,299.7,309.1,39.4,0
0.0,1455.0,145.0,299.1,308.5,39.8,0
2.0,1655.0,142.0,302.5,311.5,32.3,0
0.0,1452.0,126.0,304.1,313.2,48.0,0
0.0,1285.0,100.0,296.9,307.8,52.1,0
0.0,1357.0,106.0,299.5,309.1,47.3,0
1.0,1491.0,166.0,299.1,308.6,38.5,0
0.0,1493.0,146.0,297.2,307.9,38.4,0
0.0,1337.0,62.0,300.6,310.1,45.8,0
0.0,1578.0,141.0,302.9,312.3,36.3,0
1.0,1648.0,104.0,303.0,312.8,32.1,0
2.0,1318.0,0.0,298.2,307.6,55.7,0
0.0,1379.0,28.0,297.9,309.0,47.3,0
1.0,1587.0,108.0,304.1,313.5,33.6,0
0.0,1480.0,97.0,301.2,312.4,53.5,0
1.0,1948.0,185.0,299.8,311.0,20.0,0
2.0,1560.0,53.0,298.7,308.4,33.3,0
1.0,1366.0,49.0,303.7,312.8,47.3,0
0.0,1641.0,12.0,301.0,310.6,33.4,0
2.0,1388.0,83.0,298.1,308.9,53.5,0
1.0,1748.0,42.0,300.1,311.3,26.6,0
0.0,1522.0,2.0,298.9,308.6,46.4,0
2.0,1585.0,37.0,297.4,308.2,46.2,0
1.0,1902.0,129.0,297.8,307.4,24.3,0
1.0,1451.0,35.0,302.6,310.4,43.1,0
0.0,1736.0,99.0,303.6,311.8,32.9,0
0.0,1410.0,223.0,301.9,309.6,49.0,0
2.0,1458.0,156.0,298.9,310.1,44.3,0
1.0,1357.0,96.0,299.6,310.1,48.7,0
2.0,1588.0,0.0,299.6,309.1,41.3,0
0.0,1402.0,114.0,297.4,308.7,40.2,0
1.0,1445.0,65.0,302.3,311.5,44.8,0
0.0,1287.0,216.0,298.9,309.8,61.9,1
0.0,1425.0,100.0,300.7,309.3,45.3,0
2.0,1598.0,71.0,301.2,310.9,35.9,0
1.0,1424.0,131.0,301.2,311.0,41.4,0
0.0,1455.0,208.0,298.8,308.9,41.3,1
1.0,1401.0,143.0,299.8,309.4,48.1,0
0.0,1628.0,15.0,302.6,312.4,33.0,0
0.0,1430.0,124.0,299.6,311.0,38.3,0
0.0,2143.0,227.0,302.0,310.8,17.3,0
2.0,1456.0,182.0,299.7,309.2,40.6,0
1.0,1363.0,115.0,298.9,309.8,50.6,0
0.0,1331.0,154.0,302.6,310.9,52.0,1
1.0,1348.0,48.0,300.1,309.7,57.3,0
1.0,1381.0,54.0,299.2,308.4,42.5,0
0.0,1874.0,28.0,297.7,309.0,24.4,0
0.0,1471.0,193.0,301.4,310.4,37.5,0
0.0,1670.0,68.0,299.4,309.1,35.9,0
0.0,1557.0,60.0,296.6,307.5,35.1,0
0.0,1355.0,37.0,301.4,311.2,50.6,0
0.0,1492.0,128.0,300.2,311.5,41.8,0
1.0,1734.0,116.0,302.2,311.5,25.0,0
0.0,1627.0,147.0,300.2,311.0,33.7,0
2.0,1388.0,68.0,301.1,310.6,58.5,0
1.0,1408.0,147.0,297.6,308.7,54.8,0
0.0,1367.0,129.0,300.5,309.8,54.0,0
0.0,1971.0,155.0,298.9,310.2,23.2,0
1.0,1419.0,142.0,298.1,307.7,47.4,0
1.0,1562.0,58.0,300.7,311.3,37.1,0
0.0,1434.0,2.0,297.4,308.4,39.9,0
1.0,1540.0,146.0,303.7,312.4,37.4,0
0.0,1525.0,145.0,303.8,313.2,41.9,0
0.0,1761.0,174.0,301.3,310.7,24.3,0
2.0,1419.0,3.0,300.6,310.6,39.6,0
2.0,1516.0,83.0,301.4,310.7,36.4,0
1.0,1368.0,92.0,301.4,310.7,63.7,1
0.0,1442.0,11.0,299.2,308.5,46.5,0
0.0,1403.0,0.0,297.8,309.0,64.2,1
0.0,1486.0,56.0,300.7,311.2,46.8,0
0.0,1610.0,194.0,298.4,309.2,32.4,0
0.0,1548.0,25.0,300.3,311.5,32.2,0
0.0,1553.0,174.0,299.7,309.6,36.8,0
0.0,1496.0,104.0,299.1,310.2,45.0,0
0.0,1479.0,194.0,301.0,310.9,44.3,0
0.0,1654.0,57.0,300.6,309.4,32.8,0
0.0,1416.0,214.0,300.7,310.7,40.4,0
0.0,1395.0,181.0,300.0,309.4,44.5,0
0.0,1537.0,175.0,298.6,309.3,37.6,0
0.0,1518.0,5.0,300.2,310.4,41.8,0
0.0,1569.0,155.0,299.1,310.2,38.2,0
0.0,1825.0,142.0,297.2,307.9,24.6,0
0.0,2029.0,96.0,298.2,307.8,19.9,0
0.0,1331.0,81.0,298.8,308.6,62.8,0
0.0,1607.0,145.0,299.4,309.2,31.7,0
1.0,1358.0,50.0,299.0,308.2,42.7,0
0.0,1366.0,221.0,302.8,312.3,49.1,0
2.0,1671.0,158.0,297.5,308.5,28.0,0
0.0,1803.0,98.0,297.5,309.4,24.7,0
0.0,1423.0,63.0,300.9,312.1,40.2,0
2.0,1302.0,87.0,299.7,309.2,55.5,0
0.0,1405.0,58.0,300.4,311.8,47.9,0
0.0,1394.0,179.0,299.0,309.1,45.1,0
0.0,1414.0,159.0,298.1,307.7,48.7,0
0.0,1260.0,137.0,297.5,308.6,53.6,0
0.0,1507.0,170.0,297.1,307.9,38.3,0
1.0,1431.0,26.0,297.6,308.5,52.6,0
0.0,1536.0,31.0,301.3,310.7,39.3,0
0.0,1519.0,69.0,300.6,310.2,44.6,0
1.0,1867.0,103.0,300.5,312.0,23.0,0
0.0,1295.0,51.0,303.4,311.7,51.3,1
1.0,1573.0,91.0,298.8,310.3,41.8,0
1.0,1548.0,31.0,300.1,308.9,38.4,0
0.0,1753.0,8.0,300.8,311.7,29.0,0
0.0,1270.0,182.0,302.0,311.2,65.3,1
0.0,1538.0,59.0,298.2,308.0,38.2,0
2.0,1587.0,57.0,301.5,310.5,33.8,0
2.0,1688.0,115.0,302.3,310.1,30.4,0
2.0,2540.0,98.0,297.0,308.1,13.3,0
0.0,1529.0,91.0,301.1,310.5,38.7,0
0.0,1575.0,54.0,303.6,313.0,38.3,0
0.0,1645.0,157.0,298.8,309.5,32.8,0
2.0,1640.0,79.0,297.6,308.3,30.9,0
0.0,1570.0,202.0,301.1,311.1,41.6,0
0.0,1430.0,49.0,298.0,307.7,47.3,0
0.0,1663.0,67.0,298.8,309.8,28.2,0
0.0,1228.0,109.0,300.9,310.9,66.4,0
0.0,1451.0,0.0,301.5,310.9,40.6,0
1.0,1329.0,75.0,304.2,313.4,54.5,0
0.0,1760.0,193.0,300.0,310.2,26.9,0
1.0,1602.0,210.0,299.5,309.0,31.3,0
1.0,1364.0,104.0,299.2,308.3,51.8,0
0.0,1519.0,90.0,301.9,310.8,39.0,0
0.0,1439.0,104.0,298.8,309.1,39.2,0
0.0,1429.0,126.0,299.0,308.6,37.7,0
1.0,1409.0,26.0,301.8,310.3,52.5,0
0.0,1487.0,94.0,303.7,312.2,34.0,0
0.0,1420.0,138.0,296.7,307.9,50.1,0
0.0,1600.0,23.0,300.2,310.2,31.5,0
1.0,1620.0,80.0,303.9,313.0,36.6,0
1.0,1521.0,13.0,301.0,311.2,35.8,0
0.0,1449.0,26.0,298.6,309.3,46.5,0
0.0,1537.0,91.0,302.6,311.0,35.5,0
1.0,1558.0,207.0,302.3,310.9,31.9,0
0.0,1376.0,126.0,301.9,310.4,54.9,1
0.0,1688.0,31.0,301.8,310.3,28.8,0
1.0,1410.0,111.0,300.5,309.8,44.4,0
0.0,1605.0,84.0,296.9,307.8,37.0,0
0.0,1498.0,116.0,299.6,310.8,46.9,0
1.0,1487.0,160.0,298.0,307.7,41.3,0
1.0,1524.0,147.0,301.7,310.8,41.3,0
1.0,1530.0,10.0,297.6,309.6,37.3,0
1.0,1412.0,24.0,299.1,310.1,44.4,0
0.0,1426.0,124.0,295.6,306.2,48.6,0
0.0,1423.0,123.0,300.8,312.5,47.3,0
1.0,1556.0,124.0,299.8,309.7,37.7,0
0.0,1570.0,154.0,297.4,309.0,37.9,0
1.0,1505.0,190.0,301.7,311.0,37.1,0
0.0,1382.0,203.0,303.0,311.2,50.5,0
0.0,1561.0,16.0,297.9,307.5,37.7,0
0.0,1567.0,100.0,302.2,310.7,36.4,0
1.0,1477.0,53.0,296.2,307.3,35.2,0
0.0,1528.0,30.0,302.3,311.0,43.1,0
2.0,1531.0,62.0,299.6,310.1,36.8,0
0.0,1493.0,90.0,295.8,306.5,40.5,0
1.0,1555.0,169.0,300.2,311.7,37.4,0
0.0,1263.0,197.0,302.7,310.5,67.8,1
0.0,1392.0,173.0,301.0,310.9,52.9,0
0.0,1564.0,15.0,302.0,310.9,39.0,0
0.0,1540.0,196.0,303.7,312.7,44.8,0
0.0,1855.0,33.0,298.9,308.3,23.8,0
0.0,1446.0,82.0,300.3,311.5,45.0,0
0.0,1762.0,154.0,297.3,308.1,26.1,0
2.0,1615.0,221.0,298.9,310.6,33.0,0
0.0,1499.0,205.0,300.7,311.7,38.4,0
1.0,1569.0,141.0,297.0,307.9,33.3,0
1.0,1365.0,70.0,300.6,309.6,50.0,0
1.0,1608.0,106.0,298.2,307.7,33.8,0
1.0,1482.0,153.0,296.6,307.5,39.9,0
0.0,1525.0,160.0,299.6,309.0,42.8,0
0.0,1472.0,91.0,301.6,309.8,42.5,0
0.0,1661.0,158.0,300.5,311.6,30.0,0
0.0,1515.0,5.0,300.3,311.7,37.5,0
0.0,1500.0,161.0,297.2,308.6,37.1,0
0.0,1635.0,107.0,300.6,310.0,31.0,0
0.0,1441.0,148.0,300.1,309.2,42.9,0
0.0,1463.0,116.0,298.3,309.9,43.9,0
0.0,1477.0,19.0,299.2,310.7,44.0,0
2.0,1457.0,23.0,302.4,312.0,43.4,0
0.0,1585.0,50.0,301.0,312.1,32.3,0
0.0,1343.0,98.0,300.2,309.5,50.2,0
1.0,1371.0,205.0,300.8,310.7,44.7,0
1.0,1406.0,40.0,300.2,309.1,42.2,0
0.0,1609.0,49.0,302.3,311.4,32.3,0
0.0,1613.0,97.0,301.6,310.6,42.5,0
0.0,1411.0,140.0,300.6,309.6,41.6,0
1.0,1492.0,223.0,301.3,311.1,41.2,0
2.0,1744.0,0.0,299.0,310.2,31.5,0
0.0,1695.0,108.0,301.3,310.4,30.9,0
1.0,1924.0,29.0,298.1,308.0,20.8,0
1.0,1644.0,201.0,301.7,310.9,32.5,0
0.0,2267.0,181.0,297.1,308.2,15.7,0
0.0,1696.0,73.0,300.7,310.2,27.5,0
0.0,1602.0,211.0,298.8,310.6,39.1,0
0.0,1753.0,40.0,298.7,309.9,26.8,0
0.0,1479.0,151.0,297.0,307.9,39.2,0
0.0,1290.0,43.0,297.9,309.0,49.8,0
2.0,1364.0,208.0,300.7,310.2,65.3,1
1.0,1479.0,72.0,301.1,310.6,41.1,0
0.0,1450.0,57.0,298.8,308.5,50.8,0
0.0,1473.0,128.0,298.8,308.4,41.1,0
0.0,2129.0,148.0,297.8,308.4,19.2,0
1.0,1461.0,53.0,300.8,310.8,41.3,0
0.0,1643.0,191.0,296.8,308.2,34.7,0
0.0,1706.0,206.0,299.0,308.7,28.6,0
1.0,1721.0,170.0,298.5,309.2,29.4,0
0.0,1430.0,85.0,300.8,311.2,54.4,0
2.0,1397.0,191.0,299.3,308.8,45.4,0
0.0,1430.0,122.0,301.0,309.5,48.5,0
0.0,1639.0,94.0,301.4,310.4,28.9,0
0.0,1592.0,60.0,298.9,309.9,32.0,0
0.0,1685.0,179.0,297.8,308.4,28.4,0
1.0,1410.0,105.0,299.7,310.4,44.5,0
1.0,1507.0,70.0,302.3,311.2,47.7,0
1.0,1474.0,198.0,300.2,310.1,44.0,0
0.0,2188.0,32.0,297.3,308.3,17.0,0
0.0,1896.0,186.0,297.7,308.8,24.5,0
0.0,1454.0,35.0,298.0,308.1,37.1,0
0.0,1656.0,44.0,300.6,310.1,32.7,0
0.0,1694.0,40.0,303.5,312.7,27.3,0
0.0,1325.0,104.0,301.6,311.1,49.2,0
0.0,1696.0,5.0,303.6,312.2,30.7,0
0.0,1410.0,23.0,297.3,308.3,48.1,0
1.0,1624.0,107.0,303.9,313.2,39.8,0
0.0,1495.0,193.0,301.4,311.1,36.3,0
1.0,1589.0,184.0,295.3,305.8,36.2,0
0.0,1396.0,212.0,297.3,308.2,52.7,1
0.0,1741.0,60.0,296.9,308.1,28.8,0
0.0,1621.0,36.0,300.3,309.9,34.1,0
0.0,1492.0,189.0,297.3,308.7,43.6,0
1.0,1451.0,32.0,302.8,310.8,44.7,0
1.0,1355.0,8.0,298.4,309.3,50.6,0
2.0,1518.0,87.0,300.1,311.4,46.9,0
0.0,1502.0,139.0,297.6,308.3,43.2,0
0.0,1531.0,213.0,297.4,308.4,41.5,0
0.0,1541.0,98.0,296.5,307.6,38.5,0
2.0,1404.0,97.0,297.7,308.8,50.3,0
1.0,1441.0,61.0,303.3,311.8,44.9,0
0.0,1749.0,40.0,300.9,310.9,26.4,0
0.0,1222.0,62.0,301.6,310.6,70.0,0
0.0,1450.0,63.0,298.8,309.7,43.1,0
0.0,1957.0,55.0,299.4,309.1,22.1,0
1.0,1288.0,79.0,298.8,309.8,61.9,0
1.0,1581.0,113.0,298.0,307.6,43.4,0
0.0,1413.0,122.0,298.9,308.6,46.5,0
0.0,1629.0,151.0,301.5,310.4,34.1,0
1.0,1498.0,176.0,299.8,311.1,38.1,0
1.0,1486.0,196.0,298.3,308.4,44.2,0
1.0,1698.0,100.0,303.6,312.3,31.3,0
0.0,1437.0,120.0,298.5,309.7,42.6,0
1.0,1620.0,75.0,298.0,308.0,29.4,0
0.0,1448.0,192.0,297.8,308.5,40.0,0
2.0,1470.0,23.0,301.1,310.0,40.1,0
0.0,1415.0,169.0,297.6,308.6,47.3,0
0.0,1720.0,178.0,302.3,310.9,28.1,0
0.0,1504.0,142.0,297.3,308.5,42.0,0
0.0,1578.0,219.0,300.8,311.7,31.4,0
1.0,1368.0,81.0,300.0,309.0,45.8,0
0.0,1296.0,41.0,297.9,308.0,62.9,0
1.0,1346.0,142.0,301.8,310.9,44.6,0
2.0,1544.0,88.0,303.6,311.9,37.1,0
0.0,1719.0,62.0,301.3,310.8,29.5,0
0.0,1494.0,161.0,297.4,308.6,42.6,0
1.0,1411.0,168.0,298.2,308.0,47.2,0
0.0,1485.0,19.0,300.6,310.1,49.9,0
0.0,1570.0,131.0,298.5,309.3,40.1,0
0.0,1403.0,43.0,298.0,309.9,47.7,0
1.0,1569.0,29.0,298.1,307.9,37.0,0
0.0,1810.0,195.0,300.7,309.6,26.0,0
0.0,1487.0,84.0,297.7,308.4,41.4,0
0.0,1497.0,231.0,296.8,308.0,41.7,0
0.0,1553.0,26.0,301.0,311.0,35.8,0
0.0,1436.0,175.0,300.2,311.8,48.2,0
0.0,1340.0,54.0,302.2,310.8,47.8,0
0.0,1553.0,155.0,297.0,307.8,33.3,0
0.0,1596.0,30.0,297.5,308.6,37.1,0
2.0,1359.0,85.0,298.8,308.5,47.6,0
1.0,1445.0,17.0,302.0,310.8,46.3,0
0.0,1433.0,206.0,301.2,311.7,49.3,0
1.0,1350.0,105.0,297.7,308.8,57.0,0
0.0,1694.0,102.0,297.7,308.7,29.1,0
1.0,1301.0,9.0,301.0,311.6,55.0,0
0.0,1709.0,118.0,296.8,307.9,28.4,0
0.0,1399.0,99.0,298.3,307.9,47.8,0
1.0,1442.0,153.0,298.9,310.1,42.9,0
0.0,1611.0,23.0,298.6,309.6,35.7,0
2.0,1393.0,56.0,297.5,308.5,46.6,0
1.0,1292.0,136.0,302.9,312.2,54.4,0
0.0,1361.0,120.0,303.0,312.7,48.8,0
0.0,1638.0,17.0,302.6,311.8,35.1,0
0.0,1682.0,58.0,302.8,312.2,30.9,0
0.0,1429.0,104.0,302.4,310.1,43.7,0
1.0,1359.0,81.0,300.3,311.6,54.1,0
1.0,1598.0,52.0,298.8,308.6,35.1,0
0.0,1297.0,109.0,302.3,311.2,62.5,0
0.0,1397.0,36.0,298.6,308.4,46.4,0
2.0,1354.0,138.0,300.6,312.1,46.9,0
0.0,1440.0,131.0,301.0,311.6,43.3,0
1.0,1694.0,115.0,296.8,307.8,33.0,0
2.0,1464.0,97.0,297.9,307.7,43.2,0
0.0,1433.0,216.0,302.8,312.2,50.0,0
1.0,1377.0,36.0,300.7,310.7,46.7,0
0.0,1622.0,34.0,301.1,311.3,35.6,0
1.0,1444.0,178.0,298.3,308.4,47.5,0
0.0,1529.0,237.0,302.8,312.4,36.8,0
0.0,1396.0,117.0,301.5,310.5,44.5,0
1.0,1421.0,119.0,298.4,308.7,60.7,1
1.0,1419.0,39.0,303.4,311.9,50.9,0
0.0,1629.0,52.0,300.3,310.3,34.1,0
0.0,1309.0,193.0,303.8,313.1,55.8,0
1.0,1670.0,89.0,300.5,311.9,26.3,0
0.0,1802.0,83.0,298.1,309.2,26.9,0
0.0,1529.0,176.0,301.3,310.6,41.8,0
1.0,1442.0,0.0,297.6,309.2,48.1,0
0.0,1517.0,107.0,300.8,312.5,39.2,0
1.0,1702.0,91.0,300.6,310.9,30.3,0
1.0,1538.0,54.0,297.9,308.8,37.6,0
1.0,1398.0,82.0,300.3,309.6,53.7,0
0.0,1668.0,180.0,304.2,313.3,35.7,0
0.0,1642.0,127.0,303.9,312.6,32.3,0
0.0,1386.0,132.0,302.2,310.6,50.0,0
0.0,1733.0,50.0,297.1,308.5,28.7,0
1.0,1360.0,36.0,302.2,311.5,53.0,0
1.0,1375.0,89.0,303.5,312.8,45.7,0
1.0,1603.0,202.0,299.6,310.8,35.4,0
0.0,2109.0,61.0,298.9,310.1,18.0,0
0.0,1693.0,65.0,299.1,308.4,31.6,0
0.0,1452.0,158.0,298.2,308.4,43.5,0
0.0,1571.0,123.0,300.3,311.7,31.2,0
0.0,1380.0,216.0,301.6,310.7,51.8,1
0.0,1395.0,92.0,298.4,308.1,44.0,0
0.0,1653.0,137.0,296.9,307.8,29.7,0
0.0,1502.0,88.0,299.1,308.8,38.3,0
0.0,1751.0,160.0,298.8,309.7,29.6,0
0.0,1880.0,176.0,297.8,307.2,23.0,0
1.0,2089.0,162.0,301.1,311.1,19.8,0
0.0,1393.0,193.0,297.9,308.1,50.3,0
2.0,1369.0,156.0,301.6,310.4,45.4,0
1.0,1502.0,177.0,299.2,310.8,39.8,0
0.0,1541.0,156.0,300.5,311.6,47.8,0
2.0,1448.0,107.0,300.4,309.8,39.7,0
0.0,1820.0,79.0,297.4,308.6,24.6,0
1.0,1537.0,6.0,300.3,310.0,37.5,0
0.0,1429.0,201.0,297.5,308.7,44.3,0
1.0,1651.0,92.0,299.6,309.2,30.8,0
0.0,1408.0,28.0,304.1,313.0,45.3,0
1.0,1393.0,81.0,300.7,309.5,43.9,0
0.0,1903.0,55.0,302.3,311.2,22.9,0
0.0,1567.0,9.0,301.9,310.8,39.3,0
0.0,1616.0,226.0,303.6,312.3,29.3,0
1.0,1630.0,52.0,300.6,311.6,31.8,0
1.0,1420.0,155.0,299.3,309.0,41.6,0
1.0,1500.0,125.0,303.8,312.7,41.7,0
0.0,1360.0,11.0,302.7,312.4,47.8,0
0.0,1508.0,5.0,302.4,312.0,36.9,0
0.0,1391.0,164.0,301.6,310.6,49.4,0
0.0,1501.0,59.0,301.9,311.3,40.8,0
1.0,1685.0,179.0,299.7,309.2,28.9,1
0.0,1744.0,16.0,302.2,310.8,29.7,0
0.0,1486.0,186.0,300.7,310.8,37.1,0
0.0,1416.0,88.0,301.3,310.6,45.2,0
1.0,1461.0,142.0,297.7,309.4,43.7,0
0.0,1461.0,127.0,303.0,312.5,40.2,0
2.0,1357.0,12.0,302.9,312.5,55.0,0
1.0,1512.0,170.0,298.5,309.3,38.1,0
0.0,1431.0,199.0,300.9,309.7,41.4,0
1.0,1617.0,95.0,303.6,311.9,36.0,0
1.0,1587.0,203.0,298.6,309.1,37.3,0
0.0,1789.0,163.0,303.9,312.7,24.4,0
0.0,1567.0,114.0,301.7,310.5,39.1,0
0.0,1438.0,139.0,300.1,311.4,42.2,0
0.0,1370.0,153.0,301.9,310.4,51.7,1
1.0,1450.0,101.0,304.0,313.1,42.8,0
2.0,1526.0,165.0,297.7,308.2,40.1,0
1.0,1364.0,167.0,303.8,312.7,49.3,0
0.0,1507.0,13.0,297.9,309.1,36.9,0
0.0,1463.0,189.0,302.5,310.5,43.0,0
0.0,1489.0,35.0,302.2,311.5,38.3,0
1.0,1311.0,44.0,298.6,309.2,46.6,0
0.0,1565.0,12.0,303.5,311.9,38.9,0
0.0,1602.0,21.0,297.9,307.5,38.3,0
0.0,1418.0,147.0,300.6,309.8,42.7,0
0.0,1561.0,9.0,296.8,308.0,38.3,0
1.0,1644.0,46.0,298.7,310.1,34.1,0
0.0,1539.0,2.0,298.7,309.8,33.4,0
0.0,1443.0,134.0,301.8,311.5,43.3,0
0.0,1492.0,149.0,300.4,311.5,44.6,0
0.0,1412.0,85.0,299.7,309.0,49.2,0
1.0,1459.0,87.0,299.3,308.7,35.6,0
0.0,1395.0,122.0,300.0,309.3,56.5,0
0.0,1699.0,199.0,297.8,308.5,27.8,0
0.0,1324.0,173.0,297.4,309.0,56.9,0
0.0,1298.0,19.0,300.4,310.4,61.4,0
0.0,1393.0,20.0,299.5,309.2,47.3,0
0.0,1563.0,8.0,302.0,311.0,36.2,0
1.0,1599.0,173.0,298.2,307.8,31.2,0
1.0,1458.0,61.0,298.6,310.1,41.9,0
1.0,1951.0,38.0,296.1,306.9,23.3,0
1.0,1416.0,241.0,302.8,312.3,42.7,0
2.0,1469.0,96.0,297.7,308.8,43.7,0
2.0,2011.0,59.0,298.5,309.4,21.0,0
0.0,1479.0,93.0,297.7,308.7,45.7,0
0.0,1624.0,175.0,300.3,309.6,32.6,0
1.0,1290.0,63.0,301.6,310.8,65.3,0
0.0,1388.0,123.0,299.3,309.1,45.5,0
1.0,1901.0,110.0,303.9,313.0,22.5,0
2.0,1309.0,185.0,298.8,309.6,57.4,0
1.0,1442.0,165.0,299.3,308.8,49.0,0
0.0,1977.0,182.0,297.9,307.6,20.2,0
0.0,1426.0,70.0,297.4,308.4,50.4,0
0.0,1353.0,38.0,298.2,308.6,54.1,0
0.0,1435.0,16.0,301.9,311.2,44.2,0
0.0,1318.0,194.0,301.7,310.7,55.0,0
1.0,1320.0,142.0,300.3,309.5,62.2,0
0.0,1384.0,188.0,299.7,310.9,48.2,0
1.0,1323.0,88.0,298.1,308.9,51.7,0
0.0,1297.0,211.0,297.4,308.2,52.1,0
1.0,1319.0,24.0,296.3,307.2,68.3,1
0.0,1589.0,191.0,300.4,311.1,35.5,0
0.0,1461.0,49.0,301.8,310.7,44.2,0
1.0,1412.0,89.0,301.9,310.6,46.5,0
0.0,1405.0,18.0,299.1,309.0,53.8,0
0.0,1404.0,54.0,298.7,310.2,50.3,0
1.0,1573.0,9.0,297.7,308.9,35.1,0
0.0,1294.0,102.0,304.0,313.3,54.6,0
0.0,1626.0,209.0,303.9,313.0,31.4,0
0.0,1453.0,129.0,301.5,310.5,44.2,0
1.0,1491.0,13.0,298.4,309.2,51.2,0
1.0,1505.0,215.0,297.5,308.4,37.2,0
1.0,1566.0,204.0,300.5,309.8,35.9,0
1.0,1441.0,33.0,300.7,311.5,40.6,0
0.0,1481.0,90.0,299.5,310.0,43.1,0
0.0,1379.0,91.0,298.3,308.9,54.7,0
0.0,1757.0,118.0,297.9,308.6,27.5,0
0.0,1332.0,111.0,300.4,311.6,54.6,0
0.0,1433.0,86.0,300.3,310.6,53.8,0
1.0,1699.0,40.0,297.5,308.5,30.1,0
0.0,1490.0,170.0,298.3,308.4,41.7,0
1.0,1565.0,110.0,301.4,310.6,36.1,0
0.0,1450.0,165.0,302.0,310.4,46.6,0
2.0,1455.0,188.0,301.3,310.1,44.1,0
0.0,1486.0,39.0,299.1,310.1,40.7,0
0.0,1525.0,227.0,301.8,309.5,39.6,0
0.0,1435.0,31.0,300.5,310.3,43.3,0
2.0,1555.0,190.0,297.8,307.3,35.8,0
0.0,1608.0,119.0,301.1,310.8,32.9,0
0.0,1334.0,42.0,298.8,309.8,49.3,0
1.0,1530.0,163.0,299.8,310.8,35.2,0
0.0,1499.0,7.0,303.9,313.2,37.4,0
0.0,1490.0,164.0,297.4,308.3,42.6,0
0.0,1341.0,49.0,297.4,308.4,52.2,0
1.0,1983.0,83.0,300.2,310.6,20.8,0
1.0,1567.0,114.0,302.0,310.4,36.4,0
0.0,1492.0,111.0,300.1,310.5,50.9,0
0.0,1513.0,0.0,303.2,311.5,37.9,0
1.0,1623.0,101.0,303.1,312.3,31.6,0
0.0,1647.0,52.0,302.6,312.3,31.8,0
1.0,1425.0,11.0,298.1,308.6,41.9,0
1.0,1402.0,52.0,302.9,311.0,40.7,0
1.0,1543.0,199.0,298.3,309.5,49.9,0
0.0,1500.0,115.0,298.9,309.9,44.2,0
0.0,1490.0,158.0,299.2,308.5,43.2,0
0.0,1565.0,89.0,296.8,307.7,40.1,0
0.0,1436.0,119.0,300.7,311.0,44.9,0
0.0,1533.0,198.0,300.7,310.3,35.6,0
0.0,1479.0,92.0,303.4,312.3,42.8,0
1.0,1434.0,180.0,298.9,309.6,43.8,0
0.0,1267.0,76.0,299.2,308.6,68.2,1
0.0,1377.0,54.0,302.6,312.2,45.5,0
1.0,1592.0,153.0,299.1,308.5,34.2,0
1.0,1693.0,170.0,298.8,309.6,33.3,0
0.0,2886.0,57.0,298.3,308.0,3.8,1
0.0,1462.0,165.0,303.7,312.5,46.2,0
0.0,1469.0,205.0,298.6,309.8,42.8,0
1.0,1446.0,163.0,303.4,311.6,50.0,0
0.0,1548.0,59.0,301.2,310.3,38.6,0
0.0,1925.0,74.0,300.7,310.8,22.0,0
0.0,1454.0,153.0,302.1,311.2,59.2,1
0.0,1373.0,108.0,298.9,309.9,52.1,0
1.0,1503.0,200.0,301.5,310.5,38.2,0
0.0,1343.0,25.0,301.7,311.0,49.2,0
0.0,1480.0,153.0,300.6,309.9,43.7,0
0.0,1522.0,133.0,303.6,313.0,35.8,0
0.0,1611.0,186.0,302.7,312.2,34.1,0
0.0,1834.0,146.0,301.6,310.6,23.5,0
2.0,1441.0,74.0,302.3,311.6,53.9,0
0.0,1387.0,50.0,298.6,309.6,57.6,0
0.0,1969.0,59.0,304.1,313.1,20.8,0
0.0,1581.0,31.0,297.7,307.7,34.9,0
0.0,1493.0,14.0,303.5,311.9,38.7,0
1.0,1448.0,74.0,299.5,308.9,42.9,0
0.0,1708.0,42.0,298.3,308.9,28.0,0
1.0,1390.0,5.0,298.4,309.3,53.6,0
0.0,1575.0,42.0,299.0,310.2,37.8,0
2.0,1531.0,212.0,298.5,309.0,30.8,0
1.0,1415.0,82.0,301.6,311.2,46.5,0
1.0,1330.0,114.0,298.3,307.8,55.4,0
0.0,1473.0,35.0,300.0,309.3,46.0,0
0.0,1515.0,179.0,298.4,308.4,40.1,0
0.0,1569.0,31.0,300.7,310.2,32.8,0
1.0,1495.0,193.0,300.1,311.3,41.0,0
1.0,1664.0,142.0,296.8,307.8,32.8,0
0.0,1641.0,125.0,303.7,312.5,36.0,0
1.0,1385.0,5.0,296.2,307.2,44.0,0
1.0,1553.0,60.0,297.5,309.5,42.4,0
0.0,1430.0,15.0,297.3,308.4,45.7,0
0.0,1470.0,180.0,298.2,307.5,51.3,0
0.0,1671.0,136.0,297.5,308.6,29.4,0
0.0,1447.0,204.0,300.5,311.6,45.4,0
0.0,1383.0,60.0,300.2,311.5,42.1,0
0.0,1816.0,15.0,299.5,309.2,23.0,0
0.0,1489.0,32.0,299.1,308.3,38.1,0
1.0,1364.0,213.0,302.1,310.7,47.8,1
0.0,1573.0,2.0,300.9,310.7,31.2,0
0.0,1385.0,158.0,298.0,307.6,45.0,0
0.0,1557.0,157.0,301.4,310.6,38.2,0
0.0,1568.0,49.0,301.2,310.7,38.3,0
0.0,1362.0,213.0,297.0,308.1,52.5,1
0.0,1639.0,47.0,301.5,310.1,33.4,0
0.0,1436.0,90.0,301.4,310.7,54.1,0
0.0,1400.0,202.0,296.9,307.8,57.1,1
1.0,1609.0,151.0,298.3,307.9,32.4,0
0.0,1657.0,3.0,302.3,311.0,31.1,0
0.0,1604.0,191.0,300.1,311.4,35.0,0
0.0,1530.0,207.0,302.2,311.3,37.3,1
1.0,1510.0,152.0,301.6,310.9,40.9,0
1.0,2456.0,82.0,297.9,309.0,13.9,0
1.0,1477.0,40.0,295.6,306.2,45.0,0
0.0,1954.0,13.0,302.7,312.4,24.8,0
0.0,1471.0,109.0,299.9,309.3,41.8,0
0.0,1297.0,130.0,300.6,310.1,50.0,0
0.0,1524.0,96.0,303.5,312.8,39.4,0
1.0,1571.0,17.0,302.3,311.4,32.7,0
1.0,1846.0,41.0,297.3,308.2,24.5,0
2.0,1547.0,186.0,298.0,307.7,36.8,0
0.0,1420.0,73.0,297.3,308.0,46.5,0
1.0,1423.0,67.0,300.0,309.6,48.7,0
0.0,1487.0,36.0,301.7,310.1,48.0,0
2.0,1509.0,125.0,300.3,309.9,46.6,0
1.0,1283.0,83.0,299.6,309.4,62.1,0
2.0,1603.0,148.0,302.7,312.1,32.5,0
1.0,1514.0,121.0,303.9,313.1,41.1,0
0.0,1794.0,211.0,300.6,310.3,24.4,0
1.0,1490.0,126.0,299.7,310.5,41.2,0
1.0,1423.0,80.0,302.1,311.1,36.8,0
0.0,1488.0,178.0,302.2,311.7,44.6,0
0.0,1382.0,201.0,296.2,307.2,52.0,0
0.0,1532.0,15.0,301.6,310.9,43.6,0
2.0,1430.0,153.0,297.3,308.7,42.8,0
0.0,1959.0,157.0,303.5,311.7,22.3,0
0.0,1362.0,216.0,298.0,308.3,56.8,1
0.0,1398.0,12.0,297.3,308.5,60.4,0
0.0,1805.0,96.0,298.2,308.3,31.6,0
1.0,1298.0,168.0,301.7,311.0,58.1,0
1.0,1659.0,94.0,303.6,311.8,34.7,0
1.0,1765.0,179.0,301.0,310.9,24.2,0
0.0,1862.0,172.0,298.3,308.9,27.0,0
0.0,1985.0,190.0,302.5,311.5,18.8,0
0.0,1477.0,184.0,302.1,310.9,41.4,0
1.0,1630.0,223.0,303.6,312.3,32.4,0
0.0,1468.0,76.0,300.6,309.4,44.1,0
0.0,1553.0,83.0,299.6,310.1,38.0,0
0.0,1417.0,223.0,300.8,311.8,43.4,0
0.0,1520.0,122.0,299.5,308.9,38.3,0
1.0,1589.0,52.0,300.7,309.4,35.0,0
0.0,1467.0,216.0,297.3,308.7,36.8,0
1.0,1403.0,77.0,297.3,308.0,45.0,0
0.0,1509.0,202.0,300.5,311.6,47.2,0
0.0,1347.0,43.0,296.8,307.5,54.8,0
0.0,1923.0,18.0,302.6,310.2,21.5,0
0.0,1927.0,112.0,296.7,307.7,23.9,0
0.0,1472.0,73.0,301.0,311.3,35.3,0
1.0,1616.0,183.0,300.1,311.1,35.2,0
0.0,1450.0,112.0,298.4,309.5,47.9,0
0.0,1746.0,167.0,302.3,312.0,28.1,0
0.0,1666.0,30.0,298.2,308.8,31.5,0
1.0,1631.0,64.0,299.2,308.6,35.4,0
1.0,1590.0,113.0,303.4,312.8,36.3,0
0.0,1466.0,58.0,299.8,311.1,46.1,0
2.0,1369.0,104.0,299.1,310.4,54.5,0
1.0,1543.0,8.0,297.8,307.8,43.7,0
0.0,1886.0,198.0,299.0,308.5,23.0,0
0.0,1376.0,215.0,299.4,310.8,53.9,1
0.0,1528.0,198.0,301.5,310.5,35.7,0
0.0,1408.0,177.0,298.3,308.4,43.1,0
2.0,1505.0,78.0,301.2,310.5,43.6,0
0.0,1465.0,215.0,296.3,307.4,47.1,0
1.0,1560.0,131.0,298.3,309.5,36.9,0
1.0,1485.0,13.0,298.3,307.8,42.0,0
0.0,1488.0,134.0,302.5,310.4,48.4,0
2.0,1499.0,84.0,298.7,308.6,43.5,0
0.0,1654.0,188.0,296.3,307.1,29.6,0
0.0,1885.0,147.0,302.6,311.5,27.5,0
0.0,1509.0,153.0,300.5,310.8,33.0,0
0.0,2248.0,204.0,299.0,308.7,16.8,0
0.0,1294.0,104.0,298.6,309.7,59.4,0
0.0,1565.0,6.0,302.1,310.8,35.3,0
1.0,1391.0,218.0,297.6,308.4,51.9,0
1.0,1615.0,23.0,298.5,309.3,31.8,0
2.0,1460.0,204.0,298.2,307.6,48.6,0
1.0,1516.0,135.0,296.8,307.5,36.7,0
1.0,1510.0,10.0,302.2,311.3,37.1,0
0.0,1479.0,201.0,300.9,310.7,43.3,0
1.0,1555.0,35.0,302.7,310.8,36.1,0
0.0,1576.0,182.0,302.6,311.6,34.7,0
0.0,1344.0,206.0,302.6,312.1,51.0,0
0.0,1513.0,160.0,298.8,309.1,40.3,0
0.0,1410.0,191.0,297.6,308.3,47.0,0
2.0,2007.0,2.0,300.7,309.5,19.7,0
0.0,1268.0,146.0,299.9,310.3,53.3,0
0.0,1423.0,222.0,301.5,310.7,44.0,0
0.0,1549.0,189.0,300.1,311.5,34.7,0
1.0,1464.0,179.0,298.6,309.4,36.9,0
1.0,1592.0,82.0,300.8,311.2,32.9,0
0.0,1660.0,66.0,301.7,310.6,28.7,0
0.0,1786.0,123.0,301.4,310.7,26.1,0
1.0,1473.0,97.0,303.9,313.1,42.8,0
1.0,1469.0,80.0,297.4,308.6,42.6,0
0.0,1320.0,100.0,302.4,311.8,56.4,0
0.0,1524.0,214.0,300.5,311.8,38.9,1
0.0,1533.0,223.0,297.5,308.8,41.5,0
0.0,1575.0,12.0,297.7,308.9,39.9,0
2.0,1536.0,7.0,297.5,308.6,38.7,0
0.0,1334.0,42.0,298.6,310.0,48.0,0
1.0,1533.0,106.0,301.7,309.9,40.9,0
0.0,1708.0,42.0,302.8,310.9,29.8,0
0.0,1462.0,75.0,300.8,311.3,41.4,0
0.0,1630.0,2.0,298.6,309.9,30.6,0
0.0,1481.0,181.0,300.8,311.2,38.5,0
0.0,1461.0,121.0,298.4,309.4,46.3,0
0.0,1481.0,20.0,303.5,312.4,43.7,0
0.0,1680.0,110.0,299.1,308.9,27.2,0
1.0,1718.0,154.0,302.6,311.4,31.2,0
0.0,1567.0,124.0,302.0,310.5,36.1,0
0.0,1824.0,5.0,297.9,307.3,26.3,0
2.0,1565.0,94.0,298.7,309.7,39.3,0
2.0,1275.0,25.0,302.7,310.8,55.0,1
0.0,1571.0,65.0,300.0,309.6,33.1,0
0.0,1574.0,215.0,302.3,311.8,42.8,0
2.0,1612.0,143.0,300.8,311.2,32.5,0
1.0,1784.0,177.0,302.7,311.7,25.1,0
0.0,1701.0,127.0,301.4,311.0,28.4,0
0.0,1370.0,0.0,298.6,309.8,56.0,0
0.0,1433.0,36.0,300.2,311.4,37.9,0
0.0,1609.0,156.0,299.2,310.2,33.2,0
2.0,1410.0,9.0,299.2,309.1,47.1,0
0.0,1887.0,28.0,300.5,309.7,24.3,0
1.0,1544.0,141.0,302.3,310.7,39.7,0
1.0,1329.0,99.0,300.1,310.5,57.4,0
0.0,1461.0,10.0,302.7,311.8,46.1,0
0.0,1452.0,116.0,297.6,308.5,42.6,0
0.0,1526.0,164.0,303.9,313.3,40.7,0
0.0,1720.0,146.0,299.7,309.6,27.1,0
2.0,1542.0,166.0,299.4,308.6,41.8,0
0.0,1492.0,20.0,300.8,311.4,40.6,0
1.0,1707.0,103.0,298.8,308.6,28.1,0
0.0,1572.0,192.0,303.7,312.7,37.2,0
0.0,1456.0,127.0,302.4,310.4,47.6,0
0.0,1547.0,7.0,300.5,311.1,37.2,0
0.0,1505.0,4.0,299.7,310.3,37.7,0
1.0,1447.0,28.0,300.3,309.9,46.5,0
0.0,1716.0,66.0,298.4,309.3,28.4,0
2.0,1549.0,206.0,296.9,307.8,35.8,1
0.0,1489.0,11.0,298.0,308.2,40.4,0
0.0,1438.0,105.0,298.1,308.4,45.6,0
2.0,1679.0,222.0,302.0,310.9,29.0,0
0.0,1708.0,170.0,298.3,308.9,27.3,0
2.0,1538.0,63.0,297.7,307.6,38.3,0
0.0,1613.0,143.0,298.8,309.6,27.7,0
0.0,1641.0,16.0,299.8,309.5,27.1,0
0.0,1425.0,48.0,300.7,310.7,45.3,0
0.0,1516.0,138.0,296.2,306.9,39.1,0
0.0,1584.0,162.0,298.3,308.6,29.3,0
1.0,1471.0,157.0,297.3,308.6,50.7,0
1.0,1739.0,80.0,304.2,313.5,28.1,0
0.0,1585.0,32.0,297.5,308.3,32.9,0
0.0,1511.0,184.0,303.0,311.2,45.7,0
1.0,1379.0,122.0,297.6,308.1,57.4,0
1.0,1429.0,203.0,298.4,309.4,41.8,0
1.0,1697.0,107.0,297.5,308.7,28.1,0
0.0,1869.0,163.0,297.2,308.0,25.4,0
0.0,1450.0,195.0,296.7,308.1,40.9,0
2.0,1758.0,4.0,302.2,311.3,26.4,0
0.0,1497.0,76.0,301.2,310.3,45.7,0
0.0,1983.0,201.0,299.7,311.0,21.0,0
1.0,1555.0,176.0,298.9,310.1,40.6,0
1.0,1453.0,101.0,298.8,309.7,47.7,0
1.0,1430.0,71.0,296.9,308.0,55.9,0
1.0,1544.0,109.0,296.9,307.8,37.6,0
0.0,1473.0,125.0,299.3,309.1,40.3,0
0.0,1744.0,111.0,300.6,311.7,26.9,0
1.0,1411.0,51.0,298.7,309.9,45.1,0
0.0,1995.0,105.0,300.9,310.9,20.2,0
2.0,1541.0,166.0,300.6,309.8,36.2,0
0.0,1874.0,47.0,301.1,310.4,24.8,0
0.0,1453.0,28.0,300.1,309.4,47.6,0
2.0,1538.0,65.0,301.3,310.4,38.4,0
0.0,1334.0,26.0,300.1,311.5,54.0,0
0.0,1507.0,131.0,301.9,309.8,44.7,0
1.0,1558.0,35.0,298.0,309.2,41.7,0
1.0,1530.0,27.0,302.0,311.3,36.4,0
0.0,1407.0,154.0,302.0,309.9,52.8,0
0.0,1753.0,130.0,298.8,309.8,27.5,0
0.0,1869.0,18.0,301.6,310.0,22.9,0
0.0,1463.0,56.0,299.0,310.1,37.4,0
1.0,1627.0,104.0,303.6,311.8,30.8,0
1.0,1386.0,142.0,302.0,309.7,62.7,1
2.0,1439.0,9.0,299.4,309.3,49.7,0
0.0,1483.0,87.0,299.8,309.7,39.6,0
0.0,1542.0,204.0,301.3,311.0,35.1,0
0.0,1306.0,215.0,303.4,311.8,61.0,1
0.0,1492.0,109.0,300.8,311.2,39.0,0
0.0,1586.0,142.0,300.8,310.7,33.4,0
0.0,1521.0,166.0,301.3,310.6,36.3,0
0.0,1317.0,179.0,302.4,311.0,59.4,0
0.0,1421.0,122.0,298.5,309.6,53.6,0
2.0,1693.0,175.0,303.4,311.8,28.3,0
0.0,1487.0,152.0,302.5,310.4,42.0,0
0.0,1381.0,115.0,301.2,310.4,49.8,0
1.0,1526.0,142.0,303.0,312.4,36.1,0
0.0,1466.0,50.0,298.9,310.1,43.4,0
0.0,1396.0,178.0,298.7,309.2,44.8,0
1.0,1336.0,0.0,301.5,310.7,65.6,1
0.0,1489.0,188.0,300.1,311.2,39.1,0
0.0,1541.0,131.0,300.7,309.6,34.6,0
0.0,1608.0,86.0,301.3,310.7,31.4,0
2.0,1410.0,79.0,297.0,308.1,47.6,0
1.0,1535.0,163.0,299.0,308.4,47.5,0
0.0,1455.0,203.0,300.6,311.6,48.0,0
2.0,1491.0,133.0,298.9,310.1,45.3,0
2.0,1387.0,121.0,300.9,311.4,42.7,0
0.0,1393.0,45.0,297.9,308.9,40.6,0
0.0,1384.0,68.0,301.6,310.2,57.1,0
2.0,1387.0,110.0,299.0,310.0,45.2,0
1.0,1710.0,218.0,302.3,310.9,30.4,1
0.0,1652.0,52.0,297.2,308.6,32.1,0
0.0,1528.0,123.0,297.6,308.6,40.0,0
0.0,1398.0,171.0,302.3,312.0,43.3,0
0.0,1579.0,59.0,300.3,311.7,33.6,0
0.0,1462.0,126.0,300.7,311.0,41.9,0
0.0,1405.0,183.0,299.2,308.8,51.4,0
0.0,1545.0,18.0,302.3,310.9,36.7,0
1.0,1437.0,0.0,301.8,310.2,42.3,0
0.0,1548.0,140.0,298.3,308.6,40.3,0
0.0,1921.0,158.0,299.1,310.6,23.9,0
2.0,1785.0,139.0,299.8,311.3,25.4,0
0.0,1512.0,181.0,297.8,308.4,39.9,0
1.0,1429.0,191.0,302.5,310.4,43.2,0
0.0,1682.0,78.0,300.6,309.6,30.7,0
0.0,1673.0,166.0,303.4,311.7,32.2,0
1.0,1709.0,196.0,297.3,308.1,30.6,0
0.0,1657.0,52.0,301.1,310.2,34.1,0
1.0,1687.0,82.0,297.2,307.9,30.4,0
1.0,1334.0,182.0,301.8,309.9,61.0,1
0.0,1445.0,197.0,299.1,308.9,43.4,0
1.0,1447.0,118.0,297.5,308.5,41.6,0
1.0,1307.0,44.0,303.4,311.4,54.0,1
1.0,1474.0,139.0,303.7,312.4,38.8,0
2.0,1650.0,195.0,297.8,308.9,32.2,0
0.0,1541.0,64.0,304.0,313.0,45.9,0
0.0,1791.0,166.0,298.9,310.0,27.6,0
1.0,1456.0,85.0,297.2,307.9,44.9,0
0.0,1389.0,187.0,301.5,310.5,54.9,0
1.0,1970.0,37.0,297.9,309.0,21.6,0
0.0,1491.0,98.0,302.1,310.7,42.8,0
0.0,1443.0,110.0,297.5,308.7,46.2,0
1.0,1543.0,73.0,298.1,308.0,41.9,0
0.0,1508.0,184.0,301.1,311.1,41.5,0
0.0,1322.0,33.0,299.9,309.4,53.9,0
0.0,1501.0,201.0,297.7,308.5,41.4,0
0.0,1576.0,38.0,301.8,310.8,38.6,0
1.0,1432.0,51.0,301.9,311.0,41.5,0
1.0,1399.0,3.0,299.9,309.4,54.8,0
1.0,1394.0,70.0,298.1,308.8,47.9,0
0.0,1490.0,110.0,298.4,308.5,37.9,0
1.0,1444.0,115.0,302.3,311.3,43.1,0
1.0,1780.0,101.0,300.5,309.9,26.5,0
1.0,1523.0,83.0,298.5,309.7,44.6,0
0.0,1561.0,194.0,297.8,308.5,46.3,0
0.0,1967.0,50.0,302.5,310.4,20.3,0
0.0,1441.0,62.0,298.8,309.9,41.6,0
0.0,1382.0,89.0,299.0,310.4,53.0,0
0.0,1676.0,70.0,298.7,310.1,33.5,0
1.0,1268.0,161.0,300.9,310.7,56.3,0
1.0,1418.0,221.0,300.1,309.2,39.8,0
1.0,1584.0,81.0,295.6,306.2,33.6,0
0.0,1475.0,53.0,300.1,310.2,54.2,0
0.0,1512.0,153.0,300.7,312.1,36.9,0
0.0,1385.0,133.0,301.7,310.8,50.7,0
0.0,1419.0,125.0,301.3,310.3,55.7,0
0.0,1546.0,29.0,301.8,310.8,43.4,0
0.0,1546.0,169.0,295.5,306.0,35.9,0
1.0,2101.0,198.0,298.0,308.7,17.4,0
1.0,1679.0,14.0,298.9,310.6,35.8,0
0.0,1815.0,49.0,300.4,311.6,23.5,0
1.0,2077.0,80.0,296.4,307.3,19.1,0
1.0,1598.0,44.0,299.0,310.2,33.4,0
2.0,1458.0,151.0,295.7,306.2,49.8,0
0.0,1382.0,94.0,302.2,311.3,46.4,0
2.0,1288.0,91.0,297.7,308.4,49.5,0
2.0,1452.0,123.0,302.9,311.0,58.3,0
0.0,1344.0,133.0,300.6,310.9,46.7,0
0.0,1275.0,113.0,303.5,312.9,64.4,0
1.0,1408.0,54.0,297.0,308.0,47.9,0
2.0,1580.0,184.0,301.3,311.0,36.6,0
0.0,1477.0,90.0,301.4,310.8,50.4,0
0.0,1629.0,49.0,298.8,309.9,31.9,0
2.0,1415.0,62.0,299.4,309.0,51.7,0
0.0,1472.0,157.0,299.1,310.3,46.6,0
0.0,1617.0,126.0,301.0,310.3,34.5,0
2.0,1507.0,163.0,303.0,312.5,37.9,0
0.0,1763.0,3.0,301.7,310.7,25.9,0
0.0,1379.0,149.0,298.2,308.1,62.3,0
0.0,1585.0,127.0,298.3,308.4,30.6,0
0.0,2497.0,5.0,303.8,313.1,13.0,1
2.0,1329.0,135.0,295.6,306.2,55.3,0
0.0,1457.0,175.0,298.4,309.7,44.2,0
1.0,1658.0,170.0,300.5,311.6,30.4,0
1.0,1420.0,171.0,297.9,307.3,47.8,0
1.0,1641.0,178.0,300.7,310.0,34.6,0
0.0,1551.0,72.0,298.3,307.9,33.8,0
0.0,1728.0,146.0,302.7,312.1,24.4,0
0.0,1638.0,196.0,301.6,310.7,33.8,0
0.0,1494.0,117.0,300.1,310.5,44.2,0
0.0,1496.0,154.0,300.4,309.9,31.8,0
0.0,1759.0,13.0,300.5,311.0,28.3,0
0.0,1609.0,202.0,301.8,310.9,31.7,0
0.0,1694.0,94.0,300.0,309.6,28.7,0
0.0,1451.0,208.0,300.5,310.0,48.6,0
0.0,1309.0,77.0,302.3,311.6,57.6,0
1.0,1980.0,20.0,302.0,311.0,21.5,0
1.0,1459.0,27.0,301.4,310.6,46.9,0
0.0,1233.0,45.0,301.2,310.8,64.6,0
0.0,1615.0,14.0,299.0,308.9,30.6,0
1.0,2157.0,94.0,302.6,310.2,17.2,0
0.0,1407.0,208.0,300.0,311.3,47.3,0
1.0,1456.0,205.0,300.2,309.4,48.8,0
0.0,1535.0,77.0,302.3,311.4,41.8,0
0.0,1395.0,85.0,300.7,310.0,48.0,0
0.0,1431.0,137.0,301.6,310.6,37.5,0
0.0,1581.0,150.0,298.4,309.7,34.6,0
1.0,1477.0,59.0,298.8,309.8,46.7,0
0.0,1406.0,133.0,297.1,307.8,60.4,0
1.0,1358.0,133.0,302.4,311.8,50.6,0
0.0,1556.0,48.0,301.5,310.5,39.1,0
0.0,1653.0,100.0,299.0,308.6,31.7,0
0.0,1557.0,59.0,300.1,309.5,40.6,0
1.0,1818.0,9.0,298.6,309.9,24.9,0
0.0,1682.0,127.0,302.3,311.3,34.4,0
2.0,2053.0,137.0,299.0,310.1,19.7,0
0.0,1427.0,65.0,300.9,310.4,47.0,0
0.0,1897.0,75.0,303.5,313.1,23.6,0
0.0,1465.0,72.0,298.7,309.9,39.7,0
1.0,1574.0,128.0,298.9,308.6,33.5,0
2.0,1454.0,217.0,301.0,310.1,44.1,0
0.0,1569.0,10.0,298.6,310.2,36.3,0
1.0,1611.0,197.0,297.2,308.5,31.6,0
0.0,1835.0,183.0,299.7,311.2,23.7,0
0.0,1403.0,179.0,297.1,308.3,54.1,0
0.0,1426.0,102.0,302.4,310.0,46.6,0
0.0,1650.0,93.0,299.2,308.7,30.5,0
0.0,1446.0,173.0,299.5,308.7,45.7,0
1.0,1690.0,159.0,297.1,308.0,25.6,0
0.0,1471.0,91.0,300.9,311.1,39.3,0
0.0,1370.0,85.0,302.0,310.5,44.4,1
0.0,1394.0,206.0,297.8,309.7,42.9,0
1.0,1468.0,2.0,298.4,308.2,43.8,0
1.0,1551.0,84.0,300.3,311.7,36.4,0
0.0,1304.0,153.0,299.4,309.1,50.5,0
1.0,1341.0,51.0,297.3,308.3,51.9,0
0.0,1830.0,35.0,298.9,308.9,24.9,0
1.0,1391.0,204.0,300.3,309.3,57.9,0
0.0,1404.0,195.0,297.5,309.3,43.5,0
0.0,1590.0,17.0,304.3,313.5,29.8,0
1.0,1392.0,133.0,298.8,309.7,48.7,0
0.0,1508.0,217.0,303.3,311.7,35.5,0
2.0,1729.0,210.0,302.1,311.0,26.1,0
1.0,1750.0,67.0,298.0,307.9,26.6,0
2.0,1500.0,112.0,300.4,309.7,35.2,0
0.0,1350.0,32.0,303.3,311.3,48.1,1
0.0,1742.0,24.0,297.7,308.9,26.3,0
0.0,1513.0,92.0,303.4,312.8,35.8,0
0.0,1471.0,48.0,300.3,310.2,45.2,0
0.0,1928.0,209.0,300.8,311.8,21.8,0
0.0,1660.0,139.0,299.4,309.0,28.4,0
0.0,1506.0,208.0,298.0,308.7,47.0,0
2.0,1527.0,26.0,302.7,312.5,36.4,0
1.0,1369.0,63.0,300.7,310.9,51.2,0
0.0,1612.0,131.0,295.6,306.2,31.2,0
0.0,1466.0,112.0,300.5,311.4,41.8,0
1.0,2280.0,11.0,301.2,310.1,15.7,0
0.0,1394.0,179.0,298.9,310.1,42.7,0
0.0,1481.0,77.0,301.4,310.6,37.6,0
2.0,1377.0,181.0,298.6,308.3,52.1,0
0.0,1611.0,144.0,304.1,313.6,31.4,0
0.0,1557.0,113.0,295.9,306.6,41.1,0
0.0,1348.0,161.0,302.2,310.6,48.4,1
0.0,1414.0,140.0,298.0,307.8,51.7,0
1.0,1537.0,233.0,296.7,307.8,36.3,0
0.0,1450.0,160.0,299.6,309.2,43.1,0
1.0,1382.0,27.0,300.5,312.0,54.1,0
2.0,1525.0,114.0,302.3,310.6,48.7,0
0.0,1775.0,39.0,304.3,313.3,24.9,0
1.0,1649.0,133.0,299.6,311.1,33.8,0
0.0,1324.0,85.0,300.7,311.1,52.2,0
1.0,1423.0,121.0,295.7,306.2,42.5,0
0.0,1551.0,147.0,299.3,309.1,39.1,0
0.0,1292.0,173.0,299.9,310.9,51.1,0
0.0,1420.0,193.0,297.4,309.2,45.6,0
1.0,1901.0,81.0,297.4,308.6,22.1,0
2.0,2141.0,204.0,300.3,311.8,18.5,0
2.0,1510.0,27.0,299.3,310.4,45.5,0
1.0,2329.0,95.0,299.1,308.6,14.6,0
0.0,2384.0,19.0,298.9,308.2,15.0,0
1.0,1515.0,168.0,303.4,311.7,44.2,0
1.0,1481.0,136.0,304.2,313.8,44.9,0
0.0,1639.0,24.0,300.4,311.3,34.6,0
0.0,1741.0,39.0,300.8,310.8,27.1,0
0.0,1353.0,86.0,300.1,309.1,58.7,0
1.0,1681.0,84.0,298.2,307.7,31.0,0
1.0,1734.0,50.0,296.6,307.5,27.0,0
1.0,1355.0,122.0,300.4,311.4,56.2,0
0.0,1530.0,185.0,302.9,312.3,34.9,0
0.0,1504.0,74.0,301.3,310.7,47.2,0
0.0,1285.0,183.0,301.4,310.8,62.6,1
1.0,1465.0,209.0,300.9,309.9,42.9,0
2.0,1450.0,112.0,299.1,308.2,46.1,0
0.0,1497.0,207.0,298.2,308.4,37.7,0
0.0,1539.0,80.0,300.2,309.5,35.3,0
1.0,1683.0,76.0,296.8,307.9,31.8,0
1.0,1634.0,63.0,303.7,312.8,33.8,0
1.0,1469.0,143.0,302.8,312.2,36.9,0
0.0,1732.0,132.0,304.1,313.3,28.5,0
2.0,1478.0,206.0,298.4,308.2,43.5,0
1.0,1663.0,199.0,301.8,311.1,31.6,0
2.0,1390.0,7.0,300.7,309.6,48.5,0
1.0,1577.0,0.0,298.8,308.5,33.2,0
2.0,1499.0,134.0,297.3,308.8,44.2,0
0.0,1491.0,187.0,300.7,310.6,43.2,0
1.0,1392.0,178.0,297.6,308.7,41.2,0
0.0,2231.0,151.0,298.9,310.0,17.4,0
2.0,1525.0,235.0,297.5,309.3,41.7,0
1.0,1847.0,212.0,303.1,311.3,24.7,0
0.0,1596.0,174.0,300.7,311.0,36.9,0
0.0,1385.0,201.0,298.4,309.4,50.0,0
1.0,1487.0,173.0,297.2,308.5,46.9,0
0.0,1616.0,121.0,301.4,310.7,36.5,0
0.0,1701.0,55.0,300.9,310.8,30.4,0
1.0,1508.0,164.0,300.4,311.7,45.4,0
1.0,1422.0,69.0,299.1,310.4,49.3,0
0.0,1456.0,52.0,297.9,309.0,46.5,0
0.0,1664.0,173.0,299.8,311.2,28.3,0
2.0,1377.0,50.0,300.1,311.4,56.7,0
0.0,1521.0,197.0,301.8,310.9,39.3,0
0.0,1437.0,149.0,297.6,308.1,46.3,0
0.0,1459.0,32.0,302.3,310.9,35.0,0
1.0,1370.0,162.0,297.7,308.2,53.4,0
1.0,1460.0,80.0,298.1,309.2,45.8,0
0.0,1922.0,193.0,303.7,312.3,23.1,0
0.0,1525.0,188.0,303.7,312.4,43.9,0
0.0,2297.0,191.0,301.5,310.5,15.8,0
0.0,1384.0,73.0,297.5,308.4,56.0,0
1.0,1585.0,24.0,298.0,308.5,33.0,0
2.0,1483.0,97.0,300.6,310.0,44.0,0
0.0,1571.0,162.0,297.4,308.3,37.7,0
0.0,2144.0,190.0,299.8,311.1,17.7,0
1.0,1546.0,70.0,302.3,311.0,35.5,0
0.0,1648.0,60.0,296.3,307.4,34.0,0
1.0,1836.0,18.0,298.9,309.8,22.8,0
1.0,1452.0,190.0,300.1,311.2,42.4,0
0.0,1470.0,219.0,300.5,309.3,40.8,0
2.0,1649.0,62.0,302.6,310.4,30.1,0
1.0,1435.0,126.0,295.6,306.2,51.6,0
0.0,1803.0,209.0,298.8,310.6,25.4,0
1.0,1303.0,75.0,297.9,307.8,59.3,0
2.0,1645.0,196.0,297.4,308.9,30.8,0
1.0,1606.0,122.0,303.4,311.4,29.6,0
2.0,1873.0,87.0,302.6,310.2,21.3,0
1.0,1434.0,102.0,302.2,311.1,58.6,0
2.0,1696.0,65.0,304.1,313.4,29.6,0
0.0,1434.0,43.0,304.1,313.2,50.1,0
1.0,1362.0,158.0,298.1,308.7,49.6,0
0.0,1393.0,208.0,301.8,310.0,44.9,0
1.0,1804.0,17.0,299.0,309.0,26.8,0
0.0,1505.0,107.0,300.3,311.3,39.6,0
1.0,1530.0,206.0,297.5,309.2,40.0,0
0.0,1514.0,48.0,300.2,310.3,38.7,0
1.0,1429.0,129.0,297.5,308.6,50.5,0
1.0,1577.0,112.0,302.2,311.3,29.8,0
0.0,1650.0,26.0,302.3,310.8,32.4,0
1.0,1662.0,15.0,298.5,308.7,28.3,0
1.0,1742.0,37.0,298.6,309.2,30.0,0
0.0,1496.0,179.0,298.0,308.8,44.9,0
0.0,1622.0,217.0,299.4,310.8,33.6,0
0.0,1542.0,191.0,300.7,310.1,35.5,0
0.0,1434.0,2.0,299.2,308.4,46.8,0
0.0,1781.0,124.0,303.6,312.4,28.7,0
2.0,1482.0,132.0,298.0,307.9,37.8,0
0.0,1448.0,195.0,302.4,311.1,44.8,0
1.0,1394.0,82.0,302.9,312.6,46.4,0
2.0,1548.0,40.0,299.5,309.1,44.3,0
2.0,1655.0,193.0,300.3,311.7,29.9,0
1.0,1679.0,167.0,298.4,309.7,33.3,0
0.0,1351.0,110.0,302.2,311.1,48.6,0
0.0,1749.0,153.0,299.8,309.8,33.4,0
0.0,1742.0,13.0,297.6,308.3,27.7,0
0.0,1561.0,48.0,300.7,310.5,33.2,0
0.0,1635.0,211.0,301.2,311.2,29.6,0
1.0,1668.0,52.0,302.3,311.6,33.2,0
2.0,1562.0,36.0,298.2,309.0,37.7,0
0.0,1611.0,144.0,301.5,310.5,33.8,0
0.0,1389.0,69.0,298.9,308.7,44.9,0
1.0,1526.0,181.0,295.4,305.8,38.2,0
0.0,1335.0,39.0,297.2,308.6,53.0,0
2.0,1626.0,166.0,298.4,307.7,31.1,0
0.0,1448.0,141.0,302.4,311.8,43.4,0
0.0,1927.0,195.0,303.5,311.8,21.9,0
1.0,1539.0,96.0,302.0,310.6,37.4,0
1.0,1254.0,124.0,298.7,309.6,57.1,0
1.0,1261.0,130.0,297.0,307.7,51.1,0
1.0,1495.0,132.0,297.8,309.4,36.5,0
0.0,1657.0,23.0,301.9,311.2,29.1,0
1.0,1584.0,63.0,302.2,311.7,36.2,0
0.0,1464.0,6.0,296.9,307.7,41.4,0
1.0,1392.0,143.0,302.4,310.2,55.8,0
0.0,1504.0,192.0,298.4,309.3,39.3,0
0.0,1570.0,37.0,299.2,310.4,37.3,0
0.0,1405.0,58.0,303.6,313.1,38.3,0
0.0,1608.0,221.0,300.6,310.4,39.2,0
0.0,1392.0,84.0,302.0,310.6,50.0,0
0.0,2280.0,207.0,299.3,309.2,15.4,0
0.0,1464.0,74.0,298.7,309.9,38.0,0
0.0,1590.0,107.0,298.5,309.3,33.9,0
2.0,1463.0,66.0,298.6,309.7,39.1,0
0.0,1583.0,189.0,297.0,307.8,37.2,0
0.0,1816.0,7.0,301.1,311.7,24.5,0
0.0,1412.0,109.0,295.9,306.6,41.0,0
0.0,1991.0,36.0,298.2,308.7,20.5,0
0.0,1564.0,172.0,299.8,311.2,40.0,0
1.0,1443.0,90.0,302.2,311.5,47.0,0
1.0,1452.0,78.0,300.6,309.4,39.4,0
1.0,1514.0,66.0,300.8,310.9,38.7,0
0.0,1477.0,100.0,300.9,310.9,41.5,0
0.0,1663.0,38.0,300.3,311.5,33.6,0
0.0,1922.0,205.0,299.6,310.7,23.3,1
1.0,1475.0,59.0,298.7,309.8,40.5,0
0.0,1946.0,102.0,299.0,308.6,22.3,0
0.0,1537.0,202.0,299.0,308.7,42.8,0
0.0,1593.0,52.0,303.6,313.0,31.6,0
0.0,1518.0,190.0,297.8,308.4,32.5,0
0.0,1610.0,150.0,300.0,309.2,32.1,0
0.0,1448.0,218.0,300.7,310.5,38.2,0
1.0,1507.0,82.0,302.8,311.0,33.4,0
0.0,1401.0,50.0,300.7,312.0,51.1,0
0.0,1582.0,51.0,299.0,310.0,31.9,0
0.0,1981.0,125.0,299.0,310.4,21.2,0
0.0,1529.0,157.0,297.0,307.9,42.2,0
2.0,1413.0,147.0,302.2,311.7,46.5,0
1.0,1732.0,126.0,304.0,313.5,26.2,0
0.0,1449.0,94.0,303.4,312.8,43.9,0
0.0,1364.0,129.0,298.1,307.6,53.8,0
0.0,1523.0,150.0,303.8,313.1,39.8,0
1.0,1488.0,133.0,300.4,309.7,42.2,0
1.0,1366.0,65.0,298.6,309.5,55.0,0
1.0,1586.0,129.0,304.1,313.2,41.1,0
1.0,1414.0,205.0,302.5,311.9,51.6,0
0.0,1397.0,101.0,295.7,306.2,52.0,0
0.0,1517.0,113.0,301.7,311.2,42.4,0
1.0,1592.0,57.0,297.6,309.6,35.8,0
1.0,1624.0,186.0,297.5,308.2,30.9,0
1.0,1347.0,213.0,300.5,309.4,50.1,0
0.0,1462.0,7.0,299.5,309.3,46.7,0
1.0,1378.0,173.0,301.3,310.6,49.4,0
0.0,1583.0,230.0,298.9,310.3,32.6,0
2.0,1526.0,47.0,302.3,311.5,38.2,0
0.0,1417.0,186.0,297.3,307.9,41.8,0
0.0,1596.0,87.0,298.2,309.0,37.2,0
1.0,1331.0,98.0,299.8,309.6,50.2,0
0.0,1961.0,148.0,301.6,310.8,21.8,0
0.0,1383.0,198.0,303.0,311.2,44.6,0
0.0,2268.0,20.0,303.4,311.8,15.8,0
1.0,1522.0,115.0,300.8,310.9,41.7,0
0.0,1449.0,168.0,300.9,311.3,40.2,0
0.0,1341.0,174.0,303.0,311.2,51.0,1
0.0,1701.0,4.0,302.0,309.8,27.2,0
0.0,1502.0,69.0,303.4,312.3,36.0,0
0.0,1280.0,106.0,301.4,310.7,61.0,0
0.0,1636.0,201.0,299.3,308.8,29.9,0
1.0,1459.0,39.0,300.2,309.4,43.9,0
0.0,1459.0,96.0,299.4,308.7,47.6,0
0.0,1472.0,28.0,298.8,308.1,53.5,0
1.0,1703.0,120.0,299.3,309.1,31.3,0
1.0,1909.0,38.0,301.1,311.3,22.7,0
2.0,1635.0,62.0,300.5,309.5,34.2,0
1.0,1501.0,48.0,300.2,309.4,40.0,0
1.0,1443.0,178.0,302.4,311.1,51.8,0
0.0,1591.0,196.0,297.7,309.7,37.7,0
1.0,1591.0,192.0,302.5,312.0,29.4,0
1.0,1435.0,98.0,303.6,312.0,37.9,0
0.0,1514.0,196.0,299.2,308.7,41.9,0
0.0,1486.0,32.0,300.7,311.9,35.8,0
1.0,1469.0,5.0,297.5,308.1,44.8,0
2.0,1438.0,59.0,300.3,309.5,44.0,0
0.0,1440.0,21.0,299.2,310.3,47.0,0
1.0,1594.0,134.0,299.7,310.5,35.4,0
0.0,1856.0,189.0,301.3,311.0,21.9,0
2.0,1411.0,201.0,300.5,310.6,47.2,0
0.0,1647.0,74.0,299.1,308.5,35.0,0
0.0,1533.0,91.0,299.6,310.9,31.8,0
0.0,1446.0,164.0,297.2,308.1,38.5,0
1.0,1469.0,150.0,297.3,308.8,44.1,0
0.0,1989.0,121.0,300.3,311.7,22.3,0
0.0,1446.0,196.0,302.9,312.4,41.7,0
0.0,1546.0,11.0,296.9,308.0,31.1,0
1.0,1463.0,156.0,299.8,310.8,43.5,0
1.0,1563.0,31.0,302.3,310.1,37.8,0
1.0,1758.0,88.0,301.4,311.1,25.4,0
0.0,1644.0,148.0,300.6,310.5,33.8,0
0.0,1950.0,208.0,300.5,310.6,20.3,0
1.0,1383.0,44.0,301.8,310.7,45.7,0
1.0,1491.0,41.0,300.2,309.6,41.8,0
1.0,1506.0,98.0,300.3,311.3,40.7,0
2.0,1472.0,166.0,304.0,313.1,45.5,0
2.0,1720.0,202.0,300.9,312.0,27.9,0
1.0,1734.0,64.0,301.2,310.8,31.3,0
0.0,1490.0,6.0,297.9,308.0,46.2,0
0.0,1501.0,128.0,303.5,312.9,44.0,0
1.0,1430.0,189.0,303.9,312.9,53.5,0
1.0,1316.0,4.0,302.3,311.5,47.2,0
1.0,1438.0,103.0,300.7,311.1,46.6,0
0.0,1444.0,174.0,300.4,311.7,51.2,0
2.0,1449.0,16.0,298.6,309.6,42.5,0
0.0,1545.0,3.0,298.4,309.3,36.9,0
1.0,1430.0,131.0,300.7,312.3,47.2,0
0.0,1276.0,103.0,297.4,308.6,53.6,0
0.0,2151.0,0.0,297.4,308.4,17.7,0
0.0,1435.0,25.0,298.5,310.0,42.5,0
1.0,1549.0,79.0,300.8,310.8,35.5,0
0.0,1411.0,63.0,297.3,308.3,43.2,0
0.0,1281.0,61.0,302.3,311.8,51.7,0
0.0,1430.0,93.0,300.1,311.4,40.9,0
1.0,1499.0,88.0,297.4,309.3,36.8,0
0.0,1364.0,106.0,298.7,309.6,44.9,0
0.0,1379.0,152.0,298.5,308.0,49.6,0
0.0,1385.0,42.0,301.2,310.2,42.3,0
1.0,1640.0,9.0,298.8,310.6,33.8,0
1.0,1304.0,118.0,300.3,311.6,62.8,0
1.0,1286.0,0.0,296.7,307.8,60.5,0
0.0,1519.0,155.0,302.1,311.2,39.3,0
0.0,1499.0,38.0,303.8,313.0,42.3,0
0.0,1370.0,113.0,298.5,309.5,52.4,0
1.0,1630.0,104.0,303.9,313.2,29.3,0
1.0,1498.0,46.0,298.5,309.3,34.6,0
0.0,1340.0,76.0,303.5,312.4,44.5,0
0.0,1740.0,136.0,297.7,308.4,27.1,0
1.0,1692.0,118.0,298.5,309.3,26.7,0
0.0,1553.0,177.0,299.8,310.1,42.0,0
0.0,1637.0,19.0,303.6,312.7,32.9,0
0.0,1434.0,129.0,301.5,311.1,49.6,0
0.0,1303.0,42.0,301.7,310.6,59.7,0
1.0,1583.0,116.0,300.8,311.1,32.1,0
0.0,1325.0,171.0,299.2,308.7,51.0,0
0.0,1397.0,104.0,301.6,310.5,49.4,0
2.0,1429.0,96.0,299.3,308.9,43.0,0
0.0,1665.0,139.0,302.3,311.6,34.3,0
1.0,1557.0,65.0,301.9,310.8,35.3,0
0.0,1451.0,66.0,302.2,311.2,41.8,0
1.0,1664.0,174.0,297.3,308.5,28.9,0
1.0,1644.0,41.0,300.4,310.5,31.4,0
0.0,1365.0,80.0,302.6,310.4,66.8,1
0.0,1546.0,114.0,298.9,308.7,43.4,0
0.0,1568.0,140.0,298.3,309.4,35.8,0
2.0,1357.0,142.0,302.2,311.6,44.2,0
1.0,1564.0,105.0,297.4,308.4,35.0,0
0.0,1787.0,47.0,298.1,309.0,27.6,0
1.0,1443.0,196.0,300.1,309.3,50.3,0
1.0,1692.0,216.0,300.0,311.4,29.0,1
0.0,1605.0,86.0,302.9,312.2,33.9,0
1.0,1485.0,50.0,302.4,310.2,45.9,0
1.0,1396.0,11.0,304.2,313.2,50.5,0
0.0,1630.0,94.0,302.2,311.1,34.6,0
0.0,1694.0,14.0,301.6,310.1,26.3,0
1.0,1449.0,169.0,300.6,309.9,42.4,0
0.0,1712.0,204.0,297.2,308.1,30.9,0
0.0,1464.0,215.0,299.4,309.1,40.5,0
0.0,1631.0,115.0,300.4,312.0,34.9,0
0.0,1349.0,148.0,302.4,310.9,46.1,1
0.0,1794.0,7.0,302.3,311.5,26.1,0
0.0,1505.0,30.0,299.3,310.5,38.8,0
1.0,2000.0,200.0,302.6,312.1,21.9,0
0.0,1452.0,72.0,297.5,308.6,39.0,0
0.0,1473.0,116.0,301.0,310.9,44.2,0
0.0,1540.0,203.0,298.1,307.8,37.8,0
0.0,1501.0,86.0,297.2,308.7,38.5,0
1.0,1407.0,218.0,300.7,310.6,42.4,0
0.0,1488.0,71.0,297.4,308.6,36.4,0
0.0,1476.0,91.0,297.9,307.9,45.2,0
1.0,1476.0,161.0,302.2,311.0,47.4,0
0.0,1545.0,18.0,299.8,309.5,32.2,0
1.0,1697.0,191.0,300.7,311.9,28.2,0
1.0,1353.0,172.0,303.5,312.5,51.0,0
0.0,1571.0,0.0,297.4,308.4,39.4,0
0.0,1548.0,188.0,302.5,311.0,38.4,0
1.0,1353.0,168.0,302.6,312.2,56.5,0
0.0,1770.0,112.0,301.4,310.8,24.1,0
0.0,1537.0,52.0,300.8,310.3,33.3,0
0.0,1454.0,0.0,302.0,310.8,36.6,0
1.0,1583.0,72.0,303.3,311.8,33.3,0
0.0,1474.0,78.0,300.0,309.8,40.6,0
0.0,1547.0,73.0,303.5,313.0,40.3,0
1.0,1517.0,215.0,298.6,309.9,34.0,0
0.0,1477.0,170.0,297.8,308.3,44.8,0
1.0,1434.0,82.0,299.8,309.6,48.0,0
0.0,1474.0,191.0,299.3,308.6,49.6,0
0.0,1518.0,146.0,303.2,312.5,39.9,0
1.0,1521.0,119.0,300.4,309.6,35.0,0
2.0,1855.0,7.0,297.7,307.1,22.5,0
1.0,1429.0,77.0,300.8,311.2,52.3,0
1.0,2098.0,133.0,298.8,309.7,19.0,0
0.0,1468.0,168.0,297.9,308.6,36.0,0
0.0,1390.0,88.0,298.0,308.9,53.9,0
0.0,1616.0,34.0,298.7,308.5,30.2,0
0.0,1789.0,114.0,300.9,311.2,25.5,0
0.0,1295.0,91.0,301.8,310.6,62.3,0
0.0,1458.0,183.0,299.2,310.2,47.0,0
0.0,1731.0,104.0,297.7,308.7,28.4,0
0.0,1411.0,149.0,304.2,313.6,46.0,0
0.0,1716.0,117.0,299.6,310.9,28.5,0
0.0,1455.0,118.0,301.7,311.1,39.8,0
1.0,1420.0,42.0,303.5,312.7,49.1,0
0.0,1497.0,150.0,299.9,310.4,47.0,0
1.0,1398.0,63.0,297.6,308.4,48.9,0
0.0,1543.0,39.0,302.3,311.5,33.1,0
2.0,1554.0,85.0,303.4,312.2,36.8,0
1.0,1430.0,32.0,302.6,311.7,51.7,0
1.0,1544.0,6.0,297.3,308.3,41.7,0
0.0,1326.0,199.0,297.6,309.4,49.8,0
1.0,1532.0,16.0,300.6,310.2,38.7,0
0.0,2737.0,142.0,298.9,310.2,8.8,1
0.0,1520.0,106.0,298.4,309.5,38.1,0
0.0,1378.0,12.0,298.3,309.4,52.3,0
0.0,1416.0,66.0,301.2,310.9,53.3,0
0.0,2567.0,125.0,298.1,307.7,12.8,1
0.0,1532.0,92.0,301.7,310.7,39.8,0
0.0,1592.0,158.0,297.3,308.7,34.4,0
0.0,1393.0,38.0,298.6,309.9,45.5,0
0.0,1436.0,103.0,298.1,308.4,46.7,0
1.0,1552.0,126.0,301.1,310.9,37.9,0
0.0,1689.0,192.0,299.1,308.5,32.1,0
2.0,1522.0,146.0,297.4,308.7,46.3,0
1.0,1420.0,19.0,298.1,308.2,63.9,1
1.0,1621.0,108.0,301.1,310.7,31.0,0
0.0,1347.0,139.0,299.7,309.1,55.3,0
0.0,1484.0,223.0,303.3,311.6,44.6,0
0.0,1663.0,195.0,298.9,309.6,33.7,0
0.0,1542.0,208.0,298.4,309.3,35.4,0
1.0,1366.0,36.0,300.7,311.9,55.1,0
0.0,1421.0,17.0,300.2,309.7,44.6,0
0.0,1427.0,92.0,301.9,310.8,47.7,0
1.0,1530.0,165.0,301.0,311.5,43.9,0
1.0,1562.0,107.0,303.5,311.6,34.2,0
0.0,1446.0,225.0,301.9,309.6,43.2,0
2.0,1279.0,152.0,298.6,309.8,55.9,0
1.0,1691.0,62.0,301.8,310.8,33.4,0
0.0,1751.0,196.0,302.9,311.2,23.8,0
0.0,1636.0,56.0,295.6,306.3,32.7,0
1.0,1627.0,74.0,302.2,311.2,33.2,0
2.0,1735.0,192.0,302.0,309.9,27.2,0
0.0,1478.0,189.0,302.6,310.4,47.7,0
1.0,1276.0,158.0,301.5,310.4,55.6,0
0.0,1411.0,48.0,298.2,308.0,42.4,0
0.0,1610.0,155.0,298.2,309.0,31.7,0
0.0,1417.0,156.0,301.8,311.2,55.9,0
1.0,1432.0,84.0,300.6,309.4,44.2,0
0.0,1709.0,81.0,298.2,308.9,28.1,0
1.0,1658.0,2.0,302.2,311.3,31.0,0
2.0,1443.0,51.0,302.3,311.4,44.1,0
0.0,1543.0,20.0,297.9,309.1,36.6,0
1.0,1540.0,14.0,304.3,313.3,39.0,0
0.0,1758.0,68.0,302.3,311.2,24.4,0
1.0,1568.0,82.0,300.7,309.6,35.2,0
0.0,1430.0,124.0,301.1,312.4,37.9,0
0.0,1636.0,106.0,301.5,310.5,28.7,0
0.0,1431.0,39.0,300.0,309.6,47.7,0
0.0,1434.0,173.0,302.3,311.9,51.9,0
1.0,1769.0,10.0,302.0,311.1,26.0,0
2.0,1374.0,8.0,300.2,309.8,47.7,0
1.0,1511.0,200.0,300.4,311.7,33.0,0
1.0,1662.0,183.0,297.1,307.9,26.9,0
0.0,1460.0,25.0,299.8,309.4,37.4,0
1.0,1759.0,176.0,298.1,307.9,28.6,0
2.0,1762.0,91.0,299.4,308.9,29.3,0
0.0,1671.0,209.0,300.4,309.3,35.0,0
0.0,1506.0,150.0,297.3,308.1,36.0,0
1.0,1434.0,96.0,297.8,309.0,43.3,0
0.0,1480.0,199.0,302.0,309.8,40.0,0
1.0,1493.0,57.0,297.0,307.9,34.7,0
0.0,1494.0,24.0,301.6,310.7,39.5,0
1.0,1326.0,35.0,299.4,309.4,47.5,0
0.0,1664.0,186.0,303.0,311.2,29.8,0
1.0,1495.0,60.0,298.8,309.9,35.2,0
0.0,2564.0,127.0,297.5,308.3,12.8,1
0.0,1439.0,174.0,299.7,311.1,44.9,0
0.0,1484.0,169.0,302.4,311.1,45.9,0
0.0,1386.0,110.0,302.3,311.2,50.3,0
1.0,1424.0,32.0,298.7,309.6,50.4,0
0.0,1361.0,106.0,303.0,311.2,47.6,1
0.0,1368.0,115.0,298.8,309.1,50.8,0
0.0,1636.0,90.0,297.1,307.8,30.3,0
1.0,1563.0,184.0,302.0,310.6,41.0,0
1.0,1364.0,123.0,298.5,309.6,58.7,0
0.0,1978.0,106.0,302.0,310.5,22.0,0
0.0,1488.0,69.0,297.3,308.4,37.4,0
1.0,1475.0,54.0,297.6,308.7,46.6,0
0.0,1426.0,95.0,302.4,310.1,46.8,0
0.0,1447.0,17.0,300.6,310.2,45.9,0
1.0,1394.0,21.0,300.2,309.8,47.4,0
1.0,1608.0,57.0,298.1,307.8,32.6,0
0.0,1686.0,150.0,302.4,310.8,28.8,0
1.0,1666.0,68.0,298.4,309.4,24.3,0
2.0,1390.0,131.0,300.9,310.8,40.6,0
0.0,1469.0,133.0,301.4,311.1,36.9,0
0.0,1590.0,5.0,303.9,313.2,31.9,0
1.0,1457.0,104.0,299.3,310.6,42.1,0
0.0,1540.0,7.0,298.4,308.0,37.8,0
2.0,1542.0,28.0,296.2,307.0,40.6,0
1.0,1738.0,104.0,301.4,310.8,30.3,0
1.0,1400.0,0.0,300.3,311.5,43.8,0
0.0,1309.0,56.0,297.3,308.3,61.5,0
0.0,1498.0,160.0,297.8,308.3,47.3,0
0.0,1641.0,35.0,300.0,309.5,30.1,0
0.0,1440.0,148.0,300.7,311.1,43.0,0
1.0,1524.0,98.0,298.0,307.5,36.3,0
0.0,2424.0,12.0,300.4,310.5,14.5,0
1.0,1553.0,112.0,299.6,309.3,32.4,0
1.0,1486.0,78.0,297.5,308.6,45.9,0
1.0,1576.0,17.0,297.8,309.0,45.0,0
0.0,1410.0,99.0,300.6,309.4,40.6,0
2.0,2563.0,81.0,300.4,309.9,12.8,1
1.0,1416.0,101.0,297.6,308.8,45.9,0
0.0,1592.0,211.0,298.1,308.4,38.2,0
0.0,1449.0,40.0,299.1,310.3,40.7,0
0.0,1720.0,106.0,304.0,313.1,28.7,0
0.0,1611.0,211.0,297.5,309.1,30.2,0
1.0,1895.0,129.0,303.1,312.6,23.5,0
0.0,1858.0,26.0,300.1,309.4,23.6,0
2.0,1411.0,246.0,302.8,312.4,53.8,1
1.0,1434.0,93.0,298.1,308.8,41.8,0
0.0,1634.0,155.0,301.4,311.0,32.6,0
2.0,1484.0,198.0,300.4,310.1,38.0,0
0.0,1581.0,73.0,298.0,308.8,36.1,0
0.0,1443.0,74.0,303.7,312.1,45.9,0
1.0,1544.0,150.0,296.9,307.8,40.3,0
0.0,1540.0,221.0,299.6,309.2,36.7,0
0.0,1378.0,63.0,297.4,308.4,39.9,0
0.0,1523.0,72.0,302.5,310.3,36.0,0
2.0,1555.0,139.0,301.6,310.6,40.4,0
0.0,1335.0,131.0,297.5,308.5,48.0,0
0.0,1501.0,69.0,303.4,311.5,36.2,0
1.0,1868.0,118.0,298.7,309.7,23.8,0
0.0,1444.0,9.0,302.7,312.4,48.7,0
0.0,1359.0,115.0,303.0,311.0,44.2,1
0.0,1563.0,53.0,297.8,307.8,34.3,0
0.0,1320.0,210.0,298.8,309.9,47.4,0
1.0,1496.0,155.0,299.8,309.1,44.4,0
0.0,1512.0,181.0,298.2,308.4,34.9,0
0.0,1380.0,152.0,297.4,309.1,41.1,0
0.0,1355.0,193.0,301.3,310.1,53.6,0
0.0,1521.0,202.0,302.1,311.3,31.5,0
1.0,1341.0,137.0,300.5,309.7,50.9,0
2.0,1332.0,66.0,303.7,311.9,52.7,1
1.0,1345.0,10.0,299.9,309.1,56.8,0
0.0,1675.0,46.0,296.8,308.0,29.7,0
1.0,1664.0,58.0,301.6,310.8,32.0,0
2.0,1464.0,29.0,300.3,311.5,41.0,0
0.0,1641.0,81.0,299.6,309.1,35.8,0
1.0,1559.0,127.0,297.7,308.5,35.2,0
1.0,1510.0,146.0,300.2,311.6,47.5,0
2.0,1366.0,161.0,298.9,310.1,62.7,0
0.0,1353.0,88.0,297.6,308.4,57.5,0
1.0,1533.0,24.0,298.9,310.4,44.4,0
0.0,1766.0,207.0,300.4,309.3,28.2,0
1.0,1811.0,136.0,300.8,312.4,25.1,0
1.0,1601.0,181.0,297.4,308.0,34.6,0
0.0,1536.0,120.0,298.0,309.6,37.3,0
0.0,1536.0,92.0,297.1,307.8,40.4,0
0.0,1631.0,110.0,300.0,309.1,28.3,0
0.0,1484.0,173.0,298.3,309.7,44.3,0
0.0,1546.0,139.0,297.5,308.6,33.8,0
0.0,1774.0,30.0,297.2,308.6,23.0,0
1.0,1576.0,92.0,300.9,310.4,40.4,0
1.0,1679.0,79.0,302.9,312.5,30.9,0
1.0,2639.0,21.0,301.5,310.4,12.0,1
1.0,2448.0,29.0,297.5,308.2,13.8,0
0.0,1397.0,81.0,301.1,312.2,54.9,0
0.0,1412.0,111.0,297.4,308.3,42.0,0
0.0,1561.0,201.0,298.6,309.8,32.6,0
2.0,1570.0,160.0,297.7,309.7,35.8,0
0.0,1910.0,13.0,300.7,311.7,19.7,0
1.0,1450.0,62.0,300.8,310.4,39.4,0
0.0,1542.0,42.0,298.6,309.2,48.4,0
0.0,1313.0,202.0,304.0,312.9,53.9,0
1.0,1348.0,201.0,297.4,308.9,59.1,0
1.0,1477.0,13.0,300.0,309.6,38.1,0
0.0,1548.0,7.0,297.4,308.3,46.6,0
0.0,1528.0,82.0,298.3,308.1,33.9,0
0.0,1571.0,74.0,299.5,310.8,38.2,0
1.0,1380.0,5.0,300.4,310.2,47.3,0
0.0,1546.0,7.0,302.0,310.9,34.4,0
0.0,1623.0,56.0,301.6,310.9,34.1,0
0.0,1793.0,170.0,303.8,312.6,28.1,0
1.0,1434.0,52.0,301.4,311.2,47.6,0
0.0,1604.0,159.0,299.0,308.5,34.7,0
0.0,1577.0,158.0,302.5,310.8,36.9,0
0.0,1546.0,203.0,300.5,311.9,39.4,0
0.0,1607.0,104.0,296.5,307.6,33.5,0
2.0,1442.0,23.0,304.2,313.0,40.9,0
0.0,1596.0,156.0,302.2,311.9,38.0,0
2.0,1584.0,143.0,303.5,311.7,32.7,0
0.0,1363.0,183.0,300.7,309.8,53.1,0
2.0,1381.0,140.0,303.8,313.2,52.4,0
2.0,1653.0,9.0,297.3,308.2,31.4,0
0.0,1448.0,196.0,299.6,310.9,46.3,0
0.0,1772.0,113.0,299.8,309.1,24.8,0
1.0,1608.0,97.0,302.0,310.4,33.1,0
0.0,1543.0,97.0,301.4,310.8,36.9,0
0.0,1674.0,223.0,302.5,311.4,27.0,0
0.0,1361.0,167.0,299.8,310.0,53.8,0
0.0,1309.0,124.0,301.9,310.9,48.0,0
1.0,1415.0,87.0,300.8,310.8,44.5,0
0.0,1393.0,82.0,303.5,312.7,49.3,0
0.0,1450.0,135.0,300.3,309.8,55.0,0
1.0,1569.0,47.0,303.3,311.5,36.6,0
0.0,1330.0,154.0,302.2,311.7,54.6,0
1.0,1456.0,209.0,299.8,309.1,39.4,0
0.0,1500.0,175.0,297.0,307.8,39.9,0
0.0,1356.0,6.0,298.6,309.7,54.0,0
0.0,1451.0,18.0,299.9,309.5,39.4,0
1.0,1721.0,210.0,302.4,311.1,30.1,0
0.0,1560.0,129.0,301.3,310.3,36.3,0
0.0,1368.0,175.0,299.2,308.9,47.2,0
1.0,1389.0,55.0,299.9,311.3,50.0,0
0.0,1435.0,98.0,302.3,311.8,44.8,0
0.0,1602.0,120.0,302.2,311.3,32.8,0
0.0,1428.0,45.0,298.2,308.7,54.9,0
1.0,1572.0,50.0,300.7,310.6,38.5,0
0.0,1408.0,135.0,301.1,311.7,46.3,0
2.0,1495.0,79.0,300.6,309.5,36.5,0
0.0,1379.0,135.0,298.1,307.8,49.1,0
0.0,1480.0,21.0,301.0,310.0,43.5,0
1.0,1572.0,126.0,298.1,309.1,37.5,0
1.0,1467.0,33.0,302.1,311.4,43.4,0
0.0,1729.0,96.0,302.9,312.2,23.6,0
2.0,1557.0,63.0,296.9,307.9,36.5,0
1.0,1418.0,59.0,301.3,310.8,45.4,0
0.0,1452.0,29.0,300.5,310.5,42.9,0
0.0,1443.0,21.0,298.8,308.2,53.4,0
2.0,1414.0,102.0,298.5,309.4,46.7,0
0.0,1510.0,146.0,299.8,309.4,42.5,0
1.0,1755.0,19.0,299.2,308.3,26.4,0
1.0,1350.0,50.0,300.1,310.3,48.8,0
0.0,1402.0,2.0,298.8,308.9,37.9,0
0.0,1346.0,90.0,301.3,310.4,46.7,0
2.0,1491.0,181.0,298.2,307.9,39.7,0
1.0,1644.0,5.0,301.7,310.1,34.6,0
1.0,1690.0,189.0,303.4,311.7,34.9,0
2.0,1577.0,5.0,297.9,309.2,34.7,0
1.0,1826.0,203.0,302.5,312.0,25.3,0
0.0,1475.0,104.0,302.2,311.3,48.6,0
0.0,1530.0,68.0,298.2,307.8,35.9,0
1.0,1586.0,138.0,299.2,308.6,35.7,0
0.0,1421.0,61.0,300.1,309.2,42.5,0
0.0,1554.0,118.0,302.2,311.3,40.2,0
1.0,1706.0,148.0,299.8,311.2,29.2,0
1.0,1477.0,160.0,296.9,307.8,37.2,0
1.0,1820.0,175.0,299.9,310.4,26.6,0
0.0,1268.0,189.0,298.0,308.7,69.4,1
0.0,1375.0,59.0,299.0,310.1,48.9,0
0.0,1495.0,16.0,299.3,310.2,49.2,0
0.0,1448.0,65.0,295.5,306.2,48.9,0
0.0,1504.0,45.0,297.3,308.3,36.3,0
0.0,1573.0,193.0,302.4,311.0,36.5,0
1.0,1573.0,143.0,302.0,310.5,32.1,0
2.0,1469.0,63.0,297.4,308.5,45.1,0
1.0,1548.0,97.0,299.9,309.2,35.7,0
0.0,1924.0,37.0,297.6,309.5,20.6,0
2.0,1640.0,118.0,301.0,311.0,37.6,0
0.0,1754.0,33.0,302.2,311.4,26.9,0
0.0,1535.0,160.0,299.9,311.3,38.1,0
0.0,1433.0,13.0,302.7,310.7,43.7,0
0.0,1444.0,62.0,298.7,308.5,54.2,0
1.0,1514.0,113.0,303.8,313.0,45.0,0
1.0,1706.0,153.0,300.7,311.0,25.0,0
0.0,1628.0,80.0,297.3,307.9,30.2,0
1.0,1417.0,137.0,298.0,307.9,51.0,0
1.0,1494.0,144.0,299.0,310.3,46.6,0
1.0,1466.0,41.0,300.2,309.8,45.7,0
0.0,1658.0,89.0,302.2,311.6,31.4,0
0.0,1809.0,86.0,296.6,307.6,25.1,0
1.0,1738.0,79.0,298.7,309.6,27.3,0
0.0,1859.0,178.0,297.8,307.3,24.0,0
2.0,1438.0,60.0,298.1,309.0,41.4,0
1.0,1486.0,55.0,298.8,310.0,38.5,0
0.0,1415.0,0.0,299.1,308.5,43.4,0
0.0,1379.0,122.0,300.4,309.6,54.5,0
1.0,1403.0,0.0,297.9,307.4,52.8,0
2.0,1379.0,0.0,298.3,309.0,43.2,0
0.0,1474.0,64.0,297.1,308.7,42.3,0
1.0,1996.0,203.0,300.7,309.6,19.8,1
0.0,1486.0,78.0,301.7,310.6,38.5,0
1.0,1535.0,51.0,297.4,308.3,34.6,0
0.0,1526.0,150.0,300.0,309.6,46.4,0
2.0,1328.0,120.0,303.3,312.5,49.8,0
1.0,1504.0,107.0,302.3,311.7,37.3,0
1.0,2099.0,98.0,298.9,310.2,20.0,0
0.0,1453.0,92.0,302.0,310.7,42.7,0
2.0,1360.0,93.0,300.5,309.4,46.2,0
0.0,1575.0,74.0,295.9,306.4,28.5,0
1.0,1545.0,155.0,300.8,310.6,37.5,0
1.0,1367.0,47.0,298.5,308.7,47.3,0
1.0,1404.0,93.0,299.3,308.5,49.4,0
1.0,1340.0,207.0,297.2,308.1,61.3,1
2.0,1495.0,184.0,300.5,310.0,47.4,0
1.0,1783.0,130.0,298.3,309.2,28.3,0
1.0,1459.0,163.0,298.0,307.6,44.4,0
1.0,1632.0,172.0,299.8,310.0,33.7,0
0.0,1493.0,79.0,300.8,312.4,39.1,0
0.0,1827.0,194.0,299.7,311.0,25.4,0
1.0,1352.0,116.0,300.4,311.4,57.3,0
1.0,1424.0,120.0,297.4,308.2,53.9,0
1.0,1650.0,38.0,300.1,311.3,33.8,0
0.0,1671.0,170.0,301.5,310.9,31.1,0
0.0,1763.0,27.0,303.3,311.2,27.3,0
0.0,1442.0,59.0,297.1,308.6,37.1,0
