file,samples,groundtruth_drift_count,groundtruth_drift_times,detected_drift_events,pool_alive_snapshots,prequential_accuracy,model_type,warning_detector,drift_detector,warning_signal,drift_signal,runtime_s,combo_runtime_s
recurring_sud_sea100k_g00.csv,20000,1,14476,2,2,0.9602020202020202,ht,adwin,adwin,error,error,1.9863055420000002,20.028368416000003
recurring_sud_sea100k_g01.csv,20000,2,4631 13318,1,2,0.951060606060606,ht,adwin,adwin,error,error,2.1245387499999997,20.028368416000003
recurring_sud_sea100k_g02.csv,20000,1,10693,3,2,0.9581313131313132,ht,adwin,adwin,error,error,2.2169029580000004,20.028368416000003
recurring_sud_sea100k_g03.csv,20000,2,8454 19297,2,2,0.9471212121212121,ht,adwin,adwin,error,error,1.704175874999999,20.028368416000003
recurring_sud_sea100k_g04.csv,20000,1,18553,2,2,0.9564646464646465,ht,adwin,adwin,error,error,1.9708345000000005,20.028368416000003
recurring_sud_sea100k_g05.csv,20000,2,9764 14788,5,3,0.9507070707070707,ht,adwin,adwin,error,error,1.8808917909999998,20.028368416000003
recurring_sud_sea100k_g06.csv,20000,1,12981,2,3,0.9558080808080808,ht,adwin,adwin,error,error,1.9448940829999994,20.028368416000003
recurring_sud_sea100k_g07.csv,20000,2,5095 14736,3,3,0.9614141414141414,ht,adwin,adwin,error,error,2.024769041999999,20.028368416000003
recurring_sud_sea100k_g08.csv,20000,1,12151,2,3,0.9558585858585859,ht,adwin,adwin,error,error,2.143419957999999,20.028368416000003
recurring_sud_sea100k_g09.csv,20000,1,7989,3,3,0.9461616161616162,ht,adwin,adwin,error,error,2.031130417,20.028368416000003
recurring_sud_sea100k_g00.csv,20000,1,14476,2,3,0.9611616161616162,hf,adwin,adwin,error,uq_mi,17.31584225,86.204206958
recurring_sud_sea100k_g01.csv,20000,2,4631 13318,0,1,0.9228282828282828,hf,adwin,adwin,error,uq_mi,2.6929108750000026,86.204206958
recurring_sud_sea100k_g02.csv,20000,1,10693,0,1,0.9173737373737374,hf,adwin,adwin,error,uq_mi,7.100334208999996,86.204206958
recurring_sud_sea100k_g03.csv,20000,2,8454 19297,0,1,0.9396969696969697,hf,adwin,adwin,error,uq_mi,6.1371893750000055,86.204206958
recurring_sud_sea100k_g04.csv,20000,1,18553,0,1,0.9607575757575758,hf,adwin,adwin,error,uq_mi,10.772304750000004,86.204206958
recurring_sud_sea100k_g05.csv,20000,2,9764 14788,0,1,0.9232828282828283,hf,adwin,adwin,error,uq_mi,3.3319687500000015,86.204206958
recurring_sud_sea100k_g06.csv,20000,1,12981,2,2,0.9296464646464646,hf,adwin,adwin,error,uq_mi,12.691485291999996,86.204206958
recurring_sud_sea100k_g07.csv,20000,2,5095 14736,0,1,0.9423737373737374,hf,adwin,adwin,error,uq_mi,9.421961459000002,86.204206958
recurring_sud_sea100k_g08.csv,20000,1,12151,1,2,0.9672222222222222,hf,adwin,adwin,error,uq_mi,12.947859542000003,86.204206958
recurring_sud_sea100k_g09.csv,20000,1,7989,0,1,0.8363131313131313,hf,adwin,adwin,error,uq_mi,3.7916742080000034,86.204206958
recurring_sud_sea100k_g00.csv,20000,1,14476,1,2,0.9572222222222222,hf,adwin,adwin,error,uq_vote,12.149952792000008,60.641499666
recurring_sud_sea100k_g01.csv,20000,2,4631 13318,0,1,0.9228282828282828,hf,adwin,adwin,error,uq_vote,2.5843209169999994,60.641499666
recurring_sud_sea100k_g02.csv,20000,1,10693,0,1,0.9173737373737374,hf,adwin,adwin,error,uq_vote,7.216799457999983,60.641499666
recurring_sud_sea100k_g03.csv,20000,2,8454 19297,1,2,0.9502525252525252,hf,adwin,adwin,error,uq_vote,13.341862124999977,60.641499666
recurring_sud_sea100k_g04.csv,20000,1,18553,0,1,0.9532828282828283,hf,adwin,adwin,error,uq_vote,3.872097834000016,60.641499666
recurring_sud_sea100k_g05.csv,20000,2,9764 14788,0,1,0.9232828282828283,hf,adwin,adwin,error,uq_vote,3.455472332999989,60.641499666
recurring_sud_sea100k_g06.csv,20000,1,12981,0,1,0.9242424242424242,hf,adwin,adwin,error,uq_vote,3.1643392089999907,60.641499666
recurring_sud_sea100k_g07.csv,20000,2,5095 14736,0,1,0.9437878787878788,hf,adwin,adwin,error,uq_vote,8.590012333999994,60.641499666
recurring_sud_sea100k_g08.csv,20000,1,12151,0,1,0.9406060606060606,hf,adwin,adwin,error,uq_vote,3.221225875000016,60.641499666
recurring_sud_sea100k_g09.csv,20000,1,7989,0,1,0.8571717171717171,hf,adwin,adwin,error,uq_vote,3.0446699999999964,60.641499666
recurring_sud_sea100k_g00.csv,20000,1,14476,1,2,0.9614141414141414,hf,adwin,adwin,error,uq_entropy,15.00216125,89.07868612499999
recurring_sud_sea100k_g01.csv,20000,2,4631 13318,0,1,0.9228282828282828,hf,adwin,adwin,error,uq_entropy,2.5549376660000007,89.07868612499999
recurring_sud_sea100k_g02.csv,20000,1,10693,1,2,0.9443939393939393,hf,adwin,adwin,error,uq_entropy,13.452256208999984,89.07868612499999
recurring_sud_sea100k_g03.csv,20000,2,8454 19297,1,2,0.9586363636363636,hf,adwin,adwin,error,uq_entropy,11.124322500000005,89.07868612499999
recurring_sud_sea100k_g04.csv,20000,1,18553,2,2,0.9626767676767677,hf,adwin,adwin,error,uq_entropy,16.192619709000013,89.07868612499999
recurring_sud_sea100k_g05.csv,20000,2,9764 14788,0,1,0.9232828282828283,hf,adwin,adwin,error,uq_entropy,3.221181042000012,89.07868612499999
recurring_sud_sea100k_g06.csv,20000,1,12981,1,2,0.9306565656565656,hf,adwin,adwin,error,uq_entropy,8.057278541000017,89.07868612499999
recurring_sud_sea100k_g07.csv,20000,2,5095 14736,0,1,0.9425757575757576,hf,adwin,adwin,error,uq_entropy,9.496968083000013,89.07868612499999
recurring_sud_sea100k_g08.csv,20000,1,12151,0,1,0.9642929292929293,hf,adwin,adwin,error,uq_entropy,6.9386534580000045,89.07868612499999
recurring_sud_sea100k_g09.csv,20000,1,7989,0,1,0.8571717171717171,hf,adwin,adwin,error,uq_entropy,3.0371497909999903,89.07868612499999
recurring_sud_sea100k_g00.csv,20000,1,14476,0,1,0.9331818181818182,hf,adwin,adwin,uq_mi,error,2.5821464579999542,135.76589962499997
recurring_sud_sea100k_g01.csv,20000,2,4631 13318,0,1,0.9511111111111111,hf,adwin,adwin,uq_mi,error,11.165179749999993,135.76589962499997
recurring_sud_sea100k_g02.csv,20000,1,10693,1,2,0.948030303030303,hf,adwin,adwin,uq_mi,error,14.91567200000003,135.76589962499997
recurring_sud_sea100k_g03.csv,20000,2,8454 19297,1,2,0.958989898989899,hf,adwin,adwin,uq_mi,error,16.780221083000015,135.76589962499997
recurring_sud_sea100k_g04.csv,20000,1,18553,2,3,0.9581818181818181,hf,adwin,adwin,uq_mi,error,14.073403041999995,135.76589962499997
recurring_sud_sea100k_g05.csv,20000,2,9764 14788,0,1,0.9301010101010101,hf,adwin,adwin,uq_mi,error,11.30854229199997,135.76589962499997
recurring_sud_sea100k_g06.csv,20000,1,12981,2,3,0.9557070707070707,hf,adwin,adwin,uq_mi,error,18.575411375000044,135.76589962499997
recurring_sud_sea100k_g07.csv,20000,2,5095 14736,1,2,0.953030303030303,hf,adwin,adwin,uq_mi,error,13.136402540999995,135.76589962499997
recurring_sud_sea100k_g08.csv,20000,1,12151,2,3,0.9666161616161616,hf,adwin,adwin,uq_mi,error,16.11270245899999,135.76589962499997
recurring_sud_sea100k_g09.csv,20000,1,7989,2,3,0.9474242424242424,hf,adwin,adwin,uq_mi,error,17.11401270800002,135.76589962499997
recurring_sud_sea100k_g00.csv,20000,1,14476,3,4,0.9603030303030303,hf,adwin,adwin,uq_mi,uq_mi,18.990143499999988,153.12729474999998
recurring_sud_sea100k_g01.csv,20000,2,4631 13318,1,2,0.9534848484848485,hf,adwin,adwin,uq_mi,uq_mi,14.42208412499997,153.12729474999998
recurring_sud_sea100k_g02.csv,20000,1,10693,0,1,0.9159090909090909,hf,adwin,adwin,uq_mi,uq_mi,3.832396167000013,153.12729474999998
recurring_sud_sea100k_g03.csv,20000,2,8454 19297,2,3,0.9588383838383838,hf,adwin,adwin,uq_mi,uq_mi,17.96890720800002,153.12729474999998
recurring_sud_sea100k_g04.csv,20000,1,18553,2,2,0.9622727272727273,hf,adwin,adwin,uq_mi,uq_mi,18.626493707999998,153.12729474999998
recurring_sud_sea100k_g05.csv,20000,2,9764 14788,4,4,0.938939393939394,hf,adwin,adwin,uq_mi,uq_mi,17.435393250000004,153.12729474999998
recurring_sud_sea100k_g06.csv,20000,1,12981,2,3,0.9585353535353536,hf,adwin,adwin,uq_mi,uq_mi,20.747278291999976,153.12729474999998
recurring_sud_sea100k_g07.csv,20000,2,5095 14736,1,2,0.9444444444444444,hf,adwin,adwin,uq_mi,uq_mi,17.217711542000018,153.12729474999998
recurring_sud_sea100k_g08.csv,20000,1,12151,1,2,0.967020202020202,hf,adwin,adwin,uq_mi,uq_mi,14.794007958000066,153.12729474999998
recurring_sud_sea100k_g09.csv,20000,1,7989,1,2,0.8533333333333334,hf,adwin,adwin,uq_mi,uq_mi,9.090511666999987,153.12729474999998
recurring_sud_sea100k_g00.csv,20000,1,14476,1,2,0.9528282828282828,hf,adwin,adwin,uq_mi,uq_vote,18.001525000000015,93.40048662499998
recurring_sud_sea100k_g01.csv,20000,2,4631 13318,1,2,0.9537878787878787,hf,adwin,adwin,uq_mi,uq_vote,14.726220499999954,93.40048662499998
recurring_sud_sea100k_g02.csv,20000,1,10693,0,1,0.9159090909090909,hf,adwin,adwin,uq_mi,uq_vote,4.343909542000006,93.40048662499998
recurring_sud_sea100k_g03.csv,20000,2,8454 19297,2,2,0.957929292929293,hf,adwin,adwin,uq_mi,uq_vote,19.11394408400008,93.40048662499998
recurring_sud_sea100k_g04.csv,20000,1,18553,0,1,0.9425757575757576,hf,adwin,adwin,uq_mi,uq_vote,3.7770715829999517,93.40048662499998
recurring_sud_sea100k_g05.csv,20000,2,9764 14788,0,1,0.9318686868686868,hf,adwin,adwin,uq_mi,uq_vote,5.639749708000068,93.40048662499998
recurring_sud_sea100k_g06.csv,20000,1,12981,0,1,0.9251515151515152,hf,adwin,adwin,uq_mi,uq_vote,3.7066246670000282,93.40048662499998
recurring_sud_sea100k_g07.csv,20000,2,5095 14736,1,2,0.9441414141414142,hf,adwin,adwin,uq_mi,uq_vote,17.195618707999984,93.40048662499998
recurring_sud_sea100k_g08.csv,20000,1,12151,0,1,0.9387878787878788,hf,adwin,adwin,uq_mi,uq_vote,3.737326375000066,93.40048662499998
recurring_sud_sea100k_g09.csv,20000,1,7989,0,1,0.8398989898989899,hf,adwin,adwin,uq_mi,uq_vote,3.156511124999952,93.40048662499998
recurring_sud_sea100k_g00.csv,20000,1,14476,1,2,0.9381818181818182,hf,adwin,adwin,uq_mi,uq_entropy,14.062899541000093,111.82418466599995
recurring_sud_sea100k_g01.csv,20000,2,4631 13318,0,1,0.9426262626262626,hf,adwin,adwin,uq_mi,uq_entropy,8.07425320799996,111.82418466599995
recurring_sud_sea100k_g02.csv,20000,1,10693,1,2,0.942020202020202,hf,adwin,adwin,uq_mi,uq_entropy,18.31395670800009,111.82418466599995
recurring_sud_sea100k_g03.csv,20000,2,8454 19297,1,2,0.9572727272727273,hf,adwin,adwin,uq_mi,uq_entropy,18.88052612499996,111.82418466599995
recurring_sud_sea100k_g04.csv,20000,1,18553,0,1,0.9425757575757576,hf,adwin,adwin,uq_mi,uq_entropy,3.3827580839999882,111.82418466599995
recurring_sud_sea100k_g05.csv,20000,2,9764 14788,0,1,0.9318686868686868,hf,adwin,adwin,uq_mi,uq_entropy,4.386731250000025,111.82418466599995
recurring_sud_sea100k_g06.csv,20000,1,12981,1,2,0.9462626262626262,hf,adwin,adwin,uq_mi,uq_entropy,13.647427167000046,111.82418466599995
recurring_sud_sea100k_g07.csv,20000,2,5095 14736,1,2,0.9451515151515152,hf,adwin,adwin,uq_mi,uq_entropy,16.563142208000045,111.82418466599995
recurring_sud_sea100k_g08.csv,20000,1,12151,0,1,0.9707070707070707,hf,adwin,adwin,uq_mi,uq_entropy,11.581502750000027,111.82418466599995
recurring_sud_sea100k_g09.csv,20000,1,7989,0,1,0.8398989898989899,hf,adwin,adwin,uq_mi,uq_entropy,2.9302544590000252,111.82418466599995
recurring_sud_sea100k_g00.csv,20000,1,14476,0,1,0.9631313131313132,hf,adwin,adwin,uq_vote,error,10.843263375000106,120.88055670800009
recurring_sud_sea100k_g01.csv,20000,2,4631 13318,0,1,0.9511111111111111,hf,adwin,adwin,uq_vote,error,10.944702707999909,120.88055670800009
recurring_sud_sea100k_g02.csv,20000,1,10693,0,1,0.9316666666666666,hf,adwin,adwin,uq_vote,error,8.53799991699998,120.88055670800009
recurring_sud_sea100k_g03.csv,20000,2,8454 19297,1,2,0.958989898989899,hf,adwin,adwin,uq_vote,error,17.263371082999925,120.88055670800009
recurring_sud_sea100k_g04.csv,20000,1,18553,0,1,0.9631818181818181,hf,adwin,adwin,uq_vote,error,10.98281195800007,120.88055670800009
recurring_sud_sea100k_g05.csv,20000,2,9764 14788,0,1,0.9301010101010101,hf,adwin,adwin,uq_vote,error,10.99283579200005,120.88055670800009
recurring_sud_sea100k_g06.csv,20000,1,12981,0,1,0.9587878787878787,hf,adwin,adwin,uq_vote,error,10.863020749999919,120.88055670800009
recurring_sud_sea100k_g07.csv,20000,2,5095 14736,1,2,0.9501010101010101,hf,adwin,adwin,uq_vote,error,13.001824208000016,120.88055670800009
recurring_sud_sea100k_g08.csv,20000,1,12151,0,1,0.9707070707070707,hf,adwin,adwin,uq_vote,error,11.308218249999982,120.88055670800009
recurring_sud_sea100k_g09.csv,20000,1,7989,1,2,0.9525757575757576,hf,adwin,adwin,uq_vote,error,16.14212395900006,120.88055670800009
recurring_sud_sea100k_g00.csv,20000,1,14476,0,1,0.9631313131313132,hf,adwin,adwin,uq_vote,uq_mi,10.916189625000015,117.11500091699997
recurring_sud_sea100k_g01.csv,20000,2,4631 13318,0,1,0.9442424242424242,hf,adwin,adwin,uq_vote,uq_mi,6.874209041999961,117.11500091699997
recurring_sud_sea100k_g02.csv,20000,1,10693,0,1,0.9291414141414142,hf,adwin,adwin,uq_vote,uq_mi,8.629464124999913,117.11500091699997
recurring_sud_sea100k_g03.csv,20000,2,8454 19297,2,3,0.9587878787878787,hf,adwin,adwin,uq_vote,uq_mi,18.377216957999963,117.11500091699997
recurring_sud_sea100k_g04.csv,20000,1,18553,0,1,0.9631818181818181,hf,adwin,adwin,uq_vote,uq_mi,11.185714041999972,117.11500091699997
recurring_sud_sea100k_g05.csv,20000,2,9764 14788,0,1,0.9301010101010101,hf,adwin,adwin,uq_vote,uq_mi,11.819407749999982,117.11500091699997
recurring_sud_sea100k_g06.csv,20000,1,12981,0,1,0.9587878787878787,hf,adwin,adwin,uq_vote,uq_mi,11.637374749999935,117.11500091699997
recurring_sud_sea100k_g07.csv,20000,2,5095 14736,0,1,0.9458585858585858,hf,adwin,adwin,uq_vote,uq_mi,10.984209958000065,117.11500091699997
recurring_sud_sea100k_g08.csv,20000,1,12151,0,1,0.9707070707070707,hf,adwin,adwin,uq_vote,uq_mi,12.149193582999942,117.11500091699997
recurring_sud_sea100k_g09.csv,20000,1,7989,1,2,0.9406565656565656,hf,adwin,adwin,uq_vote,uq_mi,14.54148504200009,117.11500091699997
recurring_sud_sea100k_g00.csv,20000,1,14476,1,2,0.9626767676767677,hf,adwin,adwin,uq_vote,uq_vote,17.177014958999962,145.54587908399992
recurring_sud_sea100k_g01.csv,20000,2,4631 13318,1,2,0.9537878787878787,hf,adwin,adwin,uq_vote,uq_vote,13.480889834000095,145.54587908399992
recurring_sud_sea100k_g02.csv,20000,1,10693,1,2,0.9382828282828283,hf,adwin,adwin,uq_vote,uq_vote,13.153483166000001,145.54587908399992
recurring_sud_sea100k_g03.csv,20000,2,8454 19297,2,2,0.957929292929293,hf,adwin,adwin,uq_vote,uq_vote,18.02234425000006,145.54587908399992
recurring_sud_sea100k_g04.csv,20000,1,18553,0,1,0.9631818181818181,hf,adwin,adwin,uq_vote,uq_vote,11.058423415999869,145.54587908399992
recurring_sud_sea100k_g05.csv,20000,2,9764 14788,1,2,0.9348989898989899,hf,adwin,adwin,uq_vote,uq_vote,12.938171582999985,145.54587908399992
recurring_sud_sea100k_g06.csv,20000,1,12981,0,1,0.9587878787878787,hf,adwin,adwin,uq_vote,uq_vote,11.27433841700008,145.54587908399992
recurring_sud_sea100k_g07.csv,20000,2,5095 14736,1,2,0.9444949494949495,hf,adwin,adwin,uq_vote,uq_vote,15.86846300000002,145.54587908399992
recurring_sud_sea100k_g08.csv,20000,1,12151,1,2,0.9717171717171718,hf,adwin,adwin,uq_vote,uq_vote,17.46809729200004,145.54587908399992
recurring_sud_sea100k_g09.csv,20000,1,7989,1,2,0.9432828282828283,hf,adwin,adwin,uq_vote,uq_vote,15.104200292000087,145.54587908399992
recurring_sud_sea100k_g00.csv,20000,1,14476,1,2,0.9628787878787879,hf,adwin,adwin,uq_vote,uq_entropy,15.189372333999927,123.47405300000014
recurring_sud_sea100k_g01.csv,20000,2,4631 13318,0,1,0.9511111111111111,hf,adwin,adwin,uq_vote,uq_entropy,11.227929915999994,123.47405300000014
recurring_sud_sea100k_g02.csv,20000,1,10693,0,1,0.9375757575757576,hf,adwin,adwin,uq_vote,uq_entropy,10.962489208000079,123.47405300000014
recurring_sud_sea100k_g03.csv,20000,2,8454 19297,1,2,0.9572727272727273,hf,adwin,adwin,uq_vote,uq_entropy,18.055747708000126,123.47405300000014
recurring_sud_sea100k_g04.csv,20000,1,18553,0,1,0.9631818181818181,hf,adwin,adwin,uq_vote,uq_entropy,11.738564375000124,123.47405300000014
recurring_sud_sea100k_g05.csv,20000,2,9764 14788,0,1,0.9301010101010101,hf,adwin,adwin,uq_vote,uq_entropy,11.2237722079999,123.47405300000014
recurring_sud_sea100k_g06.csv,20000,1,12981,0,1,0.9587878787878787,hf,adwin,adwin,uq_vote,uq_entropy,11.329496833000121,123.47405300000014
recurring_sud_sea100k_g07.csv,20000,2,5095 14736,0,1,0.9458585858585858,hf,adwin,adwin,uq_vote,uq_entropy,11.152846209000018,123.47405300000014
recurring_sud_sea100k_g08.csv,20000,1,12151,0,1,0.9707070707070707,hf,adwin,adwin,uq_vote,uq_entropy,11.424289000000044,123.47405300000014
recurring_sud_sea100k_g09.csv,20000,1,7989,0,1,0.939949494949495,hf,adwin,adwin,uq_vote,uq_entropy,11.16905183300014,123.47405300000014
recurring_sud_sea100k_g00.csv,20000,1,14476,2,2,0.9582828282828283,hf,adwin,adwin,uq_entropy,error,15.187569875000008,134.54421700000012
recurring_sud_sea100k_g01.csv,20000,2,4631 13318,0,1,0.9469191919191919,hf,adwin,adwin,uq_entropy,error,5.76397883300001,134.54421700000012
recurring_sud_sea100k_g02.csv,20000,1,10693,2,3,0.9454545454545454,hf,adwin,adwin,uq_entropy,error,15.445001082999852,134.54421700000012
recurring_sud_sea100k_g03.csv,20000,2,8454 19297,1,2,0.958989898989899,hf,adwin,adwin,uq_entropy,error,17.15996295900004,134.54421700000012
recurring_sud_sea100k_g04.csv,20000,1,18553,2,2,0.9603535353535354,hf,adwin,adwin,uq_entropy,error,14.080772083000056,134.54421700000012
recurring_sud_sea100k_g05.csv,20000,2,9764 14788,1,2,0.9294444444444444,hf,adwin,adwin,uq_entropy,error,12.462874083000088,134.54421700000012
recurring_sud_sea100k_g06.csv,20000,1,12981,0,1,0.9587373737373738,hf,adwin,adwin,uq_entropy,error,11.282005375000153,134.54421700000012
recurring_sud_sea100k_g07.csv,20000,2,5095 14736,1,2,0.9512626262626263,hf,adwin,adwin,uq_entropy,error,13.349204958999962,134.54421700000012
recurring_sud_sea100k_g08.csv,20000,1,12151,2,2,0.9645454545454546,hf,adwin,adwin,uq_entropy,error,13.86255862500002,134.54421700000012
recurring_sud_sea100k_g09.csv,20000,1,7989,1,2,0.953939393939394,hf,adwin,adwin,uq_entropy,error,15.94980595800007,134.54421700000012
recurring_sud_sea100k_g00.csv,20000,1,14476,0,1,0.9631313131313132,hf,adwin,adwin,uq_entropy,uq_mi,11.166497542000116,89.31114574999992
recurring_sud_sea100k_g01.csv,20000,2,4631 13318,0,1,0.8968686868686868,hf,adwin,adwin,uq_entropy,uq_mi,3.0412844579998364,89.31114574999992
recurring_sud_sea100k_g02.csv,20000,1,10693,0,1,0.9213636363636364,hf,adwin,adwin,uq_entropy,uq_mi,4.292628916000012,89.31114574999992
recurring_sud_sea100k_g03.csv,20000,2,8454 19297,1,2,0.944040404040404,hf,adwin,adwin,uq_entropy,uq_mi,10.387121167000032,89.31114574999992
recurring_sud_sea100k_g04.csv,20000,1,18553,0,1,0.9631818181818181,hf,adwin,adwin,uq_entropy,uq_mi,11.644224207999969,89.31114574999992
recurring_sud_sea100k_g05.csv,20000,2,9764 14788,0,1,0.9301010101010101,hf,adwin,adwin,uq_entropy,uq_mi,13.430613500000163,89.31114574999992
recurring_sud_sea100k_g06.csv,20000,1,12981,1,2,0.9287878787878788,hf,adwin,adwin,uq_entropy,uq_mi,6.390811084000006,89.31114574999992
recurring_sud_sea100k_g07.csv,20000,2,5095 14736,0,1,0.9381313131313131,hf,adwin,adwin,uq_entropy,uq_mi,8.954240832999858,89.31114574999992
recurring_sud_sea100k_g08.csv,20000,1,12151,0,1,0.9598989898989899,hf,adwin,adwin,uq_entropy,uq_mi,3.5264192080001067,89.31114574999992
recurring_sud_sea100k_g09.csv,20000,1,7989,1,2,0.9332323232323232,hf,adwin,adwin,uq_entropy,uq_mi,16.476854499999945,89.31114574999992
recurring_sud_sea100k_g00.csv,20000,1,14476,1,2,0.9633838383838383,hf,adwin,adwin,uq_entropy,uq_vote,18.101583124999934,96.09621641600006
recurring_sud_sea100k_g01.csv,20000,2,4631 13318,0,1,0.8968686868686868,hf,adwin,adwin,uq_entropy,uq_vote,3.082594375000099,96.09621641600006
recurring_sud_sea100k_g02.csv,20000,1,10693,0,1,0.9213636363636364,hf,adwin,adwin,uq_entropy,uq_vote,5.8295409999998355,96.09621641600006
recurring_sud_sea100k_g03.csv,20000,2,8454 19297,1,2,0.9357575757575758,hf,adwin,adwin,uq_entropy,uq_vote,10.65429099999983,96.09621641600006
recurring_sud_sea100k_g04.csv,20000,1,18553,0,1,0.9492929292929293,hf,adwin,adwin,uq_entropy,uq_vote,4.199348290999978,96.09621641600006
recurring_sud_sea100k_g05.csv,20000,2,9764 14788,1,2,0.9326767676767677,hf,adwin,adwin,uq_entropy,uq_vote,14.067161625000153,96.09621641600006
recurring_sud_sea100k_g06.csv,20000,1,12981,0,1,0.9255555555555556,hf,adwin,adwin,uq_entropy,uq_vote,3.6628487920002044,96.09621641600006
recurring_sud_sea100k_g07.csv,20000,2,5095 14736,1,2,0.9445959595959595,hf,adwin,adwin,uq_entropy,uq_vote,12.099340459000132,96.09621641600006
recurring_sud_sea100k_g08.csv,20000,1,12151,0,1,0.9598989898989899,hf,adwin,adwin,uq_entropy,uq_vote,4.250611249999793,96.09621641600006
recurring_sud_sea100k_g09.csv,20000,1,7989,1,2,0.9201515151515152,hf,adwin,adwin,uq_entropy,uq_vote,20.147461667000016,96.09621641600006
recurring_sud_sea100k_g00.csv,20000,1,14476,2,2,0.9556565656565656,hf,adwin,adwin,uq_entropy,uq_entropy,12.779937292000113,177.66291729099999
recurring_sud_sea100k_g01.csv,20000,2,4631 13318,2,3,0.943939393939394,hf,adwin,adwin,uq_entropy,uq_entropy,13.678139999999985,177.66291729099999
recurring_sud_sea100k_g02.csv,20000,1,10693,2,3,0.9477777777777778,hf,adwin,adwin,uq_entropy,uq_entropy,23.71484783400001,177.66291729099999
recurring_sud_sea100k_g03.csv,20000,2,8454 19297,4,3,0.9587373737373738,hf,adwin,adwin,uq_entropy,uq_entropy,22.956758833000094,177.66291729099999
recurring_sud_sea100k_g04.csv,20000,1,18553,1,2,0.964040404040404,hf,adwin,adwin,uq_entropy,uq_entropy,24.138966665999988,177.66291729099999
recurring_sud_sea100k_g05.csv,20000,2,9764 14788,3,4,0.9461616161616162,hf,adwin,adwin,uq_entropy,uq_entropy,22.35819845800006,177.66291729099999
recurring_sud_sea100k_g06.csv,20000,1,12981,2,2,0.9558080808080808,hf,adwin,adwin,uq_entropy,uq_entropy,17.725071500000013,177.66291729099999
recurring_sud_sea100k_g07.csv,20000,2,5095 14736,3,3,0.951010101010101,hf,adwin,adwin,uq_entropy,uq_entropy,16.43984920899993,177.66291729099999
recurring_sud_sea100k_g08.csv,20000,1,12151,1,2,0.963030303030303,hf,adwin,adwin,uq_entropy,uq_entropy,7.714052000000038,177.66291729099999
recurring_sud_sea100k_g09.csv,20000,1,7989,1,2,0.9517171717171717,hf,adwin,adwin,uq_entropy,uq_entropy,16.156558915999994,177.66291729099999
recurring_sud_sea100k_g00.csv,20000,1,14476,0,1,0.9556060606060606,ht,adwin,seed,error,error,4.058660666000151,41.95209891700006
recurring_sud_sea100k_g01.csv,20000,2,4631 13318,0,1,0.9441414141414142,ht,adwin,seed,error,error,4.223517625000113,41.95209891700006
recurring_sud_sea100k_g02.csv,20000,1,10693,0,1,0.9504545454545454,ht,adwin,seed,error,error,4.147662874999924,41.95209891700006
recurring_sud_sea100k_g03.csv,20000,2,8454 19297,0,1,0.9307575757575758,ht,adwin,seed,error,error,4.087393499999962,41.95209891700006
recurring_sud_sea100k_g04.csv,20000,1,18553,1,2,0.9556060606060606,ht,adwin,seed,error,error,4.593943167000134,41.95209891700006
recurring_sud_sea100k_g05.csv,20000,2,9764 14788,2,3,0.9447474747474748,ht,adwin,seed,error,error,4.44829387499999,41.95209891700006
recurring_sud_sea100k_g06.csv,20000,1,12981,0,1,0.9302525252525252,ht,adwin,seed,error,error,3.990015041999868,41.95209891700006
recurring_sud_sea100k_g07.csv,20000,2,5095 14736,0,1,0.9281818181818182,ht,adwin,seed,error,error,4.201056167000161,41.95209891700006
recurring_sud_sea100k_g08.csv,20000,1,12151,0,1,0.9454040404040404,ht,adwin,seed,error,error,4.183997042000101,41.95209891700006
recurring_sud_sea100k_g09.csv,20000,1,7989,0,1,0.8874747474747475,ht,adwin,seed,error,error,4.017043957999931,41.95209891700006
recurring_sud_sea100k_g00.csv,20000,1,14476,0,1,0.9526767676767677,hf,adwin,seed,error,uq_mi,6.335673874999884,99.42336966599987
recurring_sud_sea100k_g01.csv,20000,2,4631 13318,0,1,0.9228282828282828,hf,adwin,seed,error,uq_mi,8.484795916999929,99.42336966599987
recurring_sud_sea100k_g02.csv,20000,1,10693,0,1,0.9173737373737374,hf,adwin,seed,error,uq_mi,14.672065750000002,99.42336966599987
recurring_sud_sea100k_g03.csv,20000,2,8454 19297,0,1,0.9326767676767677,hf,adwin,seed,error,uq_mi,9.876552833999995,99.42336966599987
recurring_sud_sea100k_g04.csv,20000,1,18553,0,1,0.9532828282828283,hf,adwin,seed,error,uq_mi,8.179325332999952,99.42336966599987
recurring_sud_sea100k_g05.csv,20000,2,9764 14788,0,1,0.9232828282828283,hf,adwin,seed,error,uq_mi,9.083884666999893,99.42336966599987
recurring_sud_sea100k_g06.csv,20000,1,12981,0,1,0.9242424242424242,hf,adwin,seed,error,uq_mi,9.223560334000013,99.42336966599987
recurring_sud_sea100k_g07.csv,20000,2,5095 14736,0,1,0.9427777777777778,hf,adwin,seed,error,uq_mi,16.276988208000148,99.42336966599987
recurring_sud_sea100k_g08.csv,20000,1,12151,0,1,0.9406060606060606,hf,adwin,seed,error,uq_mi,8.55168345800007,99.42336966599987
recurring_sud_sea100k_g09.csv,20000,1,7989,0,1,0.8571717171717171,hf,adwin,seed,error,uq_mi,8.738285916999985,99.42336966599987
recurring_sud_sea100k_g00.csv,20000,1,14476,0,1,0.9526767676767677,hf,adwin,seed,error,uq_vote,9.977661666999893,98.338362125
recurring_sud_sea100k_g01.csv,20000,2,4631 13318,0,1,0.9228282828282828,hf,adwin,seed,error,uq_vote,7.928024124999865,98.338362125
recurring_sud_sea100k_g02.csv,20000,1,10693,0,1,0.9173737373737374,hf,adwin,seed,error,uq_vote,13.573849167000162,98.338362125
recurring_sud_sea100k_g03.csv,20000,2,8454 19297,0,1,0.9326767676767677,hf,adwin,seed,error,uq_vote,10.519497167000054,98.338362125
recurring_sud_sea100k_g04.csv,20000,1,18553,0,1,0.9532828282828283,hf,adwin,seed,error,uq_vote,9.034913833000019,98.338362125
recurring_sud_sea100k_g05.csv,20000,2,9764 14788,0,1,0.9232828282828283,hf,adwin,seed,error,uq_vote,8.466659916000026,98.338362125
recurring_sud_sea100k_g06.csv,20000,1,12981,0,1,0.9242424242424242,hf,adwin,seed,error,uq_vote,8.306602166999937,98.338362125
recurring_sud_sea100k_g07.csv,20000,2,5095 14736,0,1,0.9427777777777778,hf,adwin,seed,error,uq_vote,14.630733250000048,98.338362125
recurring_sud_sea100k_g08.csv,20000,1,12151,0,1,0.9406060606060606,hf,adwin,seed,error,uq_vote,8.044735041999957,98.338362125
recurring_sud_sea100k_g09.csv,20000,1,7989,0,1,0.8571717171717171,hf,adwin,seed,error,uq_vote,7.853261291999843,98.338362125
recurring_sud_sea100k_g00.csv,20000,1,14476,0,1,0.9526767676767677,hf,adwin,seed,error,uq_entropy,8.010959208000031,83.51673083399987
recurring_sud_sea100k_g01.csv,20000,2,4631 13318,0,1,0.9228282828282828,hf,adwin,seed,error,uq_entropy,6.87201812499984,83.51673083399987
recurring_sud_sea100k_g02.csv,20000,1,10693,0,1,0.9173737373737374,hf,adwin,seed,error,uq_entropy,13.517334333000008,83.51673083399987
recurring_sud_sea100k_g03.csv,20000,2,8454 19297,0,1,0.9326767676767677,hf,adwin,seed,error,uq_entropy,9.974339500000042,83.51673083399987
recurring_sud_sea100k_g04.csv,20000,1,18553,0,1,0.9532828282828283,hf,adwin,seed,error,uq_entropy,6.87736433300006,83.51673083399987
recurring_sud_sea100k_g05.csv,20000,2,9764 14788,0,1,0.9232828282828283,hf,adwin,seed,error,uq_entropy,7.242558707999933,83.51673083399987
recurring_sud_sea100k_g06.csv,20000,1,12981,0,1,0.9242424242424242,hf,adwin,seed,error,uq_entropy,6.584955124999851,83.51673083399987
recurring_sud_sea100k_g07.csv,20000,2,5095 14736,0,1,0.9427777777777778,hf,adwin,seed,error,uq_entropy,11.410098040999856,83.51673083399987
recurring_sud_sea100k_g08.csv,20000,1,12151,0,1,0.9406060606060606,hf,adwin,seed,error,uq_entropy,6.762384459000259,83.51673083399987
recurring_sud_sea100k_g09.csv,20000,1,7989,0,1,0.8571717171717171,hf,adwin,seed,error,uq_entropy,6.262353125000118,83.51673083399987
recurring_sud_sea100k_g00.csv,20000,1,14476,0,1,0.9331818181818182,hf,adwin,seed,uq_mi,error,6.361194541999794,129.83193329200003
recurring_sud_sea100k_g01.csv,20000,2,4631 13318,0,1,0.9426262626262626,hf,adwin,seed,uq_mi,error,12.92396404100009,129.83193329200003
recurring_sud_sea100k_g02.csv,20000,1,10693,0,1,0.9159090909090909,hf,adwin,seed,uq_mi,error,10.244486042000062,129.83193329200003
recurring_sud_sea100k_g03.csv,20000,2,8454 19297,0,1,0.9257070707070707,hf,adwin,seed,uq_mi,error,9.528497875000085,129.83193329200003
recurring_sud_sea100k_g04.csv,20000,1,18553,1,2,0.9466161616161616,hf,adwin,seed,uq_mi,error,21.15872675000037,129.83193329200003
recurring_sud_sea100k_g05.csv,20000,2,9764 14788,2,3,0.954949494949495,hf,adwin,seed,uq_mi,error,25.25404570799992,129.83193329200003
recurring_sud_sea100k_g06.csv,20000,1,12981,0,1,0.9251515151515152,hf,adwin,seed,uq_mi,error,8.423868082999888,129.83193329200003
recurring_sud_sea100k_g07.csv,20000,2,5095 14736,0,1,0.9506060606060606,hf,adwin,seed,uq_mi,error,10.674937083999794,129.83193329200003
recurring_sud_sea100k_g08.csv,20000,1,12151,0,1,0.9387878787878788,hf,adwin,seed,uq_mi,error,9.240233499999704,129.83193329200003
recurring_sud_sea100k_g09.csv,20000,1,7989,1,2,0.9352525252525252,hf,adwin,seed,uq_mi,error,16.020248374999937,129.83193329200003
recurring_sud_sea100k_g00.csv,20000,1,14476,0,1,0.9331818181818182,hf,adwin,seed,uq_mi,uq_mi,7.514549749999787,93.94689104200006
recurring_sud_sea100k_g01.csv,20000,2,4631 13318,0,1,0.9426262626262626,hf,adwin,seed,uq_mi,uq_mi,14.906764291999934,93.94689104200006
recurring_sud_sea100k_g02.csv,20000,1,10693,0,1,0.9159090909090909,hf,adwin,seed,uq_mi,uq_mi,8.886353625000083,93.94689104200006
recurring_sud_sea100k_g03.csv,20000,2,8454 19297,0,1,0.9257070707070707,hf,adwin,seed,uq_mi,uq_mi,9.188620667000123,93.94689104200006
recurring_sud_sea100k_g04.csv,20000,1,18553,0,1,0.9425757575757576,hf,adwin,seed,uq_mi,uq_mi,8.297407333000137,93.94689104200006
recurring_sud_sea100k_g05.csv,20000,2,9764 14788,0,1,0.9318686868686868,hf,adwin,seed,uq_mi,uq_mi,9.485328750000008,93.94689104200006
recurring_sud_sea100k_g06.csv,20000,1,12981,0,1,0.9251515151515152,hf,adwin,seed,uq_mi,uq_mi,8.195073709000098,93.94689104200006
recurring_sud_sea100k_g07.csv,20000,2,5095 14736,0,1,0.9506060606060606,hf,adwin,seed,uq_mi,uq_mi,11.06145083299998,93.94689104200006
recurring_sud_sea100k_g08.csv,20000,1,12151,0,1,0.9387878787878788,hf,adwin,seed,uq_mi,uq_mi,8.429289583000354,93.94689104200006
recurring_sud_sea100k_g09.csv,20000,1,7989,0,1,0.8398989898989899,hf,adwin,seed,uq_mi,uq_mi,7.979531625000163,93.94689104200006
recurring_sud_sea100k_g00.csv,20000,1,14476,0,1,0.9331818181818182,hf,adwin,seed,uq_mi,uq_vote,7.401465124999959,101.75490691599998
recurring_sud_sea100k_g01.csv,20000,2,4631 13318,0,1,0.9426262626262626,hf,adwin,seed,uq_mi,uq_vote,14.768636458000401,101.75490691599998
recurring_sud_sea100k_g02.csv,20000,1,10693,0,1,0.9159090909090909,hf,adwin,seed,uq_mi,uq_vote,11.328072625000004,101.75490691599998
recurring_sud_sea100k_g03.csv,20000,2,8454 19297,0,1,0.9257070707070707,hf,adwin,seed,uq_mi,uq_vote,11.540748750000148,101.75490691599998
recurring_sud_sea100k_g04.csv,20000,1,18553,0,1,0.9425757575757576,hf,adwin,seed,uq_mi,uq_vote,7.357842249999976,101.75490691599998
recurring_sud_sea100k_g05.csv,20000,2,9764 14788,0,1,0.9318686868686868,hf,adwin,seed,uq_mi,uq_vote,9.702970000000278,101.75490691599998
recurring_sud_sea100k_g06.csv,20000,1,12981,0,1,0.9251515151515152,hf,adwin,seed,uq_mi,uq_vote,7.478801000000203,101.75490691599998
recurring_sud_sea100k_g07.csv,20000,2,5095 14736,0,1,0.9506060606060606,hf,adwin,seed,uq_mi,uq_vote,12.454753290999633,101.75490691599998
recurring_sud_sea100k_g08.csv,20000,1,12151,0,1,0.9387878787878788,hf,adwin,seed,uq_mi,uq_vote,10.474680833999628,101.75490691599998
recurring_sud_sea100k_g09.csv,20000,1,7989,0,1,0.8398989898989899,hf,adwin,seed,uq_mi,uq_vote,9.244022332999975,101.75490691599998
recurring_sud_sea100k_g00.csv,20000,1,14476,0,1,0.9331818181818182,hf,adwin,seed,uq_mi,uq_entropy,8.687866583999948,105.26788541699989
recurring_sud_sea100k_g01.csv,20000,2,4631 13318,0,1,0.9426262626262626,hf,adwin,seed,uq_mi,uq_entropy,17.004782084,105.26788541699989
recurring_sud_sea100k_g02.csv,20000,1,10693,0,1,0.9159090909090909,hf,adwin,seed,uq_mi,uq_entropy,9.672469083000124,105.26788541699989
recurring_sud_sea100k_g03.csv,20000,2,8454 19297,0,1,0.9257070707070707,hf,adwin,seed,uq_mi,uq_entropy,10.142967833000057,105.26788541699989
recurring_sud_sea100k_g04.csv,20000,1,18553,0,1,0.9425757575757576,hf,adwin,seed,uq_mi,uq_entropy,9.146733333999691,105.26788541699989
recurring_sud_sea100k_g05.csv,20000,2,9764 14788,0,1,0.9318686868686868,hf,adwin,seed,uq_mi,uq_entropy,11.901427917000092,105.26788541699989
recurring_sud_sea100k_g06.csv,20000,1,12981,0,1,0.9251515151515152,hf,adwin,seed,uq_mi,uq_entropy,9.341065083000103,105.26788541699989
recurring_sud_sea100k_g07.csv,20000,2,5095 14736,0,1,0.9506060606060606,hf,adwin,seed,uq_mi,uq_entropy,13.038896832999853,105.26788541699989
recurring_sud_sea100k_g08.csv,20000,1,12151,0,1,0.9387878787878788,hf,adwin,seed,uq_mi,uq_entropy,8.73409383299986,105.26788541699989
recurring_sud_sea100k_g09.csv,20000,1,7989,0,1,0.8398989898989899,hf,adwin,seed,uq_mi,uq_entropy,7.596940207999978,105.26788541699989
recurring_sud_sea100k_g00.csv,20000,1,14476,0,1,0.9502020202020202,hf,adwin,seed,uq_vote,error,10.07366683400005,113.02177887500011
recurring_sud_sea100k_g01.csv,20000,2,4631 13318,0,1,0.9442424242424242,hf,adwin,seed,uq_vote,error,12.039991541999825,113.02177887500011
recurring_sud_sea100k_g02.csv,20000,1,10693,0,1,0.9307575757575758,hf,adwin,seed,uq_vote,error,15.186986332999822,113.02177887500011
recurring_sud_sea100k_g03.csv,20000,2,8454 19297,0,1,0.9257070707070707,hf,adwin,seed,uq_vote,error,8.661304875000042,113.02177887500011
recurring_sud_sea100k_g04.csv,20000,1,18553,0,1,0.9631818181818181,hf,adwin,seed,uq_vote,error,13.712614041000052,113.02177887500011
recurring_sud_sea100k_g05.csv,20000,2,9764 14788,0,1,0.9301010101010101,hf,adwin,seed,uq_vote,error,13.690656042000228,113.02177887500011
recurring_sud_sea100k_g06.csv,20000,1,12981,0,1,0.9587878787878787,hf,adwin,seed,uq_vote,error,13.91675770899974,113.02177887500011
recurring_sud_sea100k_g07.csv,20000,2,5095 14736,0,1,0.9448989898989899,hf,adwin,seed,uq_vote,error,8.27893237499984,113.02177887500011
recurring_sud_sea100k_g08.csv,20000,1,12151,0,1,0.9584848484848485,hf,adwin,seed,uq_vote,error,7.143013333999988,113.02177887500011
recurring_sud_sea100k_g09.csv,20000,1,7989,0,1,0.9351010101010101,hf,adwin,seed,uq_vote,error,10.316030458000114,113.02177887500011
recurring_sud_sea100k_g00.csv,20000,1,14476,0,1,0.9502020202020202,hf,adwin,seed,uq_vote,uq_mi,7.843045125000117,101.74583587500001
recurring_sud_sea100k_g01.csv,20000,2,4631 13318,0,1,0.9442424242424242,hf,adwin,seed,uq_vote,uq_mi,9.239919250000185,101.74583587500001
recurring_sud_sea100k_g02.csv,20000,1,10693,0,1,0.9307575757575758,hf,adwin,seed,uq_vote,uq_mi,11.390454750000117,101.74583587500001
recurring_sud_sea100k_g03.csv,20000,2,8454 19297,0,1,0.9257070707070707,hf,adwin,seed,uq_vote,uq_mi,6.8401556250000795,101.74583587500001
recurring_sud_sea100k_g04.csv,20000,1,18553,0,1,0.9631818181818181,hf,adwin,seed,uq_vote,uq_mi,14.126960167000107,101.74583587500001
recurring_sud_sea100k_g05.csv,20000,2,9764 14788,0,1,0.9143939393939394,hf,adwin,seed,uq_vote,uq_mi,11.82960470800026,101.74583587500001
recurring_sud_sea100k_g06.csv,20000,1,12981,0,1,0.9587878787878787,hf,adwin,seed,uq_vote,uq_mi,14.166683666999688,101.74583587500001
recurring_sud_sea100k_g07.csv,20000,2,5095 14736,0,1,0.9448989898989899,hf,adwin,seed,uq_vote,uq_mi,8.68650154199986,101.74583587500001
recurring_sud_sea100k_g08.csv,20000,1,12151,0,1,0.9584848484848485,hf,adwin,seed,uq_vote,uq_mi,7.441283624999869,101.74583587500001
recurring_sud_sea100k_g09.csv,20000,1,7989,0,1,0.9305050505050505,hf,adwin,seed,uq_vote,uq_mi,10.179602375000286,101.74583587500001
recurring_sud_sea100k_g00.csv,20000,1,14476,0,1,0.9502020202020202,hf,adwin,seed,uq_vote,uq_vote,7.616557499999999,108.33104995899976
recurring_sud_sea100k_g01.csv,20000,2,4631 13318,0,1,0.9442424242424242,hf,adwin,seed,uq_vote,uq_vote,9.149518583000372,108.33104995899976
recurring_sud_sea100k_g02.csv,20000,1,10693,0,1,0.9307575757575758,hf,adwin,seed,uq_vote,uq_vote,11.441260707999845,108.33104995899976
recurring_sud_sea100k_g03.csv,20000,2,8454 19297,0,1,0.9257070707070707,hf,adwin,seed,uq_vote,uq_vote,6.6954927920000955,108.33104995899976
recurring_sud_sea100k_g04.csv,20000,1,18553,0,1,0.9631818181818181,hf,adwin,seed,uq_vote,uq_vote,14.685717833000126,108.33104995899976
recurring_sud_sea100k_g05.csv,20000,2,9764 14788,0,1,0.9143939393939394,hf,adwin,seed,uq_vote,uq_vote,12.511033624999982,108.33104995899976
recurring_sud_sea100k_g06.csv,20000,1,12981,0,1,0.9587878787878787,hf,adwin,seed,uq_vote,uq_vote,16.51134766699988,108.33104995899976
recurring_sud_sea100k_g07.csv,20000,2,5095 14736,0,1,0.9448989898989899,hf,adwin,seed,uq_vote,uq_vote,9.317914250000285,108.33104995899976
recurring_sud_sea100k_g08.csv,20000,1,12151,0,1,0.9584848484848485,hf,adwin,seed,uq_vote,uq_vote,7.967963665999832,108.33104995899976
recurring_sud_sea100k_g09.csv,20000,1,7989,0,1,0.9305050505050505,hf,adwin,seed,uq_vote,uq_vote,12.433420083000328,108.33104995899976
recurring_sud_sea100k_g00.csv,20000,1,14476,0,1,0.9502020202020202,hf,adwin,seed,uq_vote,uq_entropy,8.72592991700003,123.90606383299973
recurring_sud_sea100k_g01.csv,20000,2,4631 13318,0,1,0.9442424242424242,hf,adwin,seed,uq_vote,uq_entropy,10.163790707999851,123.90606383299973
recurring_sud_sea100k_g02.csv,20000,1,10693,0,1,0.9307575757575758,hf,adwin,seed,uq_vote,uq_entropy,12.481116999999813,123.90606383299973
recurring_sud_sea100k_g03.csv,20000,2,8454 19297,0,1,0.9257070707070707,hf,adwin,seed,uq_vote,uq_entropy,13.040492084000107,123.90606383299973
recurring_sud_sea100k_g04.csv,20000,1,18553,0,1,0.9631818181818181,hf,adwin,seed,uq_vote,uq_entropy,19.19901879200006,123.90606383299973
recurring_sud_sea100k_g05.csv,20000,2,9764 14788,0,1,0.9143939393939394,hf,adwin,seed,uq_vote,uq_entropy,13.392424250000204,123.90606383299973
recurring_sud_sea100k_g06.csv,20000,1,12981,0,1,0.9587878787878787,hf,adwin,seed,uq_vote,uq_entropy,16.314578667000205,123.90606383299973
recurring_sud_sea100k_g07.csv,20000,2,5095 14736,0,1,0.9448989898989899,hf,adwin,seed,uq_vote,uq_entropy,10.061584542000219,123.90606383299973
recurring_sud_sea100k_g08.csv,20000,1,12151,0,1,0.9584848484848485,hf,adwin,seed,uq_vote,uq_entropy,8.60851837500013,123.90606383299973
recurring_sud_sea100k_g09.csv,20000,1,7989,0,1,0.9305050505050505,hf,adwin,seed,uq_vote,uq_entropy,11.916841500000373,123.90606383299973
recurring_sud_sea100k_g00.csv,20000,1,14476,0,1,0.9494949494949495,hf,adwin,seed,uq_entropy,error,7.1629248749995895,98.10808754200025
recurring_sud_sea100k_g01.csv,20000,2,4631 13318,0,1,0.8968686868686868,hf,adwin,seed,uq_entropy,error,6.576207583999803,98.10808754200025
recurring_sud_sea100k_g02.csv,20000,1,10693,0,1,0.9213636363636364,hf,adwin,seed,uq_entropy,error,8.228722792000099,98.10808754200025
recurring_sud_sea100k_g03.csv,20000,2,8454 19297,0,1,0.9257070707070707,hf,adwin,seed,uq_entropy,error,7.760323875000267,98.10808754200025
recurring_sud_sea100k_g04.csv,20000,1,18553,1,2,0.9516161616161616,hf,adwin,seed,uq_entropy,error,16.92606916600016,98.10808754200025
recurring_sud_sea100k_g05.csv,20000,2,9764 14788,2,3,0.9455555555555556,hf,adwin,seed,uq_entropy,error,19.088397332999648,98.10808754200025
recurring_sud_sea100k_g06.csv,20000,1,12981,0,1,0.9255555555555556,hf,adwin,seed,uq_entropy,error,6.601487500000076,98.10808754200025
recurring_sud_sea100k_g07.csv,20000,2,5095 14736,0,1,0.9464141414141414,hf,adwin,seed,uq_entropy,error,9.016283958000258,98.10808754200025
recurring_sud_sea100k_g08.csv,20000,1,12151,0,1,0.9598989898989899,hf,adwin,seed,uq_entropy,error,6.350791332999961,98.10808754200025
recurring_sud_sea100k_g09.csv,20000,1,7989,0,1,0.920050505050505,hf,adwin,seed,uq_entropy,error,10.396205875000305,98.10808754200025
recurring_sud_sea100k_g00.csv,20000,1,14476,0,1,0.9494949494949495,hf,adwin,seed,uq_entropy,uq_mi,8.062007624999751,78.11768970899993
recurring_sud_sea100k_g01.csv,20000,2,4631 13318,0,1,0.8968686868686868,hf,adwin,seed,uq_entropy,uq_mi,6.513236834000054,78.11768970899993
recurring_sud_sea100k_g02.csv,20000,1,10693,0,1,0.9213636363636364,hf,adwin,seed,uq_entropy,uq_mi,7.727333082999849,78.11768970899993
recurring_sud_sea100k_g03.csv,20000,2,8454 19297,0,1,0.9257070707070707,hf,adwin,seed,uq_entropy,uq_mi,7.550777333000042,78.11768970899993
recurring_sud_sea100k_g04.csv,20000,1,18553,0,1,0.9492929292929293,hf,adwin,seed,uq_entropy,uq_mi,6.953792124999836,78.11768970899993
recurring_sud_sea100k_g05.csv,20000,2,9764 14788,0,1,0.933030303030303,hf,adwin,seed,uq_entropy,uq_mi,9.025263290999646,78.11768970899993
recurring_sud_sea100k_g06.csv,20000,1,12981,0,1,0.9255555555555556,hf,adwin,seed,uq_entropy,uq_mi,6.6784787500000675,78.11768970899993
recurring_sud_sea100k_g07.csv,20000,2,5095 14736,0,1,0.9464141414141414,hf,adwin,seed,uq_entropy,uq_mi,9.158813250000094,78.11768970899993
recurring_sud_sea100k_g08.csv,20000,1,12151,0,1,0.9598989898989899,hf,adwin,seed,uq_entropy,uq_mi,6.474102916999982,78.11768970899993
recurring_sud_sea100k_g09.csv,20000,1,7989,0,1,0.885,hf,adwin,seed,uq_entropy,uq_mi,9.973473708000256,78.11768970899993
recurring_sud_sea100k_g00.csv,20000,1,14476,0,1,0.9494949494949495,hf,adwin,seed,uq_entropy,uq_vote,6.442042000000129,76.95150004200013
recurring_sud_sea100k_g01.csv,20000,2,4631 13318,0,1,0.8968686868686868,hf,adwin,seed,uq_entropy,uq_vote,6.038715000000138,76.95150004200013
recurring_sud_sea100k_g02.csv,20000,1,10693,0,1,0.9213636363636364,hf,adwin,seed,uq_entropy,uq_vote,8.5218051249999,76.95150004200013
recurring_sud_sea100k_g03.csv,20000,2,8454 19297,0,1,0.9257070707070707,hf,adwin,seed,uq_entropy,uq_vote,11.741949708999982,76.95150004200013
recurring_sud_sea100k_g04.csv,20000,1,18553,0,1,0.9492929292929293,hf,adwin,seed,uq_entropy,uq_vote,6.372644042000047,76.95150004200013
recurring_sud_sea100k_g05.csv,20000,2,9764 14788,0,1,0.933030303030303,hf,adwin,seed,uq_entropy,uq_vote,8.235633917000087,76.95150004200013
recurring_sud_sea100k_g06.csv,20000,1,12981,0,1,0.9255555555555556,hf,adwin,seed,uq_entropy,uq_vote,6.1623146670003734,76.95150004200013
recurring_sud_sea100k_g07.csv,20000,2,5095 14736,0,1,0.9464141414141414,hf,adwin,seed,uq_entropy,uq_vote,8.383228125000187,76.95150004200013
recurring_sud_sea100k_g08.csv,20000,1,12151,0,1,0.9598989898989899,hf,adwin,seed,uq_entropy,uq_vote,5.900355499999932,76.95150004200013
recurring_sud_sea100k_g09.csv,20000,1,7989,0,1,0.885,hf,adwin,seed,uq_entropy,uq_vote,9.152223749999848,76.95150004200013
recurring_sud_sea100k_g00.csv,20000,1,14476,0,1,0.9494949494949495,hf,adwin,seed,uq_entropy,uq_entropy,6.27740037500007,79.52754516599998
recurring_sud_sea100k_g01.csv,20000,2,4631 13318,0,1,0.8968686868686868,hf,adwin,seed,uq_entropy,uq_entropy,6.071469999999863,79.52754516599998
recurring_sud_sea100k_g02.csv,20000,1,10693,0,1,0.9213636363636364,hf,adwin,seed,uq_entropy,uq_entropy,7.556884041000103,79.52754516599998
recurring_sud_sea100k_g03.csv,20000,2,8454 19297,0,1,0.9257070707070707,hf,adwin,seed,uq_entropy,uq_entropy,7.489823083000374,79.52754516599998
recurring_sud_sea100k_g04.csv,20000,1,18553,0,1,0.9492929292929293,hf,adwin,seed,uq_entropy,uq_entropy,6.996316540999942,79.52754516599998
recurring_sud_sea100k_g05.csv,20000,2,9764 14788,0,1,0.933030303030303,hf,adwin,seed,uq_entropy,uq_entropy,9.366224917000181,79.52754516599998
recurring_sud_sea100k_g06.csv,20000,1,12981,0,1,0.9255555555555556,hf,adwin,seed,uq_entropy,uq_entropy,7.3142846249998,79.52754516599998
recurring_sud_sea100k_g07.csv,20000,2,5095 14736,0,1,0.9464141414141414,hf,adwin,seed,uq_entropy,uq_entropy,9.7083955840003,79.52754516599998
recurring_sud_sea100k_g08.csv,20000,1,12151,0,1,0.9598989898989899,hf,adwin,seed,uq_entropy,uq_entropy,7.469863499999974,79.52754516599998
recurring_sud_sea100k_g09.csv,20000,1,7989,0,1,0.885,hf,adwin,seed,uq_entropy,uq_entropy,11.27636908300019,79.52754516599998
recurring_sud_sea100k_g00.csv,20000,1,14476,1,2,0.9625252525252526,ht,adwin,seqdrift2,error,error,2.3006399999999303,22.56771687499986
recurring_sud_sea100k_g01.csv,20000,2,4631 13318,0,1,0.9509090909090909,ht,adwin,seqdrift2,error,error,1.9536734160001288,22.56771687499986
recurring_sud_sea100k_g02.csv,20000,1,10693,1,2,0.9632828282828283,ht,adwin,seqdrift2,error,error,2.2852280000001883,22.56771687499986
recurring_sud_sea100k_g03.csv,20000,2,8454 19297,3,3,0.9396464646464646,ht,adwin,seqdrift2,error,error,2.3845646660001876,22.56771687499986
recurring_sud_sea100k_g04.csv,20000,1,18553,1,2,0.9557575757575758,ht,adwin,seqdrift2,error,error,2.4814262079999025,22.56771687499986
recurring_sud_sea100k_g05.csv,20000,2,9764 14788,1,2,0.9345959595959596,ht,adwin,seqdrift2,error,error,1.9576806250001937,22.56771687499986
recurring_sud_sea100k_g06.csv,20000,1,12981,3,3,0.9585353535353536,ht,adwin,seqdrift2,error,error,2.604499125000075,22.56771687499986
recurring_sud_sea100k_g07.csv,20000,2,5095 14736,2,3,0.9526262626262626,ht,adwin,seqdrift2,error,error,2.4574440420001338,22.56771687499986
recurring_sud_sea100k_g08.csv,20000,1,12151,2,2,0.9578282828282828,ht,adwin,seqdrift2,error,error,2.2988720410003225,22.56771687499986
recurring_sud_sea100k_g09.csv,20000,1,7989,1,2,0.9551010101010101,ht,adwin,seqdrift2,error,error,1.8431271250001373,22.56771687499986
recurring_sud_sea100k_g00.csv,20000,1,14476,0,1,0.96,hf,adwin,seqdrift2,error,uq_mi,10.211367916999734,102.63488429100016
recurring_sud_sea100k_g01.csv,20000,2,4631 13318,1,2,0.9288888888888889,hf,adwin,seqdrift2,error,uq_mi,13.4100128340001,102.63488429100016
recurring_sud_sea100k_g02.csv,20000,1,10693,1,2,0.9407575757575758,hf,adwin,seqdrift2,error,uq_mi,16.55340091700009,102.63488429100016
recurring_sud_sea100k_g03.csv,20000,2,8454 19297,0,1,0.9328282828282828,hf,adwin,seqdrift2,error,uq_mi,6.023411916999976,102.63488429100016
recurring_sud_sea100k_g04.csv,20000,1,18553,0,1,0.9603535353535354,hf,adwin,seqdrift2,error,uq_mi,11.169057000000066,102.63488429100016
recurring_sud_sea100k_g05.csv,20000,2,9764 14788,0,1,0.9296969696969697,hf,adwin,seqdrift2,error,uq_mi,8.373872500000289,102.63488429100016
recurring_sud_sea100k_g06.csv,20000,1,12981,1,2,0.9385353535353536,hf,adwin,seqdrift2,error,uq_mi,15.712094417000117,102.63488429100016
recurring_sud_sea100k_g07.csv,20000,2,5095 14736,0,1,0.9427777777777778,hf,adwin,seqdrift2,error,uq_mi,9.439883666999776,102.63488429100016
recurring_sud_sea100k_g08.csv,20000,1,12151,0,1,0.9682323232323232,hf,adwin,seqdrift2,error,uq_mi,7.934293540999988,102.63488429100016
recurring_sud_sea100k_g09.csv,20000,1,7989,0,1,0.8596464646464647,hf,adwin,seqdrift2,error,uq_mi,3.806972749999659,102.63488429100016
recurring_sud_sea100k_g00.csv,20000,1,14476,1,2,0.9578282828282828,hf,adwin,seqdrift2,error,uq_vote,14.519204791999982,124.41562362500008
recurring_sud_sea100k_g01.csv,20000,2,4631 13318,2,2,0.9506060606060606,hf,adwin,seqdrift2,error,uq_vote,14.396747916000095,124.41562362500008
recurring_sud_sea100k_g02.csv,20000,1,10693,1,2,0.941060606060606,hf,adwin,seqdrift2,error,uq_vote,11.61227345899988,124.41562362500008
recurring_sud_sea100k_g03.csv,20000,2,8454 19297,1,2,0.937979797979798,hf,adwin,seqdrift2,error,uq_vote,12.612860249999812,124.41562362500008
recurring_sud_sea100k_g04.csv,20000,1,18553,0,1,0.9532828282828283,hf,adwin,seqdrift2,error,uq_vote,4.129305792000196,124.41562362500008
recurring_sud_sea100k_g05.csv,20000,2,9764 14788,2,3,0.9317676767676768,hf,adwin,seqdrift2,error,uq_vote,16.058628750000025,124.41562362500008
recurring_sud_sea100k_g06.csv,20000,1,12981,2,3,0.954949494949495,hf,adwin,seqdrift2,error,uq_vote,17.69360083299989,124.41562362500008
recurring_sud_sea100k_g07.csv,20000,2,5095 14736,1,2,0.9530808080808081,hf,adwin,seqdrift2,error,uq_vote,13.47318904199983,124.41562362500008
recurring_sud_sea100k_g08.csv,20000,1,12151,0,1,0.9406060606060606,hf,adwin,seqdrift2,error,uq_vote,3.4437730419999752,124.41562362500008
recurring_sud_sea100k_g09.csv,20000,1,7989,2,2,0.93,hf,adwin,seqdrift2,error,uq_vote,16.47556183300003,124.41562362500008
recurring_sud_sea100k_g00.csv,20000,1,14476,1,2,0.956060606060606,hf,adwin,seqdrift2,error,uq_entropy,12.804814416999761,144.39333258299985
recurring_sud_sea100k_g01.csv,20000,2,4631 13318,2,3,0.9541414141414142,hf,adwin,seqdrift2,error,uq_entropy,18.0120333750001,144.39333258299985
recurring_sud_sea100k_g02.csv,20000,1,10693,1,2,0.9423737373737374,hf,adwin,seqdrift2,error,uq_entropy,11.276601792000292,144.39333258299985
recurring_sud_sea100k_g03.csv,20000,2,8454 19297,0,1,0.9326767676767677,hf,adwin,seqdrift2,error,uq_entropy,5.089963749999697,144.39333258299985
recurring_sud_sea100k_g04.csv,20000,1,18553,1,2,0.9568181818181818,hf,adwin,seqdrift2,error,uq_entropy,13.043773667000096,144.39333258299985
recurring_sud_sea100k_g05.csv,20000,2,9764 14788,3,3,0.9527272727272728,hf,adwin,seqdrift2,error,uq_entropy,21.343868458000088,144.39333258299985
recurring_sud_sea100k_g06.csv,20000,1,12981,2,2,0.958989898989899,hf,adwin,seqdrift2,error,uq_entropy,20.505375042000196,144.39333258299985
recurring_sud_sea100k_g07.csv,20000,2,5095 14736,2,3,0.9513131313131313,hf,adwin,seqdrift2,error,uq_entropy,15.965016750000359,144.39333258299985
recurring_sud_sea100k_g08.csv,20000,1,12151,1,2,0.9669696969696969,hf,adwin,seqdrift2,error,uq_entropy,10.860484166999868,144.39333258299985
recurring_sud_sea100k_g09.csv,20000,1,7989,1,2,0.9285858585858586,hf,adwin,seqdrift2,error,uq_entropy,15.490799499999866,144.39333258299985
recurring_sud_sea100k_g00.csv,20000,1,14476,1,2,0.9602525252525252,hf,adwin,seqdrift2,uq_mi,error,19.889363124999818,197.7305695
recurring_sud_sea100k_g01.csv,20000,2,4631 13318,1,2,0.9561616161616162,hf,adwin,seqdrift2,uq_mi,error,15.404385625000032,197.7305695
recurring_sud_sea100k_g02.csv,20000,1,10693,1,2,0.9493939393939393,hf,adwin,seqdrift2,uq_mi,error,15.505215958999997,197.7305695
recurring_sud_sea100k_g03.csv,20000,2,8454 19297,1,2,0.9593939393939394,hf,adwin,seqdrift2,uq_mi,error,26.82859370799997,197.7305695
recurring_sud_sea100k_g04.csv,20000,1,18553,1,2,0.9588888888888889,hf,adwin,seqdrift2,uq_mi,error,23.031281291999676,197.7305695
recurring_sud_sea100k_g05.csv,20000,2,9764 14788,2,3,0.9384343434343434,hf,adwin,seqdrift2,uq_mi,error,20.48615633399959,197.7305695
recurring_sud_sea100k_g06.csv,20000,1,12981,1,2,0.9583333333333334,hf,adwin,seqdrift2,uq_mi,error,19.905149666999932,197.7305695
recurring_sud_sea100k_g07.csv,20000,2,5095 14736,0,1,0.9458585858585858,hf,adwin,seqdrift2,uq_mi,error,15.204004207999787,197.7305695
recurring_sud_sea100k_g08.csv,20000,1,12151,1,2,0.9654040404040404,hf,adwin,seqdrift2,uq_mi,error,27.17371275000005,197.7305695
recurring_sud_sea100k_g09.csv,20000,1,7989,1,2,0.9162626262626262,hf,adwin,seqdrift2,uq_mi,error,14.301991917000123,197.7305695
recurring_sud_sea100k_g00.csv,20000,1,14476,0,1,0.9625757575757575,hf,adwin,seqdrift2,uq_mi,uq_mi,13.834485167000366,151.29330549999986
recurring_sud_sea100k_g01.csv,20000,2,4631 13318,0,1,0.9511111111111111,hf,adwin,seqdrift2,uq_mi,uq_mi,15.208771499999784,151.29330549999986
recurring_sud_sea100k_g02.csv,20000,1,10693,0,1,0.9375757575757576,hf,adwin,seqdrift2,uq_mi,uq_mi,15.126468542000111,151.29330549999986
recurring_sud_sea100k_g03.csv,20000,2,8454 19297,0,1,0.9598989898989899,hf,adwin,seqdrift2,uq_mi,uq_mi,14.220408708000377,151.29330549999986
recurring_sud_sea100k_g04.csv,20000,1,18553,1,2,0.9630808080808081,hf,adwin,seqdrift2,uq_mi,uq_mi,21.08538750000025,151.29330549999986
recurring_sud_sea100k_g05.csv,20000,2,9764 14788,0,1,0.9258585858585858,hf,adwin,seqdrift2,uq_mi,uq_mi,7.447881707999841,151.29330549999986
recurring_sud_sea100k_g06.csv,20000,1,12981,0,1,0.9558585858585859,hf,adwin,seqdrift2,uq_mi,uq_mi,9.429506333000063,151.29330549999986
recurring_sud_sea100k_g07.csv,20000,2,5095 14736,1,2,0.9511111111111111,hf,adwin,seqdrift2,uq_mi,uq_mi,13.494222541999989,151.29330549999986
recurring_sud_sea100k_g08.csv,20000,1,12151,0,1,0.9707070707070707,hf,adwin,seqdrift2,uq_mi,uq_mi,16.717202916999668,151.29330549999986
recurring_sud_sea100k_g09.csv,20000,1,7989,1,2,0.9492424242424242,hf,adwin,seqdrift2,uq_mi,uq_mi,24.727540667000085,151.29330549999986
recurring_sud_sea100k_g00.csv,20000,1,14476,1,2,0.9335353535353536,hf,adwin,seqdrift2,uq_mi,uq_vote,16.755388875000335,109.47027529200022
recurring_sud_sea100k_g01.csv,20000,2,4631 13318,0,1,0.9511111111111111,hf,adwin,seqdrift2,uq_mi,uq_vote,15.539048208999702,109.47027529200022
recurring_sud_sea100k_g02.csv,20000,1,10693,0,1,0.9375757575757576,hf,adwin,seqdrift2,uq_mi,uq_vote,15.101065625000047,109.47027529200022
recurring_sud_sea100k_g03.csv,20000,2,8454 19297,0,1,0.9257070707070707,hf,adwin,seqdrift2,uq_mi,uq_vote,5.90727704100027,109.47027529200022
recurring_sud_sea100k_g04.csv,20000,1,18553,0,1,0.9425757575757576,hf,adwin,seqdrift2,uq_mi,uq_vote,4.722143041999971,109.47027529200022
recurring_sud_sea100k_g05.csv,20000,2,9764 14788,0,1,0.9318686868686868,hf,adwin,seqdrift2,uq_mi,uq_vote,5.617933166999592,109.47027529200022
recurring_sud_sea100k_g06.csv,20000,1,12981,1,2,0.9477272727272728,hf,adwin,seqdrift2,uq_mi,uq_vote,17.42444337500001,109.47027529200022
recurring_sud_sea100k_g07.csv,20000,2,5095 14736,1,2,0.9535353535353536,hf,adwin,seqdrift2,uq_mi,uq_vote,17.259148041000117,109.47027529200022
recurring_sud_sea100k_g08.csv,20000,1,12151,0,1,0.9387878787878788,hf,adwin,seqdrift2,uq_mi,uq_vote,4.653812040999583,109.47027529200022
recurring_sud_sea100k_g09.csv,20000,1,7989,0,1,0.8547474747474747,hf,adwin,seqdrift2,uq_mi,uq_vote,6.489426666000327,109.47027529200022
recurring_sud_sea100k_g00.csv,20000,1,14476,1,2,0.9561616161616162,hf,adwin,seqdrift2,uq_mi,uq_entropy,22.77320895899993,166.31510454099953
recurring_sud_sea100k_g01.csv,20000,2,4631 13318,1,2,0.9537373737373738,hf,adwin,seqdrift2,uq_mi,uq_entropy,19.010897750000368,166.31510454099953
recurring_sud_sea100k_g02.csv,20000,1,10693,0,1,0.9375757575757576,hf,adwin,seqdrift2,uq_mi,uq_entropy,16.57664204199955,166.31510454099953
recurring_sud_sea100k_g03.csv,20000,2,8454 19297,1,2,0.9257070707070707,hf,adwin,seqdrift2,uq_mi,uq_entropy,22.73799500000041,166.31510454099953
recurring_sud_sea100k_g04.csv,20000,1,18553,1,2,0.9611616161616162,hf,adwin,seqdrift2,uq_mi,uq_entropy,18.30966354099928,166.31510454099953
recurring_sud_sea100k_g05.csv,20000,2,9764 14788,0,1,0.9318686868686868,hf,adwin,seqdrift2,uq_mi,uq_entropy,4.653790709000532,166.31510454099953
recurring_sud_sea100k_g06.csv,20000,1,12981,1,2,0.9568181818181818,hf,adwin,seqdrift2,uq_mi,uq_entropy,18.88487779099978,166.31510454099953
recurring_sud_sea100k_g07.csv,20000,2,5095 14736,1,2,0.9503030303030303,hf,adwin,seqdrift2,uq_mi,uq_entropy,15.345825249999507,166.31510454099953
recurring_sud_sea100k_g08.csv,20000,1,12151,1,2,0.9715151515151516,hf,adwin,seqdrift2,uq_mi,uq_entropy,16.33000754100067,166.31510454099953
recurring_sud_sea100k_g09.csv,20000,1,7989,0,1,0.939949494949495,hf,adwin,seqdrift2,uq_mi,uq_entropy,11.690380957999878,166.31510454099953
recurring_sud_sea100k_g00.csv,20000,1,14476,1,2,0.9552020202020202,hf,adwin,seqdrift2,uq_vote,error,14.576351084000635,126.18288912499975
recurring_sud_sea100k_g01.csv,20000,2,4631 13318,0,1,0.9511111111111111,hf,adwin,seqdrift2,uq_vote,error,11.922250874999918,126.18288912499975
recurring_sud_sea100k_g02.csv,20000,1,10693,0,1,0.9375757575757576,hf,adwin,seqdrift2,uq_vote,error,11.333174250000411,126.18288912499975
recurring_sud_sea100k_g03.csv,20000,2,8454 19297,1,2,0.9593939393939394,hf,adwin,seqdrift2,uq_vote,error,18.589076332999866,126.18288912499975
recurring_sud_sea100k_g04.csv,20000,1,18553,0,1,0.9631818181818181,hf,adwin,seqdrift2,uq_vote,error,11.577693333000752,126.18288912499975
recurring_sud_sea100k_g05.csv,20000,2,9764 14788,0,1,0.9301010101010101,hf,adwin,seqdrift2,uq_vote,error,11.798155041000427,126.18288912499975
recurring_sud_sea100k_g06.csv,20000,1,12981,0,1,0.9587878787878787,hf,adwin,seqdrift2,uq_vote,error,11.757830250000552,126.18288912499975
recurring_sud_sea100k_g07.csv,20000,2,5095 14736,0,1,0.9458585858585858,hf,adwin,seqdrift2,uq_vote,error,11.366050499999801,126.18288912499975
recurring_sud_sea100k_g08.csv,20000,1,12151,1,2,0.967020202020202,hf,adwin,seqdrift2,uq_vote,error,15.290444958999615,126.18288912499975
recurring_sud_sea100k_g09.csv,20000,1,7989,0,1,0.9316161616161616,hf,adwin,seqdrift2,uq_vote,error,7.970612375000201,126.18288912499975
recurring_sud_sea100k_g00.csv,20000,1,14476,0,1,0.9631313131313132,hf,adwin,seqdrift2,uq_vote,uq_mi,11.844140582999898,106.09573408300002
recurring_sud_sea100k_g01.csv,20000,2,4631 13318,1,2,0.9536868686868687,hf,adwin,seqdrift2,uq_vote,uq_mi,15.620243957999264,106.09573408300002
recurring_sud_sea100k_g02.csv,20000,1,10693,0,1,0.9375757575757576,hf,adwin,seqdrift2,uq_vote,uq_mi,11.3138413329998,106.09573408300002
recurring_sud_sea100k_g03.csv,20000,2,8454 19297,0,1,0.9598989898989899,hf,adwin,seqdrift2,uq_vote,uq_mi,11.517504000000372,106.09573408300002
recurring_sud_sea100k_g04.csv,20000,1,18553,0,1,0.960959595959596,hf,adwin,seqdrift2,uq_vote,uq_mi,10.071920999999747,106.09573408300002
recurring_sud_sea100k_g05.csv,20000,2,9764 14788,0,1,0.9301010101010101,hf,adwin,seqdrift2,uq_vote,uq_mi,11.067715291999775,106.09573408300002
recurring_sud_sea100k_g06.csv,20000,1,12981,0,1,0.9587878787878787,hf,adwin,seqdrift2,uq_vote,uq_mi,11.078422292000141,106.09573408300002
recurring_sud_sea100k_g07.csv,20000,2,5095 14736,0,1,0.9448989898989899,hf,adwin,seqdrift2,uq_vote,uq_mi,5.693476833999739,106.09573408300002
recurring_sud_sea100k_g08.csv,20000,1,12151,0,1,0.9707070707070707,hf,adwin,seqdrift2,uq_vote,uq_mi,11.181208459000118,106.09573408300002
recurring_sud_sea100k_g09.csv,20000,1,7989,0,1,0.9093434343434343,hf,adwin,seqdrift2,uq_vote,uq_mi,6.7045471250003175,106.09573408300002
recurring_sud_sea100k_g00.csv,20000,1,14476,0,1,0.9631313131313132,hf,adwin,seqdrift2,uq_vote,uq_vote,10.957811917000072,107.59501637499943
recurring_sud_sea100k_g01.csv,20000,2,4631 13318,1,2,0.9536868686868687,hf,adwin,seqdrift2,uq_vote,uq_vote,14.342538875000173,107.59501637499943
recurring_sud_sea100k_g02.csv,20000,1,10693,0,1,0.9375757575757576,hf,adwin,seqdrift2,uq_vote,uq_vote,10.912924125000245,107.59501637499943
recurring_sud_sea100k_g03.csv,20000,2,8454 19297,0,1,0.9257070707070707,hf,adwin,seqdrift2,uq_vote,uq_vote,4.030683666000186,107.59501637499943
recurring_sud_sea100k_g04.csv,20000,1,18553,0,1,0.9631818181818181,hf,adwin,seqdrift2,uq_vote,uq_vote,11.328792874999635,107.59501637499943
recurring_sud_sea100k_g05.csv,20000,2,9764 14788,0,1,0.9143939393939394,hf,adwin,seqdrift2,uq_vote,uq_vote,8.862511208000797,107.59501637499943
recurring_sud_sea100k_g06.csv,20000,1,12981,0,1,0.9587878787878787,hf,adwin,seqdrift2,uq_vote,uq_vote,11.070950041999822,107.59501637499943
recurring_sud_sea100k_g07.csv,20000,2,5095 14736,1,2,0.9489898989898989,hf,adwin,seqdrift2,uq_vote,uq_vote,12.836853499999961,107.59501637499943
recurring_sud_sea100k_g08.csv,20000,1,12151,0,1,0.9584848484848485,hf,adwin,seqdrift2,uq_vote,uq_vote,5.266863959000148,107.59501637499943
recurring_sud_sea100k_g09.csv,20000,1,7989,1,2,0.9464141414141414,hf,adwin,seqdrift2,uq_vote,uq_vote,17.982048709000082,107.59501637499943
recurring_sud_sea100k_g00.csv,20000,1,14476,0,1,0.9631313131313132,hf,adwin,seqdrift2,uq_vote,uq_entropy,10.929257417000372,106.03128262500013
recurring_sud_sea100k_g01.csv,20000,2,4631 13318,0,1,0.9511111111111111,hf,adwin,seqdrift2,uq_vote,uq_entropy,11.193445958999291,106.03128262500013
recurring_sud_sea100k_g02.csv,20000,1,10693,0,1,0.9375757575757576,hf,adwin,seqdrift2,uq_vote,uq_entropy,10.850236207999842,106.03128262500013
recurring_sud_sea100k_g03.csv,20000,2,8454 19297,1,2,0.9257070707070707,hf,adwin,seqdrift2,uq_vote,uq_entropy,11.901936958999613,106.03128262500013
recurring_sud_sea100k_g04.csv,20000,1,18553,0,1,0.9631818181818181,hf,adwin,seqdrift2,uq_vote,uq_entropy,11.160569458999817,106.03128262500013
recurring_sud_sea100k_g05.csv,20000,2,9764 14788,0,1,0.9143939393939394,hf,adwin,seqdrift2,uq_vote,uq_entropy,9.625197708999622,106.03128262500013
recurring_sud_sea100k_g06.csv,20000,1,12981,0,1,0.9587878787878787,hf,adwin,seqdrift2,uq_vote,uq_entropy,11.301428917000521,106.03128262500013
recurring_sud_sea100k_g07.csv,20000,2,5095 14736,0,1,0.9406565656565656,hf,adwin,seqdrift2,uq_vote,uq_entropy,6.380751709000833,106.03128262500013
recurring_sud_sea100k_g08.csv,20000,1,12151,0,1,0.9707070707070707,hf,adwin,seqdrift2,uq_vote,uq_entropy,11.468927249999979,106.03128262500013
recurring_sud_sea100k_g09.csv,20000,1,7989,0,1,0.939949494949495,hf,adwin,seqdrift2,uq_vote,uq_entropy,11.218110083999818,106.03128262500013
recurring_sud_sea100k_g00.csv,20000,1,14476,2,2,0.9634848484848485,hf,adwin,seqdrift2,uq_entropy,error,15.170238041999255,136.0876755419995
recurring_sud_sea100k_g01.csv,20000,2,4631 13318,2,3,0.9469191919191919,hf,adwin,seqdrift2,uq_entropy,error,15.421784375000243,136.0876755419995
recurring_sud_sea100k_g02.csv,20000,1,10693,2,3,0.9425252525252525,hf,adwin,seqdrift2,uq_entropy,error,13.184537000000091,136.0876755419995
recurring_sud_sea100k_g03.csv,20000,2,8454 19297,1,2,0.9593939393939394,hf,adwin,seqdrift2,uq_entropy,error,17.744718040999942,136.0876755419995
recurring_sud_sea100k_g04.csv,20000,1,18553,1,2,0.953030303030303,hf,adwin,seqdrift2,uq_entropy,error,12.202872916999695,136.0876755419995
recurring_sud_sea100k_g05.csv,20000,2,9764 14788,2,3,0.9462626262626262,hf,adwin,seqdrift2,uq_entropy,error,14.59945716600032,136.0876755419995
recurring_sud_sea100k_g06.csv,20000,1,12981,2,3,0.951969696969697,hf,adwin,seqdrift2,uq_entropy,error,14.868878792000032,136.0876755419995
recurring_sud_sea100k_g07.csv,20000,2,5095 14736,0,1,0.9458585858585858,hf,adwin,seqdrift2,uq_entropy,error,10.75986945799923,136.0876755419995
recurring_sud_sea100k_g08.csv,20000,1,12151,1,2,0.9702020202020202,hf,adwin,seqdrift2,uq_entropy,error,14.84826612500001,136.0876755419995
recurring_sud_sea100k_g09.csv,20000,1,7989,0,1,0.9305050505050505,hf,adwin,seqdrift2,uq_entropy,error,7.284392790999846,136.0876755419995
recurring_sud_sea100k_g00.csv,20000,1,14476,0,1,0.9631313131313132,hf,adwin,seqdrift2,uq_entropy,uq_mi,10.83656741699997,120.95103308300077
recurring_sud_sea100k_g01.csv,20000,2,4631 13318,1,2,0.9426767676767677,hf,adwin,seqdrift2,uq_entropy,uq_mi,17.512244917000316,120.95103308300077
recurring_sud_sea100k_g02.csv,20000,1,10693,0,1,0.9375757575757576,hf,adwin,seqdrift2,uq_entropy,uq_mi,10.922041291999449,120.95103308300077
recurring_sud_sea100k_g03.csv,20000,2,8454 19297,0,1,0.9598989898989899,hf,adwin,seqdrift2,uq_entropy,uq_mi,11.295722457999545,120.95103308300077
recurring_sud_sea100k_g04.csv,20000,1,18553,0,1,0.9631818181818181,hf,adwin,seqdrift2,uq_entropy,uq_mi,11.350782208000055,120.95103308300077
recurring_sud_sea100k_g05.csv,20000,2,9764 14788,0,1,0.9207070707070707,hf,adwin,seqdrift2,uq_entropy,uq_mi,9.419500082999548,120.95103308300077
recurring_sud_sea100k_g06.csv,20000,1,12981,0,1,0.9585353535353536,hf,adwin,seqdrift2,uq_entropy,uq_mi,10.338827958000365,120.95103308300077
recurring_sud_sea100k_g07.csv,20000,2,5095 14736,0,1,0.9464141414141414,hf,adwin,seqdrift2,uq_entropy,uq_mi,5.657147582999642,120.95103308300077
recurring_sud_sea100k_g08.csv,20000,1,12151,1,2,0.9726767676767677,hf,adwin,seqdrift2,uq_entropy,uq_mi,18.610480165999434,120.95103308300077
recurring_sud_sea100k_g09.csv,20000,1,7989,1,2,0.9451515151515152,hf,adwin,seqdrift2,uq_entropy,uq_mi,15.003919124999811,120.95103308300077
recurring_sud_sea100k_g00.csv,20000,1,14476,1,2,0.9644949494949495,hf,adwin,seqdrift2,uq_entropy,uq_vote,17.280141375000312,117.61535262500001
recurring_sud_sea100k_g01.csv,20000,2,4631 13318,1,2,0.910959595959596,hf,adwin,seqdrift2,uq_entropy,uq_vote,14.344661875000384,117.61535262500001
recurring_sud_sea100k_g02.csv,20000,1,10693,0,1,0.9375757575757576,hf,adwin,seqdrift2,uq_entropy,uq_vote,11.023268709000149,117.61535262500001
recurring_sud_sea100k_g03.csv,20000,2,8454 19297,0,1,0.9257070707070707,hf,adwin,seqdrift2,uq_entropy,uq_vote,4.061305082999752,117.61535262500001
recurring_sud_sea100k_g04.csv,20000,1,18553,0,1,0.9492929292929293,hf,adwin,seqdrift2,uq_entropy,uq_vote,3.521043499999905,117.61535262500001
recurring_sud_sea100k_g05.csv,20000,2,9764 14788,0,1,0.933030303030303,hf,adwin,seqdrift2,uq_entropy,uq_vote,5.448503417000211,117.61535262500001
recurring_sud_sea100k_g06.csv,20000,1,12981,1,2,0.9548484848484848,hf,adwin,seqdrift2,uq_entropy,uq_vote,15.292772875000082,117.61535262500001
recurring_sud_sea100k_g07.csv,20000,2,5095 14736,1,2,0.950050505050505,hf,adwin,seqdrift2,uq_entropy,uq_vote,13.570759416999863,117.61535262500001
recurring_sud_sea100k_g08.csv,20000,1,12151,1,2,0.9716666666666667,hf,adwin,seqdrift2,uq_entropy,uq_vote,17.61727916700056,117.61535262500001
recurring_sud_sea100k_g09.csv,20000,1,7989,1,2,0.9474242424242424,hf,adwin,seqdrift2,uq_entropy,uq_vote,15.453720167000029,117.61535262500001
recurring_sud_sea100k_g00.csv,20000,1,14476,1,2,0.9643939393939394,hf,adwin,seqdrift2,uq_entropy,uq_entropy,17.186934749999637,160.8031022919995
recurring_sud_sea100k_g01.csv,20000,2,4631 13318,1,2,0.9426767676767677,hf,adwin,seqdrift2,uq_entropy,uq_entropy,17.88051895799981,160.8031022919995
recurring_sud_sea100k_g02.csv,20000,1,10693,0,1,0.9375757575757576,hf,adwin,seqdrift2,uq_entropy,uq_entropy,11.115683375000117,160.8031022919995
recurring_sud_sea100k_g03.csv,20000,2,8454 19297,1,2,0.9257070707070707,hf,adwin,seqdrift2,uq_entropy,uq_entropy,11.979627875000006,160.8031022919995
recurring_sud_sea100k_g04.csv,20000,1,18553,1,2,0.9615656565656565,hf,adwin,seqdrift2,uq_entropy,uq_entropy,17.64606400000048,160.8031022919995
recurring_sud_sea100k_g05.csv,20000,2,9764 14788,0,1,0.933030303030303,hf,adwin,seqdrift2,uq_entropy,uq_entropy,6.035493958000188,160.8031022919995
recurring_sud_sea100k_g06.csv,20000,1,12981,1,2,0.9559090909090909,hf,adwin,seqdrift2,uq_entropy,uq_entropy,21.0303729999996,160.8031022919995
recurring_sud_sea100k_g07.csv,20000,2,5095 14736,1,2,0.9492929292929293,hf,adwin,seqdrift2,uq_entropy,uq_entropy,20.085957792000045,160.8031022919995
recurring_sud_sea100k_g08.csv,20000,1,12151,1,2,0.9661111111111111,hf,adwin,seqdrift2,uq_entropy,uq_entropy,21.842969000000267,160.8031022919995
recurring_sud_sea100k_g09.csv,20000,1,7989,0,1,0.939949494949495,hf,adwin,seqdrift2,uq_entropy,uq_entropy,15.996547624999948,160.8031022919995
recurring_sud_sea100k_g00.csv,20000,1,14476,0,1,0.9593939393939394,ht,seed,adwin,error,error,6.012828666000132,57.06162450000011
recurring_sud_sea100k_g01.csv,20000,2,4631 13318,0,1,0.9509090909090909,ht,seed,adwin,error,error,6.006413250000151,57.06162450000011
recurring_sud_sea100k_g02.csv,20000,1,10693,0,1,0.9593434343434344,ht,seed,adwin,error,error,5.671922042000006,57.06162450000011
recurring_sud_sea100k_g03.csv,20000,2,8454 19297,0,1,0.9436363636363636,ht,seed,adwin,error,error,5.458019249999779,57.06162450000011
recurring_sud_sea100k_g04.csv,20000,1,18553,1,2,0.9566666666666667,ht,seed,adwin,error,error,5.814329875000112,57.06162450000011
recurring_sud_sea100k_g05.csv,20000,2,9764 14788,0,1,0.9205050505050505,ht,seed,adwin,error,error,5.389707665999595,57.06162450000011
recurring_sud_sea100k_g06.csv,20000,1,12981,0,1,0.9463131313131313,ht,seed,adwin,error,error,5.609292500000265,57.06162450000011
recurring_sud_sea100k_g07.csv,20000,2,5095 14736,0,1,0.9624747474747475,ht,seed,adwin,error,error,5.524660209000103,57.06162450000011
recurring_sud_sea100k_g08.csv,20000,1,12151,0,1,0.962929292929293,ht,seed,adwin,error,error,5.964511665999453,57.06162450000011
recurring_sud_sea100k_g09.csv,20000,1,7989,0,1,0.9568686868686869,ht,seed,adwin,error,error,5.607505459000095,57.06162450000011
recurring_sud_sea100k_g00.csv,20000,1,14476,0,1,0.9631313131313132,hf,seed,adwin,error,uq_mi,17.976404832999833,152.8458875840006
recurring_sud_sea100k_g01.csv,20000,2,4631 13318,0,1,0.9511111111111111,hf,seed,adwin,error,uq_mi,17.882122750000235,152.8458875840006
recurring_sud_sea100k_g02.csv,20000,1,10693,0,1,0.9375757575757576,hf,seed,adwin,error,uq_mi,16.905304249999972,152.8458875840006
recurring_sud_sea100k_g03.csv,20000,2,8454 19297,0,1,0.9598989898989899,hf,seed,adwin,error,uq_mi,17.18313924999984,152.8458875840006
recurring_sud_sea100k_g04.csv,20000,1,18553,0,1,0.9607070707070707,hf,seed,adwin,error,uq_mi,13.27175516599982,152.8458875840006
recurring_sud_sea100k_g05.csv,20000,2,9764 14788,0,1,0.9313131313131313,hf,seed,adwin,error,uq_mi,9.185270291000052,152.8458875840006
recurring_sud_sea100k_g06.csv,20000,1,12981,1,2,0.9536868686868687,hf,seed,adwin,error,uq_mi,15.37672724999993,152.8458875840006
recurring_sud_sea100k_g07.csv,20000,2,5095 14736,0,1,0.9458585858585858,hf,seed,adwin,error,uq_mi,13.445979459000228,152.8458875840006
recurring_sud_sea100k_g08.csv,20000,1,12151,0,1,0.9707070707070707,hf,seed,adwin,error,uq_mi,13.685934542000723,152.8458875840006
recurring_sud_sea100k_g09.csv,20000,1,7989,1,2,0.9578787878787879,hf,seed,adwin,error,uq_mi,17.929780749999736,152.8458875840006
recurring_sud_sea100k_g00.csv,20000,1,14476,0,1,0.9631313131313132,hf,seed,adwin,error,uq_vote,13.456089833000078,123.13291233400014
recurring_sud_sea100k_g01.csv,20000,2,4631 13318,0,1,0.9511111111111111,hf,seed,adwin,error,uq_vote,13.795731083000646,123.13291233400014
recurring_sud_sea100k_g02.csv,20000,1,10693,0,1,0.9375757575757576,hf,seed,adwin,error,uq_vote,13.424535582999852,123.13291233400014
recurring_sud_sea100k_g03.csv,20000,2,8454 19297,0,1,0.9598989898989899,hf,seed,adwin,error,uq_vote,13.48715487500067,123.13291233400014
recurring_sud_sea100k_g04.csv,20000,1,18553,0,1,0.9607070707070707,hf,seed,adwin,error,uq_vote,13.074616541999603,123.13291233400014
recurring_sud_sea100k_g05.csv,20000,2,9764 14788,0,1,0.9322727272727273,hf,seed,adwin,error,uq_vote,9.338727708000079,123.13291233400014
recurring_sud_sea100k_g06.csv,20000,1,12981,0,1,0.9415656565656566,hf,seed,adwin,error,uq_vote,10.962882791999618,123.13291233400014
recurring_sud_sea100k_g07.csv,20000,2,5095 14736,0,1,0.9458585858585858,hf,seed,adwin,error,uq_vote,13.636233207999794,123.13291233400014
recurring_sud_sea100k_g08.csv,20000,1,12151,0,1,0.9707070707070707,hf,seed,adwin,error,uq_vote,13.725027499999669,123.13291233400014
recurring_sud_sea100k_g09.csv,20000,1,7989,0,1,0.8608585858585859,hf,seed,adwin,error,uq_vote,8.228526750000128,123.13291233400014
recurring_sud_sea100k_g00.csv,20000,1,14476,0,1,0.9631313131313132,hf,seed,adwin,error,uq_entropy,13.498385291999512,127.98148170799959
recurring_sud_sea100k_g01.csv,20000,2,4631 13318,0,1,0.9511111111111111,hf,seed,adwin,error,uq_entropy,13.588820916999794,127.98148170799959
recurring_sud_sea100k_g02.csv,20000,1,10693,0,1,0.9375757575757576,hf,seed,adwin,error,uq_entropy,13.087310416999571,127.98148170799959
recurring_sud_sea100k_g03.csv,20000,2,8454 19297,0,1,0.9598989898989899,hf,seed,adwin,error,uq_entropy,13.36449141599951,127.98148170799959
recurring_sud_sea100k_g04.csv,20000,1,18553,0,1,0.9607070707070707,hf,seed,adwin,error,uq_entropy,13.48424008299935,127.98148170799959
recurring_sud_sea100k_g05.csv,20000,2,9764 14788,0,1,0.9301010101010101,hf,seed,adwin,error,uq_entropy,13.363269874999787,127.98148170799959
recurring_sud_sea100k_g06.csv,20000,1,12981,0,1,0.9415656565656566,hf,seed,adwin,error,uq_entropy,10.996374000000287,127.98148170799959
recurring_sud_sea100k_g07.csv,20000,2,5095 14736,0,1,0.9458585858585858,hf,seed,adwin,error,uq_entropy,13.645328583999799,127.98148170799959
recurring_sud_sea100k_g08.csv,20000,1,12151,0,1,0.9707070707070707,hf,seed,adwin,error,uq_entropy,14.625368416000128,127.98148170799959
recurring_sud_sea100k_g09.csv,20000,1,7989,0,1,0.8608585858585859,hf,seed,adwin,error,uq_entropy,8.323600457999419,127.98148170799959
recurring_sud_sea100k_g00.csv,20000,1,14476,0,1,0.9631313131313132,hf,seed,adwin,uq_mi,error,13.624783041999763,138.38056083300035
recurring_sud_sea100k_g01.csv,20000,2,4631 13318,0,1,0.9511111111111111,hf,seed,adwin,uq_mi,error,14.079195541000445,138.38056083300035
recurring_sud_sea100k_g02.csv,20000,1,10693,0,1,0.9375757575757576,hf,seed,adwin,uq_mi,error,13.895392999999785,138.38056083300035
recurring_sud_sea100k_g03.csv,20000,2,8454 19297,0,1,0.9598989898989899,hf,seed,adwin,uq_mi,error,13.715336000000207,138.38056083300035
recurring_sud_sea100k_g04.csv,20000,1,18553,0,1,0.9631818181818181,hf,seed,adwin,uq_mi,error,13.723846374999994,138.38056083300035
recurring_sud_sea100k_g05.csv,20000,2,9764 14788,0,1,0.9301010101010101,hf,seed,adwin,uq_mi,error,13.477083000000675,138.38056083300035
recurring_sud_sea100k_g06.csv,20000,1,12981,0,1,0.9587878787878787,hf,seed,adwin,uq_mi,error,13.458465500000784,138.38056083300035
recurring_sud_sea100k_g07.csv,20000,2,5095 14736,0,1,0.9458585858585858,hf,seed,adwin,uq_mi,error,13.650337332999698,138.38056083300035
recurring_sud_sea100k_g08.csv,20000,1,12151,0,1,0.9707070707070707,hf,seed,adwin,uq_mi,error,14.82967120899957,138.38056083300035
recurring_sud_sea100k_g09.csv,20000,1,7989,0,1,0.939949494949495,hf,seed,adwin,uq_mi,error,13.923899625000558,138.38056083300035
recurring_sud_sea100k_g00.csv,20000,1,14476,0,1,0.9631313131313132,hf,seed,adwin,uq_mi,uq_mi,14.39941058400018,155.40053358300065
recurring_sud_sea100k_g01.csv,20000,2,4631 13318,0,1,0.9511111111111111,hf,seed,adwin,uq_mi,uq_mi,15.357496499999797,155.40053358300065
recurring_sud_sea100k_g02.csv,20000,1,10693,0,1,0.9375757575757576,hf,seed,adwin,uq_mi,uq_mi,15.227732791999188,155.40053358300065
recurring_sud_sea100k_g03.csv,20000,2,8454 19297,0,1,0.9598989898989899,hf,seed,adwin,uq_mi,uq_mi,15.630956999999398,155.40053358300065
recurring_sud_sea100k_g04.csv,20000,1,18553,0,1,0.9631818181818181,hf,seed,adwin,uq_mi,uq_mi,14.740356999999676,155.40053358300065
recurring_sud_sea100k_g05.csv,20000,2,9764 14788,0,1,0.9301010101010101,hf,seed,adwin,uq_mi,uq_mi,15.405036457999813,155.40053358300065
recurring_sud_sea100k_g06.csv,20000,1,12981,0,1,0.9587878787878787,hf,seed,adwin,uq_mi,uq_mi,14.782402332999482,155.40053358300065
recurring_sud_sea100k_g07.csv,20000,2,5095 14736,0,1,0.9458585858585858,hf,seed,adwin,uq_mi,uq_mi,14.702667165999628,155.40053358300065
recurring_sud_sea100k_g08.csv,20000,1,12151,0,1,0.9707070707070707,hf,seed,adwin,uq_mi,uq_mi,14.932500290999997,155.40053358300065
recurring_sud_sea100k_g09.csv,20000,1,7989,0,1,0.939949494949495,hf,seed,adwin,uq_mi,uq_mi,20.2187718339992,155.40053358300065
recurring_sud_sea100k_g00.csv,20000,1,14476,0,1,0.9631313131313132,hf,seed,adwin,uq_mi,uq_vote,13.783450207999522,138.30190175000007
recurring_sud_sea100k_g01.csv,20000,2,4631 13318,0,1,0.9511111111111111,hf,seed,adwin,uq_mi,uq_vote,13.880635499999698,138.30190175000007
recurring_sud_sea100k_g02.csv,20000,1,10693,0,1,0.9375757575757576,hf,seed,adwin,uq_mi,uq_vote,13.535426749999715,138.30190175000007
recurring_sud_sea100k_g03.csv,20000,2,8454 19297,0,1,0.9598989898989899,hf,seed,adwin,uq_mi,uq_vote,13.587061375000303,138.30190175000007
recurring_sud_sea100k_g04.csv,20000,1,18553,0,1,0.9631818181818181,hf,seed,adwin,uq_mi,uq_vote,13.906563833000291,138.30190175000007
recurring_sud_sea100k_g05.csv,20000,2,9764 14788,0,1,0.9301010101010101,hf,seed,adwin,uq_mi,uq_vote,14.026496041999962,138.30190175000007
recurring_sud_sea100k_g06.csv,20000,1,12981,0,1,0.9587878787878787,hf,seed,adwin,uq_mi,uq_vote,14.04206166699987,138.30190175000007
recurring_sud_sea100k_g07.csv,20000,2,5095 14736,0,1,0.9458585858585858,hf,seed,adwin,uq_mi,uq_vote,13.644571165999878,138.30190175000007
recurring_sud_sea100k_g08.csv,20000,1,12151,0,1,0.9707070707070707,hf,seed,adwin,uq_mi,uq_vote,14.168107041999974,138.30190175000007
recurring_sud_sea100k_g09.csv,20000,1,7989,0,1,0.939949494949495,hf,seed,adwin,uq_mi,uq_vote,13.725988291999784,138.30190175000007
recurring_sud_sea100k_g00.csv,20000,1,14476,0,1,0.9631313131313132,hf,seed,adwin,uq_mi,uq_entropy,13.740526332999252,137.08621358300024
recurring_sud_sea100k_g01.csv,20000,2,4631 13318,0,1,0.9511111111111111,hf,seed,adwin,uq_mi,uq_entropy,13.8503944590002,137.08621358300024
recurring_sud_sea100k_g02.csv,20000,1,10693,0,1,0.9375757575757576,hf,seed,adwin,uq_mi,uq_entropy,13.365215083999828,137.08621358300024
recurring_sud_sea100k_g03.csv,20000,2,8454 19297,0,1,0.9598989898989899,hf,seed,adwin,uq_mi,uq_entropy,13.647506207999868,137.08621358300024
recurring_sud_sea100k_g04.csv,20000,1,18553,0,1,0.9631818181818181,hf,seed,adwin,uq_mi,uq_entropy,13.766456166999888,137.08621358300024
recurring_sud_sea100k_g05.csv,20000,2,9764 14788,0,1,0.9301010101010101,hf,seed,adwin,uq_mi,uq_entropy,13.715979417000199,137.08621358300024
recurring_sud_sea100k_g06.csv,20000,1,12981,0,1,0.9587878787878787,hf,seed,adwin,uq_mi,uq_entropy,13.900419917000363,137.08621358300024
recurring_sud_sea100k_g07.csv,20000,2,5095 14736,0,1,0.9458585858585858,hf,seed,adwin,uq_mi,uq_entropy,13.369192582999858,137.08621358300024
recurring_sud_sea100k_g08.csv,20000,1,12151,0,1,0.9707070707070707,hf,seed,adwin,uq_mi,uq_entropy,13.941777207999621,137.08621358300024
recurring_sud_sea100k_g09.csv,20000,1,7989,0,1,0.939949494949495,hf,seed,adwin,uq_mi,uq_entropy,13.788325333000103,137.08621358300024
recurring_sud_sea100k_g00.csv,20000,1,14476,0,1,0.9631313131313132,hf,seed,adwin,uq_vote,error,13.311509999999544,135.6268950419999
recurring_sud_sea100k_g01.csv,20000,2,4631 13318,0,1,0.9511111111111111,hf,seed,adwin,uq_vote,error,13.45176312500007,135.6268950419999
recurring_sud_sea100k_g02.csv,20000,1,10693,0,1,0.9375757575757576,hf,seed,adwin,uq_vote,error,13.313989457999924,135.6268950419999
recurring_sud_sea100k_g03.csv,20000,2,8454 19297,0,1,0.9598989898989899,hf,seed,adwin,uq_vote,error,13.596124874999987,135.6268950419999
recurring_sud_sea100k_g04.csv,20000,1,18553,0,1,0.9631818181818181,hf,seed,adwin,uq_vote,error,13.780155749999722,135.6268950419999
recurring_sud_sea100k_g05.csv,20000,2,9764 14788,0,1,0.9301010101010101,hf,seed,adwin,uq_vote,error,13.652948666999691,135.6268950419999
recurring_sud_sea100k_g06.csv,20000,1,12981,0,1,0.9587878787878787,hf,seed,adwin,uq_vote,error,13.877852665999853,135.6268950419999
recurring_sud_sea100k_g07.csv,20000,2,5095 14736,0,1,0.9458585858585858,hf,seed,adwin,uq_vote,error,13.438258707999921,135.6268950419999
recurring_sud_sea100k_g08.csv,20000,1,12151,0,1,0.9707070707070707,hf,seed,adwin,uq_vote,error,13.748033707999639,135.6268950419999
recurring_sud_sea100k_g09.csv,20000,1,7989,0,1,0.939949494949495,hf,seed,adwin,uq_vote,error,13.455778499999724,135.6268950419999
recurring_sud_sea100k_g00.csv,20000,1,14476,0,1,0.9631313131313132,hf,seed,adwin,uq_vote,uq_mi,14.22820616700028,138.60740087500017
recurring_sud_sea100k_g01.csv,20000,2,4631 13318,0,1,0.9511111111111111,hf,seed,adwin,uq_vote,uq_mi,14.0477466250004,138.60740087500017
recurring_sud_sea100k_g02.csv,20000,1,10693,0,1,0.9375757575757576,hf,seed,adwin,uq_vote,uq_mi,13.605536208000558,138.60740087500017
recurring_sud_sea100k_g03.csv,20000,2,8454 19297,0,1,0.9598989898989899,hf,seed,adwin,uq_vote,uq_mi,13.810198000000128,138.60740087500017
recurring_sud_sea100k_g04.csv,20000,1,18553,0,1,0.9631818181818181,hf,seed,adwin,uq_vote,uq_mi,13.869369875000302,138.60740087500017
recurring_sud_sea100k_g05.csv,20000,2,9764 14788,0,1,0.9301010101010101,hf,seed,adwin,uq_vote,uq_mi,13.7440458330002,138.60740087500017
recurring_sud_sea100k_g06.csv,20000,1,12981,0,1,0.9587878787878787,hf,seed,adwin,uq_vote,uq_mi,13.861275082999782,138.60740087500017
recurring_sud_sea100k_g07.csv,20000,2,5095 14736,0,1,0.9458585858585858,hf,seed,adwin,uq_vote,uq_mi,13.814373125000202,138.60740087500017
recurring_sud_sea100k_g08.csv,20000,1,12151,0,1,0.9707070707070707,hf,seed,adwin,uq_vote,uq_mi,14.020853250000073,138.60740087500017
recurring_sud_sea100k_g09.csv,20000,1,7989,0,1,0.939949494949495,hf,seed,adwin,uq_vote,uq_mi,13.605333499999688,138.60740087500017
recurring_sud_sea100k_g00.csv,20000,1,14476,0,1,0.9631313131313132,hf,seed,adwin,uq_vote,uq_vote,13.826161875000253,139.76733387500008
recurring_sud_sea100k_g01.csv,20000,2,4631 13318,0,1,0.9511111111111111,hf,seed,adwin,uq_vote,uq_vote,14.127357584000492,139.76733387500008
recurring_sud_sea100k_g02.csv,20000,1,10693,0,1,0.9375757575757576,hf,seed,adwin,uq_vote,uq_vote,13.852807166000275,139.76733387500008
recurring_sud_sea100k_g03.csv,20000,2,8454 19297,0,1,0.9598989898989899,hf,seed,adwin,uq_vote,uq_vote,13.685317166999994,139.76733387500008
recurring_sud_sea100k_g04.csv,20000,1,18553,0,1,0.9631818181818181,hf,seed,adwin,uq_vote,uq_vote,14.10213529200064,139.76733387500008
recurring_sud_sea100k_g05.csv,20000,2,9764 14788,0,1,0.9301010101010101,hf,seed,adwin,uq_vote,uq_vote,14.235565750000205,139.76733387500008
recurring_sud_sea100k_g06.csv,20000,1,12981,0,1,0.9587878787878787,hf,seed,adwin,uq_vote,uq_vote,14.126899792000586,139.76733387500008
recurring_sud_sea100k_g07.csv,20000,2,5095 14736,0,1,0.9458585858585858,hf,seed,adwin,uq_vote,uq_vote,13.566845207999904,139.76733387500008
recurring_sud_sea100k_g08.csv,20000,1,12151,0,1,0.9707070707070707,hf,seed,adwin,uq_vote,uq_vote,14.35664504200031,139.76733387500008
recurring_sud_sea100k_g09.csv,20000,1,7989,0,1,0.939949494949495,hf,seed,adwin,uq_vote,uq_vote,13.887163583999609,139.76733387500008
recurring_sud_sea100k_g00.csv,20000,1,14476,0,1,0.9631313131313132,hf,seed,adwin,uq_vote,uq_entropy,13.763494541,139.32577754199974
recurring_sud_sea100k_g01.csv,20000,2,4631 13318,0,1,0.9511111111111111,hf,seed,adwin,uq_vote,uq_entropy,14.139917125000466,139.32577754199974
recurring_sud_sea100k_g02.csv,20000,1,10693,0,1,0.9375757575757576,hf,seed,adwin,uq_vote,uq_entropy,14.14343104099953,139.32577754199974
recurring_sud_sea100k_g03.csv,20000,2,8454 19297,0,1,0.9598989898989899,hf,seed,adwin,uq_vote,uq_entropy,14.438745125000423,139.32577754199974
recurring_sud_sea100k_g04.csv,20000,1,18553,0,1,0.9631818181818181,hf,seed,adwin,uq_vote,uq_entropy,14.161789249999856,139.32577754199974
recurring_sud_sea100k_g05.csv,20000,2,9764 14788,0,1,0.9301010101010101,hf,seed,adwin,uq_vote,uq_entropy,13.424785166999754,139.32577754199974
recurring_sud_sea100k_g06.csv,20000,1,12981,0,1,0.9587878787878787,hf,seed,adwin,uq_vote,uq_entropy,13.816510209000626,139.32577754199974
recurring_sud_sea100k_g07.csv,20000,2,5095 14736,0,1,0.9458585858585858,hf,seed,adwin,uq_vote,uq_entropy,13.733971583999846,139.32577754199974
recurring_sud_sea100k_g08.csv,20000,1,12151,0,1,0.9707070707070707,hf,seed,adwin,uq_vote,uq_entropy,13.811639290999665,139.32577754199974
recurring_sud_sea100k_g09.csv,20000,1,7989,0,1,0.939949494949495,hf,seed,adwin,uq_vote,uq_entropy,13.891056124999523,139.32577754199974
recurring_sud_sea100k_g00.csv,20000,1,14476,0,1,0.9631313131313132,hf,seed,adwin,uq_entropy,error,13.182167042000401,136.74293891700017
recurring_sud_sea100k_g01.csv,20000,2,4631 13318,0,1,0.9511111111111111,hf,seed,adwin,uq_entropy,error,13.651930166000056,136.74293891700017
recurring_sud_sea100k_g02.csv,20000,1,10693,0,1,0.9375757575757576,hf,seed,adwin,uq_entropy,error,13.354555832999722,136.74293891700017
recurring_sud_sea100k_g03.csv,20000,2,8454 19297,0,1,0.9598989898989899,hf,seed,adwin,uq_entropy,error,13.606235625000409,136.74293891700017
recurring_sud_sea100k_g04.csv,20000,1,18553,0,1,0.9631818181818181,hf,seed,adwin,uq_entropy,error,13.667932708999615,136.74293891700017
recurring_sud_sea100k_g05.csv,20000,2,9764 14788,0,1,0.9301010101010101,hf,seed,adwin,uq_entropy,error,13.179494250000062,136.74293891700017
recurring_sud_sea100k_g06.csv,20000,1,12981,0,1,0.9587878787878787,hf,seed,adwin,uq_entropy,error,13.83805329200004,136.74293891700017
recurring_sud_sea100k_g07.csv,20000,2,5095 14736,0,1,0.9458585858585858,hf,seed,adwin,uq_entropy,error,13.62936125000033,136.74293891700017
recurring_sud_sea100k_g08.csv,20000,1,12151,0,1,0.9707070707070707,hf,seed,adwin,uq_entropy,error,14.791467250000096,136.74293891700017
recurring_sud_sea100k_g09.csv,20000,1,7989,0,1,0.939949494949495,hf,seed,adwin,uq_entropy,error,13.841245167000125,136.74293891700017
recurring_sud_sea100k_g00.csv,20000,1,14476,0,1,0.9631313131313132,hf,seed,adwin,uq_entropy,uq_mi,14.283930458000214,148.74518675000036
recurring_sud_sea100k_g01.csv,20000,2,4631 13318,0,1,0.9511111111111111,hf,seed,adwin,uq_entropy,uq_mi,15.013644749999912,148.74518675000036
recurring_sud_sea100k_g02.csv,20000,1,10693,0,1,0.9375757575757576,hf,seed,adwin,uq_entropy,uq_mi,14.482523584000774,148.74518675000036
recurring_sud_sea100k_g03.csv,20000,2,8454 19297,0,1,0.9598989898989899,hf,seed,adwin,uq_entropy,uq_mi,14.876250999999684,148.74518675000036
recurring_sud_sea100k_g04.csv,20000,1,18553,0,1,0.9631818181818181,hf,seed,adwin,uq_entropy,uq_mi,15.197929457999635,148.74518675000036
recurring_sud_sea100k_g05.csv,20000,2,9764 14788,0,1,0.9301010101010101,hf,seed,adwin,uq_entropy,uq_mi,14.762224041999616,148.74518675000036
recurring_sud_sea100k_g06.csv,20000,1,12981,0,1,0.9587878787878787,hf,seed,adwin,uq_entropy,uq_mi,15.090033167000001,148.74518675000036
recurring_sud_sea100k_g07.csv,20000,2,5095 14736,0,1,0.9458585858585858,hf,seed,adwin,uq_entropy,uq_mi,14.786765208999896,148.74518675000036
recurring_sud_sea100k_g08.csv,20000,1,12151,0,1,0.9707070707070707,hf,seed,adwin,uq_entropy,uq_mi,14.701093499999843,148.74518675000036
recurring_sud_sea100k_g09.csv,20000,1,7989,0,1,0.939949494949495,hf,seed,adwin,uq_entropy,uq_mi,15.55037779199938,148.74518675000036
recurring_sud_sea100k_g00.csv,20000,1,14476,0,1,0.9631313131313132,hf,seed,adwin,uq_entropy,uq_vote,14.659285499999896,148.86258208299932
recurring_sud_sea100k_g01.csv,20000,2,4631 13318,0,1,0.9511111111111111,hf,seed,adwin,uq_entropy,uq_vote,15.190352208999684,148.86258208299932
recurring_sud_sea100k_g02.csv,20000,1,10693,0,1,0.9375757575757576,hf,seed,adwin,uq_entropy,uq_vote,14.623922083999787,148.86258208299932
recurring_sud_sea100k_g03.csv,20000,2,8454 19297,0,1,0.9598989898989899,hf,seed,adwin,uq_entropy,uq_vote,14.669501332999971,148.86258208299932
recurring_sud_sea100k_g04.csv,20000,1,18553,0,1,0.9631818181818181,hf,seed,adwin,uq_entropy,uq_vote,15.267752666999513,148.86258208299932
recurring_sud_sea100k_g05.csv,20000,2,9764 14788,0,1,0.9301010101010101,hf,seed,adwin,uq_entropy,uq_vote,14.918697000000066,148.86258208299932
recurring_sud_sea100k_g06.csv,20000,1,12981,0,1,0.9587878787878787,hf,seed,adwin,uq_entropy,uq_vote,15.152728457999729,148.86258208299932
recurring_sud_sea100k_g07.csv,20000,2,5095 14736,0,1,0.9458585858585858,hf,seed,adwin,uq_entropy,uq_vote,14.729314249999334,148.86258208299932
recurring_sud_sea100k_g08.csv,20000,1,12151,0,1,0.9707070707070707,hf,seed,adwin,uq_entropy,uq_vote,14.901105166999514,148.86258208299932
recurring_sud_sea100k_g09.csv,20000,1,7989,0,1,0.939949494949495,hf,seed,adwin,uq_entropy,uq_vote,14.7482904590006,148.86258208299932
recurring_sud_sea100k_g00.csv,20000,1,14476,0,1,0.9631313131313132,hf,seed,adwin,uq_entropy,uq_entropy,16.78654545900008,150.63423616599994
recurring_sud_sea100k_g01.csv,20000,2,4631 13318,0,1,0.9511111111111111,hf,seed,adwin,uq_entropy,uq_entropy,14.469315792000089,150.63423616599994
recurring_sud_sea100k_g02.csv,20000,1,10693,0,1,0.9375757575757576,hf,seed,adwin,uq_entropy,uq_entropy,13.892172124999888,150.63423616599994
recurring_sud_sea100k_g03.csv,20000,2,8454 19297,0,1,0.9598989898989899,hf,seed,adwin,uq_entropy,uq_entropy,15.36640612499923,150.63423616599994
recurring_sud_sea100k_g04.csv,20000,1,18553,0,1,0.9631818181818181,hf,seed,adwin,uq_entropy,uq_entropy,15.668143917000634,150.63423616599994
recurring_sud_sea100k_g05.csv,20000,2,9764 14788,0,1,0.9301010101010101,hf,seed,adwin,uq_entropy,uq_entropy,14.433100750000449,150.63423616599994
recurring_sud_sea100k_g06.csv,20000,1,12981,0,1,0.9587878787878787,hf,seed,adwin,uq_entropy,uq_entropy,14.905965791000199,150.63423616599994
recurring_sud_sea100k_g07.csv,20000,2,5095 14736,0,1,0.9458585858585858,hf,seed,adwin,uq_entropy,uq_entropy,16.28299912500006,150.63423616599994
recurring_sud_sea100k_g08.csv,20000,1,12151,0,1,0.9707070707070707,hf,seed,adwin,uq_entropy,uq_entropy,14.54899183299949,150.63423616599994
recurring_sud_sea100k_g09.csv,20000,1,7989,0,1,0.939949494949495,hf,seed,adwin,uq_entropy,uq_entropy,14.279336540999793,150.63423616599994
recurring_sud_sea100k_g00.csv,20000,1,14476,0,1,0.9593939393939394,ht,seed,seed,error,error,7.440941667000516,72.56090216700068
recurring_sud_sea100k_g01.csv,20000,2,4631 13318,0,1,0.9509090909090909,ht,seed,seed,error,error,7.3543374589999075,72.56090216700068
recurring_sud_sea100k_g02.csv,20000,1,10693,0,1,0.9593434343434344,ht,seed,seed,error,error,7.380072957999801,72.56090216700068
recurring_sud_sea100k_g03.csv,20000,2,8454 19297,0,1,0.9436363636363636,ht,seed,seed,error,error,7.410592000000179,72.56090216700068
recurring_sud_sea100k_g04.csv,20000,1,18553,1,2,0.9583838383838383,ht,seed,seed,error,error,7.0576554170002055,72.56090216700068
recurring_sud_sea100k_g05.csv,20000,2,9764 14788,2,3,0.9496464646464646,ht,seed,seed,error,error,6.938441750000493,72.56090216700068
recurring_sud_sea100k_g06.csv,20000,1,12981,0,1,0.9463131313131313,ht,seed,seed,error,error,7.3342103750001115,72.56090216700068
recurring_sud_sea100k_g07.csv,20000,2,5095 14736,0,1,0.9624747474747475,ht,seed,seed,error,error,7.188193166000019,72.56090216700068
recurring_sud_sea100k_g08.csv,20000,1,12151,0,1,0.962929292929293,ht,seed,seed,error,error,7.300244791000296,72.56090216700068
recurring_sud_sea100k_g09.csv,20000,1,7989,1,2,0.9511111111111111,ht,seed,seed,error,error,7.155812957999842,72.56090216700068
recurring_sud_sea100k_g00.csv,20000,1,14476,0,1,0.9631313131313132,hf,seed,seed,error,uq_mi,18.100838459000443,168.1072850420005
recurring_sud_sea100k_g01.csv,20000,2,4631 13318,0,1,0.9511111111111111,hf,seed,seed,error,uq_mi,16.48696474999997,168.1072850420005
recurring_sud_sea100k_g02.csv,20000,1,10693,0,1,0.9375757575757576,hf,seed,seed,error,uq_mi,16.654011915999945,168.1072850420005
recurring_sud_sea100k_g03.csv,20000,2,8454 19297,0,1,0.9598989898989899,hf,seed,seed,error,uq_mi,17.463044875000378,168.1072850420005
recurring_sud_sea100k_g04.csv,20000,1,18553,0,1,0.9607070707070707,hf,seed,seed,error,uq_mi,16.251394541999616,168.1072850420005
recurring_sud_sea100k_g05.csv,20000,2,9764 14788,0,1,0.9322727272727273,hf,seed,seed,error,uq_mi,12.807457500000055,168.1072850420005
recurring_sud_sea100k_g06.csv,20000,1,12981,0,1,0.9415656565656566,hf,seed,seed,error,uq_mi,15.920419708999361,168.1072850420005
recurring_sud_sea100k_g07.csv,20000,2,5095 14736,0,1,0.9458585858585858,hf,seed,seed,error,uq_mi,20.106168625000464,168.1072850420005
recurring_sud_sea100k_g08.csv,20000,1,12151,0,1,0.9707070707070707,hf,seed,seed,error,uq_mi,20.261503666999488,168.1072850420005
recurring_sud_sea100k_g09.csv,20000,1,7989,0,1,0.8608585858585859,hf,seed,seed,error,uq_mi,14.05498308299957,168.1072850420005
recurring_sud_sea100k_g00.csv,20000,1,14476,0,1,0.9631313131313132,hf,seed,seed,error,uq_vote,18.279231000000436,163.770345334
recurring_sud_sea100k_g01.csv,20000,2,4631 13318,0,1,0.9511111111111111,hf,seed,seed,error,uq_vote,18.086352291000367,163.770345334
recurring_sud_sea100k_g02.csv,20000,1,10693,0,1,0.9375757575757576,hf,seed,seed,error,uq_vote,17.644979624999905,163.770345334
recurring_sud_sea100k_g03.csv,20000,2,8454 19297,0,1,0.9598989898989899,hf,seed,seed,error,uq_vote,18.005351042000257,163.770345334
recurring_sud_sea100k_g04.csv,20000,1,18553,0,1,0.9607070707070707,hf,seed,seed,error,uq_vote,19.010722333000558,163.770345334
recurring_sud_sea100k_g05.csv,20000,2,9764 14788,0,1,0.9322727272727273,hf,seed,seed,error,uq_vote,12.664040999999997,163.770345334
recurring_sud_sea100k_g06.csv,20000,1,12981,0,1,0.9415656565656566,hf,seed,seed,error,uq_vote,14.377722375000303,163.770345334
recurring_sud_sea100k_g07.csv,20000,2,5095 14736,0,1,0.9458585858585858,hf,seed,seed,error,uq_vote,16.828683875000024,163.770345334
recurring_sud_sea100k_g08.csv,20000,1,12151,0,1,0.9707070707070707,hf,seed,seed,error,uq_vote,17.232432124999832,163.770345334
recurring_sud_sea100k_g09.csv,20000,1,7989,0,1,0.8608585858585859,hf,seed,seed,error,uq_vote,11.640211584000099,163.770345334
recurring_sud_sea100k_g00.csv,20000,1,14476,0,1,0.9631313131313132,hf,seed,seed,error,uq_entropy,16.507365958000264,151.4293967500007
recurring_sud_sea100k_g01.csv,20000,2,4631 13318,0,1,0.9511111111111111,hf,seed,seed,error,uq_entropy,16.76434437500029,151.4293967500007
recurring_sud_sea100k_g02.csv,20000,1,10693,0,1,0.9375757575757576,hf,seed,seed,error,uq_entropy,15.996047459000692,151.4293967500007
recurring_sud_sea100k_g03.csv,20000,2,8454 19297,0,1,0.9598989898989899,hf,seed,seed,error,uq_entropy,16.31502612500026,151.4293967500007
recurring_sud_sea100k_g04.csv,20000,1,18553,0,1,0.9607070707070707,hf,seed,seed,error,uq_entropy,15.886550375000297,151.4293967500007
recurring_sud_sea100k_g05.csv,20000,2,9764 14788,0,1,0.9322727272727273,hf,seed,seed,error,uq_entropy,12.139706582999679,151.4293967500007
recurring_sud_sea100k_g06.csv,20000,1,12981,0,1,0.9415656565656566,hf,seed,seed,error,uq_entropy,13.483623416999762,151.4293967500007
recurring_sud_sea100k_g07.csv,20000,2,5095 14736,0,1,0.9458585858585858,hf,seed,seed,error,uq_entropy,16.59410283299985,151.4293967500007
recurring_sud_sea100k_g08.csv,20000,1,12151,0,1,0.9707070707070707,hf,seed,seed,error,uq_entropy,16.859465083000032,151.4293967500007
recurring_sud_sea100k_g09.csv,20000,1,7989,0,1,0.8608585858585859,hf,seed,seed,error,uq_entropy,10.882366709000053,151.4293967500007
recurring_sud_sea100k_g00.csv,20000,1,14476,0,1,0.9631313131313132,hf,seed,seed,uq_mi,error,16.334748916000535,172.29498191699986
recurring_sud_sea100k_g01.csv,20000,2,4631 13318,0,1,0.9511111111111111,hf,seed,seed,uq_mi,error,17.63305612500062,172.29498191699986
recurring_sud_sea100k_g02.csv,20000,1,10693,0,1,0.9375757575757576,hf,seed,seed,uq_mi,error,16.502482957999746,172.29498191699986
recurring_sud_sea100k_g03.csv,20000,2,8454 19297,0,1,0.9598989898989899,hf,seed,seed,uq_mi,error,17.27696220800044,172.29498191699986
recurring_sud_sea100k_g04.csv,20000,1,18553,0,1,0.9631818181818181,hf,seed,seed,uq_mi,error,18.07953841699964,172.29498191699986
recurring_sud_sea100k_g05.csv,20000,2,9764 14788,0,1,0.9301010101010101,hf,seed,seed,uq_mi,error,16.933033582999997,172.29498191699986
recurring_sud_sea100k_g06.csv,20000,1,12981,0,1,0.9587878787878787,hf,seed,seed,uq_mi,error,17.07283279100011,172.29498191699986
recurring_sud_sea100k_g07.csv,20000,2,5095 14736,0,1,0.9458585858585858,hf,seed,seed,uq_mi,error,17.964457416000187,172.29498191699986
recurring_sud_sea100k_g08.csv,20000,1,12151,0,1,0.9707070707070707,hf,seed,seed,uq_mi,error,17.429627000000437,172.29498191699986
recurring_sud_sea100k_g09.csv,20000,1,7989,0,1,0.939949494949495,hf,seed,seed,uq_mi,error,17.06783537499996,172.29498191699986
recurring_sud_sea100k_g00.csv,20000,1,14476,0,1,0.9631313131313132,hf,seed,seed,uq_mi,uq_mi,19.33061508299943,178.5792787090004
recurring_sud_sea100k_g01.csv,20000,2,4631 13318,0,1,0.9511111111111111,hf,seed,seed,uq_mi,uq_mi,19.71746874999917,178.5792787090004
recurring_sud_sea100k_g02.csv,20000,1,10693,0,1,0.9375757575757576,hf,seed,seed,uq_mi,uq_mi,16.94866162499966,178.5792787090004
recurring_sud_sea100k_g03.csv,20000,2,8454 19297,0,1,0.9598989898989899,hf,seed,seed,uq_mi,uq_mi,17.791876375000356,178.5792787090004
recurring_sud_sea100k_g04.csv,20000,1,18553,0,1,0.9631818181818181,hf,seed,seed,uq_mi,uq_mi,17.20275550000042,178.5792787090004
recurring_sud_sea100k_g05.csv,20000,2,9764 14788,0,1,0.9301010101010101,hf,seed,seed,uq_mi,uq_mi,16.97510633300044,178.5792787090004
recurring_sud_sea100k_g06.csv,20000,1,12981,0,1,0.9587878787878787,hf,seed,seed,uq_mi,uq_mi,17.70976070800134,178.5792787090004
recurring_sud_sea100k_g07.csv,20000,2,5095 14736,0,1,0.9458585858585858,hf,seed,seed,uq_mi,uq_mi,16.460853000000498,178.5792787090004
recurring_sud_sea100k_g08.csv,20000,1,12151,0,1,0.9707070707070707,hf,seed,seed,uq_mi,uq_mi,17.79710958400028,178.5792787090004
recurring_sud_sea100k_g09.csv,20000,1,7989,0,1,0.939949494949495,hf,seed,seed,uq_mi,uq_mi,18.64462129200001,178.5792787090004
recurring_sud_sea100k_g00.csv,20000,1,14476,0,1,0.9631313131313132,hf,seed,seed,uq_mi,uq_vote,16.53510062500027,183.83643762499923
recurring_sud_sea100k_g01.csv,20000,2,4631 13318,0,1,0.9511111111111111,hf,seed,seed,uq_mi,uq_vote,16.66848554199896,183.83643762499923
recurring_sud_sea100k_g02.csv,20000,1,10693,0,1,0.9375757575757576,hf,seed,seed,uq_mi,uq_vote,17.364917333999983,183.83643762499923
recurring_sud_sea100k_g03.csv,20000,2,8454 19297,0,1,0.9598989898989899,hf,seed,seed,uq_mi,uq_vote,20.43186895799954,183.83643762499923
recurring_sud_sea100k_g04.csv,20000,1,18553,0,1,0.9631818181818181,hf,seed,seed,uq_mi,uq_vote,18.24233304200061,183.83643762499923
recurring_sud_sea100k_g05.csv,20000,2,9764 14788,0,1,0.9301010101010101,hf,seed,seed,uq_mi,uq_vote,18.66398025000126,183.83643762499923
recurring_sud_sea100k_g06.csv,20000,1,12981,0,1,0.9587878787878787,hf,seed,seed,uq_mi,uq_vote,20.338631249998798,183.83643762499923
recurring_sud_sea100k_g07.csv,20000,2,5095 14736,0,1,0.9458585858585858,hf,seed,seed,uq_mi,uq_vote,19.769969499999206,183.83643762499923
recurring_sud_sea100k_g08.csv,20000,1,12151,0,1,0.9707070707070707,hf,seed,seed,uq_mi,uq_vote,17.104460541999288,183.83643762499923
recurring_sud_sea100k_g09.csv,20000,1,7989,0,1,0.939949494949495,hf,seed,seed,uq_mi,uq_vote,18.715885833998982,183.83643762499923
recurring_sud_sea100k_g00.csv,20000,1,14476,0,1,0.9631313131313132,hf,seed,seed,uq_mi,uq_entropy,17.861667499999385,185.2106482500003
recurring_sud_sea100k_g01.csv,20000,2,4631 13318,0,1,0.9511111111111111,hf,seed,seed,uq_mi,uq_entropy,18.990589290999196,185.2106482500003
recurring_sud_sea100k_g02.csv,20000,1,10693,0,1,0.9375757575757576,hf,seed,seed,uq_mi,uq_entropy,17.806470915998943,185.2106482500003
recurring_sud_sea100k_g03.csv,20000,2,8454 19297,0,1,0.9598989898989899,hf,seed,seed,uq_mi,uq_entropy,18.793320167000275,185.2106482500003
recurring_sud_sea100k_g04.csv,20000,1,18553,0,1,0.9631818181818181,hf,seed,seed,uq_mi,uq_entropy,17.674284499998976,185.2106482500003
recurring_sud_sea100k_g05.csv,20000,2,9764 14788,0,1,0.9301010101010101,hf,seed,seed,uq_mi,uq_entropy,20.399774957999398,185.2106482500003
recurring_sud_sea100k_g06.csv,20000,1,12981,0,1,0.9587878787878787,hf,seed,seed,uq_mi,uq_entropy,17.514661125000202,185.2106482500003
recurring_sud_sea100k_g07.csv,20000,2,5095 14736,0,1,0.9458585858585858,hf,seed,seed,uq_mi,uq_entropy,18.100396415999057,185.2106482500003
recurring_sud_sea100k_g08.csv,20000,1,12151,0,1,0.9707070707070707,hf,seed,seed,uq_mi,uq_entropy,19.392470958999183,185.2106482500003
recurring_sud_sea100k_g09.csv,20000,1,7989,0,1,0.939949494949495,hf,seed,seed,uq_mi,uq_entropy,18.676009832999625,185.2106482500003
recurring_sud_sea100k_g00.csv,20000,1,14476,0,1,0.9631313131313132,hf,seed,seed,uq_vote,error,17.145645332999266,183.5674482909999
recurring_sud_sea100k_g01.csv,20000,2,4631 13318,0,1,0.9511111111111111,hf,seed,seed,uq_vote,error,18.471181499999147,183.5674482909999
recurring_sud_sea100k_g02.csv,20000,1,10693,0,1,0.9375757575757576,hf,seed,seed,uq_vote,error,22.65654608300065,183.5674482909999
recurring_sud_sea100k_g03.csv,20000,2,8454 19297,0,1,0.9598989898989899,hf,seed,seed,uq_vote,error,17.204321791999973,183.5674482909999
recurring_sud_sea100k_g04.csv,20000,1,18553,0,1,0.9631818181818181,hf,seed,seed,uq_vote,error,17.43936308299999,183.5674482909999
recurring_sud_sea100k_g05.csv,20000,2,9764 14788,0,1,0.9301010101010101,hf,seed,seed,uq_vote,error,18.302146458001516,183.5674482909999
recurring_sud_sea100k_g06.csv,20000,1,12981,0,1,0.9587878787878787,hf,seed,seed,uq_vote,error,17.48886287499954,183.5674482909999
recurring_sud_sea100k_g07.csv,20000,2,5095 14736,0,1,0.9458585858585858,hf,seed,seed,uq_vote,error,17.395160624999335,183.5674482909999
recurring_sud_sea100k_g08.csv,20000,1,12151,0,1,0.9707070707070707,hf,seed,seed,uq_vote,error,18.636658749999697,183.5674482909999
recurring_sud_sea100k_g09.csv,20000,1,7989,0,1,0.939949494949495,hf,seed,seed,uq_vote,error,18.827051917000063,183.5674482909999
recurring_sud_sea100k_g00.csv,20000,1,14476,0,1,0.9631313131313132,hf,seed,seed,uq_vote,uq_mi,19.773128291999456,192.0680510000002
recurring_sud_sea100k_g01.csv,20000,2,4631 13318,0,1,0.9511111111111111,hf,seed,seed,uq_vote,uq_mi,18.349300874999244,192.0680510000002
recurring_sud_sea100k_g02.csv,20000,1,10693,0,1,0.9375757575757576,hf,seed,seed,uq_vote,uq_mi,17.66978408400064,192.0680510000002
recurring_sud_sea100k_g03.csv,20000,2,8454 19297,0,1,0.9598989898989899,hf,seed,seed,uq_vote,uq_mi,20.479664124999545,192.0680510000002
recurring_sud_sea100k_g04.csv,20000,1,18553,0,1,0.9631818181818181,hf,seed,seed,uq_vote,uq_mi,17.990962207999473,192.0680510000002
recurring_sud_sea100k_g05.csv,20000,2,9764 14788,0,1,0.9301010101010101,hf,seed,seed,uq_vote,uq_mi,19.114445166000223,192.0680510000002
recurring_sud_sea100k_g06.csv,20000,1,12981,0,1,0.9587878787878787,hf,seed,seed,uq_vote,uq_mi,20.89193941600024,192.0680510000002
recurring_sud_sea100k_g07.csv,20000,2,5095 14736,0,1,0.9458585858585858,hf,seed,seed,uq_vote,uq_mi,21.161231709000276,192.0680510000002
recurring_sud_sea100k_g08.csv,20000,1,12151,0,1,0.9707070707070707,hf,seed,seed,uq_vote,uq_mi,19.1036138749987,192.0680510000002
recurring_sud_sea100k_g09.csv,20000,1,7989,0,1,0.939949494949495,hf,seed,seed,uq_vote,uq_mi,17.53325062499971,192.0680510000002
recurring_sud_sea100k_g00.csv,20000,1,14476,0,1,0.9631313131313132,hf,seed,seed,uq_vote,uq_vote,17.329772708000746,193.09159591699972
recurring_sud_sea100k_g01.csv,20000,2,4631 13318,0,1,0.9511111111111111,hf,seed,seed,uq_vote,uq_vote,17.414014875001158,193.09159591699972
recurring_sud_sea100k_g02.csv,20000,1,10693,0,1,0.9375757575757576,hf,seed,seed,uq_vote,uq_vote,18.570834707999893,193.09159591699972
recurring_sud_sea100k_g03.csv,20000,2,8454 19297,0,1,0.9598989898989899,hf,seed,seed,uq_vote,uq_vote,18.14262054199935,193.09159591699972
recurring_sud_sea100k_g04.csv,20000,1,18553,0,1,0.9631818181818181,hf,seed,seed,uq_vote,uq_vote,21.570281958000123,193.09159591699972
recurring_sud_sea100k_g05.csv,20000,2,9764 14788,0,1,0.9301010101010101,hf,seed,seed,uq_vote,uq_vote,20.188564332998794,193.09159591699972
recurring_sud_sea100k_g06.csv,20000,1,12981,0,1,0.9587878787878787,hf,seed,seed,uq_vote,uq_vote,18.737526209000862,193.09159591699972
recurring_sud_sea100k_g07.csv,20000,2,5095 14736,0,1,0.9458585858585858,hf,seed,seed,uq_vote,uq_vote,17.789382207998642,193.09159591699972
recurring_sud_sea100k_g08.csv,20000,1,12151,0,1,0.9707070707070707,hf,seed,seed,uq_vote,uq_vote,25.317546291000326,193.09159591699972
recurring_sud_sea100k_g09.csv,20000,1,7989,0,1,0.939949494949495,hf,seed,seed,uq_vote,uq_vote,18.028212208000696,193.09159591699972
recurring_sud_sea100k_g00.csv,20000,1,14476,0,1,0.9631313131313132,hf,seed,seed,uq_vote,uq_entropy,18.22915749999993,189.27715283399993
recurring_sud_sea100k_g01.csv,20000,2,4631 13318,0,1,0.9511111111111111,hf,seed,seed,uq_vote,uq_entropy,20.624731500000053,189.27715283399993
recurring_sud_sea100k_g02.csv,20000,1,10693,0,1,0.9375757575757576,hf,seed,seed,uq_vote,uq_entropy,20.341045582999868,189.27715283399993
recurring_sud_sea100k_g03.csv,20000,2,8454 19297,0,1,0.9598989898989899,hf,seed,seed,uq_vote,uq_entropy,18.34006012499958,189.27715283399993
recurring_sud_sea100k_g04.csv,20000,1,18553,0,1,0.9631818181818181,hf,seed,seed,uq_vote,uq_entropy,17.730886540999563,189.27715283399993
recurring_sud_sea100k_g05.csv,20000,2,9764 14788,0,1,0.9301010101010101,hf,seed,seed,uq_vote,uq_entropy,17.956918166000833,189.27715283399993
recurring_sud_sea100k_g06.csv,20000,1,12981,0,1,0.9587878787878787,hf,seed,seed,uq_vote,uq_entropy,19.39662758399936,189.27715283399993
recurring_sud_sea100k_g07.csv,20000,2,5095 14736,0,1,0.9458585858585858,hf,seed,seed,uq_vote,uq_entropy,18.04468900000029,189.27715283399993
recurring_sud_sea100k_g08.csv,20000,1,12151,0,1,0.9707070707070707,hf,seed,seed,uq_vote,uq_entropy,17.549063250000472,189.27715283399993
recurring_sud_sea100k_g09.csv,20000,1,7989,0,1,0.939949494949495,hf,seed,seed,uq_vote,uq_entropy,21.06069345799915,189.27715283399993
recurring_sud_sea100k_g00.csv,20000,1,14476,0,1,0.9631313131313132,hf,seed,seed,uq_entropy,error,18.433432750000065,184.922041875001
recurring_sud_sea100k_g01.csv,20000,2,4631 13318,0,1,0.9511111111111111,hf,seed,seed,uq_entropy,error,19.772522500001287,184.922041875001
recurring_sud_sea100k_g02.csv,20000,1,10693,0,1,0.9375757575757576,hf,seed,seed,uq_entropy,error,20.503663666000648,184.922041875001
recurring_sud_sea100k_g03.csv,20000,2,8454 19297,0,1,0.9598989898989899,hf,seed,seed,uq_entropy,error,17.60079804199995,184.922041875001
recurring_sud_sea100k_g04.csv,20000,1,18553,0,1,0.9631818181818181,hf,seed,seed,uq_entropy,error,18.482441750000362,184.922041875001
recurring_sud_sea100k_g05.csv,20000,2,9764 14788,0,1,0.9301010101010101,hf,seed,seed,uq_entropy,error,17.153419500000382,184.922041875001
recurring_sud_sea100k_g06.csv,20000,1,12981,0,1,0.9587878787878787,hf,seed,seed,uq_entropy,error,17.563740499999767,184.922041875001
recurring_sud_sea100k_g07.csv,20000,2,5095 14736,0,1,0.9458585858585858,hf,seed,seed,uq_entropy,error,17.245156582999698,184.922041875001
recurring_sud_sea100k_g08.csv,20000,1,12151,0,1,0.9707070707070707,hf,seed,seed,uq_entropy,error,18.194283208998968,184.922041875001
recurring_sud_sea100k_g09.csv,20000,1,7989,0,1,0.939949494949495,hf,seed,seed,uq_entropy,error,19.96889241700046,184.922041875001
recurring_sud_sea100k_g00.csv,20000,1,14476,0,1,0.9631313131313132,hf,seed,seed,uq_entropy,uq_mi,17.073911875000704,171.29050233399903
recurring_sud_sea100k_g01.csv,20000,2,4631 13318,0,1,0.9511111111111111,hf,seed,seed,uq_entropy,uq_mi,17.487258375000238,171.29050233399903
recurring_sud_sea100k_g02.csv,20000,1,10693,0,1,0.9375757575757576,hf,seed,seed,uq_entropy,uq_mi,18.957785208000132,171.29050233399903
recurring_sud_sea100k_g03.csv,20000,2,8454 19297,0,1,0.9598989898989899,hf,seed,seed,uq_entropy,uq_mi,17.538952083001277,171.29050233399903
recurring_sud_sea100k_g04.csv,20000,1,18553,0,1,0.9631818181818181,hf,seed,seed,uq_entropy,uq_mi,16.64257733299928,171.29050233399903
recurring_sud_sea100k_g05.csv,20000,2,9764 14788,0,1,0.9301010101010101,hf,seed,seed,uq_entropy,uq_mi,16.45455574999869,171.29050233399903
recurring_sud_sea100k_g06.csv,20000,1,12981,0,1,0.9587878787878787,hf,seed,seed,uq_entropy,uq_mi,17.270631291999962,171.29050233399903
recurring_sud_sea100k_g07.csv,20000,2,5095 14736,0,1,0.9458585858585858,hf,seed,seed,uq_entropy,uq_mi,16.513458167000863,171.29050233399903
recurring_sud_sea100k_g08.csv,20000,1,12151,0,1,0.9707070707070707,hf,seed,seed,uq_entropy,uq_mi,16.56291391600098,171.29050233399903
recurring_sud_sea100k_g09.csv,20000,1,7989,0,1,0.939949494949495,hf,seed,seed,uq_entropy,uq_mi,16.787561999999525,171.29050233399903
recurring_sud_sea100k_g00.csv,20000,1,14476,0,1,0.9631313131313132,hf,seed,seed,uq_entropy,uq_vote,16.395365750000565,167.00978283299992
recurring_sud_sea100k_g01.csv,20000,2,4631 13318,0,1,0.9511111111111111,hf,seed,seed,uq_entropy,uq_vote,16.44061049999982,167.00978283299992
recurring_sud_sea100k_g02.csv,20000,1,10693,0,1,0.9375757575757576,hf,seed,seed,uq_entropy,uq_vote,16.053962207999575,167.00978283299992
recurring_sud_sea100k_g03.csv,20000,2,8454 19297,0,1,0.9598989898989899,hf,seed,seed,uq_entropy,uq_vote,17.01861079199989,167.00978283299992
recurring_sud_sea100k_g04.csv,20000,1,18553,0,1,0.9631818181818181,hf,seed,seed,uq_entropy,uq_vote,17.064683624999816,167.00978283299992
recurring_sud_sea100k_g05.csv,20000,2,9764 14788,0,1,0.9301010101010101,hf,seed,seed,uq_entropy,uq_vote,17.386029500001314,167.00978283299992
recurring_sud_sea100k_g06.csv,20000,1,12981,0,1,0.9587878787878787,hf,seed,seed,uq_entropy,uq_vote,16.845227332998547,167.00978283299992
recurring_sud_sea100k_g07.csv,20000,2,5095 14736,0,1,0.9458585858585858,hf,seed,seed,uq_entropy,uq_vote,16.55223020900121,167.00978283299992
recurring_sud_sea100k_g08.csv,20000,1,12151,0,1,0.9707070707070707,hf,seed,seed,uq_entropy,uq_vote,16.597526542000196,167.00978283299992
recurring_sud_sea100k_g09.csv,20000,1,7989,0,1,0.939949494949495,hf,seed,seed,uq_entropy,uq_vote,16.65311233399916,167.00978283299992
recurring_sud_sea100k_g00.csv,20000,1,14476,0,1,0.9631313131313132,hf,seed,seed,uq_entropy,uq_entropy,17.729371707999235,177.5070129579999
recurring_sud_sea100k_g01.csv,20000,2,4631 13318,0,1,0.9511111111111111,hf,seed,seed,uq_entropy,uq_entropy,18.0030894169995,177.5070129579999
recurring_sud_sea100k_g02.csv,20000,1,10693,0,1,0.9375757575757576,hf,seed,seed,uq_entropy,uq_entropy,16.762934166999912,177.5070129579999
recurring_sud_sea100k_g03.csv,20000,2,8454 19297,0,1,0.9598989898989899,hf,seed,seed,uq_entropy,uq_entropy,17.203698290999455,177.5070129579999
recurring_sud_sea100k_g04.csv,20000,1,18553,0,1,0.9631818181818181,hf,seed,seed,uq_entropy,uq_entropy,18.343509041998914,177.5070129579999
recurring_sud_sea100k_g05.csv,20000,2,9764 14788,0,1,0.9301010101010101,hf,seed,seed,uq_entropy,uq_entropy,17.084759999999733,177.5070129579999
recurring_sud_sea100k_g06.csv,20000,1,12981,0,1,0.9587878787878787,hf,seed,seed,uq_entropy,uq_entropy,21.113102458999492,177.5070129579999
recurring_sud_sea100k_g07.csv,20000,2,5095 14736,0,1,0.9458585858585858,hf,seed,seed,uq_entropy,uq_entropy,16.84886112499953,177.5070129579999
recurring_sud_sea100k_g08.csv,20000,1,12151,0,1,0.9707070707070707,hf,seed,seed,uq_entropy,uq_entropy,16.950776749999932,177.5070129579999
recurring_sud_sea100k_g09.csv,20000,1,7989,0,1,0.939949494949495,hf,seed,seed,uq_entropy,uq_entropy,17.463930042000356,177.5070129579999
recurring_sud_sea100k_g00.csv,20000,1,14476,0,1,0.9593939393939394,ht,seed,seqdrift2,error,error,4.475511958000425,42.50782966599945
recurring_sud_sea100k_g01.csv,20000,2,4631 13318,0,1,0.9509090909090909,ht,seed,seqdrift2,error,error,4.2331936249993305,42.50782966599945
recurring_sud_sea100k_g02.csv,20000,1,10693,0,1,0.9593434343434344,ht,seed,seqdrift2,error,error,4.120916916001079,42.50782966599945
recurring_sud_sea100k_g03.csv,20000,2,8454 19297,0,1,0.9436363636363636,ht,seed,seqdrift2,error,error,4.882750000000669,42.50782966599945
recurring_sud_sea100k_g04.csv,20000,1,18553,1,2,0.9581818181818181,ht,seed,seqdrift2,error,error,4.237218292000762,42.50782966599945
recurring_sud_sea100k_g05.csv,20000,2,9764 14788,0,1,0.9205050505050505,ht,seed,seqdrift2,error,error,3.6868323750004492,42.50782966599945
recurring_sud_sea100k_g06.csv,20000,1,12981,0,1,0.9463131313131313,ht,seed,seqdrift2,error,error,4.156084832999113,42.50782966599945
recurring_sud_sea100k_g07.csv,20000,2,5095 14736,0,1,0.9624747474747475,ht,seed,seqdrift2,error,error,4.156998082999053,42.50782966599945
recurring_sud_sea100k_g08.csv,20000,1,12151,0,1,0.962929292929293,ht,seed,seqdrift2,error,error,4.161588958999346,42.50782966599945
recurring_sud_sea100k_g09.csv,20000,1,7989,0,1,0.9568686868686869,ht,seed,seqdrift2,error,error,4.39551237500018,42.50782966599945
recurring_sud_sea100k_g00.csv,20000,1,14476,0,1,0.9631313131313132,hf,seed,seqdrift2,error,uq_mi,13.162441000000399,125.07217616599883
recurring_sud_sea100k_g01.csv,20000,2,4631 13318,0,1,0.9511111111111111,hf,seed,seqdrift2,error,uq_mi,14.8717847909993,125.07217616599883
recurring_sud_sea100k_g02.csv,20000,1,10693,0,1,0.9375757575757576,hf,seed,seqdrift2,error,uq_mi,12.994692165999368,125.07217616599883
recurring_sud_sea100k_g03.csv,20000,2,8454 19297,0,1,0.9598989898989899,hf,seed,seqdrift2,error,uq_mi,13.244440417000078,125.07217616599883
recurring_sud_sea100k_g04.csv,20000,1,18553,0,1,0.9607070707070707,hf,seed,seqdrift2,error,uq_mi,13.135745583000244,125.07217616599883
recurring_sud_sea100k_g05.csv,20000,2,9764 14788,0,1,0.9322727272727273,hf,seed,seqdrift2,error,uq_mi,9.79453358399951,125.07217616599883
recurring_sud_sea100k_g06.csv,20000,1,12981,0,1,0.9415656565656566,hf,seed,seqdrift2,error,uq_mi,11.543097750000015,125.07217616599883
recurring_sud_sea100k_g07.csv,20000,2,5095 14736,0,1,0.9458585858585858,hf,seed,seqdrift2,error,uq_mi,14.697654207999221,125.07217616599883
recurring_sud_sea100k_g08.csv,20000,1,12151,0,1,0.9707070707070707,hf,seed,seqdrift2,error,uq_mi,13.476850666000246,125.07217616599883
recurring_sud_sea100k_g09.csv,20000,1,7989,0,1,0.8608585858585859,hf,seed,seqdrift2,error,uq_mi,8.150529167000059,125.07217616599883
recurring_sud_sea100k_g00.csv,20000,1,14476,0,1,0.9631313131313132,hf,seed,seqdrift2,error,uq_vote,15.278851332999693,136.36380745799943
recurring_sud_sea100k_g01.csv,20000,2,4631 13318,0,1,0.9511111111111111,hf,seed,seqdrift2,error,uq_vote,15.129590584001562,136.36380745799943
recurring_sud_sea100k_g02.csv,20000,1,10693,0,1,0.9375757575757576,hf,seed,seqdrift2,error,uq_vote,14.34962508299941,136.36380745799943
recurring_sud_sea100k_g03.csv,20000,2,8454 19297,0,1,0.9598989898989899,hf,seed,seqdrift2,error,uq_vote,19.238168208001298,136.36380745799943
recurring_sud_sea100k_g04.csv,20000,1,18553,0,1,0.9607070707070707,hf,seed,seqdrift2,error,uq_vote,16.075524541998675,136.36380745799943
recurring_sud_sea100k_g05.csv,20000,2,9764 14788,0,1,0.9322727272727273,hf,seed,seqdrift2,error,uq_vote,9.54190862500036,136.36380745799943
recurring_sud_sea100k_g06.csv,20000,1,12981,0,1,0.9415656565656566,hf,seed,seqdrift2,error,uq_vote,11.216161207999903,136.36380745799943
recurring_sud_sea100k_g07.csv,20000,2,5095 14736,0,1,0.9458585858585858,hf,seed,seqdrift2,error,uq_vote,13.559216292000201,136.36380745799943
recurring_sud_sea100k_g08.csv,20000,1,12151,0,1,0.9707070707070707,hf,seed,seqdrift2,error,uq_vote,13.804202375000386,136.36380745799943
recurring_sud_sea100k_g09.csv,20000,1,7989,0,1,0.8608585858585859,hf,seed,seqdrift2,error,uq_vote,8.168832000001203,136.36380745799943
recurring_sud_sea100k_g00.csv,20000,1,14476,0,1,0.9631313131313132,hf,seed,seqdrift2,error,uq_entropy,13.170258333000675,135.0887697500002
recurring_sud_sea100k_g01.csv,20000,2,4631 13318,0,1,0.9511111111111111,hf,seed,seqdrift2,error,uq_entropy,13.190505917000337,135.0887697500002
recurring_sud_sea100k_g02.csv,20000,1,10693,0,1,0.9375757575757576,hf,seed,seqdrift2,error,uq_entropy,12.895113417000175,135.0887697500002
recurring_sud_sea100k_g03.csv,20000,2,8454 19297,0,1,0.9598989898989899,hf,seed,seqdrift2,error,uq_entropy,13.259001292000903,135.0887697500002
recurring_sud_sea100k_g04.csv,20000,1,18553,0,1,0.9631818181818181,hf,seed,seqdrift2,error,uq_entropy,13.612063834001674,135.0887697500002
recurring_sud_sea100k_g05.csv,20000,2,9764 14788,0,1,0.9322727272727273,hf,seed,seqdrift2,error,uq_entropy,9.302810833998592,135.0887697500002
recurring_sud_sea100k_g06.csv,20000,1,12981,1,2,0.9461111111111111,hf,seed,seqdrift2,error,uq_entropy,14.68759795799997,135.0887697500002
recurring_sud_sea100k_g07.csv,20000,2,5095 14736,0,1,0.9458585858585858,hf,seed,seqdrift2,error,uq_entropy,13.552570666000975,135.0887697500002
recurring_sud_sea100k_g08.csv,20000,1,12151,0,1,0.9707070707070707,hf,seed,seqdrift2,error,uq_entropy,15.160628707999422,135.0887697500002
recurring_sud_sea100k_g09.csv,20000,1,7989,1,2,0.9308585858585858,hf,seed,seqdrift2,error,uq_entropy,16.257765542000925,135.0887697500002
recurring_sud_sea100k_g00.csv,20000,1,14476,0,1,0.9631313131313132,hf,seed,seqdrift2,uq_mi,error,13.879489083001317,136.33075433299928
recurring_sud_sea100k_g01.csv,20000,2,4631 13318,0,1,0.9511111111111111,hf,seed,seqdrift2,uq_mi,error,13.601876917000482,136.33075433299928
recurring_sud_sea100k_g02.csv,20000,1,10693,0,1,0.9375757575757576,hf,seed,seqdrift2,uq_mi,error,13.75427445799869,136.33075433299928
recurring_sud_sea100k_g03.csv,20000,2,8454 19297,0,1,0.9598989898989899,hf,seed,seqdrift2,uq_mi,error,13.73535449999872,136.33075433299928
recurring_sud_sea100k_g04.csv,20000,1,18553,0,1,0.9631818181818181,hf,seed,seqdrift2,uq_mi,error,13.84204837499965,136.33075433299928
recurring_sud_sea100k_g05.csv,20000,2,9764 14788,0,1,0.9301010101010101,hf,seed,seqdrift2,uq_mi,error,13.578329041998586,136.33075433299928
recurring_sud_sea100k_g06.csv,20000,1,12981,0,1,0.9587878787878787,hf,seed,seqdrift2,uq_mi,error,13.869294625001203,136.33075433299928
recurring_sud_sea100k_g07.csv,20000,2,5095 14736,0,1,0.9458585858585858,hf,seed,seqdrift2,uq_mi,error,12.901047875000586,136.33075433299928
recurring_sud_sea100k_g08.csv,20000,1,12151,0,1,0.9707070707070707,hf,seed,seqdrift2,uq_mi,error,13.683298125000874,136.33075433299928
recurring_sud_sea100k_g09.csv,20000,1,7989,0,1,0.939949494949495,hf,seed,seqdrift2,uq_mi,error,13.485315582998737,136.33075433299928
recurring_sud_sea100k_g00.csv,20000,1,14476,0,1,0.9631313131313132,hf,seed,seqdrift2,uq_mi,uq_mi,13.511776584000472,137.52911341599975
recurring_sud_sea100k_g01.csv,20000,2,4631 13318,0,1,0.9511111111111111,hf,seed,seqdrift2,uq_mi,uq_mi,13.926162916999601,137.52911341599975
recurring_sud_sea100k_g02.csv,20000,1,10693,0,1,0.9375757575757576,hf,seed,seqdrift2,uq_mi,uq_mi,13.18225479099965,137.52911341599975
recurring_sud_sea100k_g03.csv,20000,2,8454 19297,0,1,0.9598989898989899,hf,seed,seqdrift2,uq_mi,uq_mi,13.258836249999149,137.52911341599975
recurring_sud_sea100k_g04.csv,20000,1,18553,0,1,0.9631818181818181,hf,seed,seqdrift2,uq_mi,uq_mi,13.881382083000062,137.52911341599975
recurring_sud_sea100k_g05.csv,20000,2,9764 14788,0,1,0.9301010101010101,hf,seed,seqdrift2,uq_mi,uq_mi,14.019499292000546,137.52911341599975
recurring_sud_sea100k_g06.csv,20000,1,12981,0,1,0.9587878787878787,hf,seed,seqdrift2,uq_mi,uq_mi,13.590713208001034,137.52911341599975
recurring_sud_sea100k_g07.csv,20000,2,5095 14736,0,1,0.9458585858585858,hf,seed,seqdrift2,uq_mi,uq_mi,13.861224124999353,137.52911341599975
recurring_sud_sea100k_g08.csv,20000,1,12151,0,1,0.9707070707070707,hf,seed,seqdrift2,uq_mi,uq_mi,13.87973137500012,137.52911341599975
recurring_sud_sea100k_g09.csv,20000,1,7989,0,1,0.939949494949495,hf,seed,seqdrift2,uq_mi,uq_mi,14.416020332999324,137.52911341599975
recurring_sud_sea100k_g00.csv,20000,1,14476,0,1,0.9631313131313132,hf,seed,seqdrift2,uq_mi,uq_vote,13.565338291000444,137.81319024999902
recurring_sud_sea100k_g01.csv,20000,2,4631 13318,0,1,0.9511111111111111,hf,seed,seqdrift2,uq_mi,uq_vote,14.154246291998788,137.81319024999902
recurring_sud_sea100k_g02.csv,20000,1,10693,0,1,0.9375757575757576,hf,seed,seqdrift2,uq_mi,uq_vote,13.153344500000458,137.81319024999902
recurring_sud_sea100k_g03.csv,20000,2,8454 19297,0,1,0.9598989898989899,hf,seed,seqdrift2,uq_mi,uq_vote,13.765793833999851,137.81319024999902
recurring_sud_sea100k_g04.csv,20000,1,18553,0,1,0.9631818181818181,hf,seed,seqdrift2,uq_mi,uq_vote,13.997507625001163,137.81319024999902
recurring_sud_sea100k_g05.csv,20000,2,9764 14788,0,1,0.9301010101010101,hf,seed,seqdrift2,uq_mi,uq_vote,14.275001582998812,137.81319024999902
recurring_sud_sea100k_g06.csv,20000,1,12981,0,1,0.9587878787878787,hf,seed,seqdrift2,uq_mi,uq_vote,13.824599999999919,137.81319024999902
recurring_sud_sea100k_g07.csv,20000,2,5095 14736,0,1,0.9458585858585858,hf,seed,seqdrift2,uq_mi,uq_vote,13.573327124999196,137.81319024999902
recurring_sud_sea100k_g08.csv,20000,1,12151,0,1,0.9707070707070707,hf,seed,seqdrift2,uq_mi,uq_vote,13.90795395799978,137.81319024999902
recurring_sud_sea100k_g09.csv,20000,1,7989,0,1,0.939949494949495,hf,seed,seqdrift2,uq_mi,uq_vote,13.594925332999992,137.81319024999902
recurring_sud_sea100k_g00.csv,20000,1,14476,0,1,0.9631313131313132,hf,seed,seqdrift2,uq_mi,uq_entropy,13.200245875001201,134.78047954199974
recurring_sud_sea100k_g01.csv,20000,2,4631 13318,0,1,0.9511111111111111,hf,seed,seqdrift2,uq_mi,uq_entropy,13.28183962500043,134.78047954199974
recurring_sud_sea100k_g02.csv,20000,1,10693,0,1,0.9375757575757576,hf,seed,seqdrift2,uq_mi,uq_entropy,13.026558458999716,134.78047954199974
recurring_sud_sea100k_g03.csv,20000,2,8454 19297,0,1,0.9598989898989899,hf,seed,seqdrift2,uq_mi,uq_entropy,13.375868541999807,134.78047954199974
recurring_sud_sea100k_g04.csv,20000,1,18553,0,1,0.9631818181818181,hf,seed,seqdrift2,uq_mi,uq_entropy,13.762718708998364,134.78047954199974
recurring_sud_sea100k_g05.csv,20000,2,9764 14788,0,1,0.9301010101010101,hf,seed,seqdrift2,uq_mi,uq_entropy,14.0462645839998,134.78047954199974
recurring_sud_sea100k_g06.csv,20000,1,12981,0,1,0.9587878787878787,hf,seed,seqdrift2,uq_mi,uq_entropy,13.791037249999135,134.78047954199974
recurring_sud_sea100k_g07.csv,20000,2,5095 14736,0,1,0.9458585858585858,hf,seed,seqdrift2,uq_mi,uq_entropy,13.79146616700018,134.78047954199974
recurring_sud_sea100k_g08.csv,20000,1,12151,0,1,0.9707070707070707,hf,seed,seqdrift2,uq_mi,uq_entropy,13.801893832998758,134.78047954199974
recurring_sud_sea100k_g09.csv,20000,1,7989,0,1,0.939949494949495,hf,seed,seqdrift2,uq_mi,uq_entropy,12.70099504099926,134.78047954199974
recurring_sud_sea100k_g00.csv,20000,1,14476,0,1,0.9631313131313132,hf,seed,seqdrift2,uq_vote,error,13.38196274999973,135.79680066600122
recurring_sud_sea100k_g01.csv,20000,2,4631 13318,0,1,0.9511111111111111,hf,seed,seqdrift2,uq_vote,error,13.783396749999156,135.79680066600122
recurring_sud_sea100k_g02.csv,20000,1,10693,0,1,0.9375757575757576,hf,seed,seqdrift2,uq_vote,error,13.387016333999782,135.79680066600122
recurring_sud_sea100k_g03.csv,20000,2,8454 19297,0,1,0.9598989898989899,hf,seed,seqdrift2,uq_vote,error,13.655528041999787,135.79680066600122
recurring_sud_sea100k_g04.csv,20000,1,18553,0,1,0.9631818181818181,hf,seed,seqdrift2,uq_vote,error,14.123876707999443,135.79680066600122
recurring_sud_sea100k_g05.csv,20000,2,9764 14788,0,1,0.9301010101010101,hf,seed,seqdrift2,uq_vote,error,13.469904832998509,135.79680066600122
recurring_sud_sea100k_g06.csv,20000,1,12981,0,1,0.9587878787878787,hf,seed,seqdrift2,uq_vote,error,13.625217333999899,135.79680066600122
recurring_sud_sea100k_g07.csv,20000,2,5095 14736,0,1,0.9458585858585858,hf,seed,seqdrift2,uq_vote,error,12.784105333999833,135.79680066600122
recurring_sud_sea100k_g08.csv,20000,1,12151,0,1,0.9707070707070707,hf,seed,seqdrift2,uq_vote,error,14.056681792000745,135.79680066600122
recurring_sud_sea100k_g09.csv,20000,1,7989,0,1,0.939949494949495,hf,seed,seqdrift2,uq_vote,error,13.52751299999909,135.79680066600122
recurring_sud_sea100k_g00.csv,20000,1,14476,0,1,0.9631313131313132,hf,seed,seqdrift2,uq_vote,uq_mi,13.670449250001184,136.62513587499961
recurring_sud_sea100k_g01.csv,20000,2,4631 13318,0,1,0.9511111111111111,hf,seed,seqdrift2,uq_vote,uq_mi,13.8297317079996,136.62513587499961
recurring_sud_sea100k_g02.csv,20000,1,10693,0,1,0.9375757575757576,hf,seed,seqdrift2,uq_vote,uq_mi,13.685650084000372,136.62513587499961
recurring_sud_sea100k_g03.csv,20000,2,8454 19297,0,1,0.9598989898989899,hf,seed,seqdrift2,uq_vote,uq_mi,13.510308000000805,136.62513587499961
recurring_sud_sea100k_g04.csv,20000,1,18553,0,1,0.9631818181818181,hf,seed,seqdrift2,uq_vote,uq_mi,13.612127166999926,136.62513587499961
recurring_sud_sea100k_g05.csv,20000,2,9764 14788,0,1,0.9301010101010101,hf,seed,seqdrift2,uq_vote,uq_mi,13.913502208999489,136.62513587499961
recurring_sud_sea100k_g06.csv,20000,1,12981,0,1,0.9587878787878787,hf,seed,seqdrift2,uq_vote,uq_mi,13.648138458000176,136.62513587499961
recurring_sud_sea100k_g07.csv,20000,2,5095 14736,0,1,0.9458585858585858,hf,seed,seqdrift2,uq_vote,uq_mi,13.705978042000424,136.62513587499961
recurring_sud_sea100k_g08.csv,20000,1,12151,0,1,0.9707070707070707,hf,seed,seqdrift2,uq_vote,uq_mi,13.488616542001182,136.62513587499961
recurring_sud_sea100k_g09.csv,20000,1,7989,0,1,0.939949494949495,hf,seed,seqdrift2,uq_vote,uq_mi,13.55868745800035,136.62513587499961
recurring_sud_sea100k_g00.csv,20000,1,14476,0,1,0.9631313131313132,hf,seed,seqdrift2,uq_vote,uq_vote,13.191684666999208,137.45689654099988
recurring_sud_sea100k_g01.csv,20000,2,4631 13318,0,1,0.9511111111111111,hf,seed,seqdrift2,uq_vote,uq_vote,13.717396042000473,137.45689654099988
recurring_sud_sea100k_g02.csv,20000,1,10693,0,1,0.9375757575757576,hf,seed,seqdrift2,uq_vote,uq_vote,13.249576958000034,137.45689654099988
recurring_sud_sea100k_g03.csv,20000,2,8454 19297,0,1,0.9598989898989899,hf,seed,seqdrift2,uq_vote,uq_vote,13.633546332999686,137.45689654099988
recurring_sud_sea100k_g04.csv,20000,1,18553,0,1,0.9631818181818181,hf,seed,seqdrift2,uq_vote,uq_vote,14.664746459000526,137.45689654099988
recurring_sud_sea100k_g05.csv,20000,2,9764 14788,0,1,0.9301010101010101,hf,seed,seqdrift2,uq_vote,uq_vote,13.93475666699851,137.45689654099988
recurring_sud_sea100k_g06.csv,20000,1,12981,0,1,0.9587878787878787,hf,seed,seqdrift2,uq_vote,uq_vote,13.748355707999508,137.45689654099988
recurring_sud_sea100k_g07.csv,20000,2,5095 14736,0,1,0.9458585858585858,hf,seed,seqdrift2,uq_vote,uq_vote,13.474361332999251,137.45689654099988
recurring_sud_sea100k_g08.csv,20000,1,12151,0,1,0.9707070707070707,hf,seed,seqdrift2,uq_vote,uq_vote,13.934563999999227,137.45689654099988
recurring_sud_sea100k_g09.csv,20000,1,7989,0,1,0.939949494949495,hf,seed,seqdrift2,uq_vote,uq_vote,13.906716499999675,137.45689654099988
recurring_sud_sea100k_g00.csv,20000,1,14476,0,1,0.9631313131313132,hf,seed,seqdrift2,uq_vote,uq_entropy,13.195829750000485,134.6648210000003
recurring_sud_sea100k_g01.csv,20000,2,4631 13318,0,1,0.9511111111111111,hf,seed,seqdrift2,uq_vote,uq_entropy,13.344395042000542,134.6648210000003
recurring_sud_sea100k_g02.csv,20000,1,10693,0,1,0.9375757575757576,hf,seed,seqdrift2,uq_vote,uq_entropy,13.013819666999552,134.6648210000003
recurring_sud_sea100k_g03.csv,20000,2,8454 19297,0,1,0.9598989898989899,hf,seed,seqdrift2,uq_vote,uq_entropy,13.352901791999102,134.6648210000003
recurring_sud_sea100k_g04.csv,20000,1,18553,0,1,0.9631818181818181,hf,seed,seqdrift2,uq_vote,uq_entropy,14.097729584000263,134.6648210000003
recurring_sud_sea100k_g05.csv,20000,2,9764 14788,0,1,0.9301010101010101,hf,seed,seqdrift2,uq_vote,uq_entropy,14.050216707999425,134.6648210000003
recurring_sud_sea100k_g06.csv,20000,1,12981,0,1,0.9587878787878787,hf,seed,seqdrift2,uq_vote,uq_entropy,13.878625833000115,134.6648210000003
recurring_sud_sea100k_g07.csv,20000,2,5095 14736,0,1,0.9458585858585858,hf,seed,seqdrift2,uq_vote,uq_entropy,13.649891040999137,134.6648210000003
recurring_sud_sea100k_g08.csv,20000,1,12151,0,1,0.9707070707070707,hf,seed,seqdrift2,uq_vote,uq_entropy,13.60784062499988,134.6648210000003
recurring_sud_sea100k_g09.csv,20000,1,7989,0,1,0.939949494949495,hf,seed,seqdrift2,uq_vote,uq_entropy,12.472899333999521,134.6648210000003
recurring_sud_sea100k_g00.csv,20000,1,14476,0,1,0.9631313131313132,hf,seed,seqdrift2,uq_entropy,error,13.289954500000022,134.55146458299896
recurring_sud_sea100k_g01.csv,20000,2,4631 13318,0,1,0.9511111111111111,hf,seed,seqdrift2,uq_entropy,error,13.154389417000857,134.55146458299896
recurring_sud_sea100k_g02.csv,20000,1,10693,0,1,0.9375757575757576,hf,seed,seqdrift2,uq_entropy,error,13.246969292000358,134.55146458299896
recurring_sud_sea100k_g03.csv,20000,2,8454 19297,0,1,0.9598989898989899,hf,seed,seqdrift2,uq_entropy,error,13.480210000001534,134.55146458299896
recurring_sud_sea100k_g04.csv,20000,1,18553,0,1,0.9631818181818181,hf,seed,seqdrift2,uq_entropy,error,13.452024041998811,134.55146458299896
recurring_sud_sea100k_g05.csv,20000,2,9764 14788,0,1,0.9301010101010101,hf,seed,seqdrift2,uq_entropy,error,14.236784958000499,134.55146458299896
recurring_sud_sea100k_g06.csv,20000,1,12981,0,1,0.9587878787878787,hf,seed,seqdrift2,uq_entropy,error,13.596017333000418,134.55146458299896
recurring_sud_sea100k_g07.csv,20000,2,5095 14736,0,1,0.9458585858585858,hf,seed,seqdrift2,uq_entropy,error,12.907736166000177,134.55146458299896
recurring_sud_sea100k_g08.csv,20000,1,12151,0,1,0.9707070707070707,hf,seed,seqdrift2,uq_entropy,error,13.663915541999813,134.55146458299896
recurring_sud_sea100k_g09.csv,20000,1,7989,0,1,0.939949494949495,hf,seed,seqdrift2,uq_entropy,error,13.523078875001374,134.55146458299896
recurring_sud_sea100k_g00.csv,20000,1,14476,0,1,0.9631313131313132,hf,seed,seqdrift2,uq_entropy,uq_mi,13.505934083999819,136.7658803329996
recurring_sud_sea100k_g01.csv,20000,2,4631 13318,0,1,0.9511111111111111,hf,seed,seqdrift2,uq_entropy,uq_mi,14.043617708000966,136.7658803329996
recurring_sud_sea100k_g02.csv,20000,1,10693,0,1,0.9375757575757576,hf,seed,seqdrift2,uq_entropy,uq_mi,13.551707208000153,136.7658803329996
recurring_sud_sea100k_g03.csv,20000,2,8454 19297,0,1,0.9598989898989899,hf,seed,seqdrift2,uq_entropy,uq_mi,13.39189154199994,136.7658803329996
recurring_sud_sea100k_g04.csv,20000,1,18553,0,1,0.9631818181818181,hf,seed,seqdrift2,uq_entropy,uq_mi,13.814409000000524,136.7658803329996
recurring_sud_sea100k_g05.csv,20000,2,9764 14788,0,1,0.9301010101010101,hf,seed,seqdrift2,uq_entropy,uq_mi,13.779013999999734,136.7658803329996
recurring_sud_sea100k_g06.csv,20000,1,12981,0,1,0.9587878787878787,hf,seed,seqdrift2,uq_entropy,uq_mi,13.676783875000183,136.7658803329996
recurring_sud_sea100k_g07.csv,20000,2,5095 14736,0,1,0.9458585858585858,hf,seed,seqdrift2,uq_entropy,uq_mi,13.770230124999216,136.7658803329996
recurring_sud_sea100k_g08.csv,20000,1,12151,0,1,0.9707070707070707,hf,seed,seqdrift2,uq_entropy,uq_mi,13.658127417000287,136.7658803329996
recurring_sud_sea100k_g09.csv,20000,1,7989,0,1,0.939949494949495,hf,seed,seqdrift2,uq_entropy,uq_mi,13.573734792000323,136.7658803329996
recurring_sud_sea100k_g00.csv,20000,1,14476,0,1,0.9631313131313132,hf,seed,seqdrift2,uq_entropy,uq_vote,13.352424041999257,138.46320266600014
recurring_sud_sea100k_g01.csv,20000,2,4631 13318,0,1,0.9511111111111111,hf,seed,seqdrift2,uq_entropy,uq_vote,13.832465583000157,138.46320266600014
recurring_sud_sea100k_g02.csv,20000,1,10693,0,1,0.9375757575757576,hf,seed,seqdrift2,uq_entropy,uq_vote,13.28304187499998,138.46320266600014
recurring_sud_sea100k_g03.csv,20000,2,8454 19297,0,1,0.9598989898989899,hf,seed,seqdrift2,uq_entropy,uq_vote,13.564694167000198,138.46320266600014
recurring_sud_sea100k_g04.csv,20000,1,18553,0,1,0.9631818181818181,hf,seed,seqdrift2,uq_entropy,uq_vote,13.940199291000681,138.46320266600014
recurring_sud_sea100k_g05.csv,20000,2,9764 14788,0,1,0.9301010101010101,hf,seed,seqdrift2,uq_entropy,uq_vote,14.25478716699945,138.46320266600014
recurring_sud_sea100k_g06.csv,20000,1,12981,0,1,0.9587878787878787,hf,seed,seqdrift2,uq_entropy,uq_vote,13.853501542000231,138.46320266600014
recurring_sud_sea100k_g07.csv,20000,2,5095 14736,0,1,0.9458585858585858,hf,seed,seqdrift2,uq_entropy,uq_vote,14.534297457999855,138.46320266600014
recurring_sud_sea100k_g08.csv,20000,1,12151,0,1,0.9707070707070707,hf,seed,seqdrift2,uq_entropy,uq_vote,14.031958666000719,138.46320266600014
recurring_sud_sea100k_g09.csv,20000,1,7989,0,1,0.939949494949495,hf,seed,seqdrift2,uq_entropy,uq_vote,13.815396457999668,138.46320266600014
recurring_sud_sea100k_g00.csv,20000,1,14476,0,1,0.9631313131313132,hf,seed,seqdrift2,uq_entropy,uq_entropy,13.269452874999843,135.03334324999923
recurring_sud_sea100k_g01.csv,20000,2,4631 13318,0,1,0.9511111111111111,hf,seed,seqdrift2,uq_entropy,uq_entropy,13.625128624998979,135.03334324999923
recurring_sud_sea100k_g02.csv,20000,1,10693,0,1,0.9375757575757576,hf,seed,seqdrift2,uq_entropy,uq_entropy,13.168979291000142,135.03334324999923
recurring_sud_sea100k_g03.csv,20000,2,8454 19297,0,1,0.9598989898989899,hf,seed,seqdrift2,uq_entropy,uq_entropy,13.453939082999568,135.03334324999923
recurring_sud_sea100k_g04.csv,20000,1,18553,0,1,0.9631818181818181,hf,seed,seqdrift2,uq_entropy,uq_entropy,13.796316750000187,135.03334324999923
recurring_sud_sea100k_g05.csv,20000,2,9764 14788,0,1,0.9301010101010101,hf,seed,seqdrift2,uq_entropy,uq_entropy,13.84901979100141,135.03334324999923
recurring_sud_sea100k_g06.csv,20000,1,12981,0,1,0.9587878787878787,hf,seed,seqdrift2,uq_entropy,uq_entropy,13.807838374999847,135.03334324999923
recurring_sud_sea100k_g07.csv,20000,2,5095 14736,0,1,0.9458585858585858,hf,seed,seqdrift2,uq_entropy,uq_entropy,13.616888124999605,135.03334324999923
recurring_sud_sea100k_g08.csv,20000,1,12151,0,1,0.9707070707070707,hf,seed,seqdrift2,uq_entropy,uq_entropy,13.661440791000132,135.03334324999923
recurring_sud_sea100k_g09.csv,20000,1,7989,0,1,0.939949494949495,hf,seed,seqdrift2,uq_entropy,uq_entropy,12.783948083000723,135.03334324999923
recurring_sud_sea100k_g00.csv,20000,1,14476,0,1,0.9497474747474748,ht,seqdrift2,adwin,error,error,1.3586697920000006,17.249083417000293
recurring_sud_sea100k_g01.csv,20000,2,4631 13318,2,3,0.9473737373737374,ht,seqdrift2,adwin,error,error,1.9808372499992402,17.249083417000293
recurring_sud_sea100k_g02.csv,20000,1,10693,1,2,0.9442929292929293,ht,seqdrift2,adwin,error,error,1.657470749998538,17.249083417000293
recurring_sud_sea100k_g03.csv,20000,2,8454 19297,1,2,0.9259090909090909,ht,seqdrift2,adwin,error,error,1.7492735830001038,17.249083417000293
recurring_sud_sea100k_g04.csv,20000,1,18553,0,1,0.9272222222222222,ht,seqdrift2,adwin,error,error,1.471322790999693,17.249083417000293
recurring_sud_sea100k_g05.csv,20000,2,9764 14788,3,3,0.9348989898989899,ht,seqdrift2,adwin,error,error,1.8259232500004146,17.249083417000293
recurring_sud_sea100k_g06.csv,20000,1,12981,2,2,0.9382828282828283,ht,seqdrift2,adwin,error,error,1.7619270840004901,17.249083417000293
recurring_sud_sea100k_g07.csv,20000,2,5095 14736,2,2,0.9588383838383838,ht,seqdrift2,adwin,error,error,1.9144447920007224,17.249083417000293
recurring_sud_sea100k_g08.csv,20000,1,12151,1,2,0.9585353535353536,ht,seqdrift2,adwin,error,error,1.8940511669989064,17.249083417000293
recurring_sud_sea100k_g09.csv,20000,1,7989,2,3,0.9340909090909091,ht,seqdrift2,adwin,error,error,1.6347887499996432,17.249083417000293
recurring_sud_sea100k_g00.csv,20000,1,14476,1,2,0.9442929292929293,hf,seqdrift2,adwin,error,uq_mi,6.967854750000697,33.62590066700068
recurring_sud_sea100k_g01.csv,20000,2,4631 13318,1,2,0.9123737373737374,hf,seqdrift2,adwin,error,uq_mi,3.8477244160003465,33.62590066700068
recurring_sud_sea100k_g02.csv,20000,1,10693,0,1,0.9122727272727272,hf,seqdrift2,adwin,error,uq_mi,2.8356673329999467,33.62590066700068
recurring_sud_sea100k_g03.csv,20000,2,8454 19297,0,1,0.9122727272727272,hf,seqdrift2,adwin,error,uq_mi,2.618567957999403,33.62590066700068
recurring_sud_sea100k_g04.csv,20000,1,18553,0,1,0.9377272727272727,hf,seqdrift2,adwin,error,uq_mi,2.695791833999465,33.62590066700068
recurring_sud_sea100k_g05.csv,20000,2,9764 14788,1,2,0.9284343434343434,hf,seqdrift2,adwin,error,uq_mi,4.586270290999892,33.62590066700068
recurring_sud_sea100k_g06.csv,20000,1,12981,0,1,0.9102020202020202,hf,seqdrift2,adwin,error,uq_mi,2.476444291000007,33.62590066700068
recurring_sud_sea100k_g07.csv,20000,2,5095 14736,0,1,0.9513636363636364,hf,seqdrift2,adwin,error,uq_mi,2.5528232079996087,33.62590066700068
recurring_sud_sea100k_g08.csv,20000,1,12151,0,1,0.9124242424242425,hf,seqdrift2,adwin,error,uq_mi,2.572226166001201,33.62590066700068
recurring_sud_sea100k_g09.csv,20000,1,7989,0,1,0.7841414141414141,hf,seqdrift2,adwin,error,uq_mi,2.472149040999284,33.62590066700068
recurring_sud_sea100k_g00.csv,20000,1,14476,1,2,0.9441414141414142,hf,seqdrift2,adwin,error,uq_vote,6.865776916998584,30.540597917000923
recurring_sud_sea100k_g01.csv,20000,2,4631 13318,0,1,0.8608080808080808,hf,seqdrift2,adwin,error,uq_vote,2.6438397919991985,30.540597917000923
recurring_sud_sea100k_g02.csv,20000,1,10693,0,1,0.9122727272727272,hf,seqdrift2,adwin,error,uq_vote,2.7746347920001426,30.540597917000923
recurring_sud_sea100k_g03.csv,20000,2,8454 19297,0,1,0.9122727272727272,hf,seqdrift2,adwin,error,uq_vote,2.530214749998777,30.540597917000923
recurring_sud_sea100k_g04.csv,20000,1,18553,0,1,0.9377272727272727,hf,seqdrift2,adwin,error,uq_vote,2.539136540999607,30.540597917000923
recurring_sud_sea100k_g05.csv,20000,2,9764 14788,0,1,0.9192424242424242,hf,seqdrift2,adwin,error,uq_vote,3.4755636249992676,30.540597917000923
recurring_sud_sea100k_g06.csv,20000,1,12981,0,1,0.9102020202020202,hf,seqdrift2,adwin,error,uq_vote,2.3676099169988447,30.540597917000923
recurring_sud_sea100k_g07.csv,20000,2,5095 14736,0,1,0.9513636363636364,hf,seqdrift2,adwin,error,uq_vote,2.4432488330003252,30.540597917000923
recurring_sud_sea100k_g08.csv,20000,1,12151,0,1,0.9124242424242425,hf,seqdrift2,adwin,error,uq_vote,2.472880207998969,30.540597917000923
recurring_sud_sea100k_g09.csv,20000,1,7989,0,1,0.7841414141414141,hf,seqdrift2,adwin,error,uq_vote,2.4273188750012196,30.540597917000923
recurring_sud_sea100k_g00.csv,20000,1,14476,0,1,0.9372727272727273,hf,seqdrift2,adwin,error,uq_entropy,2.5568912500002625,36.672841958999925
recurring_sud_sea100k_g01.csv,20000,2,4631 13318,1,2,0.911060606060606,hf,seqdrift2,adwin,error,uq_entropy,3.6134506250000413,36.672841958999925
recurring_sud_sea100k_g02.csv,20000,1,10693,1,2,0.9255050505050505,hf,seqdrift2,adwin,error,uq_entropy,5.072908500000267,36.672841958999925
recurring_sud_sea100k_g03.csv,20000,2,8454 19297,0,1,0.9122727272727272,hf,seqdrift2,adwin,error,uq_entropy,2.6504685830004746,36.672841958999925
recurring_sud_sea100k_g04.csv,20000,1,18553,0,1,0.9377272727272727,hf,seqdrift2,adwin,error,uq_entropy,2.659992709001017,36.672841958999925
recurring_sud_sea100k_g05.csv,20000,2,9764 14788,2,2,0.9282828282828283,hf,seqdrift2,adwin,error,uq_entropy,6.7228008750007575,36.672841958999925
recurring_sud_sea100k_g06.csv,20000,1,12981,0,1,0.9102020202020202,hf,seqdrift2,adwin,error,uq_entropy,2.427845916001388,36.672841958999925
recurring_sud_sea100k_g07.csv,20000,2,5095 14736,0,1,0.9513636363636364,hf,seqdrift2,adwin,error,uq_entropy,2.4908170420003444,36.672841958999925
recurring_sud_sea100k_g08.csv,20000,1,12151,1,2,0.9557575757575758,hf,seqdrift2,adwin,error,uq_entropy,6.004601707998518,36.672841958999925
recurring_sud_sea100k_g09.csv,20000,1,7989,0,1,0.7841414141414141,hf,seqdrift2,adwin,error,uq_entropy,2.4726660830001492,36.672841958999925
recurring_sud_sea100k_g00.csv,20000,1,14476,0,1,0.9372727272727273,hf,seqdrift2,adwin,uq_mi,error,2.5729266250000364,81.59117650000007
recurring_sud_sea100k_g01.csv,20000,2,4631 13318,3,4,0.9411111111111111,hf,seqdrift2,adwin,uq_mi,error,13.657668333000402,81.59117650000007
recurring_sud_sea100k_g02.csv,20000,1,10693,1,2,0.9148484848484848,hf,seqdrift2,adwin,uq_mi,error,7.781529250001768,81.59117650000007
recurring_sud_sea100k_g03.csv,20000,2,8454 19297,3,3,0.9581818181818181,hf,seqdrift2,adwin,uq_mi,error,12.76033841699973,81.59117650000007
recurring_sud_sea100k_g04.csv,20000,1,18553,0,1,0.8891919191919192,hf,seqdrift2,adwin,uq_mi,error,2.710387915998581,81.59117650000007
recurring_sud_sea100k_g05.csv,20000,2,9764 14788,4,4,0.9393434343434344,hf,seqdrift2,adwin,uq_mi,error,13.481792874999883,81.59117650000007
recurring_sud_sea100k_g06.csv,20000,1,12981,2,3,0.9407575757575758,hf,seqdrift2,adwin,uq_mi,error,12.126128249999965,81.59117650000007
recurring_sud_sea100k_g07.csv,20000,2,5095 14736,1,2,0.9472727272727273,hf,seqdrift2,adwin,uq_mi,error,5.435308250000162,81.59117650000007
recurring_sud_sea100k_g08.csv,20000,1,12151,1,2,0.9419191919191919,hf,seqdrift2,adwin,uq_mi,error,3.6975072919995,81.59117650000007
recurring_sud_sea100k_g09.csv,20000,1,7989,2,3,0.9226767676767677,hf,seqdrift2,adwin,uq_mi,error,7.367080750000241,81.59117650000007
recurring_sud_sea100k_g00.csv,20000,1,14476,1,2,0.9452020202020202,hf,seqdrift2,adwin,uq_mi,uq_mi,7.041866083000059,34.266892625000764
recurring_sud_sea100k_g01.csv,20000,2,4631 13318,0,1,0.8712626262626263,hf,seqdrift2,adwin,uq_mi,uq_mi,2.6964834999998857,34.266892625000764
recurring_sud_sea100k_g02.csv,20000,1,10693,0,1,0.891969696969697,hf,seqdrift2,adwin,uq_mi,uq_mi,2.8523989589994017,34.266892625000764
recurring_sud_sea100k_g03.csv,20000,2,8454 19297,0,1,0.9204545454545454,hf,seqdrift2,adwin,uq_mi,uq_mi,3.1601008329998876,34.266892625000764
recurring_sud_sea100k_g04.csv,20000,1,18553,0,1,0.8891919191919192,hf,seqdrift2,adwin,uq_mi,uq_mi,2.880577750000157,34.266892625000764
recurring_sud_sea100k_g05.csv,20000,2,9764 14788,0,1,0.9216666666666666,hf,seqdrift2,adwin,uq_mi,uq_mi,3.751848500000051,34.266892625000764
recurring_sud_sea100k_g06.csv,20000,1,12981,0,1,0.9126767676767676,hf,seqdrift2,adwin,uq_mi,uq_mi,2.929396749999796,34.266892625000764
recurring_sud_sea100k_g07.csv,20000,2,5095 14736,0,1,0.9471717171717172,hf,seqdrift2,adwin,uq_mi,uq_mi,2.9013785410006676,34.266892625000764
recurring_sud_sea100k_g08.csv,20000,1,12151,1,2,0.9438888888888889,hf,seqdrift2,adwin,uq_mi,uq_mi,3.07366333400023,34.266892625000764
recurring_sud_sea100k_g09.csv,20000,1,7989,0,1,0.8124747474747475,hf,seqdrift2,adwin,uq_mi,uq_mi,2.9787260410012095,34.266892625000764
recurring_sud_sea100k_g00.csv,20000,1,14476,1,2,0.9451515151515152,hf,seqdrift2,adwin,uq_mi,uq_vote,6.862817082999754,31.99065362500005
recurring_sud_sea100k_g01.csv,20000,2,4631 13318,0,1,0.8712626262626263,hf,seqdrift2,adwin,uq_mi,uq_vote,2.6313313339996967,31.99065362500005
recurring_sud_sea100k_g02.csv,20000,1,10693,0,1,0.891969696969697,hf,seqdrift2,adwin,uq_mi,uq_vote,2.735128958000132,31.99065362500005
recurring_sud_sea100k_g03.csv,20000,2,8454 19297,0,1,0.9204545454545454,hf,seqdrift2,adwin,uq_mi,uq_vote,2.93162270799985,31.99065362500005
recurring_sud_sea100k_g04.csv,20000,1,18553,0,1,0.8891919191919192,hf,seqdrift2,adwin,uq_mi,uq_vote,2.7335394999990967,31.99065362500005
recurring_sud_sea100k_g05.csv,20000,2,9764 14788,0,1,0.9216666666666666,hf,seqdrift2,adwin,uq_mi,uq_vote,2.8249516659998335,31.99065362500005
recurring_sud_sea100k_g06.csv,20000,1,12981,0,1,0.9126767676767676,hf,seqdrift2,adwin,uq_mi,uq_vote,2.7898833339986595,31.99065362500005
recurring_sud_sea100k_g07.csv,20000,2,5095 14736,0,1,0.9471717171717172,hf,seqdrift2,adwin,uq_mi,uq_vote,2.9867300000005343,31.99065362500005
recurring_sud_sea100k_g08.csv,20000,1,12151,0,1,0.8272222222222222,hf,seqdrift2,adwin,uq_mi,uq_vote,2.8092763339991507,31.99065362500005
recurring_sud_sea100k_g09.csv,20000,1,7989,0,1,0.8124747474747475,hf,seqdrift2,adwin,uq_mi,uq_vote,2.685001292000379,31.99065362500005
recurring_sud_sea100k_g00.csv,20000,1,14476,0,1,0.9372727272727273,hf,seqdrift2,adwin,uq_mi,uq_entropy,2.8066851669991593,29.438872708000417
recurring_sud_sea100k_g01.csv,20000,2,4631 13318,0,1,0.8712626262626263,hf,seqdrift2,adwin,uq_mi,uq_entropy,2.892187167000884,29.438872708000417
recurring_sud_sea100k_g02.csv,20000,1,10693,0,1,0.891969696969697,hf,seqdrift2,adwin,uq_mi,uq_entropy,2.816723333000482,29.438872708000417
recurring_sud_sea100k_g03.csv,20000,2,8454 19297,0,1,0.9204545454545454,hf,seqdrift2,adwin,uq_mi,uq_entropy,2.951183042001503,29.438872708000417
recurring_sud_sea100k_g04.csv,20000,1,18553,0,1,0.8891919191919192,hf,seqdrift2,adwin,uq_mi,uq_entropy,2.794697458999508,29.438872708000417
recurring_sud_sea100k_g05.csv,20000,2,9764 14788,0,1,0.9216666666666666,hf,seqdrift2,adwin,uq_mi,uq_entropy,2.8588910839989694,29.438872708000417
recurring_sud_sea100k_g06.csv,20000,1,12981,0,1,0.9126767676767676,hf,seqdrift2,adwin,uq_mi,uq_entropy,2.9484491250004794,29.438872708000417
recurring_sud_sea100k_g07.csv,20000,2,5095 14736,0,1,0.9471717171717172,hf,seqdrift2,adwin,uq_mi,uq_entropy,3.3933815420004976,29.438872708000417
recurring_sud_sea100k_g08.csv,20000,1,12151,1,2,0.9081818181818182,hf,seqdrift2,adwin,uq_mi,uq_entropy,2.9760810830011906,29.438872708000417
recurring_sud_sea100k_g09.csv,20000,1,7989,0,1,0.8124747474747475,hf,seqdrift2,adwin,uq_mi,uq_entropy,3.000208625000596,29.438872708000417
recurring_sud_sea100k_g00.csv,20000,1,14476,0,1,0.9337373737373738,hf,seqdrift2,adwin,uq_vote,error,2.5571065000003728,96.50100691700027
recurring_sud_sea100k_g01.csv,20000,2,4631 13318,3,3,0.9419191919191919,hf,seqdrift2,adwin,uq_vote,error,13.8341521250004,96.50100691700027
recurring_sud_sea100k_g02.csv,20000,1,10693,1,2,0.9085858585858586,hf,seqdrift2,adwin,uq_vote,error,8.306072374998621,96.50100691700027
recurring_sud_sea100k_g03.csv,20000,2,8454 19297,2,3,0.9353535353535354,hf,seqdrift2,adwin,uq_vote,error,7.6011577080007555,96.50100691700027
recurring_sud_sea100k_g04.csv,20000,1,18553,1,2,0.9185858585858586,hf,seqdrift2,adwin,uq_vote,error,14.365300666000621,96.50100691700027
recurring_sud_sea100k_g05.csv,20000,2,9764 14788,2,3,0.9069191919191919,hf,seqdrift2,adwin,uq_vote,error,13.03052179199949,96.50100691700027
recurring_sud_sea100k_g06.csv,20000,1,12981,2,3,0.9371717171717172,hf,seqdrift2,adwin,uq_vote,error,11.690857042000061,96.50100691700027
recurring_sud_sea100k_g07.csv,20000,2,5095 14736,2,3,0.9398989898989899,hf,seqdrift2,adwin,uq_vote,error,13.783776374999434,96.50100691700027
recurring_sud_sea100k_g08.csv,20000,1,12151,1,2,0.9419191919191919,hf,seqdrift2,adwin,uq_vote,error,4.436590499999511,96.50100691700027
recurring_sud_sea100k_g09.csv,20000,1,7989,1,2,0.8496969696969697,hf,seqdrift2,adwin,uq_vote,error,6.894016500000362,96.50100691700027
recurring_sud_sea100k_g00.csv,20000,1,14476,1,2,0.9303030303030303,hf,seqdrift2,adwin,uq_vote,uq_mi,3.4153763750000508,35.84792025000024
recurring_sud_sea100k_g01.csv,20000,2,4631 13318,0,1,0.9118181818181819,hf,seqdrift2,adwin,uq_vote,uq_mi,2.9535369999994145,35.84792025000024
recurring_sud_sea100k_g02.csv,20000,1,10693,0,1,0.8900505050505051,hf,seqdrift2,adwin,uq_vote,uq_mi,3.2056846659997973,35.84792025000024
recurring_sud_sea100k_g03.csv,20000,2,8454 19297,0,1,0.9204545454545454,hf,seqdrift2,adwin,uq_vote,uq_mi,3.1341455830006453,35.84792025000024
recurring_sud_sea100k_g04.csv,20000,1,18553,0,1,0.9182828282828283,hf,seqdrift2,adwin,uq_vote,uq_mi,2.96306745900074,35.84792025000024
recurring_sud_sea100k_g05.csv,20000,2,9764 14788,0,1,0.8912626262626263,hf,seqdrift2,adwin,uq_vote,uq_mi,2.869768542001111,35.84792025000024
recurring_sud_sea100k_g06.csv,20000,1,12981,1,2,0.928989898989899,hf,seqdrift2,adwin,uq_vote,uq_mi,5.515432709000379,35.84792025000024
recurring_sud_sea100k_g07.csv,20000,2,5095 14736,0,1,0.941060606060606,hf,seqdrift2,adwin,uq_vote,uq_mi,3.408413166000173,35.84792025000024
recurring_sud_sea100k_g08.csv,20000,1,12151,1,2,0.9482828282828283,hf,seqdrift2,adwin,uq_vote,uq_mi,3.4640412909993756,35.84792025000024
recurring_sud_sea100k_g09.csv,20000,1,7989,0,1,0.7912626262626262,hf,seqdrift2,adwin,uq_vote,uq_mi,4.918003167000279,35.84792025000024
recurring_sud_sea100k_g00.csv,20000,1,14476,0,1,0.9337373737373738,hf,seqdrift2,adwin,uq_vote,uq_vote,2.835077875000934,35.76737054100158
recurring_sud_sea100k_g01.csv,20000,2,4631 13318,0,1,0.9118181818181819,hf,seqdrift2,adwin,uq_vote,uq_vote,2.8424475410010928,35.76737054100158
recurring_sud_sea100k_g02.csv,20000,1,10693,0,1,0.8900505050505051,hf,seqdrift2,adwin,uq_vote,uq_vote,3.121541917000286,35.76737054100158
recurring_sud_sea100k_g03.csv,20000,2,8454 19297,0,1,0.9204545454545454,hf,seqdrift2,adwin,uq_vote,uq_vote,3.026684166999985,35.76737054100158
recurring_sud_sea100k_g04.csv,20000,1,18553,1,2,0.9373737373737374,hf,seqdrift2,adwin,uq_vote,uq_vote,8.268425082998874,35.76737054100158
recurring_sud_sea100k_g05.csv,20000,2,9764 14788,0,1,0.8912626262626263,hf,seqdrift2,adwin,uq_vote,uq_vote,2.8497851669999363,35.76737054100158
recurring_sud_sea100k_g06.csv,20000,1,12981,0,1,0.9218686868686868,hf,seqdrift2,adwin,uq_vote,uq_vote,3.249111458000698,35.76737054100158
recurring_sud_sea100k_g07.csv,20000,2,5095 14736,0,1,0.941060606060606,hf,seqdrift2,adwin,uq_vote,uq_vote,3.755785332999949,35.76737054100158
recurring_sud_sea100k_g08.csv,20000,1,12151,0,1,0.8272222222222222,hf,seqdrift2,adwin,uq_vote,uq_vote,3.013226625000243,35.76737054100158
recurring_sud_sea100k_g09.csv,20000,1,7989,0,1,0.7912626262626262,hf,seqdrift2,adwin,uq_vote,uq_vote,2.8046195420010918,35.76737054100158
recurring_sud_sea100k_g00.csv,20000,1,14476,1,2,0.9355050505050505,hf,seqdrift2,adwin,uq_vote,uq_entropy,10.662949209001454,41.52895441699911
recurring_sud_sea100k_g01.csv,20000,2,4631 13318,0,1,0.9118181818181819,hf,seqdrift2,adwin,uq_vote,uq_entropy,2.9000333749991114,41.52895441699911
recurring_sud_sea100k_g02.csv,20000,1,10693,0,1,0.8900505050505051,hf,seqdrift2,adwin,uq_vote,uq_entropy,3.102663540999856,41.52895441699911
recurring_sud_sea100k_g03.csv,20000,2,8454 19297,0,1,0.9204545454545454,hf,seqdrift2,adwin,uq_vote,uq_entropy,3.098986999999397,41.52895441699911
recurring_sud_sea100k_g04.csv,20000,1,18553,0,1,0.9182828282828283,hf,seqdrift2,adwin,uq_vote,uq_entropy,2.917333375000453,41.52895441699911
recurring_sud_sea100k_g05.csv,20000,2,9764 14788,0,1,0.8912626262626263,hf,seqdrift2,adwin,uq_vote,uq_entropy,2.8464240829998744,41.52895441699911
recurring_sud_sea100k_g06.csv,20000,1,12981,1,2,0.9290909090909091,hf,seqdrift2,adwin,uq_vote,uq_entropy,6.49449420900055,41.52895441699911
recurring_sud_sea100k_g07.csv,20000,2,5095 14736,0,1,0.941060606060606,hf,seqdrift2,adwin,uq_vote,uq_entropy,3.4617304160001368,41.52895441699911
recurring_sud_sea100k_g08.csv,20000,1,12151,1,2,0.9081818181818182,hf,seqdrift2,adwin,uq_vote,uq_entropy,3.185462875000667,41.52895441699911
recurring_sud_sea100k_g09.csv,20000,1,7989,0,1,0.7912626262626262,hf,seqdrift2,adwin,uq_vote,uq_entropy,2.858399708999059,41.52895441699911
recurring_sud_sea100k_g00.csv,20000,1,14476,2,3,0.9435353535353536,hf,seqdrift2,adwin,uq_entropy,error,12.970428417000221,93.67519912500029
recurring_sud_sea100k_g01.csv,20000,2,4631 13318,5,5,0.943939393939394,hf,seqdrift2,adwin,uq_entropy,error,12.664247083999726,93.67519912500029
recurring_sud_sea100k_g02.csv,20000,1,10693,1,2,0.9241919191919192,hf,seqdrift2,adwin,uq_entropy,error,8.589714708001338,93.67519912500029
recurring_sud_sea100k_g03.csv,20000,2,8454 19297,2,3,0.9425252525252525,hf,seqdrift2,adwin,uq_entropy,error,8.65198941699964,93.67519912500029
recurring_sud_sea100k_g04.csv,20000,1,18553,0,1,0.8891919191919192,hf,seqdrift2,adwin,uq_entropy,error,2.7355696670001635,93.67519912500029
recurring_sud_sea100k_g05.csv,20000,2,9764 14788,3,2,0.9337878787878788,hf,seqdrift2,adwin,uq_entropy,error,11.269660040999952,93.67519912500029
recurring_sud_sea100k_g06.csv,20000,1,12981,1,2,0.9427777777777778,hf,seqdrift2,adwin,uq_entropy,error,8.997633875000247,93.67519912500029
recurring_sud_sea100k_g07.csv,20000,2,5095 14736,2,3,0.9469191919191919,hf,seqdrift2,adwin,uq_entropy,error,10.527680917000907,93.67519912500029
recurring_sud_sea100k_g08.csv,20000,1,12151,1,2,0.9024242424242425,hf,seqdrift2,adwin,uq_entropy,error,10.99571724999987,93.67519912500029
recurring_sud_sea100k_g09.csv,20000,1,7989,1,2,0.8466666666666667,hf,seqdrift2,adwin,uq_entropy,error,6.272098707999248,93.67519912500029
recurring_sud_sea100k_g00.csv,20000,1,14476,0,1,0.9313636363636364,hf,seqdrift2,adwin,uq_entropy,uq_mi,3.0226679170009447,29.913825165998787
recurring_sud_sea100k_g01.csv,20000,2,4631 13318,0,1,0.8712626262626263,hf,seqdrift2,adwin,uq_entropy,uq_mi,2.7808796250010346,29.913825165998787
recurring_sud_sea100k_g02.csv,20000,1,10693,0,1,0.9009090909090909,hf,seqdrift2,adwin,uq_entropy,uq_mi,2.784827250001399,29.913825165998787
recurring_sud_sea100k_g03.csv,20000,2,8454 19297,0,1,0.9122727272727272,hf,seqdrift2,adwin,uq_entropy,uq_mi,2.890446916999281,29.913825165998787
recurring_sud_sea100k_g04.csv,20000,1,18553,0,1,0.8891919191919192,hf,seqdrift2,adwin,uq_entropy,uq_mi,2.8610114580005757,29.913825165998787
recurring_sud_sea100k_g05.csv,20000,2,9764 14788,0,1,0.9216666666666666,hf,seqdrift2,adwin,uq_entropy,uq_mi,2.9068522909983585,29.913825165998787
recurring_sud_sea100k_g06.csv,20000,1,12981,0,1,0.9271717171717172,hf,seqdrift2,adwin,uq_entropy,uq_mi,3.8557686250005645,29.913825165998787
recurring_sud_sea100k_g07.csv,20000,2,5095 14736,0,1,0.9513636363636364,hf,seqdrift2,adwin,uq_entropy,uq_mi,2.777613542000836,29.913825165998787
recurring_sud_sea100k_g08.csv,20000,1,12151,0,1,0.8899494949494949,hf,seqdrift2,adwin,uq_entropy,uq_mi,2.7214675410014024,29.913825165998787
recurring_sud_sea100k_g09.csv,20000,1,7989,0,1,0.7912626262626262,hf,seqdrift2,adwin,uq_entropy,uq_mi,3.311835541000619,29.913825165998787
recurring_sud_sea100k_g00.csv,20000,1,14476,1,2,0.9438383838383838,hf,seqdrift2,adwin,uq_entropy,uq_vote,7.823115416000292,38.23773799999981
recurring_sud_sea100k_g01.csv,20000,2,4631 13318,0,1,0.8712626262626263,hf,seqdrift2,adwin,uq_entropy,uq_vote,6.293098167001517,38.23773799999981
recurring_sud_sea100k_g02.csv,20000,1,10693,0,1,0.9009090909090909,hf,seqdrift2,adwin,uq_entropy,uq_vote,2.8939893749993644,38.23773799999981
recurring_sud_sea100k_g03.csv,20000,2,8454 19297,0,1,0.9122727272727272,hf,seqdrift2,adwin,uq_entropy,uq_vote,2.9833728749999864,38.23773799999981
recurring_sud_sea100k_g04.csv,20000,1,18553,0,1,0.8891919191919192,hf,seqdrift2,adwin,uq_entropy,uq_vote,2.8244791249999253,38.23773799999981
recurring_sud_sea100k_g05.csv,20000,2,9764 14788,0,1,0.9216666666666666,hf,seqdrift2,adwin,uq_entropy,uq_vote,2.9136191249999683,38.23773799999981
recurring_sud_sea100k_g06.csv,20000,1,12981,0,1,0.9273232323232323,hf,seqdrift2,adwin,uq_entropy,uq_vote,3.999191291999523,38.23773799999981
recurring_sud_sea100k_g07.csv,20000,2,5095 14736,0,1,0.9513636363636364,hf,seqdrift2,adwin,uq_entropy,uq_vote,2.6435855830004584,38.23773799999981
recurring_sud_sea100k_g08.csv,20000,1,12151,0,1,0.8899494949494949,hf,seqdrift2,adwin,uq_entropy,uq_vote,2.6809704169991164,38.23773799999981
recurring_sud_sea100k_g09.csv,20000,1,7989,0,1,0.7912626262626262,hf,seqdrift2,adwin,uq_entropy,uq_vote,3.1818490000005113,38.23773799999981
recurring_sud_sea100k_g00.csv,20000,1,14476,0,1,0.9308080808080809,hf,seqdrift2,adwin,uq_entropy,uq_entropy,3.231434833000094,29.15031179200014
recurring_sud_sea100k_g01.csv,20000,2,4631 13318,0,1,0.8712626262626263,hf,seqdrift2,adwin,uq_entropy,uq_entropy,2.674840416999359,29.15031179200014
recurring_sud_sea100k_g02.csv,20000,1,10693,0,1,0.9009090909090909,hf,seqdrift2,adwin,uq_entropy,uq_entropy,2.679811083999084,29.15031179200014
recurring_sud_sea100k_g03.csv,20000,2,8454 19297,0,1,0.9122727272727272,hf,seqdrift2,adwin,uq_entropy,uq_entropy,2.8633256669982075,29.15031179200014
recurring_sud_sea100k_g04.csv,20000,1,18553,0,1,0.8891919191919192,hf,seqdrift2,adwin,uq_entropy,uq_entropy,2.8145873749999737,29.15031179200014
recurring_sud_sea100k_g05.csv,20000,2,9764 14788,0,1,0.9216666666666666,hf,seqdrift2,adwin,uq_entropy,uq_entropy,2.9094225419994473,29.15031179200014
recurring_sud_sea100k_g06.csv,20000,1,12981,0,1,0.9267676767676768,hf,seqdrift2,adwin,uq_entropy,uq_entropy,3.6640981669988832,29.15031179200014
recurring_sud_sea100k_g07.csv,20000,2,5095 14736,0,1,0.9513636363636364,hf,seqdrift2,adwin,uq_entropy,uq_entropy,2.794550917000379,29.15031179200014
recurring_sud_sea100k_g08.csv,20000,1,12151,0,1,0.8899494949494949,hf,seqdrift2,adwin,uq_entropy,uq_entropy,2.7463770829999703,29.15031179200014
recurring_sud_sea100k_g09.csv,20000,1,7989,0,1,0.7912626262626262,hf,seqdrift2,adwin,uq_entropy,uq_entropy,2.771460042000399,29.15031179200014
recurring_sud_sea100k_g00.csv,20000,1,14476,0,1,0.9497474747474748,ht,seqdrift2,seed,error,error,4.057005832999494,42.43267204099902
recurring_sud_sea100k_g01.csv,20000,2,4631 13318,1,2,0.9443434343434344,ht,seqdrift2,seed,error,error,3.9589516669984732,42.43267204099902
recurring_sud_sea100k_g02.csv,20000,1,10693,0,1,0.9221717171717172,ht,seqdrift2,seed,error,error,3.940560958999413,42.43267204099902
recurring_sud_sea100k_g03.csv,20000,2,8454 19297,1,2,0.9272222222222222,ht,seqdrift2,seed,error,error,4.2005654590011545,42.43267204099902
recurring_sud_sea100k_g04.csv,20000,1,18553,0,1,0.9272222222222222,ht,seqdrift2,seed,error,error,3.977167584000199,42.43267204099902
recurring_sud_sea100k_g05.csv,20000,2,9764 14788,2,3,0.9465656565656566,ht,seqdrift2,seed,error,error,6.155351125000379,42.43267204099902
recurring_sud_sea100k_g06.csv,20000,1,12981,0,1,0.9307575757575758,ht,seqdrift2,seed,error,error,4.091532915999778,42.43267204099902
recurring_sud_sea100k_g07.csv,20000,2,5095 14736,0,1,0.9484343434343434,ht,seqdrift2,seed,error,error,3.8166339170002175,42.43267204099902
recurring_sud_sea100k_g08.csv,20000,1,12151,0,1,0.9594444444444444,ht,seqdrift2,seed,error,error,4.0106458329992165,42.43267204099902
recurring_sud_sea100k_g09.csv,20000,1,7989,1,2,0.9135353535353535,ht,seqdrift2,seed,error,error,4.223861999998917,42.43267204099902
recurring_sud_sea100k_g00.csv,20000,1,14476,0,1,0.9372727272727273,hf,seqdrift2,seed,error,uq_mi,5.5682259170007455,59.94349258300099
recurring_sud_sea100k_g01.csv,20000,2,4631 13318,0,1,0.8608080808080808,hf,seqdrift2,seed,error,uq_mi,5.642462707999584,59.94349258300099
recurring_sud_sea100k_g02.csv,20000,1,10693,0,1,0.9122727272727272,hf,seqdrift2,seed,error,uq_mi,5.855560250000053,59.94349258300099
recurring_sud_sea100k_g03.csv,20000,2,8454 19297,0,1,0.9122727272727272,hf,seqdrift2,seed,error,uq_mi,5.59301166700061,59.94349258300099
recurring_sud_sea100k_g04.csv,20000,1,18553,0,1,0.9377272727272727,hf,seqdrift2,seed,error,uq_mi,5.581877832999453,59.94349258300099
recurring_sud_sea100k_g05.csv,20000,2,9764 14788,0,1,0.9192424242424242,hf,seqdrift2,seed,error,uq_mi,6.562306292000358,59.94349258300099
recurring_sud_sea100k_g06.csv,20000,1,12981,0,1,0.9102020202020202,hf,seqdrift2,seed,error,uq_mi,6.295410916998662,59.94349258300099
recurring_sud_sea100k_g07.csv,20000,2,5095 14736,0,1,0.9513636363636364,hf,seqdrift2,seed,error,uq_mi,6.114157042000443,59.94349258300099
recurring_sud_sea100k_g08.csv,20000,1,12151,0,1,0.9124242424242425,hf,seqdrift2,seed,error,uq_mi,7.138342125001145,59.94349258300099
recurring_sud_sea100k_g09.csv,20000,1,7989,0,1,0.7841414141414141,hf,seqdrift2,seed,error,uq_mi,5.591698415999417,59.94349258300099
recurring_sud_sea100k_g00.csv,20000,1,14476,0,1,0.9372727272727273,hf,seqdrift2,seed,error,uq_vote,5.5301302910011145,70.56049291699856
recurring_sud_sea100k_g01.csv,20000,2,4631 13318,0,1,0.8608080808080808,hf,seqdrift2,seed,error,uq_vote,5.934734083999501,70.56049291699856
recurring_sud_sea100k_g02.csv,20000,1,10693,0,1,0.9122727272727272,hf,seqdrift2,seed,error,uq_vote,6.2208633339996595,70.56049291699856
recurring_sud_sea100k_g03.csv,20000,2,8454 19297,0,1,0.9122727272727272,hf,seqdrift2,seed,error,uq_vote,9.589817165999193,70.56049291699856
recurring_sud_sea100k_g04.csv,20000,1,18553,0,1,0.9377272727272727,hf,seqdrift2,seed,error,uq_vote,7.605399000000034,70.56049291699856
recurring_sud_sea100k_g05.csv,20000,2,9764 14788,0,1,0.9192424242424242,hf,seqdrift2,seed,error,uq_vote,8.623429125000257,70.56049291699856
recurring_sud_sea100k_g06.csv,20000,1,12981,0,1,0.9102020202020202,hf,seqdrift2,seed,error,uq_vote,5.979187749999255,70.56049291699856
recurring_sud_sea100k_g07.csv,20000,2,5095 14736,0,1,0.9513636363636364,hf,seqdrift2,seed,error,uq_vote,7.957614667000598,70.56049291699856
recurring_sud_sea100k_g08.csv,20000,1,12151,0,1,0.9124242424242425,hf,seqdrift2,seed,error,uq_vote,5.7233604160010145,70.56049291699856
recurring_sud_sea100k_g09.csv,20000,1,7989,0,1,0.7841414141414141,hf,seqdrift2,seed,error,uq_vote,7.393891916999564,70.56049291699856
recurring_sud_sea100k_g00.csv,20000,1,14476,0,1,0.9372727272727273,hf,seqdrift2,seed,error,uq_entropy,8.127852957999494,63.826853124999616
recurring_sud_sea100k_g01.csv,20000,2,4631 13318,0,1,0.8608080808080808,hf,seqdrift2,seed,error,uq_entropy,6.793654875000357,63.826853124999616
recurring_sud_sea100k_g02.csv,20000,1,10693,0,1,0.9122727272727272,hf,seqdrift2,seed,error,uq_entropy,7.09057812500032,63.826853124999616
recurring_sud_sea100k_g03.csv,20000,2,8454 19297,0,1,0.9122727272727272,hf,seqdrift2,seed,error,uq_entropy,5.862858417000098,63.826853124999616
recurring_sud_sea100k_g04.csv,20000,1,18553,0,1,0.9377272727272727,hf,seqdrift2,seed,error,uq_entropy,5.6460795830007555,63.826853124999616
recurring_sud_sea100k_g05.csv,20000,2,9764 14788,0,1,0.9192424242424242,hf,seqdrift2,seed,error,uq_entropy,8.223306083998978,63.826853124999616
recurring_sud_sea100k_g06.csv,20000,1,12981,0,1,0.9102020202020202,hf,seqdrift2,seed,error,uq_entropy,5.436707832999673,63.826853124999616
recurring_sud_sea100k_g07.csv,20000,2,5095 14736,0,1,0.9513636363636364,hf,seqdrift2,seed,error,uq_entropy,5.602167916998951,63.826853124999616
recurring_sud_sea100k_g08.csv,20000,1,12151,0,1,0.9124242424242425,hf,seqdrift2,seed,error,uq_entropy,5.545451624999259,63.826853124999616
recurring_sud_sea100k_g09.csv,20000,1,7989,0,1,0.7841414141414141,hf,seqdrift2,seed,error,uq_entropy,5.49691566599904,63.826853124999616
recurring_sud_sea100k_g00.csv,20000,1,14476,0,1,0.9372727272727273,hf,seqdrift2,seed,uq_mi,error,5.680831874999058,71.10977724999975
recurring_sud_sea100k_g01.csv,20000,2,4631 13318,0,1,0.8712626262626263,hf,seqdrift2,seed,uq_mi,error,6.201563957998587,71.10977724999975
recurring_sud_sea100k_g02.csv,20000,1,10693,0,1,0.891969696969697,hf,seqdrift2,seed,uq_mi,error,5.815570959000979,71.10977724999975
recurring_sud_sea100k_g03.csv,20000,2,8454 19297,0,1,0.9204545454545454,hf,seqdrift2,seed,uq_mi,error,6.023354790999292,71.10977724999975
recurring_sud_sea100k_g04.csv,20000,1,18553,0,1,0.8891919191919192,hf,seqdrift2,seed,uq_mi,error,6.043712500000765,71.10977724999975
recurring_sud_sea100k_g05.csv,20000,2,9764 14788,2,3,0.9272222222222222,hf,seqdrift2,seed,uq_mi,error,13.882029165999484,71.10977724999975
recurring_sud_sea100k_g06.csv,20000,1,12981,0,1,0.9126767676767676,hf,seqdrift2,seed,uq_mi,error,5.734007375000147,71.10977724999975
recurring_sud_sea100k_g07.csv,20000,2,5095 14736,0,1,0.9471717171717172,hf,seqdrift2,seed,uq_mi,error,5.790557291998994,71.10977724999975
recurring_sud_sea100k_g08.csv,20000,1,12151,0,1,0.8272222222222222,hf,seqdrift2,seed,uq_mi,error,5.865290749999986,71.10977724999975
recurring_sud_sea100k_g09.csv,20000,1,7989,1,2,0.9138888888888889,hf,seqdrift2,seed,uq_mi,error,10.071509749999677,71.10977724999975
recurring_sud_sea100k_g00.csv,20000,1,14476,0,1,0.9372727272727273,hf,seqdrift2,seed,uq_mi,uq_mi,5.933185167001284,62.56773933399927
recurring_sud_sea100k_g01.csv,20000,2,4631 13318,0,1,0.8712626262626263,hf,seqdrift2,seed,uq_mi,uq_mi,6.6300666670013015,62.56773933399927
recurring_sud_sea100k_g02.csv,20000,1,10693,0,1,0.891969696969697,hf,seqdrift2,seed,uq_mi,uq_mi,7.633349792000445,62.56773933399927
recurring_sud_sea100k_g03.csv,20000,2,8454 19297,0,1,0.9204545454545454,hf,seqdrift2,seed,uq_mi,uq_mi,6.49529958399944,62.56773933399927
recurring_sud_sea100k_g04.csv,20000,1,18553,0,1,0.8891919191919192,hf,seqdrift2,seed,uq_mi,uq_mi,6.011770708000768,62.56773933399927
recurring_sud_sea100k_g05.csv,20000,2,9764 14788,0,1,0.9216666666666666,hf,seqdrift2,seed,uq_mi,uq_mi,5.9924431669987825,62.56773933399927
recurring_sud_sea100k_g06.csv,20000,1,12981,0,1,0.9126767676767676,hf,seqdrift2,seed,uq_mi,uq_mi,5.945371541998611,62.56773933399927
recurring_sud_sea100k_g07.csv,20000,2,5095 14736,0,1,0.9471717171717172,hf,seqdrift2,seed,uq_mi,uq_mi,6.081896166999286,62.56773933399927
recurring_sud_sea100k_g08.csv,20000,1,12151,0,1,0.8272222222222222,hf,seqdrift2,seed,uq_mi,uq_mi,5.953367000000071,62.56773933399927
recurring_sud_sea100k_g09.csv,20000,1,7989,0,1,0.8124747474747475,hf,seqdrift2,seed,uq_mi,uq_mi,5.889462333001575,62.56773933399927
recurring_sud_sea100k_g00.csv,20000,1,14476,0,1,0.9372727272727273,hf,seqdrift2,seed,uq_mi,uq_vote,5.895295958000133,60.597463666001204
recurring_sud_sea100k_g01.csv,20000,2,4631 13318,0,1,0.8712626262626263,hf,seqdrift2,seed,uq_mi,uq_vote,5.741572791999715,60.597463666001204
recurring_sud_sea100k_g02.csv,20000,1,10693,0,1,0.891969696969697,hf,seqdrift2,seed,uq_mi,uq_vote,5.871154791999288,60.597463666001204
recurring_sud_sea100k_g03.csv,20000,2,8454 19297,0,1,0.9204545454545454,hf,seqdrift2,seed,uq_mi,uq_vote,6.0928800420006155,60.597463666001204
recurring_sud_sea100k_g04.csv,20000,1,18553,0,1,0.8891919191919192,hf,seqdrift2,seed,uq_mi,uq_vote,6.912530875000812,60.597463666001204
recurring_sud_sea100k_g05.csv,20000,2,9764 14788,0,1,0.9216666666666666,hf,seqdrift2,seed,uq_mi,uq_vote,6.579530167000485,60.597463666001204
recurring_sud_sea100k_g06.csv,20000,1,12981,0,1,0.9126767676767676,hf,seqdrift2,seed,uq_mi,uq_vote,5.971266249998735,60.597463666001204
recurring_sud_sea100k_g07.csv,20000,2,5095 14736,0,1,0.9471717171717172,hf,seqdrift2,seed,uq_mi,uq_vote,5.940922415999012,60.597463666001204
recurring_sud_sea100k_g08.csv,20000,1,12151,0,1,0.8272222222222222,hf,seqdrift2,seed,uq_mi,uq_vote,5.79868316700049,60.597463666001204
recurring_sud_sea100k_g09.csv,20000,1,7989,0,1,0.8124747474747475,hf,seqdrift2,seed,uq_mi,uq_vote,5.793155999999726,60.597463666001204
recurring_sud_sea100k_g00.csv,20000,1,14476,0,1,0.9372727272727273,hf,seqdrift2,seed,uq_mi,uq_entropy,5.771288040999934,58.24120945899995
recurring_sud_sea100k_g01.csv,20000,2,4631 13318,0,1,0.8712626262626263,hf,seqdrift2,seed,uq_mi,uq_entropy,5.695752790999904,58.24120945899995
recurring_sud_sea100k_g02.csv,20000,1,10693,0,1,0.891969696969697,hf,seqdrift2,seed,uq_mi,uq_entropy,5.801074582999718,58.24120945899995
recurring_sud_sea100k_g03.csv,20000,2,8454 19297,0,1,0.9204545454545454,hf,seqdrift2,seed,uq_mi,uq_entropy,5.969987667000169,58.24120945899995
recurring_sud_sea100k_g04.csv,20000,1,18553,0,1,0.8891919191919192,hf,seqdrift2,seed,uq_mi,uq_entropy,5.860579416999826,58.24120945899995
recurring_sud_sea100k_g05.csv,20000,2,9764 14788,0,1,0.9216666666666666,hf,seqdrift2,seed,uq_mi,uq_entropy,5.875241792000452,58.24120945899995
recurring_sud_sea100k_g06.csv,20000,1,12981,0,1,0.9126767676767676,hf,seqdrift2,seed,uq_mi,uq_entropy,5.84057416700125,58.24120945899995
recurring_sud_sea100k_g07.csv,20000,2,5095 14736,0,1,0.9471717171717172,hf,seqdrift2,seed,uq_mi,uq_entropy,5.915784750000967,58.24120945899995
recurring_sud_sea100k_g08.csv,20000,1,12151,0,1,0.8272222222222222,hf,seqdrift2,seed,uq_mi,uq_entropy,5.75765308300106,58.24120945899995
recurring_sud_sea100k_g09.csv,20000,1,7989,0,1,0.8124747474747475,hf,seqdrift2,seed,uq_mi,uq_entropy,5.752826707999702,58.24120945899995
recurring_sud_sea100k_g00.csv,20000,1,14476,0,1,0.9337373737373738,hf,seqdrift2,seed,uq_vote,error,5.5917539590009255,76.17461204200117
recurring_sud_sea100k_g01.csv,20000,2,4631 13318,0,1,0.9118181818181819,hf,seqdrift2,seed,uq_vote,error,5.666089374999501,76.17461204200117
recurring_sud_sea100k_g02.csv,20000,1,10693,0,1,0.8900505050505051,hf,seqdrift2,seed,uq_vote,error,5.8177231659992685,76.17461204200117
recurring_sud_sea100k_g03.csv,20000,2,8454 19297,0,1,0.9204545454545454,hf,seqdrift2,seed,uq_vote,error,5.80591983299928,76.17461204200117
recurring_sud_sea100k_g04.csv,20000,1,18553,0,1,0.9182828282828283,hf,seqdrift2,seed,uq_vote,error,5.559720834000473,76.17461204200117
recurring_sud_sea100k_g05.csv,20000,2,9764 14788,2,3,0.892020202020202,hf,seqdrift2,seed,uq_vote,error,13.447590832998685,76.17461204200117
recurring_sud_sea100k_g06.csv,20000,1,12981,1,2,0.9496969696969697,hf,seqdrift2,seed,uq_vote,error,13.427477125000223,76.17461204200117
recurring_sud_sea100k_g07.csv,20000,2,5095 14736,0,1,0.941060606060606,hf,seqdrift2,seed,uq_vote,error,5.9731047919995035,76.17461204200117
recurring_sud_sea100k_g08.csv,20000,1,12151,0,1,0.8272222222222222,hf,seqdrift2,seed,uq_vote,error,5.45255379199989,76.17461204200117
recurring_sud_sea100k_g09.csv,20000,1,7989,1,2,0.8918181818181818,hf,seqdrift2,seed,uq_vote,error,9.432250249999925,76.17461204200117
recurring_sud_sea100k_g00.csv,20000,1,14476,0,1,0.9337373737373738,hf,seqdrift2,seed,uq_vote,uq_mi,5.82684083300046,59.1112730420009
recurring_sud_sea100k_g01.csv,20000,2,4631 13318,0,1,0.9118181818181819,hf,seqdrift2,seed,uq_vote,uq_mi,5.801915709000241,59.1112730420009
recurring_sud_sea100k_g02.csv,20000,1,10693,0,1,0.8900505050505051,hf,seqdrift2,seed,uq_vote,uq_mi,6.029182833000959,59.1112730420009
recurring_sud_sea100k_g03.csv,20000,2,8454 19297,0,1,0.9204545454545454,hf,seqdrift2,seed,uq_vote,uq_mi,6.014004665999892,59.1112730420009
recurring_sud_sea100k_g04.csv,20000,1,18553,0,1,0.9182828282828283,hf,seqdrift2,seed,uq_vote,uq_mi,5.754890583000815,59.1112730420009
recurring_sud_sea100k_g05.csv,20000,2,9764 14788,0,1,0.8912626262626263,hf,seqdrift2,seed,uq_vote,uq_mi,5.7002578749998065,59.1112730420009
recurring_sud_sea100k_g06.csv,20000,1,12981,0,1,0.9218686868686868,hf,seqdrift2,seed,uq_vote,uq_mi,6.1694448750004085,59.1112730420009
recurring_sud_sea100k_g07.csv,20000,2,5095 14736,0,1,0.941060606060606,hf,seqdrift2,seed,uq_vote,uq_mi,6.234163749999425,59.1112730420009
recurring_sud_sea100k_g08.csv,20000,1,12151,0,1,0.8272222222222222,hf,seqdrift2,seed,uq_vote,uq_mi,5.740559292000398,59.1112730420009
recurring_sud_sea100k_g09.csv,20000,1,7989,0,1,0.7912626262626262,hf,seqdrift2,seed,uq_vote,uq_mi,5.839615541999592,59.1112730420009
recurring_sud_sea100k_g00.csv,20000,1,14476,0,1,0.9337373737373738,hf,seqdrift2,seed,uq_vote,uq_vote,5.762330750001638,60.71827933299937
recurring_sud_sea100k_g01.csv,20000,2,4631 13318,0,1,0.9118181818181819,hf,seqdrift2,seed,uq_vote,uq_vote,5.828268332999869,60.71827933299937
recurring_sud_sea100k_g02.csv,20000,1,10693,0,1,0.8900505050505051,hf,seqdrift2,seed,uq_vote,uq_vote,6.3085329579989775,60.71827933299937
recurring_sud_sea100k_g03.csv,20000,2,8454 19297,0,1,0.9204545454545454,hf,seqdrift2,seed,uq_vote,uq_vote,6.036105332999796,60.71827933299937
recurring_sud_sea100k_g04.csv,20000,1,18553,0,1,0.9182828282828283,hf,seqdrift2,seed,uq_vote,uq_vote,5.75136937500065,60.71827933299937
recurring_sud_sea100k_g05.csv,20000,2,9764 14788,0,1,0.8912626262626263,hf,seqdrift2,seed,uq_vote,uq_vote,5.6633245419998275,60.71827933299937
recurring_sud_sea100k_g06.csv,20000,1,12981,0,1,0.9218686868686868,hf,seqdrift2,seed,uq_vote,uq_vote,7.483706082999561,60.71827933299937
recurring_sud_sea100k_g07.csv,20000,2,5095 14736,0,1,0.941060606060606,hf,seqdrift2,seed,uq_vote,uq_vote,6.42706837500009,60.71827933299937
recurring_sud_sea100k_g08.csv,20000,1,12151,0,1,0.8272222222222222,hf,seqdrift2,seed,uq_vote,uq_vote,5.712793917000454,60.71827933299937
recurring_sud_sea100k_g09.csv,20000,1,7989,0,1,0.7912626262626262,hf,seqdrift2,seed,uq_vote,uq_vote,5.744364209000196,60.71827933299937
recurring_sud_sea100k_g00.csv,20000,1,14476,0,1,0.9337373737373738,hf,seqdrift2,seed,uq_vote,uq_entropy,5.908290458999545,61.120249916999455
recurring_sud_sea100k_g01.csv,20000,2,4631 13318,0,1,0.9118181818181819,hf,seqdrift2,seed,uq_vote,uq_entropy,5.841167915999904,61.120249916999455
recurring_sud_sea100k_g02.csv,20000,1,10693,0,1,0.8900505050505051,hf,seqdrift2,seed,uq_vote,uq_entropy,6.20863829100017,61.120249916999455
recurring_sud_sea100k_g03.csv,20000,2,8454 19297,0,1,0.9204545454545454,hf,seqdrift2,seed,uq_vote,uq_entropy,6.058394792000399,61.120249916999455
recurring_sud_sea100k_g04.csv,20000,1,18553,0,1,0.9182828282828283,hf,seqdrift2,seed,uq_vote,uq_entropy,5.820376249999754,61.120249916999455
recurring_sud_sea100k_g05.csv,20000,2,9764 14788,0,1,0.8912626262626263,hf,seqdrift2,seed,uq_vote,uq_entropy,5.7687593339996965,61.120249916999455
recurring_sud_sea100k_g06.csv,20000,1,12981,0,1,0.9218686868686868,hf,seqdrift2,seed,uq_vote,uq_entropy,7.549205625000468,61.120249916999455
recurring_sud_sea100k_g07.csv,20000,2,5095 14736,0,1,0.941060606060606,hf,seqdrift2,seed,uq_vote,uq_entropy,6.31644999999844,61.120249916999455
recurring_sud_sea100k_g08.csv,20000,1,12151,0,1,0.8272222222222222,hf,seqdrift2,seed,uq_vote,uq_entropy,5.772385250000298,61.120249916999455
recurring_sud_sea100k_g09.csv,20000,1,7989,0,1,0.7912626262626262,hf,seqdrift2,seed,uq_vote,uq_entropy,5.876197583000248,61.120249916999455
recurring_sud_sea100k_g00.csv,20000,1,14476,0,1,0.9308080808080809,hf,seqdrift2,seed,uq_entropy,error,5.886245042000155,75.0271264160001
recurring_sud_sea100k_g01.csv,20000,2,4631 13318,0,1,0.8712626262626263,hf,seqdrift2,seed,uq_entropy,error,5.651314415999877,75.0271264160001
recurring_sud_sea100k_g02.csv,20000,1,10693,0,1,0.9009090909090909,hf,seqdrift2,seed,uq_entropy,error,5.651483875000849,75.0271264160001
recurring_sud_sea100k_g03.csv,20000,2,8454 19297,0,1,0.9122727272727272,hf,seqdrift2,seed,uq_entropy,error,5.774194290999731,75.0271264160001
recurring_sud_sea100k_g04.csv,20000,1,18553,0,1,0.8891919191919192,hf,seqdrift2,seed,uq_entropy,error,5.768524750001234,75.0271264160001
recurring_sud_sea100k_g05.csv,20000,2,9764 14788,1,2,0.9262121212121213,hf,seqdrift2,seed,uq_entropy,error,10.428575874999297,75.0271264160001
recurring_sud_sea100k_g06.csv,20000,1,12981,1,2,0.9530808080808081,hf,seqdrift2,seed,uq_entropy,error,13.497360250001293,75.0271264160001
recurring_sud_sea100k_g07.csv,20000,2,5095 14736,0,1,0.9513636363636364,hf,seqdrift2,seed,uq_entropy,error,5.90796041700014,75.0271264160001
recurring_sud_sea100k_g08.csv,20000,1,12151,0,1,0.8899494949494949,hf,seqdrift2,seed,uq_entropy,error,5.604128999999375,75.0271264160001
recurring_sud_sea100k_g09.csv,20000,1,7989,1,2,0.8918181818181818,hf,seqdrift2,seed,uq_entropy,error,10.85697424999853,75.0271264160001
recurring_sud_sea100k_g00.csv,20000,1,14476,0,1,0.9308080808080809,hf,seqdrift2,seed,uq_entropy,uq_mi,6.020172249998723,59.62664495900026
recurring_sud_sea100k_g01.csv,20000,2,4631 13318,0,1,0.8712626262626263,hf,seqdrift2,seed,uq_entropy,uq_mi,5.727067959000124,59.62664495900026
recurring_sud_sea100k_g02.csv,20000,1,10693,0,1,0.9009090909090909,hf,seqdrift2,seed,uq_entropy,uq_mi,5.755072707999716,59.62664495900026
recurring_sud_sea100k_g03.csv,20000,2,8454 19297,0,1,0.9122727272727272,hf,seqdrift2,seed,uq_entropy,uq_mi,5.961950249999063,59.62664495900026
recurring_sud_sea100k_g04.csv,20000,1,18553,0,1,0.8891919191919192,hf,seqdrift2,seed,uq_entropy,uq_mi,5.953762207998807,59.62664495900026
recurring_sud_sea100k_g05.csv,20000,2,9764 14788,0,1,0.9216666666666666,hf,seqdrift2,seed,uq_entropy,uq_mi,5.906240833000993,59.62664495900026
recurring_sud_sea100k_g06.csv,20000,1,12981,0,1,0.9273232323232323,hf,seqdrift2,seed,uq_entropy,uq_mi,7.0080907920000755,59.62664495900026
recurring_sud_sea100k_g07.csv,20000,2,5095 14736,0,1,0.9513636363636364,hf,seqdrift2,seed,uq_entropy,uq_mi,5.7868662499986385,59.62664495900026
recurring_sud_sea100k_g08.csv,20000,1,12151,0,1,0.8899494949494949,hf,seqdrift2,seed,uq_entropy,uq_mi,5.683473875000345,59.62664495900026
recurring_sud_sea100k_g09.csv,20000,1,7989,0,1,0.7912626262626262,hf,seqdrift2,seed,uq_entropy,uq_mi,5.823490291999406,59.62664495900026
recurring_sud_sea100k_g00.csv,20000,1,14476,0,1,0.9308080808080809,hf,seqdrift2,seed,uq_entropy,uq_vote,5.95349804199941,58.20769716700124
recurring_sud_sea100k_g01.csv,20000,2,4631 13318,0,1,0.8712626262626263,hf,seqdrift2,seed,uq_entropy,uq_vote,5.6302197910008545,58.20769716700124
recurring_sud_sea100k_g02.csv,20000,1,10693,0,1,0.9009090909090909,hf,seqdrift2,seed,uq_entropy,uq_vote,5.68305170900021,58.20769716700124
recurring_sud_sea100k_g03.csv,20000,2,8454 19297,0,1,0.9122727272727272,hf,seqdrift2,seed,uq_entropy,uq_vote,5.809615583000777,58.20769716700124
recurring_sud_sea100k_g04.csv,20000,1,18553,0,1,0.8891919191919192,hf,seqdrift2,seed,uq_entropy,uq_vote,5.7182442499997705,58.20769716700124
recurring_sud_sea100k_g05.csv,20000,2,9764 14788,0,1,0.9216666666666666,hf,seqdrift2,seed,uq_entropy,uq_vote,5.796271541999886,58.20769716700124
recurring_sud_sea100k_g06.csv,20000,1,12981,0,1,0.9273232323232323,hf,seqdrift2,seed,uq_entropy,uq_vote,6.774541875000068,58.20769716700124
recurring_sud_sea100k_g07.csv,20000,2,5095 14736,0,1,0.9513636363636364,hf,seqdrift2,seed,uq_entropy,uq_vote,5.641433209000752,58.20769716700124
recurring_sud_sea100k_g08.csv,20000,1,12151,0,1,0.8899494949494949,hf,seqdrift2,seed,uq_entropy,uq_vote,5.534456458000932,58.20769716700124
recurring_sud_sea100k_g09.csv,20000,1,7989,0,1,0.7912626262626262,hf,seqdrift2,seed,uq_entropy,uq_vote,5.665902999999162,58.20769716700124
recurring_sud_sea100k_g00.csv,20000,1,14476,0,1,0.9308080808080809,hf,seqdrift2,seed,uq_entropy,uq_entropy,5.812278415998662,59.52112179100004
recurring_sud_sea100k_g01.csv,20000,2,4631 13318,0,1,0.8712626262626263,hf,seqdrift2,seed,uq_entropy,uq_entropy,5.771363375000874,59.52112179100004
recurring_sud_sea100k_g02.csv,20000,1,10693,0,1,0.9009090909090909,hf,seqdrift2,seed,uq_entropy,uq_entropy,5.6619216250001045,59.52112179100004
recurring_sud_sea100k_g03.csv,20000,2,8454 19297,0,1,0.9122727272727272,hf,seqdrift2,seed,uq_entropy,uq_entropy,5.776742957999886,59.52112179100004
recurring_sud_sea100k_g04.csv,20000,1,18553,0,1,0.8891919191919192,hf,seqdrift2,seed,uq_entropy,uq_entropy,6.6968141670004115,59.52112179100004
recurring_sud_sea100k_g05.csv,20000,2,9764 14788,0,1,0.9216666666666666,hf,seqdrift2,seed,uq_entropy,uq_entropy,5.6607559169988235,59.52112179100004
recurring_sud_sea100k_g06.csv,20000,1,12981,0,1,0.9273232323232323,hf,seqdrift2,seed,uq_entropy,uq_entropy,6.789617874999749,59.52112179100004
recurring_sud_sea100k_g07.csv,20000,2,5095 14736,0,1,0.9513636363636364,hf,seqdrift2,seed,uq_entropy,uq_entropy,5.671071333001237,59.52112179100004
recurring_sud_sea100k_g08.csv,20000,1,12151,0,1,0.8899494949494949,hf,seqdrift2,seed,uq_entropy,uq_entropy,5.865236375000677,59.52112179100004
recurring_sud_sea100k_g09.csv,20000,1,7989,0,1,0.7912626262626262,hf,seqdrift2,seed,uq_entropy,uq_entropy,5.814862166000239,59.52112179100004
recurring_sud_sea100k_g00.csv,20000,1,14476,2,2,0.9514141414141414,ht,seqdrift2,seqdrift2,error,error,2.1977998750007828,20.611677708999196
recurring_sud_sea100k_g01.csv,20000,2,4631 13318,3,3,0.9492929292929293,ht,seqdrift2,seqdrift2,error,error,2.070680541999536,20.611677708999196
recurring_sud_sea100k_g02.csv,20000,1,10693,5,4,0.9532828282828283,ht,seqdrift2,seqdrift2,error,error,2.367205416998331,20.611677708999196
recurring_sud_sea100k_g03.csv,20000,2,8454 19297,8,3,0.9431818181818182,ht,seqdrift2,seqdrift2,error,error,2.142888665999635,20.611677708999196
recurring_sud_sea100k_g04.csv,20000,1,18553,3,3,0.944040404040404,ht,seqdrift2,seqdrift2,error,error,2.220918332999645,20.611677708999196
recurring_sud_sea100k_g05.csv,20000,2,9764 14788,3,3,0.9505555555555556,ht,seqdrift2,seqdrift2,error,error,2.069519249998848,20.611677708999196
recurring_sud_sea100k_g06.csv,20000,1,12981,4,3,0.9498989898989899,ht,seqdrift2,seqdrift2,error,error,1.9871261249991221,20.611677708999196
recurring_sud_sea100k_g07.csv,20000,2,5095 14736,3,3,0.9453030303030303,ht,seqdrift2,seqdrift2,error,error,2.159153167000113,20.611677708999196
recurring_sud_sea100k_g08.csv,20000,1,12151,0,1,0.9594444444444444,ht,seqdrift2,seqdrift2,error,error,1.3708108749997336,20.611677708999196
recurring_sud_sea100k_g09.csv,20000,1,7989,9,3,0.9420707070707071,ht,seqdrift2,seqdrift2,error,error,2.025093457999901,20.611677708999196
recurring_sud_sea100k_g00.csv,20000,1,14476,0,1,0.9372727272727273,hf,seqdrift2,seqdrift2,error,uq_mi,2.9864568749999307,41.057229707999795
recurring_sud_sea100k_g01.csv,20000,2,4631 13318,2,3,0.9210101010101011,hf,seqdrift2,seqdrift2,error,uq_mi,6.0352736659988295,41.057229707999795
recurring_sud_sea100k_g02.csv,20000,1,10693,0,1,0.9029292929292929,hf,seqdrift2,seqdrift2,error,uq_mi,3.4303518340002483,41.057229707999795
recurring_sud_sea100k_g03.csv,20000,2,8454 19297,0,1,0.9122727272727272,hf,seqdrift2,seqdrift2,error,uq_mi,2.7740610830005608,41.057229707999795
recurring_sud_sea100k_g04.csv,20000,1,18553,0,1,0.9377272727272727,hf,seqdrift2,seqdrift2,error,uq_mi,2.873455833998378,41.057229707999795
recurring_sud_sea100k_g05.csv,20000,2,9764 14788,1,2,0.906010101010101,hf,seqdrift2,seqdrift2,error,uq_mi,4.19878774999961,41.057229707999795
recurring_sud_sea100k_g06.csv,20000,1,12981,1,2,0.9192929292929293,hf,seqdrift2,seqdrift2,error,uq_mi,5.89403670899992,41.057229707999795
recurring_sud_sea100k_g07.csv,20000,2,5095 14736,0,1,0.9513636363636364,hf,seqdrift2,seqdrift2,error,uq_mi,3.5340395840012206,41.057229707999795
recurring_sud_sea100k_g08.csv,20000,1,12151,3,3,0.9417676767676768,hf,seqdrift2,seqdrift2,error,uq_mi,6.3201874580008734,41.057229707999795
recurring_sud_sea100k_g09.csv,20000,1,7989,0,1,0.7841414141414141,hf,seqdrift2,seqdrift2,error,uq_mi,3.010046583998701,41.057229707999795
recurring_sud_sea100k_g00.csv,20000,1,14476,0,1,0.9372727272727273,hf,seqdrift2,seqdrift2,error,uq_vote,2.669115332999354,95.62412787500034
recurring_sud_sea100k_g01.csv,20000,2,4631 13318,1,2,0.8706565656565657,hf,seqdrift2,seqdrift2,error,uq_vote,12.401238082999043,95.62412787500034
recurring_sud_sea100k_g02.csv,20000,1,10693,4,2,0.9401515151515152,hf,seqdrift2,seqdrift2,error,uq_vote,9.66968687499866,95.62412787500034
recurring_sud_sea100k_g03.csv,20000,2,8454 19297,4,4,0.9475757575757576,hf,seqdrift2,seqdrift2,error,uq_vote,14.08729404099904,95.62412787500034
recurring_sud_sea100k_g04.csv,20000,1,18553,3,3,0.9533838383838383,hf,seqdrift2,seqdrift2,error,uq_vote,13.057202292000511,95.62412787500034
recurring_sud_sea100k_g05.csv,20000,2,9764 14788,2,2,0.8962626262626263,hf,seqdrift2,seqdrift2,error,uq_vote,10.193380124999749,95.62412787500034
recurring_sud_sea100k_g06.csv,20000,1,12981,1,2,0.9192929292929293,hf,seqdrift2,seqdrift2,error,uq_vote,5.586947042000247,95.62412787500034
recurring_sud_sea100k_g07.csv,20000,2,5095 14736,0,1,0.9513636363636364,hf,seqdrift2,seqdrift2,error,uq_vote,2.6082584579999093,95.62412787500034
recurring_sud_sea100k_g08.csv,20000,1,12151,2,3,0.9367676767676768,hf,seqdrift2,seqdrift2,error,uq_vote,18.609241124999244,95.62412787500034
recurring_sud_sea100k_g09.csv,20000,1,7989,2,3,0.8367676767676767,hf,seqdrift2,seqdrift2,error,uq_vote,6.741301125000973,95.62412787500034
recurring_sud_sea100k_g00.csv,20000,1,14476,4,4,0.9514141414141414,hf,seqdrift2,seqdrift2,error,uq_entropy,19.81450354200024,150.19837974999973
recurring_sud_sea100k_g01.csv,20000,2,4631 13318,2,3,0.8743939393939394,hf,seqdrift2,seqdrift2,error,uq_entropy,14.604404167001121,150.19837974999973
recurring_sud_sea100k_g02.csv,20000,1,10693,4,3,0.9224242424242424,hf,seqdrift2,seqdrift2,error,uq_entropy,18.83807062500091,150.19837974999973
recurring_sud_sea100k_g03.csv,20000,2,8454 19297,1,2,0.915050505050505,hf,seqdrift2,seqdrift2,error,uq_entropy,8.659528333000708,150.19837974999973
recurring_sud_sea100k_g04.csv,20000,1,18553,3,3,0.9535858585858585,hf,seqdrift2,seqdrift2,error,uq_entropy,17.323207499999626,150.19837974999973
recurring_sud_sea100k_g05.csv,20000,2,9764 14788,0,1,0.9192424242424242,hf,seqdrift2,seqdrift2,error,uq_entropy,5.150221125000826,150.19837974999973
recurring_sud_sea100k_g06.csv,20000,1,12981,5,4,0.929949494949495,hf,seqdrift2,seqdrift2,error,uq_entropy,19.663235500000155,150.19837974999973
recurring_sud_sea100k_g07.csv,20000,2,5095 14736,2,3,0.9316161616161616,hf,seqdrift2,seqdrift2,error,uq_entropy,12.01058416700107,150.19837974999973
recurring_sud_sea100k_g08.csv,20000,1,12151,4,3,0.9581818181818181,hf,seqdrift2,seqdrift2,error,uq_entropy,18.886697125000865,150.19837974999973
recurring_sud_sea100k_g09.csv,20000,1,7989,7,4,0.9415151515151515,hf,seqdrift2,seqdrift2,error,uq_entropy,15.247415624999121,150.19837974999973
recurring_sud_sea100k_g00.csv,20000,1,14476,5,4,0.9562626262626263,hf,seqdrift2,seqdrift2,uq_mi,error,18.059311709001122,168.36950087500009
recurring_sud_sea100k_g01.csv,20000,2,4631 13318,4,4,0.945959595959596,hf,seqdrift2,seqdrift2,uq_mi,error,14.830188207999527,168.36950087500009
recurring_sud_sea100k_g02.csv,20000,1,10693,5,4,0.9428787878787879,hf,seqdrift2,seqdrift2,uq_mi,error,14.768047375000606,168.36950087500009
recurring_sud_sea100k_g03.csv,20000,2,8454 19297,3,4,0.9505555555555556,hf,seqdrift2,seqdrift2,uq_mi,error,19.011280415999863,168.36950087500009
recurring_sud_sea100k_g04.csv,20000,1,18553,2,3,0.9382828282828283,hf,seqdrift2,seqdrift2,uq_mi,error,18.81976883400057,168.36950087500009
recurring_sud_sea100k_g05.csv,20000,2,9764 14788,3,3,0.9337373737373738,hf,seqdrift2,seqdrift2,uq_mi,error,15.74498712499917,168.36950087500009
recurring_sud_sea100k_g06.csv,20000,1,12981,4,4,0.9498484848484848,hf,seqdrift2,seqdrift2,uq_mi,error,18.673552082998867,168.36950087500009
recurring_sud_sea100k_g07.csv,20000,2,5095 14736,4,3,0.948939393939394,hf,seqdrift2,seqdrift2,uq_mi,error,16.30854612499934,168.36950087500009
recurring_sud_sea100k_g08.csv,20000,1,12151,4,3,0.9577272727272728,hf,seqdrift2,seqdrift2,uq_mi,error,15.895135332999416,168.36950087500009
recurring_sud_sea100k_g09.csv,20000,1,7989,4,5,0.937979797979798,hf,seqdrift2,seqdrift2,uq_mi,error,16.257218875000035,168.36950087500009
recurring_sud_sea100k_g00.csv,20000,1,14476,0,1,0.9372727272727273,hf,seqdrift2,seqdrift2,uq_mi,uq_mi,2.8114870419994986,51.75763029200061
recurring_sud_sea100k_g01.csv,20000,2,4631 13318,2,3,0.921060606060606,hf,seqdrift2,seqdrift2,uq_mi,uq_mi,11.164434166999854,51.75763029200061
recurring_sud_sea100k_g02.csv,20000,1,10693,3,2,0.9180303030303031,hf,seqdrift2,seqdrift2,uq_mi,uq_mi,12.297027958000399,51.75763029200061
recurring_sud_sea100k_g03.csv,20000,2,8454 19297,0,1,0.9204545454545454,hf,seqdrift2,seqdrift2,uq_mi,uq_mi,3.0348263750001934,51.75763029200061
recurring_sud_sea100k_g04.csv,20000,1,18553,0,1,0.8891919191919192,hf,seqdrift2,seqdrift2,uq_mi,uq_mi,2.759963708000214,51.75763029200061
recurring_sud_sea100k_g05.csv,20000,2,9764 14788,0,1,0.9216666666666666,hf,seqdrift2,seqdrift2,uq_mi,uq_mi,2.8433668750003562,51.75763029200061
recurring_sud_sea100k_g06.csv,20000,1,12981,2,2,0.9234848484848485,hf,seqdrift2,seqdrift2,uq_mi,uq_mi,6.877513166000426,51.75763029200061
recurring_sud_sea100k_g07.csv,20000,2,5095 14736,0,1,0.9471717171717172,hf,seqdrift2,seqdrift2,uq_mi,uq_mi,2.8786953750004614,51.75763029200061
recurring_sud_sea100k_g08.csv,20000,1,12151,2,3,0.9386868686868687,hf,seqdrift2,seqdrift2,uq_mi,uq_mi,4.34844024999984,51.75763029200061
recurring_sud_sea100k_g09.csv,20000,1,7989,0,1,0.8124747474747475,hf,seqdrift2,seqdrift2,uq_mi,uq_mi,2.7412208749992715,51.75763029200061
recurring_sud_sea100k_g00.csv,20000,1,14476,0,1,0.9372727272727273,hf,seqdrift2,seqdrift2,uq_mi,uq_vote,2.713540833001389,77.64590933300133
recurring_sud_sea100k_g01.csv,20000,2,4631 13318,1,2,0.8810606060606061,hf,seqdrift2,seqdrift2,uq_mi,uq_vote,8.801181124999857,77.64590933300133
recurring_sud_sea100k_g02.csv,20000,1,10693,4,2,0.9004545454545455,hf,seqdrift2,seqdrift2,uq_mi,uq_vote,7.494432167000923,77.64590933300133
recurring_sud_sea100k_g03.csv,20000,2,8454 19297,4,3,0.9509090909090909,hf,seqdrift2,seqdrift2,uq_mi,uq_vote,13.223161375000927,77.64590933300133
recurring_sud_sea100k_g04.csv,20000,1,18553,0,1,0.8891919191919192,hf,seqdrift2,seqdrift2,uq_mi,uq_vote,2.7077985420000914,77.64590933300133
recurring_sud_sea100k_g05.csv,20000,2,9764 14788,1,2,0.9216666666666666,hf,seqdrift2,seqdrift2,uq_mi,uq_vote,12.47421016699991,77.64590933300133
recurring_sud_sea100k_g06.csv,20000,1,12981,2,2,0.9206565656565656,hf,seqdrift2,seqdrift2,uq_mi,uq_vote,9.496614708001289,77.64590933300133
recurring_sud_sea100k_g07.csv,20000,2,5095 14736,3,4,0.9486868686868687,hf,seqdrift2,seqdrift2,uq_mi,uq_vote,11.210339499999463,77.64590933300133
recurring_sud_sea100k_g08.csv,20000,1,12151,1,2,0.9407070707070707,hf,seqdrift2,seqdrift2,uq_mi,uq_vote,3.6083597090000694,77.64590933300133
recurring_sud_sea100k_g09.csv,20000,1,7989,3,2,0.8527777777777777,hf,seqdrift2,seqdrift2,uq_mi,uq_vote,5.9156485839994275,77.64590933300133
recurring_sud_sea100k_g00.csv,20000,1,14476,1,2,0.9466161616161616,hf,seqdrift2,seqdrift2,uq_mi,uq_entropy,5.23661683300088,113.71219300000121
recurring_sud_sea100k_g01.csv,20000,2,4631 13318,3,4,0.9329292929292929,hf,seqdrift2,seqdrift2,uq_mi,uq_entropy,11.50395483399916,113.71219300000121
recurring_sud_sea100k_g02.csv,20000,1,10693,3,2,0.8882323232323233,hf,seqdrift2,seqdrift2,uq_mi,uq_entropy,7.078231167000922,113.71219300000121
recurring_sud_sea100k_g03.csv,20000,2,8454 19297,5,3,0.956010101010101,hf,seqdrift2,seqdrift2,uq_mi,uq_entropy,13.623817042000155,113.71219300000121
recurring_sud_sea100k_g04.csv,20000,1,18553,3,4,0.9485858585858585,hf,seqdrift2,seqdrift2,uq_mi,uq_entropy,13.609065374999773,113.71219300000121
recurring_sud_sea100k_g05.csv,20000,2,9764 14788,3,3,0.9056565656565656,hf,seqdrift2,seqdrift2,uq_mi,uq_entropy,9.926222750000306,113.71219300000121
recurring_sud_sea100k_g06.csv,20000,1,12981,5,2,0.930959595959596,hf,seqdrift2,seqdrift2,uq_mi,uq_entropy,13.701735958000427,113.71219300000121
recurring_sud_sea100k_g07.csv,20000,2,5095 14736,5,2,0.9553535353535354,hf,seqdrift2,seqdrift2,uq_mi,uq_entropy,13.601038541999515,113.71219300000121
recurring_sud_sea100k_g08.csv,20000,1,12151,3,3,0.955050505050505,hf,seqdrift2,seqdrift2,uq_mi,uq_entropy,15.810158666999996,113.71219300000121
recurring_sud_sea100k_g09.csv,20000,1,7989,5,2,0.9157070707070707,hf,seqdrift2,seqdrift2,uq_mi,uq_entropy,9.620710416000293,113.71219300000121
recurring_sud_sea100k_g00.csv,20000,1,14476,3,3,0.9562626262626263,hf,seqdrift2,seqdrift2,uq_vote,error,10.351336792000438,128.87046779199954
recurring_sud_sea100k_g01.csv,20000,2,4631 13318,2,3,0.946969696969697,hf,seqdrift2,seqdrift2,uq_vote,error,11.243845375000092,128.87046779199954
recurring_sud_sea100k_g02.csv,20000,1,10693,4,4,0.9386868686868687,hf,seqdrift2,seqdrift2,uq_vote,error,14.728616958998828,128.87046779199954
recurring_sud_sea100k_g03.csv,20000,2,8454 19297,3,3,0.9557575757575758,hf,seqdrift2,seqdrift2,uq_vote,error,13.15090975000021,128.87046779199954
recurring_sud_sea100k_g04.csv,20000,1,18553,4,3,0.9597474747474748,hf,seqdrift2,seqdrift2,uq_vote,error,13.777987708999717,128.87046779199954
recurring_sud_sea100k_g05.csv,20000,2,9764 14788,8,6,0.9246464646464646,hf,seqdrift2,seqdrift2,uq_vote,error,16.735846249999668,128.87046779199954
recurring_sud_sea100k_g06.csv,20000,1,12981,3,2,0.9586868686868687,hf,seqdrift2,seqdrift2,uq_vote,error,11.355931457999759,128.87046779199954
recurring_sud_sea100k_g07.csv,20000,2,5095 14736,4,3,0.9557575757575758,hf,seqdrift2,seqdrift2,uq_vote,error,10.506660375000138,128.87046779199954
recurring_sud_sea100k_g08.csv,20000,1,12151,4,4,0.9574242424242424,hf,seqdrift2,seqdrift2,uq_vote,error,12.940274208000119,128.87046779199954
recurring_sud_sea100k_g09.csv,20000,1,7989,6,5,0.9332323232323232,hf,seqdrift2,seqdrift2,uq_vote,error,14.078329624999242,128.87046779199954
recurring_sud_sea100k_g00.csv,20000,1,14476,2,3,0.9394949494949495,hf,seqdrift2,seqdrift2,uq_vote,uq_mi,6.2936755000009725,41.42045287499968
recurring_sud_sea100k_g01.csv,20000,2,4631 13318,1,2,0.9168181818181819,hf,seqdrift2,seqdrift2,uq_vote,uq_mi,3.425925042000017,41.42045287499968
recurring_sud_sea100k_g02.csv,20000,1,10693,3,3,0.9328282828282828,hf,seqdrift2,seqdrift2,uq_vote,uq_mi,10.041496791998725,41.42045287499968
recurring_sud_sea100k_g03.csv,20000,2,8454 19297,0,1,0.9204545454545454,hf,seqdrift2,seqdrift2,uq_vote,uq_mi,2.8834268750015326,41.42045287499968
recurring_sud_sea100k_g04.csv,20000,1,18553,0,1,0.9182828282828283,hf,seqdrift2,seqdrift2,uq_vote,uq_mi,2.6619914160000917,41.42045287499968
recurring_sud_sea100k_g05.csv,20000,2,9764 14788,0,1,0.8912626262626263,hf,seqdrift2,seqdrift2,uq_vote,uq_mi,2.592510708000191,41.42045287499968
recurring_sud_sea100k_g06.csv,20000,1,12981,1,2,0.9144444444444444,hf,seqdrift2,seqdrift2,uq_vote,uq_mi,4.4376229160006915,41.42045287499968
recurring_sud_sea100k_g07.csv,20000,2,5095 14736,0,1,0.941060606060606,hf,seqdrift2,seqdrift2,uq_vote,uq_mi,3.1103459170008136,41.42045287499968
recurring_sud_sea100k_g08.csv,20000,1,12151,1,2,0.9476767676767677,hf,seqdrift2,seqdrift2,uq_vote,uq_mi,3.2821644590003416,41.42045287499968
recurring_sud_sea100k_g09.csv,20000,1,7989,0,1,0.7912626262626262,hf,seqdrift2,seqdrift2,uq_vote,uq_mi,2.6908922500006156,41.42045287499968
recurring_sud_sea100k_g00.csv,20000,1,14476,1,2,0.9341414141414142,hf,seqdrift2,seqdrift2,uq_vote,uq_vote,11.80278462500064,77.91199891699944
recurring_sud_sea100k_g01.csv,20000,2,4631 13318,1,2,0.9061111111111111,hf,seqdrift2,seqdrift2,uq_vote,uq_vote,8.648026500000924,77.91199891699944
recurring_sud_sea100k_g02.csv,20000,1,10693,3,4,0.9024242424242425,hf,seqdrift2,seqdrift2,uq_vote,uq_vote,7.354393042000083,77.91199891699944
recurring_sud_sea100k_g03.csv,20000,2,8454 19297,2,2,0.9294949494949495,hf,seqdrift2,seqdrift2,uq_vote,uq_vote,11.757848291999835,77.91199891699944
recurring_sud_sea100k_g04.csv,20000,1,18553,0,1,0.9182828282828283,hf,seqdrift2,seqdrift2,uq_vote,uq_vote,2.5981379999993806,77.91199891699944
recurring_sud_sea100k_g05.csv,20000,2,9764 14788,1,2,0.8951515151515151,hf,seqdrift2,seqdrift2,uq_vote,uq_vote,11.44059583300077,77.91199891699944
recurring_sud_sea100k_g06.csv,20000,1,12981,3,2,0.9279292929292929,hf,seqdrift2,seqdrift2,uq_vote,uq_vote,12.349384458000713,77.91199891699944
recurring_sud_sea100k_g07.csv,20000,2,5095 14736,0,1,0.941060606060606,hf,seqdrift2,seqdrift2,uq_vote,uq_vote,3.075397124999654,77.91199891699944
recurring_sud_sea100k_g08.csv,20000,1,12151,1,2,0.9407070707070707,hf,seqdrift2,seqdrift2,uq_vote,uq_vote,3.6054590000003373,77.91199891699944
recurring_sud_sea100k_g09.csv,20000,1,7989,1,2,0.8421717171717171,hf,seqdrift2,seqdrift2,uq_vote,uq_vote,5.279518583000026,77.91199891699944
recurring_sud_sea100k_g00.csv,20000,1,14476,1,2,0.9491919191919191,hf,seqdrift2,seqdrift2,uq_vote,uq_entropy,5.063786999999138,112.47196970799996
recurring_sud_sea100k_g01.csv,20000,2,4631 13318,4,4,0.9391919191919192,hf,seqdrift2,seqdrift2,uq_vote,uq_entropy,10.008270416999949,112.47196970799996
recurring_sud_sea100k_g02.csv,20000,1,10693,7,5,0.9340909090909091,hf,seqdrift2,seqdrift2,uq_vote,uq_entropy,10.941653959000178,112.47196970799996
recurring_sud_sea100k_g03.csv,20000,2,8454 19297,7,4,0.9406060606060606,hf,seqdrift2,seqdrift2,uq_vote,uq_entropy,14.264743416000783,112.47196970799996
recurring_sud_sea100k_g04.csv,20000,1,18553,2,3,0.9478282828282828,hf,seqdrift2,seqdrift2,uq_vote,uq_entropy,13.964600790999611,112.47196970799996
recurring_sud_sea100k_g05.csv,20000,2,9764 14788,9,5,0.918989898989899,hf,seqdrift2,seqdrift2,uq_vote,uq_entropy,14.258267042001535,112.47196970799996
recurring_sud_sea100k_g06.csv,20000,1,12981,4,2,0.9343434343434344,hf,seqdrift2,seqdrift2,uq_vote,uq_entropy,11.856349625000803,112.47196970799996
recurring_sud_sea100k_g07.csv,20000,2,5095 14736,5,3,0.957020202020202,hf,seqdrift2,seqdrift2,uq_vote,uq_entropy,12.122620000000097,112.47196970799996
recurring_sud_sea100k_g08.csv,20000,1,12151,2,3,0.9580808080808081,hf,seqdrift2,seqdrift2,uq_vote,uq_entropy,9.407983916000376,112.47196970799996
recurring_sud_sea100k_g09.csv,20000,1,7989,4,5,0.908989898989899,hf,seqdrift2,seqdrift2,uq_vote,uq_entropy,10.58326529199985,112.47196970799996
recurring_sud_sea100k_g00.csv,20000,1,14476,3,3,0.9542424242424242,hf,seqdrift2,seqdrift2,uq_entropy,error,12.994091667000248,127.85078483300094
recurring_sud_sea100k_g01.csv,20000,2,4631 13318,3,4,0.9261111111111111,hf,seqdrift2,seqdrift2,uq_entropy,error,11.7543292499995,127.85078483300094
recurring_sud_sea100k_g02.csv,20000,1,10693,5,4,0.9238383838383838,hf,seqdrift2,seqdrift2,uq_entropy,error,13.468158458999824,127.85078483300094
recurring_sud_sea100k_g03.csv,20000,2,8454 19297,6,4,0.9538383838383838,hf,seqdrift2,seqdrift2,uq_entropy,error,14.65516154100078,127.85078483300094
recurring_sud_sea100k_g04.csv,20000,1,18553,5,4,0.9604040404040404,hf,seqdrift2,seqdrift2,uq_entropy,error,15.30108300000029,127.85078483300094
recurring_sud_sea100k_g05.csv,20000,2,9764 14788,6,4,0.9167676767676768,hf,seqdrift2,seqdrift2,uq_entropy,error,11.35144075000062,127.85078483300094
recurring_sud_sea100k_g06.csv,20000,1,12981,3,3,0.9552525252525252,hf,seqdrift2,seqdrift2,uq_entropy,error,11.289912707999974,127.85078483300094
recurring_sud_sea100k_g07.csv,20000,2,5095 14736,5,3,0.9476767676767677,hf,seqdrift2,seqdrift2,uq_entropy,error,13.493841542000155,127.85078483300094
recurring_sud_sea100k_g08.csv,20000,1,12151,4,3,0.9515151515151515,hf,seqdrift2,seqdrift2,uq_entropy,error,13.252148708999812,127.85078483300094
recurring_sud_sea100k_g09.csv,20000,1,7989,4,5,0.9337878787878788,hf,seqdrift2,seqdrift2,uq_entropy,error,10.28898508400016,127.85078483300094
recurring_sud_sea100k_g00.csv,20000,1,14476,2,3,0.9386363636363636,hf,seqdrift2,seqdrift2,uq_entropy,uq_mi,6.225312125001437,49.42331662499964
recurring_sud_sea100k_g01.csv,20000,2,4631 13318,2,3,0.9198484848484848,hf,seqdrift2,seqdrift2,uq_entropy,uq_mi,11.264978332999817,49.42331662499964
recurring_sud_sea100k_g02.csv,20000,1,10693,0,1,0.9009090909090909,hf,seqdrift2,seqdrift2,uq_entropy,uq_mi,2.589345750000575,49.42331662499964
recurring_sud_sea100k_g03.csv,20000,2,8454 19297,0,1,0.9122727272727272,hf,seqdrift2,seqdrift2,uq_entropy,uq_mi,2.7833834159991966,49.42331662499964
recurring_sud_sea100k_g04.csv,20000,1,18553,0,1,0.8891919191919192,hf,seqdrift2,seqdrift2,uq_entropy,uq_mi,2.960366040999361,49.42331662499964
recurring_sud_sea100k_g05.csv,20000,2,9764 14788,0,1,0.9216666666666666,hf,seqdrift2,seqdrift2,uq_entropy,uq_mi,2.875615666000158,49.42331662499964
recurring_sud_sea100k_g06.csv,20000,1,12981,1,2,0.9305555555555556,hf,seqdrift2,seqdrift2,uq_entropy,uq_mi,6.683495667000898,49.42331662499964
recurring_sud_sea100k_g07.csv,20000,2,5095 14736,0,1,0.9513636363636364,hf,seqdrift2,seqdrift2,uq_entropy,uq_mi,2.6955458749998797,49.42331662499964
recurring_sud_sea100k_g08.csv,20000,1,12151,1,2,0.9243939393939394,hf,seqdrift2,seqdrift2,uq_entropy,uq_mi,8.453613333000249,49.42331662499964
recurring_sud_sea100k_g09.csv,20000,1,7989,0,1,0.7912626262626262,hf,seqdrift2,seqdrift2,uq_entropy,uq_mi,2.8905738749999728,49.42331662499964
recurring_sud_sea100k_g00.csv,20000,1,14476,2,3,0.941969696969697,hf,seqdrift2,seqdrift2,uq_entropy,uq_vote,5.32200287500018,70.07332241599943
recurring_sud_sea100k_g01.csv,20000,2,4631 13318,1,2,0.8810606060606061,hf,seqdrift2,seqdrift2,uq_entropy,uq_vote,9.39208229200085,70.07332241599943
recurring_sud_sea100k_g02.csv,20000,1,10693,1,2,0.9038383838383839,hf,seqdrift2,seqdrift2,uq_entropy,uq_vote,6.3751510419988335,70.07332241599943
recurring_sud_sea100k_g03.csv,20000,2,8454 19297,1,2,0.9378282828282828,hf,seqdrift2,seqdrift2,uq_entropy,uq_vote,7.574877082999592,70.07332241599943
recurring_sud_sea100k_g04.csv,20000,1,18553,0,1,0.8891919191919192,hf,seqdrift2,seqdrift2,uq_entropy,uq_vote,3.1924157089997607,70.07332241599943
recurring_sud_sea100k_g05.csv,20000,2,9764 14788,1,2,0.9223737373737374,hf,seqdrift2,seqdrift2,uq_entropy,uq_vote,11.166083083999183,70.07332241599943
recurring_sud_sea100k_g06.csv,20000,1,12981,1,2,0.9282828282828283,hf,seqdrift2,seqdrift2,uq_entropy,uq_vote,6.653225249998286,70.07332241599943
recurring_sud_sea100k_g07.csv,20000,2,5095 14736,0,1,0.9513636363636364,hf,seqdrift2,seqdrift2,uq_entropy,uq_vote,2.683112709000852,70.07332241599943
recurring_sud_sea100k_g08.csv,20000,1,12151,3,3,0.9513131313131313,hf,seqdrift2,seqdrift2,uq_entropy,uq_vote,12.931423083000482,70.07332241599943
recurring_sud_sea100k_g09.csv,20000,1,7989,1,2,0.834949494949495,hf,seqdrift2,seqdrift2,uq_entropy,uq_vote,4.782409375000498,70.07332241599943
recurring_sud_sea100k_g00.csv,20000,1,14476,1,2,0.9494444444444444,hf,seqdrift2,seqdrift2,uq_entropy,uq_entropy,5.500963167000009,117.88370616700013
recurring_sud_sea100k_g01.csv,20000,2,4631 13318,3,4,0.9344949494949495,hf,seqdrift2,seqdrift2,uq_entropy,uq_entropy,13.405675040999995,117.88370616700013
recurring_sud_sea100k_g02.csv,20000,1,10693,7,3,0.9441414141414142,hf,seqdrift2,seqdrift2,uq_entropy,uq_entropy,10.643429207999361,117.88370616700013
recurring_sud_sea100k_g03.csv,20000,2,8454 19297,6,4,0.9512626262626263,hf,seqdrift2,seqdrift2,uq_entropy,uq_entropy,14.916068917000302,117.88370616700013
recurring_sud_sea100k_g04.csv,20000,1,18553,3,4,0.9524747474747475,hf,seqdrift2,seqdrift2,uq_entropy,uq_entropy,14.511937708000914,117.88370616700013
recurring_sud_sea100k_g05.csv,20000,2,9764 14788,3,3,0.9042929292929293,hf,seqdrift2,seqdrift2,uq_entropy,uq_entropy,9.290660583999852,117.88370616700013
recurring_sud_sea100k_g06.csv,20000,1,12981,4,2,0.9387878787878788,hf,seqdrift2,seqdrift2,uq_entropy,uq_entropy,11.975575874999777,117.88370616700013
recurring_sud_sea100k_g07.csv,20000,2,5095 14736,6,4,0.9511111111111111,hf,seqdrift2,seqdrift2,uq_entropy,uq_entropy,13.36115054199945,117.88370616700013
recurring_sud_sea100k_g08.csv,20000,1,12151,3,4,0.9573737373737373,hf,seqdrift2,seqdrift2,uq_entropy,uq_entropy,9.744877290999284,117.88370616700013
recurring_sud_sea100k_g09.csv,20000,1,7989,6,4,0.9242424242424242,hf,seqdrift2,seqdrift2,uq_entropy,uq_entropy,14.530508833999193,117.88370616700013
